array_job_id;task_id;run_group_id;case_k;case_per_run;case_variants;case_selection;case_p_fail;case_id;case_sweep_row;case_variant_idx;case_edges;case_lines;WS;RP;EEV_nom;EEV_mean;EVPI;VSS_nom;VSS_mean;procedures_present;source;network;scenario_line_data;routing_agg;waiting_time_frequency;gap;time_limit;travel_time_cost_mult;waiting_time_cost_mult;line_operation_cost_mult;cost_repl_freq;cost_repl_line;repl_budget;bypass_multiplier;overdemand_threshold;overdemand_multiplier;num_od;train_capacity;infrastructure_capacity;max_frequency;threads;scenario_infra_id;scenario_prob_id
12428953;0;g_000;1;1;38;line_consecutive;0.05;1000;0;0;11-12;1,7,8;55805.34999999999;56860.90999999957;57296.33499999839;57296.3349999984;1055.5599999995757;435.4249999988242;435.4249999988315;eev,integrated,separated,ws;lintim;SiouxFalls;SiouxFalls;True;False;1e-05;6000;1;2;20;50;200;-5;50;0.75;2;55;50;10;10;16;1000;1000
12428953;1;g_000;1;1;38;line_consecutive;0.05;1001;0;1;10-11;1,7,10;55473.42;56713.88000000002;58023.90499999839;58023.90499703081;1240.460000000021;1310.0249999983716;1310.0249970307923;eev,integrated,separated,ws;lintim;SiouxFalls;SiouxFalls;True;False;1e-05;6000;1;2;20;50;200;-5;50;0.75;2;55;50;10;10;16;1001;1001
12428953;2;g_000;1;1;38;line_consecutive;0.05;1002;0;2;10-16;1,10;53377.605;54149.60500000002;55900.32999999838;55900.32999999839;772.0000000000146;1750.7249999983617;1750.7249999983687;eev,integrated,separated,ws;lintim;SiouxFalls;SiouxFalls;True;False;1e-05;6000;1;2;20;50;200;-5;50;0.75;2;55;50;10;10;16;1002;1002
12428953;3;g_000;1;1;38;line_consecutive;0.05;1003;0;3;16-18;1;52659.84999999999;53324.045000000006;55021.82999999839;55021.82999999839;664.1950000000143;1697.784999998381;1697.784999998381;eev,integrated,separated,ws;lintim;SiouxFalls;SiouxFalls;True;False;1e-05;6000;1;2;20;50;200;-5;50;0.75;2;55;50;10;10;16;1003;1003
12428953;4;g_000;1;1;38;line_consecutive;0.05;1004;0;4;2-6;2;58649.21999999999;60364.61000000001;61235.3099999984;61235.3099999984;1715.3900000000212;870.6999999983891;870.6999999983891;eev,integrated,separated,ws;lintim;SiouxFalls;SiouxFalls;True;False;1e-05;6000;1;2;20;50;200;-5;50;0.75;2;55;50;10;10;16;1004;1004
12428953;5;g_000;1;1;38;line_consecutive;0.05;1005;0;5;6-8;2;57174.70999999999;58215.33000000001;58779.639999998384;58779.63999999839;1040.6200000000172;564.3099999983751;564.3099999983824;eev,integrated,separated,ws;lintim;SiouxFalls;SiouxFalls;True;False;1e-05;6000;1;2;20;50;200;-5;50;0.75;2;55;50;10;10;16;1005;1005
12428953;6;g_000;1;1;38;line_consecutive;0.05;1006;0;6;8-16;2,10,13;57078.68999999999;58362.380000000034;59573.35499999838;58810.01999999999;1283.690000000046;1210.974999998347;447.63999999995576;eev,integrated,separated,ws;lintim;SiouxFalls;SiouxFalls;True;False;1e-05;6000;1;2;20;50;200;-5;50;0.75;2;55;50;10;10;16;1006;1006
12428953;7;g_000;1;1;38;line_consecutive;0.05;1007;0;7;16-17;2,13;56436.240000000005;57344.130000000005;57945.2149999984;57889.19;907.8899999999994;601.0849999983984;545.0599999999977;eev,integrated,separated,ws;lintim;SiouxFalls;SiouxFalls;True;False;1e-05;6000;1;2;20;50;200;-5;50;0.75;2;55;50;10;10;16;1007;1007
12428953;8;g_000;1;1;38;line_consecutive;0.05;1008;0;8;17-19;2,13,14;60308.675;60993.63499999944;61877.76999999839;61414.10544037583;684.9599999994389;884.134999998947;420.4704403763899;eev,integrated,separated,ws;lintim;SiouxFalls;SiouxFalls;True;False;1e-05;6000;1;2;20;50;200;-5;50;0.75;2;55;50;10;10;16;1008;1008
12428953;9;g_000;1;1;38;line_consecutive;0.05;1009;0;9;19-20;2;57520.875;58598.405000000006;59162.71499999838;59162.71499999839;1077.530000000006;564.3099999983751;564.3099999983824;eev,integrated,separated,ws;lintim;SiouxFalls;SiouxFalls;True;False;1e-05;6000;1;2;20;50;200;-5;50;0.75;2;55;50;10;10;16;1009;1009
12428953;10;g_000;1;1;38;line_consecutive;0.05;1010;0;10;3-4;3,4;55065.45999999999;55980.80500000001;57075.83499999839;57075.83499999839;915.3450000000156;1095.0299999983836;1095.0299999983836;eev,integrated,separated,ws;lintim;SiouxFalls;SiouxFalls;True;False;1e-05;6000;1;2;20;50;200;-5;50;0.75;2;55;50;10;10;16;1010;1010
12428953;11;g_000;1;1;38;line_consecutive;0.05;1011;0;11;4-5;3;51140.24;51140.24000002087;51140.23999999839;51140.2399999984;2.0874722395092252e-08;-2.2482709027826783e-08;-2.2475433070212606e-08;eev,integrated,separated,ws;lintim;SiouxFalls;SiouxFalls;True;False;1e-05;6000;1;2;20;50;200;-5;50;0.75;2;55;50;10;10;16;1011;1011
12428953;12;g_000;1;1;38;line_consecutive;0.05;1012;0;12;5-9;3,9;51271.24;51402.240000000005;52420.23999999839;52420.239999998405;131.00000000000728;1017.9999999983849;1017.9999999983992;eev,integrated,separated,ws;lintim;SiouxFalls;SiouxFalls;True;False;1e-05;6000;1;2;20;50;200;-5;50;0.75;2;55;50;10;10;16;1012;1012
12428953;13;g_000;1;1;38;line_consecutive;0.05;1013;0;13;8-9;3,7;51140.240000000005;51140.23999999955;51140.23999999839;51140.23999999839;-4.5838532969355583e-10;-1.1568772606551647e-09;-1.1568772606551647e-09;eev,integrated,separated,ws;lintim;SiouxFalls;SiouxFalls;True;False;1e-05;6000;1;2;20;50;200;-5;50;0.75;2;55;50;10;10;16;1013;1013
12428953;14;g_000;1;1;38;line_consecutive;0.05;1014;0;14;7-8;3,7,11;51140.23999999999;51140.240000000005;51140.23999999839;51140.2399999984;1.4551915228366852e-11;-1.6152625903487206e-09;-1.6079866327345371e-09;eev,integrated,separated,ws;lintim;SiouxFalls;SiouxFalls;True;False;1e-05;6000;1;2;20;50;200;-5;50;0.75;2;55;50;10;10;16;1014;1014
12428953;15;g_000;1;1;38;line_consecutive;0.05;1015;0;15;7-18;3,11;51140.23999999999;51140.24000000001;51140.23999999839;51140.23999999839;2.182787284255028e-11;-1.622538547962904e-09;-1.622538547962904e-09;eev,integrated,separated,ws;lintim;SiouxFalls;SiouxFalls;True;False;1e-05;6000;1;2;20;50;200;-5;50;0.75;2;55;50;10;10;16;1015;1015
12428953;16;g_000;1;1;38;line_consecutive;0.05;1016;0;16;1-3;4,8,12;58391.91000000008;58918.000000000015;59192.72499999839;59192.7249999984;526.089999999931;274.724999998376;274.7249999983833;eev,integrated,separated,ws;lintim;SiouxFalls;SiouxFalls;True;False;1e-05;6000;1;2;20;50;200;-5;50;0.75;2;55;50;10;10;16;1016;1016
12428953;17;g_000;1;1;38;line_consecutive;0.05;1017;0;17;4-11;4;54346.68999999999;55250.21499999997;55779.53499999839;55779.5349999984;903.5249999999796;529.3199999984208;529.3199999984354;eev,integrated,separated,ws;lintim;SiouxFalls;SiouxFalls;True;False;1e-05;6000;1;2;20;50;200;-5;50;0.75;2;55;50;10;10;16;1017;1017
12428953;18;g_000;1;1;38;line_consecutive;0.05;1018;0;18;11-14;4,8,10;55715.62999999999;56294.27999999999;57293.02999999839;57293.0299999984;578.6500000000015;998.7499999983992;998.7499999984066;eev,integrated,separated,ws;lintim;SiouxFalls;SiouxFalls;True;False;1e-05;6000;1;2;20;50;200;-5;50;0.75;2;55;50;10;10;16;1018;1018
12428953;19;g_000;1;1;38;line_consecutive;0.05;1019;0;19;14-23;4,10;54841.905;55396.175;56078.2449999984;56078.2449999984;554.2700000000041;682.069999998399;682.069999998399;eev,integrated,separated,ws;lintim;SiouxFalls;SiouxFalls;True;False;1e-05;6000;1;2;20;50;200;-5;50;0.75;2;55;50;10;10;16;1019;1019
12428953;20;g_000;1;1;38;line_consecutive;0.05;1020;0;20;23-24;4;54286.7;55198.02999992916;55588.29499999839;55588.2949999984;911.329999929163;390.26500006923015;390.26500006923743;eev,integrated,separated,ws;lintim;SiouxFalls;SiouxFalls;True;False;1e-05;6000;1;2;20;50;200;-5;50;0.75;2;55;50;10;10;16;1020;1020
12428953;21;g_000;1;1;38;line_consecutive;0.05;1021;0;21;10-15;5,9;52049.83500000001;52180.835000000014;53427.95499999839;53427.9549999984;131.00000000000728;1247.1199999983728;1247.1199999983874;eev,integrated,separated,ws;lintim;SiouxFalls;SiouxFalls;True;False;1e-05;6000;1;2;20;50;200;-5;50;0.75;2;55;50;10;10;16;1021;1021
12428953;22;g_000;1;1;38;line_consecutive;0.05;1022;0;22;15-22;5,13;53051.31;53051.31000000001;53051.30999999839;53051.3099999984;1.4551915228366852e-11;-1.622538547962904e-09;-1.6152625903487206e-09;eev,integrated,separated,ws;lintim;SiouxFalls;SiouxFalls;True;False;1e-05;6000;1;2;20;50;200;-5;50;0.75;2;55;50;10;10;16;1022;1022
12428953;23;g_000;1;1;38;line_consecutive;0.05;1023;0;23;22-23;5;51792.37999999999;51792.595000000016;51792.59499999839;51792.59499999839;0.2150000000256113;-1.622538547962904e-09;-1.622538547962904e-09;eev,integrated,separated,ws;lintim;SiouxFalls;SiouxFalls;True;False;1e-05;6000;1;2;20;50;200;-5;50;0.75;2;55;50;10;10;16;1023;1023
12428953;24;g_000;1;1;38;line_consecutive;0.05;1024;0;24;13-24;6;53437.67;53966.72;54488.29499999839;54488.2949999984;529.0500000000029;521.5749999983891;521.5749999983964;eev,integrated,separated,ws;lintim;SiouxFalls;SiouxFalls;True;False;1e-05;6000;1;2;20;50;200;-5;50;0.75;2;55;50;10;10;16;1024;1024
12428953;25;g_000;1;1;38;line_consecutive;0.05;1025;0;25;21-24;6;52808.19;53127.14000000001;53497.5899999984;53497.5899999984;318.9500000000044;370.4499999983964;370.4499999983964;eev,integrated,separated,ws;lintim;SiouxFalls;SiouxFalls;True;False;1e-05;6000;1;2;20;50;200;-5;50;0.75;2;55;50;10;10;16;1025;1025
12428953;26;g_000;1;1;38;line_consecutive;0.05;1026;0;26;20-21;6;52734.38999999999;53053.34;53432.83499999839;53432.83499999839;318.9500000000044;379.4949999983946;379.4949999983946;eev,integrated,separated,ws;lintim;SiouxFalls;SiouxFalls;True;False;1e-05;6000;1;2;20;50;200;-5;50;0.75;2;55;50;10;10;16;1026;1026
12428953;27;g_000;1;1;38;line_consecutive;0.05;1027;0;27;9-10;7,9;51773.55;52406.859999992805;52726.58999999839;52726.5899999984;633.3099999928017;319.73000000558386;319.7300000055984;eev,integrated,separated,ws;lintim;SiouxFalls;SiouxFalls;True;False;1e-05;6000;1;2;20;50;200;-5;50;0.75;2;55;50;10;10;16;1027;1027
12428953;28;g_000;1;1;38;line_consecutive;0.05;1028;0;28;3-12;8,12;51140.239999996375;51140.24000000001;51140.23999999839;51140.23999999839;3.637978807091713e-09;-1.622538547962904e-09;-1.622538547962904e-09;eev,integrated,separated,ws;lintim;SiouxFalls;SiouxFalls;True;False;1e-05;6000;1;2;20;50;200;-5;50;0.75;2;55;50;10;10;16;1028;1028
12428953;29;g_000;1;1;38;line_consecutive;0.05;1029;0;29;5-6;9;51271.24;51402.240000000005;52420.23999999839;52420.23999999839;131.00000000000728;1017.9999999983849;1017.9999999983849;eev,integrated,separated,ws;lintim;SiouxFalls;SiouxFalls;True;False;1e-05;6000;1;2;20;50;200;-5;50;0.75;2;55;50;10;10;16;1029;1029
12428953;30;g_000;1;1;38;line_consecutive;0.05;1030;0;30;15-19;9,13,14;51730.34999999999;52320.46000000001;53741.714999998265;53741.714999998265;590.1100000000151;1421.2549999982584;1421.2549999982584;eev,integrated,separated,ws;lintim;SiouxFalls;SiouxFalls;True;False;1e-05;6000;1;2;20;50;200;-5;50;0.75;2;55;50;10;10;16;1030;1030
12428953;31;g_000;1;1;38;line_consecutive;0.05;1031;0;31;20-22;11;51140.23999999999;51140.24000000001;51140.23999998155;51140.23999998155;2.182787284255028e-11;-1.845910446718335e-08;-1.845910446718335e-08;eev,integrated,separated,ws;lintim;SiouxFalls;SiouxFalls;True;False;1e-05;6000;1;2;20;50;200;-5;50;0.75;2;55;50;10;10;16;1031;1031
12428953;32;g_000;1;1;38;line_consecutive;0.05;1032;0;32;18-20;11;51140.24;51140.24000000485;51140.23999998507;51140.23999998508;4.853063728660345e-09;-1.9783328752964732e-08;-1.9768776837736368e-08;eev,integrated,separated,ws;lintim;SiouxFalls;SiouxFalls;True;False;1e-05;6000;1;2;20;50;200;-5;50;0.75;2;55;50;10;10;16;1032;1032
12428953;33;g_000;1;1;38;line_consecutive;0.05;1033;0;33;12-13;12;51140.23999999999;51140.24000000001;51140.23999999839;51140.23999999839;2.182787284255028e-11;-1.622538547962904e-09;-1.622538547962904e-09;eev,integrated,separated,ws;lintim;SiouxFalls;SiouxFalls;True;False;1e-05;6000;1;2;20;50;200;-5;50;0.75;2;55;50;10;10;16;1033;1033
12428953;34;g_000;1;1;38;line_consecutive;0.05;1034;0;34;1-2;12;51140.24;51140.24000000041;51140.23999999839;51140.23999999839;4.147295840084553e-10;-2.0227162167429924e-09;-2.0227162167429924e-09;eev,integrated,separated,ws;lintim;SiouxFalls;SiouxFalls;True;False;1e-05;6000;1;2;20;50;200;-5;50;0.75;2;55;50;10;10;16;1034;1034
12428953;35;g_000;1;1;38;line_consecutive;0.05;1035;0;35;21-22;13;51402.15999999999;51664.08000000001;51710.22499999839;51710.22499999838;261.9200000000201;46.144999998381536;46.14499999837426;eev,integrated,separated,ws;lintim;SiouxFalls;SiouxFalls;True;False;1e-05;6000;1;2;20;50;200;-5;50;0.75;2;55;50;10;10;16;1035;1035
12428953;36;g_000;1;1;38;line_consecutive;0.05;1036;0;36;14-15;14;51307.5;51474.76;51600.3699999984;51600.3699999984;167.26000000000204;125.60999999839989;125.60999999839989;eev,integrated,separated,ws;lintim;SiouxFalls;SiouxFalls;True;False;1e-05;6000;1;2;20;50;200;-5;50;0.75;2;55;50;10;10;16;1036;1036
12428953;37;g_000;1;1;38;line_consecutive;0.05;1037;0;37;10-17;14;51307.5;51474.76;51600.3699999984;51600.3699999984;167.26000000000204;125.60999999839989;125.60999999839989;eev,integrated,separated,ws;lintim;SiouxFalls;SiouxFalls;True;False;1e-05;6000;1;2;20;50;200;-5;50;0.75;2;55;50;10;10;16;1037;1037
12428953;38;g_000;1;1;38;line_consecutive;0.1;1038;1;0;11-12;1,7,8;55805.34999999999;56860.90999999957;57296.33499999839;57296.3349999984;1055.5599999995757;435.4249999988242;435.4249999988315;eev,integrated,separated,ws;lintim;SiouxFalls;SiouxFalls;True;False;1e-05;6000;1;2;20;50;200;-5;50;0.75;2;55;50;10;10;16;1038;1038
12428953;39;g_000;1;1;38;line_consecutive;0.1;1039;1;1;10-11;1,7,10;55473.42;56713.88000000002;58023.90499999839;58023.90499703081;1240.460000000021;1310.0249999983716;1310.0249970307923;eev,integrated,separated,ws;lintim;SiouxFalls;SiouxFalls;True;False;1e-05;6000;1;2;20;50;200;-5;50;0.75;2;55;50;10;10;16;1039;1039
12428953;40;g_000;1;1;38;line_consecutive;0.1;1040;1;2;10-16;1,10;53377.605;54149.60500000002;55900.32999999838;55900.32999999839;772.0000000000146;1750.7249999983617;1750.7249999983687;eev,integrated,separated,ws;lintim;SiouxFalls;SiouxFalls;True;False;1e-05;6000;1;2;20;50;200;-5;50;0.75;2;55;50;10;10;16;1040;1040
12428953;41;g_000;1;1;38;line_consecutive;0.1;1041;1;3;16-18;1;52659.84999999999;53324.045000000006;55021.82999999839;55021.82999999839;664.1950000000143;1697.784999998381;1697.784999998381;eev,integrated,separated,ws;lintim;SiouxFalls;SiouxFalls;True;False;1e-05;6000;1;2;20;50;200;-5;50;0.75;2;55;50;10;10;16;1041;1041
12428953;42;g_000;1;1;38;line_consecutive;0.1;1042;1;4;2-6;2;58649.21999999999;60364.61000000001;61235.3099999984;61235.3099999984;1715.3900000000212;870.6999999983891;870.6999999983891;eev,integrated,separated,ws;lintim;SiouxFalls;SiouxFalls;True;False;1e-05;6000;1;2;20;50;200;-5;50;0.75;2;55;50;10;10;16;1042;1042
12428953;43;g_000;1;1;38;line_consecutive;0.1;1043;1;5;6-8;2;57174.70999999999;58215.33000000001;58779.639999998384;58779.63999999839;1040.6200000000172;564.3099999983751;564.3099999983824;eev,integrated,separated,ws;lintim;SiouxFalls;SiouxFalls;True;False;1e-05;6000;1;2;20;50;200;-5;50;0.75;2;55;50;10;10;16;1043;1043
12428953;44;g_000;1;1;38;line_consecutive;0.1;1044;1;6;8-16;2,10,13;57078.68999999999;58362.380000000034;59573.35499999838;58810.01999999999;1283.690000000046;1210.974999998347;447.63999999995576;eev,integrated,separated,ws;lintim;SiouxFalls;SiouxFalls;True;False;1e-05;6000;1;2;20;50;200;-5;50;0.75;2;55;50;10;10;16;1044;1044
12428953;45;g_000;1;1;38;line_consecutive;0.1;1045;1;7;16-17;2,13;56436.240000000005;57344.130000000005;57945.2149999984;57889.19;907.8899999999994;601.0849999983984;545.0599999999977;eev,integrated,separated,ws;lintim;SiouxFalls;SiouxFalls;True;False;1e-05;6000;1;2;20;50;200;-5;50;0.75;2;55;50;10;10;16;1045;1045
12428953;46;g_000;1;1;38;line_consecutive;0.1;1046;1;8;17-19;2,13,14;60308.675;60993.63499999944;61877.76999999839;61414.10544037583;684.9599999994389;884.134999998947;420.4704403763899;eev,integrated,separated,ws;lintim;SiouxFalls;SiouxFalls;True;False;1e-05;6000;1;2;20;50;200;-5;50;0.75;2;55;50;10;10;16;1046;1046
12428953;47;g_000;1;1;38;line_consecutive;0.1;1047;1;9;19-20;2;57520.875;58598.405000000006;59162.71499999838;59162.71499999839;1077.530000000006;564.3099999983751;564.3099999983824;eev,integrated,separated,ws;lintim;SiouxFalls;SiouxFalls;True;False;1e-05;6000;1;2;20;50;200;-5;50;0.75;2;55;50;10;10;16;1047;1047
12428953;48;g_000;1;1;38;line_consecutive;0.1;1048;1;10;3-4;3,4;55065.45999999999;55980.80500000001;57075.83499999839;57075.83499999839;915.3450000000156;1095.0299999983836;1095.0299999983836;eev,integrated,separated,ws;lintim;SiouxFalls;SiouxFalls;True;False;1e-05;6000;1;2;20;50;200;-5;50;0.75;2;55;50;10;10;16;1048;1048
12428953;49;g_000;1;1;38;line_consecutive;0.1;1049;1;11;4-5;3;51140.24;51140.24000002087;51140.23999999839;51140.2399999984;2.0874722395092252e-08;-2.2482709027826783e-08;-2.2475433070212606e-08;eev,integrated,separated,ws;lintim;SiouxFalls;SiouxFalls;True;False;1e-05;6000;1;2;20;50;200;-5;50;0.75;2;55;50;10;10;16;1049;1049
12428953;50;g_000;1;1;38;line_consecutive;0.1;1050;1;12;5-9;3,9;51271.24;51402.240000000005;52420.23999999839;52420.239999998405;131.00000000000728;1017.9999999983849;1017.9999999983992;eev,integrated,separated,ws;lintim;SiouxFalls;SiouxFalls;True;False;1e-05;6000;1;2;20;50;200;-5;50;0.75;2;55;50;10;10;16;1050;1050
12428953;51;g_000;1;1;38;line_consecutive;0.1;1051;1;13;8-9;3,7;51140.240000000005;51140.23999999955;51140.23999999839;51140.23999999839;-4.5838532969355583e-10;-1.1568772606551647e-09;-1.1568772606551647e-09;eev,integrated,separated,ws;lintim;SiouxFalls;SiouxFalls;True;False;1e-05;6000;1;2;20;50;200;-5;50;0.75;2;55;50;10;10;16;1051;1051
12428953;52;g_000;1;1;38;line_consecutive;0.1;1052;1;14;7-8;3,7,11;51140.23999999999;51140.240000000005;51140.23999999839;51140.2399999984;1.4551915228366852e-11;-1.6152625903487206e-09;-1.6079866327345371e-09;eev,integrated,separated,ws;lintim;SiouxFalls;SiouxFalls;True;False;1e-05;6000;1;2;20;50;200;-5;50;0.75;2;55;50;10;10;16;1052;1052
12428953;53;g_000;1;1;38;line_consecutive;0.1;1053;1;15;7-18;3,11;51140.23999999999;51140.24000000001;51140.23999999839;51140.23999999839;2.182787284255028e-11;-1.622538547962904e-09;-1.622538547962904e-09;eev,integrated,separated,ws;lintim;SiouxFalls;SiouxFalls;True;False;1e-05;6000;1;2;20;50;200;-5;50;0.75;2;55;50;10;10;16;1053;1053
12428953;54;g_000;1;1;38;line_consecutive;0.1;1054;1;16;1-3;4,8,12;58391.91000000008;58918.000000000015;59192.72499999839;59192.7249999984;526.089999999931;274.724999998376;274.7249999983833;eev,integrated,separated,ws;lintim;SiouxFalls;SiouxFalls;True;False;1e-05;6000;1;2;20;50;200;-5;50;0.75;2;55;50;10;10;16;1054;1054
12428953;55;g_000;1;1;38;line_consecutive;0.1;1055;1;17;4-11;4;54346.68999999999;55250.21499999997;55779.53499999839;55779.5349999984;903.5249999999796;529.3199999984208;529.3199999984354;eev,integrated,separated,ws;lintim;SiouxFalls;SiouxFalls;True;False;1e-05;6000;1;2;20;50;200;-5;50;0.75;2;55;50;10;10;16;1055;1055
12428953;56;g_000;1;1;38;line_consecutive;0.1;1056;1;18;11-14;4,8,10;55715.62999999999;56294.27999999999;57293.02999999839;57293.0299999984;578.6500000000015;998.7499999983992;998.7499999984066;eev,integrated,separated,ws;lintim;SiouxFalls;SiouxFalls;True;False;1e-05;6000;1;2;20;50;200;-5;50;0.75;2;55;50;10;10;16;1056;1056
12428953;57;g_000;1;1;38;line_consecutive;0.1;1057;1;19;14-23;4,10;54841.905;55396.175;56078.2449999984;56078.2449999984;554.2700000000041;682.069999998399;682.069999998399;eev,integrated,separated,ws;lintim;SiouxFalls;SiouxFalls;True;False;1e-05;6000;1;2;20;50;200;-5;50;0.75;2;55;50;10;10;16;1057;1057
12428953;58;g_000;1;1;38;line_consecutive;0.1;1058;1;20;23-24;4;54286.7;55198.02999992916;55588.29499999839;55588.2949999984;911.329999929163;390.26500006923015;390.26500006923743;eev,integrated,separated,ws;lintim;SiouxFalls;SiouxFalls;True;False;1e-05;6000;1;2;20;50;200;-5;50;0.75;2;55;50;10;10;16;1058;1058
12428953;59;g_000;1;1;38;line_consecutive;0.1;1059;1;21;10-15;5,9;52049.83500000001;52180.835000000014;53427.95499999839;53427.9549999984;131.00000000000728;1247.1199999983728;1247.1199999983874;eev,integrated,separated,ws;lintim;SiouxFalls;SiouxFalls;True;False;1e-05;6000;1;2;20;50;200;-5;50;0.75;2;55;50;10;10;16;1059;1059
12428953;60;g_000;1;1;38;line_consecutive;0.1;1060;1;22;15-22;5,13;53051.31;53051.31000000001;53051.30999999839;53051.3099999984;1.4551915228366852e-11;-1.622538547962904e-09;-1.6152625903487206e-09;eev,integrated,separated,ws;lintim;SiouxFalls;SiouxFalls;True;False;1e-05;6000;1;2;20;50;200;-5;50;0.75;2;55;50;10;10;16;1060;1060
12428953;61;g_000;1;1;38;line_consecutive;0.1;1061;1;23;22-23;5;51792.37999999999;51792.595000000016;51792.59499999839;51792.59499999839;0.2150000000256113;-1.622538547962904e-09;-1.622538547962904e-09;eev,integrated,separated,ws;lintim;SiouxFalls;SiouxFalls;True;False;1e-05;6000;1;2;20;50;200;-5;50;0.75;2;55;50;10;10;16;1061;1061
12428953;62;g_000;1;1;38;line_consecutive;0.1;1062;1;24;13-24;6;53437.67;53966.72;54488.29499999839;54488.2949999984;529.0500000000029;521.5749999983891;521.5749999983964;eev,integrated,separated,ws;lintim;SiouxFalls;SiouxFalls;True;False;1e-05;6000;1;2;20;50;200;-5;50;0.75;2;55;50;10;10;16;1062;1062
12428953;63;g_000;1;1;38;line_consecutive;0.1;1063;1;25;21-24;6;52808.19;53127.14000000001;53497.5899999984;53497.5899999984;318.9500000000044;370.4499999983964;370.4499999983964;eev,integrated,separated,ws;lintim;SiouxFalls;SiouxFalls;True;False;1e-05;6000;1;2;20;50;200;-5;50;0.75;2;55;50;10;10;16;1063;1063
12428953;64;g_000;1;1;38;line_consecutive;0.1;1064;1;26;20-21;6;52734.38999999999;53053.34;53432.83499999839;53432.83499999839;318.9500000000044;379.4949999983946;379.4949999983946;eev,integrated,separated,ws;lintim;SiouxFalls;SiouxFalls;True;False;1e-05;6000;1;2;20;50;200;-5;50;0.75;2;55;50;10;10;16;1064;1064
12428953;65;g_000;1;1;38;line_consecutive;0.1;1065;1;27;9-10;7,9;51773.55;52406.859999992805;52726.58999999839;52726.5899999984;633.3099999928017;319.73000000558386;319.7300000055984;eev,integrated,separated,ws;lintim;SiouxFalls;SiouxFalls;True;False;1e-05;6000;1;2;20;50;200;-5;50;0.75;2;55;50;10;10;16;1065;1065
12428953;66;g_000;1;1;38;line_consecutive;0.1;1066;1;28;3-12;8,12;51140.239999996375;51140.24000000001;51140.23999999839;51140.23999999839;3.637978807091713e-09;-1.622538547962904e-09;-1.622538547962904e-09;eev,integrated,separated,ws;lintim;SiouxFalls;SiouxFalls;True;False;1e-05;6000;1;2;20;50;200;-5;50;0.75;2;55;50;10;10;16;1066;1066
12428953;67;g_000;1;1;38;line_consecutive;0.1;1067;1;29;5-6;9;51271.24;51402.240000000005;52420.23999999839;52420.23999999839;131.00000000000728;1017.9999999983849;1017.9999999983849;eev,integrated,separated,ws;lintim;SiouxFalls;SiouxFalls;True;False;1e-05;6000;1;2;20;50;200;-5;50;0.75;2;55;50;10;10;16;1067;1067
12428953;68;g_000;1;1;38;line_consecutive;0.1;1068;1;30;15-19;9,13,14;51730.34999999999;52320.46000000001;53741.714999998265;53741.714999998265;590.1100000000151;1421.2549999982584;1421.2549999982584;eev,integrated,separated,ws;lintim;SiouxFalls;SiouxFalls;True;False;1e-05;6000;1;2;20;50;200;-5;50;0.75;2;55;50;10;10;16;1068;1068
12428953;69;g_000;1;1;38;line_consecutive;0.1;1069;1;31;20-22;11;51140.23999999999;51140.24000000001;51140.23999998155;51140.23999998155;2.182787284255028e-11;-1.845910446718335e-08;-1.845910446718335e-08;eev,integrated,separated,ws;lintim;SiouxFalls;SiouxFalls;True;False;1e-05;6000;1;2;20;50;200;-5;50;0.75;2;55;50;10;10;16;1069;1069
12428953;70;g_000;1;1;38;line_consecutive;0.1;1070;1;32;18-20;11;51140.24;51140.24000000485;51140.23999998507;51140.23999998508;4.853063728660345e-09;-1.9783328752964732e-08;-1.9768776837736368e-08;eev,integrated,separated,ws;lintim;SiouxFalls;SiouxFalls;True;False;1e-05;6000;1;2;20;50;200;-5;50;0.75;2;55;50;10;10;16;1070;1070
12428953;71;g_000;1;1;38;line_consecutive;0.1;1071;1;33;12-13;12;51140.23999999999;51140.24000000001;51140.23999999839;51140.23999999839;2.182787284255028e-11;-1.622538547962904e-09;-1.622538547962904e-09;eev,integrated,separated,ws;lintim;SiouxFalls;SiouxFalls;True;False;1e-05;6000;1;2;20;50;200;-5;50;0.75;2;55;50;10;10;16;1071;1071
12428953;72;g_000;1;1;38;line_consecutive;0.1;1072;1;34;1-2;12;51140.24;51140.24000000041;51140.23999999839;51140.23999999839;4.147295840084553e-10;-2.0227162167429924e-09;-2.0227162167429924e-09;eev,integrated,separated,ws;lintim;SiouxFalls;SiouxFalls;True;False;1e-05;6000;1;2;20;50;200;-5;50;0.75;2;55;50;10;10;16;1072;1072
12428953;73;g_000;1;1;38;line_consecutive;0.1;1073;1;35;21-22;13;51402.15999999999;51664.08000000001;51710.22499999839;51710.22499999838;261.9200000000201;46.144999998381536;46.14499999837426;eev,integrated,separated,ws;lintim;SiouxFalls;SiouxFalls;True;False;1e-05;6000;1;2;20;50;200;-5;50;0.75;2;55;50;10;10;16;1073;1073
12428953;74;g_000;1;1;38;line_consecutive;0.1;1074;1;36;14-15;14;51307.5;51474.76;51600.3699999984;51600.3699999984;167.26000000000204;125.60999999839989;125.60999999839989;eev,integrated,separated,ws;lintim;SiouxFalls;SiouxFalls;True;False;1e-05;6000;1;2;20;50;200;-5;50;0.75;2;55;50;10;10;16;1074;1074
12428953;75;g_000;1;1;38;line_consecutive;0.1;1075;1;37;10-17;14;51307.5;51474.76;51600.3699999984;51600.3699999984;167.26000000000204;125.60999999839989;125.60999999839989;eev,integrated,separated,ws;lintim;SiouxFalls;SiouxFalls;True;False;1e-05;6000;1;2;20;50;200;-5;50;0.75;2;55;50;10;10;16;1075;1075
12428953;76;g_000;1;1;38;line_consecutive;0.2;1076;2;0;11-12;1,7,8;55805.34999999999;56860.90999999957;57296.33499999839;57296.3349999984;1055.5599999995757;435.4249999988242;435.4249999988315;eev,integrated,separated,ws;lintim;SiouxFalls;SiouxFalls;True;False;1e-05;6000;1;2;20;50;200;-5;50;0.75;2;55;50;10;10;16;1076;1076
12428953;77;g_000;1;1;38;line_consecutive;0.2;1077;2;1;10-11;1,7,10;55473.42;56713.88000000002;58023.90499999839;58023.90499703081;1240.460000000021;1310.0249999983716;1310.0249970307923;eev,integrated,separated,ws;lintim;SiouxFalls;SiouxFalls;True;False;1e-05;6000;1;2;20;50;200;-5;50;0.75;2;55;50;10;10;16;1077;1077
12428953;78;g_000;1;1;38;line_consecutive;0.2;1078;2;2;10-16;1,10;53377.605;54149.60500000002;55900.32999999838;55900.32999999839;772.0000000000146;1750.7249999983617;1750.7249999983687;eev,integrated,separated,ws;lintim;SiouxFalls;SiouxFalls;True;False;1e-05;6000;1;2;20;50;200;-5;50;0.75;2;55;50;10;10;16;1078;1078
12428953;79;g_000;1;1;38;line_consecutive;0.2;1079;2;3;16-18;1;52659.84999999999;53324.045000000006;55021.82999999839;55021.82999999839;664.1950000000143;1697.784999998381;1697.784999998381;eev,integrated,separated,ws;lintim;SiouxFalls;SiouxFalls;True;False;1e-05;6000;1;2;20;50;200;-5;50;0.75;2;55;50;10;10;16;1079;1079
12428953;80;g_000;1;1;38;line_consecutive;0.2;1080;2;4;2-6;2;58649.21999999999;60364.61000000001;61235.3099999984;61235.3099999984;1715.3900000000212;870.6999999983891;870.6999999983891;eev,integrated,separated,ws;lintim;SiouxFalls;SiouxFalls;True;False;1e-05;6000;1;2;20;50;200;-5;50;0.75;2;55;50;10;10;16;1080;1080
12428953;81;g_000;1;1;38;line_consecutive;0.2;1081;2;5;6-8;2;57174.70999999999;58215.33000000001;58779.639999998384;58779.63999999839;1040.6200000000172;564.3099999983751;564.3099999983824;eev,integrated,separated,ws;lintim;SiouxFalls;SiouxFalls;True;False;1e-05;6000;1;2;20;50;200;-5;50;0.75;2;55;50;10;10;16;1081;1081
12428953;82;g_000;1;1;38;line_consecutive;0.2;1082;2;6;8-16;2,10,13;57078.68999999999;58362.380000000034;59573.35499999838;58810.01999999999;1283.690000000046;1210.974999998347;447.63999999995576;eev,integrated,separated,ws;lintim;SiouxFalls;SiouxFalls;True;False;1e-05;6000;1;2;20;50;200;-5;50;0.75;2;55;50;10;10;16;1082;1082
12428953;83;g_000;1;1;38;line_consecutive;0.2;1083;2;7;16-17;2,13;56436.240000000005;57344.130000000005;57945.2149999984;57889.19;907.8899999999994;601.0849999983984;545.0599999999977;eev,integrated,separated,ws;lintim;SiouxFalls;SiouxFalls;True;False;1e-05;6000;1;2;20;50;200;-5;50;0.75;2;55;50;10;10;16;1083;1083
12428953;84;g_000;1;1;38;line_consecutive;0.2;1084;2;8;17-19;2,13,14;60308.675;60993.63499999944;61877.76999999839;61414.10544037583;684.9599999994389;884.134999998947;420.4704403763899;eev,integrated,separated,ws;lintim;SiouxFalls;SiouxFalls;True;False;1e-05;6000;1;2;20;50;200;-5;50;0.75;2;55;50;10;10;16;1084;1084
12428953;85;g_000;1;1;38;line_consecutive;0.2;1085;2;9;19-20;2;57520.875;58598.405000000006;59162.71499999838;59162.71499999839;1077.530000000006;564.3099999983751;564.3099999983824;eev,integrated,separated,ws;lintim;SiouxFalls;SiouxFalls;True;False;1e-05;6000;1;2;20;50;200;-5;50;0.75;2;55;50;10;10;16;1085;1085
12428953;86;g_000;1;1;38;line_consecutive;0.2;1086;2;10;3-4;3,4;55065.45999999999;55980.80500000001;57075.83499999839;57075.83499999839;915.3450000000156;1095.0299999983836;1095.0299999983836;eev,integrated,separated,ws;lintim;SiouxFalls;SiouxFalls;True;False;1e-05;6000;1;2;20;50;200;-5;50;0.75;2;55;50;10;10;16;1086;1086
12428953;87;g_000;1;1;38;line_consecutive;0.2;1087;2;11;4-5;3;51140.24;51140.24000002087;51140.23999999839;51140.2399999984;2.0874722395092252e-08;-2.2482709027826783e-08;-2.2475433070212606e-08;eev,integrated,separated,ws;lintim;SiouxFalls;SiouxFalls;True;False;1e-05;6000;1;2;20;50;200;-5;50;0.75;2;55;50;10;10;16;1087;1087
12428953;88;g_000;1;1;38;line_consecutive;0.2;1088;2;12;5-9;3,9;51271.24;51402.240000000005;52420.23999999839;52420.239999998405;131.00000000000728;1017.9999999983849;1017.9999999983992;eev,integrated,separated,ws;lintim;SiouxFalls;SiouxFalls;True;False;1e-05;6000;1;2;20;50;200;-5;50;0.75;2;55;50;10;10;16;1088;1088
12428953;89;g_000;1;1;38;line_consecutive;0.2;1089;2;13;8-9;3,7;51140.240000000005;51140.23999999955;51140.23999999839;51140.23999999839;-4.5838532969355583e-10;-1.1568772606551647e-09;-1.1568772606551647e-09;eev,integrated,separated,ws;lintim;SiouxFalls;SiouxFalls;True;False;1e-05;6000;1;2;20;50;200;-5;50;0.75;2;55;50;10;10;16;1089;1089
12428953;90;g_000;1;1;38;line_consecutive;0.2;1090;2;14;7-8;3,7,11;51140.23999999999;51140.240000000005;51140.23999999839;51140.2399999984;1.4551915228366852e-11;-1.6152625903487206e-09;-1.6079866327345371e-09;eev,integrated,separated,ws;lintim;SiouxFalls;SiouxFalls;True;False;1e-05;6000;1;2;20;50;200;-5;50;0.75;2;55;50;10;10;16;1090;1090
12428953;91;g_000;1;1;38;line_consecutive;0.2;1091;2;15;7-18;3,11;51140.23999999999;51140.24000000001;51140.23999999839;51140.23999999839;2.182787284255028e-11;-1.622538547962904e-09;-1.622538547962904e-09;eev,integrated,separated,ws;lintim;SiouxFalls;SiouxFalls;True;False;1e-05;6000;1;2;20;50;200;-5;50;0.75;2;55;50;10;10;16;1091;1091
12428953;92;g_000;1;1;38;line_consecutive;0.2;1092;2;16;1-3;4,8,12;58391.91000000008;58918.000000000015;59192.72499999839;59192.7249999984;526.089999999931;274.724999998376;274.7249999983833;eev,integrated,separated,ws;lintim;SiouxFalls;SiouxFalls;True;False;1e-05;6000;1;2;20;50;200;-5;50;0.75;2;55;50;10;10;16;1092;1092
12428953;93;g_000;1;1;38;line_consecutive;0.2;1093;2;17;4-11;4;54346.68999999999;55250.21499999997;55779.53499999839;55779.5349999984;903.5249999999796;529.3199999984208;529.3199999984354;eev,integrated,separated,ws;lintim;SiouxFalls;SiouxFalls;True;False;1e-05;6000;1;2;20;50;200;-5;50;0.75;2;55;50;10;10;16;1093;1093
12428953;94;g_000;1;1;38;line_consecutive;0.2;1094;2;18;11-14;4,8,10;55715.62999999999;56294.27999999999;57293.02999999839;57293.0299999984;578.6500000000015;998.7499999983992;998.7499999984066;eev,integrated,separated,ws;lintim;SiouxFalls;SiouxFalls;True;False;1e-05;6000;1;2;20;50;200;-5;50;0.75;2;55;50;10;10;16;1094;1094
12428953;95;g_000;1;1;38;line_consecutive;0.2;1095;2;19;14-23;4,10;54841.905;55396.175;56078.2449999984;56078.2449999984;554.2700000000041;682.069999998399;682.069999998399;eev,integrated,separated,ws;lintim;SiouxFalls;SiouxFalls;True;False;1e-05;6000;1;2;20;50;200;-5;50;0.75;2;55;50;10;10;16;1095;1095
12428953;96;g_000;1;1;38;line_consecutive;0.2;1096;2;20;23-24;4;54286.7;55198.02999992916;55588.29499999839;55588.2949999984;911.329999929163;390.26500006923015;390.26500006923743;eev,integrated,separated,ws;lintim;SiouxFalls;SiouxFalls;True;False;1e-05;6000;1;2;20;50;200;-5;50;0.75;2;55;50;10;10;16;1096;1096
12428953;97;g_000;1;1;38;line_consecutive;0.2;1097;2;21;10-15;5,9;52049.83500000001;52180.835000000014;53427.95499999839;53427.9549999984;131.00000000000728;1247.1199999983728;1247.1199999983874;eev,integrated,separated,ws;lintim;SiouxFalls;SiouxFalls;True;False;1e-05;6000;1;2;20;50;200;-5;50;0.75;2;55;50;10;10;16;1097;1097
12428953;98;g_000;1;1;38;line_consecutive;0.2;1098;2;22;15-22;5,13;53051.31;53051.31000000001;53051.30999999839;53051.3099999984;1.4551915228366852e-11;-1.622538547962904e-09;-1.6152625903487206e-09;eev,integrated,separated,ws;lintim;SiouxFalls;SiouxFalls;True;False;1e-05;6000;1;2;20;50;200;-5;50;0.75;2;55;50;10;10;16;1098;1098
12428953;99;g_000;1;1;38;line_consecutive;0.2;1099;2;23;22-23;5;51792.37999999999;51792.595000000016;51792.59499999839;51792.59499999839;0.2150000000256113;-1.622538547962904e-09;-1.622538547962904e-09;eev,integrated,separated,ws;lintim;SiouxFalls;SiouxFalls;True;False;1e-05;6000;1;2;20;50;200;-5;50;0.75;2;55;50;10;10;16;1099;1099
12428953;100;g_000;1;1;38;line_consecutive;0.2;1100;2;24;13-24;6;53437.67;53966.72;54488.29499999839;54488.2949999984;529.0500000000029;521.5749999983891;521.5749999983964;eev,integrated,separated,ws;lintim;SiouxFalls;SiouxFalls;True;False;1e-05;6000;1;2;20;50;200;-5;50;0.75;2;55;50;10;10;16;1100;1100
12428953;101;g_000;1;1;38;line_consecutive;0.2;1101;2;25;21-24;6;52808.19;53127.14000000001;53497.5899999984;53497.5899999984;318.9500000000044;370.4499999983964;370.4499999983964;eev,integrated,separated,ws;lintim;SiouxFalls;SiouxFalls;True;False;1e-05;6000;1;2;20;50;200;-5;50;0.75;2;55;50;10;10;16;1101;1101
12428953;102;g_000;1;1;38;line_consecutive;0.2;1102;2;26;20-21;6;52734.38999999999;53053.34;53432.83499999839;53432.83499999839;318.9500000000044;379.4949999983946;379.4949999983946;eev,integrated,separated,ws;lintim;SiouxFalls;SiouxFalls;True;False;1e-05;6000;1;2;20;50;200;-5;50;0.75;2;55;50;10;10;16;1102;1102
12428953;103;g_000;1;1;38;line_consecutive;0.2;1103;2;27;9-10;7,9;51773.55;52406.859999992805;52726.58999999839;52726.5899999984;633.3099999928017;319.73000000558386;319.7300000055984;eev,integrated,separated,ws;lintim;SiouxFalls;SiouxFalls;True;False;1e-05;6000;1;2;20;50;200;-5;50;0.75;2;55;50;10;10;16;1103;1103
12428953;104;g_000;1;1;38;line_consecutive;0.2;1104;2;28;3-12;8,12;51140.239999996375;51140.24000000001;51140.23999999839;51140.23999999839;3.637978807091713e-09;-1.622538547962904e-09;-1.622538547962904e-09;eev,integrated,separated,ws;lintim;SiouxFalls;SiouxFalls;True;False;1e-05;6000;1;2;20;50;200;-5;50;0.75;2;55;50;10;10;16;1104;1104
12428953;105;g_000;1;1;38;line_consecutive;0.2;1105;2;29;5-6;9;51271.24;51402.240000000005;52420.23999999839;52420.23999999839;131.00000000000728;1017.9999999983849;1017.9999999983849;eev,integrated,separated,ws;lintim;SiouxFalls;SiouxFalls;True;False;1e-05;6000;1;2;20;50;200;-5;50;0.75;2;55;50;10;10;16;1105;1105
12428953;106;g_000;1;1;38;line_consecutive;0.2;1106;2;30;15-19;9,13,14;51730.34999999999;52320.46000000001;53741.714999998265;53741.714999998265;590.1100000000151;1421.2549999982584;1421.2549999982584;eev,integrated,separated,ws;lintim;SiouxFalls;SiouxFalls;True;False;1e-05;6000;1;2;20;50;200;-5;50;0.75;2;55;50;10;10;16;1106;1106
12428953;107;g_000;1;1;38;line_consecutive;0.2;1107;2;31;20-22;11;51140.23999999999;51140.24000000001;51140.23999998155;51140.23999998155;2.182787284255028e-11;-1.845910446718335e-08;-1.845910446718335e-08;eev,integrated,separated,ws;lintim;SiouxFalls;SiouxFalls;True;False;1e-05;6000;1;2;20;50;200;-5;50;0.75;2;55;50;10;10;16;1107;1107
12428953;108;g_000;1;1;38;line_consecutive;0.2;1108;2;32;18-20;11;51140.24;51140.24000000485;51140.23999998507;51140.23999998508;4.853063728660345e-09;-1.9783328752964732e-08;-1.9768776837736368e-08;eev,integrated,separated,ws;lintim;SiouxFalls;SiouxFalls;True;False;1e-05;6000;1;2;20;50;200;-5;50;0.75;2;55;50;10;10;16;1108;1108
12428953;109;g_000;1;1;38;line_consecutive;0.2;1109;2;33;12-13;12;51140.23999999999;51140.24000000001;51140.23999999839;51140.23999999839;2.182787284255028e-11;-1.622538547962904e-09;-1.622538547962904e-09;eev,integrated,separated,ws;lintim;SiouxFalls;SiouxFalls;True;False;1e-05;6000;1;2;20;50;200;-5;50;0.75;2;55;50;10;10;16;1109;1109
12428953;110;g_000;1;1;38;line_consecutive;0.2;1110;2;34;1-2;12;51140.24;51140.24000000041;51140.23999999839;51140.23999999839;4.147295840084553e-10;-2.0227162167429924e-09;-2.0227162167429924e-09;eev,integrated,separated,ws;lintim;SiouxFalls;SiouxFalls;True;False;1e-05;6000;1;2;20;50;200;-5;50;0.75;2;55;50;10;10;16;1110;1110
12428953;111;g_000;1;1;38;line_consecutive;0.2;1111;2;35;21-22;13;51402.15999999999;51664.08000000001;51710.22499999839;51710.22499999838;261.9200000000201;46.144999998381536;46.14499999837426;eev,integrated,separated,ws;lintim;SiouxFalls;SiouxFalls;True;False;1e-05;6000;1;2;20;50;200;-5;50;0.75;2;55;50;10;10;16;1111;1111
12428953;112;g_000;1;1;38;line_consecutive;0.2;1112;2;36;14-15;14;51307.5;51474.76;51600.3699999984;51600.3699999984;167.26000000000204;125.60999999839989;125.60999999839989;eev,integrated,separated,ws;lintim;SiouxFalls;SiouxFalls;True;False;1e-05;6000;1;2;20;50;200;-5;50;0.75;2;55;50;10;10;16;1112;1112
12428953;113;g_000;1;1;38;line_consecutive;0.2;1113;2;37;10-17;14;51307.5;51474.76;51600.3699999984;51600.3699999984;167.26000000000204;125.60999999839989;125.60999999839989;eev,integrated,separated,ws;lintim;SiouxFalls;SiouxFalls;True;False;1e-05;6000;1;2;20;50;200;-5;50;0.75;2;55;50;10;10;16;1113;1113
12428953;114;g_000;1;1;38;line_consecutive;0.3;1114;3;0;11-12;1,7,8;55805.34999999999;56860.90999999957;57296.33499999839;57296.3349999984;1055.5599999995757;435.4249999988242;435.4249999988315;eev,integrated,separated,ws;lintim;SiouxFalls;SiouxFalls;True;False;1e-05;6000;1;2;20;50;200;-5;50;0.75;2;55;50;10;10;16;1114;1114
12428953;115;g_000;1;1;38;line_consecutive;0.3;1115;3;1;10-11;1,7,10;55473.42;56713.88000000002;58023.90499999839;58023.90499703081;1240.460000000021;1310.0249999983716;1310.0249970307923;eev,integrated,separated,ws;lintim;SiouxFalls;SiouxFalls;True;False;1e-05;6000;1;2;20;50;200;-5;50;0.75;2;55;50;10;10;16;1115;1115
12428953;116;g_000;1;1;38;line_consecutive;0.3;1116;3;2;10-16;1,10;53377.605;54149.60500000002;55900.32999999838;55900.32999999839;772.0000000000146;1750.7249999983617;1750.7249999983687;eev,integrated,separated,ws;lintim;SiouxFalls;SiouxFalls;True;False;1e-05;6000;1;2;20;50;200;-5;50;0.75;2;55;50;10;10;16;1116;1116
12428953;117;g_000;1;1;38;line_consecutive;0.3;1117;3;3;16-18;1;52659.84999999999;53324.045000000006;55021.82999999839;55021.82999999839;664.1950000000143;1697.784999998381;1697.784999998381;eev,integrated,separated,ws;lintim;SiouxFalls;SiouxFalls;True;False;1e-05;6000;1;2;20;50;200;-5;50;0.75;2;55;50;10;10;16;1117;1117
12428953;118;g_000;1;1;38;line_consecutive;0.3;1118;3;4;2-6;2;58649.21999999999;60364.61000000001;61235.3099999984;61235.3099999984;1715.3900000000212;870.6999999983891;870.6999999983891;eev,integrated,separated,ws;lintim;SiouxFalls;SiouxFalls;True;False;1e-05;6000;1;2;20;50;200;-5;50;0.75;2;55;50;10;10;16;1118;1118
12428953;119;g_000;1;1;38;line_consecutive;0.3;1119;3;5;6-8;2;57174.70999999999;58215.33000000001;58779.639999998384;58779.63999999839;1040.6200000000172;564.3099999983751;564.3099999983824;eev,integrated,separated,ws;lintim;SiouxFalls;SiouxFalls;True;False;1e-05;6000;1;2;20;50;200;-5;50;0.75;2;55;50;10;10;16;1119;1119
12428953;120;g_000;1;1;38;line_consecutive;0.3;1120;3;6;8-16;2,10,13;57078.68999999999;58362.380000000034;59573.35499999838;58810.01999999999;1283.690000000046;1210.974999998347;447.63999999995576;eev,integrated,separated,ws;lintim;SiouxFalls;SiouxFalls;True;False;1e-05;6000;1;2;20;50;200;-5;50;0.75;2;55;50;10;10;16;1120;1120
12428953;121;g_000;1;1;38;line_consecutive;0.3;1121;3;7;16-17;2,13;56436.240000000005;57344.130000000005;57945.2149999984;57889.19;907.8899999999994;601.0849999983984;545.0599999999977;eev,integrated,separated,ws;lintim;SiouxFalls;SiouxFalls;True;False;1e-05;6000;1;2;20;50;200;-5;50;0.75;2;55;50;10;10;16;1121;1121
12428953;122;g_000;1;1;38;line_consecutive;0.3;1122;3;8;17-19;2,13,14;60308.675;60993.63499999944;61877.76999999839;61414.10544037583;684.9599999994389;884.134999998947;420.4704403763899;eev,integrated,separated,ws;lintim;SiouxFalls;SiouxFalls;True;False;1e-05;6000;1;2;20;50;200;-5;50;0.75;2;55;50;10;10;16;1122;1122
12428953;123;g_000;1;1;38;line_consecutive;0.3;1123;3;9;19-20;2;57520.875;58598.405000000006;59162.71499999838;59162.71499999839;1077.530000000006;564.3099999983751;564.3099999983824;eev,integrated,separated,ws;lintim;SiouxFalls;SiouxFalls;True;False;1e-05;6000;1;2;20;50;200;-5;50;0.75;2;55;50;10;10;16;1123;1123
12428953;124;g_000;1;1;38;line_consecutive;0.3;1124;3;10;3-4;3,4;55065.45999999999;55980.80500000001;57075.83499999839;57075.83499999839;915.3450000000156;1095.0299999983836;1095.0299999983836;eev,integrated,separated,ws;lintim;SiouxFalls;SiouxFalls;True;False;1e-05;6000;1;2;20;50;200;-5;50;0.75;2;55;50;10;10;16;1124;1124
12428953;125;g_000;1;1;38;line_consecutive;0.3;1125;3;11;4-5;3;51140.24;51140.24000002087;51140.23999999839;51140.2399999984;2.0874722395092252e-08;-2.2482709027826783e-08;-2.2475433070212606e-08;eev,integrated,separated,ws;lintim;SiouxFalls;SiouxFalls;True;False;1e-05;6000;1;2;20;50;200;-5;50;0.75;2;55;50;10;10;16;1125;1125
12428953;126;g_000;1;1;38;line_consecutive;0.3;1126;3;12;5-9;3,9;51271.24;51402.240000000005;52420.23999999839;52420.239999998405;131.00000000000728;1017.9999999983849;1017.9999999983992;eev,integrated,separated,ws;lintim;SiouxFalls;SiouxFalls;True;False;1e-05;6000;1;2;20;50;200;-5;50;0.75;2;55;50;10;10;16;1126;1126
12428953;127;g_000;1;1;38;line_consecutive;0.3;1127;3;13;8-9;3,7;51140.240000000005;51140.23999999955;51140.23999999839;51140.23999999839;-4.5838532969355583e-10;-1.1568772606551647e-09;-1.1568772606551647e-09;eev,integrated,separated,ws;lintim;SiouxFalls;SiouxFalls;True;False;1e-05;6000;1;2;20;50;200;-5;50;0.75;2;55;50;10;10;16;1127;1127
12428953;128;g_000;1;1;38;line_consecutive;0.3;1128;3;14;7-8;3,7,11;51140.23999999999;51140.240000000005;51140.23999999839;51140.2399999984;1.4551915228366852e-11;-1.6152625903487206e-09;-1.6079866327345371e-09;eev,integrated,separated,ws;lintim;SiouxFalls;SiouxFalls;True;False;1e-05;6000;1;2;20;50;200;-5;50;0.75;2;55;50;10;10;16;1128;1128
12428953;129;g_000;1;1;38;line_consecutive;0.3;1129;3;15;7-18;3,11;51140.23999999999;51140.24000000001;51140.23999999839;51140.23999999839;2.182787284255028e-11;-1.622538547962904e-09;-1.622538547962904e-09;eev,integrated,separated,ws;lintim;SiouxFalls;SiouxFalls;True;False;1e-05;6000;1;2;20;50;200;-5;50;0.75;2;55;50;10;10;16;1129;1129
12428953;130;g_000;1;1;38;line_consecutive;0.3;1130;3;16;1-3;4,8,12;58391.91000000008;58918.000000000015;59192.72499999839;59192.7249999984;526.089999999931;274.724999998376;274.7249999983833;eev,integrated,separated,ws;lintim;SiouxFalls;SiouxFalls;True;False;1e-05;6000;1;2;20;50;200;-5;50;0.75;2;55;50;10;10;16;1130;1130
12428953;131;g_000;1;1;38;line_consecutive;0.3;1131;3;17;4-11;4;54346.68999999999;55250.21499999997;55779.53499999839;55779.5349999984;903.5249999999796;529.3199999984208;529.3199999984354;eev,integrated,separated,ws;lintim;SiouxFalls;SiouxFalls;True;False;1e-05;6000;1;2;20;50;200;-5;50;0.75;2;55;50;10;10;16;1131;1131
12428953;132;g_000;1;1;38;line_consecutive;0.3;1132;3;18;11-14;4,8,10;55715.62999999999;56294.27999999999;57293.02999999839;57293.0299999984;578.6500000000015;998.7499999983992;998.7499999984066;eev,integrated,separated,ws;lintim;SiouxFalls;SiouxFalls;True;False;1e-05;6000;1;2;20;50;200;-5;50;0.75;2;55;50;10;10;16;1132;1132
12428953;133;g_000;1;1;38;line_consecutive;0.3;1133;3;19;14-23;4,10;54841.905;55396.175;56078.2449999984;56078.2449999984;554.2700000000041;682.069999998399;682.069999998399;eev,integrated,separated,ws;lintim;SiouxFalls;SiouxFalls;True;False;1e-05;6000;1;2;20;50;200;-5;50;0.75;2;55;50;10;10;16;1133;1133
12428953;134;g_000;1;1;38;line_consecutive;0.3;1134;3;20;23-24;4;54286.7;55198.02999992916;55588.29499999839;55588.2949999984;911.329999929163;390.26500006923015;390.26500006923743;eev,integrated,separated,ws;lintim;SiouxFalls;SiouxFalls;True;False;1e-05;6000;1;2;20;50;200;-5;50;0.75;2;55;50;10;10;16;1134;1134
12428953;135;g_000;1;1;38;line_consecutive;0.3;1135;3;21;10-15;5,9;52049.83500000001;52180.835000000014;53427.95499999839;53427.9549999984;131.00000000000728;1247.1199999983728;1247.1199999983874;eev,integrated,separated,ws;lintim;SiouxFalls;SiouxFalls;True;False;1e-05;6000;1;2;20;50;200;-5;50;0.75;2;55;50;10;10;16;1135;1135
12428953;136;g_000;1;1;38;line_consecutive;0.3;1136;3;22;15-22;5,13;53051.31;53051.31000000001;53051.30999999839;53051.3099999984;1.4551915228366852e-11;-1.622538547962904e-09;-1.6152625903487206e-09;eev,integrated,separated,ws;lintim;SiouxFalls;SiouxFalls;True;False;1e-05;6000;1;2;20;50;200;-5;50;0.75;2;55;50;10;10;16;1136;1136
12428953;137;g_000;1;1;38;line_consecutive;0.3;1137;3;23;22-23;5;51792.37999999999;51792.595000000016;51792.59499999839;51792.59499999839;0.2150000000256113;-1.622538547962904e-09;-1.622538547962904e-09;eev,integrated,separated,ws;lintim;SiouxFalls;SiouxFalls;True;False;1e-05;6000;1;2;20;50;200;-5;50;0.75;2;55;50;10;10;16;1137;1137
12428953;138;g_000;1;1;38;line_consecutive;0.3;1138;3;24;13-24;6;53437.67;53966.72;54488.29499999839;54488.2949999984;529.0500000000029;521.5749999983891;521.5749999983964;eev,integrated,separated,ws;lintim;SiouxFalls;SiouxFalls;True;False;1e-05;6000;1;2;20;50;200;-5;50;0.75;2;55;50;10;10;16;1138;1138
12428953;139;g_000;1;1;38;line_consecutive;0.3;1139;3;25;21-24;6;52808.19;53127.14000000001;53497.5899999984;53497.5899999984;318.9500000000044;370.4499999983964;370.4499999983964;eev,integrated,separated,ws;lintim;SiouxFalls;SiouxFalls;True;False;1e-05;6000;1;2;20;50;200;-5;50;0.75;2;55;50;10;10;16;1139;1139
12428953;140;g_000;1;1;38;line_consecutive;0.3;1140;3;26;20-21;6;52734.38999999999;53053.34;53432.83499999839;53432.83499999839;318.9500000000044;379.4949999983946;379.4949999983946;eev,integrated,separated,ws;lintim;SiouxFalls;SiouxFalls;True;False;1e-05;6000;1;2;20;50;200;-5;50;0.75;2;55;50;10;10;16;1140;1140
12428953;141;g_000;1;1;38;line_consecutive;0.3;1141;3;27;9-10;7,9;51773.55;52406.859999992805;52726.58999999839;52726.5899999984;633.3099999928017;319.73000000558386;319.7300000055984;eev,integrated,separated,ws;lintim;SiouxFalls;SiouxFalls;True;False;1e-05;6000;1;2;20;50;200;-5;50;0.75;2;55;50;10;10;16;1141;1141
12428953;142;g_000;1;1;38;line_consecutive;0.3;1142;3;28;3-12;8,12;51140.239999996375;51140.24000000001;51140.23999999839;51140.23999999839;3.637978807091713e-09;-1.622538547962904e-09;-1.622538547962904e-09;eev,integrated,separated,ws;lintim;SiouxFalls;SiouxFalls;True;False;1e-05;6000;1;2;20;50;200;-5;50;0.75;2;55;50;10;10;16;1142;1142
12428953;143;g_000;1;1;38;line_consecutive;0.3;1143;3;29;5-6;9;51271.24;51402.240000000005;52420.23999999839;52420.23999999839;131.00000000000728;1017.9999999983849;1017.9999999983849;eev,integrated,separated,ws;lintim;SiouxFalls;SiouxFalls;True;False;1e-05;6000;1;2;20;50;200;-5;50;0.75;2;55;50;10;10;16;1143;1143
12428953;144;g_000;1;1;38;line_consecutive;0.3;1144;3;30;15-19;9,13,14;51730.34999999999;52320.46000000001;53741.714999998265;53741.714999998265;590.1100000000151;1421.2549999982584;1421.2549999982584;eev,integrated,separated,ws;lintim;SiouxFalls;SiouxFalls;True;False;1e-05;6000;1;2;20;50;200;-5;50;0.75;2;55;50;10;10;16;1144;1144
12428953;145;g_000;1;1;38;line_consecutive;0.3;1145;3;31;20-22;11;51140.23999999999;51140.24000000001;51140.23999998155;51140.23999998155;2.182787284255028e-11;-1.845910446718335e-08;-1.845910446718335e-08;eev,integrated,separated,ws;lintim;SiouxFalls;SiouxFalls;True;False;1e-05;6000;1;2;20;50;200;-5;50;0.75;2;55;50;10;10;16;1145;1145
12428953;146;g_000;1;1;38;line_consecutive;0.3;1146;3;32;18-20;11;51140.24;51140.24000000485;51140.23999998507;51140.23999998508;4.853063728660345e-09;-1.9783328752964732e-08;-1.9768776837736368e-08;eev,integrated,separated,ws;lintim;SiouxFalls;SiouxFalls;True;False;1e-05;6000;1;2;20;50;200;-5;50;0.75;2;55;50;10;10;16;1146;1146
12428953;147;g_000;1;1;38;line_consecutive;0.3;1147;3;33;12-13;12;51140.23999999999;51140.24000000001;51140.23999999839;51140.23999999839;2.182787284255028e-11;-1.622538547962904e-09;-1.622538547962904e-09;eev,integrated,separated,ws;lintim;SiouxFalls;SiouxFalls;True;False;1e-05;6000;1;2;20;50;200;-5;50;0.75;2;55;50;10;10;16;1147;1147
12428953;148;g_000;1;1;38;line_consecutive;0.3;1148;3;34;1-2;12;51140.24;51140.24000000041;51140.23999999839;51140.23999999839;4.147295840084553e-10;-2.0227162167429924e-09;-2.0227162167429924e-09;eev,integrated,separated,ws;lintim;SiouxFalls;SiouxFalls;True;False;1e-05;6000;1;2;20;50;200;-5;50;0.75;2;55;50;10;10;16;1148;1148
12428953;149;g_000;1;1;38;line_consecutive;0.3;1149;3;35;21-22;13;51402.15999999999;51664.08000000001;51710.22499999839;51710.22499999838;261.9200000000201;46.144999998381536;46.14499999837426;eev,integrated,separated,ws;lintim;SiouxFalls;SiouxFalls;True;False;1e-05;6000;1;2;20;50;200;-5;50;0.75;2;55;50;10;10;16;1149;1149
12428953;150;g_000;1;1;38;line_consecutive;0.3;1150;3;36;14-15;14;51307.5;51474.76;51600.3699999984;51600.3699999984;167.26000000000204;125.60999999839989;125.60999999839989;eev,integrated,separated,ws;lintim;SiouxFalls;SiouxFalls;True;False;1e-05;6000;1;2;20;50;200;-5;50;0.75;2;55;50;10;10;16;1150;1150
12428953;151;g_000;1;1;38;line_consecutive;0.3;1151;3;37;10-17;14;51307.5;51474.76;51600.3699999984;51600.3699999984;167.26000000000204;125.60999999839989;125.60999999839989;eev,integrated,separated,ws;lintim;SiouxFalls;SiouxFalls;True;False;1e-05;6000;1;2;20;50;200;-5;50;0.75;2;55;50;10;10;16;1151;1151
12428953;152;g_000;1;1;38;line_consecutive;0.4;1152;4;0;11-12;1,7,8;55805.34999999999;56860.90999999957;57296.33499999839;57296.3349999984;1055.5599999995757;435.4249999988242;435.4249999988315;eev,integrated,separated,ws;lintim;SiouxFalls;SiouxFalls;True;False;1e-05;6000;1;2;20;50;200;-5;50;0.75;2;55;50;10;10;16;1152;1152
12428953;153;g_000;1;1;38;line_consecutive;0.4;1153;4;1;10-11;1,7,10;55473.42;56713.88000000002;58023.90499999839;58023.90499703081;1240.460000000021;1310.0249999983716;1310.0249970307923;eev,integrated,separated,ws;lintim;SiouxFalls;SiouxFalls;True;False;1e-05;6000;1;2;20;50;200;-5;50;0.75;2;55;50;10;10;16;1153;1153
12428953;154;g_000;1;1;38;line_consecutive;0.4;1154;4;2;10-16;1,10;53377.605;54149.60500000002;55900.32999999838;55900.32999999839;772.0000000000146;1750.7249999983617;1750.7249999983687;eev,integrated,separated,ws;lintim;SiouxFalls;SiouxFalls;True;False;1e-05;6000;1;2;20;50;200;-5;50;0.75;2;55;50;10;10;16;1154;1154
12428953;155;g_000;1;1;38;line_consecutive;0.4;1155;4;3;16-18;1;52659.84999999999;53324.045000000006;55021.82999999839;55021.82999999839;664.1950000000143;1697.784999998381;1697.784999998381;eev,integrated,separated,ws;lintim;SiouxFalls;SiouxFalls;True;False;1e-05;6000;1;2;20;50;200;-5;50;0.75;2;55;50;10;10;16;1155;1155
12428953;156;g_000;1;1;38;line_consecutive;0.4;1156;4;4;2-6;2;58649.21999999999;60364.61000000001;61235.3099999984;61235.3099999984;1715.3900000000212;870.6999999983891;870.6999999983891;eev,integrated,separated,ws;lintim;SiouxFalls;SiouxFalls;True;False;1e-05;6000;1;2;20;50;200;-5;50;0.75;2;55;50;10;10;16;1156;1156
12428953;157;g_000;1;1;38;line_consecutive;0.4;1157;4;5;6-8;2;57174.70999999999;58215.33000000001;58779.639999998384;58779.63999999839;1040.6200000000172;564.3099999983751;564.3099999983824;eev,integrated,separated,ws;lintim;SiouxFalls;SiouxFalls;True;False;1e-05;6000;1;2;20;50;200;-5;50;0.75;2;55;50;10;10;16;1157;1157
12428953;158;g_000;1;1;38;line_consecutive;0.4;1158;4;6;8-16;2,10,13;57078.68999999999;58362.380000000034;59573.35499999838;58810.01999999999;1283.690000000046;1210.974999998347;447.63999999995576;eev,integrated,separated,ws;lintim;SiouxFalls;SiouxFalls;True;False;1e-05;6000;1;2;20;50;200;-5;50;0.75;2;55;50;10;10;16;1158;1158
12428953;159;g_000;1;1;38;line_consecutive;0.4;1159;4;7;16-17;2,13;56436.240000000005;57344.130000000005;57945.2149999984;57889.19;907.8899999999994;601.0849999983984;545.0599999999977;eev,integrated,separated,ws;lintim;SiouxFalls;SiouxFalls;True;False;1e-05;6000;1;2;20;50;200;-5;50;0.75;2;55;50;10;10;16;1159;1159
12428953;160;g_000;1;1;38;line_consecutive;0.4;1160;4;8;17-19;2,13,14;60308.675;60993.63499999944;61877.76999999839;61414.10544037583;684.9599999994389;884.134999998947;420.4704403763899;eev,integrated,separated,ws;lintim;SiouxFalls;SiouxFalls;True;False;1e-05;6000;1;2;20;50;200;-5;50;0.75;2;55;50;10;10;16;1160;1160
12428953;161;g_000;1;1;38;line_consecutive;0.4;1161;4;9;19-20;2;57520.875;58598.405000000006;59162.71499999838;59162.71499999839;1077.530000000006;564.3099999983751;564.3099999983824;eev,integrated,separated,ws;lintim;SiouxFalls;SiouxFalls;True;False;1e-05;6000;1;2;20;50;200;-5;50;0.75;2;55;50;10;10;16;1161;1161
12428953;162;g_000;1;1;38;line_consecutive;0.4;1162;4;10;3-4;3,4;55065.45999999999;55980.80500000001;57075.83499999839;57075.83499999839;915.3450000000156;1095.0299999983836;1095.0299999983836;eev,integrated,separated,ws;lintim;SiouxFalls;SiouxFalls;True;False;1e-05;6000;1;2;20;50;200;-5;50;0.75;2;55;50;10;10;16;1162;1162
12428953;163;g_000;1;1;38;line_consecutive;0.4;1163;4;11;4-5;3;51140.24;51140.24000002087;51140.23999999839;51140.2399999984;2.0874722395092252e-08;-2.2482709027826783e-08;-2.2475433070212606e-08;eev,integrated,separated,ws;lintim;SiouxFalls;SiouxFalls;True;False;1e-05;6000;1;2;20;50;200;-5;50;0.75;2;55;50;10;10;16;1163;1163
12428953;164;g_000;1;1;38;line_consecutive;0.4;1164;4;12;5-9;3,9;51271.24;51402.240000000005;52420.23999999839;52420.239999998405;131.00000000000728;1017.9999999983849;1017.9999999983992;eev,integrated,separated,ws;lintim;SiouxFalls;SiouxFalls;True;False;1e-05;6000;1;2;20;50;200;-5;50;0.75;2;55;50;10;10;16;1164;1164
12428953;165;g_000;1;1;38;line_consecutive;0.4;1165;4;13;8-9;3,7;51140.240000000005;51140.23999999955;51140.23999999839;51140.23999999839;-4.5838532969355583e-10;-1.1568772606551647e-09;-1.1568772606551647e-09;eev,integrated,separated,ws;lintim;SiouxFalls;SiouxFalls;True;False;1e-05;6000;1;2;20;50;200;-5;50;0.75;2;55;50;10;10;16;1165;1165
12428953;166;g_000;1;1;38;line_consecutive;0.4;1166;4;14;7-8;3,7,11;51140.23999999999;51140.240000000005;51140.23999999839;51140.2399999984;1.4551915228366852e-11;-1.6152625903487206e-09;-1.6079866327345371e-09;eev,integrated,separated,ws;lintim;SiouxFalls;SiouxFalls;True;False;1e-05;6000;1;2;20;50;200;-5;50;0.75;2;55;50;10;10;16;1166;1166
12428953;167;g_000;1;1;38;line_consecutive;0.4;1167;4;15;7-18;3,11;51140.23999999999;51140.24000000001;51140.23999999839;51140.23999999839;2.182787284255028e-11;-1.622538547962904e-09;-1.622538547962904e-09;eev,integrated,separated,ws;lintim;SiouxFalls;SiouxFalls;True;False;1e-05;6000;1;2;20;50;200;-5;50;0.75;2;55;50;10;10;16;1167;1167
12428953;168;g_000;1;1;38;line_consecutive;0.4;1168;4;16;1-3;4,8,12;58391.91000000008;58918.000000000015;59192.72499999839;59192.7249999984;526.089999999931;274.724999998376;274.7249999983833;eev,integrated,separated,ws;lintim;SiouxFalls;SiouxFalls;True;False;1e-05;6000;1;2;20;50;200;-5;50;0.75;2;55;50;10;10;16;1168;1168
12428953;169;g_000;1;1;38;line_consecutive;0.4;1169;4;17;4-11;4;54346.68999999999;55250.21499999997;55779.53499999839;55779.5349999984;903.5249999999796;529.3199999984208;529.3199999984354;eev,integrated,separated,ws;lintim;SiouxFalls;SiouxFalls;True;False;1e-05;6000;1;2;20;50;200;-5;50;0.75;2;55;50;10;10;16;1169;1169
12428953;170;g_000;1;1;38;line_consecutive;0.4;1170;4;18;11-14;4,8,10;55715.62999999999;56294.27999999999;57293.02999999839;57293.0299999984;578.6500000000015;998.7499999983992;998.7499999984066;eev,integrated,separated,ws;lintim;SiouxFalls;SiouxFalls;True;False;1e-05;6000;1;2;20;50;200;-5;50;0.75;2;55;50;10;10;16;1170;1170
12428953;171;g_000;1;1;38;line_consecutive;0.4;1171;4;19;14-23;4,10;54841.905;55396.175;56078.2449999984;56078.2449999984;554.2700000000041;682.069999998399;682.069999998399;eev,integrated,separated,ws;lintim;SiouxFalls;SiouxFalls;True;False;1e-05;6000;1;2;20;50;200;-5;50;0.75;2;55;50;10;10;16;1171;1171
12428953;172;g_000;1;1;38;line_consecutive;0.4;1172;4;20;23-24;4;54286.7;55198.02999992916;55588.29499999839;55588.2949999984;911.329999929163;390.26500006923015;390.26500006923743;eev,integrated,separated,ws;lintim;SiouxFalls;SiouxFalls;True;False;1e-05;6000;1;2;20;50;200;-5;50;0.75;2;55;50;10;10;16;1172;1172
12428953;173;g_000;1;1;38;line_consecutive;0.4;1173;4;21;10-15;5,9;52049.83500000001;52180.835000000014;53427.95499999839;53427.9549999984;131.00000000000728;1247.1199999983728;1247.1199999983874;eev,integrated,separated,ws;lintim;SiouxFalls;SiouxFalls;True;False;1e-05;6000;1;2;20;50;200;-5;50;0.75;2;55;50;10;10;16;1173;1173
12428953;174;g_000;1;1;38;line_consecutive;0.4;1174;4;22;15-22;5,13;53051.31;53051.31000000001;53051.30999999839;53051.3099999984;1.4551915228366852e-11;-1.622538547962904e-09;-1.6152625903487206e-09;eev,integrated,separated,ws;lintim;SiouxFalls;SiouxFalls;True;False;1e-05;6000;1;2;20;50;200;-5;50;0.75;2;55;50;10;10;16;1174;1174
12428953;175;g_000;1;1;38;line_consecutive;0.4;1175;4;23;22-23;5;51792.37999999999;51792.595000000016;51792.59499999839;51792.59499999839;0.2150000000256113;-1.622538547962904e-09;-1.622538547962904e-09;eev,integrated,separated,ws;lintim;SiouxFalls;SiouxFalls;True;False;1e-05;6000;1;2;20;50;200;-5;50;0.75;2;55;50;10;10;16;1175;1175
12428953;176;g_000;1;1;38;line_consecutive;0.4;1176;4;24;13-24;6;53437.67;53966.72;54488.29499999839;54488.2949999984;529.0500000000029;521.5749999983891;521.5749999983964;eev,integrated,separated,ws;lintim;SiouxFalls;SiouxFalls;True;False;1e-05;6000;1;2;20;50;200;-5;50;0.75;2;55;50;10;10;16;1176;1176
12428953;177;g_000;1;1;38;line_consecutive;0.4;1177;4;25;21-24;6;52808.19;53127.14000000001;53497.5899999984;53497.5899999984;318.9500000000044;370.4499999983964;370.4499999983964;eev,integrated,separated,ws;lintim;SiouxFalls;SiouxFalls;True;False;1e-05;6000;1;2;20;50;200;-5;50;0.75;2;55;50;10;10;16;1177;1177
12428953;178;g_000;1;1;38;line_consecutive;0.4;1178;4;26;20-21;6;52734.38999999999;53053.34;53432.83499999839;53432.83499999839;318.9500000000044;379.4949999983946;379.4949999983946;eev,integrated,separated,ws;lintim;SiouxFalls;SiouxFalls;True;False;1e-05;6000;1;2;20;50;200;-5;50;0.75;2;55;50;10;10;16;1178;1178
12428953;179;g_000;1;1;38;line_consecutive;0.4;1179;4;27;9-10;7,9;51773.55;52406.859999992805;52726.58999999839;52726.5899999984;633.3099999928017;319.73000000558386;319.7300000055984;eev,integrated,separated,ws;lintim;SiouxFalls;SiouxFalls;True;False;1e-05;6000;1;2;20;50;200;-5;50;0.75;2;55;50;10;10;16;1179;1179
12428953;180;g_000;1;1;38;line_consecutive;0.4;1180;4;28;3-12;8,12;51140.239999996375;51140.24000000001;51140.23999999839;51140.23999999839;3.637978807091713e-09;-1.622538547962904e-09;-1.622538547962904e-09;eev,integrated,separated,ws;lintim;SiouxFalls;SiouxFalls;True;False;1e-05;6000;1;2;20;50;200;-5;50;0.75;2;55;50;10;10;16;1180;1180
12428953;181;g_000;1;1;38;line_consecutive;0.4;1181;4;29;5-6;9;51271.24;51402.240000000005;52420.23999999839;52420.23999999839;131.00000000000728;1017.9999999983849;1017.9999999983849;eev,integrated,separated,ws;lintim;SiouxFalls;SiouxFalls;True;False;1e-05;6000;1;2;20;50;200;-5;50;0.75;2;55;50;10;10;16;1181;1181
12428953;182;g_000;1;1;38;line_consecutive;0.4;1182;4;30;15-19;9,13,14;51730.34999999999;52320.46000000001;53741.714999998265;53741.714999998265;590.1100000000151;1421.2549999982584;1421.2549999982584;eev,integrated,separated,ws;lintim;SiouxFalls;SiouxFalls;True;False;1e-05;6000;1;2;20;50;200;-5;50;0.75;2;55;50;10;10;16;1182;1182
12428953;183;g_000;1;1;38;line_consecutive;0.4;1183;4;31;20-22;11;51140.23999999999;51140.24000000001;51140.23999998155;51140.23999998155;2.182787284255028e-11;-1.845910446718335e-08;-1.845910446718335e-08;eev,integrated,separated,ws;lintim;SiouxFalls;SiouxFalls;True;False;1e-05;6000;1;2;20;50;200;-5;50;0.75;2;55;50;10;10;16;1183;1183
12428953;184;g_000;1;1;38;line_consecutive;0.4;1184;4;32;18-20;11;51140.24;51140.24000000485;51140.23999998507;51140.23999998508;4.853063728660345e-09;-1.9783328752964732e-08;-1.9768776837736368e-08;eev,integrated,separated,ws;lintim;SiouxFalls;SiouxFalls;True;False;1e-05;6000;1;2;20;50;200;-5;50;0.75;2;55;50;10;10;16;1184;1184
12428953;185;g_000;1;1;38;line_consecutive;0.4;1185;4;33;12-13;12;51140.23999999999;51140.24000000001;51140.23999999839;51140.23999999839;2.182787284255028e-11;-1.622538547962904e-09;-1.622538547962904e-09;eev,integrated,separated,ws;lintim;SiouxFalls;SiouxFalls;True;False;1e-05;6000;1;2;20;50;200;-5;50;0.75;2;55;50;10;10;16;1185;1185
12428953;186;g_000;1;1;38;line_consecutive;0.4;1186;4;34;1-2;12;51140.24;51140.24000000041;51140.23999999839;51140.23999999839;4.147295840084553e-10;-2.0227162167429924e-09;-2.0227162167429924e-09;eev,integrated,separated,ws;lintim;SiouxFalls;SiouxFalls;True;False;1e-05;6000;1;2;20;50;200;-5;50;0.75;2;55;50;10;10;16;1186;1186
12428953;187;g_000;1;1;38;line_consecutive;0.4;1187;4;35;21-22;13;51402.15999999999;51664.08000000001;51710.22499999839;51710.22499999838;261.9200000000201;46.144999998381536;46.14499999837426;eev,integrated,separated,ws;lintim;SiouxFalls;SiouxFalls;True;False;1e-05;6000;1;2;20;50;200;-5;50;0.75;2;55;50;10;10;16;1187;1187
12428953;188;g_000;1;1;38;line_consecutive;0.4;1188;4;36;14-15;14;51307.5;51474.76;51600.3699999984;51600.3699999984;167.26000000000204;125.60999999839989;125.60999999839989;eev,integrated,separated,ws;lintim;SiouxFalls;SiouxFalls;True;False;1e-05;6000;1;2;20;50;200;-5;50;0.75;2;55;50;10;10;16;1188;1188
12428953;189;g_000;1;1;38;line_consecutive;0.4;1189;4;37;10-17;14;51307.5;51474.76;51600.3699999984;51600.3699999984;167.26000000000204;125.60999999839989;125.60999999839989;eev,integrated,separated,ws;lintim;SiouxFalls;SiouxFalls;True;False;1e-05;6000;1;2;20;50;200;-5;50;0.75;2;55;50;10;10;16;1189;1189
12428953;190;g_000;1;1;38;line_consecutive;0.5;1190;5;0;11-12;1,7,8;55805.34999999999;56860.90999999957;57296.33499999839;57296.3349999984;1055.5599999995757;435.4249999988242;435.4249999988315;eev,integrated,separated,ws;lintim;SiouxFalls;SiouxFalls;True;False;1e-05;6000;1;2;20;50;200;-5;50;0.75;2;55;50;10;10;16;1190;1190
12428953;191;g_000;1;1;38;line_consecutive;0.5;1191;5;1;10-11;1,7,10;55473.42;56713.88000000002;58023.90499999839;58023.90499703081;1240.460000000021;1310.0249999983716;1310.0249970307923;eev,integrated,separated,ws;lintim;SiouxFalls;SiouxFalls;True;False;1e-05;6000;1;2;20;50;200;-5;50;0.75;2;55;50;10;10;16;1191;1191
12428953;192;g_000;1;1;38;line_consecutive;0.5;1192;5;2;10-16;1,10;53377.605;54149.60500000002;55900.32999999838;55900.32999999839;772.0000000000146;1750.7249999983617;1750.7249999983687;eev,integrated,separated,ws;lintim;SiouxFalls;SiouxFalls;True;False;1e-05;6000;1;2;20;50;200;-5;50;0.75;2;55;50;10;10;16;1192;1192
12428953;193;g_000;1;1;38;line_consecutive;0.5;1193;5;3;16-18;1;52659.84999999999;53324.045000000006;55021.82999999839;55021.82999999839;664.1950000000143;1697.784999998381;1697.784999998381;eev,integrated,separated,ws;lintim;SiouxFalls;SiouxFalls;True;False;1e-05;6000;1;2;20;50;200;-5;50;0.75;2;55;50;10;10;16;1193;1193
12428953;194;g_000;1;1;38;line_consecutive;0.5;1194;5;4;2-6;2;58649.21999999999;60364.61000000001;61235.3099999984;61235.3099999984;1715.3900000000212;870.6999999983891;870.6999999983891;eev,integrated,separated,ws;lintim;SiouxFalls;SiouxFalls;True;False;1e-05;6000;1;2;20;50;200;-5;50;0.75;2;55;50;10;10;16;1194;1194
12428953;195;g_000;1;1;38;line_consecutive;0.5;1195;5;5;6-8;2;57174.70999999999;58215.33000000001;58779.639999998384;58779.63999999839;1040.6200000000172;564.3099999983751;564.3099999983824;eev,integrated,separated,ws;lintim;SiouxFalls;SiouxFalls;True;False;1e-05;6000;1;2;20;50;200;-5;50;0.75;2;55;50;10;10;16;1195;1195
12428953;196;g_000;1;1;38;line_consecutive;0.5;1196;5;6;8-16;2,10,13;57078.68999999999;58362.380000000034;59573.35499999838;58810.01999999999;1283.690000000046;1210.974999998347;447.63999999995576;eev,integrated,separated,ws;lintim;SiouxFalls;SiouxFalls;True;False;1e-05;6000;1;2;20;50;200;-5;50;0.75;2;55;50;10;10;16;1196;1196
12428953;197;g_000;1;1;38;line_consecutive;0.5;1197;5;7;16-17;2,13;56436.240000000005;57344.130000000005;57945.2149999984;57889.19;907.8899999999994;601.0849999983984;545.0599999999977;eev,integrated,separated,ws;lintim;SiouxFalls;SiouxFalls;True;False;1e-05;6000;1;2;20;50;200;-5;50;0.75;2;55;50;10;10;16;1197;1197
12428953;198;g_000;1;1;38;line_consecutive;0.5;1198;5;8;17-19;2,13,14;60308.675;60993.63499999944;61877.76999999839;61414.10544037583;684.9599999994389;884.134999998947;420.4704403763899;eev,integrated,separated,ws;lintim;SiouxFalls;SiouxFalls;True;False;1e-05;6000;1;2;20;50;200;-5;50;0.75;2;55;50;10;10;16;1198;1198
12428953;199;g_000;1;1;38;line_consecutive;0.5;1199;5;9;19-20;2;57520.875;58598.405000000006;59162.71499999838;59162.71499999839;1077.530000000006;564.3099999983751;564.3099999983824;eev,integrated,separated,ws;lintim;SiouxFalls;SiouxFalls;True;False;1e-05;6000;1;2;20;50;200;-5;50;0.75;2;55;50;10;10;16;1199;1199
12428953;200;g_000;1;1;38;line_consecutive;0.5;1200;5;10;3-4;3,4;55065.45999999999;55980.80500000001;57075.83499999839;57075.83499999839;915.3450000000156;1095.0299999983836;1095.0299999983836;eev,integrated,separated,ws;lintim;SiouxFalls;SiouxFalls;True;False;1e-05;6000;1;2;20;50;200;-5;50;0.75;2;55;50;10;10;16;1200;1200
12428953;201;g_000;1;1;38;line_consecutive;0.5;1201;5;11;4-5;3;51140.24;51140.24000002087;51140.23999999839;51140.2399999984;2.0874722395092252e-08;-2.2482709027826783e-08;-2.2475433070212606e-08;eev,integrated,separated,ws;lintim;SiouxFalls;SiouxFalls;True;False;1e-05;6000;1;2;20;50;200;-5;50;0.75;2;55;50;10;10;16;1201;1201
12428953;202;g_000;1;1;38;line_consecutive;0.5;1202;5;12;5-9;3,9;51271.24;51402.240000000005;52420.23999999839;52420.239999998405;131.00000000000728;1017.9999999983849;1017.9999999983992;eev,integrated,separated,ws;lintim;SiouxFalls;SiouxFalls;True;False;1e-05;6000;1;2;20;50;200;-5;50;0.75;2;55;50;10;10;16;1202;1202
12428953;203;g_000;1;1;38;line_consecutive;0.5;1203;5;13;8-9;3,7;51140.240000000005;51140.23999999955;51140.23999999839;51140.23999999839;-4.5838532969355583e-10;-1.1568772606551647e-09;-1.1568772606551647e-09;eev,integrated,separated,ws;lintim;SiouxFalls;SiouxFalls;True;False;1e-05;6000;1;2;20;50;200;-5;50;0.75;2;55;50;10;10;16;1203;1203
12428953;204;g_000;1;1;38;line_consecutive;0.5;1204;5;14;7-8;3,7,11;51140.23999999999;51140.240000000005;51140.23999999839;51140.2399999984;1.4551915228366852e-11;-1.6152625903487206e-09;-1.6079866327345371e-09;eev,integrated,separated,ws;lintim;SiouxFalls;SiouxFalls;True;False;1e-05;6000;1;2;20;50;200;-5;50;0.75;2;55;50;10;10;16;1204;1204
12428953;205;g_000;1;1;38;line_consecutive;0.5;1205;5;15;7-18;3,11;51140.23999999999;51140.24000000001;51140.23999999839;51140.23999999839;2.182787284255028e-11;-1.622538547962904e-09;-1.622538547962904e-09;eev,integrated,separated,ws;lintim;SiouxFalls;SiouxFalls;True;False;1e-05;6000;1;2;20;50;200;-5;50;0.75;2;55;50;10;10;16;1205;1205
12428953;206;g_000;1;1;38;line_consecutive;0.5;1206;5;16;1-3;4,8,12;58391.91000000008;58918.000000000015;59192.72499999839;59192.7249999984;526.089999999931;274.724999998376;274.7249999983833;eev,integrated,separated,ws;lintim;SiouxFalls;SiouxFalls;True;False;1e-05;6000;1;2;20;50;200;-5;50;0.75;2;55;50;10;10;16;1206;1206
12428953;207;g_000;1;1;38;line_consecutive;0.5;1207;5;17;4-11;4;54346.68999999999;55250.21499999997;55779.53499999839;55779.5349999984;903.5249999999796;529.3199999984208;529.3199999984354;eev,integrated,separated,ws;lintim;SiouxFalls;SiouxFalls;True;False;1e-05;6000;1;2;20;50;200;-5;50;0.75;2;55;50;10;10;16;1207;1207
12428953;208;g_000;1;1;38;line_consecutive;0.5;1208;5;18;11-14;4,8,10;55715.62999999999;56294.27999999999;57293.02999999839;57293.0299999984;578.6500000000015;998.7499999983992;998.7499999984066;eev,integrated,separated,ws;lintim;SiouxFalls;SiouxFalls;True;False;1e-05;6000;1;2;20;50;200;-5;50;0.75;2;55;50;10;10;16;1208;1208
12428953;209;g_000;1;1;38;line_consecutive;0.5;1209;5;19;14-23;4,10;54841.905;55396.175;56078.2449999984;56078.2449999984;554.2700000000041;682.069999998399;682.069999998399;eev,integrated,separated,ws;lintim;SiouxFalls;SiouxFalls;True;False;1e-05;6000;1;2;20;50;200;-5;50;0.75;2;55;50;10;10;16;1209;1209
12428953;210;g_000;1;1;38;line_consecutive;0.5;1210;5;20;23-24;4;54286.7;55198.02999992916;55588.29499999839;55588.2949999984;911.329999929163;390.26500006923015;390.26500006923743;eev,integrated,separated,ws;lintim;SiouxFalls;SiouxFalls;True;False;1e-05;6000;1;2;20;50;200;-5;50;0.75;2;55;50;10;10;16;1210;1210
12428953;211;g_000;1;1;38;line_consecutive;0.5;1211;5;21;10-15;5,9;52049.83500000001;52180.835000000014;53427.95499999839;53427.9549999984;131.00000000000728;1247.1199999983728;1247.1199999983874;eev,integrated,separated,ws;lintim;SiouxFalls;SiouxFalls;True;False;1e-05;6000;1;2;20;50;200;-5;50;0.75;2;55;50;10;10;16;1211;1211
12428953;212;g_000;1;1;38;line_consecutive;0.5;1212;5;22;15-22;5,13;53051.31;53051.31000000001;53051.30999999839;53051.3099999984;1.4551915228366852e-11;-1.622538547962904e-09;-1.6152625903487206e-09;eev,integrated,separated,ws;lintim;SiouxFalls;SiouxFalls;True;False;1e-05;6000;1;2;20;50;200;-5;50;0.75;2;55;50;10;10;16;1212;1212
12428953;213;g_000;1;1;38;line_consecutive;0.5;1213;5;23;22-23;5;51792.37999999999;51792.595000000016;51792.59499999839;51792.59499999839;0.2150000000256113;-1.622538547962904e-09;-1.622538547962904e-09;eev,integrated,separated,ws;lintim;SiouxFalls;SiouxFalls;True;False;1e-05;6000;1;2;20;50;200;-5;50;0.75;2;55;50;10;10;16;1213;1213
12428953;214;g_000;1;1;38;line_consecutive;0.5;1214;5;24;13-24;6;53437.67;53966.72;54488.29499999839;54488.2949999984;529.0500000000029;521.5749999983891;521.5749999983964;eev,integrated,separated,ws;lintim;SiouxFalls;SiouxFalls;True;False;1e-05;6000;1;2;20;50;200;-5;50;0.75;2;55;50;10;10;16;1214;1214
12428953;215;g_000;1;1;38;line_consecutive;0.5;1215;5;25;21-24;6;52808.19;53127.14000000001;53497.5899999984;53497.5899999984;318.9500000000044;370.4499999983964;370.4499999983964;eev,integrated,separated,ws;lintim;SiouxFalls;SiouxFalls;True;False;1e-05;6000;1;2;20;50;200;-5;50;0.75;2;55;50;10;10;16;1215;1215
12428953;216;g_000;1;1;38;line_consecutive;0.5;1216;5;26;20-21;6;52734.38999999999;53053.34;53432.83499999839;53432.83499999839;318.9500000000044;379.4949999983946;379.4949999983946;eev,integrated,separated,ws;lintim;SiouxFalls;SiouxFalls;True;False;1e-05;6000;1;2;20;50;200;-5;50;0.75;2;55;50;10;10;16;1216;1216
12428953;217;g_000;1;1;38;line_consecutive;0.5;1217;5;27;9-10;7,9;51773.55;52406.859999992805;52726.58999999839;52726.5899999984;633.3099999928017;319.73000000558386;319.7300000055984;eev,integrated,separated,ws;lintim;SiouxFalls;SiouxFalls;True;False;1e-05;6000;1;2;20;50;200;-5;50;0.75;2;55;50;10;10;16;1217;1217
12428953;218;g_000;1;1;38;line_consecutive;0.5;1218;5;28;3-12;8,12;51140.239999996375;51140.24000000001;51140.23999999839;51140.23999999839;3.637978807091713e-09;-1.622538547962904e-09;-1.622538547962904e-09;eev,integrated,separated,ws;lintim;SiouxFalls;SiouxFalls;True;False;1e-05;6000;1;2;20;50;200;-5;50;0.75;2;55;50;10;10;16;1218;1218
12428953;219;g_000;1;1;38;line_consecutive;0.5;1219;5;29;5-6;9;51271.24;51402.240000000005;52420.23999999839;52420.23999999839;131.00000000000728;1017.9999999983849;1017.9999999983849;eev,integrated,separated,ws;lintim;SiouxFalls;SiouxFalls;True;False;1e-05;6000;1;2;20;50;200;-5;50;0.75;2;55;50;10;10;16;1219;1219
12428953;220;g_000;1;1;38;line_consecutive;0.5;1220;5;30;15-19;9,13,14;51730.34999999999;52320.46000000001;53741.714999998265;53741.714999998265;590.1100000000151;1421.2549999982584;1421.2549999982584;eev,integrated,separated,ws;lintim;SiouxFalls;SiouxFalls;True;False;1e-05;6000;1;2;20;50;200;-5;50;0.75;2;55;50;10;10;16;1220;1220
12428953;221;g_000;1;1;38;line_consecutive;0.5;1221;5;31;20-22;11;51140.23999999999;51140.24000000001;51140.23999998155;51140.23999998155;2.182787284255028e-11;-1.845910446718335e-08;-1.845910446718335e-08;eev,integrated,separated,ws;lintim;SiouxFalls;SiouxFalls;True;False;1e-05;6000;1;2;20;50;200;-5;50;0.75;2;55;50;10;10;16;1221;1221
12428953;222;g_000;1;1;38;line_consecutive;0.5;1222;5;32;18-20;11;51140.24;51140.24000000485;51140.23999998507;51140.23999998508;4.853063728660345e-09;-1.9783328752964732e-08;-1.9768776837736368e-08;eev,integrated,separated,ws;lintim;SiouxFalls;SiouxFalls;True;False;1e-05;6000;1;2;20;50;200;-5;50;0.75;2;55;50;10;10;16;1222;1222
12428953;223;g_000;1;1;38;line_consecutive;0.5;1223;5;33;12-13;12;51140.23999999999;51140.24000000001;51140.23999999839;51140.23999999839;2.182787284255028e-11;-1.622538547962904e-09;-1.622538547962904e-09;eev,integrated,separated,ws;lintim;SiouxFalls;SiouxFalls;True;False;1e-05;6000;1;2;20;50;200;-5;50;0.75;2;55;50;10;10;16;1223;1223
12428953;224;g_000;1;1;38;line_consecutive;0.5;1224;5;34;1-2;12;51140.24;51140.24000000041;51140.23999999839;51140.23999999839;4.147295840084553e-10;-2.0227162167429924e-09;-2.0227162167429924e-09;eev,integrated,separated,ws;lintim;SiouxFalls;SiouxFalls;True;False;1e-05;6000;1;2;20;50;200;-5;50;0.75;2;55;50;10;10;16;1224;1224
12428953;225;g_000;1;1;38;line_consecutive;0.5;1225;5;35;21-22;13;51402.15999999999;51664.08000000001;51710.22499999839;51710.22499999838;261.9200000000201;46.144999998381536;46.14499999837426;eev,integrated,separated,ws;lintim;SiouxFalls;SiouxFalls;True;False;1e-05;6000;1;2;20;50;200;-5;50;0.75;2;55;50;10;10;16;1225;1225
12428953;226;g_000;1;1;38;line_consecutive;0.5;1226;5;36;14-15;14;51307.5;51474.76;51600.3699999984;51600.3699999984;167.26000000000204;125.60999999839989;125.60999999839989;eev,integrated,separated,ws;lintim;SiouxFalls;SiouxFalls;True;False;1e-05;6000;1;2;20;50;200;-5;50;0.75;2;55;50;10;10;16;1226;1226
12428953;227;g_000;1;1;38;line_consecutive;0.5;1227;5;37;10-17;14;51307.5;51474.76;51600.3699999984;51600.3699999984;167.26000000000204;125.60999999839989;125.60999999839989;eev,integrated,separated,ws;lintim;SiouxFalls;SiouxFalls;True;False;1e-05;6000;1;2;20;50;200;-5;50;0.75;2;55;50;10;10;16;1227;1227
12428953;228;g_000;1;1;38;line_consecutive;0.6;1228;6;0;11-12;1,7,8;55805.34999999999;56860.90999999957;57296.33499999839;57296.3349999984;1055.5599999995757;435.4249999988242;435.4249999988315;eev,integrated,separated,ws;lintim;SiouxFalls;SiouxFalls;True;False;1e-05;6000;1;2;20;50;200;-5;50;0.75;2;55;50;10;10;16;1228;1228
12428953;229;g_000;1;1;38;line_consecutive;0.6;1229;6;1;10-11;1,7,10;55473.42;56713.88000000002;58023.90499999839;58023.90499703081;1240.460000000021;1310.0249999983716;1310.0249970307923;eev,integrated,separated,ws;lintim;SiouxFalls;SiouxFalls;True;False;1e-05;6000;1;2;20;50;200;-5;50;0.75;2;55;50;10;10;16;1229;1229
12428953;230;g_000;1;1;38;line_consecutive;0.6;1230;6;2;10-16;1,10;53377.605;54149.60500000002;55900.32999999838;55900.32999999839;772.0000000000146;1750.7249999983617;1750.7249999983687;eev,integrated,separated,ws;lintim;SiouxFalls;SiouxFalls;True;False;1e-05;6000;1;2;20;50;200;-5;50;0.75;2;55;50;10;10;16;1230;1230
12428953;231;g_000;1;1;38;line_consecutive;0.6;1231;6;3;16-18;1;52659.84999999999;53324.045000000006;55021.82999999839;55021.82999999839;664.1950000000143;1697.784999998381;1697.784999998381;eev,integrated,separated,ws;lintim;SiouxFalls;SiouxFalls;True;False;1e-05;6000;1;2;20;50;200;-5;50;0.75;2;55;50;10;10;16;1231;1231
12428953;232;g_000;1;1;38;line_consecutive;0.6;1232;6;4;2-6;2;58649.21999999999;60364.61000000001;61235.3099999984;61235.3099999984;1715.3900000000212;870.6999999983891;870.6999999983891;eev,integrated,separated,ws;lintim;SiouxFalls;SiouxFalls;True;False;1e-05;6000;1;2;20;50;200;-5;50;0.75;2;55;50;10;10;16;1232;1232
12428953;233;g_000;1;1;38;line_consecutive;0.6;1233;6;5;6-8;2;57174.70999999999;58215.33000000001;58779.639999998384;58779.63999999839;1040.6200000000172;564.3099999983751;564.3099999983824;eev,integrated,separated,ws;lintim;SiouxFalls;SiouxFalls;True;False;1e-05;6000;1;2;20;50;200;-5;50;0.75;2;55;50;10;10;16;1233;1233
12428953;234;g_000;1;1;38;line_consecutive;0.6;1234;6;6;8-16;2,10,13;57078.68999999999;58362.380000000034;59573.35499999838;58810.01999999999;1283.690000000046;1210.974999998347;447.63999999995576;eev,integrated,separated,ws;lintim;SiouxFalls;SiouxFalls;True;False;1e-05;6000;1;2;20;50;200;-5;50;0.75;2;55;50;10;10;16;1234;1234
12428953;235;g_000;1;1;38;line_consecutive;0.6;1235;6;7;16-17;2,13;56436.240000000005;57344.130000000005;57945.2149999984;57889.19;907.8899999999994;601.0849999983984;545.0599999999977;eev,integrated,separated,ws;lintim;SiouxFalls;SiouxFalls;True;False;1e-05;6000;1;2;20;50;200;-5;50;0.75;2;55;50;10;10;16;1235;1235
12428953;236;g_000;1;1;38;line_consecutive;0.6;1236;6;8;17-19;2,13,14;60308.675;60993.63499999944;61877.76999999839;61414.10544037583;684.9599999994389;884.134999998947;420.4704403763899;eev,integrated,separated,ws;lintim;SiouxFalls;SiouxFalls;True;False;1e-05;6000;1;2;20;50;200;-5;50;0.75;2;55;50;10;10;16;1236;1236
12428953;237;g_000;1;1;38;line_consecutive;0.6;1237;6;9;19-20;2;57520.875;58598.40500000001;59162.71499999838;59162.71499999839;1077.5300000000134;564.3099999983679;564.3099999983751;eev,integrated,separated,ws;lintim;SiouxFalls;SiouxFalls;True;False;1e-05;6000;1;2;20;50;200;-5;50;0.75;2;55;50;10;10;16;1237;1237
12428953;238;g_000;1;1;38;line_consecutive;0.6;1238;6;10;3-4;3,4;55065.45999999999;55980.80500000001;57075.83499999839;57075.83499999839;915.3450000000156;1095.0299999983836;1095.0299999983836;eev,integrated,separated,ws;lintim;SiouxFalls;SiouxFalls;True;False;1e-05;6000;1;2;20;50;200;-5;50;0.75;2;55;50;10;10;16;1238;1238
12428953;239;g_000;1;1;38;line_consecutive;0.6;1239;6;11;4-5;3;51140.24;51140.24000002087;51140.23999999839;51140.2399999984;2.0874722395092252e-08;-2.2482709027826783e-08;-2.2475433070212606e-08;eev,integrated,separated,ws;lintim;SiouxFalls;SiouxFalls;True;False;1e-05;6000;1;2;20;50;200;-5;50;0.75;2;55;50;10;10;16;1239;1239
12428953;240;g_000;1;1;38;line_consecutive;0.6;1240;6;12;5-9;3,9;51271.24;51402.240000000005;52420.23999999839;52420.239999998405;131.00000000000728;1017.9999999983849;1017.9999999983992;eev,integrated,separated,ws;lintim;SiouxFalls;SiouxFalls;True;False;1e-05;6000;1;2;20;50;200;-5;50;0.75;2;55;50;10;10;16;1240;1240
12428953;241;g_000;1;1;38;line_consecutive;0.6;1241;6;13;8-9;3,7;51140.240000000005;51140.23999999955;51140.23999999839;51140.23999999839;-4.5838532969355583e-10;-1.1568772606551647e-09;-1.1568772606551647e-09;eev,integrated,separated,ws;lintim;SiouxFalls;SiouxFalls;True;False;1e-05;6000;1;2;20;50;200;-5;50;0.75;2;55;50;10;10;16;1241;1241
12428953;242;g_000;1;1;38;line_consecutive;0.6;1242;6;14;7-8;3,7,11;51140.23999999999;51140.240000000005;51140.23999999839;51140.2399999984;1.4551915228366852e-11;-1.6152625903487206e-09;-1.6079866327345371e-09;eev,integrated,separated,ws;lintim;SiouxFalls;SiouxFalls;True;False;1e-05;6000;1;2;20;50;200;-5;50;0.75;2;55;50;10;10;16;1242;1242
12428953;243;g_000;1;1;38;line_consecutive;0.6;1243;6;15;7-18;3,11;51140.23999999999;51140.24000000001;51140.23999999839;51140.23999999839;2.182787284255028e-11;-1.622538547962904e-09;-1.622538547962904e-09;eev,integrated,separated,ws;lintim;SiouxFalls;SiouxFalls;True;False;1e-05;6000;1;2;20;50;200;-5;50;0.75;2;55;50;10;10;16;1243;1243
12428953;244;g_000;1;1;38;line_consecutive;0.6;1244;6;16;1-3;4,8,12;58391.91000000008;58918.000000000015;59192.72499999839;59192.7249999984;526.089999999931;274.724999998376;274.7249999983833;eev,integrated,separated,ws;lintim;SiouxFalls;SiouxFalls;True;False;1e-05;6000;1;2;20;50;200;-5;50;0.75;2;55;50;10;10;16;1244;1244
12428953;245;g_000;1;1;38;line_consecutive;0.6;1245;6;17;4-11;4;54346.68999999999;55250.21499999997;55779.53499999839;55779.5349999984;903.5249999999796;529.3199999984208;529.3199999984354;eev,integrated,separated,ws;lintim;SiouxFalls;SiouxFalls;True;False;1e-05;6000;1;2;20;50;200;-5;50;0.75;2;55;50;10;10;16;1245;1245
12428953;246;g_000;1;1;38;line_consecutive;0.6;1246;6;18;11-14;4,8,10;55715.62999999999;56294.27999999999;57293.02999999839;57293.0299999984;578.6500000000015;998.7499999983992;998.7499999984066;eev,integrated,separated,ws;lintim;SiouxFalls;SiouxFalls;True;False;1e-05;6000;1;2;20;50;200;-5;50;0.75;2;55;50;10;10;16;1246;1246
12428953;247;g_000;1;1;38;line_consecutive;0.6;1247;6;19;14-23;4,10;54841.905;55396.175;56078.2449999984;56078.2449999984;554.2700000000041;682.069999998399;682.069999998399;eev,integrated,separated,ws;lintim;SiouxFalls;SiouxFalls;True;False;1e-05;6000;1;2;20;50;200;-5;50;0.75;2;55;50;10;10;16;1247;1247
12428953;248;g_000;1;1;38;line_consecutive;0.6;1248;6;20;23-24;4;54286.7;55198.02999992916;55588.29499999839;55588.2949999984;911.329999929163;390.26500006923015;390.26500006923743;eev,integrated,separated,ws;lintim;SiouxFalls;SiouxFalls;True;False;1e-05;6000;1;2;20;50;200;-5;50;0.75;2;55;50;10;10;16;1248;1248
12428953;249;g_000;1;1;38;line_consecutive;0.6;1249;6;21;10-15;5,9;52049.83500000001;52180.835000000014;53427.95499999839;53427.9549999984;131.00000000000728;1247.1199999983728;1247.1199999983874;eev,integrated,separated,ws;lintim;SiouxFalls;SiouxFalls;True;False;1e-05;6000;1;2;20;50;200;-5;50;0.75;2;55;50;10;10;16;1249;1249
12428953;250;g_000;1;1;38;line_consecutive;0.6;1250;6;22;15-22;5,13;53051.31;53051.31000000001;53051.30999999839;53051.3099999984;1.4551915228366852e-11;-1.622538547962904e-09;-1.6152625903487206e-09;eev,integrated,separated,ws;lintim;SiouxFalls;SiouxFalls;True;False;1e-05;6000;1;2;20;50;200;-5;50;0.75;2;55;50;10;10;16;1250;1250
12428953;251;g_000;1;1;38;line_consecutive;0.6;1251;6;23;22-23;5;51792.37999999999;51792.595000000016;51792.59499999839;51792.59499999839;0.2150000000256113;-1.622538547962904e-09;-1.622538547962904e-09;eev,integrated,separated,ws;lintim;SiouxFalls;SiouxFalls;True;False;1e-05;6000;1;2;20;50;200;-5;50;0.75;2;55;50;10;10;16;1251;1251
12428953;252;g_000;1;1;38;line_consecutive;0.6;1252;6;24;13-24;6;53437.67;53966.72;54488.29499999839;54488.2949999984;529.0500000000029;521.5749999983891;521.5749999983964;eev,integrated,separated,ws;lintim;SiouxFalls;SiouxFalls;True;False;1e-05;6000;1;2;20;50;200;-5;50;0.75;2;55;50;10;10;16;1252;1252
12428953;253;g_000;1;1;38;line_consecutive;0.6;1253;6;25;21-24;6;52808.19;53127.14000000001;53497.5899999984;53497.5899999984;318.9500000000044;370.4499999983964;370.4499999983964;eev,integrated,separated,ws;lintim;SiouxFalls;SiouxFalls;True;False;1e-05;6000;1;2;20;50;200;-5;50;0.75;2;55;50;10;10;16;1253;1253
12428953;254;g_000;1;1;38;line_consecutive;0.6;1254;6;26;20-21;6;52734.38999999999;53053.34;53432.83499999839;53432.83499999839;318.9500000000044;379.4949999983946;379.4949999983946;eev,integrated,separated,ws;lintim;SiouxFalls;SiouxFalls;True;False;1e-05;6000;1;2;20;50;200;-5;50;0.75;2;55;50;10;10;16;1254;1254
12428953;255;g_000;1;1;38;line_consecutive;0.6;1255;6;27;9-10;7,9;51773.55;52406.859999992805;52726.58999999839;52726.5899999984;633.3099999928017;319.73000000558386;319.7300000055984;eev,integrated,separated,ws;lintim;SiouxFalls;SiouxFalls;True;False;1e-05;6000;1;2;20;50;200;-5;50;0.75;2;55;50;10;10;16;1255;1255
12428953;256;g_000;1;1;38;line_consecutive;0.6;1256;6;28;3-12;8,12;51140.239999996375;51140.24000000001;51140.23999999839;51140.23999999839;3.637978807091713e-09;-1.622538547962904e-09;-1.622538547962904e-09;eev,integrated,separated,ws;lintim;SiouxFalls;SiouxFalls;True;False;1e-05;6000;1;2;20;50;200;-5;50;0.75;2;55;50;10;10;16;1256;1256
12428953;257;g_000;1;1;38;line_consecutive;0.6;1257;6;29;5-6;9;51271.24;51402.240000000005;52420.23999999839;52420.23999999839;131.00000000000728;1017.9999999983849;1017.9999999983849;eev,integrated,separated,ws;lintim;SiouxFalls;SiouxFalls;True;False;1e-05;6000;1;2;20;50;200;-5;50;0.75;2;55;50;10;10;16;1257;1257
12428953;258;g_000;1;1;38;line_consecutive;0.6;1258;6;30;15-19;9,13,14;51730.34999999999;52320.46000000001;53741.714999998265;53741.714999998265;590.1100000000151;1421.2549999982584;1421.2549999982584;eev,integrated,separated,ws;lintim;SiouxFalls;SiouxFalls;True;False;1e-05;6000;1;2;20;50;200;-5;50;0.75;2;55;50;10;10;16;1258;1258
12428953;259;g_000;1;1;38;line_consecutive;0.6;1259;6;31;20-22;11;51140.23999999999;51140.24000000001;51140.23999998155;51140.23999998155;2.182787284255028e-11;-1.845910446718335e-08;-1.845910446718335e-08;eev,integrated,separated,ws;lintim;SiouxFalls;SiouxFalls;True;False;1e-05;6000;1;2;20;50;200;-5;50;0.75;2;55;50;10;10;16;1259;1259
12428953;260;g_000;1;1;38;line_consecutive;0.6;1260;6;32;18-20;11;51140.24;51140.24000000485;51140.23999998507;51140.23999998508;4.853063728660345e-09;-1.9783328752964732e-08;-1.9768776837736368e-08;eev,integrated,separated,ws;lintim;SiouxFalls;SiouxFalls;True;False;1e-05;6000;1;2;20;50;200;-5;50;0.75;2;55;50;10;10;16;1260;1260
12428953;261;g_000;1;1;38;line_consecutive;0.6;1261;6;33;12-13;12;51140.23999999999;51140.24000000001;51140.23999999839;51140.23999999839;2.182787284255028e-11;-1.622538547962904e-09;-1.622538547962904e-09;eev,integrated,separated,ws;lintim;SiouxFalls;SiouxFalls;True;False;1e-05;6000;1;2;20;50;200;-5;50;0.75;2;55;50;10;10;16;1261;1261
12428953;262;g_000;1;1;38;line_consecutive;0.6;1262;6;34;1-2;12;51140.24;51140.24000000041;51140.23999999839;51140.23999999839;4.147295840084553e-10;-2.0227162167429924e-09;-2.0227162167429924e-09;eev,integrated,separated,ws;lintim;SiouxFalls;SiouxFalls;True;False;1e-05;6000;1;2;20;50;200;-5;50;0.75;2;55;50;10;10;16;1262;1262
12428953;263;g_000;1;1;38;line_consecutive;0.6;1263;6;35;21-22;13;51402.15999999999;51664.08000000001;51710.22499999839;51710.22499999838;261.9200000000201;46.144999998381536;46.14499999837426;eev,integrated,separated,ws;lintim;SiouxFalls;SiouxFalls;True;False;1e-05;6000;1;2;20;50;200;-5;50;0.75;2;55;50;10;10;16;1263;1263
12428953;264;g_000;1;1;38;line_consecutive;0.6;1264;6;36;14-15;14;51307.5;51474.76;51600.3699999984;51600.3699999984;167.26000000000204;125.60999999839989;125.60999999839989;eev,integrated,separated,ws;lintim;SiouxFalls;SiouxFalls;True;False;1e-05;6000;1;2;20;50;200;-5;50;0.75;2;55;50;10;10;16;1264;1264
12428953;265;g_000;1;1;38;line_consecutive;0.6;1265;6;37;10-17;14;51307.5;51474.76;51600.3699999984;51600.3699999984;167.26000000000204;125.60999999839989;125.60999999839989;eev,integrated,separated,ws;lintim;SiouxFalls;SiouxFalls;True;False;1e-05;6000;1;2;20;50;200;-5;50;0.75;2;55;50;10;10;16;1265;1265
12428953;266;g_000;1;1;38;line_consecutive;0.7;1266;7;0;11-12;1,7,8;55805.34999999999;56860.90999999957;57296.33499999839;57296.3349999984;1055.5599999995757;435.4249999988242;435.4249999988315;eev,integrated,separated,ws;lintim;SiouxFalls;SiouxFalls;True;False;1e-05;6000;1;2;20;50;200;-5;50;0.75;2;55;50;10;10;16;1266;1266
12428953;267;g_000;1;1;38;line_consecutive;0.7;1267;7;1;10-11;1,7,10;55473.42;56713.88000000002;58023.90499999839;58023.90499703081;1240.460000000021;1310.0249999983716;1310.0249970307923;eev,integrated,separated,ws;lintim;SiouxFalls;SiouxFalls;True;False;1e-05;6000;1;2;20;50;200;-5;50;0.75;2;55;50;10;10;16;1267;1267
12428953;268;g_000;1;1;38;line_consecutive;0.7;1268;7;2;10-16;1,10;53377.605;54149.60500000002;55900.32999999838;55900.32999999839;772.0000000000146;1750.7249999983617;1750.7249999983687;eev,integrated,separated,ws;lintim;SiouxFalls;SiouxFalls;True;False;1e-05;6000;1;2;20;50;200;-5;50;0.75;2;55;50;10;10;16;1268;1268
12428953;269;g_000;1;1;38;line_consecutive;0.7;1269;7;3;16-18;1;52659.84999999999;53324.045000000006;55021.82999999839;55021.82999999839;664.1950000000143;1697.784999998381;1697.784999998381;eev,integrated,separated,ws;lintim;SiouxFalls;SiouxFalls;True;False;1e-05;6000;1;2;20;50;200;-5;50;0.75;2;55;50;10;10;16;1269;1269
12428953;270;g_000;1;1;38;line_consecutive;0.7;1270;7;4;2-6;2;58649.21999999999;60364.61000000001;61235.3099999984;61235.3099999984;1715.3900000000212;870.6999999983891;870.6999999983891;eev,integrated,separated,ws;lintim;SiouxFalls;SiouxFalls;True;False;1e-05;6000;1;2;20;50;200;-5;50;0.75;2;55;50;10;10;16;1270;1270
12428953;271;g_000;1;1;38;line_consecutive;0.7;1271;7;5;6-8;2;57174.70999999999;58215.33000000001;58779.639999998384;58779.63999999839;1040.6200000000172;564.3099999983751;564.3099999983824;eev,integrated,separated,ws;lintim;SiouxFalls;SiouxFalls;True;False;1e-05;6000;1;2;20;50;200;-5;50;0.75;2;55;50;10;10;16;1271;1271
12428953;272;g_000;1;1;38;line_consecutive;0.7;1272;7;6;8-16;2,10,13;57078.68999999999;58362.380000000034;59573.35499999838;58810.01999999999;1283.690000000046;1210.974999998347;447.63999999995576;eev,integrated,separated,ws;lintim;SiouxFalls;SiouxFalls;True;False;1e-05;6000;1;2;20;50;200;-5;50;0.75;2;55;50;10;10;16;1272;1272
12428953;273;g_000;1;1;38;line_consecutive;0.7;1273;7;7;16-17;2,13;56436.240000000005;57344.130000000005;57945.2149999984;57889.19;907.8899999999994;601.0849999983984;545.0599999999977;eev,integrated,separated,ws;lintim;SiouxFalls;SiouxFalls;True;False;1e-05;6000;1;2;20;50;200;-5;50;0.75;2;55;50;10;10;16;1273;1273
12428953;274;g_000;1;1;38;line_consecutive;0.7;1274;7;8;17-19;2,13,14;60308.675;60993.63499999944;61877.76999999839;61414.10544037583;684.9599999994389;884.134999998947;420.4704403763899;eev,integrated,separated,ws;lintim;SiouxFalls;SiouxFalls;True;False;1e-05;6000;1;2;20;50;200;-5;50;0.75;2;55;50;10;10;16;1274;1274
12428953;275;g_000;1;1;38;line_consecutive;0.7;1275;7;9;19-20;2;57520.875;58598.405000000006;59162.71499999838;59162.71499999839;1077.530000000006;564.3099999983751;564.3099999983824;eev,integrated,separated,ws;lintim;SiouxFalls;SiouxFalls;True;False;1e-05;6000;1;2;20;50;200;-5;50;0.75;2;55;50;10;10;16;1275;1275
12428953;276;g_000;1;1;38;line_consecutive;0.7;1276;7;10;3-4;3,4;55065.45999999999;55980.80500000001;57075.83499999839;57075.83499999839;915.3450000000156;1095.0299999983836;1095.0299999983836;eev,integrated,separated,ws;lintim;SiouxFalls;SiouxFalls;True;False;1e-05;6000;1;2;20;50;200;-5;50;0.75;2;55;50;10;10;16;1276;1276
12428953;277;g_000;1;1;38;line_consecutive;0.7;1277;7;11;4-5;3;51140.24;51140.24000002087;51140.23999999839;51140.2399999984;2.0874722395092252e-08;-2.2482709027826783e-08;-2.2475433070212606e-08;eev,integrated,separated,ws;lintim;SiouxFalls;SiouxFalls;True;False;1e-05;6000;1;2;20;50;200;-5;50;0.75;2;55;50;10;10;16;1277;1277
12428953;278;g_000;1;1;38;line_consecutive;0.7;1278;7;12;5-9;3,9;51271.24;51402.240000000005;52420.23999999839;52420.239999998405;131.00000000000728;1017.9999999983849;1017.9999999983992;eev,integrated,separated,ws;lintim;SiouxFalls;SiouxFalls;True;False;1e-05;6000;1;2;20;50;200;-5;50;0.75;2;55;50;10;10;16;1278;1278
12428953;279;g_000;1;1;38;line_consecutive;0.7;1279;7;13;8-9;3,7;51140.240000000005;51140.23999999955;51140.23999999839;51140.23999999839;-4.5838532969355583e-10;-1.1568772606551647e-09;-1.1568772606551647e-09;eev,integrated,separated,ws;lintim;SiouxFalls;SiouxFalls;True;False;1e-05;6000;1;2;20;50;200;-5;50;0.75;2;55;50;10;10;16;1279;1279
12428953;280;g_000;1;1;38;line_consecutive;0.7;1280;7;14;7-8;3,7,11;51140.23999999999;51140.240000000005;51140.23999999839;51140.2399999984;1.4551915228366852e-11;-1.6152625903487206e-09;-1.6079866327345371e-09;eev,integrated,separated,ws;lintim;SiouxFalls;SiouxFalls;True;False;1e-05;6000;1;2;20;50;200;-5;50;0.75;2;55;50;10;10;16;1280;1280
12428953;281;g_000;1;1;38;line_consecutive;0.7;1281;7;15;7-18;3,11;51140.23999999999;51140.24000000001;51140.23999999839;51140.23999999839;2.182787284255028e-11;-1.622538547962904e-09;-1.622538547962904e-09;eev,integrated,separated,ws;lintim;SiouxFalls;SiouxFalls;True;False;1e-05;6000;1;2;20;50;200;-5;50;0.75;2;55;50;10;10;16;1281;1281
12428953;282;g_000;1;1;38;line_consecutive;0.7;1282;7;16;1-3;4,8,12;58391.91000000008;58918.000000000015;59192.72499999839;59192.7249999984;526.089999999931;274.724999998376;274.7249999983833;eev,integrated,separated,ws;lintim;SiouxFalls;SiouxFalls;True;False;1e-05;6000;1;2;20;50;200;-5;50;0.75;2;55;50;10;10;16;1282;1282
12428953;283;g_000;1;1;38;line_consecutive;0.7;1283;7;17;4-11;4;54346.68999999999;55250.21499999997;55779.53499999839;55779.5349999984;903.5249999999796;529.3199999984208;529.3199999984354;eev,integrated,separated,ws;lintim;SiouxFalls;SiouxFalls;True;False;1e-05;6000;1;2;20;50;200;-5;50;0.75;2;55;50;10;10;16;1283;1283
12428953;284;g_000;1;1;38;line_consecutive;0.7;1284;7;18;11-14;4,8,10;55715.62999999999;56294.27999999999;57293.02999999839;57293.0299999984;578.6500000000015;998.7499999983992;998.7499999984066;eev,integrated,separated,ws;lintim;SiouxFalls;SiouxFalls;True;False;1e-05;6000;1;2;20;50;200;-5;50;0.75;2;55;50;10;10;16;1284;1284
12428953;285;g_000;1;1;38;line_consecutive;0.7;1285;7;19;14-23;4,10;54841.905;55396.175;56078.2449999984;56078.2449999984;554.2700000000041;682.069999998399;682.069999998399;eev,integrated,separated,ws;lintim;SiouxFalls;SiouxFalls;True;False;1e-05;6000;1;2;20;50;200;-5;50;0.75;2;55;50;10;10;16;1285;1285
12428953;286;g_000;1;1;38;line_consecutive;0.7;1286;7;20;23-24;4;54286.7;55198.02999992916;55588.29499999839;55588.2949999984;911.329999929163;390.26500006923015;390.26500006923743;eev,integrated,separated,ws;lintim;SiouxFalls;SiouxFalls;True;False;1e-05;6000;1;2;20;50;200;-5;50;0.75;2;55;50;10;10;16;1286;1286
12428953;287;g_000;1;1;38;line_consecutive;0.7;1287;7;21;10-15;5,9;52049.83500000001;52180.835000000014;53427.95499999839;53427.9549999984;131.00000000000728;1247.1199999983728;1247.1199999983874;eev,integrated,separated,ws;lintim;SiouxFalls;SiouxFalls;True;False;1e-05;6000;1;2;20;50;200;-5;50;0.75;2;55;50;10;10;16;1287;1287
12428953;288;g_000;1;1;38;line_consecutive;0.7;1288;7;22;15-22;5,13;53051.31;53051.31000000001;53051.30999999839;53051.3099999984;1.4551915228366852e-11;-1.622538547962904e-09;-1.6152625903487206e-09;eev,integrated,separated,ws;lintim;SiouxFalls;SiouxFalls;True;False;1e-05;6000;1;2;20;50;200;-5;50;0.75;2;55;50;10;10;16;1288;1288
12428953;289;g_000;1;1;38;line_consecutive;0.7;1289;7;23;22-23;5;51792.37999999999;51792.595000000016;51792.59499999839;51792.59499999839;0.2150000000256113;-1.622538547962904e-09;-1.622538547962904e-09;eev,integrated,separated,ws;lintim;SiouxFalls;SiouxFalls;True;False;1e-05;6000;1;2;20;50;200;-5;50;0.75;2;55;50;10;10;16;1289;1289
12428953;290;g_000;1;1;38;line_consecutive;0.7;1290;7;24;13-24;6;53437.67;53966.72;54488.29499999839;54488.2949999984;529.0500000000029;521.5749999983891;521.5749999983964;eev,integrated,separated,ws;lintim;SiouxFalls;SiouxFalls;True;False;1e-05;6000;1;2;20;50;200;-5;50;0.75;2;55;50;10;10;16;1290;1290
12428953;291;g_000;1;1;38;line_consecutive;0.7;1291;7;25;21-24;6;52808.19;53127.14000000001;53497.5899999984;53497.5899999984;318.9500000000044;370.4499999983964;370.4499999983964;eev,integrated,separated,ws;lintim;SiouxFalls;SiouxFalls;True;False;1e-05;6000;1;2;20;50;200;-5;50;0.75;2;55;50;10;10;16;1291;1291
12428953;292;g_000;1;1;38;line_consecutive;0.7;1292;7;26;20-21;6;52734.38999999999;53053.34;53432.83499999839;53432.83499999839;318.9500000000044;379.4949999983946;379.4949999983946;eev,integrated,separated,ws;lintim;SiouxFalls;SiouxFalls;True;False;1e-05;6000;1;2;20;50;200;-5;50;0.75;2;55;50;10;10;16;1292;1292
12428953;293;g_000;1;1;38;line_consecutive;0.7;1293;7;27;9-10;7,9;51773.55;52406.859999992805;52726.58999999839;52726.5899999984;633.3099999928017;319.73000000558386;319.7300000055984;eev,integrated,separated,ws;lintim;SiouxFalls;SiouxFalls;True;False;1e-05;6000;1;2;20;50;200;-5;50;0.75;2;55;50;10;10;16;1293;1293
12428953;294;g_000;1;1;38;line_consecutive;0.7;1294;7;28;3-12;8,12;51140.239999996375;51140.24000000001;51140.23999999839;51140.23999999839;3.637978807091713e-09;-1.622538547962904e-09;-1.622538547962904e-09;eev,integrated,separated,ws;lintim;SiouxFalls;SiouxFalls;True;False;1e-05;6000;1;2;20;50;200;-5;50;0.75;2;55;50;10;10;16;1294;1294
12428953;295;g_000;1;1;38;line_consecutive;0.7;1295;7;29;5-6;9;51271.24;51402.240000000005;52420.23999999839;52420.23999999839;131.00000000000728;1017.9999999983849;1017.9999999983849;eev,integrated,separated,ws;lintim;SiouxFalls;SiouxFalls;True;False;1e-05;6000;1;2;20;50;200;-5;50;0.75;2;55;50;10;10;16;1295;1295
12428953;296;g_000;1;1;38;line_consecutive;0.7;1296;7;30;15-19;9,13,14;51730.34999999999;52320.46000000001;53741.714999998265;53741.714999998265;590.1100000000151;1421.2549999982584;1421.2549999982584;eev,integrated,separated,ws;lintim;SiouxFalls;SiouxFalls;True;False;1e-05;6000;1;2;20;50;200;-5;50;0.75;2;55;50;10;10;16;1296;1296
12428953;297;g_000;1;1;38;line_consecutive;0.7;1297;7;31;20-22;11;51140.23999999999;51140.24000000001;51140.23999998155;51140.23999998155;2.182787284255028e-11;-1.845910446718335e-08;-1.845910446718335e-08;eev,integrated,separated,ws;lintim;SiouxFalls;SiouxFalls;True;False;1e-05;6000;1;2;20;50;200;-5;50;0.75;2;55;50;10;10;16;1297;1297
12428953;298;g_000;1;1;38;line_consecutive;0.7;1298;7;32;18-20;11;51140.24;51140.24000000485;51140.23999998507;51140.23999998508;4.853063728660345e-09;-1.9783328752964732e-08;-1.9768776837736368e-08;eev,integrated,separated,ws;lintim;SiouxFalls;SiouxFalls;True;False;1e-05;6000;1;2;20;50;200;-5;50;0.75;2;55;50;10;10;16;1298;1298
12428953;299;g_000;1;1;38;line_consecutive;0.7;1299;7;33;12-13;12;51140.23999999999;51140.24000000001;51140.23999999839;51140.23999999839;2.182787284255028e-11;-1.622538547962904e-09;-1.622538547962904e-09;eev,integrated,separated,ws;lintim;SiouxFalls;SiouxFalls;True;False;1e-05;6000;1;2;20;50;200;-5;50;0.75;2;55;50;10;10;16;1299;1299
12428953;300;g_000;1;1;38;line_consecutive;0.7;1300;7;34;1-2;12;51140.24;51140.24000000041;51140.23999999839;51140.23999999839;4.147295840084553e-10;-2.0227162167429924e-09;-2.0227162167429924e-09;eev,integrated,separated,ws;lintim;SiouxFalls;SiouxFalls;True;False;1e-05;6000;1;2;20;50;200;-5;50;0.75;2;55;50;10;10;16;1300;1300
12428953;301;g_000;1;1;38;line_consecutive;0.7;1301;7;35;21-22;13;51402.15999999999;51664.08000000001;51710.22499999839;51710.22499999838;261.9200000000201;46.144999998381536;46.14499999837426;eev,integrated,separated,ws;lintim;SiouxFalls;SiouxFalls;True;False;1e-05;6000;1;2;20;50;200;-5;50;0.75;2;55;50;10;10;16;1301;1301
12428953;302;g_000;1;1;38;line_consecutive;0.7;1302;7;36;14-15;14;51307.5;51474.76;51600.3699999984;51600.3699999984;167.26000000000204;125.60999999839989;125.60999999839989;eev,integrated,separated,ws;lintim;SiouxFalls;SiouxFalls;True;False;1e-05;6000;1;2;20;50;200;-5;50;0.75;2;55;50;10;10;16;1302;1302
12428953;303;g_000;1;1;38;line_consecutive;0.7;1303;7;37;10-17;14;51307.5;51474.76;51600.3699999984;51600.3699999984;167.26000000000204;125.60999999839989;125.60999999839989;eev,integrated,separated,ws;lintim;SiouxFalls;SiouxFalls;True;False;1e-05;6000;1;2;20;50;200;-5;50;0.75;2;55;50;10;10;16;1303;1303
12428953;304;g_000;1;1;38;line_consecutive;0.8;1304;8;0;11-12;1,7,8;55805.34999999999;56860.90999999957;57296.33499999839;57296.3349999984;1055.5599999995757;435.4249999988242;435.4249999988315;eev,integrated,separated,ws;lintim;SiouxFalls;SiouxFalls;True;False;1e-05;6000;1;2;20;50;200;-5;50;0.75;2;55;50;10;10;16;1304;1304
12428953;305;g_000;1;1;38;line_consecutive;0.8;1305;8;1;10-11;1,7,10;55473.42;56713.88000000002;58023.90499999839;58023.90499703081;1240.460000000021;1310.0249999983716;1310.0249970307923;eev,integrated,separated,ws;lintim;SiouxFalls;SiouxFalls;True;False;1e-05;6000;1;2;20;50;200;-5;50;0.75;2;55;50;10;10;16;1305;1305
12428953;306;g_000;1;1;38;line_consecutive;0.8;1306;8;2;10-16;1,10;53377.605;54149.60500000002;55900.32999999838;55900.32999999839;772.0000000000146;1750.7249999983617;1750.7249999983687;eev,integrated,separated,ws;lintim;SiouxFalls;SiouxFalls;True;False;1e-05;6000;1;2;20;50;200;-5;50;0.75;2;55;50;10;10;16;1306;1306
12428953;307;g_000;1;1;38;line_consecutive;0.8;1307;8;3;16-18;1;52659.84999999999;53324.045000000006;55021.82999999839;55021.82999999839;664.1950000000143;1697.784999998381;1697.784999998381;eev,integrated,separated,ws;lintim;SiouxFalls;SiouxFalls;True;False;1e-05;6000;1;2;20;50;200;-5;50;0.75;2;55;50;10;10;16;1307;1307
12428953;308;g_000;1;1;38;line_consecutive;0.8;1308;8;4;2-6;2;58649.21999999999;60364.61000000001;61235.3099999984;61235.3099999984;1715.3900000000212;870.6999999983891;870.6999999983891;eev,integrated,separated,ws;lintim;SiouxFalls;SiouxFalls;True;False;1e-05;6000;1;2;20;50;200;-5;50;0.75;2;55;50;10;10;16;1308;1308
12428953;309;g_000;1;1;38;line_consecutive;0.8;1309;8;5;6-8;2;57174.70999999999;58215.33000000001;58779.639999998384;58779.63999999839;1040.6200000000172;564.3099999983751;564.3099999983824;eev,integrated,separated,ws;lintim;SiouxFalls;SiouxFalls;True;False;1e-05;6000;1;2;20;50;200;-5;50;0.75;2;55;50;10;10;16;1309;1309
12428953;310;g_000;1;1;38;line_consecutive;0.8;1310;8;6;8-16;2,10,13;57078.68999999999;58362.380000000034;59573.35499999838;58810.01999999999;1283.690000000046;1210.974999998347;447.63999999995576;eev,integrated,separated,ws;lintim;SiouxFalls;SiouxFalls;True;False;1e-05;6000;1;2;20;50;200;-5;50;0.75;2;55;50;10;10;16;1310;1310
12428953;311;g_000;1;1;38;line_consecutive;0.8;1311;8;7;16-17;2,13;56436.240000000005;57344.130000000005;57945.2149999984;57889.19;907.8899999999994;601.0849999983984;545.0599999999977;eev,integrated,separated,ws;lintim;SiouxFalls;SiouxFalls;True;False;1e-05;6000;1;2;20;50;200;-5;50;0.75;2;55;50;10;10;16;1311;1311
12428953;312;g_000;1;1;38;line_consecutive;0.8;1312;8;8;17-19;2,13,14;60308.675;60993.63499999944;61877.76999999839;61414.10544037583;684.9599999994389;884.134999998947;420.4704403763899;eev,integrated,separated,ws;lintim;SiouxFalls;SiouxFalls;True;False;1e-05;6000;1;2;20;50;200;-5;50;0.75;2;55;50;10;10;16;1312;1312
12428953;313;g_000;1;1;38;line_consecutive;0.8;1313;8;9;19-20;2;57520.875;58598.405000000006;59162.71499999838;59162.71499999839;1077.530000000006;564.3099999983751;564.3099999983824;eev,integrated,separated,ws;lintim;SiouxFalls;SiouxFalls;True;False;1e-05;6000;1;2;20;50;200;-5;50;0.75;2;55;50;10;10;16;1313;1313
12428953;314;g_000;1;1;38;line_consecutive;0.8;1314;8;10;3-4;3,4;55065.45999999999;55980.80500000001;57075.83499999839;57075.83499999839;915.3450000000156;1095.0299999983836;1095.0299999983836;eev,integrated,separated,ws;lintim;SiouxFalls;SiouxFalls;True;False;1e-05;6000;1;2;20;50;200;-5;50;0.75;2;55;50;10;10;16;1314;1314
12428953;315;g_000;1;1;38;line_consecutive;0.8;1315;8;11;4-5;3;51140.24;51140.24000002087;51140.23999999839;51140.2399999984;2.0874722395092252e-08;-2.2482709027826783e-08;-2.2475433070212606e-08;eev,integrated,separated,ws;lintim;SiouxFalls;SiouxFalls;True;False;1e-05;6000;1;2;20;50;200;-5;50;0.75;2;55;50;10;10;16;1315;1315
12428953;316;g_000;1;1;38;line_consecutive;0.8;1316;8;12;5-9;3,9;51271.24;51402.240000000005;52420.23999999839;52420.239999998405;131.00000000000728;1017.9999999983849;1017.9999999983992;eev,integrated,separated,ws;lintim;SiouxFalls;SiouxFalls;True;False;1e-05;6000;1;2;20;50;200;-5;50;0.75;2;55;50;10;10;16;1316;1316
12428953;317;g_000;1;1;38;line_consecutive;0.8;1317;8;13;8-9;3,7;51140.240000000005;51140.23999999955;51140.23999999839;51140.23999999839;-4.5838532969355583e-10;-1.1568772606551647e-09;-1.1568772606551647e-09;eev,integrated,separated,ws;lintim;SiouxFalls;SiouxFalls;True;False;1e-05;6000;1;2;20;50;200;-5;50;0.75;2;55;50;10;10;16;1317;1317
12428953;318;g_000;1;1;38;line_consecutive;0.8;1318;8;14;7-8;3,7,11;51140.23999999999;51140.240000000005;51140.23999999839;51140.2399999984;1.4551915228366852e-11;-1.6152625903487206e-09;-1.6079866327345371e-09;eev,integrated,separated,ws;lintim;SiouxFalls;SiouxFalls;True;False;1e-05;6000;1;2;20;50;200;-5;50;0.75;2;55;50;10;10;16;1318;1318
12428953;319;g_000;1;1;38;line_consecutive;0.8;1319;8;15;7-18;3,11;51140.23999999999;51140.24000000001;51140.23999999839;51140.23999999839;2.182787284255028e-11;-1.622538547962904e-09;-1.622538547962904e-09;eev,integrated,separated,ws;lintim;SiouxFalls;SiouxFalls;True;False;1e-05;6000;1;2;20;50;200;-5;50;0.75;2;55;50;10;10;16;1319;1319
12428953;320;g_000;1;1;38;line_consecutive;0.8;1320;8;16;1-3;4,8,12;58391.91000000008;58918.000000000015;59192.72499999839;59192.7249999984;526.089999999931;274.724999998376;274.7249999983833;eev,integrated,separated,ws;lintim;SiouxFalls;SiouxFalls;True;False;1e-05;6000;1;2;20;50;200;-5;50;0.75;2;55;50;10;10;16;1320;1320
12428953;321;g_000;1;1;38;line_consecutive;0.8;1321;8;17;4-11;4;54346.68999999999;55250.21499999997;55779.53499999839;55779.5349999984;903.5249999999796;529.3199999984208;529.3199999984354;eev,integrated,separated,ws;lintim;SiouxFalls;SiouxFalls;True;False;1e-05;6000;1;2;20;50;200;-5;50;0.75;2;55;50;10;10;16;1321;1321
12428953;322;g_000;1;1;38;line_consecutive;0.8;1322;8;18;11-14;4,8,10;55715.62999999999;56294.27999999999;57293.02999999839;57293.0299999984;578.6500000000015;998.7499999983992;998.7499999984066;eev,integrated,separated,ws;lintim;SiouxFalls;SiouxFalls;True;False;1e-05;6000;1;2;20;50;200;-5;50;0.75;2;55;50;10;10;16;1322;1322
12428953;323;g_000;1;1;38;line_consecutive;0.8;1323;8;19;14-23;4,10;54841.905;55396.175;56078.2449999984;56078.2449999984;554.2700000000041;682.069999998399;682.069999998399;eev,integrated,separated,ws;lintim;SiouxFalls;SiouxFalls;True;False;1e-05;6000;1;2;20;50;200;-5;50;0.75;2;55;50;10;10;16;1323;1323
12428953;324;g_000;1;1;38;line_consecutive;0.8;1324;8;20;23-24;4;54286.7;55198.02999992916;55588.29499999839;55588.2949999984;911.329999929163;390.26500006923015;390.26500006923743;eev,integrated,separated,ws;lintim;SiouxFalls;SiouxFalls;True;False;1e-05;6000;1;2;20;50;200;-5;50;0.75;2;55;50;10;10;16;1324;1324
12428953;325;g_000;1;1;38;line_consecutive;0.8;1325;8;21;10-15;5,9;52049.83500000001;52180.835000000014;53427.95499999839;53427.9549999984;131.00000000000728;1247.1199999983728;1247.1199999983874;eev,integrated,separated,ws;lintim;SiouxFalls;SiouxFalls;True;False;1e-05;6000;1;2;20;50;200;-5;50;0.75;2;55;50;10;10;16;1325;1325
12428953;326;g_000;1;1;38;line_consecutive;0.8;1326;8;22;15-22;5,13;53051.31;53051.31000000001;53051.30999999839;53051.3099999984;1.4551915228366852e-11;-1.622538547962904e-09;-1.6152625903487206e-09;eev,integrated,separated,ws;lintim;SiouxFalls;SiouxFalls;True;False;1e-05;6000;1;2;20;50;200;-5;50;0.75;2;55;50;10;10;16;1326;1326
12428953;327;g_000;1;1;38;line_consecutive;0.8;1327;8;23;22-23;5;51792.37999999999;51792.595000000016;51792.59499999839;51792.59499999839;0.2150000000256113;-1.622538547962904e-09;-1.622538547962904e-09;eev,integrated,separated,ws;lintim;SiouxFalls;SiouxFalls;True;False;1e-05;6000;1;2;20;50;200;-5;50;0.75;2;55;50;10;10;16;1327;1327
12428953;328;g_000;1;1;38;line_consecutive;0.8;1328;8;24;13-24;6;53437.67;53966.72;54488.29499999839;54488.2949999984;529.0500000000029;521.5749999983891;521.5749999983964;eev,integrated,separated,ws;lintim;SiouxFalls;SiouxFalls;True;False;1e-05;6000;1;2;20;50;200;-5;50;0.75;2;55;50;10;10;16;1328;1328
12428953;329;g_000;1;1;38;line_consecutive;0.8;1329;8;25;21-24;6;52808.19;53127.14000000001;53497.5899999984;53497.5899999984;318.9500000000044;370.4499999983964;370.4499999983964;eev,integrated,separated,ws;lintim;SiouxFalls;SiouxFalls;True;False;1e-05;6000;1;2;20;50;200;-5;50;0.75;2;55;50;10;10;16;1329;1329
12428953;330;g_000;1;1;38;line_consecutive;0.8;1330;8;26;20-21;6;52734.38999999999;53053.34;53432.83499999839;53432.83499999839;318.9500000000044;379.4949999983946;379.4949999983946;eev,integrated,separated,ws;lintim;SiouxFalls;SiouxFalls;True;False;1e-05;6000;1;2;20;50;200;-5;50;0.75;2;55;50;10;10;16;1330;1330
12428953;331;g_000;1;1;38;line_consecutive;0.8;1331;8;27;9-10;7,9;51773.55;52406.859999992805;52726.58999999839;52726.5899999984;633.3099999928017;319.73000000558386;319.7300000055984;eev,integrated,separated,ws;lintim;SiouxFalls;SiouxFalls;True;False;1e-05;6000;1;2;20;50;200;-5;50;0.75;2;55;50;10;10;16;1331;1331
12428953;332;g_000;1;1;38;line_consecutive;0.8;1332;8;28;3-12;8,12;51140.239999996375;51140.24000000001;51140.23999999839;51140.23999999839;3.637978807091713e-09;-1.622538547962904e-09;-1.622538547962904e-09;eev,integrated,separated,ws;lintim;SiouxFalls;SiouxFalls;True;False;1e-05;6000;1;2;20;50;200;-5;50;0.75;2;55;50;10;10;16;1332;1332
12428953;333;g_000;1;1;38;line_consecutive;0.8;1333;8;29;5-6;9;51271.24;51402.240000000005;52420.23999999839;52420.23999999839;131.00000000000728;1017.9999999983849;1017.9999999983849;eev,integrated,separated,ws;lintim;SiouxFalls;SiouxFalls;True;False;1e-05;6000;1;2;20;50;200;-5;50;0.75;2;55;50;10;10;16;1333;1333
12428953;334;g_000;1;1;38;line_consecutive;0.8;1334;8;30;15-19;9,13,14;51730.34999999999;52320.46000000001;53741.714999998265;53741.714999998265;590.1100000000151;1421.2549999982584;1421.2549999982584;eev,integrated,separated,ws;lintim;SiouxFalls;SiouxFalls;True;False;1e-05;6000;1;2;20;50;200;-5;50;0.75;2;55;50;10;10;16;1334;1334
12428953;335;g_000;1;1;38;line_consecutive;0.8;1335;8;31;20-22;11;51140.23999999999;51140.24000000001;51140.23999998155;51140.23999998155;2.182787284255028e-11;-1.845910446718335e-08;-1.845910446718335e-08;eev,integrated,separated,ws;lintim;SiouxFalls;SiouxFalls;True;False;1e-05;6000;1;2;20;50;200;-5;50;0.75;2;55;50;10;10;16;1335;1335
12428953;336;g_000;1;1;38;line_consecutive;0.8;1336;8;32;18-20;11;51140.24;51140.24000000485;51140.23999998507;51140.23999998508;4.853063728660345e-09;-1.9783328752964732e-08;-1.9768776837736368e-08;eev,integrated,separated,ws;lintim;SiouxFalls;SiouxFalls;True;False;1e-05;6000;1;2;20;50;200;-5;50;0.75;2;55;50;10;10;16;1336;1336
12428953;337;g_000;1;1;38;line_consecutive;0.8;1337;8;33;12-13;12;51140.23999999999;51140.24000000001;51140.23999999839;51140.23999999839;2.182787284255028e-11;-1.622538547962904e-09;-1.622538547962904e-09;eev,integrated,separated,ws;lintim;SiouxFalls;SiouxFalls;True;False;1e-05;6000;1;2;20;50;200;-5;50;0.75;2;55;50;10;10;16;1337;1337
12428953;338;g_000;1;1;38;line_consecutive;0.8;1338;8;34;1-2;12;51140.24;51140.24000000041;51140.23999999839;51140.23999999839;4.147295840084553e-10;-2.0227162167429924e-09;-2.0227162167429924e-09;eev,integrated,separated,ws;lintim;SiouxFalls;SiouxFalls;True;False;1e-05;6000;1;2;20;50;200;-5;50;0.75;2;55;50;10;10;16;1338;1338
12428953;339;g_000;1;1;38;line_consecutive;0.8;1339;8;35;21-22;13;51402.15999999999;51664.08000000001;51710.22499999839;51710.22499999838;261.9200000000201;46.144999998381536;46.14499999837426;eev,integrated,separated,ws;lintim;SiouxFalls;SiouxFalls;True;False;1e-05;6000;1;2;20;50;200;-5;50;0.75;2;55;50;10;10;16;1339;1339
12428953;340;g_000;1;1;38;line_consecutive;0.8;1340;8;36;14-15;14;51307.5;51474.76;51600.3699999984;51600.3699999984;167.26000000000204;125.60999999839989;125.60999999839989;eev,integrated,separated,ws;lintim;SiouxFalls;SiouxFalls;True;False;1e-05;6000;1;2;20;50;200;-5;50;0.75;2;55;50;10;10;16;1340;1340
12428953;341;g_000;1;1;38;line_consecutive;0.8;1341;8;37;10-17;14;51307.5;51474.76;51600.3699999984;51600.3699999984;167.26000000000204;125.60999999839989;125.60999999839989;eev,integrated,separated,ws;lintim;SiouxFalls;SiouxFalls;True;False;1e-05;6000;1;2;20;50;200;-5;50;0.75;2;55;50;10;10;16;1341;1341
12428953;342;g_000;1;1;38;line_consecutive;0.9;1342;9;0;11-12;1,7,8;59537.438;60159.217;62221.21099999968;61058.752999999175;621.778999999995;2061.993999999686;899.5359999991779;eev,integrated,separated,ws;lintim;SiouxFalls;SiouxFalls;True;False;1e-05;6000;1;2;20;50;200;-5;50;0.75;2;55;50;10;10;16;1342;1342
12428953;343;g_000;1;1;38;line_consecutive;0.9;1343;9;1;10-11;1,7,10;58939.96399999999;59255.138000000006;63530.83699999968;59752.79800000001;315.1740000000136;4275.698999999673;497.6600000000035;eev,integrated,separated,ws;lintim;SiouxFalls;SiouxFalls;True;False;1e-05;6000;1;2;20;50;200;-5;50;0.75;2;55;50;10;10;16;1343;1343
12428953;344;g_000;1;1;38;line_consecutive;0.9;1344;9;2;10-16;1,10;55167.49699999999;55375.88099999679;59708.40199999965;55460.067;208.38399999680405;4332.52100000286;84.18600000321021;eev,integrated,separated,ws;lintim;SiouxFalls;SiouxFalls;True;False;1e-05;6000;1;2;20;50;200;-5;50;0.75;2;55;50;10;10;16;1344;1344
12428953;345;g_000;1;1;38;line_consecutive;0.9;1345;9;3;16-18;1;53875.53799999999;54019.03800000004;58127.10199999967;54773.21399999999;143.50000000004366;4108.063999999635;754.1759999999558;eev,integrated,separated,ws;lintim;SiouxFalls;SiouxFalls;True;False;1e-05;6000;1;2;20;50;200;-5;50;0.75;2;55;50;10;10;16;1345;1345
12428953;346;g_000;1;1;38;line_consecutive;0.9;1346;9;4;2-6;2;64656.40399999998;65442.37000000001;69311.36599999967;66900.687;785.9660000000295;3868.995999999665;1458.3169999999957;eev,integrated,separated,ws;lintim;SiouxFalls;SiouxFalls;True;False;1e-05;6000;1;2;20;50;200;-5;50;0.75;2;55;50;10;10;16;1346;1346
12428953;347;g_000;1;1;38;line_consecutive;0.9;1347;9;5;6-8;2;62002.28599999998;62275.171999999984;64891.15999999967;64526.082;272.8860000000059;2615.9879999996847;2250.910000000018;eev,integrated,separated,ws;lintim;SiouxFalls;SiouxFalls;True;False;1e-05;6000;1;2;20;50;200;-5;50;0.75;2;55;50;10;10;16;1347;1347
12428953;348;g_000;1;1;38;line_consecutive;0.9;1348;9;6;8-16;2,10,13;61829.44999999998;62177.658;66319.84699999967;65554.31099999999;348.20800000002055;4142.188999999671;3376.652999999984;eev,integrated,separated,ws;lintim;SiouxFalls;SiouxFalls;True;False;1e-05;6000;1;2;20;50;200;-5;50;0.75;2;55;50;10;10;16;1348;1348
12428953;349;g_000;1;1;38;line_consecutive;0.9;1349;9;7;16-17;2,13;60673.03999999999;60972.12;63389.19499999967;65338.184;299.080000000009;2417.0749999996697;4366.063999999999;eev,integrated,separated,ws;lintim;SiouxFalls;SiouxFalls;True;False;1e-05;6000;1;2;20;50;200;-5;50;0.75;2;55;50;10;10;16;1349;1349
12428953;350;g_000;1;1;38;line_consecutive;0.9;1350;9;8;17-19;2,13,14;67643.423;67780.415;70467.79399999967;80290.18300000692;136.99199999999837;2687.3789999996807;12509.768000006923;eev,integrated,separated,ws;lintim;SiouxFalls;SiouxFalls;True;False;1e-05;6000;1;2;20;50;200;-5;50;0.75;2;55;50;10;10;16;1350;1350
12428953;351;g_000;1;1;38;line_consecutive;0.9;1351;9;9;19-20;2;62625.38299999999;62898.269000046654;65580.69499999967;64990.527;272.8860000466666;2682.4259999530186;2092.257999953348;eev,integrated,separated,ws;lintim;SiouxFalls;SiouxFalls;True;False;1e-05;6000;1;2;20;50;200;-5;50;0.75;2;55;50;10;10;16;1351;1351
12428953;352;g_000;1;1;38;line_consecutive;0.9;1352;9;10;3-4;3,4;58205.635999999984;58492.278;61824.31099999967;58492.27799999999;286.6420000000144;3332.0329999996684;-7.275957614183426e-12;eev,integrated,separated,ws;lintim;SiouxFalls;SiouxFalls;True;False;1e-05;6000;1;2;20;50;200;-5;50;0.75;2;55;50;10;10;16;1352;1352
12428953;353;g_000;1;1;38;line_consecutive;0.9;1353;9;11;4-5;3;51140.23999999999;51140.23999999887;51140.23999999967;51140.239999999685;-1.1204974725842476e-09;8.003553375601767e-10;8.149072527885436e-10;eev,integrated,separated,ws;lintim;SiouxFalls;SiouxFalls;True;False;1e-05;6000;1;2;20;50;200;-5;50;0.75;2;55;50;10;10;16;1353;1353
12428953;354;g_000;1;1;38;line_consecutive;0.9;1354;9;12;5-9;3,9;51376.03999999999;51402.23999999999;53444.23999999967;53444.23999999968;26.19999999999709;2041.99999999968;2041.9999999996871;eev,integrated,separated,ws;lintim;SiouxFalls;SiouxFalls;True;False;1e-05;6000;1;2;20;50;200;-5;50;0.75;2;55;50;10;10;16;1354;1354
12428953;355;g_000;1;1;38;line_consecutive;0.9;1355;9;13;8-9;3,7;51140.240000000005;51140.24;51140.23999999967;51140.23999999967;-7.275957614183426e-12;-3.2741809263825417e-10;-3.2741809263825417e-10;eev,integrated,separated,ws;lintim;SiouxFalls;SiouxFalls;True;False;1e-05;6000;1;2;20;50;200;-5;50;0.75;2;55;50;10;10;16;1355;1355
12428953;356;g_000;1;1;38;line_consecutive;0.9;1356;9;14;7-8;3,7,11;51140.23999999999;51140.23999999999;51140.23999999967;51140.23999999967;0.0;-3.2014213502407074e-10;-3.2014213502407074e-10;eev,integrated,separated,ws;lintim;SiouxFalls;SiouxFalls;True;False;1e-05;6000;1;2;20;50;200;-5;50;0.75;2;55;50;10;10;16;1356;1356
12428953;357;g_000;1;1;38;line_consecutive;0.9;1357;9;15;7-18;3,11;51140.23999999999;51140.23999999785;51140.23999999967;51140.23999999967;-2.139131538569927e-09;1.8189894035458563e-09;1.8189894035458563e-09;eev,integrated,separated,ws;lintim;SiouxFalls;SiouxFalls;True;False;1e-05;6000;1;2;20;50;200;-5;50;0.75;2;55;50;10;10;16;1357;1357
12428953;358;g_000;1;1;38;line_consecutive;0.9;1358;9;16;1-3;4,8,12;64193.24600000013;64298.81999999855;65634.71299999967;73498.86099999999;105.57399999842164;1335.893000001117;9200.041000001438;eev,integrated,separated,ws;lintim;SiouxFalls;SiouxFalls;True;False;1e-05;6000;1;2;20;50;200;-5;50;0.75;2;55;50;10;10;16;1358;1358
12428953;359;g_000;1;1;38;line_consecutive;0.9;1359;9;17;4-11;4;56911.84999999998;57198.491999999984;59490.97099999967;57198.492;286.6420000000071;2292.4789999996865;1.4551915228366852e-11;eev,integrated,separated,ws;lintim;SiouxFalls;SiouxFalls;True;False;1e-05;6000;1;2;20;50;200;-5;50;0.75;2;55;50;10;10;16;1359;1359
12428953;360;g_000;1;1;38;line_consecutive;0.9;1360;9;18;11-14;4,8,10;59375.94199999998;59530.54899999999;62215.26199999967;60039.182;154.60700000001088;2684.712999999676;508.6330000000089;eev,integrated,separated,ws;lintim;SiouxFalls;SiouxFalls;True;False;1e-05;6000;1;2;20;50;200;-5;50;0.75;2;55;50;10;10;16;1360;1360
12428953;361;g_000;1;1;38;line_consecutive;0.9;1361;9;19;14-23;4,10;57803.23700000001;57914.09099999999;60028.64899999967;58667.41999999999;110.8539999999848;2114.557999999677;753.3289999999979;eev,integrated,separated,ws;lintim;SiouxFalls;SiouxFalls;True;False;1e-05;6000;1;2;20;50;200;-5;50;0.75;2;55;50;10;10;16;1361;1361
12428953;362;g_000;1;1;38;line_consecutive;0.9;1362;9;20;23-24;4;56803.868;57090.51;59146.73899999967;57090.51;286.6419999999998;2056.2289999996647;0.0;eev,integrated,separated,ws;lintim;SiouxFalls;SiouxFalls;True;False;1e-05;6000;1;2;20;50;200;-5;50;0.75;2;55;50;10;10;16;1362;1362
12428953;363;g_000;1;1;38;line_consecutive;0.9;1363;9;21;10-15;5,9;52777.511;52803.71099999999;55258.12699999967;52803.711;26.199999999989814;2454.4159999996846;1.4551915228366852e-11;eev,integrated,separated,ws;lintim;SiouxFalls;SiouxFalls;True;False;1e-05;6000;1;2;20;50;200;-5;50;0.75;2;55;50;10;10;16;1363;1363
12428953;364;g_000;1;1;38;line_consecutive;0.9;1364;9;22;15-22;5,13;54580.16599999998;54580.16599999999;54580.16599999967;55652.16100000023;7.275957614183426e-12;-3.2014213502407074e-10;1071.9950000002427;eev,integrated,separated,ws;lintim;SiouxFalls;SiouxFalls;True;False;1e-05;6000;1;2;20;50;200;-5;50;0.75;2;55;50;10;10;16;1364;1364
12428953;365;g_000;1;1;38;line_consecutive;0.9;1365;9;23;22-23;5;52314.09199999999;52314.47900000001;52314.47899999967;52314.47899999967;0.3870000000169966;-3.346940502524376e-10;-3.346940502524376e-10;eev,integrated,separated,ws;lintim;SiouxFalls;SiouxFalls;True;False;1e-05;6000;1;2;20;50;200;-5;50;0.75;2;55;50;10;10;16;1365;1365
12428953;366;g_000;1;1;38;line_consecutive;0.9;1366;9;24;13-24;6;55275.61399999999;55556.12199999997;57166.73899999967;55717.58399999997;280.5079999999798;1610.6169999997;161.4620000000068;eev,integrated,separated,ws;lintim;SiouxFalls;SiouxFalls;True;False;1e-05;6000;1;2;20;50;200;-5;50;0.75;2;55;50;10;10;16;1366;1366
12428953;367;g_000;1;1;38;line_consecutive;0.9;1367;9;25;21-24;6;54142.54999999999;54206.34;55383.46999999968;54206.33999999999;63.79000000000815;1177.1299999996843;-7.275957614183426e-12;eev,integrated,separated,ws;lintim;SiouxFalls;SiouxFalls;True;False;1e-05;6000;1;2;20;50;200;-5;50;0.75;2;55;50;10;10;16;1367;1367
12428953;368;g_000;1;1;38;line_consecutive;0.9;1368;9;26;20-21;6;54009.70999999998;54073.5;55266.91099999967;54073.49999999999;63.7900000000227;1193.4109999996726;-7.275957614183426e-12;eev,integrated,separated,ws;lintim;SiouxFalls;SiouxFalls;True;False;1e-05;6000;1;2;20;50;200;-5;50;0.75;2;55;50;10;10;16;1368;1368
12428953;369;g_000;1;1;38;line_consecutive;0.9;1369;9;27;9-10;7,9;52280.19799999999;52406.86;53995.66999999966;53995.66999999968;126.66200000001118;1588.809999999663;1588.8099999996775;eev,integrated,separated,ws;lintim;SiouxFalls;SiouxFalls;True;False;1e-05;6000;1;2;20;50;200;-5;50;0.75;2;55;50;10;10;16;1369;1369
12428953;370;g_000;1;1;38;line_consecutive;0.9;1370;9;28;3-12;8,12;51140.23999999347;51140.23999999999;51140.23999999967;51140.23999999967;6.5192580223083504e-09;-3.2014213502407074e-10;-3.2014213502407074e-10;eev,integrated,separated,ws;lintim;SiouxFalls;SiouxFalls;True;False;1e-05;6000;1;2;20;50;200;-5;50;0.75;2;55;50;10;10;16;1370;1370
12428953;371;g_000;1;1;38;line_consecutive;0.9;1371;9;29;5-6;9;51376.03999999999;51402.23999999999;53444.23999999967;53444.23999999968;26.19999999999709;2041.99999999968;2041.9999999996871;eev,integrated,separated,ws;lintim;SiouxFalls;SiouxFalls;True;False;1e-05;6000;1;2;20;50;200;-5;50;0.75;2;55;50;10;10;16;1371;1371
12428953;372;g_000;1;1;38;line_consecutive;0.9;1372;9;30;15-19;9,13,14;52202.438;52320.45999999999;55822.89499999944;53191.03299999592;118.02199999998992;3502.4349999994447;870.5729999959294;eev,integrated,separated,ws;lintim;SiouxFalls;SiouxFalls;True;False;1e-05;6000;1;2;20;50;200;-5;50;0.75;2;55;50;10;10;16;1372;1372
12428953;373;g_000;1;1;38;line_consecutive;0.9;1373;9;31;20-22;11;51140.23999999999;51140.24000000296;51140.23999996936;51140.23999996936;2.9685907065868374e-09;-3.360037226229906e-08;-3.360037226229906e-08;eev,integrated,separated,ws;lintim;SiouxFalls;SiouxFalls;True;False;1e-05;6000;1;2;20;50;200;-5;50;0.75;2;55;50;10;10;16;1373;1373
12428953;374;g_000;1;1;38;line_consecutive;0.9;1374;9;32;18-20;11;51140.23999999999;51140.24;51140.23999997569;51140.23999997569;7.275957614183426e-12;-2.4308974388986826e-08;-2.4308974388986826e-08;eev,integrated,separated,ws;lintim;SiouxFalls;SiouxFalls;True;False;1e-05;6000;1;2;20;50;200;-5;50;0.75;2;55;50;10;10;16;1374;1374
12428953;375;g_000;1;1;38;line_consecutive;0.9;1375;9;33;12-13;12;51140.23999999999;51140.23999999902;51140.23999999967;51140.23999999968;-9.677023626863954e-10;6.475602276623248e-10;6.548361852765082e-10;eev,integrated,separated,ws;lintim;SiouxFalls;SiouxFalls;True;False;1e-05;6000;1;2;20;50;200;-5;50;0.75;2;55;50;10;10;16;1375;1375
12428953;376;g_000;1;1;38;line_consecutive;0.9;1376;9;34;1-2;12;51140.23999999999;51140.240000000005;51140.23999999967;51140.23999999968;1.4551915228366852e-11;-3.346940502524376e-10;-3.2741809263825417e-10;eev,integrated,separated,ws;lintim;SiouxFalls;SiouxFalls;True;False;1e-05;6000;1;2;20;50;200;-5;50;0.75;2;55;50;10;10;16;1376;1376
12428953;377;g_000;1;1;38;line_consecutive;0.9;1377;9;35;21-22;13;51611.69599999998;51664.08;52166.21299999967;52166.21299999968;52.38400000002002;502.1329999996669;502.1329999996815;eev,integrated,separated,ws;lintim;SiouxFalls;SiouxFalls;True;False;1e-05;6000;1;2;20;50;200;-5;50;0.75;2;55;50;10;10;16;1377;1377
12428953;378;g_000;1;1;38;line_consecutive;0.9;1378;9;36;14-15;14;51441.30799999999;51474.76000000004;51968.47399999967;51968.47399999967;33.45200000004843;493.71399999962887;493.71399999962887;eev,integrated,separated,ws;lintim;SiouxFalls;SiouxFalls;True;False;1e-05;6000;1;2;20;50;200;-5;50;0.75;2;55;50;10;10;16;1378;1378
12428953;379;g_000;1;1;38;line_consecutive;0.9;1379;9;37;10-17;14;51441.30799999999;51474.76;51968.47399999967;51968.47399999967;33.45200000001205;493.7139999996653;493.7139999996653;eev,integrated,separated,ws;lintim;SiouxFalls;SiouxFalls;True;False;1e-05;6000;1;2;20;50;200;-5;50;0.75;2;55;50;10;10;16;1379;1379
12428953;380;g_000;1;1;38;line_consecutive;0.95;1380;10;0;11-12;1,7,8;60003.94899999999;60340.696;62836.82049999984;61202.26399999998;336.7470000000103;2496.124499999838;861.5679999999775;eev,integrated,separated,ws;lintim;SiouxFalls;SiouxFalls;True;False;1e-05;6000;1;2;20;50;200;-5;50;0.75;2;55;50;10;10;16;1380;1380
12428953;381;g_000;1;1;38;line_consecutive;0.95;1381;10;1;10-11;1,7,10;59373.28199999999;59530.86899999999;64219.20349999983;62021.34649999997;157.5869999999995;4688.334499999837;2490.477499999979;eev,integrated,separated,ws;lintim;SiouxFalls;SiouxFalls;True;False;1e-05;6000;1;2;20;50;200;-5;50;0.75;2;55;50;10;10;16;1381;1381
12428953;382;g_000;1;1;38;line_consecutive;0.95;1382;10;2;10-16;1,10;55391.2335;55495.42549999999;60184.41099999982;56355.3855;104.19199999998818;4688.985499999828;859.9600000000064;eev,integrated,separated,ws;lintim;SiouxFalls;SiouxFalls;True;False;1e-05;6000;1;2;20;50;200;-5;50;0.75;2;55;50;10;10;16;1382;1382
12428953;383;g_000;1;1;38;line_consecutive;0.95;1383;10;3;16-18;1;54027.49899999999;54099.249;58515.26099999984;54297.469;71.75000000001455;4416.011999999835;198.2199999999939;eev,integrated,separated,ws;lintim;SiouxFalls;SiouxFalls;True;False;1e-05;6000;1;2;20;50;200;-5;50;0.75;2;55;50;10;10;16;1383;1383
12428953;384;g_000;1;1;38;line_consecutive;0.95;1384;10;4;2-6;2;65407.30199999998;65800.28499999974;70320.87299999985;68876.99349999998;392.98299999976007;4520.588000000105;3076.7085000002407;eev,integrated,separated,ws;lintim;SiouxFalls;SiouxFalls;True;False;1e-05;6000;1;2;20;50;200;-5;50;0.75;2;55;50;10;10;16;1384;1384
12428953;385;g_000;1;1;38;line_consecutive;0.95;1385;10;5;6-8;2;62605.73299999999;62742.1760000136;65655.09999999983;68876.99349999998;136.44300001360534;2912.923999986233;6134.817499986384;eev,integrated,separated,ws;lintim;SiouxFalls;SiouxFalls;True;False;1e-05;6000;1;2;20;50;200;-5;50;0.75;2;55;50;10;10;16;1385;1385
12428953;386;g_000;1;1;38;line_consecutive;0.95;1386;10;6;8-16;2,10,13;62423.294999999984;62597.39899999999;67163.15849999983;72666.38600000001;174.10400000000664;4565.75949999984;10068.987000000025;eev,integrated,separated,ws;lintim;SiouxFalls;SiouxFalls;True;False;1e-05;6000;1;2;20;50;200;-5;50;0.75;2;55;50;10;10;16;1386;1386
12428953;387;g_000;1;1;38;line_consecutive;0.95;1387;10;7;16-17;2,13;61202.64000000001;61352.18;64069.692499999845;71658.2525;149.5399999999936;2717.5124999998443;10306.072500000002;eev,integrated,separated,ws;lintim;SiouxFalls;SiouxFalls;True;False;1e-05;6000;1;2;20;50;200;-5;50;0.75;2;55;50;10;10;16;1387;1387
12428953;388;g_000;1;1;38;line_consecutive;0.95;1388;10;8;17-19;2,13,14;68560.2665;68628.76250000004;71541.54699999983;93247.5885;68.49600000004284;2912.7844999997906;24618.82599999996;eev,integrated,separated,ws;lintim;SiouxFalls;SiouxFalls;True;False;1e-05;6000;1;2;20;50;200;-5;50;0.75;2;55;50;10;10;16;1388;1388
12428953;389;g_000;1;1;38;line_consecutive;0.95;1389;10;9;19-20;2;63263.4465;63399.88949999999;66382.94249999983;68876.99349999998;136.44299999999205;2983.05299999984;5477.103999999992;eev,integrated,separated,ws;lintim;SiouxFalls;SiouxFalls;True;False;1e-05;6000;1;2;20;50;200;-5;50;0.75;2;55;50;10;10;16;1389;1389
12428953;390;g_000;1;1;38;line_consecutive;0.95;1390;10;10;3-4;3,4;58598.158;58741.47900016541;62417.87049999983;67493.73449999999;143.3210001654079;3676.391499834419;8752.25549983458;eev,integrated,separated,ws;lintim;SiouxFalls;SiouxFalls;True;False;1e-05;6000;1;2;20;50;200;-5;50;0.75;2;55;50;10;10;16;1390;1390
12428953;391;g_000;1;1;38;line_consecutive;0.95;1391;10;11;4-5;3;51140.24;51140.23999999999;51140.23999999983;51140.23999999983;-7.275957614183426e-12;-1.6007106751203534e-10;-1.6007106751203534e-10;eev,integrated,separated,ws;lintim;SiouxFalls;SiouxFalls;True;False;1e-05;6000;1;2;20;50;200;-5;50;0.75;2;55;50;10;10;16;1391;1391
12428953;392;g_000;1;1;38;line_consecutive;0.95;1392;10;12;5-9;3,9;51389.14;51402.23999999999;53572.23999999983;51402.240000000005;13.099999999991269;2169.99999999984;1.4551915228366852e-11;eev,integrated,separated,ws;lintim;SiouxFalls;SiouxFalls;True;False;1e-05;6000;1;2;20;50;200;-5;50;0.75;2;55;50;10;10;16;1392;1392
12428953;393;g_000;1;1;38;line_consecutive;0.95;1393;10;13;8-9;3,7;51140.240000000005;51140.23999999998;51140.23999999983;51140.23999999984;-2.182787284255028e-11;-1.5279510989785194e-10;-1.4551915228366852e-10;eev,integrated,separated,ws;lintim;SiouxFalls;SiouxFalls;True;False;1e-05;6000;1;2;20;50;200;-5;50;0.75;2;55;50;10;10;16;1393;1393
12428953;394;g_000;1;1;38;line_consecutive;0.95;1394;10;14;7-8;3,7,11;51140.23999999999;51140.23999999999;51140.23999999983;51140.23999999983;0.0;-1.6007106751203534e-10;-1.6007106751203534e-10;eev,integrated,separated,ws;lintim;SiouxFalls;SiouxFalls;True;False;1e-05;6000;1;2;20;50;200;-5;50;0.75;2;55;50;10;10;16;1394;1394
12428953;395;g_000;1;1;38;line_consecutive;0.95;1395;10;15;7-18;3,11;51140.23999999999;51140.2400000174;51140.23999999983;51140.23999999984;1.7411366570740938e-08;-1.7571437638252974e-08;-1.756416168063879e-08;eev,integrated,separated,ws;lintim;SiouxFalls;SiouxFalls;True;False;1e-05;6000;1;2;20;50;200;-5;50;0.75;2;55;50;10;10;16;1395;1395
12428953;396;g_000;1;1;38;line_consecutive;0.95;1396;10;16;1-3;4,8,12;64918.41300000014;64971.19999999786;66439.96149999983;98470.983;52.78699999771925;1468.7615000019723;33499.783000002135;eev,integrated,separated,ws;lintim;SiouxFalls;SiouxFalls;True;False;1e-05;6000;1;2;20;50;200;-5;50;0.75;2;55;50;10;10;16;1396;1396
12428953;397;g_000;1;1;38;line_consecutive;0.95;1397;10;17;4-11;4;57232.49499999999;57375.81600002683;59954.90049999984;58126.1565;143.32100002684456;2579.0844999730107;750.3404999731647;eev,integrated,separated,ws;lintim;SiouxFalls;SiouxFalls;True;False;1e-05;6000;1;2;20;50;200;-5;50;0.75;2;55;50;10;10;16;1397;1397
12428953;398;g_000;1;1;38;line_consecutive;0.95;1398;10;18;11-14;4,8,10;59833.48099999999;59925.97949999984;62830.54099999984;66063.1495;92.49849999984872;2904.561499999996;6137.170000000158;eev,integrated,separated,ws;lintim;SiouxFalls;SiouxFalls;True;False;1e-05;6000;1;2;20;50;200;-5;50;0.75;2;55;50;10;10;16;1398;1398
12428953;399;g_000;1;1;38;line_consecutive;0.95;1399;10;19;14-23;4,10;58173.40350000001;58228.8305;60522.44949999984;61851.1925;55.426999999988766;2293.618999999846;3622.362000000001;eev,integrated,separated,ws;lintim;SiouxFalls;SiouxFalls;True;False;1e-05;6000;1;2;20;50;200;-5;50;0.75;2;55;50;10;10;16;1399;1399
12428953;400;g_000;1;1;38;line_consecutive;0.95;1400;10;20;23-24;4;57118.514;57261.83500000001;59591.54449999983;58126.1565;143.32100000000355;2329.7094999998226;864.3214999999909;eev,integrated,separated,ws;lintim;SiouxFalls;SiouxFalls;True;False;1e-05;6000;1;2;20;50;200;-5;50;0.75;2;55;50;10;10;16;1400;1400
12428953;401;g_000;1;1;38;line_consecutive;0.95;1401;10;21;10-15;5,9;52868.47050000001;52881.5705;55486.89849999984;53341.9855;13.099999999991269;2605.3279999998413;460.4150000000009;eev,integrated,separated,ws;lintim;SiouxFalls;SiouxFalls;True;False;1e-05;6000;1;2;20;50;200;-5;50;0.75;2;55;50;10;10;16;1401;1401
12428953;402;g_000;1;1;38;line_consecutive;0.95;1402;10;22;15-22;5,13;54771.273;54771.273000000845;54771.27299999983;57216.1215;8.440110832452773e-10;-1.0186340659856794e-09;2444.848499999156;eev,integrated,separated,ws;lintim;SiouxFalls;SiouxFalls;True;False;1e-05;6000;1;2;20;50;200;-5;50;0.75;2;55;50;10;10;16;1402;1402
12428953;403;g_000;1;1;38;line_consecutive;0.95;1403;10;23;22-23;5;52379.30599999999;52379.71449999999;52379.71449999984;52444.52;0.4084999999977299;-1.4551915228366852e-10;64.80550000000949;eev,integrated,separated,ws;lintim;SiouxFalls;SiouxFalls;True;False;1e-05;6000;1;2;20;50;200;-5;50;0.75;2;55;50;10;10;16;1403;1403
12428953;404;g_000;1;1;38;line_consecutive;0.95;1404;10;24;13-24;6;55505.357;55645.611;57501.54449999983;56409.391;140.25399999999354;1855.933499999832;763.7800000000061;eev,integrated,separated,ws;lintim;SiouxFalls;SiouxFalls;True;False;1e-05;6000;1;2;20;50;200;-5;50;0.75;2;55;50;10;10;16;1404;1404
12428953;405;g_000;1;1;38;line_consecutive;0.95;1405;10;25;21-24;6;54309.345;54341.24;55619.20499999984;56409.391;31.8949999999968;1277.9649999998437;2068.1510000000053;eev,integrated,separated,ws;lintim;SiouxFalls;SiouxFalls;True;False;1e-05;6000;1;2;20;50;200;-5;50;0.75;2;55;50;10;10;16;1405;1405
12428953;406;g_000;1;1;38;line_consecutive;0.95;1406;10;26;20-21;6;54169.12499999999;54201.02000000001;55496.17049999983;56409.391;31.895000000018623;1295.1504999998217;2208.370999999992;eev,integrated,separated,ws;lintim;SiouxFalls;SiouxFalls;True;False;1e-05;6000;1;2;20;50;200;-5;50;0.75;2;55;50;10;10;16;1406;1406
12428953;407;g_000;1;1;38;line_consecutive;0.95;1407;10;27;9-10;7,9;52343.529;52406.86000000001;54154.30499999983;52406.86;63.33100000000559;1747.444999999825;-7.275957614183426e-12;eev,integrated,separated,ws;lintim;SiouxFalls;SiouxFalls;True;False;1e-05;6000;1;2;20;50;200;-5;50;0.75;2;55;50;10;10;16;1407;1407
12428953;408;g_000;1;1;38;line_consecutive;0.95;1408;10;28;3-12;8,12;51140.23999999312;51140.23999999999;51140.23999999983;51140.23999999984;6.868503987789154e-09;-1.6007106751203534e-10;-1.5279510989785194e-10;eev,integrated,separated,ws;lintim;SiouxFalls;SiouxFalls;True;False;1e-05;6000;1;2;20;50;200;-5;50;0.75;2;55;50;10;10;16;1408;1408
12428953;409;g_000;1;1;38;line_consecutive;0.95;1409;10;29;5-6;9;51389.14;51402.24;53572.23999999983;51402.240000000005;13.099999999998545;2169.9999999998327;7.275957614183426e-12;eev,integrated,separated,ws;lintim;SiouxFalls;SiouxFalls;True;False;1e-05;6000;1;2;20;50;200;-5;50;0.75;2;55;50;10;10;16;1409;1409
12428953;410;g_000;1;1;38;line_consecutive;0.95;1410;10;30;15-19;9,13,14;52261.44899999999;52320.4600000256;56083.04249999959;52320.459999999934;59.01100002560997;3762.582499973985;-2.566957846283913e-08;eev,integrated,separated,ws;lintim;SiouxFalls;SiouxFalls;True;False;1e-05;6000;1;2;20;50;200;-5;50;0.75;2;55;50;10;10;16;1410;1410
12428953;411;g_000;1;1;38;line_consecutive;0.95;1411;10;31;20-22;11;51140.23999999999;51140.24000000035;51140.23999996783;51140.23999996784;3.5652192309498787e-10;-3.251625457778573e-08;-3.2508978620171554e-08;eev,integrated,separated,ws;lintim;SiouxFalls;SiouxFalls;True;False;1e-05;6000;1;2;20;50;200;-5;50;0.75;2;55;50;10;10;16;1411;1411
12428953;412;g_000;1;1;38;line_consecutive;0.95;1412;10;32;18-20;11;51140.24;51140.24000000316;51140.239999974525;51140.239999974525;3.1650415621697903e-09;-2.8638169169425964e-08;-2.8638169169425964e-08;eev,integrated,separated,ws;lintim;SiouxFalls;SiouxFalls;True;False;1e-05;6000;1;2;20;50;200;-5;50;0.75;2;55;50;10;10;16;1412;1412
12428953;413;g_000;1;1;38;line_consecutive;0.95;1413;10;33;12-13;12;51140.23999999999;51140.239999999976;51140.23999999983;51140.23999999984;-1.4551915228366852e-11;-1.4551915228366852e-10;-1.382431946694851e-10;eev,integrated,separated,ws;lintim;SiouxFalls;SiouxFalls;True;False;1e-05;6000;1;2;20;50;200;-5;50;0.75;2;55;50;10;10;16;1413;1413
12428953;414;g_000;1;1;38;line_consecutive;0.95;1414;10;34;1-2;12;51140.24;51140.23999999999;51140.23999999983;51140.23999999984;-7.275957614183426e-12;-1.6007106751203534e-10;-1.5279510989785194e-10;eev,integrated,separated,ws;lintim;SiouxFalls;SiouxFalls;True;False;1e-05;6000;1;2;20;50;200;-5;50;0.75;2;55;50;10;10;16;1414;1414
12428953;415;g_000;1;1;38;line_consecutive;0.95;1415;10;35;21-22;13;51637.887999999984;51664.07999999999;52223.21149999983;51664.08;26.192000000002736;559.1314999998431;1.4551915228366852e-11;eev,integrated,separated,ws;lintim;SiouxFalls;SiouxFalls;True;False;1e-05;6000;1;2;20;50;200;-5;50;0.75;2;55;50;10;10;16;1415;1415
12428953;416;g_000;1;1;38;line_consecutive;0.95;1416;10;36;14-15;14;51458.034;51474.76;52014.48699999984;51474.75999999436;16.726000000002387;539.7269999998389;-5.638867150992155e-09;eev,integrated,separated,ws;lintim;SiouxFalls;SiouxFalls;True;False;1e-05;6000;1;2;20;50;200;-5;50;0.75;2;55;50;10;10;16;1416;1416
12428953;417;g_000;1;1;38;line_consecutive;0.95;1417;10;37;10-17;14;51458.034;51474.76;52014.48699999984;51474.75999999436;16.726000000002387;539.7269999998389;-5.638867150992155e-09;eev,integrated,separated,ws;lintim;SiouxFalls;SiouxFalls;True;False;1e-05;6000;1;2;20;50;200;-5;50;0.75;2;55;50;10;10;16;1417;1417
