array_job_id;task_id;run_group_id;case_k;case_per_run;case_variants;case_selection;case_p_fail;case_id;case_sweep_row;case_variant_idx;case_edges;case_lines;WS;RP;EEV_nom;EEV_mean;EVPI;VSS_nom;VSS_mean;procedures_present;source;network;scenario_line_data;routing_agg;waiting_time_frequency;gap;time_limit;travel_time_cost_mult;waiting_time_cost_mult;line_operation_cost_mult;cost_repl_freq;cost_repl_line;repl_budget;bypass_multiplier;overdemand_threshold;overdemand_multiplier;num_od;train_capacity;infrastructure_capacity;max_frequency;threads;demand_scale;scenario_infra_id;scenario_prob_id
14050696;0;g_000;1;1;30;line_consecutive;0.05;1000;0;0;12-13;12;136644.633844;136644.633844;136644.63384399994;136644.633844;0.0;-5.820766091346741e-11;0.0;eev,integrated,separated,ws;lintim;SiouxFalls;SiouxFalls;True;False;1e-05;12000;1;2;20;50;200;-5;50;0.75;2;50;50;10;10;16;2.7866;1000;1000
14050696;1;g_000;1;1;30;line_consecutive;0.05;1001;0;1;20-21;6;140324.88462799945;140445.07330699998;140445.07330699996;140445.07300411584;120.18867900053738;-2.9103830456733704e-11;-0.0003028841456398;eev,integrated,separated,ws;lintim;SiouxFalls;SiouxFalls;True;False;1e-05;12000;1;2;20;50;200;-5;50;0.75;2;50;50;10;10;16;2.7866;1001;1001
14050696;2;g_000;1;1;30;line_consecutive;0.05;1002;0;2;14-23;4,10;149688.153646;149885.81772500003;149885.81772499997;159124.61977400002;197.66407900003836;-5.820766091346741e-11;9238.80204899999;eev,integrated,separated,ws;lintim;SiouxFalls;SiouxFalls;True;False;1e-05;12000;1;2;20;50;200;-5;50;0.75;2;50;50;10;10;16;2.7866;1002;1002
14050696;3;g_000;1;1;30;line_consecutive;0.05;1003;0;3;22-23;5;142178.21360500017;142378.47753300003;143346.05554699997;143346.055547;200.2639279998548;967.5780139999406;967.5780139999696;eev,integrated,separated,ws;lintim;SiouxFalls;SiouxFalls;True;False;1e-05;12000;1;2;20;50;200;-5;50;0.75;2;50;50;10;10;16;2.7866;1003;1003
14050696;4;g_000;1;1;30;line_consecutive;0.05;1004;0;4;11-14;4,8,10;163807.287564;165855.655346;165883.74610999995;173403.110743;2048.367782000016;28.090763999935007;7547.455396999983;eev,integrated,separated,ws;lintim;SiouxFalls;SiouxFalls;True;False;1e-05;12000;1;2;20;50;200;-5;50;0.75;2;50;50;10;10;16;2.7866;1004;1004
14050696;5;g_000;1;1;30;line_consecutive;0.05;1005;0;5;4-5;3;137485.76616799994;138160.002347;138325.19784899993;138325.197849;674.2361790000577;165.19550199992955;165.19550199998775;eev,integrated,separated,ws;lintim;SiouxFalls;SiouxFalls;True;False;1e-05;12000;1;2;20;50;200;-5;50;0.75;2;50;50;10;10;16;2.7866;1005;1005
14050696;6;g_000;1;1;30;line_consecutive;0.05;1006;0;6;1-2;12;136644.69777199998;136644.633844;136644.6338439987;136644.63384399872;-0.0639279999886639;-1.3096723705530167e-09;-1.280568540096283e-09;eev,integrated,separated,ws;lintim;SiouxFalls;SiouxFalls;True;False;1e-05;12000;1;2;20;50;200;-5;50;0.75;2;50;50;10;10;16;2.7866;1006;1006
14050696;7;g_000;1;1;30;line_consecutive;0.05;1007;0;7;4-11;4;153497.19433600002;156572.91219200005;157426.70293899995;162443.4439799999;3075.717856000032;853.7907469999045;5870.531787999847;eev,integrated,separated,ws;lintim;SiouxFalls;SiouxFalls;True;False;1e-05;12000;1;2;20;50;200;-5;50;0.75;2;50;50;10;10;16;2.7866;1007;1007
14050696;8;g_000;1;1;30;line_consecutive;0.05;1008;0;8;16-17;2,13;151461.24870499998;152866.84480899994;155849.45366199996;163416.0622149999;1405.5961039999677;2982.6088530000125;10549.217405999952;eev,integrated,separated,ws;lintim;SiouxFalls;SiouxFalls;True;False;1e-05;12000;1;2;20;50;200;-5;50;0.75;2;50;50;10;10;16;2.7866;1008;1008
14050696;9;g_000;1;1;30;line_consecutive;0.05;1009;0;9;10-11;1,7,10;156104.901396;158244.95386700248;159990.38133799995;164904.55588099995;2140.0524710024765;1745.427470997471;6659.602013997472;eev,integrated,separated,ws;lintim;SiouxFalls;SiouxFalls;True;False;1e-05;12000;1;2;20;50;200;-5;50;0.75;2;50;50;10;10;16;2.7866;1009;1009
14050696;10;g_000;1;1;30;line_consecutive;0.05;1010;0;10;7-18;3,11;137485.76616799994;138160.002347;138325.19784899996;138325.197849;674.2361790000577;165.19550199995865;165.19550199998775;eev,integrated,separated,ws;lintim;SiouxFalls;SiouxFalls;True;False;1e-05;12000;1;2;20;50;200;-5;50;0.75;2;50;50;10;10;16;2.7866;1010;1010
14050696;11;g_000;1;1;30;line_consecutive;0.05;1011;0;11;13-24;6;145629.903542;146726.555011;147656.23848199996;147656.2381791158;1096.651469000004;929.6834709999677;929.683168115822;eev,integrated,separated,ws;lintim;SiouxFalls;SiouxFalls;True;False;1e-05;12000;1;2;20;50;200;-5;50;0.75;2;50;50;10;10;16;2.7866;1011;1011
14050696;12;g_000;1;1;30;line_consecutive;0.05;1012;0;12;1-3;4,8,12;164416.178103;165705.89605399998;166521.76431799994;172625.45620899997;1289.7179509999696;815.8682639999606;6919.560154999985;eev,integrated,separated,ws;lintim;SiouxFalls;SiouxFalls;True;False;1e-05;12000;1;2;20;50;200;-5;50;0.75;2;50;50;10;10;16;2.7866;1012;1012
14050696;13;g_000;1;1;30;line_consecutive;0.05;1013;0;13;18-20;11;136644.63384399892;136644.633844;136644.63384399994;136644.633844;1.076841726899147e-09;-5.820766091346741e-11;0.0;eev,integrated,separated,ws;lintim;SiouxFalls;SiouxFalls;True;False;1e-05;12000;1;2;20;50;200;-5;50;0.75;2;50;50;10;10;16;2.7866;1013;1013
14050696;14;g_000;1;1;30;line_consecutive;0.05;1014;0;14;23-24;4;149382.2940340091;150241.78987199668;151399.88678799997;157515.63158899988;859.4958379875752;1158.0969160032982;7273.841717003204;eev,integrated,separated,ws;lintim;SiouxFalls;SiouxFalls;True;False;1e-05;12000;1;2;20;50;200;-5;50;0.75;2;50;50;10;10;16;2.7866;1014;1014
14050696;15;g_000;1;1;30;line_consecutive;0.05;1015;0;15;21-24;6;140669.54515199998;140995.16588;140995.16587999996;140995.16557711584;325.62072800000897;-2.9103830456733704e-11;-0.0003028841456398;eev,integrated,separated,ws;lintim;SiouxFalls;SiouxFalls;True;False;1e-05;12000;1;2;20;50;200;-5;50;0.75;2;50;50;10;10;16;2.7866;1015;1015
14050696;16;g_000;1;1;30;line_consecutive;0.05;1016;0;16;17-19;2,13,14;174015.736703;176584.91815099856;177068.02225899996;195596.218138;2569.1814479985624;483.1041080013965;19011.299987001432;eev,integrated,separated,ws;lintim;SiouxFalls;SiouxFalls;True;False;1e-05;12000;1;2;20;50;200;-5;50;0.75;2;50;50;10;10;16;2.7866;1016;1016
14050696;17;g_000;1;1;30;line_consecutive;0.05;1017;0;17;21-22;13;136644.633844;136644.63384400005;136644.63384399936;136644.6338439994;5.820766091346741e-11;-6.984919309616089e-10;-6.402842700481415e-10;eev,integrated,separated,ws;lintim;SiouxFalls;SiouxFalls;True;False;1e-05;12000;1;2;20;50;200;-5;50;0.75;2;50;50;10;10;16;2.7866;1017;1017
14050696;18;g_000;1;1;30;line_consecutive;0.05;1018;0;18;16-18;1;146262.16537;148829.19410400002;152163.91480499014;149169.77466342755;2567.0287340000214;3334.7207009901176;340.5805594275298;eev,integrated,separated,ws;lintim;SiouxFalls;SiouxFalls;True;False;1e-05;12000;1;2;20;50;200;-5;50;0.75;2;50;50;10;10;16;2.7866;1018;1018
14050696;19;g_000;1;1;30;line_consecutive;0.05;1019;0;19;5-9;3,9;144259.38902499998;145153.249903999;145397.63018899993;146452.7598198594;893.8608789990249;244.3802850009233;1299.509915860399;eev,integrated,separated,ws;lintim;SiouxFalls;SiouxFalls;True;False;1e-05;12000;1;2;20;50;200;-5;50;0.75;2;50;50;10;10;16;2.7866;1019;1019
14050696;20;g_000;1;1;30;line_consecutive;0.05;1020;0;20;19-20;2;157156.324907;158514.345024;158758.91412299994;168568.20534199965;1358.0201170000073;244.56909899992752;10053.860317999644;eev,integrated,separated,ws;lintim;SiouxFalls;SiouxFalls;True;False;1e-05;12000;1;2;20;50;200;-5;50;0.75;2;50;50;10;10;16;2.7866;1020;1020
14050696;21;g_000;1;1;30;line_consecutive;0.05;1021;0;21;8-9;3,7;137750.58763999998;138202.34519400058;139245.10858498933;139245.1085849894;451.7575540005928;1042.7633909887518;1042.76339098881;eev,integrated,separated,ws;lintim;SiouxFalls;SiouxFalls;True;False;1e-05;12000;1;2;20;50;200;-5;50;0.75;2;50;50;10;10;16;2.7866;1021;1021
14050696;22;g_000;1;1;30;line_consecutive;0.05;1022;0;22;10-15;5,9;151383.172612;153353.0050989576;153774.85602299997;158008.58759399998;1969.832486957603;421.85092404237366;4655.582495042385;eev,integrated,separated,ws;lintim;SiouxFalls;SiouxFalls;True;False;1e-05;12000;1;2;20;50;200;-5;50;0.75;2;50;50;10;10;16;2.7866;1022;1022
14050696;23;g_000;1;1;30;line_consecutive;0.05;1023;0;23;2-6;2;162844.935563;164952.231582;165193.06081399997;173754.54160599964;2107.2960190000013;240.82923199996003;8802.310023999627;eev,integrated,separated,ws;lintim;SiouxFalls;SiouxFalls;True;False;1e-05;12000;1;2;20;50;200;-5;50;0.75;2;50;50;10;10;16;2.7866;1023;1023
14050696;24;g_000;1;1;30;line_consecutive;0.05;1024;0;24;6-8;2;154654.33731599996;156065.35254399996;156339.68719799997;164756.00188399968;1411.0152280000038;274.3346540000057;8690.649339999713;eev,integrated,separated,ws;lintim;SiouxFalls;SiouxFalls;True;False;1e-05;12000;1;2;20;50;200;-5;50;0.75;2;50;50;10;10;16;2.7866;1024;1024
14050696;25;g_000;1;1;30;line_consecutive;0.05;1025;0;25;15-19;9,13,14;144025.9840909998;144800.6220180001;144800.62201799994;144800.622018;774.6379270003235;-1.7462298274040222e-10;-1.1641532182693479e-10;eev,integrated,separated,ws;lintim;SiouxFalls;SiouxFalls;True;False;1e-05;12000;1;2;20;50;200;-5;50;0.75;2;50;50;10;10;16;2.7866;1025;1025
14050696;26;g_000;1;1;30;line_consecutive;0.05;1026;0;26;9-10;7,9;144352.806742;145176.147526;145758.96973499993;145176.14752596413;823.340784;582.8222089999472;-3.585591912269592e-08;eev,integrated,separated,ws;lintim;SiouxFalls;SiouxFalls;True;False;1e-05;12000;1;2;20;50;200;-5;50;0.75;2;50;50;10;10;16;2.7866;1026;1026
14050696;27;g_000;1;1;30;line_consecutive;0.05;1027;0;27;14-15;14;136644.633844;136644.633844;136644.63384399994;136644.633844;0.0;-5.820766091346741e-11;0.0;eev,integrated,separated,ws;lintim;SiouxFalls;SiouxFalls;True;False;1e-05;12000;1;2;20;50;200;-5;50;0.75;2;50;50;10;10;16;2.7866;1027;1027
14050696;28;g_000;1;1;30;line_consecutive;0.05;1028;0;28;15-22;5,13;142876.12130499998;143902.72087820346;145061.33765000082;145061.33765000087;1026.599573203479;1158.6167717973583;1158.6167717974167;eev,integrated,separated,ws;lintim;SiouxFalls;SiouxFalls;True;False;1e-05;12000;1;2;20;50;200;-5;50;0.75;2;50;50;10;10;16;2.7866;1028;1028
14050696;29;g_000;1;1;30;line_consecutive;0.05;1029;0;29;10-17;14;136644.633844;136644.63384400005;136644.63384399994;136644.633844;5.820766091346741e-11;-1.1641532182693479e-10;-5.820766091346741e-11;eev,integrated,separated,ws;lintim;SiouxFalls;SiouxFalls;True;False;1e-05;12000;1;2;20;50;200;-5;50;0.75;2;50;50;10;10;16;2.7866;1029;1029
14050696;30;g_000;2;1;30;line_consecutive;0.05;1030;1;0;9-10,10-15;9;152810.94243500018;154482.358968;154965.46307598648;160089.75890699998;1671.4165329998068;483.10410798649536;5607.399938999995;eev,integrated,separated,ws;lintim;SiouxFalls;SiouxFalls;True;False;1e-05;12000;1;2;20;50;200;-5;50;0.75;2;50;50;10;10;16;2.7866;1030;1030
14050696;31;g_000;2;1;30;line_consecutive;0.05;1031;1;1;13-24,21-24;6;146356.153542;147452.805011;148342.52294399988;148342.52264111576;1096.651469000004;889.7179329998908;889.7176301157742;eev,integrated,separated,ws;lintim;SiouxFalls;SiouxFalls;True;False;1e-05;12000;1;2;20;50;200;-5;50;0.75;2;50;50;10;10;16;2.7866;1031;1031
14050696;32;g_000;2;1;30;line_consecutive;0.05;1032;1;2;10-15,15-22;5;152195.30240799987;153998.322539;154006.96918599994;157811.071857;1803.020131000114;8.646646999957738;3812.749318000017;eev,integrated,separated,ws;lintim;SiouxFalls;SiouxFalls;True;False;1e-05;12000;1;2;20;50;200;-5;50;0.75;2;50;50;10;10;16;2.7866;1032;1032
14050696;33;g_000;2;1;30;line_consecutive;0.05;1033;1;3;8-9,9-10;7;145388.71074002262;145904.02083499997;146993.56403899996;146389.79173099488;515.3100949773507;1089.5432039999869;485.77089599490864;eev,integrated,separated,ws;lintim;SiouxFalls;SiouxFalls;True;False;1e-05;12000;1;2;20;50;200;-5;50;0.75;2;50;50;10;10;16;2.7866;1033;1033
14050696;34;g_000;2;1;30;line_consecutive;0.05;1034;1;4;15-19,17-19;13,14;187191.544964;189315.3639139956;190671.02046;208447.647607;2123.8189499955624;1355.656546004437;19132.2836930044;eev,integrated,separated,ws;lintim;SiouxFalls;SiouxFalls;True;False;1e-05;12000;1;2;20;50;200;-5;50;0.75;2;50;50;10;10;16;2.7866;1034;1034
14050696;35;g_000;2;1;30;line_consecutive;0.05;1035;1;5;17-19,19-20;2;179484.777908;181567.7365195;183088.9229815;199776.422398;2082.958611500013;1521.1864620000124;18208.685878499997;eev,integrated,separated,ws;lintim;SiouxFalls;SiouxFalls;True;False;1e-05;12000;1;2;20;50;200;-5;50;0.75;2;50;50;10;10;16;2.7866;1035;1035
14050696;36;g_000;2;1;30;line_consecutive;0.05;1036;1;6;2-6,6-8;2;166738.41361699998;169472.088741;170267.68345899996;177968.50795399965;2733.6751240000303;795.5947179999494;8496.419212999637;eev,integrated,separated,ws;lintim;SiouxFalls;SiouxFalls;True;False;1e-05;12000;1;2;20;50;200;-5;50;0.75;2;50;50;10;10;16;2.7866;1036;1036
14050696;37;g_000;2;1;30;line_consecutive;0.05;1037;1;7;8-16,10-16;10;160825.387765;161693.18097099982;165207.9848749999;175360.066659;867.7932059998275;3514.803904000088;13666.885688000184;eev,integrated,separated,ws;lintim;SiouxFalls;SiouxFalls;True;False;1e-05;12000;1;2;20;50;200;-5;50;0.75;2;50;50;10;10;16;2.7866;1037;1037
14050696;38;g_000;2;1;30;line_consecutive;0.05;1038;1;8;5-9,8-9;3;145388.71074002262;145904.02083499997;146993.56403899996;148105.70785999956;515.3100949773507;1089.5432039999869;2201.6870249995845;eev,integrated,separated,ws;lintim;SiouxFalls;SiouxFalls;True;False;1e-05;12000;1;2;20;50;200;-5;50;0.75;2;50;50;10;10;16;2.7866;1038;1038
14050696;39;g_000;2;1;30;line_consecutive;0.05;1039;1;9;8-16,16-17;2,13;158330.67064000003;160556.85174198824;161356.75584999996;171479.79783099965;2226.1811019882152;799.9041080117167;10922.946089011411;eev,integrated,separated,ws;lintim;SiouxFalls;SiouxFalls;True;False;1e-05;12000;1;2;20;50;200;-5;50;0.75;2;50;50;10;10;16;2.7866;1039;1039
14050696;40;g_000;2;1;30;line_consecutive;0.05;1040;1;10;14-15,15-19;14;144025.984091;144800.622018;144800.62201799994;144800.622018;774.6379270000034;-5.820766091346741e-11;0.0;eev,integrated,separated,ws;lintim;SiouxFalls;SiouxFalls;True;False;1e-05;12000;1;2;20;50;200;-5;50;0.75;2;50;50;10;10;16;2.7866;1040;1040
14050696;41;g_000;2;1;30;line_consecutive;0.05;1041;1;11;15-22,22-23;5;143650.5543829999;145403.74362999885;146057.26989599995;146057.26989599998;1753.1892469989543;653.5262660011067;653.5262660011358;eev,integrated,separated,ws;lintim;SiouxFalls;SiouxFalls;True;False;1e-05;12000;1;2;20;50;200;-5;50;0.75;2;50;50;10;10;16;2.7866;1041;1041
14050696;42;g_000;2;1;30;line_consecutive;0.05;1042;1;12;9-10,10-11;7;165541.66492701095;166908.1820249998;168366.12101099995;175399.07097900004;1366.5170979888644;1457.9389860001393;8490.888954000227;eev,integrated,separated,ws;lintim;SiouxFalls;SiouxFalls;True;False;1e-05;12000;1;2;20;50;200;-5;50;0.75;2;50;50;10;10;16;2.7866;1042;1042
14050696;43;g_000;2;1;30;line_consecutive;0.05;1043;1;13;10-11,10-16;1,10;160556.472494;163037.97120599996;163873.73399799995;169572.88014299996;2481.4987119999714;835.7627919999941;6534.908937;eev,integrated,separated,ws;lintim;SiouxFalls;SiouxFalls;True;False;1e-05;12000;1;2;20;50;200;-5;50;0.75;2;50;50;10;10;16;2.7866;1043;1043
14050696;44;g_000;2;1;30;line_consecutive;0.05;1044;1;14;10-16,16-18;1;150411.71167600004;152993.716432;155448.84865999213;155046.502743;2582.004755999951;2455.132227992144;2052.7863110000035;eev,integrated,separated,ws;lintim;SiouxFalls;SiouxFalls;True;False;1e-05;12000;1;2;20;50;200;-5;50;0.75;2;50;50;10;10;16;2.7866;1044;1044
14050696;45;g_000;2;1;30;line_consecutive;0.05;1045;1;15;1-2,1-3;12;193875.421248;197842.929622;199060.467125;202673.99444597852;3967.508373999997;1217.5375029999996;4831.064823978551;eev,integrated,separated,ws;lintim;SiouxFalls;SiouxFalls;True;False;1e-05;12000;1;2;20;50;200;-5;50;0.75;2;50;50;10;10;16;2.7866;1045;1045
14050696;46;g_000;2;1;30;line_consecutive;0.05;1046;1;16;1-3,3-4;4;166538.00730300002;167731.260733988;168834.43153999996;179453.5643439811;1193.2534309879702;1103.1708060119709;11722.303609993103;eev,integrated,separated,ws;lintim;SiouxFalls;SiouxFalls;True;False;1e-05;12000;1;2;20;50;200;-5;50;0.75;2;50;50;10;10;16;2.7866;1046;1046
14050696;47;g_000;2;1;30;line_consecutive;0.05;1047;1;17;16-17,17-19;2,13;182060.749691;183988.74708199635;185592.4332339988;201601.02468099995;1927.9973909963448;1603.686152002425;17612.277599003603;eev,integrated,separated,ws;lintim;SiouxFalls;SiouxFalls;True;False;1e-05;12000;1;2;20;50;200;-5;50;0.75;2;50;50;10;10;16;2.7866;1047;1047
14050696;48;g_000;2;1;30;line_consecutive;0.05;1048;1;18;10-15,15-19;9;152471.169438;154184.8044319881;154866.37285999994;159450.25583099996;1713.6349939880893;681.5684280118439;5265.451399011858;eev,integrated,separated,ws;lintim;SiouxFalls;SiouxFalls;True;False;1e-05;12000;1;2;20;50;200;-5;50;0.75;2;50;50;10;10;16;2.7866;1048;1048
14050696;49;g_000;2;1;30;line_consecutive;0.05;1049;1;19;5-6,5-9;9;144447.72375399998;145779.901024;146073.23189399997;146452.7598198593;1332.1772700000147;293.33086999997613;672.858795859298;eev,integrated,separated,ws;lintim;SiouxFalls;SiouxFalls;True;False;1e-05;12000;1;2;20;50;200;-5;50;0.75;2;50;50;10;10;16;2.7866;1049;1049
14050696;50;g_000;2;1;30;line_consecutive;0.05;1050;1;20;10-17,17-19;14;182060.749691;183988.74708199635;185592.4332339988;201601.02468099995;1927.9973909963448;1603.686152002425;17612.277599003603;eev,integrated,separated,ws;lintim;SiouxFalls;SiouxFalls;True;False;1e-05;12000;1;2;20;50;200;-5;50;0.75;2;50;50;10;10;16;2.7866;1050;1050
14050696;51;g_000;2;1;30;line_consecutive;0.05;1051;1;21;14-23,23-24;4;166971.966027;169747.11692399997;170081.85019099998;176996.3481;2775.150896999985;334.73326700000325;7249.23117600003;eev,integrated,separated,ws;lintim;SiouxFalls;SiouxFalls;True;False;1e-05;12000;1;2;20;50;200;-5;50;0.75;2;50;50;10;10;16;2.7866;1051;1051
14050696;52;g_000;2;1;30;line_consecutive;0.05;1052;1;22;15-19,15-22;13;151819.32942198738;153534.77918598443;153939.59697899997;153939.596979;1715.4497639970505;404.81779301553615;404.81779301556526;eev,integrated,separated,ws;lintim;SiouxFalls;SiouxFalls;True;False;1e-05;12000;1;2;20;50;200;-5;50;0.75;2;50;50;10;10;16;2.7866;1052;1052
14050696;53;g_000;2;1;30;line_consecutive;0.05;1053;1;23;18-20,20-22;11;136644.633844;136644.633844;136644.63384399982;136644.63384399985;0.0;-1.7462298274040222e-10;-1.4551915228366852e-10;eev,integrated,separated,ws;lintim;SiouxFalls;SiouxFalls;True;False;1e-05;12000;1;2;20;50;200;-5;50;0.75;2;50;50;10;10;16;2.7866;1053;1053
14050696;54;g_000;2;1;30;line_consecutive;0.05;1054;1;24;4-5,5-9;3;144447.72375399998;145779.901024;146073.23189399997;146452.7598198593;1332.1772700000147;293.33086999997613;672.858795859298;eev,integrated,separated,ws;lintim;SiouxFalls;SiouxFalls;True;False;1e-05;12000;1;2;20;50;200;-5;50;0.75;2;50;50;10;10;16;2.7866;1054;1054
14050696;55;g_000;2;1;30;line_consecutive;0.05;1055;1;25;10-11,11-12;1,7;164352.01052500002;167109.72616199998;168952.97378799994;174573.72379095847;2757.715636999957;1843.247625999968;7463.997628958488;eev,integrated,separated,ws;lintim;SiouxFalls;SiouxFalls;True;False;1e-05;12000;1;2;20;50;200;-5;50;0.75;2;50;50;10;10;16;2.7866;1055;1055
14050696;56;g_000;2;1;30;line_consecutive;0.05;1056;1;26;20-21,21-24;6;146006.76895899998;147157.23086799955;147157.23086799996;147157.2305651158;1150.4619089995683;4.074536263942719e-10;-0.0003028837381862;eev,integrated,separated,ws;lintim;SiouxFalls;SiouxFalls;True;False;1e-05;12000;1;2;20;50;200;-5;50;0.75;2;50;50;10;10;16;2.7866;1056;1056
14050696;57;g_000;2;1;30;line_consecutive;0.05;1057;1;27;7-8,8-9;3,7;137750.58763999987;138325.693002;139245.10858499998;139245.108585;575.1053620001476;919.4155829999654;919.4155829999944;eev,integrated,separated,ws;lintim;SiouxFalls;SiouxFalls;True;False;1e-05;12000;1;2;20;50;200;-5;50;0.75;2;50;50;10;10;16;2.7866;1057;1057
14050696;58;g_000;2;1;30;line_consecutive;0.05;1058;1;28;3-4,4-5;3;163425.28624;167572.894244;168478.0027929821;171572.20062199995;4147.608004000009;905.108548982098;3999.30637799995;eev,integrated,separated,ws;lintim;SiouxFalls;SiouxFalls;True;False;1e-05;12000;1;2;20;50;200;-5;50;0.75;2;50;50;10;10;16;2.7866;1058;1058
14050696;59;g_000;2;1;30;line_consecutive;0.05;1059;1;29;3-4,4-11;4;163425.28624;167572.894244;168478.0027929821;171572.20062199995;4147.608004000009;905.108548982098;3999.30637799995;eev,integrated,separated,ws;lintim;SiouxFalls;SiouxFalls;True;False;1e-05;12000;1;2;20;50;200;-5;50;0.75;2;50;50;10;10;16;2.7866;1059;1059
14050696;60;g_000;1;1;30;line_consecutive;0.1;1060;2;0;16-17;2,13;151461.24870499998;152866.84480899994;155849.45366199996;163416.0622149999;1405.5961039999677;2982.6088530000125;10549.217405999952;eev,integrated,separated,ws;lintim;SiouxFalls;SiouxFalls;True;False;1e-05;12000;1;2;20;50;200;-5;50;0.75;2;50;50;10;10;16;2.7866;1060;1060
14050696;61;g_000;1;1;30;line_consecutive;0.1;1061;2;1;6-8;2;154654.33731599996;156065.35254399996;156339.68719799997;164756.00188399968;1411.0152280000038;274.3346540000057;8690.649339999713;eev,integrated,separated,ws;lintim;SiouxFalls;SiouxFalls;True;False;1e-05;12000;1;2;20;50;200;-5;50;0.75;2;50;50;10;10;16;2.7866;1061;1061
14050696;62;g_000;1;1;30;line_consecutive;0.1;1062;2;2;19-20;2;157156.324907;158514.345024;158758.91412299994;168568.20534199965;1358.0201170000073;244.56909899992752;10053.860317999644;eev,integrated,separated,ws;lintim;SiouxFalls;SiouxFalls;True;False;1e-05;12000;1;2;20;50;200;-5;50;0.75;2;50;50;10;10;16;2.7866;1062;1062
14050696;63;g_000;1;1;30;line_consecutive;0.1;1063;2;3;7-8;3,7,11;137750.5876400064;138325.6930020029;139245.10858499995;139245.10858499998;575.1053619965096;919.415582997055;919.415582997084;eev,integrated,separated,ws;lintim;SiouxFalls;SiouxFalls;True;False;1e-05;12000;1;2;20;50;200;-5;50;0.75;2;50;50;10;10;16;2.7866;1063;1063
14050696;64;g_000;1;1;30;line_consecutive;0.1;1064;2;4;21-22;13;136644.633844;136644.63384400005;136644.63384399936;136644.6338439994;5.820766091346741e-11;-6.984919309616089e-10;-6.402842700481415e-10;eev,integrated,separated,ws;lintim;SiouxFalls;SiouxFalls;True;False;1e-05;12000;1;2;20;50;200;-5;50;0.75;2;50;50;10;10;16;2.7866;1064;1064
14050696;65;g_000;1;1;30;line_consecutive;0.1;1065;2;5;7-18;3,11;137485.76616799994;138160.002347;138325.19784899996;138325.197849;674.2361790000577;165.19550199995865;165.19550199998775;eev,integrated,separated,ws;lintim;SiouxFalls;SiouxFalls;True;False;1e-05;12000;1;2;20;50;200;-5;50;0.75;2;50;50;10;10;16;2.7866;1065;1065
14050696;66;g_000;1;1;30;line_consecutive;0.1;1066;2;6;11-14;4,8,10;163807.287564;165855.655346;165883.74610999995;173403.110743;2048.367782000016;28.090763999935007;7547.455396999983;eev,integrated,separated,ws;lintim;SiouxFalls;SiouxFalls;True;False;1e-05;12000;1;2;20;50;200;-5;50;0.75;2;50;50;10;10;16;2.7866;1066;1066
14050696;67;g_000;1;1;30;line_consecutive;0.1;1067;2;7;5-9;3,9;144259.38902499998;145153.249903999;145397.63018899993;146452.7598198594;893.8608789990249;244.3802850009233;1299.509915860399;eev,integrated,separated,ws;lintim;SiouxFalls;SiouxFalls;True;False;1e-05;12000;1;2;20;50;200;-5;50;0.75;2;50;50;10;10;16;2.7866;1067;1067
14050696;68;g_000;1;1;30;line_consecutive;0.1;1068;2;8;10-16;1,10;148364.35243599996;150129.82571399977;152448.13482899996;152068.545059;1765.4732779998158;2318.3091150001856;1938.7193450002237;eev,integrated,separated,ws;lintim;SiouxFalls;SiouxFalls;True;False;1e-05;12000;1;2;20;50;200;-5;50;0.75;2;50;50;10;10;16;2.7866;1068;1068
14050696;69;g_000;1;1;30;line_consecutive;0.1;1069;2;9;4-5;3;137485.76616799994;138160.002347;138325.19784899993;138325.197849;674.2361790000577;165.19550199992955;165.19550199998775;eev,integrated,separated,ws;lintim;SiouxFalls;SiouxFalls;True;False;1e-05;12000;1;2;20;50;200;-5;50;0.75;2;50;50;10;10;16;2.7866;1069;1069
14050696;70;g_000;1;1;30;line_consecutive;0.1;1070;2;10;10-11;1,7,10;156104.901396;158244.95386700248;159990.38133799995;164904.55588099995;2140.0524710024765;1745.427470997471;6659.602013997472;eev,integrated,separated,ws;lintim;SiouxFalls;SiouxFalls;True;False;1e-05;12000;1;2;20;50;200;-5;50;0.75;2;50;50;10;10;16;2.7866;1070;1070
14050696;71;g_000;1;1;30;line_consecutive;0.1;1071;2;11;1-3;4,8,12;164416.178103;165705.89605399998;166521.76431799994;172625.45620899997;1289.7179509999696;815.8682639999606;6919.560154999985;eev,integrated,separated,ws;lintim;SiouxFalls;SiouxFalls;True;False;1e-05;12000;1;2;20;50;200;-5;50;0.75;2;50;50;10;10;16;2.7866;1071;1071
14050696;72;g_000;1;1;30;line_consecutive;0.1;1072;2;12;2-6;2;162844.935563;164952.231582;165193.06081399997;173754.54160599964;2107.2960190000013;240.82923199996003;8802.310023999627;eev,integrated,separated,ws;lintim;SiouxFalls;SiouxFalls;True;False;1e-05;12000;1;2;20;50;200;-5;50;0.75;2;50;50;10;10;16;2.7866;1072;1072
14050696;73;g_000;1;1;30;line_consecutive;0.1;1073;2;13;11-12;1,7,8;155704.17468299996;158849.337109;160799.61331599994;163320.20800400004;3145.1624260000244;1950.276206999959;4470.870895000058;eev,integrated,separated,ws;lintim;SiouxFalls;SiouxFalls;True;False;1e-05;12000;1;2;20;50;200;-5;50;0.75;2;50;50;10;10;16;2.7866;1073;1073
14050696;74;g_000;1;1;30;line_consecutive;0.1;1074;2;14;9-10;7,9;144352.806742;145176.147526;145758.96973499993;145176.14752596413;823.340784;582.8222089999472;-3.585591912269592e-08;eev,integrated,separated,ws;lintim;SiouxFalls;SiouxFalls;True;False;1e-05;12000;1;2;20;50;200;-5;50;0.75;2;50;50;10;10;16;2.7866;1074;1074
14050696;75;g_000;1;1;30;line_consecutive;0.1;1075;2;15;3-4;3,4;160135.38210699277;164355.69564899936;165286.13631099995;169047.95134799997;4220.313542006596;930.4406620005902;4692.255699000612;eev,integrated,separated,ws;lintim;SiouxFalls;SiouxFalls;True;False;1e-05;12000;1;2;20;50;200;-5;50;0.75;2;50;50;10;10;16;2.7866;1075;1075
14050696;76;g_000;1;1;30;line_consecutive;0.1;1076;2;16;10-15;5,9;151383.172612;153353.0050989576;153774.85602299997;158008.58759399998;1969.832486957603;421.85092404237366;4655.582495042385;eev,integrated,separated,ws;lintim;SiouxFalls;SiouxFalls;True;False;1e-05;12000;1;2;20;50;200;-5;50;0.75;2;50;50;10;10;16;2.7866;1076;1076
14050696;77;g_000;1;1;30;line_consecutive;0.1;1077;2;17;16-18;1;146262.16537;148829.19410400002;152163.91480499014;149169.77466342755;2567.0287340000214;3334.7207009901176;340.5805594275298;eev,integrated,separated,ws;lintim;SiouxFalls;SiouxFalls;True;False;1e-05;12000;1;2;20;50;200;-5;50;0.75;2;50;50;10;10;16;2.7866;1077;1077
14050696;78;g_000;1;1;30;line_consecutive;0.1;1078;2;18;8-9;3,7;137750.58763999998;138202.34519400058;139245.10858498933;139245.1085849894;451.7575540005928;1042.7633909887518;1042.76339098881;eev,integrated,separated,ws;lintim;SiouxFalls;SiouxFalls;True;False;1e-05;12000;1;2;20;50;200;-5;50;0.75;2;50;50;10;10;16;2.7866;1078;1078
14050696;79;g_000;1;1;30;line_consecutive;0.1;1079;2;19;8-16;2,10,13;155863.428123;157109.01484499997;159247.97648699995;167604.11882899964;1245.5867219999782;2138.96164199998;10495.103983999668;eev,integrated,separated,ws;lintim;SiouxFalls;SiouxFalls;True;False;1e-05;12000;1;2;20;50;200;-5;50;0.75;2;50;50;10;10;16;2.7866;1079;1079
14050696;80;g_000;1;1;30;line_consecutive;0.1;1080;2;20;1-2;12;136644.69777199998;136644.633844;136644.6338439987;136644.63384399872;-0.0639279999886639;-1.3096723705530167e-09;-1.280568540096283e-09;eev,integrated,separated,ws;lintim;SiouxFalls;SiouxFalls;True;False;1e-05;12000;1;2;20;50;200;-5;50;0.75;2;50;50;10;10;16;2.7866;1080;1080
14050696;81;g_000;1;1;30;line_consecutive;0.1;1081;2;21;14-15;14;136644.633844;136644.633844;136644.63384399994;136644.633844;0.0;-5.820766091346741e-11;0.0;eev,integrated,separated,ws;lintim;SiouxFalls;SiouxFalls;True;False;1e-05;12000;1;2;20;50;200;-5;50;0.75;2;50;50;10;10;16;2.7866;1081;1081
14050696;82;g_000;1;1;30;line_consecutive;0.1;1082;2;22;23-24;4;149382.2940340091;150241.78987199668;151399.88678799997;157515.63158899988;859.4958379875752;1158.0969160032982;7273.841717003204;eev,integrated,separated,ws;lintim;SiouxFalls;SiouxFalls;True;False;1e-05;12000;1;2;20;50;200;-5;50;0.75;2;50;50;10;10;16;2.7866;1082;1082
14050696;83;g_000;1;1;30;line_consecutive;0.1;1083;2;23;20-22;11;136644.633844;136644.6338641831;136644.63384399994;136644.63384399997;2.018309896811843e-05;-2.0183157175779343e-05;-2.018312807194889e-05;eev,integrated,separated,ws;lintim;SiouxFalls;SiouxFalls;True;False;1e-05;12000;1;2;20;50;200;-5;50;0.75;2;50;50;10;10;16;2.7866;1083;1083
14050696;84;g_000;1;1;30;line_consecutive;0.1;1084;2;24;3-12;8,12;136644.633844;136644.633844;136644.63384399924;136644.63384399927;0.0;-7.566995918750762e-10;-7.275957614183425e-10;eev,integrated,separated,ws;lintim;SiouxFalls;SiouxFalls;True;False;1e-05;12000;1;2;20;50;200;-5;50;0.75;2;50;50;10;10;16;2.7866;1084;1084
14050696;85;g_000;1;1;30;line_consecutive;0.1;1085;2;25;15-19;9,13,14;144025.9840909998;144800.6220180001;144800.62201799994;144800.622018;774.6379270003235;-1.7462298274040222e-10;-1.1641532182693479e-10;eev,integrated,separated,ws;lintim;SiouxFalls;SiouxFalls;True;False;1e-05;12000;1;2;20;50;200;-5;50;0.75;2;50;50;10;10;16;2.7866;1085;1085
14050696;86;g_000;1;1;30;line_consecutive;0.1;1086;2;26;5-6;9;144025.984091;144800.622018;144800.62201799994;144800.622018;774.6379270000034;-5.820766091346741e-11;0.0;eev,integrated,separated,ws;lintim;SiouxFalls;SiouxFalls;True;False;1e-05;12000;1;2;20;50;200;-5;50;0.75;2;50;50;10;10;16;2.7866;1086;1086
14050696;87;g_000;1;1;30;line_consecutive;0.1;1087;2;27;13-24;6;145629.903542;146726.555011;147656.23848199996;147656.2381791158;1096.651469000004;929.6834709999677;929.683168115822;eev,integrated,separated,ws;lintim;SiouxFalls;SiouxFalls;True;False;1e-05;12000;1;2;20;50;200;-5;50;0.75;2;50;50;10;10;16;2.7866;1087;1087
14050696;88;g_000;1;1;30;line_consecutive;0.1;1088;2;28;18-20;11;136644.63384399892;136644.633844;136644.63384399994;136644.633844;1.076841726899147e-09;-5.820766091346741e-11;0.0;eev,integrated,separated,ws;lintim;SiouxFalls;SiouxFalls;True;False;1e-05;12000;1;2;20;50;200;-5;50;0.75;2;50;50;10;10;16;2.7866;1088;1088
14050696;89;g_000;1;1;30;line_consecutive;0.1;1089;2;29;20-21;6;140324.88462799945;140445.07330699998;140445.07330699996;140445.07300411584;120.18867900053738;-2.9103830456733704e-11;-0.0003028841456398;eev,integrated,separated,ws;lintim;SiouxFalls;SiouxFalls;True;False;1e-05;12000;1;2;20;50;200;-5;50;0.75;2;50;50;10;10;16;2.7866;1089;1089
14050696;90;g_000;2;1;30;line_consecutive;0.1;1090;3;0;20-21,21-24;6;146006.76895899998;147157.23086799955;147157.23086799996;147157.2305651158;1150.4619089995683;4.074536263942719e-10;-0.0003028837381862;eev,integrated,separated,ws;lintim;SiouxFalls;SiouxFalls;True;False;1e-05;12000;1;2;20;50;200;-5;50;0.75;2;50;50;10;10;16;2.7866;1090;1090
14050696;91;g_000;2;1;30;line_consecutive;0.1;1091;3;1;13-24,21-24;6;146356.153542;147452.805011;148342.52294399988;148342.52264111576;1096.651469000004;889.7179329998908;889.7176301157742;eev,integrated,separated,ws;lintim;SiouxFalls;SiouxFalls;True;False;1e-05;12000;1;2;20;50;200;-5;50;0.75;2;50;50;10;10;16;2.7866;1091;1091
14050696;92;g_000;2;1;30;line_consecutive;0.1;1092;3;2;15-19,15-22;13;151819.32942198738;153534.77918598443;153939.59697899997;153939.596979;1715.4497639970505;404.81779301553615;404.81779301556526;eev,integrated,separated,ws;lintim;SiouxFalls;SiouxFalls;True;False;1e-05;12000;1;2;20;50;200;-5;50;0.75;2;50;50;10;10;16;2.7866;1092;1092
14050696;93;g_000;2;1;30;line_consecutive;0.1;1093;3;3;9-10,10-15;9;152810.94243500018;154482.358968;154965.46307598648;160089.75890699998;1671.4165329998068;483.10410798649536;5607.399938999995;eev,integrated,separated,ws;lintim;SiouxFalls;SiouxFalls;True;False;1e-05;12000;1;2;20;50;200;-5;50;0.75;2;50;50;10;10;16;2.7866;1093;1093
14050696;94;g_000;2;1;30;line_consecutive;0.1;1094;3;4;10-17,17-19;14;182060.749691;183988.74708199635;185592.4332339988;201601.02468099995;1927.9973909963448;1603.686152002425;17612.277599003603;eev,integrated,separated,ws;lintim;SiouxFalls;SiouxFalls;True;False;1e-05;12000;1;2;20;50;200;-5;50;0.75;2;50;50;10;10;16;2.7866;1094;1094
14050696;95;g_000;2;1;30;line_consecutive;0.1;1095;3;5;4-11,11-14;4;165976.56876499997;167532.614655;167532.61465499995;174864.5046670001;1556.0458900000376;-5.820766091346741e-11;7331.890012000076;eev,integrated,separated,ws;lintim;SiouxFalls;SiouxFalls;True;False;1e-05;12000;1;2;20;50;200;-5;50;0.75;2;50;50;10;10;16;2.7866;1095;1095
14050696;96;g_000;2;1;30;line_consecutive;0.1;1096;3;6;10-11,11-14;10;188548.8247409957;190289.721375;191265.500145;206714.262115;1740.8966340042823;975.7787699999752;16424.540739999997;eev,integrated,separated,ws;lintim;SiouxFalls;SiouxFalls;True;False;1e-05;12000;1;2;20;50;200;-5;50;0.75;2;50;50;10;10;16;2.7866;1096;1096
14050696;97;g_000;2;1;30;line_consecutive;0.1;1097;3;7;5-9,8-9;3;145388.71074002262;145904.02083499997;146993.56403899996;148105.70785999956;515.3100949773507;1089.5432039999869;2201.6870249995845;eev,integrated,separated,ws;lintim;SiouxFalls;SiouxFalls;True;False;1e-05;12000;1;2;20;50;200;-5;50;0.75;2;50;50;10;10;16;2.7866;1097;1097
14050696;98;g_000;2;1;30;line_consecutive;0.1;1098;3;8;15-19,17-19;13,14;187191.544964;189315.3639139956;190671.02046;208447.647607;2123.8189499955624;1355.656546004437;19132.2836930044;eev,integrated,separated,ws;lintim;SiouxFalls;SiouxFalls;True;False;1e-05;12000;1;2;20;50;200;-5;50;0.75;2;50;50;10;10;16;2.7866;1098;1098
14050696;99;g_000;2;1;30;line_consecutive;0.1;1099;3;9;6-8,8-16;2;159933.519587;162774.753456;163457.43221099995;172825.03533999965;2841.233869000018;682.6787549999426;10050.281883999647;eev,integrated,separated,ws;lintim;SiouxFalls;SiouxFalls;True;False;1e-05;12000;1;2;20;50;200;-5;50;0.75;2;50;50;10;10;16;2.7866;1099;1099
14050696;100;g_000;2;1;30;line_consecutive;0.1;1100;3;10;9-10,10-11;7;165541.66492701095;166908.1820249998;168366.12101099995;175399.07097900004;1366.5170979888644;1457.9389860001393;8490.888954000227;eev,integrated,separated,ws;lintim;SiouxFalls;SiouxFalls;True;False;1e-05;12000;1;2;20;50;200;-5;50;0.75;2;50;50;10;10;16;2.7866;1100;1100
14050696;101;g_000;2;1;30;line_consecutive;0.1;1101;3;11;11-14,14-23;4,10;179439.22648399998;182574.3480959997;183407.162262;189907.809857;3135.121611999726;832.8141660002584;7333.461761000275;eev,integrated,separated,ws;lintim;SiouxFalls;SiouxFalls;True;False;1e-05;12000;1;2;20;50;200;-5;50;0.75;2;50;50;10;10;16;2.7866;1101;1101
14050696;102;g_000;2;1;30;line_consecutive;0.1;1102;3;12;10-15,15-19;9;152471.169438;154184.8044319881;154866.37285999994;159450.25583099996;1713.6349939880893;681.5684280118439;5265.451399011858;eev,integrated,separated,ws;lintim;SiouxFalls;SiouxFalls;True;False;1e-05;12000;1;2;20;50;200;-5;50;0.75;2;50;50;10;10;16;2.7866;1102;1102
14050696;103;g_000;2;1;30;line_consecutive;0.1;1103;3;13;7-8,8-9;3,7;137750.58763999987;138325.693002;139245.10858499998;139245.108585;575.1053620001476;919.4155829999654;919.4155829999944;eev,integrated,separated,ws;lintim;SiouxFalls;SiouxFalls;True;False;1e-05;12000;1;2;20;50;200;-5;50;0.75;2;50;50;10;10;16;2.7866;1103;1103
14050696;104;g_000;2;1;30;line_consecutive;0.1;1104;3;14;4-5,5-9;3;144447.72375399998;145779.901024;146073.23189399997;146452.7598198593;1332.1772700000147;293.33086999997613;672.858795859298;eev,integrated,separated,ws;lintim;SiouxFalls;SiouxFalls;True;False;1e-05;12000;1;2;20;50;200;-5;50;0.75;2;50;50;10;10;16;2.7866;1104;1104
14050696;105;g_000;2;1;30;line_consecutive;0.1;1105;3;15;8-16,16-17;2,13;158330.67064000003;160556.85174198824;161356.75584999996;171479.79783099965;2226.1811019882152;799.9041080117167;10922.946089011411;eev,integrated,separated,ws;lintim;SiouxFalls;SiouxFalls;True;False;1e-05;12000;1;2;20;50;200;-5;50;0.75;2;50;50;10;10;16;2.7866;1105;1105
14050696;106;g_000;2;1;30;line_consecutive;0.1;1106;3;16;15-22,22-23;5;143650.5543829999;145403.74362999885;146057.26989599995;146057.26989599998;1753.1892469989543;653.5262660011067;653.5262660011358;eev,integrated,separated,ws;lintim;SiouxFalls;SiouxFalls;True;False;1e-05;12000;1;2;20;50;200;-5;50;0.75;2;50;50;10;10;16;2.7866;1106;1106
14050696;107;g_000;2;1;30;line_consecutive;0.1;1107;3;17;17-19,19-20;2;179484.777908;181567.7365195;183088.9229815;199776.422398;2082.958611500013;1521.1864620000124;18208.685878499997;eev,integrated,separated,ws;lintim;SiouxFalls;SiouxFalls;True;False;1e-05;12000;1;2;20;50;200;-5;50;0.75;2;50;50;10;10;16;2.7866;1107;1107
14050696;108;g_000;2;1;30;line_consecutive;0.1;1108;3;18;3-12,12-13;12;136644.633844;136644.63384399997;136644.63384399962;136644.63384399965;-2.9103830456733704e-11;-3.4924596548080444e-10;-3.2014213502407074e-10;eev,integrated,separated,ws;lintim;SiouxFalls;SiouxFalls;True;False;1e-05;12000;1;2;20;50;200;-5;50;0.75;2;50;50;10;10;16;2.7866;1108;1108
14050696;109;g_000;2;1;30;line_consecutive;0.1;1109;3;19;2-6,6-8;2;166738.41361699998;169472.088741;170267.68345899996;177968.50795399965;2733.6751240000303;795.5947179999494;8496.419212999637;eev,integrated,separated,ws;lintim;SiouxFalls;SiouxFalls;True;False;1e-05;12000;1;2;20;50;200;-5;50;0.75;2;50;50;10;10;16;2.7866;1109;1109
14050696;110;g_000;2;1;30;line_consecutive;0.1;1110;3;20;18-20,20-22;11;136644.633844;136644.633844;136644.63384399982;136644.63384399985;0.0;-1.7462298274040222e-10;-1.4551915228366852e-10;eev,integrated,separated,ws;lintim;SiouxFalls;SiouxFalls;True;False;1e-05;12000;1;2;20;50;200;-5;50;0.75;2;50;50;10;10;16;2.7866;1110;1110
14050696;111;g_000;2;1;30;line_consecutive;0.1;1111;3;21;8-9,9-10;7;145388.71074002262;145904.02083499997;146993.56403899996;146389.79173099488;515.3100949773507;1089.5432039999869;485.77089599490864;eev,integrated,separated,ws;lintim;SiouxFalls;SiouxFalls;True;False;1e-05;12000;1;2;20;50;200;-5;50;0.75;2;50;50;10;10;16;2.7866;1111;1111
14050696;112;g_000;2;1;30;line_consecutive;0.1;1112;3;22;10-11,10-16;1,10;160556.472494;163037.97120599996;163873.73399799995;169572.88014299996;2481.4987119999714;835.7627919999941;6534.908937;eev,integrated,separated,ws;lintim;SiouxFalls;SiouxFalls;True;False;1e-05;12000;1;2;20;50;200;-5;50;0.75;2;50;50;10;10;16;2.7866;1112;1112
14050696;113;g_000;2;1;30;line_consecutive;0.1;1113;3;23;7-8,7-18;3,11;137750.58763999998;138325.693002;139245.10858499998;139245.108585;575.1053620000312;919.4155829999654;919.4155829999944;eev,integrated,separated,ws;lintim;SiouxFalls;SiouxFalls;True;False;1e-05;12000;1;2;20;50;200;-5;50;0.75;2;50;50;10;10;16;2.7866;1113;1113
14050696;114;g_000;2;1;30;line_consecutive;0.1;1114;3;24;7-18,18-20;11;137485.766168;138160.002347;138325.19784899993;138325.197849;674.2361789999995;165.19550199992955;165.19550199998775;eev,integrated,separated,ws;lintim;SiouxFalls;SiouxFalls;True;False;1e-05;12000;1;2;20;50;200;-5;50;0.75;2;50;50;10;10;16;2.7866;1114;1114
14050696;115;g_000;2;1;30;line_consecutive;0.1;1115;3;25;3-12,11-12;8;167236.67988500002;167761.291065;167821.19517299996;175961.75846500002;524.611179999978;59.9041079999588;8200.467400000023;eev,integrated,separated,ws;lintim;SiouxFalls;SiouxFalls;True;False;1e-05;12000;1;2;20;50;200;-5;50;0.75;2;50;50;10;10;16;2.7866;1115;1115
14050696;116;g_000;2;1;30;line_consecutive;0.1;1116;3;26;3-4,4-5;3;163425.28624;167572.894244;168478.0027929821;171572.20062199995;4147.608004000009;905.108548982098;3999.30637799995;eev,integrated,separated,ws;lintim;SiouxFalls;SiouxFalls;True;False;1e-05;12000;1;2;20;50;200;-5;50;0.75;2;50;50;10;10;16;2.7866;1116;1116
14050696;117;g_000;2;1;30;line_consecutive;0.1;1117;3;27;1-3,3-4;4;166538.00730300002;167731.260733988;168834.43153999996;179453.5643439811;1193.2534309879702;1103.1708060119709;11722.303609993103;eev,integrated,separated,ws;lintim;SiouxFalls;SiouxFalls;True;False;1e-05;12000;1;2;20;50;200;-5;50;0.75;2;50;50;10;10;16;2.7866;1117;1117
14050696;118;g_000;2;1;30;line_consecutive;0.1;1118;3;28;10-15,15-22;5;152195.30240799987;153998.322539;154006.96918599994;157811.071857;1803.020131000114;8.646646999957738;3812.749318000017;eev,integrated,separated,ws;lintim;SiouxFalls;SiouxFalls;True;False;1e-05;12000;1;2;20;50;200;-5;50;0.75;2;50;50;10;10;16;2.7866;1118;1118
14050696;119;g_000;2;1;30;line_consecutive;0.1;1119;3;29;14-15,15-19;14;144025.984091;144800.622018;144800.62201799994;144800.622018;774.6379270000034;-5.820766091346741e-11;0.0;eev,integrated,separated,ws;lintim;SiouxFalls;SiouxFalls;True;False;1e-05;12000;1;2;20;50;200;-5;50;0.75;2;50;50;10;10;16;2.7866;1119;1119
14050696;120;g_000;1;1;30;line_consecutive;0.2;1120;4;0;10-11;1,7,10;156104.901396;158244.95386700248;159990.38133799995;164904.55588099995;2140.0524710024765;1745.427470997471;6659.602013997472;eev,integrated,separated,ws;lintim;SiouxFalls;SiouxFalls;True;False;1e-05;12000;1;2;20;50;200;-5;50;0.75;2;50;50;10;10;16;2.7866;1120;1120
14050696;121;g_000;1;1;30;line_consecutive;0.2;1121;4;1;10-16;1,10;148364.35243599996;150129.82571399977;152448.13482899996;152068.545059;1765.4732779998158;2318.3091150001856;1938.7193450002237;eev,integrated,separated,ws;lintim;SiouxFalls;SiouxFalls;True;False;1e-05;12000;1;2;20;50;200;-5;50;0.75;2;50;50;10;10;16;2.7866;1121;1121
14050696;122;g_000;1;1;30;line_consecutive;0.2;1122;4;2;9-10;7,9;144352.806742;145176.147526;145758.96973499993;145176.14752596413;823.340784;582.8222089999472;-3.585591912269592e-08;eev,integrated,separated,ws;lintim;SiouxFalls;SiouxFalls;True;False;1e-05;12000;1;2;20;50;200;-5;50;0.75;2;50;50;10;10;16;2.7866;1122;1122
14050696;123;g_000;1;1;30;line_consecutive;0.2;1123;4;3;14-15;14;136644.633844;136644.633844;136644.63384399994;136644.633844;0.0;-5.820766091346741e-11;0.0;eev,integrated,separated,ws;lintim;SiouxFalls;SiouxFalls;True;False;1e-05;12000;1;2;20;50;200;-5;50;0.75;2;50;50;10;10;16;2.7866;1123;1123
14050696;124;g_000;1;1;30;line_consecutive;0.2;1124;4;4;6-8;2;154654.33731599996;156065.35254399996;156339.68719799997;164756.00188399968;1411.0152280000038;274.3346540000057;8690.649339999713;eev,integrated,separated,ws;lintim;SiouxFalls;SiouxFalls;True;False;1e-05;12000;1;2;20;50;200;-5;50;0.75;2;50;50;10;10;16;2.7866;1124;1124
14050696;125;g_000;1;1;30;line_consecutive;0.2;1125;4;5;7-8;3,7,11;137750.5876400064;138325.6930020029;139245.10858499995;139245.10858499998;575.1053619965096;919.415582997055;919.415582997084;eev,integrated,separated,ws;lintim;SiouxFalls;SiouxFalls;True;False;1e-05;12000;1;2;20;50;200;-5;50;0.75;2;50;50;10;10;16;2.7866;1125;1125
14050696;126;g_000;1;1;30;line_consecutive;0.2;1126;4;6;5-9;3,9;144259.38902499998;145153.249903999;145397.63018899993;146452.7598198594;893.8608789990249;244.3802850009233;1299.509915860399;eev,integrated,separated,ws;lintim;SiouxFalls;SiouxFalls;True;False;1e-05;12000;1;2;20;50;200;-5;50;0.75;2;50;50;10;10;16;2.7866;1126;1126
14050696;127;g_000;1;1;30;line_consecutive;0.2;1127;4;7;23-24;4;149382.2940340091;150241.78987199668;151399.88678799997;157515.63158899988;859.4958379875752;1158.0969160032982;7273.841717003204;eev,integrated,separated,ws;lintim;SiouxFalls;SiouxFalls;True;False;1e-05;12000;1;2;20;50;200;-5;50;0.75;2;50;50;10;10;16;2.7866;1127;1127
14050696;128;g_000;1;1;30;line_consecutive;0.2;1128;4;8;8-9;3,7;137750.58763999998;138202.34519400058;139245.10858498933;139245.1085849894;451.7575540005928;1042.7633909887518;1042.76339098881;eev,integrated,separated,ws;lintim;SiouxFalls;SiouxFalls;True;False;1e-05;12000;1;2;20;50;200;-5;50;0.75;2;50;50;10;10;16;2.7866;1128;1128
14050696;129;g_000;1;1;30;line_consecutive;0.2;1129;4;9;19-20;2;157156.324907;158514.345024;158758.91412299994;168568.20534199965;1358.0201170000073;244.56909899992752;10053.860317999644;eev,integrated,separated,ws;lintim;SiouxFalls;SiouxFalls;True;False;1e-05;12000;1;2;20;50;200;-5;50;0.75;2;50;50;10;10;16;2.7866;1129;1129
14050696;130;g_000;1;1;30;line_consecutive;0.2;1130;4;10;13-24;6;145629.903542;146726.555011;147656.23848199996;147656.2381791158;1096.651469000004;929.6834709999677;929.683168115822;eev,integrated,separated,ws;lintim;SiouxFalls;SiouxFalls;True;False;1e-05;12000;1;2;20;50;200;-5;50;0.75;2;50;50;10;10;16;2.7866;1130;1130
14050696;131;g_000;1;1;30;line_consecutive;0.2;1131;4;11;16-17;2,13;151461.24870499998;152866.84480899994;155849.45366199996;163416.0622149999;1405.5961039999677;2982.6088530000125;10549.217405999952;eev,integrated,separated,ws;lintim;SiouxFalls;SiouxFalls;True;False;1e-05;12000;1;2;20;50;200;-5;50;0.75;2;50;50;10;10;16;2.7866;1131;1131
14050696;132;g_000;1;1;30;line_consecutive;0.2;1132;4;12;7-18;3,11;137485.76616799994;138160.002347;138325.19784899996;138325.197849;674.2361790000577;165.19550199995865;165.19550199998775;eev,integrated,separated,ws;lintim;SiouxFalls;SiouxFalls;True;False;1e-05;12000;1;2;20;50;200;-5;50;0.75;2;50;50;10;10;16;2.7866;1132;1132
14050696;133;g_000;1;1;30;line_consecutive;0.2;1133;4;13;21-24;6;140669.54515199998;140995.16588;140995.16587999996;140995.16557711584;325.62072800000897;-2.9103830456733704e-11;-0.0003028841456398;eev,integrated,separated,ws;lintim;SiouxFalls;SiouxFalls;True;False;1e-05;12000;1;2;20;50;200;-5;50;0.75;2;50;50;10;10;16;2.7866;1133;1133
14050696;134;g_000;1;1;30;line_consecutive;0.2;1134;4;14;4-11;4;153497.19433600002;156572.91219200005;157426.70293899995;162443.4439799999;3075.717856000032;853.7907469999045;5870.531787999847;eev,integrated,separated,ws;lintim;SiouxFalls;SiouxFalls;True;False;1e-05;12000;1;2;20;50;200;-5;50;0.75;2;50;50;10;10;16;2.7866;1134;1134
14050696;135;g_000;1;1;30;line_consecutive;0.2;1135;4;15;22-23;5;142178.21360500017;142378.47753300003;143346.05554699997;143346.055547;200.2639279998548;967.5780139999406;967.5780139999696;eev,integrated,separated,ws;lintim;SiouxFalls;SiouxFalls;True;False;1e-05;12000;1;2;20;50;200;-5;50;0.75;2;50;50;10;10;16;2.7866;1135;1135
14050696;136;g_000;1;1;30;line_consecutive;0.2;1136;4;16;3-12;8,12;136644.633844;136644.633844;136644.63384399924;136644.63384399927;0.0;-7.566995918750762e-10;-7.275957614183425e-10;eev,integrated,separated,ws;lintim;SiouxFalls;SiouxFalls;True;False;1e-05;12000;1;2;20;50;200;-5;50;0.75;2;50;50;10;10;16;2.7866;1136;1136
14050696;137;g_000;1;1;30;line_consecutive;0.2;1137;4;17;20-22;11;136644.633844;136644.6338641831;136644.63384399994;136644.63384399997;2.018309896811843e-05;-2.0183157175779343e-05;-2.018312807194889e-05;eev,integrated,separated,ws;lintim;SiouxFalls;SiouxFalls;True;False;1e-05;12000;1;2;20;50;200;-5;50;0.75;2;50;50;10;10;16;2.7866;1137;1137
14050696;138;g_000;1;1;30;line_consecutive;0.2;1138;4;18;11-12;1,7,8;155704.17468299996;158849.337109;160799.61331599994;163320.20800400004;3145.1624260000244;1950.276206999959;4470.870895000058;eev,integrated,separated,ws;lintim;SiouxFalls;SiouxFalls;True;False;1e-05;12000;1;2;20;50;200;-5;50;0.75;2;50;50;10;10;16;2.7866;1138;1138
14050696;139;g_000;1;1;30;line_consecutive;0.2;1139;4;19;3-4;3,4;160135.38210699277;164355.69564899936;165286.13631099995;169047.95134799997;4220.313542006596;930.4406620005902;4692.255699000612;eev,integrated,separated,ws;lintim;SiouxFalls;SiouxFalls;True;False;1e-05;12000;1;2;20;50;200;-5;50;0.75;2;50;50;10;10;16;2.7866;1139;1139
14050696;140;g_000;1;1;30;line_consecutive;0.2;1140;4;20;14-23;4,10;149688.153646;149885.81772500003;149885.81772499997;159124.61977400002;197.66407900003836;-5.820766091346741e-11;9238.80204899999;eev,integrated,separated,ws;lintim;SiouxFalls;SiouxFalls;True;False;1e-05;12000;1;2;20;50;200;-5;50;0.75;2;50;50;10;10;16;2.7866;1140;1140
14050696;141;g_000;1;1;30;line_consecutive;0.2;1141;4;21;20-21;6;140324.88462799945;140445.07330699998;140445.07330699996;140445.07300411584;120.18867900053738;-2.9103830456733704e-11;-0.0003028841456398;eev,integrated,separated,ws;lintim;SiouxFalls;SiouxFalls;True;False;1e-05;12000;1;2;20;50;200;-5;50;0.75;2;50;50;10;10;16;2.7866;1141;1141
14050696;142;g_000;1;1;30;line_consecutive;0.2;1142;4;22;11-14;4,8,10;163807.287564;165855.655346;165883.74610999995;173403.110743;2048.367782000016;28.090763999935007;7547.455396999983;eev,integrated,separated,ws;lintim;SiouxFalls;SiouxFalls;True;False;1e-05;12000;1;2;20;50;200;-5;50;0.75;2;50;50;10;10;16;2.7866;1142;1142
14050696;143;g_000;1;1;30;line_consecutive;0.2;1143;4;23;1-3;4,8,12;164416.178103;165705.89605399998;166521.76431799994;172625.45620899997;1289.7179509999696;815.8682639999606;6919.560154999985;eev,integrated,separated,ws;lintim;SiouxFalls;SiouxFalls;True;False;1e-05;12000;1;2;20;50;200;-5;50;0.75;2;50;50;10;10;16;2.7866;1143;1143
14050696;144;g_000;1;1;30;line_consecutive;0.2;1144;4;24;15-19;9,13,14;144025.9840909998;144800.6220180001;144800.62201799994;144800.622018;774.6379270003235;-1.7462298274040222e-10;-1.1641532182693479e-10;eev,integrated,separated,ws;lintim;SiouxFalls;SiouxFalls;True;False;1e-05;12000;1;2;20;50;200;-5;50;0.75;2;50;50;10;10;16;2.7866;1144;1144
14050696;145;g_000;1;1;30;line_consecutive;0.2;1145;4;25;17-19;2,13,14;174015.736703;176584.91815099856;177068.02225899996;195596.218138;2569.1814479985624;483.1041080013965;19011.299987001432;eev,integrated,separated,ws;lintim;SiouxFalls;SiouxFalls;True;False;1e-05;12000;1;2;20;50;200;-5;50;0.75;2;50;50;10;10;16;2.7866;1145;1145
14050696;146;g_000;1;1;30;line_consecutive;0.2;1146;4;26;10-17;14;136644.633844;136644.63384400005;136644.63384399994;136644.633844;5.820766091346741e-11;-1.1641532182693479e-10;-5.820766091346741e-11;eev,integrated,separated,ws;lintim;SiouxFalls;SiouxFalls;True;False;1e-05;12000;1;2;20;50;200;-5;50;0.75;2;50;50;10;10;16;2.7866;1146;1146
14050696;147;g_000;1;1;30;line_consecutive;0.2;1147;4;27;21-22;13;136644.633844;136644.63384400005;136644.63384399936;136644.6338439994;5.820766091346741e-11;-6.984919309616089e-10;-6.402842700481415e-10;eev,integrated,separated,ws;lintim;SiouxFalls;SiouxFalls;True;False;1e-05;12000;1;2;20;50;200;-5;50;0.75;2;50;50;10;10;16;2.7866;1147;1147
14050696;148;g_000;1;1;30;line_consecutive;0.2;1148;4;28;2-6;2;162844.935563;164952.231582;165193.06081399997;173754.54160599964;2107.2960190000013;240.82923199996003;8802.310023999627;eev,integrated,separated,ws;lintim;SiouxFalls;SiouxFalls;True;False;1e-05;12000;1;2;20;50;200;-5;50;0.75;2;50;50;10;10;16;2.7866;1148;1148
14050696;149;g_000;1;1;30;line_consecutive;0.2;1149;4;29;4-5;3;137485.76616799994;138160.002347;138325.19784899993;138325.197849;674.2361790000577;165.19550199992955;165.19550199998775;eev,integrated,separated,ws;lintim;SiouxFalls;SiouxFalls;True;False;1e-05;12000;1;2;20;50;200;-5;50;0.75;2;50;50;10;10;16;2.7866;1149;1149
14050696;150;g_000;2;1;30;line_consecutive;0.2;1150;5;0;1-2,1-3;12;193875.421248;197842.929622;199060.467125;202673.99444597852;3967.508373999997;1217.5375029999996;4831.064823978551;eev,integrated,separated,ws;lintim;SiouxFalls;SiouxFalls;True;False;1e-05;12000;1;2;20;50;200;-5;50;0.75;2;50;50;10;10;16;2.7866;1150;1150
14050696;151;g_000;2;1;30;line_consecutive;0.2;1151;5;1;4-11,11-14;4;165976.56876499997;167532.614655;167532.61465499995;174864.5046670001;1556.0458900000376;-5.820766091346741e-11;7331.890012000076;eev,integrated,separated,ws;lintim;SiouxFalls;SiouxFalls;True;False;1e-05;12000;1;2;20;50;200;-5;50;0.75;2;50;50;10;10;16;2.7866;1151;1151
14050696;152;g_000;2;1;30;line_consecutive;0.2;1152;5;2;9-10,10-15;9;152810.94243500018;154482.358968;154965.46307598648;160089.75890699998;1671.4165329998068;483.10410798649536;5607.399938999995;eev,integrated,separated,ws;lintim;SiouxFalls;SiouxFalls;True;False;1e-05;12000;1;2;20;50;200;-5;50;0.75;2;50;50;10;10;16;2.7866;1152;1152
14050696;153;g_000;2;1;30;line_consecutive;0.2;1153;5;3;3-4,4-5;3;163425.28624;167572.894244;168478.0027929821;171572.20062199995;4147.608004000009;905.108548982098;3999.30637799995;eev,integrated,separated,ws;lintim;SiouxFalls;SiouxFalls;True;False;1e-05;12000;1;2;20;50;200;-5;50;0.75;2;50;50;10;10;16;2.7866;1153;1153
14050696;154;g_000;2;1;30;line_consecutive;0.2;1154;5;4;8-16,10-16;10;160825.387765;161693.18097099982;165207.9848749999;175360.066659;867.7932059998275;3514.803904000088;13666.885688000184;eev,integrated,separated,ws;lintim;SiouxFalls;SiouxFalls;True;False;1e-05;12000;1;2;20;50;200;-5;50;0.75;2;50;50;10;10;16;2.7866;1154;1154
14050696;155;g_000;2;1;30;line_consecutive;0.2;1155;5;5;10-11,10-16;1,10;160556.472494;163037.97120599996;163873.73399799995;169572.88014299996;2481.4987119999714;835.7627919999941;6534.908937;eev,integrated,separated,ws;lintim;SiouxFalls;SiouxFalls;True;False;1e-05;12000;1;2;20;50;200;-5;50;0.75;2;50;50;10;10;16;2.7866;1155;1155
14050696;156;g_000;2;1;30;line_consecutive;0.2;1156;5;6;14-23,23-24;4;166971.966027;169747.11692399997;170081.85019099998;176996.3481;2775.150896999985;334.73326700000325;7249.23117600003;eev,integrated,separated,ws;lintim;SiouxFalls;SiouxFalls;True;False;1e-05;12000;1;2;20;50;200;-5;50;0.75;2;50;50;10;10;16;2.7866;1156;1156
14050696;157;g_000;2;1;30;line_consecutive;0.2;1157;5;7;10-11,11-14;10;188548.8247409957;190289.721375;191265.500145;206714.262115;1740.8966340042823;975.7787699999752;16424.540739999997;eev,integrated,separated,ws;lintim;SiouxFalls;SiouxFalls;True;False;1e-05;12000;1;2;20;50;200;-5;50;0.75;2;50;50;10;10;16;2.7866;1157;1157
14050696;158;g_000;2;1;30;line_consecutive;0.2;1158;5;8;10-11,11-12;1,7;164352.01052500002;167109.72616199998;168952.97378799994;174573.72379095847;2757.715636999957;1843.247625999968;7463.997628958488;eev,integrated,separated,ws;lintim;SiouxFalls;SiouxFalls;True;False;1e-05;12000;1;2;20;50;200;-5;50;0.75;2;50;50;10;10;16;2.7866;1158;1158
14050696;159;g_000;2;1;30;line_consecutive;0.2;1159;5;9;4-5,5-9;3;144447.72375399998;145779.901024;146073.23189399997;146452.7598198593;1332.1772700000147;293.33086999997613;672.858795859298;eev,integrated,separated,ws;lintim;SiouxFalls;SiouxFalls;True;False;1e-05;12000;1;2;20;50;200;-5;50;0.75;2;50;50;10;10;16;2.7866;1159;1159
14050696;160;g_000;2;1;30;line_consecutive;0.2;1160;5;10;11-14,14-23;4,10;179439.22648399998;182574.3480959997;183407.162262;189907.809857;3135.121611999726;832.8141660002584;7333.461761000275;eev,integrated,separated,ws;lintim;SiouxFalls;SiouxFalls;True;False;1e-05;12000;1;2;20;50;200;-5;50;0.75;2;50;50;10;10;16;2.7866;1160;1160
14050696;161;g_000;2;1;30;line_consecutive;0.2;1161;5;11;8-9,9-10;7;145388.71074002262;145904.02083499997;146993.56403899996;146389.79173099488;515.3100949773507;1089.5432039999869;485.77089599490864;eev,integrated,separated,ws;lintim;SiouxFalls;SiouxFalls;True;False;1e-05;12000;1;2;20;50;200;-5;50;0.75;2;50;50;10;10;16;2.7866;1161;1161
14050696;162;g_000;2;1;30;line_consecutive;0.2;1162;5;12;6-8,8-16;2;159933.519587;162774.753456;163457.43221099995;172825.03533999965;2841.233869000018;682.6787549999426;10050.281883999647;eev,integrated,separated,ws;lintim;SiouxFalls;SiouxFalls;True;False;1e-05;12000;1;2;20;50;200;-5;50;0.75;2;50;50;10;10;16;2.7866;1162;1162
14050696;163;g_000;2;1;30;line_consecutive;0.2;1163;5;13;20-21,21-24;6;146006.76895899998;147157.23086799955;147157.23086799996;147157.2305651158;1150.4619089995683;4.074536263942719e-10;-0.0003028837381862;eev,integrated,separated,ws;lintim;SiouxFalls;SiouxFalls;True;False;1e-05;12000;1;2;20;50;200;-5;50;0.75;2;50;50;10;10;16;2.7866;1163;1163
14050696;164;g_000;2;1;30;line_consecutive;0.2;1164;5;14;8-16,16-17;2,13;158330.67064000003;160556.85174198824;161356.75584999996;171479.79783099965;2226.1811019882152;799.9041080117167;10922.946089011411;eev,integrated,separated,ws;lintim;SiouxFalls;SiouxFalls;True;False;1e-05;12000;1;2;20;50;200;-5;50;0.75;2;50;50;10;10;16;2.7866;1164;1164
14050696;165;g_000;2;1;30;line_consecutive;0.2;1165;5;15;15-22,21-22;13;142876.121305;143902.7208779997;145979.24271399993;145979.242714;1026.599572999694;2076.5218360002327;2076.521836000291;eev,integrated,separated,ws;lintim;SiouxFalls;SiouxFalls;True;False;1e-05;12000;1;2;20;50;200;-5;50;0.75;2;50;50;10;10;16;2.7866;1165;1165
14050696;166;g_000;2;1;30;line_consecutive;0.2;1166;5;16;7-18,18-20;11;137485.766168;138160.002347;138325.19784899993;138325.197849;674.2361789999995;165.19550199992955;165.19550199998775;eev,integrated,separated,ws;lintim;SiouxFalls;SiouxFalls;True;False;1e-05;12000;1;2;20;50;200;-5;50;0.75;2;50;50;10;10;16;2.7866;1166;1166
14050696;167;g_000;2;1;30;line_consecutive;0.2;1167;5;17;5-9,9-10;9;145388.71074002262;145904.02083499997;146993.56403899996;147590.32693299995;515.3100949773507;1089.5432039999869;1686.3060979999718;eev,integrated,separated,ws;lintim;SiouxFalls;SiouxFalls;True;False;1e-05;12000;1;2;20;50;200;-5;50;0.75;2;50;50;10;10;16;2.7866;1167;1167
14050696;168;g_000;2;1;30;line_consecutive;0.2;1168;5;18;1-3,3-12;8,12;164416.17810301948;165705.8960539994;166521.76431799994;172625.45620899997;1289.717950979917;815.8682640005427;6919.560155000567;eev,integrated,separated,ws;lintim;SiouxFalls;SiouxFalls;True;False;1e-05;12000;1;2;20;50;200;-5;50;0.75;2;50;50;10;10;16;2.7866;1168;1168
14050696;169;g_000;2;1;30;line_consecutive;0.2;1169;5;19;5-6,5-9;9;144447.72375399998;145779.901024;146073.23189399997;146452.7598198593;1332.1772700000147;293.33086999997613;672.858795859298;eev,integrated,separated,ws;lintim;SiouxFalls;SiouxFalls;True;False;1e-05;12000;1;2;20;50;200;-5;50;0.75;2;50;50;10;10;16;2.7866;1169;1169
14050696;170;g_000;2;1;30;line_consecutive;0.2;1170;5;20;15-19,17-19;13,14;187191.544964;189315.3639139956;190671.02046;208447.647607;2123.8189499955624;1355.656546004437;19132.2836930044;eev,integrated,separated,ws;lintim;SiouxFalls;SiouxFalls;True;False;1e-05;12000;1;2;20;50;200;-5;50;0.75;2;50;50;10;10;16;2.7866;1170;1170
14050696;171;g_000;2;1;30;line_consecutive;0.2;1171;5;21;3-12,11-12;8;167236.67988500002;167761.291065;167821.19517299996;175961.75846500002;524.611179999978;59.9041079999588;8200.467400000023;eev,integrated,separated,ws;lintim;SiouxFalls;SiouxFalls;True;False;1e-05;12000;1;2;20;50;200;-5;50;0.75;2;50;50;10;10;16;2.7866;1171;1171
14050696;172;g_000;2;1;30;line_consecutive;0.2;1172;5;22;3-12,12-13;12;136644.633844;136644.63384399997;136644.63384399962;136644.63384399965;-2.9103830456733704e-11;-3.4924596548080444e-10;-3.2014213502407074e-10;eev,integrated,separated,ws;lintim;SiouxFalls;SiouxFalls;True;False;1e-05;12000;1;2;20;50;200;-5;50;0.75;2;50;50;10;10;16;2.7866;1172;1172
14050696;173;g_000;2;1;30;line_consecutive;0.2;1173;5;23;7-8,7-18;3,11;137750.58763999998;138325.693002;139245.10858499998;139245.108585;575.1053620000312;919.4155829999654;919.4155829999944;eev,integrated,separated,ws;lintim;SiouxFalls;SiouxFalls;True;False;1e-05;12000;1;2;20;50;200;-5;50;0.75;2;50;50;10;10;16;2.7866;1173;1173
14050696;174;g_000;2;1;30;line_consecutive;0.2;1174;5;24;13-24,21-24;6;146356.153542;147452.805011;148342.52294399988;148342.52264111576;1096.651469000004;889.7179329998908;889.7176301157742;eev,integrated,separated,ws;lintim;SiouxFalls;SiouxFalls;True;False;1e-05;12000;1;2;20;50;200;-5;50;0.75;2;50;50;10;10;16;2.7866;1174;1174
14050696;175;g_000;2;1;30;line_consecutive;0.2;1175;5;25;10-17,17-19;14;182060.749691;183988.74708199635;185592.4332339988;201601.02468099995;1927.9973909963448;1603.686152002425;17612.277599003603;eev,integrated,separated,ws;lintim;SiouxFalls;SiouxFalls;True;False;1e-05;12000;1;2;20;50;200;-5;50;0.75;2;50;50;10;10;16;2.7866;1175;1175
14050696;176;g_000;2;1;30;line_consecutive;0.2;1176;5;26;18-20,20-22;11;136644.633844;136644.633844;136644.63384399982;136644.63384399985;0.0;-1.7462298274040222e-10;-1.4551915228366852e-10;eev,integrated,separated,ws;lintim;SiouxFalls;SiouxFalls;True;False;1e-05;12000;1;2;20;50;200;-5;50;0.75;2;50;50;10;10;16;2.7866;1176;1176
14050696;177;g_000;2;1;30;line_consecutive;0.2;1177;5;27;17-19,19-20;2;179484.777908;181567.7365195;183088.9229815;199776.422398;2082.958611500013;1521.1864620000124;18208.685878499997;eev,integrated,separated,ws;lintim;SiouxFalls;SiouxFalls;True;False;1e-05;12000;1;2;20;50;200;-5;50;0.75;2;50;50;10;10;16;2.7866;1177;1177
14050696;178;g_000;2;1;30;line_consecutive;0.2;1178;5;28;11-12,11-14;8;176900.9949488963;178843.338934;179078.09361899993;194895.145375;1942.343985103711;234.7546849999344;16051.806440999992;eev,integrated,separated,ws;lintim;SiouxFalls;SiouxFalls;True;False;1e-05;12000;1;2;20;50;200;-5;50;0.75;2;50;50;10;10;16;2.7866;1178;1178
14050696;179;g_000;2;1;30;line_consecutive;0.2;1179;5;29;10-15,15-19;9;152471.169438;154184.8044319881;154866.37285999994;159450.25583099996;1713.6349939880893;681.5684280118439;5265.451399011858;eev,integrated,separated,ws;lintim;SiouxFalls;SiouxFalls;True;False;1e-05;12000;1;2;20;50;200;-5;50;0.75;2;50;50;10;10;16;2.7866;1179;1179
14050696;180;g_000;1;1;30;line_consecutive;0.3;1180;6;0;9-10;7,9;144352.806742;145176.147526;145758.96973499993;145176.14752596413;823.340784;582.8222089999472;-3.585591912269592e-08;eev,integrated,separated,ws;lintim;SiouxFalls;SiouxFalls;True;False;1e-05;12000;1;2;20;50;200;-5;50;0.75;2;50;50;10;10;16;2.7866;1180;1180
14050696;181;g_000;1;1;30;line_consecutive;0.3;1181;6;1;4-5;3;137485.76616799994;138160.002347;138325.19784899993;138325.197849;674.2361790000577;165.19550199992955;165.19550199998775;eev,integrated,separated,ws;lintim;SiouxFalls;SiouxFalls;True;False;1e-05;12000;1;2;20;50;200;-5;50;0.75;2;50;50;10;10;16;2.7866;1181;1181
14050696;182;g_000;1;1;30;line_consecutive;0.3;1182;6;2;5-9;3,9;144259.38902499998;145153.249903999;145397.63018899993;146452.7598198594;893.8608789990249;244.3802850009233;1299.509915860399;eev,integrated,separated,ws;lintim;SiouxFalls;SiouxFalls;True;False;1e-05;12000;1;2;20;50;200;-5;50;0.75;2;50;50;10;10;16;2.7866;1182;1182
14050696;183;g_000;1;1;30;line_consecutive;0.3;1183;6;3;7-18;3,11;137485.76616799994;138160.002347;138325.19784899996;138325.197849;674.2361790000577;165.19550199995865;165.19550199998775;eev,integrated,separated,ws;lintim;SiouxFalls;SiouxFalls;True;False;1e-05;12000;1;2;20;50;200;-5;50;0.75;2;50;50;10;10;16;2.7866;1183;1183
14050696;184;g_000;1;1;30;line_consecutive;0.3;1184;6;4;11-12;1,7,8;155704.17468299996;158849.337109;160799.61331599994;163320.20800400004;3145.1624260000244;1950.276206999959;4470.870895000058;eev,integrated,separated,ws;lintim;SiouxFalls;SiouxFalls;True;False;1e-05;12000;1;2;20;50;200;-5;50;0.75;2;50;50;10;10;16;2.7866;1184;1184
14050696;185;g_000;1;1;30;line_consecutive;0.3;1185;6;5;7-8;3,7,11;137750.5876400064;138325.6930020029;139245.10858499995;139245.10858499998;575.1053619965096;919.415582997055;919.415582997084;eev,integrated,separated,ws;lintim;SiouxFalls;SiouxFalls;True;False;1e-05;12000;1;2;20;50;200;-5;50;0.75;2;50;50;10;10;16;2.7866;1185;1185
14050696;186;g_000;1;1;30;line_consecutive;0.3;1186;6;6;14-23;4,10;149688.153646;149885.81772500003;149885.81772499997;159124.61977400002;197.66407900003836;-5.820766091346741e-11;9238.80204899999;eev,integrated,separated,ws;lintim;SiouxFalls;SiouxFalls;True;False;1e-05;12000;1;2;20;50;200;-5;50;0.75;2;50;50;10;10;16;2.7866;1186;1186
14050696;187;g_000;1;1;30;line_consecutive;0.3;1187;6;7;1-2;12;136644.69777199998;136644.633844;136644.6338439987;136644.63384399872;-0.0639279999886639;-1.3096723705530167e-09;-1.280568540096283e-09;eev,integrated,separated,ws;lintim;SiouxFalls;SiouxFalls;True;False;1e-05;12000;1;2;20;50;200;-5;50;0.75;2;50;50;10;10;16;2.7866;1187;1187
14050696;188;g_000;1;1;30;line_consecutive;0.3;1188;6;8;8-9;3,7;137750.58763999998;138202.34519400058;139245.10858498933;139245.1085849894;451.7575540005928;1042.7633909887518;1042.76339098881;eev,integrated,separated,ws;lintim;SiouxFalls;SiouxFalls;True;False;1e-05;12000;1;2;20;50;200;-5;50;0.75;2;50;50;10;10;16;2.7866;1188;1188
14050696;189;g_000;1;1;30;line_consecutive;0.3;1189;6;9;3-4;3,4;160135.38210699277;164355.69564899936;165286.13631099995;169047.95134799997;4220.313542006596;930.4406620005902;4692.255699000612;eev,integrated,separated,ws;lintim;SiouxFalls;SiouxFalls;True;False;1e-05;12000;1;2;20;50;200;-5;50;0.75;2;50;50;10;10;16;2.7866;1189;1189
14050696;190;g_000;1;1;30;line_consecutive;0.3;1190;6;10;19-20;2;157156.324907;158514.345024;158758.91412299994;168568.20534199965;1358.0201170000073;244.56909899992752;10053.860317999644;eev,integrated,separated,ws;lintim;SiouxFalls;SiouxFalls;True;False;1e-05;12000;1;2;20;50;200;-5;50;0.75;2;50;50;10;10;16;2.7866;1190;1190
14050696;191;g_000;1;1;30;line_consecutive;0.3;1191;6;11;21-24;6;140669.54515199998;140995.16588;140995.16587999996;140995.16557711584;325.62072800000897;-2.9103830456733704e-11;-0.0003028841456398;eev,integrated,separated,ws;lintim;SiouxFalls;SiouxFalls;True;False;1e-05;12000;1;2;20;50;200;-5;50;0.75;2;50;50;10;10;16;2.7866;1191;1191
14050696;192;g_000;1;1;30;line_consecutive;0.3;1192;6;12;15-22;5,13;142876.12130499998;143902.72087820346;145061.33765000082;145061.33765000087;1026.599573203479;1158.6167717973583;1158.6167717974167;eev,integrated,separated,ws;lintim;SiouxFalls;SiouxFalls;True;False;1e-05;12000;1;2;20;50;200;-5;50;0.75;2;50;50;10;10;16;2.7866;1192;1192
14050696;193;g_000;1;1;30;line_consecutive;0.3;1193;6;13;1-3;4,8,12;164416.178103;165705.89605399998;166521.76431799994;172625.45620899997;1289.7179509999696;815.8682639999606;6919.560154999985;eev,integrated,separated,ws;lintim;SiouxFalls;SiouxFalls;True;False;1e-05;12000;1;2;20;50;200;-5;50;0.75;2;50;50;10;10;16;2.7866;1193;1193
14050696;194;g_000;1;1;30;line_consecutive;0.3;1194;6;14;20-22;11;136644.633844;136644.6338641831;136644.63384399994;136644.63384399997;2.018309896811843e-05;-2.0183157175779343e-05;-2.018312807194889e-05;eev,integrated,separated,ws;lintim;SiouxFalls;SiouxFalls;True;False;1e-05;12000;1;2;20;50;200;-5;50;0.75;2;50;50;10;10;16;2.7866;1194;1194
14050696;195;g_000;1;1;30;line_consecutive;0.3;1195;6;15;15-19;9,13,14;144025.9840909998;144800.6220180001;144800.62201799994;144800.622018;774.6379270003235;-1.7462298274040222e-10;-1.1641532182693479e-10;eev,integrated,separated,ws;lintim;SiouxFalls;SiouxFalls;True;False;1e-05;12000;1;2;20;50;200;-5;50;0.75;2;50;50;10;10;16;2.7866;1195;1195
14050696;196;g_000;1;1;30;line_consecutive;0.3;1196;6;16;13-24;6;145629.903542;146726.555011;147656.23848199996;147656.2381791158;1096.651469000004;929.6834709999677;929.683168115822;eev,integrated,separated,ws;lintim;SiouxFalls;SiouxFalls;True;False;1e-05;12000;1;2;20;50;200;-5;50;0.75;2;50;50;10;10;16;2.7866;1196;1196
14050696;197;g_000;1;1;30;line_consecutive;0.3;1197;6;17;18-20;11;136644.63384399892;136644.633844;136644.63384399994;136644.633844;1.076841726899147e-09;-5.820766091346741e-11;0.0;eev,integrated,separated,ws;lintim;SiouxFalls;SiouxFalls;True;False;1e-05;12000;1;2;20;50;200;-5;50;0.75;2;50;50;10;10;16;2.7866;1197;1197
14050696;198;g_000;1;1;30;line_consecutive;0.3;1198;6;18;21-22;13;136644.633844;136644.63384400005;136644.63384399936;136644.6338439994;5.820766091346741e-11;-6.984919309616089e-10;-6.402842700481415e-10;eev,integrated,separated,ws;lintim;SiouxFalls;SiouxFalls;True;False;1e-05;12000;1;2;20;50;200;-5;50;0.75;2;50;50;10;10;16;2.7866;1198;1198
14050696;199;g_000;1;1;30;line_consecutive;0.3;1199;6;19;11-14;4,8,10;163807.287564;165855.655346;165883.74610999995;173403.110743;2048.367782000016;28.090763999935007;7547.455396999983;eev,integrated,separated,ws;lintim;SiouxFalls;SiouxFalls;True;False;1e-05;12000;1;2;20;50;200;-5;50;0.75;2;50;50;10;10;16;2.7866;1199;1199
14050696;200;g_000;1;1;30;line_consecutive;0.3;1200;6;20;4-11;4;153497.19433600002;156572.91219200005;157426.70293899995;162443.4439799999;3075.717856000032;853.7907469999045;5870.531787999847;eev,integrated,separated,ws;lintim;SiouxFalls;SiouxFalls;True;False;1e-05;12000;1;2;20;50;200;-5;50;0.75;2;50;50;10;10;16;2.7866;1200;1200
14050696;201;g_000;1;1;30;line_consecutive;0.3;1201;6;21;10-15;5,9;151383.172612;153353.0050989576;153774.85602299997;158008.58759399998;1969.832486957603;421.85092404237366;4655.582495042385;eev,integrated,separated,ws;lintim;SiouxFalls;SiouxFalls;True;False;1e-05;12000;1;2;20;50;200;-5;50;0.75;2;50;50;10;10;16;2.7866;1201;1201
14050696;202;g_000;1;1;30;line_consecutive;0.3;1202;6;22;16-18;1;146262.16537;148829.19410400002;152163.91480499014;149169.77466342755;2567.0287340000214;3334.7207009901176;340.5805594275298;eev,integrated,separated,ws;lintim;SiouxFalls;SiouxFalls;True;False;1e-05;12000;1;2;20;50;200;-5;50;0.75;2;50;50;10;10;16;2.7866;1202;1202
14050696;203;g_000;1;1;30;line_consecutive;0.3;1203;6;23;10-17;14;136644.633844;136644.63384400005;136644.63384399994;136644.633844;5.820766091346741e-11;-1.1641532182693479e-10;-5.820766091346741e-11;eev,integrated,separated,ws;lintim;SiouxFalls;SiouxFalls;True;False;1e-05;12000;1;2;20;50;200;-5;50;0.75;2;50;50;10;10;16;2.7866;1203;1203
14050696;204;g_000;1;1;30;line_consecutive;0.3;1204;6;24;14-15;14;136644.633844;136644.633844;136644.63384399994;136644.633844;0.0;-5.820766091346741e-11;0.0;eev,integrated,separated,ws;lintim;SiouxFalls;SiouxFalls;True;False;1e-05;12000;1;2;20;50;200;-5;50;0.75;2;50;50;10;10;16;2.7866;1204;1204
14050696;205;g_000;1;1;30;line_consecutive;0.3;1205;6;25;23-24;4;149382.2940340091;150241.78987199668;151399.88678799997;157515.63158899988;859.4958379875752;1158.0969160032982;7273.841717003204;eev,integrated,separated,ws;lintim;SiouxFalls;SiouxFalls;True;False;1e-05;12000;1;2;20;50;200;-5;50;0.75;2;50;50;10;10;16;2.7866;1205;1205
14050696;206;g_000;1;1;30;line_consecutive;0.3;1206;6;26;12-13;12;136644.633844;136644.633844;136644.63384399994;136644.633844;0.0;-5.820766091346741e-11;0.0;eev,integrated,separated,ws;lintim;SiouxFalls;SiouxFalls;True;False;1e-05;12000;1;2;20;50;200;-5;50;0.75;2;50;50;10;10;16;2.7866;1206;1206
14050696;207;g_000;1;1;30;line_consecutive;0.3;1207;6;27;17-19;2,13,14;174015.736703;176584.91815099856;177068.02225899996;195596.218138;2569.1814479985624;483.1041080013965;19011.299987001432;eev,integrated,separated,ws;lintim;SiouxFalls;SiouxFalls;True;False;1e-05;12000;1;2;20;50;200;-5;50;0.75;2;50;50;10;10;16;2.7866;1207;1207
14050696;208;g_000;1;1;30;line_consecutive;0.3;1208;6;28;20-21;6;140324.88462799945;140445.07330699998;140445.07330699996;140445.07300411584;120.18867900053738;-2.9103830456733704e-11;-0.0003028841456398;eev,integrated,separated,ws;lintim;SiouxFalls;SiouxFalls;True;False;1e-05;12000;1;2;20;50;200;-5;50;0.75;2;50;50;10;10;16;2.7866;1208;1208
14050696;209;g_000;1;1;30;line_consecutive;0.3;1209;6;29;2-6;2;162844.935563;164952.231582;165193.06081399997;173754.54160599964;2107.2960190000013;240.82923199996003;8802.310023999627;eev,integrated,separated,ws;lintim;SiouxFalls;SiouxFalls;True;False;1e-05;12000;1;2;20;50;200;-5;50;0.75;2;50;50;10;10;16;2.7866;1209;1209
14050696;210;g_000;2;1;30;line_consecutive;0.3;1210;7;0;13-24,21-24;6;146356.153542;147452.805011;148342.52294399988;148342.52264111576;1096.651469000004;889.7179329998908;889.7176301157742;eev,integrated,separated,ws;lintim;SiouxFalls;SiouxFalls;True;False;1e-05;12000;1;2;20;50;200;-5;50;0.75;2;50;50;10;10;16;2.7866;1210;1210
14050696;211;g_000;2;1;30;line_consecutive;0.3;1211;7;1;8-16,10-16;10;160825.387765;161693.18097099982;165207.9848749999;175360.066659;867.7932059998275;3514.803904000088;13666.885688000184;eev,integrated,separated,ws;lintim;SiouxFalls;SiouxFalls;True;False;1e-05;12000;1;2;20;50;200;-5;50;0.75;2;50;50;10;10;16;2.7866;1211;1211
14050696;212;g_000;2;1;30;line_consecutive;0.3;1212;7;2;10-11,11-12;1,7;164352.01052500002;167109.72616199998;168952.97378799994;174573.72379095847;2757.715636999957;1843.247625999968;7463.997628958488;eev,integrated,separated,ws;lintim;SiouxFalls;SiouxFalls;True;False;1e-05;12000;1;2;20;50;200;-5;50;0.75;2;50;50;10;10;16;2.7866;1212;1212
14050696;213;g_000;2;1;30;line_consecutive;0.3;1213;7;3;10-15,15-19;9;152471.169438;154184.8044319881;154866.37285999994;159450.25583099996;1713.6349939880893;681.5684280118439;5265.451399011858;eev,integrated,separated,ws;lintim;SiouxFalls;SiouxFalls;True;False;1e-05;12000;1;2;20;50;200;-5;50;0.75;2;50;50;10;10;16;2.7866;1213;1213
14050696;214;g_000;2;1;30;line_consecutive;0.3;1214;7;4;3-4,4-5;3;163425.28624;167572.894244;168478.0027929821;171572.20062199995;4147.608004000009;905.108548982098;3999.30637799995;eev,integrated,separated,ws;lintim;SiouxFalls;SiouxFalls;True;False;1e-05;12000;1;2;20;50;200;-5;50;0.75;2;50;50;10;10;16;2.7866;1214;1214
14050696;215;g_000;2;1;30;line_consecutive;0.3;1215;7;5;14-15,15-19;14;144025.984091;144800.622018;144800.62201799994;144800.622018;774.6379270000034;-5.820766091346741e-11;0.0;eev,integrated,separated,ws;lintim;SiouxFalls;SiouxFalls;True;False;1e-05;12000;1;2;20;50;200;-5;50;0.75;2;50;50;10;10;16;2.7866;1215;1215
14050696;216;g_000;2;1;30;line_consecutive;0.3;1216;7;6;8-9,9-10;7;145388.71074002262;145904.02083499997;146993.56403899996;146389.79173099488;515.3100949773507;1089.5432039999869;485.77089599490864;eev,integrated,separated,ws;lintim;SiouxFalls;SiouxFalls;True;False;1e-05;12000;1;2;20;50;200;-5;50;0.75;2;50;50;10;10;16;2.7866;1216;1216
14050696;217;g_000;2;1;30;line_consecutive;0.3;1217;7;7;4-11,11-14;4;165976.56876499997;167532.614655;167532.61465499995;174864.5046670001;1556.0458900000376;-5.820766091346741e-11;7331.890012000076;eev,integrated,separated,ws;lintim;SiouxFalls;SiouxFalls;True;False;1e-05;12000;1;2;20;50;200;-5;50;0.75;2;50;50;10;10;16;2.7866;1217;1217
14050696;218;g_000;2;1;30;line_consecutive;0.3;1218;7;8;14-23,23-24;4;166971.966027;169747.11692399997;170081.85019099998;176996.3481;2775.150896999985;334.73326700000325;7249.23117600003;eev,integrated,separated,ws;lintim;SiouxFalls;SiouxFalls;True;False;1e-05;12000;1;2;20;50;200;-5;50;0.75;2;50;50;10;10;16;2.7866;1218;1218
14050696;219;g_000;2;1;30;line_consecutive;0.3;1219;7;9;10-15,15-22;5;152195.30240799987;153998.322539;154006.96918599994;157811.071857;1803.020131000114;8.646646999957738;3812.749318000017;eev,integrated,separated,ws;lintim;SiouxFalls;SiouxFalls;True;False;1e-05;12000;1;2;20;50;200;-5;50;0.75;2;50;50;10;10;16;2.7866;1219;1219
14050696;220;g_000;2;1;30;line_consecutive;0.3;1220;7;10;3-12,11-12;8;167236.67988500002;167761.291065;167821.19517299996;175961.75846500002;524.611179999978;59.9041079999588;8200.467400000023;eev,integrated,separated,ws;lintim;SiouxFalls;SiouxFalls;True;False;1e-05;12000;1;2;20;50;200;-5;50;0.75;2;50;50;10;10;16;2.7866;1220;1220
14050696;221;g_000;2;1;30;line_consecutive;0.3;1221;7;11;3-4,4-11;4;163425.28624;167572.894244;168478.0027929821;171572.20062199995;4147.608004000009;905.108548982098;3999.30637799995;eev,integrated,separated,ws;lintim;SiouxFalls;SiouxFalls;True;False;1e-05;12000;1;2;20;50;200;-5;50;0.75;2;50;50;10;10;16;2.7866;1221;1221
14050696;222;g_000;2;1;30;line_consecutive;0.3;1222;7;12;15-22,22-23;5;143650.5543829999;145403.74362999885;146057.26989599995;146057.26989599998;1753.1892469989543;653.5262660011067;653.5262660011358;eev,integrated,separated,ws;lintim;SiouxFalls;SiouxFalls;True;False;1e-05;12000;1;2;20;50;200;-5;50;0.75;2;50;50;10;10;16;2.7866;1222;1222
14050696;223;g_000;2;1;30;line_consecutive;0.3;1223;7;13;6-8,8-16;2;159933.519587;162774.753456;163457.43221099995;172825.03533999965;2841.233869000018;682.6787549999426;10050.281883999647;eev,integrated,separated,ws;lintim;SiouxFalls;SiouxFalls;True;False;1e-05;12000;1;2;20;50;200;-5;50;0.75;2;50;50;10;10;16;2.7866;1223;1223
14050696;224;g_000;2;1;30;line_consecutive;0.3;1224;7;14;8-16,16-17;2,13;158330.67064000003;160556.85174198824;161356.75584999996;171479.79783099965;2226.1811019882152;799.9041080117167;10922.946089011411;eev,integrated,separated,ws;lintim;SiouxFalls;SiouxFalls;True;False;1e-05;12000;1;2;20;50;200;-5;50;0.75;2;50;50;10;10;16;2.7866;1224;1224
14050696;225;g_000;2;1;30;line_consecutive;0.3;1225;7;15;9-10,10-11;7;165541.66492701095;166908.1820249998;168366.12101099995;175399.07097900004;1366.5170979888644;1457.9389860001393;8490.888954000227;eev,integrated,separated,ws;lintim;SiouxFalls;SiouxFalls;True;False;1e-05;12000;1;2;20;50;200;-5;50;0.75;2;50;50;10;10;16;2.7866;1225;1225
14050696;226;g_000;2;1;30;line_consecutive;0.3;1226;7;16;10-17,17-19;14;182060.749691;183988.74708199635;185592.4332339988;201601.02468099995;1927.9973909963448;1603.686152002425;17612.277599003603;eev,integrated,separated,ws;lintim;SiouxFalls;SiouxFalls;True;False;1e-05;12000;1;2;20;50;200;-5;50;0.75;2;50;50;10;10;16;2.7866;1226;1226
14050696;227;g_000;2;1;30;line_consecutive;0.3;1227;7;17;1-3,3-12;8,12;164416.17810301948;165705.8960539994;166521.76431799994;172625.45620899997;1289.717950979917;815.8682640005427;6919.560155000567;eev,integrated,separated,ws;lintim;SiouxFalls;SiouxFalls;True;False;1e-05;12000;1;2;20;50;200;-5;50;0.75;2;50;50;10;10;16;2.7866;1227;1227
14050696;228;g_000;2;1;30;line_consecutive;0.3;1228;7;18;5-9,8-9;3;145388.71074002262;145904.02083499997;146993.56403899996;148105.70785999956;515.3100949773507;1089.5432039999869;2201.6870249995845;eev,integrated,separated,ws;lintim;SiouxFalls;SiouxFalls;True;False;1e-05;12000;1;2;20;50;200;-5;50;0.75;2;50;50;10;10;16;2.7866;1228;1228
14050696;229;g_000;2;1;30;line_consecutive;0.3;1229;7;19;18-20,20-22;11;136644.633844;136644.633844;136644.63384399982;136644.63384399985;0.0;-1.7462298274040222e-10;-1.4551915228366852e-10;eev,integrated,separated,ws;lintim;SiouxFalls;SiouxFalls;True;False;1e-05;12000;1;2;20;50;200;-5;50;0.75;2;50;50;10;10;16;2.7866;1229;1229
14050696;230;g_000;2;1;30;line_consecutive;0.3;1230;7;20;4-5,5-9;3;144447.72375399998;145779.901024;146073.23189399997;146452.7598198593;1332.1772700000147;293.33086999997613;672.858795859298;eev,integrated,separated,ws;lintim;SiouxFalls;SiouxFalls;True;False;1e-05;12000;1;2;20;50;200;-5;50;0.75;2;50;50;10;10;16;2.7866;1230;1230
14050696;231;g_000;2;1;30;line_consecutive;0.3;1231;7;21;15-19,15-22;13;151819.32942198738;153534.77918598443;153939.59697899997;153939.596979;1715.4497639970505;404.81779301553615;404.81779301556526;eev,integrated,separated,ws;lintim;SiouxFalls;SiouxFalls;True;False;1e-05;12000;1;2;20;50;200;-5;50;0.75;2;50;50;10;10;16;2.7866;1231;1231
14050696;232;g_000;2;1;30;line_consecutive;0.3;1232;7;22;2-6,6-8;2;166738.41361699998;169472.088741;170267.68345899996;177968.50795399965;2733.6751240000303;795.5947179999494;8496.419212999637;eev,integrated,separated,ws;lintim;SiouxFalls;SiouxFalls;True;False;1e-05;12000;1;2;20;50;200;-5;50;0.75;2;50;50;10;10;16;2.7866;1232;1232
14050696;233;g_000;2;1;30;line_consecutive;0.3;1233;7;23;16-17,17-19;2,13;182060.749691;183988.74708199635;185592.4332339988;201601.02468099995;1927.9973909963448;1603.686152002425;17612.277599003603;eev,integrated,separated,ws;lintim;SiouxFalls;SiouxFalls;True;False;1e-05;12000;1;2;20;50;200;-5;50;0.75;2;50;50;10;10;16;2.7866;1233;1233
14050696;234;g_000;2;1;30;line_consecutive;0.3;1234;7;24;15-19,17-19;13,14;187191.544964;189315.3639139956;190671.02046;208447.647607;2123.8189499955624;1355.656546004437;19132.2836930044;eev,integrated,separated,ws;lintim;SiouxFalls;SiouxFalls;True;False;1e-05;12000;1;2;20;50;200;-5;50;0.75;2;50;50;10;10;16;2.7866;1234;1234
14050696;235;g_000;2;1;30;line_consecutive;0.3;1235;7;25;5-6,5-9;9;144447.72375399998;145779.901024;146073.23189399997;146452.7598198593;1332.1772700000147;293.33086999997613;672.858795859298;eev,integrated,separated,ws;lintim;SiouxFalls;SiouxFalls;True;False;1e-05;12000;1;2;20;50;200;-5;50;0.75;2;50;50;10;10;16;2.7866;1235;1235
14050696;236;g_000;2;1;30;line_consecutive;0.3;1236;7;26;9-10,10-15;9;152810.94243500018;154482.358968;154965.46307598648;160089.75890699998;1671.4165329998068;483.10410798649536;5607.399938999995;eev,integrated,separated,ws;lintim;SiouxFalls;SiouxFalls;True;False;1e-05;12000;1;2;20;50;200;-5;50;0.75;2;50;50;10;10;16;2.7866;1236;1236
14050696;237;g_000;2;1;30;line_consecutive;0.3;1237;7;27;11-14,14-23;4,10;179439.22648399998;182574.3480959997;183407.162262;189907.809857;3135.121611999726;832.8141660002584;7333.461761000275;eev,integrated,separated,ws;lintim;SiouxFalls;SiouxFalls;True;False;1e-05;12000;1;2;20;50;200;-5;50;0.75;2;50;50;10;10;16;2.7866;1237;1237
14050696;238;g_000;2;1;30;line_consecutive;0.3;1238;7;28;7-18,18-20;11;137485.766168;138160.002347;138325.19784899993;138325.197849;674.2361789999995;165.19550199992955;165.19550199998775;eev,integrated,separated,ws;lintim;SiouxFalls;SiouxFalls;True;False;1e-05;12000;1;2;20;50;200;-5;50;0.75;2;50;50;10;10;16;2.7866;1238;1238
14050696;239;g_000;2;1;30;line_consecutive;0.3;1239;7;29;7-8,7-18;3,11;137750.58763999998;138325.693002;139245.10858499998;139245.108585;575.1053620000312;919.4155829999654;919.4155829999944;eev,integrated,separated,ws;lintim;SiouxFalls;SiouxFalls;True;False;1e-05;12000;1;2;20;50;200;-5;50;0.75;2;50;50;10;10;16;2.7866;1239;1239
14050696;240;g_000;1;1;30;line_consecutive;0.4;1240;8;0;22-23;5;142178.21360500017;142378.47753300003;143346.05554699997;143346.055547;200.2639279998548;967.5780139999406;967.5780139999696;eev,integrated,separated,ws;lintim;SiouxFalls;SiouxFalls;True;False;1e-05;12000;1;2;20;50;200;-5;50;0.75;2;50;50;10;10;16;2.7866;1240;1240
14050696;241;g_000;1;1;30;line_consecutive;0.4;1241;8;1;4-5;3;137485.76616799994;138160.002347;138325.19784899993;138325.197849;674.2361790000577;165.19550199992955;165.19550199998775;eev,integrated,separated,ws;lintim;SiouxFalls;SiouxFalls;True;False;1e-05;12000;1;2;20;50;200;-5;50;0.75;2;50;50;10;10;16;2.7866;1241;1241
14050696;242;g_000;1;1;30;line_consecutive;0.4;1242;8;2;14-23;4,10;149688.153646;149885.81772500003;149885.81772499997;159124.61977400002;197.66407900003836;-5.820766091346741e-11;9238.80204899999;eev,integrated,separated,ws;lintim;SiouxFalls;SiouxFalls;True;False;1e-05;12000;1;2;20;50;200;-5;50;0.75;2;50;50;10;10;16;2.7866;1242;1242
14050696;243;g_000;1;1;30;line_consecutive;0.4;1243;8;3;4-11;4;153497.19433600002;156572.91219200005;157426.70293899995;162443.4439799999;3075.717856000032;853.7907469999045;5870.531787999847;eev,integrated,separated,ws;lintim;SiouxFalls;SiouxFalls;True;False;1e-05;12000;1;2;20;50;200;-5;50;0.75;2;50;50;10;10;16;2.7866;1243;1243
14050696;244;g_000;1;1;30;line_consecutive;0.4;1244;8;4;10-11;1,7,10;156104.901396;158244.95386700248;159990.38133799995;164904.55588099995;2140.0524710024765;1745.427470997471;6659.602013997472;eev,integrated,separated,ws;lintim;SiouxFalls;SiouxFalls;True;False;1e-05;12000;1;2;20;50;200;-5;50;0.75;2;50;50;10;10;16;2.7866;1244;1244
14050696;245;g_000;1;1;30;line_consecutive;0.4;1245;8;5;7-8;3,7,11;137750.5876400064;138325.6930020029;139245.10858499995;139245.10858499998;575.1053619965096;919.415582997055;919.415582997084;eev,integrated,separated,ws;lintim;SiouxFalls;SiouxFalls;True;False;1e-05;12000;1;2;20;50;200;-5;50;0.75;2;50;50;10;10;16;2.7866;1245;1245
14050696;246;g_000;1;1;30;line_consecutive;0.4;1246;8;6;7-18;3,11;137485.76616799994;138160.002347;138325.19784899996;138325.197849;674.2361790000577;165.19550199995865;165.19550199998775;eev,integrated,separated,ws;lintim;SiouxFalls;SiouxFalls;True;False;1e-05;12000;1;2;20;50;200;-5;50;0.75;2;50;50;10;10;16;2.7866;1246;1246
14050696;247;g_000;1;1;30;line_consecutive;0.4;1247;8;7;3-4;3,4;160135.38210699277;164355.69564899936;165286.13631099995;169047.95134799997;4220.313542006596;930.4406620005902;4692.255699000612;eev,integrated,separated,ws;lintim;SiouxFalls;SiouxFalls;True;False;1e-05;12000;1;2;20;50;200;-5;50;0.75;2;50;50;10;10;16;2.7866;1247;1247
14050696;248;g_000;1;1;30;line_consecutive;0.4;1248;8;8;5-9;3,9;144259.38902499998;145153.249903999;145397.63018899993;146452.7598198594;893.8608789990249;244.3802850009233;1299.509915860399;eev,integrated,separated,ws;lintim;SiouxFalls;SiouxFalls;True;False;1e-05;12000;1;2;20;50;200;-5;50;0.75;2;50;50;10;10;16;2.7866;1248;1248
14050696;249;g_000;1;1;30;line_consecutive;0.4;1249;8;9;21-22;13;136644.633844;136644.63384400005;136644.63384399936;136644.6338439994;5.820766091346741e-11;-6.984919309616089e-10;-6.402842700481415e-10;eev,integrated,separated,ws;lintim;SiouxFalls;SiouxFalls;True;False;1e-05;12000;1;2;20;50;200;-5;50;0.75;2;50;50;10;10;16;2.7866;1249;1249
14050696;250;g_000;1;1;30;line_consecutive;0.4;1250;8;10;1-2;12;136644.69777199998;136644.633844;136644.6338439987;136644.63384399872;-0.0639279999886639;-1.3096723705530167e-09;-1.280568540096283e-09;eev,integrated,separated,ws;lintim;SiouxFalls;SiouxFalls;True;False;1e-05;12000;1;2;20;50;200;-5;50;0.75;2;50;50;10;10;16;2.7866;1250;1250
14050696;251;g_000;1;1;30;line_consecutive;0.4;1251;8;11;5-6;9;144025.984091;144800.622018;144800.62201799994;144800.622018;774.6379270000034;-5.820766091346741e-11;0.0;eev,integrated,separated,ws;lintim;SiouxFalls;SiouxFalls;True;False;1e-05;12000;1;2;20;50;200;-5;50;0.75;2;50;50;10;10;16;2.7866;1251;1251
14050696;252;g_000;1;1;30;line_consecutive;0.4;1252;8;12;20-21;6;140324.88462799945;140445.07330699998;140445.07330699996;140445.07300411584;120.18867900053738;-2.9103830456733704e-11;-0.0003028841456398;eev,integrated,separated,ws;lintim;SiouxFalls;SiouxFalls;True;False;1e-05;12000;1;2;20;50;200;-5;50;0.75;2;50;50;10;10;16;2.7866;1252;1252
14050696;253;g_000;1;1;30;line_consecutive;0.4;1253;8;13;18-20;11;136644.63384399892;136644.633844;136644.63384399994;136644.633844;1.076841726899147e-09;-5.820766091346741e-11;0.0;eev,integrated,separated,ws;lintim;SiouxFalls;SiouxFalls;True;False;1e-05;12000;1;2;20;50;200;-5;50;0.75;2;50;50;10;10;16;2.7866;1253;1253
14050696;254;g_000;1;1;30;line_consecutive;0.4;1254;8;14;12-13;12;136644.633844;136644.633844;136644.63384399994;136644.633844;0.0;-5.820766091346741e-11;0.0;eev,integrated,separated,ws;lintim;SiouxFalls;SiouxFalls;True;False;1e-05;12000;1;2;20;50;200;-5;50;0.75;2;50;50;10;10;16;2.7866;1254;1254
14050696;255;g_000;1;1;30;line_consecutive;0.4;1255;8;15;2-6;2;162844.935563;164952.231582;165193.06081399997;173754.54160599964;2107.2960190000013;240.82923199996003;8802.310023999627;eev,integrated,separated,ws;lintim;SiouxFalls;SiouxFalls;True;False;1e-05;12000;1;2;20;50;200;-5;50;0.75;2;50;50;10;10;16;2.7866;1255;1255
14050696;256;g_000;1;1;30;line_consecutive;0.4;1256;8;16;20-22;11;136644.633844;136644.6338641831;136644.63384399994;136644.63384399997;2.018309896811843e-05;-2.0183157175779343e-05;-2.018312807194889e-05;eev,integrated,separated,ws;lintim;SiouxFalls;SiouxFalls;True;False;1e-05;12000;1;2;20;50;200;-5;50;0.75;2;50;50;10;10;16;2.7866;1256;1256
14050696;257;g_000;1;1;30;line_consecutive;0.4;1257;8;17;3-12;8,12;136644.633844;136644.633844;136644.63384399924;136644.63384399927;0.0;-7.566995918750762e-10;-7.275957614183425e-10;eev,integrated,separated,ws;lintim;SiouxFalls;SiouxFalls;True;False;1e-05;12000;1;2;20;50;200;-5;50;0.75;2;50;50;10;10;16;2.7866;1257;1257
14050696;258;g_000;1;1;30;line_consecutive;0.4;1258;8;18;10-15;5,9;151383.172612;153353.0050989576;153774.85602299997;158008.58759399998;1969.832486957603;421.85092404237366;4655.582495042385;eev,integrated,separated,ws;lintim;SiouxFalls;SiouxFalls;True;False;1e-05;12000;1;2;20;50;200;-5;50;0.75;2;50;50;10;10;16;2.7866;1258;1258
14050696;259;g_000;1;1;30;line_consecutive;0.4;1259;8;19;11-14;4,8,10;163807.287564;165855.655346;165883.74610999995;173403.110743;2048.367782000016;28.090763999935007;7547.455396999983;eev,integrated,separated,ws;lintim;SiouxFalls;SiouxFalls;True;False;1e-05;12000;1;2;20;50;200;-5;50;0.75;2;50;50;10;10;16;2.7866;1259;1259
14050696;260;g_000;1;1;30;line_consecutive;0.4;1260;8;20;15-19;9,13,14;144025.9840909998;144800.6220180001;144800.62201799994;144800.622018;774.6379270003235;-1.7462298274040222e-10;-1.1641532182693479e-10;eev,integrated,separated,ws;lintim;SiouxFalls;SiouxFalls;True;False;1e-05;12000;1;2;20;50;200;-5;50;0.75;2;50;50;10;10;16;2.7866;1260;1260
14050696;261;g_000;1;1;30;line_consecutive;0.4;1261;8;21;8-16;2,10,13;155863.428123;157109.01484499997;159247.97648699995;167604.11882899964;1245.5867219999782;2138.96164199998;10495.103983999668;eev,integrated,separated,ws;lintim;SiouxFalls;SiouxFalls;True;False;1e-05;12000;1;2;20;50;200;-5;50;0.75;2;50;50;10;10;16;2.7866;1261;1261
14050696;262;g_000;1;1;30;line_consecutive;0.4;1262;8;22;11-12;1,7,8;155704.17468299996;158849.337109;160799.61331599994;163320.20800400004;3145.1624260000244;1950.276206999959;4470.870895000058;eev,integrated,separated,ws;lintim;SiouxFalls;SiouxFalls;True;False;1e-05;12000;1;2;20;50;200;-5;50;0.75;2;50;50;10;10;16;2.7866;1262;1262
14050696;263;g_000;1;1;30;line_consecutive;0.4;1263;8;23;19-20;2;157156.324907;158514.345024;158758.91412299994;168568.20534199965;1358.0201170000073;244.56909899992752;10053.860317999644;eev,integrated,separated,ws;lintim;SiouxFalls;SiouxFalls;True;False;1e-05;12000;1;2;20;50;200;-5;50;0.75;2;50;50;10;10;16;2.7866;1263;1263
14050696;264;g_000;1;1;30;line_consecutive;0.4;1264;8;24;17-19;2,13,14;174015.736703;176584.91815099856;177068.02225899996;195596.218138;2569.1814479985624;483.1041080013965;19011.299987001432;eev,integrated,separated,ws;lintim;SiouxFalls;SiouxFalls;True;False;1e-05;12000;1;2;20;50;200;-5;50;0.75;2;50;50;10;10;16;2.7866;1264;1264
14050696;265;g_000;1;1;30;line_consecutive;0.4;1265;8;25;1-3;4,8,12;164416.178103;165705.89605399998;166521.76431799994;172625.45620899997;1289.7179509999696;815.8682639999606;6919.560154999985;eev,integrated,separated,ws;lintim;SiouxFalls;SiouxFalls;True;False;1e-05;12000;1;2;20;50;200;-5;50;0.75;2;50;50;10;10;16;2.7866;1265;1265
14050696;266;g_000;1;1;30;line_consecutive;0.4;1266;8;26;10-16;1,10;148364.35243599996;150129.82571399977;152448.13482899996;152068.545059;1765.4732779998158;2318.3091150001856;1938.7193450002237;eev,integrated,separated,ws;lintim;SiouxFalls;SiouxFalls;True;False;1e-05;12000;1;2;20;50;200;-5;50;0.75;2;50;50;10;10;16;2.7866;1266;1266
14050696;267;g_000;1;1;30;line_consecutive;0.4;1267;8;27;16-18;1;146262.16537;148829.19410400002;152163.91480499014;149169.77466342755;2567.0287340000214;3334.7207009901176;340.5805594275298;eev,integrated,separated,ws;lintim;SiouxFalls;SiouxFalls;True;False;1e-05;12000;1;2;20;50;200;-5;50;0.75;2;50;50;10;10;16;2.7866;1267;1267
14050696;268;g_000;1;1;30;line_consecutive;0.4;1268;8;28;9-10;7,9;144352.806742;145176.147526;145758.96973499993;145176.14752596413;823.340784;582.8222089999472;-3.585591912269592e-08;eev,integrated,separated,ws;lintim;SiouxFalls;SiouxFalls;True;False;1e-05;12000;1;2;20;50;200;-5;50;0.75;2;50;50;10;10;16;2.7866;1268;1268
14050696;269;g_000;1;1;30;line_consecutive;0.4;1269;8;29;15-22;5,13;142876.12130499998;143902.72087820346;145061.33765000082;145061.33765000087;1026.599573203479;1158.6167717973583;1158.6167717974167;eev,integrated,separated,ws;lintim;SiouxFalls;SiouxFalls;True;False;1e-05;12000;1;2;20;50;200;-5;50;0.75;2;50;50;10;10;16;2.7866;1269;1269
14050696;270;g_000;2;1;30;line_consecutive;0.4;1270;9;0;13-24,21-24;6;146356.153542;147452.805011;148342.52294399988;148342.52264111576;1096.651469000004;889.7179329998908;889.7176301157742;eev,integrated,separated,ws;lintim;SiouxFalls;SiouxFalls;True;False;1e-05;12000;1;2;20;50;200;-5;50;0.75;2;50;50;10;10;16;2.7866;1270;1270
14050696;271;g_000;2;1;30;line_consecutive;0.4;1271;9;1;6-8,8-16;2;159933.519587;162774.753456;163457.43221099995;172825.03533999965;2841.233869000018;682.6787549999426;10050.281883999647;eev,integrated,separated,ws;lintim;SiouxFalls;SiouxFalls;True;False;1e-05;12000;1;2;20;50;200;-5;50;0.75;2;50;50;10;10;16;2.7866;1271;1271
14050696;272;g_000;2;1;30;line_consecutive;0.4;1272;9;2;5-9,8-9;3;145388.71074002262;145904.02083499997;146993.56403899996;148105.70785999956;515.3100949773507;1089.5432039999869;2201.6870249995845;eev,integrated,separated,ws;lintim;SiouxFalls;SiouxFalls;True;False;1e-05;12000;1;2;20;50;200;-5;50;0.75;2;50;50;10;10;16;2.7866;1272;1272
14050696;273;g_000;2;1;30;line_consecutive;0.4;1273;9;3;9-10,10-11;7;165541.66492701095;166908.1820249998;168366.12101099995;175399.07097900004;1366.5170979888644;1457.9389860001393;8490.888954000227;eev,integrated,separated,ws;lintim;SiouxFalls;SiouxFalls;True;False;1e-05;12000;1;2;20;50;200;-5;50;0.75;2;50;50;10;10;16;2.7866;1273;1273
14050696;274;g_000;2;1;30;line_consecutive;0.4;1274;9;4;11-12,11-14;8;176900.9949488963;178843.338934;179078.09361899993;194895.145375;1942.343985103711;234.7546849999344;16051.806440999992;eev,integrated,separated,ws;lintim;SiouxFalls;SiouxFalls;True;False;1e-05;12000;1;2;20;50;200;-5;50;0.75;2;50;50;10;10;16;2.7866;1274;1274
14050696;275;g_000;2;1;30;line_consecutive;0.4;1275;9;5;3-4,4-11;4;163425.28624;167572.894244;168478.0027929821;171572.20062199995;4147.608004000009;905.108548982098;3999.30637799995;eev,integrated,separated,ws;lintim;SiouxFalls;SiouxFalls;True;False;1e-05;12000;1;2;20;50;200;-5;50;0.75;2;50;50;10;10;16;2.7866;1275;1275
14050696;276;g_000;2;1;30;line_consecutive;0.4;1276;9;6;7-18,18-20;11;137485.766168;138160.002347;138325.19784899993;138325.197849;674.2361789999995;165.19550199992955;165.19550199998775;eev,integrated,separated,ws;lintim;SiouxFalls;SiouxFalls;True;False;1e-05;12000;1;2;20;50;200;-5;50;0.75;2;50;50;10;10;16;2.7866;1276;1276
14050696;277;g_000;2;1;30;line_consecutive;0.4;1277;9;7;5-9,9-10;9;145388.71074002262;145904.02083499997;146993.56403899996;147590.32693299995;515.3100949773507;1089.5432039999869;1686.3060979999718;eev,integrated,separated,ws;lintim;SiouxFalls;SiouxFalls;True;False;1e-05;12000;1;2;20;50;200;-5;50;0.75;2;50;50;10;10;16;2.7866;1277;1277
14050696;278;g_000;2;1;30;line_consecutive;0.4;1278;9;8;11-14,14-23;4,10;179439.22648399998;182574.3480959997;183407.162262;189907.809857;3135.121611999726;832.8141660002584;7333.461761000275;eev,integrated,separated,ws;lintim;SiouxFalls;SiouxFalls;True;False;1e-05;12000;1;2;20;50;200;-5;50;0.75;2;50;50;10;10;16;2.7866;1278;1278
14050696;279;g_000;2;1;30;line_consecutive;0.4;1279;9;9;3-12,12-13;12;136644.633844;136644.63384399997;136644.63384399962;136644.63384399965;-2.9103830456733704e-11;-3.4924596548080444e-10;-3.2014213502407074e-10;eev,integrated,separated,ws;lintim;SiouxFalls;SiouxFalls;True;False;1e-05;12000;1;2;20;50;200;-5;50;0.75;2;50;50;10;10;16;2.7866;1279;1279
14050696;280;g_000;2;1;30;line_consecutive;0.4;1280;9;10;15-19,17-19;13,14;187191.544964;189315.3639139956;190671.02046;208447.647607;2123.8189499955624;1355.656546004437;19132.2836930044;eev,integrated,separated,ws;lintim;SiouxFalls;SiouxFalls;True;False;1e-05;12000;1;2;20;50;200;-5;50;0.75;2;50;50;10;10;16;2.7866;1280;1280
14050696;281;g_000;2;1;30;line_consecutive;0.4;1281;9;11;17-19,19-20;2;179484.777908;181567.7365195;183088.9229815;199776.422398;2082.958611500013;1521.1864620000124;18208.685878499997;eev,integrated,separated,ws;lintim;SiouxFalls;SiouxFalls;True;False;1e-05;12000;1;2;20;50;200;-5;50;0.75;2;50;50;10;10;16;2.7866;1281;1281
14050696;282;g_000;2;1;30;line_consecutive;0.4;1282;9;12;4-11,11-14;4;165976.56876499997;167532.614655;167532.61465499995;174864.5046670001;1556.0458900000376;-5.820766091346741e-11;7331.890012000076;eev,integrated,separated,ws;lintim;SiouxFalls;SiouxFalls;True;False;1e-05;12000;1;2;20;50;200;-5;50;0.75;2;50;50;10;10;16;2.7866;1282;1282
14050696;283;g_000;2;1;30;line_consecutive;0.4;1283;9;13;10-15,15-19;9;152471.169438;154184.8044319881;154866.37285999994;159450.25583099996;1713.6349939880893;681.5684280118439;5265.451399011858;eev,integrated,separated,ws;lintim;SiouxFalls;SiouxFalls;True;False;1e-05;12000;1;2;20;50;200;-5;50;0.75;2;50;50;10;10;16;2.7866;1283;1283
14050696;284;g_000;2;1;30;line_consecutive;0.4;1284;9;14;10-11,10-16;1,10;160556.472494;163037.97120599996;163873.73399799995;169572.88014299996;2481.4987119999714;835.7627919999941;6534.908937;eev,integrated,separated,ws;lintim;SiouxFalls;SiouxFalls;True;False;1e-05;12000;1;2;20;50;200;-5;50;0.75;2;50;50;10;10;16;2.7866;1284;1284
14050696;285;g_000;2;1;30;line_consecutive;0.4;1285;9;15;10-11,11-14;10;188548.8247409957;190289.721375;191265.500145;206714.262115;1740.8966340042823;975.7787699999752;16424.540739999997;eev,integrated,separated,ws;lintim;SiouxFalls;SiouxFalls;True;False;1e-05;12000;1;2;20;50;200;-5;50;0.75;2;50;50;10;10;16;2.7866;1285;1285
14050696;286;g_000;2;1;30;line_consecutive;0.4;1286;9;16;20-21,21-24;6;146006.76895899998;147157.23086799955;147157.23086799996;147157.2305651158;1150.4619089995683;4.074536263942719e-10;-0.0003028837381862;eev,integrated,separated,ws;lintim;SiouxFalls;SiouxFalls;True;False;1e-05;12000;1;2;20;50;200;-5;50;0.75;2;50;50;10;10;16;2.7866;1286;1286
14050696;287;g_000;2;1;30;line_consecutive;0.4;1287;9;17;5-6,5-9;9;144447.72375399998;145779.901024;146073.23189399997;146452.7598198593;1332.1772700000147;293.33086999997613;672.858795859298;eev,integrated,separated,ws;lintim;SiouxFalls;SiouxFalls;True;False;1e-05;12000;1;2;20;50;200;-5;50;0.75;2;50;50;10;10;16;2.7866;1287;1287
14050696;288;g_000;2;1;30;line_consecutive;0.4;1288;9;18;1-3,3-4;4;166538.00730300002;167731.25694324565;168834.43153999996;179453.5643439811;1193.2496402456309;1103.1745967543102;11722.307400735444;eev,integrated,separated,ws;lintim;SiouxFalls;SiouxFalls;True;False;1e-05;12000;1;2;20;50;200;-5;50;0.75;2;50;50;10;10;16;2.7866;1288;1288
14050696;289;g_000;2;1;30;line_consecutive;0.4;1289;9;19;10-16,16-18;1;150411.71167600004;152993.716432;155448.84865999213;155046.502743;2582.004755999951;2455.132227992144;2052.7863110000035;eev,integrated,separated,ws;lintim;SiouxFalls;SiouxFalls;True;False;1e-05;12000;1;2;20;50;200;-5;50;0.75;2;50;50;10;10;16;2.7866;1289;1289
14050696;290;g_000;2;1;30;line_consecutive;0.4;1290;9;20;15-22,21-22;13;142876.121305;143902.7208779997;145979.24271399993;145979.242714;1026.599572999694;2076.5218360002327;2076.521836000291;eev,integrated,separated,ws;lintim;SiouxFalls;SiouxFalls;True;False;1e-05;12000;1;2;20;50;200;-5;50;0.75;2;50;50;10;10;16;2.7866;1290;1290
14050696;291;g_000;2;1;30;line_consecutive;0.4;1291;9;21;10-17,17-19;14;182060.749691;183988.74708199635;185592.4332339988;201601.02468099995;1927.9973909963448;1603.686152002425;17612.277599003603;eev,integrated,separated,ws;lintim;SiouxFalls;SiouxFalls;True;False;1e-05;12000;1;2;20;50;200;-5;50;0.75;2;50;50;10;10;16;2.7866;1291;1291
14050696;292;g_000;2;1;30;line_consecutive;0.4;1292;9;22;18-20,20-22;11;136644.633844;136644.633844;136644.63384399982;136644.63384399985;0.0;-1.7462298274040222e-10;-1.4551915228366852e-10;eev,integrated,separated,ws;lintim;SiouxFalls;SiouxFalls;True;False;1e-05;12000;1;2;20;50;200;-5;50;0.75;2;50;50;10;10;16;2.7866;1292;1292
14050696;293;g_000;2;1;30;line_consecutive;0.4;1293;9;23;3-4,4-5;3;163425.28624;167572.894244;168478.0027929821;171572.20062199995;4147.608004000009;905.108548982098;3999.30637799995;eev,integrated,separated,ws;lintim;SiouxFalls;SiouxFalls;True;False;1e-05;12000;1;2;20;50;200;-5;50;0.75;2;50;50;10;10;16;2.7866;1293;1293
14050696;294;g_000;2;1;30;line_consecutive;0.4;1294;9;24;8-16,16-17;2,13;158330.67064000003;160556.85174198824;161356.75584999996;171479.79783099965;2226.1811019882152;799.9041080117167;10922.946089011411;eev,integrated,separated,ws;lintim;SiouxFalls;SiouxFalls;True;False;1e-05;12000;1;2;20;50;200;-5;50;0.75;2;50;50;10;10;16;2.7866;1294;1294
14050696;295;g_000;2;1;30;line_consecutive;0.4;1295;9;25;1-2,1-3;12;193875.421248;197842.929622;199060.467125;202673.99444597852;3967.508373999997;1217.5375029999996;4831.064823978551;eev,integrated,separated,ws;lintim;SiouxFalls;SiouxFalls;True;False;1e-05;12000;1;2;20;50;200;-5;50;0.75;2;50;50;10;10;16;2.7866;1295;1295
14050696;296;g_000;2;1;30;line_consecutive;0.4;1296;9;26;4-5,5-9;3;144447.72375399998;145779.901024;146073.23189399997;146452.7598198593;1332.1772700000147;293.33086999997613;672.858795859298;eev,integrated,separated,ws;lintim;SiouxFalls;SiouxFalls;True;False;1e-05;12000;1;2;20;50;200;-5;50;0.75;2;50;50;10;10;16;2.7866;1296;1296
14050696;297;g_000;2;1;30;line_consecutive;0.4;1297;9;27;7-8,7-18;3,11;137750.58763999998;138325.693002;139245.10858499998;139245.108585;575.1053620000312;919.4155829999654;919.4155829999944;eev,integrated,separated,ws;lintim;SiouxFalls;SiouxFalls;True;False;1e-05;12000;1;2;20;50;200;-5;50;0.75;2;50;50;10;10;16;2.7866;1297;1297
14050696;298;g_000;2;1;30;line_consecutive;0.4;1298;9;28;8-16,10-16;10;160825.387765;161693.18097099982;165207.9848749999;175360.066659;867.7932059998275;3514.803904000088;13666.885688000184;eev,integrated,separated,ws;lintim;SiouxFalls;SiouxFalls;True;False;1e-05;12000;1;2;20;50;200;-5;50;0.75;2;50;50;10;10;16;2.7866;1298;1298
14050696;299;g_000;2;1;30;line_consecutive;0.4;1299;9;29;2-6,6-8;2;166738.41361699998;169472.088741;170267.68345899996;177968.50795399965;2733.6751240000303;795.5947179999494;8496.419212999637;eev,integrated,separated,ws;lintim;SiouxFalls;SiouxFalls;True;False;1e-05;12000;1;2;20;50;200;-5;50;0.75;2;50;50;10;10;16;2.7866;1299;1299
14050696;300;g_000;1;1;30;line_consecutive;0.5;1300;10;0;16-17;2,13;151461.24870499998;152866.84480899994;155849.45366199996;163416.0622149999;1405.5961039999677;2982.6088530000125;10549.217405999952;eev,integrated,separated,ws;lintim;SiouxFalls;SiouxFalls;True;False;1e-05;12000;1;2;20;50;200;-5;50;0.75;2;50;50;10;10;16;2.7866;1300;1300
14050696;301;g_000;1;1;30;line_consecutive;0.5;1301;10;1;3-12;8,12;136644.633844;136644.633844;136644.63384399924;136644.63384399927;0.0;-7.566995918750762e-10;-7.275957614183425e-10;eev,integrated,separated,ws;lintim;SiouxFalls;SiouxFalls;True;False;1e-05;12000;1;2;20;50;200;-5;50;0.75;2;50;50;10;10;16;2.7866;1301;1301
14050696;302;g_000;1;1;30;line_consecutive;0.5;1302;10;2;10-11;1,7,10;156104.901396;158244.95386700248;159990.38133799995;164904.55588099995;2140.0524710024765;1745.427470997471;6659.602013997472;eev,integrated,separated,ws;lintim;SiouxFalls;SiouxFalls;True;False;1e-05;12000;1;2;20;50;200;-5;50;0.75;2;50;50;10;10;16;2.7866;1302;1302
14050696;303;g_000;1;1;30;line_consecutive;0.5;1303;10;3;19-20;2;157156.324907;158514.345024;158758.91412299994;168568.20534199965;1358.0201170000073;244.56909899992752;10053.860317999644;eev,integrated,separated,ws;lintim;SiouxFalls;SiouxFalls;True;False;1e-05;12000;1;2;20;50;200;-5;50;0.75;2;50;50;10;10;16;2.7866;1303;1303
14050696;304;g_000;1;1;30;line_consecutive;0.5;1304;10;4;21-22;13;136644.633844;136644.63384400005;136644.63384399936;136644.6338439994;5.820766091346741e-11;-6.984919309616089e-10;-6.402842700481415e-10;eev,integrated,separated,ws;lintim;SiouxFalls;SiouxFalls;True;False;1e-05;12000;1;2;20;50;200;-5;50;0.75;2;50;50;10;10;16;2.7866;1304;1304
14050696;305;g_000;1;1;30;line_consecutive;0.5;1305;10;5;5-6;9;144025.984091;144800.622018;144800.62201799994;144800.622018;774.6379270000034;-5.820766091346741e-11;0.0;eev,integrated,separated,ws;lintim;SiouxFalls;SiouxFalls;True;False;1e-05;12000;1;2;20;50;200;-5;50;0.75;2;50;50;10;10;16;2.7866;1305;1305
14050696;306;g_000;1;1;30;line_consecutive;0.5;1306;10;6;10-15;5,9;151383.172612;153353.0050989576;153774.85602299997;158008.58759399998;1969.832486957603;421.85092404237366;4655.582495042385;eev,integrated,separated,ws;lintim;SiouxFalls;SiouxFalls;True;False;1e-05;12000;1;2;20;50;200;-5;50;0.75;2;50;50;10;10;16;2.7866;1306;1306
14050696;307;g_000;1;1;30;line_consecutive;0.5;1307;10;7;1-2;12;136644.69777199998;136644.633844;136644.6338439987;136644.63384399872;-0.0639279999886639;-1.3096723705530167e-09;-1.280568540096283e-09;eev,integrated,separated,ws;lintim;SiouxFalls;SiouxFalls;True;False;1e-05;12000;1;2;20;50;200;-5;50;0.75;2;50;50;10;10;16;2.7866;1307;1307
14050696;308;g_000;1;1;30;line_consecutive;0.5;1308;10;8;13-24;6;145629.903542;146726.555011;147656.23848199996;147656.2381791158;1096.651469000004;929.6834709999677;929.683168115822;eev,integrated,separated,ws;lintim;SiouxFalls;SiouxFalls;True;False;1e-05;12000;1;2;20;50;200;-5;50;0.75;2;50;50;10;10;16;2.7866;1308;1308
14050696;309;g_000;1;1;30;line_consecutive;0.5;1309;10;9;20-22;11;136644.633844;136644.6338641831;136644.63384399994;136644.63384399997;2.018309896811843e-05;-2.0183157175779343e-05;-2.018312807194889e-05;eev,integrated,separated,ws;lintim;SiouxFalls;SiouxFalls;True;False;1e-05;12000;1;2;20;50;200;-5;50;0.75;2;50;50;10;10;16;2.7866;1309;1309
14050696;310;g_000;1;1;30;line_consecutive;0.5;1310;10;10;5-9;3,9;144259.38902499998;145153.249903999;145397.63018899993;146452.7598198594;893.8608789990249;244.3802850009233;1299.509915860399;eev,integrated,separated,ws;lintim;SiouxFalls;SiouxFalls;True;False;1e-05;12000;1;2;20;50;200;-5;50;0.75;2;50;50;10;10;16;2.7866;1310;1310
14050696;311;g_000;1;1;30;line_consecutive;0.5;1311;10;11;9-10;7,9;144352.806742;145176.147526;145758.96973499993;145176.14752596413;823.340784;582.8222089999472;-3.585591912269592e-08;eev,integrated,separated,ws;lintim;SiouxFalls;SiouxFalls;True;False;1e-05;12000;1;2;20;50;200;-5;50;0.75;2;50;50;10;10;16;2.7866;1311;1311
14050696;312;g_000;1;1;30;line_consecutive;0.5;1312;10;12;7-8;3,7,11;137750.5876400064;138325.6930020029;139245.10858499995;139245.10858499998;575.1053619965096;919.415582997055;919.415582997084;eev,integrated,separated,ws;lintim;SiouxFalls;SiouxFalls;True;False;1e-05;12000;1;2;20;50;200;-5;50;0.75;2;50;50;10;10;16;2.7866;1312;1312
14050696;313;g_000;1;1;30;line_consecutive;0.5;1313;10;13;6-8;2;154654.33731599996;156065.35254399996;156339.68719799997;164756.00188399968;1411.0152280000038;274.3346540000057;8690.649339999713;eev,integrated,separated,ws;lintim;SiouxFalls;SiouxFalls;True;False;1e-05;12000;1;2;20;50;200;-5;50;0.75;2;50;50;10;10;16;2.7866;1313;1313
14050696;314;g_000;1;1;30;line_consecutive;0.5;1314;10;14;17-19;2,13,14;174015.736703;176584.91815099856;177068.02225899996;195596.218138;2569.1814479985624;483.1041080013965;19011.299987001432;eev,integrated,separated,ws;lintim;SiouxFalls;SiouxFalls;True;False;1e-05;12000;1;2;20;50;200;-5;50;0.75;2;50;50;10;10;16;2.7866;1314;1314
14050696;315;g_000;1;1;30;line_consecutive;0.5;1315;10;15;1-3;4,8,12;164416.178103;165705.89605399998;166521.76431799994;172625.45620899997;1289.7179509999696;815.8682639999606;6919.560154999985;eev,integrated,separated,ws;lintim;SiouxFalls;SiouxFalls;True;False;1e-05;12000;1;2;20;50;200;-5;50;0.75;2;50;50;10;10;16;2.7866;1315;1315
14050696;316;g_000;1;1;30;line_consecutive;0.5;1316;10;16;10-17;14;136644.633844;136644.63384400005;136644.63384399994;136644.633844;5.820766091346741e-11;-1.1641532182693479e-10;-5.820766091346741e-11;eev,integrated,separated,ws;lintim;SiouxFalls;SiouxFalls;True;False;1e-05;12000;1;2;20;50;200;-5;50;0.75;2;50;50;10;10;16;2.7866;1316;1316
14050696;317;g_000;1;1;30;line_consecutive;0.5;1317;10;17;23-24;4;149382.2940340091;150241.78987199668;151399.88678799997;157515.63158899988;859.4958379875752;1158.0969160032982;7273.841717003204;eev,integrated,separated,ws;lintim;SiouxFalls;SiouxFalls;True;False;1e-05;12000;1;2;20;50;200;-5;50;0.75;2;50;50;10;10;16;2.7866;1317;1317
14050696;318;g_000;1;1;30;line_consecutive;0.5;1318;10;18;11-14;4,8,10;163807.287564;165855.655346;165883.74610999995;173403.110743;2048.367782000016;28.090763999935007;7547.455396999983;eev,integrated,separated,ws;lintim;SiouxFalls;SiouxFalls;True;False;1e-05;12000;1;2;20;50;200;-5;50;0.75;2;50;50;10;10;16;2.7866;1318;1318
14050696;319;g_000;1;1;30;line_consecutive;0.5;1319;10;19;22-23;5;142178.21360500017;142378.47753300003;143346.05554699997;143346.055547;200.2639279998548;967.5780139999406;967.5780139999696;eev,integrated,separated,ws;lintim;SiouxFalls;SiouxFalls;True;False;1e-05;12000;1;2;20;50;200;-5;50;0.75;2;50;50;10;10;16;2.7866;1319;1319
14050696;320;g_000;1;1;30;line_consecutive;0.5;1320;10;20;15-22;5,13;142876.12130499998;143902.72087820346;145061.33765000082;145061.33765000087;1026.599573203479;1158.6167717973583;1158.6167717974167;eev,integrated,separated,ws;lintim;SiouxFalls;SiouxFalls;True;False;1e-05;12000;1;2;20;50;200;-5;50;0.75;2;50;50;10;10;16;2.7866;1320;1320
14050696;321;g_000;1;1;30;line_consecutive;0.5;1321;10;21;10-16;1,10;148364.35243599996;150129.82571399977;152448.13482899996;152068.545059;1765.4732779998158;2318.3091150001856;1938.7193450002237;eev,integrated,separated,ws;lintim;SiouxFalls;SiouxFalls;True;False;1e-05;12000;1;2;20;50;200;-5;50;0.75;2;50;50;10;10;16;2.7866;1321;1321
14050696;322;g_000;1;1;30;line_consecutive;0.5;1322;10;22;14-15;14;136644.633844;136644.633844;136644.63384399994;136644.633844;0.0;-5.820766091346741e-11;0.0;eev,integrated,separated,ws;lintim;SiouxFalls;SiouxFalls;True;False;1e-05;12000;1;2;20;50;200;-5;50;0.75;2;50;50;10;10;16;2.7866;1322;1322
14050696;323;g_000;1;1;30;line_consecutive;0.5;1323;10;23;11-12;1,7,8;155704.17468299996;158849.337109;160799.61331599994;163320.20800400004;3145.1624260000244;1950.276206999959;4470.870895000058;eev,integrated,separated,ws;lintim;SiouxFalls;SiouxFalls;True;False;1e-05;12000;1;2;20;50;200;-5;50;0.75;2;50;50;10;10;16;2.7866;1323;1323
14050696;324;g_000;1;1;30;line_consecutive;0.5;1324;10;24;4-11;4;153497.19433600002;156572.91219200005;157426.70293899995;162443.4439799999;3075.717856000032;853.7907469999045;5870.531787999847;eev,integrated,separated,ws;lintim;SiouxFalls;SiouxFalls;True;False;1e-05;12000;1;2;20;50;200;-5;50;0.75;2;50;50;10;10;16;2.7866;1324;1324
14050696;325;g_000;1;1;30;line_consecutive;0.5;1325;10;25;16-18;1;146262.16537;148829.19410400002;152163.91480499014;149169.77466342755;2567.0287340000214;3334.7207009901176;340.5805594275298;eev,integrated,separated,ws;lintim;SiouxFalls;SiouxFalls;True;False;1e-05;12000;1;2;20;50;200;-5;50;0.75;2;50;50;10;10;16;2.7866;1325;1325
14050696;326;g_000;1;1;30;line_consecutive;0.5;1326;10;26;2-6;2;162844.935563;164952.231582;165193.06081399997;173754.54160599964;2107.2960190000013;240.82923199996003;8802.310023999627;eev,integrated,separated,ws;lintim;SiouxFalls;SiouxFalls;True;False;1e-05;12000;1;2;20;50;200;-5;50;0.75;2;50;50;10;10;16;2.7866;1326;1326
14050696;327;g_000;1;1;30;line_consecutive;0.5;1327;10;27;7-18;3,11;137485.76616799994;138160.002347;138325.19784899996;138325.197849;674.2361790000577;165.19550199995865;165.19550199998775;eev,integrated,separated,ws;lintim;SiouxFalls;SiouxFalls;True;False;1e-05;12000;1;2;20;50;200;-5;50;0.75;2;50;50;10;10;16;2.7866;1327;1327
14050696;328;g_000;1;1;30;line_consecutive;0.5;1328;10;28;14-23;4,10;149688.153646;149885.81772500003;149885.81772499997;159124.61977400002;197.66407900003836;-5.820766091346741e-11;9238.80204899999;eev,integrated,separated,ws;lintim;SiouxFalls;SiouxFalls;True;False;1e-05;12000;1;2;20;50;200;-5;50;0.75;2;50;50;10;10;16;2.7866;1328;1328
14050696;329;g_000;1;1;30;line_consecutive;0.5;1329;10;29;15-19;9,13,14;144025.9840909998;144800.6220180001;144800.62201799994;144800.622018;774.6379270003235;-1.7462298274040222e-10;-1.1641532182693479e-10;eev,integrated,separated,ws;lintim;SiouxFalls;SiouxFalls;True;False;1e-05;12000;1;2;20;50;200;-5;50;0.75;2;50;50;10;10;16;2.7866;1329;1329
14050696;330;g_000;2;1;30;line_consecutive;0.5;1330;11;0;10-11,10-16;1,10;160556.472494;163037.97120599996;163873.73399799995;169572.88014299996;2481.4987119999714;835.7627919999941;6534.908937;eev,integrated,separated,ws;lintim;SiouxFalls;SiouxFalls;True;False;1e-05;12000;1;2;20;50;200;-5;50;0.75;2;50;50;10;10;16;2.7866;1330;1330
14050696;331;g_000;2;1;30;line_consecutive;0.5;1331;11;1;3-12,11-12;8;167236.67988500002;167761.291065;167821.19517299996;175961.75846500002;524.611179999978;59.9041079999588;8200.467400000023;eev,integrated,separated,ws;lintim;SiouxFalls;SiouxFalls;True;False;1e-05;12000;1;2;20;50;200;-5;50;0.75;2;50;50;10;10;16;2.7866;1331;1331
14050696;332;g_000;2;1;30;line_consecutive;0.5;1332;11;2;1-3,3-4;4;166538.00730300002;167731.260733988;168834.43153999996;179453.5643439811;1193.2534309879702;1103.1708060119709;11722.303609993103;eev,integrated,separated,ws;lintim;SiouxFalls;SiouxFalls;True;False;1e-05;12000;1;2;20;50;200;-5;50;0.75;2;50;50;10;10;16;2.7866;1332;1332
14050696;333;g_000;2;1;30;line_consecutive;0.5;1333;11;3;7-18,18-20;11;137485.766168;138160.002347;138325.19784899993;138325.197849;674.2361789999995;165.19550199992955;165.19550199998775;eev,integrated,separated,ws;lintim;SiouxFalls;SiouxFalls;True;False;1e-05;12000;1;2;20;50;200;-5;50;0.75;2;50;50;10;10;16;2.7866;1333;1333
14050696;334;g_000;2;1;30;line_consecutive;0.5;1334;11;4;5-9,9-10;9;145388.71074002262;145904.02083499997;146993.56403899996;147590.32693299995;515.3100949773507;1089.5432039999869;1686.3060979999718;eev,integrated,separated,ws;lintim;SiouxFalls;SiouxFalls;True;False;1e-05;12000;1;2;20;50;200;-5;50;0.75;2;50;50;10;10;16;2.7866;1334;1334
14050696;335;g_000;2;1;30;line_consecutive;0.5;1335;11;5;7-8,7-18;3,11;137750.58763999998;138325.693002;139245.10858499998;139245.108585;575.1053620000312;919.4155829999654;919.4155829999944;eev,integrated,separated,ws;lintim;SiouxFalls;SiouxFalls;True;False;1e-05;12000;1;2;20;50;200;-5;50;0.75;2;50;50;10;10;16;2.7866;1335;1335
14050696;336;g_000;2;1;30;line_consecutive;0.5;1336;11;6;14-23,23-24;4;166971.966027;169747.11692399997;170081.85019099998;176996.3481;2775.150896999985;334.73326700000325;7249.23117600003;eev,integrated,separated,ws;lintim;SiouxFalls;SiouxFalls;True;False;1e-05;12000;1;2;20;50;200;-5;50;0.75;2;50;50;10;10;16;2.7866;1336;1336
14050696;337;g_000;2;1;30;line_consecutive;0.5;1337;11;7;15-22,21-22;13;142876.121305;143902.7208779997;145979.24271399993;145979.242714;1026.599572999694;2076.5218360002327;2076.521836000291;eev,integrated,separated,ws;lintim;SiouxFalls;SiouxFalls;True;False;1e-05;12000;1;2;20;50;200;-5;50;0.75;2;50;50;10;10;16;2.7866;1337;1337
14050696;338;g_000;2;1;30;line_consecutive;0.5;1338;11;8;5-9,8-9;3;145388.71074002262;145904.02083499997;146993.56403899996;148105.70785999956;515.3100949773507;1089.5432039999869;2201.6870249995845;eev,integrated,separated,ws;lintim;SiouxFalls;SiouxFalls;True;False;1e-05;12000;1;2;20;50;200;-5;50;0.75;2;50;50;10;10;16;2.7866;1338;1338
14050696;339;g_000;2;1;30;line_consecutive;0.5;1339;11;9;20-21,21-24;6;146006.76895899998;147157.23086799955;147157.23086799996;147157.2305651158;1150.4619089995683;4.074536263942719e-10;-0.0003028837381862;eev,integrated,separated,ws;lintim;SiouxFalls;SiouxFalls;True;False;1e-05;12000;1;2;20;50;200;-5;50;0.75;2;50;50;10;10;16;2.7866;1339;1339
14050696;340;g_000;2;1;30;line_consecutive;0.5;1340;11;10;10-15,15-19;9;152471.169438;154184.8044319881;154866.37285999994;159450.25583099996;1713.6349939880893;681.5684280118439;5265.451399011858;eev,integrated,separated,ws;lintim;SiouxFalls;SiouxFalls;True;False;1e-05;12000;1;2;20;50;200;-5;50;0.75;2;50;50;10;10;16;2.7866;1340;1340
14050696;341;g_000;2;1;30;line_consecutive;0.5;1341;11;11;13-24,21-24;6;146356.153542;147452.805011;148342.52294399988;148342.52264111576;1096.651469000004;889.7179329998908;889.7176301157742;eev,integrated,separated,ws;lintim;SiouxFalls;SiouxFalls;True;False;1e-05;12000;1;2;20;50;200;-5;50;0.75;2;50;50;10;10;16;2.7866;1341;1341
14050696;342;g_000;2;1;30;line_consecutive;0.5;1342;11;12;17-19,19-20;2;179484.777908;181567.7365195;183088.9229815;199776.422398;2082.958611500013;1521.1864620000124;18208.685878499997;eev,integrated,separated,ws;lintim;SiouxFalls;SiouxFalls;True;False;1e-05;12000;1;2;20;50;200;-5;50;0.75;2;50;50;10;10;16;2.7866;1342;1342
14050696;343;g_000;2;1;30;line_consecutive;0.5;1343;11;13;8-16,16-17;2,13;158330.67064000003;160556.85174198824;161356.75584999996;171479.79783099965;2226.1811019882152;799.9041080117167;10922.946089011411;eev,integrated,separated,ws;lintim;SiouxFalls;SiouxFalls;True;False;1e-05;12000;1;2;20;50;200;-5;50;0.75;2;50;50;10;10;16;2.7866;1343;1343
14050696;344;g_000;2;1;30;line_consecutive;0.5;1344;11;14;1-2,1-3;12;193875.421248;197842.929622;199060.467125;202673.99444597852;3967.508373999997;1217.5375029999996;4831.064823978551;eev,integrated,separated,ws;lintim;SiouxFalls;SiouxFalls;True;False;1e-05;12000;1;2;20;50;200;-5;50;0.75;2;50;50;10;10;16;2.7866;1344;1344
14050696;345;g_000;2;1;30;line_consecutive;0.5;1345;11;15;6-8,8-16;2;159933.519587;162774.753456;163457.43221099995;172825.03533999965;2841.233869000018;682.6787549999426;10050.281883999647;eev,integrated,separated,ws;lintim;SiouxFalls;SiouxFalls;True;False;1e-05;12000;1;2;20;50;200;-5;50;0.75;2;50;50;10;10;16;2.7866;1345;1345
14050696;346;g_000;2;1;30;line_consecutive;0.5;1346;11;16;15-19,15-22;13;151819.32942198738;153534.77918598443;153939.59697899997;153939.596979;1715.4497639970505;404.81779301553615;404.81779301556526;eev,integrated,separated,ws;lintim;SiouxFalls;SiouxFalls;True;False;1e-05;12000;1;2;20;50;200;-5;50;0.75;2;50;50;10;10;16;2.7866;1346;1346
14050696;347;g_000;2;1;30;line_consecutive;0.5;1347;11;17;10-17,17-19;14;182060.749691;183988.74708199635;185592.4332339988;201601.02468099995;1927.9973909963448;1603.686152002425;17612.277599003603;eev,integrated,separated,ws;lintim;SiouxFalls;SiouxFalls;True;False;1e-05;12000;1;2;20;50;200;-5;50;0.75;2;50;50;10;10;16;2.7866;1347;1347
14050696;348;g_000;2;1;30;line_consecutive;0.5;1348;11;18;7-8,8-9;3,7;137750.58763999987;138325.693002;139245.10858499998;139245.108585;575.1053620001476;919.4155829999654;919.4155829999944;eev,integrated,separated,ws;lintim;SiouxFalls;SiouxFalls;True;False;1e-05;12000;1;2;20;50;200;-5;50;0.75;2;50;50;10;10;16;2.7866;1348;1348
14050696;349;g_000;2;1;30;line_consecutive;0.5;1349;11;19;10-16,16-18;1;150411.71167600004;152993.716432;155448.84865999213;155046.502743;2582.004755999951;2455.132227992144;2052.7863110000035;eev,integrated,separated,ws;lintim;SiouxFalls;SiouxFalls;True;False;1e-05;12000;1;2;20;50;200;-5;50;0.75;2;50;50;10;10;16;2.7866;1349;1349
14050696;350;g_000;2;1;30;line_consecutive;0.5;1350;11;20;10-15,15-22;5;152195.30240799987;153998.322539;154006.96918599994;157811.071857;1803.020131000114;8.646646999957738;3812.749318000017;eev,integrated,separated,ws;lintim;SiouxFalls;SiouxFalls;True;False;1e-05;12000;1;2;20;50;200;-5;50;0.75;2;50;50;10;10;16;2.7866;1350;1350
14050696;351;g_000;2;1;30;line_consecutive;0.5;1351;11;21;4-11,11-14;4;165976.56876499997;167532.614655;167532.61465499995;174864.5046670001;1556.0458900000376;-5.820766091346741e-11;7331.890012000076;eev,integrated,separated,ws;lintim;SiouxFalls;SiouxFalls;True;False;1e-05;12000;1;2;20;50;200;-5;50;0.75;2;50;50;10;10;16;2.7866;1351;1351
14050696;352;g_000;2;1;30;line_consecutive;0.5;1352;11;22;15-22,22-23;5;143650.5543829999;145403.74362999885;146057.26989599995;146057.26989599998;1753.1892469989543;653.5262660011067;653.5262660011358;eev,integrated,separated,ws;lintim;SiouxFalls;SiouxFalls;True;False;1e-05;12000;1;2;20;50;200;-5;50;0.75;2;50;50;10;10;16;2.7866;1352;1352
14050696;353;g_000;2;1;30;line_consecutive;0.5;1353;11;23;3-4,4-5;3;163425.28624;167572.894244;168478.0027929821;171572.20062199995;4147.608004000009;905.108548982098;3999.30637799995;eev,integrated,separated,ws;lintim;SiouxFalls;SiouxFalls;True;False;1e-05;12000;1;2;20;50;200;-5;50;0.75;2;50;50;10;10;16;2.7866;1353;1353
14050696;354;g_000;2;1;30;line_consecutive;0.5;1354;11;24;11-12,11-14;8;176963.83016799993;178843.338934;179078.09361899993;194895.145375;1879.508766000072;234.7546849999344;16051.806440999992;eev,integrated,separated,ws;lintim;SiouxFalls;SiouxFalls;True;False;1e-05;12000;1;2;20;50;200;-5;50;0.75;2;50;50;10;10;16;2.7866;1354;1354
14050696;355;g_000;2;1;30;line_consecutive;0.5;1355;11;25;9-10,10-11;7;165541.66492701095;166908.1820249998;168366.12101099995;175399.07097900004;1366.5170979888644;1457.9389860001393;8490.888954000227;eev,integrated,separated,ws;lintim;SiouxFalls;SiouxFalls;True;False;1e-05;12000;1;2;20;50;200;-5;50;0.75;2;50;50;10;10;16;2.7866;1355;1355
14050696;356;g_000;2;1;30;line_consecutive;0.5;1356;11;26;10-11,11-14;10;188548.8247409957;190289.721375;191265.500145;206714.262115;1740.8966340042823;975.7787699999752;16424.540739999997;eev,integrated,separated,ws;lintim;SiouxFalls;SiouxFalls;True;False;1e-05;12000;1;2;20;50;200;-5;50;0.75;2;50;50;10;10;16;2.7866;1356;1356
14050696;357;g_000;2;1;30;line_consecutive;0.5;1357;11;27;16-17,17-19;2,13;182060.749691;183988.74708199635;185592.4332339988;201601.02468099995;1927.9973909963448;1603.686152002425;17612.277599003603;eev,integrated,separated,ws;lintim;SiouxFalls;SiouxFalls;True;False;1e-05;12000;1;2;20;50;200;-5;50;0.75;2;50;50;10;10;16;2.7866;1357;1357
14050696;358;g_000;2;1;30;line_consecutive;0.5;1358;11;28;1-3,3-12;8,12;164416.17810301948;165705.8960539994;166521.76431799994;172625.45620899997;1289.717950979917;815.8682640005427;6919.560155000567;eev,integrated,separated,ws;lintim;SiouxFalls;SiouxFalls;True;False;1e-05;12000;1;2;20;50;200;-5;50;0.75;2;50;50;10;10;16;2.7866;1358;1358
14050696;359;g_000;2;1;30;line_consecutive;0.5;1359;11;29;3-4,4-11;4;163425.28624;167572.894244;168478.0027929821;171572.20062199995;4147.608004000009;905.108548982098;3999.30637799995;eev,integrated,separated,ws;lintim;SiouxFalls;SiouxFalls;True;False;1e-05;12000;1;2;20;50;200;-5;50;0.75;2;50;50;10;10;16;2.7866;1359;1359
14050696;360;g_000;1;1;30;line_consecutive;0.6;1360;12;0;1-2;12;136644.69777199998;136644.633844;136644.6338439987;136644.63384399872;-0.0639279999886639;-1.3096723705530167e-09;-1.280568540096283e-09;eev,integrated,separated,ws;lintim;SiouxFalls;SiouxFalls;True;False;1e-05;12000;1;2;20;50;200;-5;50;0.75;2;50;50;10;10;16;2.7866;1360;1360
14050696;361;g_000;1;1;30;line_consecutive;0.6;1361;12;1;14-15;14;136644.633844;136644.633844;136644.63384399994;136644.633844;0.0;-5.820766091346741e-11;0.0;eev,integrated,separated,ws;lintim;SiouxFalls;SiouxFalls;True;False;1e-05;12000;1;2;20;50;200;-5;50;0.75;2;50;50;10;10;16;2.7866;1361;1361
14050696;362;g_000;1;1;30;line_consecutive;0.6;1362;12;2;21-24;6;140669.54515199998;140995.16588;140995.16587999996;140995.16557711584;325.62072800000897;-2.9103830456733704e-11;-0.0003028841456398;eev,integrated,separated,ws;lintim;SiouxFalls;SiouxFalls;True;False;1e-05;12000;1;2;20;50;200;-5;50;0.75;2;50;50;10;10;16;2.7866;1362;1362
14050696;363;g_000;1;1;30;line_consecutive;0.6;1363;12;3;16-17;2,13;151461.24870499998;152866.84480899994;155849.45366199996;163416.0622149999;1405.5961039999677;2982.6088530000125;10549.217405999952;eev,integrated,separated,ws;lintim;SiouxFalls;SiouxFalls;True;False;1e-05;12000;1;2;20;50;200;-5;50;0.75;2;50;50;10;10;16;2.7866;1363;1363
14050696;364;g_000;1;1;30;line_consecutive;0.6;1364;12;4;6-8;2;154654.33731599996;156065.35254399996;156339.68719799997;164756.00188399968;1411.0152280000038;274.3346540000057;8690.649339999713;eev,integrated,separated,ws;lintim;SiouxFalls;SiouxFalls;True;False;1e-05;12000;1;2;20;50;200;-5;50;0.75;2;50;50;10;10;16;2.7866;1364;1364
14050696;365;g_000;1;1;30;line_consecutive;0.6;1365;12;5;23-24;4;149382.2940340091;150241.78987199668;151399.88678799997;157515.63158899988;859.4958379875752;1158.0969160032982;7273.841717003204;eev,integrated,separated,ws;lintim;SiouxFalls;SiouxFalls;True;False;1e-05;12000;1;2;20;50;200;-5;50;0.75;2;50;50;10;10;16;2.7866;1365;1365
14050696;366;g_000;1;1;30;line_consecutive;0.6;1366;12;6;21-22;13;136644.633844;136644.63384400005;136644.63384399936;136644.6338439994;5.820766091346741e-11;-6.984919309616089e-10;-6.402842700481415e-10;eev,integrated,separated,ws;lintim;SiouxFalls;SiouxFalls;True;False;1e-05;12000;1;2;20;50;200;-5;50;0.75;2;50;50;10;10;16;2.7866;1366;1366
14050696;367;g_000;1;1;30;line_consecutive;0.6;1367;12;7;8-9;3,7;137750.58763999998;138202.34519400058;139245.10858498933;139245.1085849894;451.7575540005928;1042.7633909887518;1042.76339098881;eev,integrated,separated,ws;lintim;SiouxFalls;SiouxFalls;True;False;1e-05;12000;1;2;20;50;200;-5;50;0.75;2;50;50;10;10;16;2.7866;1367;1367
14050696;368;g_000;1;1;30;line_consecutive;0.6;1368;12;8;9-10;7,9;144352.806742;145176.147526;145758.96973499993;145176.14752596413;823.340784;582.8222089999472;-3.585591912269592e-08;eev,integrated,separated,ws;lintim;SiouxFalls;SiouxFalls;True;False;1e-05;12000;1;2;20;50;200;-5;50;0.75;2;50;50;10;10;16;2.7866;1368;1368
14050696;369;g_000;1;1;30;line_consecutive;0.6;1369;12;9;7-8;3,7,11;137750.5876400064;138325.6930020029;139245.10858499995;139245.10858499998;575.1053619965096;919.415582997055;919.415582997084;eev,integrated,separated,ws;lintim;SiouxFalls;SiouxFalls;True;False;1e-05;12000;1;2;20;50;200;-5;50;0.75;2;50;50;10;10;16;2.7866;1369;1369
14050696;370;g_000;1;1;30;line_consecutive;0.6;1370;12;10;10-16;1,10;148364.35243599996;150129.82571399977;152448.13482899996;152068.545059;1765.4732779998158;2318.3091150001856;1938.7193450002237;eev,integrated,separated,ws;lintim;SiouxFalls;SiouxFalls;True;False;1e-05;12000;1;2;20;50;200;-5;50;0.75;2;50;50;10;10;16;2.7866;1370;1370
14050696;371;g_000;1;1;30;line_consecutive;0.6;1371;12;11;17-19;2,13,14;174015.736703;176584.91815099856;177068.02225899996;195596.218138;2569.1814479985624;483.1041080013965;19011.299987001432;eev,integrated,separated,ws;lintim;SiouxFalls;SiouxFalls;True;False;1e-05;12000;1;2;20;50;200;-5;50;0.75;2;50;50;10;10;16;2.7866;1371;1371
14050696;372;g_000;1;1;30;line_consecutive;0.6;1372;12;12;12-13;12;136644.633844;136644.633844;136644.63384399994;136644.633844;0.0;-5.820766091346741e-11;0.0;eev,integrated,separated,ws;lintim;SiouxFalls;SiouxFalls;True;False;1e-05;12000;1;2;20;50;200;-5;50;0.75;2;50;50;10;10;16;2.7866;1372;1372
14050696;373;g_000;1;1;30;line_consecutive;0.6;1373;12;13;11-14;4,8,10;163807.287564;165855.655346;165883.74610999995;173403.110743;2048.367782000016;28.090763999935007;7547.455396999983;eev,integrated,separated,ws;lintim;SiouxFalls;SiouxFalls;True;False;1e-05;12000;1;2;20;50;200;-5;50;0.75;2;50;50;10;10;16;2.7866;1373;1373
14050696;374;g_000;1;1;30;line_consecutive;0.6;1374;12;14;20-22;11;136644.633844;136644.6338641831;136644.63384399994;136644.63384399997;2.018309896811843e-05;-2.0183157175779343e-05;-2.018312807194889e-05;eev,integrated,separated,ws;lintim;SiouxFalls;SiouxFalls;True;False;1e-05;12000;1;2;20;50;200;-5;50;0.75;2;50;50;10;10;16;2.7866;1374;1374
14050696;375;g_000;1;1;30;line_consecutive;0.6;1375;12;15;2-6;2;162844.935563;164952.231582;165193.06081399997;173754.54160599964;2107.2960190000013;240.82923199996003;8802.310023999627;eev,integrated,separated,ws;lintim;SiouxFalls;SiouxFalls;True;False;1e-05;12000;1;2;20;50;200;-5;50;0.75;2;50;50;10;10;16;2.7866;1375;1375
14050696;376;g_000;1;1;30;line_consecutive;0.6;1376;12;16;1-3;4,8,12;164416.178103;165705.89605399998;166521.76431799994;172625.45620899997;1289.7179509999696;815.8682639999606;6919.560154999985;eev,integrated,separated,ws;lintim;SiouxFalls;SiouxFalls;True;False;1e-05;12000;1;2;20;50;200;-5;50;0.75;2;50;50;10;10;16;2.7866;1376;1376
14050696;377;g_000;1;1;30;line_consecutive;0.6;1377;12;17;7-18;3,11;137485.76616799994;138160.002347;138325.19784899996;138325.197849;674.2361790000577;165.19550199995865;165.19550199998775;eev,integrated,separated,ws;lintim;SiouxFalls;SiouxFalls;True;False;1e-05;12000;1;2;20;50;200;-5;50;0.75;2;50;50;10;10;16;2.7866;1377;1377
14050696;378;g_000;1;1;30;line_consecutive;0.6;1378;12;18;4-11;4;153497.19433600002;156572.91219200005;157426.70293899995;162443.4439799999;3075.717856000032;853.7907469999045;5870.531787999847;eev,integrated,separated,ws;lintim;SiouxFalls;SiouxFalls;True;False;1e-05;12000;1;2;20;50;200;-5;50;0.75;2;50;50;10;10;16;2.7866;1378;1378
14050696;379;g_000;1;1;30;line_consecutive;0.6;1379;12;19;10-17;14;136644.633844;136644.63384400005;136644.63384399994;136644.633844;5.820766091346741e-11;-1.1641532182693479e-10;-5.820766091346741e-11;eev,integrated,separated,ws;lintim;SiouxFalls;SiouxFalls;True;False;1e-05;12000;1;2;20;50;200;-5;50;0.75;2;50;50;10;10;16;2.7866;1379;1379
14050696;380;g_000;1;1;30;line_consecutive;0.6;1380;12;20;22-23;5;142178.21360500017;142378.47753300003;143346.05554699997;143346.055547;200.2639279998548;967.5780139999406;967.5780139999696;eev,integrated,separated,ws;lintim;SiouxFalls;SiouxFalls;True;False;1e-05;12000;1;2;20;50;200;-5;50;0.75;2;50;50;10;10;16;2.7866;1380;1380
14050696;381;g_000;1;1;30;line_consecutive;0.6;1381;12;21;19-20;2;157156.324907;158514.345024;158758.91412299994;168568.20534199965;1358.0201170000073;244.56909899992752;10053.860317999644;eev,integrated,separated,ws;lintim;SiouxFalls;SiouxFalls;True;False;1e-05;12000;1;2;20;50;200;-5;50;0.75;2;50;50;10;10;16;2.7866;1381;1381
14050696;382;g_000;1;1;30;line_consecutive;0.6;1382;12;22;5-6;9;144025.984091;144800.622018;144800.62201799994;144800.622018;774.6379270000034;-5.820766091346741e-11;0.0;eev,integrated,separated,ws;lintim;SiouxFalls;SiouxFalls;True;False;1e-05;12000;1;2;20;50;200;-5;50;0.75;2;50;50;10;10;16;2.7866;1382;1382
14050696;383;g_000;1;1;30;line_consecutive;0.6;1383;12;23;11-12;1,7,8;155704.17468299996;158849.337109;160799.61331599994;163320.20800400004;3145.1624260000244;1950.276206999959;4470.870895000058;eev,integrated,separated,ws;lintim;SiouxFalls;SiouxFalls;True;False;1e-05;12000;1;2;20;50;200;-5;50;0.75;2;50;50;10;10;16;2.7866;1383;1383
14050696;384;g_000;1;1;30;line_consecutive;0.6;1384;12;24;4-5;3;137485.76616799994;138160.002347;138325.19784899993;138325.197849;674.2361790000577;165.19550199992955;165.19550199998775;eev,integrated,separated,ws;lintim;SiouxFalls;SiouxFalls;True;False;1e-05;12000;1;2;20;50;200;-5;50;0.75;2;50;50;10;10;16;2.7866;1384;1384
14050696;385;g_000;1;1;30;line_consecutive;0.6;1385;12;25;8-16;2,10,13;155863.428123;157109.01484499997;159247.97648699995;167604.11882899964;1245.5867219999782;2138.96164199998;10495.103983999668;eev,integrated,separated,ws;lintim;SiouxFalls;SiouxFalls;True;False;1e-05;12000;1;2;20;50;200;-5;50;0.75;2;50;50;10;10;16;2.7866;1385;1385
14050696;386;g_000;1;1;30;line_consecutive;0.6;1386;12;26;5-9;3,9;144259.38902499998;145153.249903999;145397.63018899993;146452.7598198594;893.8608789990249;244.3802850009233;1299.509915860399;eev,integrated,separated,ws;lintim;SiouxFalls;SiouxFalls;True;False;1e-05;12000;1;2;20;50;200;-5;50;0.75;2;50;50;10;10;16;2.7866;1386;1386
14050696;387;g_000;1;1;30;line_consecutive;0.6;1387;12;27;10-15;5,9;151383.172612;153353.0050989576;153774.85602299997;158008.58759399998;1969.832486957603;421.85092404237366;4655.582495042385;eev,integrated,separated,ws;lintim;SiouxFalls;SiouxFalls;True;False;1e-05;12000;1;2;20;50;200;-5;50;0.75;2;50;50;10;10;16;2.7866;1387;1387
14050696;388;g_000;1;1;30;line_consecutive;0.6;1388;12;28;15-19;9,13,14;144025.9840909998;144800.6220180001;144800.62201799994;144800.622018;774.6379270003235;-1.7462298274040222e-10;-1.1641532182693479e-10;eev,integrated,separated,ws;lintim;SiouxFalls;SiouxFalls;True;False;1e-05;12000;1;2;20;50;200;-5;50;0.75;2;50;50;10;10;16;2.7866;1388;1388
14050696;389;g_000;1;1;30;line_consecutive;0.6;1389;12;29;14-23;4,10;149688.153646;149885.81772500003;149885.81772499997;159124.61977400002;197.66407900003836;-5.820766091346741e-11;9238.80204899999;eev,integrated,separated,ws;lintim;SiouxFalls;SiouxFalls;True;False;1e-05;12000;1;2;20;50;200;-5;50;0.75;2;50;50;10;10;16;2.7866;1389;1389
14050696;390;g_000;2;1;30;line_consecutive;0.6;1390;13;0;10-17,17-19;14;182060.749691;183988.74708199635;185592.4332339988;201601.02468099995;1927.9973909963448;1603.686152002425;17612.277599003603;eev,integrated,separated,ws;lintim;SiouxFalls;SiouxFalls;True;False;1e-05;12000;1;2;20;50;200;-5;50;0.75;2;50;50;10;10;16;2.7866;1390;1390
14050696;391;g_000;2;1;30;line_consecutive;0.6;1391;13;1;1-3,3-4;4;166538.00730300002;167731.25694324565;168834.43153999996;179453.5643439811;1193.2496402456309;1103.1745967543102;11722.307400735444;eev,integrated,separated,ws;lintim;SiouxFalls;SiouxFalls;True;False;1e-05;12000;1;2;20;50;200;-5;50;0.75;2;50;50;10;10;16;2.7866;1391;1391
14050696;392;g_000;2;1;30;line_consecutive;0.6;1392;13;2;6-8,8-16;2;159933.519587;162774.753456;163457.43221099995;172825.03533999965;2841.233869000018;682.6787549999426;10050.281883999647;eev,integrated,separated,ws;lintim;SiouxFalls;SiouxFalls;True;False;1e-05;12000;1;2;20;50;200;-5;50;0.75;2;50;50;10;10;16;2.7866;1392;1392
14050696;393;g_000;2;1;30;line_consecutive;0.6;1393;13;3;1-2,1-3;12;193875.421248;197842.929622;199060.467125;202673.99444597852;3967.508373999997;1217.5375029999996;4831.064823978551;eev,integrated,separated,ws;lintim;SiouxFalls;SiouxFalls;True;False;1e-05;12000;1;2;20;50;200;-5;50;0.75;2;50;50;10;10;16;2.7866;1393;1393
14050696;394;g_000;2;1;30;line_consecutive;0.6;1394;13;4;11-14,14-23;4,10;179439.22648399998;182574.3480959997;183407.162262;189907.809857;3135.121611999726;832.8141660002584;7333.461761000275;eev,integrated,separated,ws;lintim;SiouxFalls;SiouxFalls;True;False;1e-05;12000;1;2;20;50;200;-5;50;0.75;2;50;50;10;10;16;2.7866;1394;1394
14050696;395;g_000;2;1;30;line_consecutive;0.6;1395;13;5;7-8,7-18;3,11;137750.58763999998;138325.693002;139245.10858499998;139245.108585;575.1053620000312;919.4155829999654;919.4155829999944;eev,integrated,separated,ws;lintim;SiouxFalls;SiouxFalls;True;False;1e-05;12000;1;2;20;50;200;-5;50;0.75;2;50;50;10;10;16;2.7866;1395;1395
14050696;396;g_000;2;1;30;line_consecutive;0.6;1396;13;6;5-6,5-9;9;144447.72375399998;145779.901024;146073.23189399997;146452.7598198593;1332.1772700000147;293.33086999997613;672.858795859298;eev,integrated,separated,ws;lintim;SiouxFalls;SiouxFalls;True;False;1e-05;12000;1;2;20;50;200;-5;50;0.75;2;50;50;10;10;16;2.7866;1396;1396
14050696;397;g_000;2;1;30;line_consecutive;0.6;1397;13;7;10-16,16-18;1;150411.71167600004;152993.716432;155448.84865999213;155046.502743;2582.004755999951;2455.132227992144;2052.7863110000035;eev,integrated,separated,ws;lintim;SiouxFalls;SiouxFalls;True;False;1e-05;12000;1;2;20;50;200;-5;50;0.75;2;50;50;10;10;16;2.7866;1397;1397
14050696;398;g_000;2;1;30;line_consecutive;0.6;1398;13;8;15-22,22-23;5;143650.5543829999;145403.74362999885;146057.26989599995;146057.26989599998;1753.1892469989543;653.5262660011067;653.5262660011358;eev,integrated,separated,ws;lintim;SiouxFalls;SiouxFalls;True;False;1e-05;12000;1;2;20;50;200;-5;50;0.75;2;50;50;10;10;16;2.7866;1398;1398
14050696;399;g_000;2;1;30;line_consecutive;0.6;1399;13;9;8-16,16-17;2,13;158330.67064000003;160556.85174198824;161356.75584999996;171479.79783099965;2226.1811019882152;799.9041080117167;10922.946089011411;eev,integrated,separated,ws;lintim;SiouxFalls;SiouxFalls;True;False;1e-05;12000;1;2;20;50;200;-5;50;0.75;2;50;50;10;10;16;2.7866;1399;1399
14050696;400;g_000;2;1;30;line_consecutive;0.6;1400;13;10;4-5,5-9;3;144447.72375399998;145779.901024;146073.23189399997;146452.7598198593;1332.1772700000147;293.33086999997613;672.858795859298;eev,integrated,separated,ws;lintim;SiouxFalls;SiouxFalls;True;False;1e-05;12000;1;2;20;50;200;-5;50;0.75;2;50;50;10;10;16;2.7866;1400;1400
14050696;401;g_000;2;1;30;line_consecutive;0.6;1401;13;11;14-15,15-19;14;144025.984091;144800.622018;144800.62201799994;144800.622018;774.6379270000034;-5.820766091346741e-11;0.0;eev,integrated,separated,ws;lintim;SiouxFalls;SiouxFalls;True;False;1e-05;12000;1;2;20;50;200;-5;50;0.75;2;50;50;10;10;16;2.7866;1401;1401
14050696;402;g_000;2;1;30;line_consecutive;0.6;1402;13;12;3-12,12-13;12;136644.633844;136644.63384399997;136644.63384399962;136644.63384399965;-2.9103830456733704e-11;-3.4924596548080444e-10;-3.2014213502407074e-10;eev,integrated,separated,ws;lintim;SiouxFalls;SiouxFalls;True;False;1e-05;12000;1;2;20;50;200;-5;50;0.75;2;50;50;10;10;16;2.7866;1402;1402
14050696;403;g_000;2;1;30;line_consecutive;0.6;1403;13;13;4-11,11-14;4;165976.56876499997;167532.614655;167532.61465499995;174864.5046670001;1556.0458900000376;-5.820766091346741e-11;7331.890012000076;eev,integrated,separated,ws;lintim;SiouxFalls;SiouxFalls;True;False;1e-05;12000;1;2;20;50;200;-5;50;0.75;2;50;50;10;10;16;2.7866;1403;1403
14050696;404;g_000;2;1;30;line_consecutive;0.6;1404;13;14;3-4,4-5;3;163425.28624;167572.894244;168478.0027929821;171572.20062199995;4147.608004000009;905.108548982098;3999.30637799995;eev,integrated,separated,ws;lintim;SiouxFalls;SiouxFalls;True;False;1e-05;12000;1;2;20;50;200;-5;50;0.75;2;50;50;10;10;16;2.7866;1404;1404
14050696;405;g_000;2;1;30;line_consecutive;0.6;1405;13;15;15-19,17-19;13,14;187191.544964;189315.3639139956;190671.02046;208447.647607;2123.8189499955624;1355.656546004437;19132.2836930044;eev,integrated,separated,ws;lintim;SiouxFalls;SiouxFalls;True;False;1e-05;12000;1;2;20;50;200;-5;50;0.75;2;50;50;10;10;16;2.7866;1405;1405
14050696;406;g_000;2;1;30;line_consecutive;0.6;1406;13;16;8-16,10-16;10;160825.387765;161693.18097099982;165207.9848749999;175360.066659;867.7932059998275;3514.803904000088;13666.885688000184;eev,integrated,separated,ws;lintim;SiouxFalls;SiouxFalls;True;False;1e-05;12000;1;2;20;50;200;-5;50;0.75;2;50;50;10;10;16;2.7866;1406;1406
14050696;407;g_000;2;1;30;line_consecutive;0.6;1407;13;17;16-17,17-19;2,13;182060.749691;183988.74708199635;185592.4332339988;201601.02468099995;1927.9973909963448;1603.686152002425;17612.277599003603;eev,integrated,separated,ws;lintim;SiouxFalls;SiouxFalls;True;False;1e-05;12000;1;2;20;50;200;-5;50;0.75;2;50;50;10;10;16;2.7866;1407;1407
14050696;408;g_000;2;1;30;line_consecutive;0.6;1408;13;18;9-10,10-15;9;152810.94243500018;154482.358968;154965.46307598648;160089.75890699998;1671.4165329998068;483.10410798649536;5607.399938999995;eev,integrated,separated,ws;lintim;SiouxFalls;SiouxFalls;True;False;1e-05;12000;1;2;20;50;200;-5;50;0.75;2;50;50;10;10;16;2.7866;1408;1408
14050696;409;g_000;2;1;30;line_consecutive;0.6;1409;13;19;3-4,4-11;4;163425.28624;167572.894244;168478.0027929821;171572.20062199995;4147.608004000009;905.108548982098;3999.30637799995;eev,integrated,separated,ws;lintim;SiouxFalls;SiouxFalls;True;False;1e-05;12000;1;2;20;50;200;-5;50;0.75;2;50;50;10;10;16;2.7866;1409;1409
14050696;410;g_000;2;1;30;line_consecutive;0.6;1410;13;20;9-10,10-11;7;165541.66492701095;166908.1820249998;168366.12101099995;175399.07097900004;1366.5170979888644;1457.9389860001393;8490.888954000227;eev,integrated,separated,ws;lintim;SiouxFalls;SiouxFalls;True;False;1e-05;12000;1;2;20;50;200;-5;50;0.75;2;50;50;10;10;16;2.7866;1410;1410
14050696;411;g_000;2;1;30;line_consecutive;0.6;1411;13;21;5-9,9-10;9;145388.71074002262;145904.02083499997;146993.56403899996;147590.32693299995;515.3100949773507;1089.5432039999869;1686.3060979999718;eev,integrated,separated,ws;lintim;SiouxFalls;SiouxFalls;True;False;1e-05;12000;1;2;20;50;200;-5;50;0.75;2;50;50;10;10;16;2.7866;1411;1411
14050696;412;g_000;2;1;30;line_consecutive;0.6;1412;13;22;10-11,11-12;1,7;164352.01052500002;167109.72616199998;168952.97378799994;174573.72379095847;2757.715636999957;1843.247625999968;7463.997628958488;eev,integrated,separated,ws;lintim;SiouxFalls;SiouxFalls;True;False;1e-05;12000;1;2;20;50;200;-5;50;0.75;2;50;50;10;10;16;2.7866;1412;1412
14050696;413;g_000;2;1;30;line_consecutive;0.6;1413;13;23;18-20,20-22;11;136644.633844;136644.633844;136644.63384399982;136644.63384399985;0.0;-1.7462298274040222e-10;-1.4551915228366852e-10;eev,integrated,separated,ws;lintim;SiouxFalls;SiouxFalls;True;False;1e-05;12000;1;2;20;50;200;-5;50;0.75;2;50;50;10;10;16;2.7866;1413;1413
14050696;414;g_000;2;1;30;line_consecutive;0.6;1414;13;24;15-19,15-22;13;151819.32942198738;153534.77918598443;153939.59697899997;153939.596979;1715.4497639970505;404.81779301553615;404.81779301556526;eev,integrated,separated,ws;lintim;SiouxFalls;SiouxFalls;True;False;1e-05;12000;1;2;20;50;200;-5;50;0.75;2;50;50;10;10;16;2.7866;1414;1414
14050696;415;g_000;2;1;30;line_consecutive;0.6;1415;13;25;3-12,11-12;8;167236.67988500002;167761.291065;167821.19517299996;175961.75846500002;524.611179999978;59.9041079999588;8200.467400000023;eev,integrated,separated,ws;lintim;SiouxFalls;SiouxFalls;True;False;1e-05;12000;1;2;20;50;200;-5;50;0.75;2;50;50;10;10;16;2.7866;1415;1415
14050696;416;g_000;2;1;30;line_consecutive;0.6;1416;13;26;2-6,6-8;2;166738.41361699998;169472.088741;170267.68345899996;177968.50795399965;2733.6751240000303;795.5947179999494;8496.419212999637;eev,integrated,separated,ws;lintim;SiouxFalls;SiouxFalls;True;False;1e-05;12000;1;2;20;50;200;-5;50;0.75;2;50;50;10;10;16;2.7866;1416;1416
14050696;417;g_000;2;1;30;line_consecutive;0.6;1417;13;27;10-11,10-16;1,10;160556.472494;163037.97120599996;163873.73399799995;169572.88014299996;2481.4987119999714;835.7627919999941;6534.908937;eev,integrated,separated,ws;lintim;SiouxFalls;SiouxFalls;True;False;1e-05;12000;1;2;20;50;200;-5;50;0.75;2;50;50;10;10;16;2.7866;1417;1417
14050696;418;g_000;2;1;30;line_consecutive;0.6;1418;13;28;15-22,21-22;13;142876.121305;143902.7208779997;145979.24271399993;145979.242714;1026.599572999694;2076.5218360002327;2076.521836000291;eev,integrated,separated,ws;lintim;SiouxFalls;SiouxFalls;True;False;1e-05;12000;1;2;20;50;200;-5;50;0.75;2;50;50;10;10;16;2.7866;1418;1418
14050696;419;g_000;2;1;30;line_consecutive;0.6;1419;13;29;11-12,11-14;8;176900.9949488963;178843.33893399854;179078.09361899993;194895.145375;1942.343985102256;234.7546850013896;16051.806441001449;eev,integrated,separated,ws;lintim;SiouxFalls;SiouxFalls;True;False;1e-05;12000;1;2;20;50;200;-5;50;0.75;2;50;50;10;10;16;2.7866;1419;1419
14050696;420;g_000;1;1;30;line_consecutive;0.7;1420;14;0;6-8;2;154654.33731599996;156065.35254399996;156339.68719799997;164756.00188399968;1411.0152280000038;274.3346540000057;8690.649339999713;eev,integrated,separated,ws;lintim;SiouxFalls;SiouxFalls;True;False;1e-05;12000;1;2;20;50;200;-5;50;0.75;2;50;50;10;10;16;2.7866;1420;1420
14050696;421;g_000;1;1;30;line_consecutive;0.7;1421;14;1;22-23;5;142178.21360500017;142378.47753300003;143346.05554699997;143346.055547;200.2639279998548;967.5780139999406;967.5780139999696;eev,integrated,separated,ws;lintim;SiouxFalls;SiouxFalls;True;False;1e-05;12000;1;2;20;50;200;-5;50;0.75;2;50;50;10;10;16;2.7866;1421;1421
14050696;422;g_000;1;1;30;line_consecutive;0.7;1422;14;2;10-17;14;136644.633844;136644.63384400005;136644.63384399994;136644.633844;5.820766091346741e-11;-1.1641532182693479e-10;-5.820766091346741e-11;eev,integrated,separated,ws;lintim;SiouxFalls;SiouxFalls;True;False;1e-05;12000;1;2;20;50;200;-5;50;0.75;2;50;50;10;10;16;2.7866;1422;1422
14050696;423;g_000;1;1;30;line_consecutive;0.7;1423;14;3;14-15;14;136644.633844;136644.633844;136644.63384399994;136644.633844;0.0;-5.820766091346741e-11;0.0;eev,integrated,separated,ws;lintim;SiouxFalls;SiouxFalls;True;False;1e-05;12000;1;2;20;50;200;-5;50;0.75;2;50;50;10;10;16;2.7866;1423;1423
14050696;424;g_000;1;1;30;line_consecutive;0.7;1424;14;4;1-3;4,8,12;164416.178103;165705.89605399998;166521.76431799994;172625.45620899997;1289.7179509999696;815.8682639999606;6919.560154999985;eev,integrated,separated,ws;lintim;SiouxFalls;SiouxFalls;True;False;1e-05;12000;1;2;20;50;200;-5;50;0.75;2;50;50;10;10;16;2.7866;1424;1424
14050696;425;g_000;1;1;30;line_consecutive;0.7;1425;14;5;11-14;4,8,10;163807.287564;165855.655346;165883.74610999995;173403.110743;2048.367782000016;28.090763999935007;7547.455396999983;eev,integrated,separated,ws;lintim;SiouxFalls;SiouxFalls;True;False;1e-05;12000;1;2;20;50;200;-5;50;0.75;2;50;50;10;10;16;2.7866;1425;1425
14050696;426;g_000;1;1;30;line_consecutive;0.7;1426;14;6;21-24;6;140669.54515199998;140995.16588;140995.16587999996;140995.16557711584;325.62072800000897;-2.9103830456733704e-11;-0.0003028841456398;eev,integrated,separated,ws;lintim;SiouxFalls;SiouxFalls;True;False;1e-05;12000;1;2;20;50;200;-5;50;0.75;2;50;50;10;10;16;2.7866;1426;1426
14050696;427;g_000;1;1;30;line_consecutive;0.7;1427;14;7;2-6;2;162844.935563;164952.231582;165193.06081399997;173754.54160599964;2107.2960190000013;240.82923199996003;8802.310023999627;eev,integrated,separated,ws;lintim;SiouxFalls;SiouxFalls;True;False;1e-05;12000;1;2;20;50;200;-5;50;0.75;2;50;50;10;10;16;2.7866;1427;1427
14050696;428;g_000;1;1;30;line_consecutive;0.7;1428;14;8;12-13;12;136644.633844;136644.633844;136644.63384399994;136644.633844;0.0;-5.820766091346741e-11;0.0;eev,integrated,separated,ws;lintim;SiouxFalls;SiouxFalls;True;False;1e-05;12000;1;2;20;50;200;-5;50;0.75;2;50;50;10;10;16;2.7866;1428;1428
14050696;429;g_000;1;1;30;line_consecutive;0.7;1429;14;9;8-9;3,7;137750.58763999998;138202.34519400058;139245.10858498933;139245.1085849894;451.7575540005928;1042.7633909887518;1042.76339098881;eev,integrated,separated,ws;lintim;SiouxFalls;SiouxFalls;True;False;1e-05;12000;1;2;20;50;200;-5;50;0.75;2;50;50;10;10;16;2.7866;1429;1429
14050696;430;g_000;1;1;30;line_consecutive;0.7;1430;14;10;13-24;6;145629.903542;146726.555011;147656.23848199996;147656.2381791158;1096.651469000004;929.6834709999677;929.683168115822;eev,integrated,separated,ws;lintim;SiouxFalls;SiouxFalls;True;False;1e-05;12000;1;2;20;50;200;-5;50;0.75;2;50;50;10;10;16;2.7866;1430;1430
14050696;431;g_000;1;1;30;line_consecutive;0.7;1431;14;11;20-21;6;140324.88462799945;140445.07330699998;140445.07330699996;140445.07300411584;120.18867900053738;-2.9103830456733704e-11;-0.0003028841456398;eev,integrated,separated,ws;lintim;SiouxFalls;SiouxFalls;True;False;1e-05;12000;1;2;20;50;200;-5;50;0.75;2;50;50;10;10;16;2.7866;1431;1431
14050696;432;g_000;1;1;30;line_consecutive;0.7;1432;14;12;3-12;8,12;136644.633844;136644.633844;136644.63384399924;136644.63384399927;0.0;-7.566995918750762e-10;-7.275957614183425e-10;eev,integrated,separated,ws;lintim;SiouxFalls;SiouxFalls;True;False;1e-05;12000;1;2;20;50;200;-5;50;0.75;2;50;50;10;10;16;2.7866;1432;1432
14050696;433;g_000;1;1;30;line_consecutive;0.7;1433;14;13;10-11;1,7,10;156104.901396;158244.95386700248;159990.38133799995;164904.55588099995;2140.0524710024765;1745.427470997471;6659.602013997472;eev,integrated,separated,ws;lintim;SiouxFalls;SiouxFalls;True;False;1e-05;12000;1;2;20;50;200;-5;50;0.75;2;50;50;10;10;16;2.7866;1433;1433
14050696;434;g_000;1;1;30;line_consecutive;0.7;1434;14;14;7-18;3,11;137485.76616799994;138160.002347;138325.19784899996;138325.197849;674.2361790000577;165.19550199995865;165.19550199998775;eev,integrated,separated,ws;lintim;SiouxFalls;SiouxFalls;True;False;1e-05;12000;1;2;20;50;200;-5;50;0.75;2;50;50;10;10;16;2.7866;1434;1434
14050696;435;g_000;1;1;30;line_consecutive;0.7;1435;14;15;17-19;2,13,14;174015.736703;176584.91815099856;177068.02225899996;195596.218138;2569.1814479985624;483.1041080013965;19011.299987001432;eev,integrated,separated,ws;lintim;SiouxFalls;SiouxFalls;True;False;1e-05;12000;1;2;20;50;200;-5;50;0.75;2;50;50;10;10;16;2.7866;1435;1435
14050696;436;g_000;1;1;30;line_consecutive;0.7;1436;14;16;10-16;1,10;148364.35243599996;150129.82571399977;152448.13482899996;152068.545059;1765.4732779998158;2318.3091150001856;1938.7193450002237;eev,integrated,separated,ws;lintim;SiouxFalls;SiouxFalls;True;False;1e-05;12000;1;2;20;50;200;-5;50;0.75;2;50;50;10;10;16;2.7866;1436;1436
14050696;437;g_000;1;1;30;line_consecutive;0.7;1437;14;17;8-16;2,10,13;155863.428123;157109.01484499997;159247.97648699995;167604.11882899964;1245.5867219999782;2138.96164199998;10495.103983999668;eev,integrated,separated,ws;lintim;SiouxFalls;SiouxFalls;True;False;1e-05;12000;1;2;20;50;200;-5;50;0.75;2;50;50;10;10;16;2.7866;1437;1437
14050696;438;g_000;1;1;30;line_consecutive;0.7;1438;14;18;20-22;11;136644.633844;136644.6338641831;136644.63384399994;136644.63384399997;2.018309896811843e-05;-2.0183157175779343e-05;-2.018312807194889e-05;eev,integrated,separated,ws;lintim;SiouxFalls;SiouxFalls;True;False;1e-05;12000;1;2;20;50;200;-5;50;0.75;2;50;50;10;10;16;2.7866;1438;1438
14050696;439;g_000;1;1;30;line_consecutive;0.7;1439;14;19;4-5;3;137485.76616799994;138160.002347;138325.19784899993;138325.197849;674.2361790000577;165.19550199992955;165.19550199998775;eev,integrated,separated,ws;lintim;SiouxFalls;SiouxFalls;True;False;1e-05;12000;1;2;20;50;200;-5;50;0.75;2;50;50;10;10;16;2.7866;1439;1439
14050696;440;g_000;1;1;30;line_consecutive;0.7;1440;14;20;11-12;1,7,8;155704.17468299996;158849.337109;160799.61331599994;163320.20800400004;3145.1624260000244;1950.276206999959;4470.870895000058;eev,integrated,separated,ws;lintim;SiouxFalls;SiouxFalls;True;False;1e-05;12000;1;2;20;50;200;-5;50;0.75;2;50;50;10;10;16;2.7866;1440;1440
14050696;441;g_000;1;1;30;line_consecutive;0.7;1441;14;21;21-22;13;136644.633844;136644.63384400005;136644.63384399936;136644.6338439994;5.820766091346741e-11;-6.984919309616089e-10;-6.402842700481415e-10;eev,integrated,separated,ws;lintim;SiouxFalls;SiouxFalls;True;False;1e-05;12000;1;2;20;50;200;-5;50;0.75;2;50;50;10;10;16;2.7866;1441;1441
14050696;442;g_000;1;1;30;line_consecutive;0.7;1442;14;22;5-6;9;144025.984091;144800.622018;144800.62201799994;144800.622018;774.6379270000034;-5.820766091346741e-11;0.0;eev,integrated,separated,ws;lintim;SiouxFalls;SiouxFalls;True;False;1e-05;12000;1;2;20;50;200;-5;50;0.75;2;50;50;10;10;16;2.7866;1442;1442
14050696;443;g_000;1;1;30;line_consecutive;0.7;1443;14;23;16-18;1;146262.16537;148829.19410400002;152163.91480499014;149169.77466342755;2567.0287340000214;3334.7207009901176;340.5805594275298;eev,integrated,separated,ws;lintim;SiouxFalls;SiouxFalls;True;False;1e-05;12000;1;2;20;50;200;-5;50;0.75;2;50;50;10;10;16;2.7866;1443;1443
14050696;444;g_000;1;1;30;line_consecutive;0.7;1444;14;24;14-23;4,10;149688.153646;149885.81772500003;149885.81772499997;159124.61977400002;197.66407900003836;-5.820766091346741e-11;9238.80204899999;eev,integrated,separated,ws;lintim;SiouxFalls;SiouxFalls;True;False;1e-05;12000;1;2;20;50;200;-5;50;0.75;2;50;50;10;10;16;2.7866;1444;1444
14050696;445;g_000;1;1;30;line_consecutive;0.7;1445;14;25;18-20;11;136644.63384399892;136644.633844;136644.63384399994;136644.633844;1.076841726899147e-09;-5.820766091346741e-11;0.0;eev,integrated,separated,ws;lintim;SiouxFalls;SiouxFalls;True;False;1e-05;12000;1;2;20;50;200;-5;50;0.75;2;50;50;10;10;16;2.7866;1445;1445
14050696;446;g_000;1;1;30;line_consecutive;0.7;1446;14;26;9-10;7,9;144352.806742;145176.147526;145758.96973499993;145176.14752596413;823.340784;582.8222089999472;-3.585591912269592e-08;eev,integrated,separated,ws;lintim;SiouxFalls;SiouxFalls;True;False;1e-05;12000;1;2;20;50;200;-5;50;0.75;2;50;50;10;10;16;2.7866;1446;1446
14050696;447;g_000;1;1;30;line_consecutive;0.7;1447;14;27;23-24;4;149382.2940340091;150241.78987199668;151399.88678799997;157515.63158899988;859.4958379875752;1158.0969160032982;7273.841717003204;eev,integrated,separated,ws;lintim;SiouxFalls;SiouxFalls;True;False;1e-05;12000;1;2;20;50;200;-5;50;0.75;2;50;50;10;10;16;2.7866;1447;1447
14050696;448;g_000;1;1;30;line_consecutive;0.7;1448;14;28;7-8;3,7,11;137750.5876400064;138325.6930020029;139245.10858499995;139245.10858499998;575.1053619965096;919.415582997055;919.415582997084;eev,integrated,separated,ws;lintim;SiouxFalls;SiouxFalls;True;False;1e-05;12000;1;2;20;50;200;-5;50;0.75;2;50;50;10;10;16;2.7866;1448;1448
14050696;449;g_000;1;1;30;line_consecutive;0.7;1449;14;29;19-20;2;157156.324907;158514.345024;158758.91412299994;168568.20534199965;1358.0201170000073;244.56909899992752;10053.860317999644;eev,integrated,separated,ws;lintim;SiouxFalls;SiouxFalls;True;False;1e-05;12000;1;2;20;50;200;-5;50;0.75;2;50;50;10;10;16;2.7866;1449;1449
14050696;450;g_000;2;1;30;line_consecutive;0.7;1450;15;0;3-12,11-12;8;167236.67988500002;167761.291065;167821.19517299996;175961.75846500002;524.611179999978;59.9041079999588;8200.467400000023;eev,integrated,separated,ws;lintim;SiouxFalls;SiouxFalls;True;False;1e-05;12000;1;2;20;50;200;-5;50;0.75;2;50;50;10;10;16;2.7866;1450;1450
14050696;451;g_000;2;1;30;line_consecutive;0.7;1451;15;1;4-11,11-14;4;165976.56876499997;167532.614655;167532.61465499995;174864.5046670001;1556.0458900000376;-5.820766091346741e-11;7331.890012000076;eev,integrated,separated,ws;lintim;SiouxFalls;SiouxFalls;True;False;1e-05;12000;1;2;20;50;200;-5;50;0.75;2;50;50;10;10;16;2.7866;1451;1451
14050696;452;g_000;2;1;30;line_consecutive;0.7;1452;15;2;20-21,21-24;6;146006.76895899998;147157.23086799955;147157.23086799996;147157.2305651158;1150.4619089995683;4.074536263942719e-10;-0.0003028837381862;eev,integrated,separated,ws;lintim;SiouxFalls;SiouxFalls;True;False;1e-05;12000;1;2;20;50;200;-5;50;0.75;2;50;50;10;10;16;2.7866;1452;1452
14050696;453;g_000;2;1;30;line_consecutive;0.7;1453;15;3;8-16,16-17;2,13;158330.67064000003;160556.85174198824;161356.75584999996;171479.79783099965;2226.1811019882152;799.9041080117167;10922.946089011411;eev,integrated,separated,ws;lintim;SiouxFalls;SiouxFalls;True;False;1e-05;12000;1;2;20;50;200;-5;50;0.75;2;50;50;10;10;16;2.7866;1453;1453
14050696;454;g_000;2;1;30;line_consecutive;0.7;1454;15;4;13-24,21-24;6;146356.153542;147452.805011;148342.52294399988;148342.52264111576;1096.651469000004;889.7179329998908;889.7176301157742;eev,integrated,separated,ws;lintim;SiouxFalls;SiouxFalls;True;False;1e-05;12000;1;2;20;50;200;-5;50;0.75;2;50;50;10;10;16;2.7866;1454;1454
14050696;455;g_000;2;1;30;line_consecutive;0.7;1455;15;5;10-11,11-14;10;188548.8247409957;190289.721375;191265.500145;206714.262115;1740.8966340042823;975.7787699999752;16424.540739999997;eev,integrated,separated,ws;lintim;SiouxFalls;SiouxFalls;True;False;1e-05;12000;1;2;20;50;200;-5;50;0.75;2;50;50;10;10;16;2.7866;1455;1455
14050696;456;g_000;2;1;30;line_consecutive;0.7;1456;15;6;6-8,8-16;2;159933.519587;162774.753456;163457.43221099995;172825.03533999965;2841.233869000018;682.6787549999426;10050.281883999647;eev,integrated,separated,ws;lintim;SiouxFalls;SiouxFalls;True;False;1e-05;12000;1;2;20;50;200;-5;50;0.75;2;50;50;10;10;16;2.7866;1456;1456
14050696;457;g_000;2;1;30;line_consecutive;0.7;1457;15;7;4-5,5-9;3;144447.72375399998;145779.901024;146073.23189399997;146452.7598198593;1332.1772700000147;293.33086999997613;672.858795859298;eev,integrated,separated,ws;lintim;SiouxFalls;SiouxFalls;True;False;1e-05;12000;1;2;20;50;200;-5;50;0.75;2;50;50;10;10;16;2.7866;1457;1457
14050696;458;g_000;2;1;30;line_consecutive;0.7;1458;15;8;7-8,7-18;3,11;137750.58763999998;138325.693002;139245.10858499998;139245.108585;575.1053620000312;919.4155829999654;919.4155829999944;eev,integrated,separated,ws;lintim;SiouxFalls;SiouxFalls;True;False;1e-05;12000;1;2;20;50;200;-5;50;0.75;2;50;50;10;10;16;2.7866;1458;1458
14050696;459;g_000;2;1;30;line_consecutive;0.7;1459;15;9;18-20,20-22;11;136644.633844;136644.633844;136644.63384399982;136644.63384399985;0.0;-1.7462298274040222e-10;-1.4551915228366852e-10;eev,integrated,separated,ws;lintim;SiouxFalls;SiouxFalls;True;False;1e-05;12000;1;2;20;50;200;-5;50;0.75;2;50;50;10;10;16;2.7866;1459;1459
14050696;460;g_000;2;1;30;line_consecutive;0.7;1460;15;10;5-6,5-9;9;144447.72375399998;145779.901024;146073.23189399997;146452.7598198593;1332.1772700000147;293.33086999997613;672.858795859298;eev,integrated,separated,ws;lintim;SiouxFalls;SiouxFalls;True;False;1e-05;12000;1;2;20;50;200;-5;50;0.75;2;50;50;10;10;16;2.7866;1460;1460
14050696;461;g_000;2;1;30;line_consecutive;0.7;1461;15;11;8-9,9-10;7;145388.71074002262;145904.02083499997;146993.56403899996;146389.79173099488;515.3100949773507;1089.5432039999869;485.77089599490864;eev,integrated,separated,ws;lintim;SiouxFalls;SiouxFalls;True;False;1e-05;12000;1;2;20;50;200;-5;50;0.75;2;50;50;10;10;16;2.7866;1461;1461
14050696;462;g_000;2;1;30;line_consecutive;0.7;1462;15;12;10-16,16-18;1;150411.71167600004;152993.716432;155448.84865999213;155046.502743;2582.004755999951;2455.132227992144;2052.7863110000035;eev,integrated,separated,ws;lintim;SiouxFalls;SiouxFalls;True;False;1e-05;12000;1;2;20;50;200;-5;50;0.75;2;50;50;10;10;16;2.7866;1462;1462
14050696;463;g_000;2;1;30;line_consecutive;0.7;1463;15;13;1-3,3-4;4;166538.00730300002;167731.260733988;168834.43153999996;179453.5643439811;1193.2534309879702;1103.1708060119709;11722.303609993103;eev,integrated,separated,ws;lintim;SiouxFalls;SiouxFalls;True;False;1e-05;12000;1;2;20;50;200;-5;50;0.75;2;50;50;10;10;16;2.7866;1463;1463
14050696;464;g_000;2;1;30;line_consecutive;0.7;1464;15;14;7-18,18-20;11;137485.766168;138160.002347;138325.19784899993;138325.197849;674.2361789999995;165.19550199992955;165.19550199998775;eev,integrated,separated,ws;lintim;SiouxFalls;SiouxFalls;True;False;1e-05;12000;1;2;20;50;200;-5;50;0.75;2;50;50;10;10;16;2.7866;1464;1464
14050696;465;g_000;2;1;30;line_consecutive;0.7;1465;15;15;1-2,1-3;12;193875.421248;197842.929622;199060.467125;202673.99444597852;3967.508373999997;1217.5375029999996;4831.064823978551;eev,integrated,separated,ws;lintim;SiouxFalls;SiouxFalls;True;False;1e-05;12000;1;2;20;50;200;-5;50;0.75;2;50;50;10;10;16;2.7866;1465;1465
14050696;466;g_000;2;1;30;line_consecutive;0.7;1466;15;16;11-12,11-14;8;176900.9949488963;178843.33893399997;179078.09361899993;194895.145375;1942.343985103682;234.7546849999635;16051.806441000022;eev,integrated,separated,ws;lintim;SiouxFalls;SiouxFalls;True;False;1e-05;12000;1;2;20;50;200;-5;50;0.75;2;50;50;10;10;16;2.7866;1466;1466
14050696;467;g_000;2;1;30;line_consecutive;0.7;1467;15;17;15-19,17-19;13,14;187191.544964;189315.3639139956;190671.02046;208447.647607;2123.8189499955624;1355.656546004437;19132.2836930044;eev,integrated,separated,ws;lintim;SiouxFalls;SiouxFalls;True;False;1e-05;12000;1;2;20;50;200;-5;50;0.75;2;50;50;10;10;16;2.7866;1467;1467
14050696;468;g_000;2;1;30;line_consecutive;0.7;1468;15;18;3-4,4-5;3;163425.28624;167572.894244;168478.0027929821;171572.20062199995;4147.608004000009;905.108548982098;3999.30637799995;eev,integrated,separated,ws;lintim;SiouxFalls;SiouxFalls;True;False;1e-05;12000;1;2;20;50;200;-5;50;0.75;2;50;50;10;10;16;2.7866;1468;1468
14050696;469;g_000;2;1;30;line_consecutive;0.7;1469;15;19;15-22,22-23;5;143650.5543829999;145403.74362999885;146057.26989599995;146057.26989599998;1753.1892469989543;653.5262660011067;653.5262660011358;eev,integrated,separated,ws;lintim;SiouxFalls;SiouxFalls;True;False;1e-05;12000;1;2;20;50;200;-5;50;0.75;2;50;50;10;10;16;2.7866;1469;1469
14050696;470;g_000;2;1;30;line_consecutive;0.7;1470;15;20;7-8,8-9;3,7;137750.58763999987;138325.693002;139245.10858499998;139245.108585;575.1053620001476;919.4155829999654;919.4155829999944;eev,integrated,separated,ws;lintim;SiouxFalls;SiouxFalls;True;False;1e-05;12000;1;2;20;50;200;-5;50;0.75;2;50;50;10;10;16;2.7866;1470;1470
14050696;471;g_000;2;1;30;line_consecutive;0.7;1471;15;21;10-15,15-19;9;152471.169438;154184.8044319881;154866.37285999994;159450.25583099996;1713.6349939880893;681.5684280118439;5265.451399011858;eev,integrated,separated,ws;lintim;SiouxFalls;SiouxFalls;True;False;1e-05;12000;1;2;20;50;200;-5;50;0.75;2;50;50;10;10;16;2.7866;1471;1471
14050696;472;g_000;2;1;30;line_consecutive;0.7;1472;15;22;14-15,15-19;14;144025.984091;144800.622018;144800.62201799994;144800.622018;774.6379270000034;-5.820766091346741e-11;0.0;eev,integrated,separated,ws;lintim;SiouxFalls;SiouxFalls;True;False;1e-05;12000;1;2;20;50;200;-5;50;0.75;2;50;50;10;10;16;2.7866;1472;1472
14050696;473;g_000;2;1;30;line_consecutive;0.7;1473;15;23;5-9,9-10;9;145388.71074002262;145904.02083499997;146993.56403899996;147590.32693299995;515.3100949773507;1089.5432039999869;1686.3060979999718;eev,integrated,separated,ws;lintim;SiouxFalls;SiouxFalls;True;False;1e-05;12000;1;2;20;50;200;-5;50;0.75;2;50;50;10;10;16;2.7866;1473;1473
14050696;474;g_000;2;1;30;line_consecutive;0.7;1474;15;24;8-16,10-16;10;160825.387765;161693.18097099982;165207.9848749999;175360.066659;867.7932059998275;3514.803904000088;13666.885688000184;eev,integrated,separated,ws;lintim;SiouxFalls;SiouxFalls;True;False;1e-05;12000;1;2;20;50;200;-5;50;0.75;2;50;50;10;10;16;2.7866;1474;1474
14050696;475;g_000;2;1;30;line_consecutive;0.7;1475;15;25;10-11,10-16;1,10;160556.472494;163037.97120599996;163873.73399799995;169572.88014299996;2481.4987119999714;835.7627919999941;6534.908937;eev,integrated,separated,ws;lintim;SiouxFalls;SiouxFalls;True;False;1e-05;12000;1;2;20;50;200;-5;50;0.75;2;50;50;10;10;16;2.7866;1475;1475
14050696;476;g_000;2;1;30;line_consecutive;0.7;1476;15;26;2-6,6-8;2;166738.41361699998;169472.088741;170267.68345899996;177968.50795399965;2733.6751240000303;795.5947179999494;8496.419212999637;eev,integrated,separated,ws;lintim;SiouxFalls;SiouxFalls;True;False;1e-05;12000;1;2;20;50;200;-5;50;0.75;2;50;50;10;10;16;2.7866;1476;1476
14050696;477;g_000;2;1;30;line_consecutive;0.7;1477;15;27;10-11,11-12;1,7;164352.01052500002;167109.72616199998;168952.97378799994;174573.72379095847;2757.715636999957;1843.247625999968;7463.997628958488;eev,integrated,separated,ws;lintim;SiouxFalls;SiouxFalls;True;False;1e-05;12000;1;2;20;50;200;-5;50;0.75;2;50;50;10;10;16;2.7866;1477;1477
14050696;478;g_000;2;1;30;line_consecutive;0.7;1478;15;28;15-22,21-22;13;142876.121305;143902.7208779997;145979.24271399993;145979.242714;1026.599572999694;2076.5218360002327;2076.521836000291;eev,integrated,separated,ws;lintim;SiouxFalls;SiouxFalls;True;False;1e-05;12000;1;2;20;50;200;-5;50;0.75;2;50;50;10;10;16;2.7866;1478;1478
14050696;479;g_000;2;1;30;line_consecutive;0.7;1479;15;29;3-4,4-11;4;163425.28624;167572.894244;168478.0027929821;171572.20062199995;4147.608004000009;905.108548982098;3999.30637799995;eev,integrated,separated,ws;lintim;SiouxFalls;SiouxFalls;True;False;1e-05;12000;1;2;20;50;200;-5;50;0.75;2;50;50;10;10;16;2.7866;1479;1479
14050696;480;g_000;1;1;30;line_consecutive;0.8;1480;16;0;17-19;2,13,14;174015.736703;176584.91815099856;177068.02225899996;195596.218138;2569.1814479985624;483.1041080013965;19011.299987001432;eev,integrated,separated,ws;lintim;SiouxFalls;SiouxFalls;True;False;1e-05;12000;1;2;20;50;200;-5;50;0.75;2;50;50;10;10;16;2.7866;1480;1480
14050696;481;g_000;1;1;30;line_consecutive;0.8;1481;16;1;7-18;3,11;137485.76616799994;138160.002347;138325.19784899996;138325.197849;674.2361790000577;165.19550199995865;165.19550199998775;eev,integrated,separated,ws;lintim;SiouxFalls;SiouxFalls;True;False;1e-05;12000;1;2;20;50;200;-5;50;0.75;2;50;50;10;10;16;2.7866;1481;1481
14050696;482;g_000;1;1;30;line_consecutive;0.8;1482;16;2;4-11;4;153497.19433600002;156572.91219200005;157426.70293899995;162443.4439799999;3075.717856000032;853.7907469999045;5870.531787999847;eev,integrated,separated,ws;lintim;SiouxFalls;SiouxFalls;True;False;1e-05;12000;1;2;20;50;200;-5;50;0.75;2;50;50;10;10;16;2.7866;1482;1482
14050696;483;g_000;1;1;30;line_consecutive;0.8;1483;16;3;19-20;2;157156.324907;158514.345024;158758.91412299994;168568.20534199965;1358.0201170000073;244.56909899992752;10053.860317999644;eev,integrated,separated,ws;lintim;SiouxFalls;SiouxFalls;True;False;1e-05;12000;1;2;20;50;200;-5;50;0.75;2;50;50;10;10;16;2.7866;1483;1483
14050696;484;g_000;1;1;30;line_consecutive;0.8;1484;16;4;8-9;3,7;137750.58763999998;138202.34519400058;139245.10858498933;139245.1085849894;451.7575540005928;1042.7633909887518;1042.76339098881;eev,integrated,separated,ws;lintim;SiouxFalls;SiouxFalls;True;False;1e-05;12000;1;2;20;50;200;-5;50;0.75;2;50;50;10;10;16;2.7866;1484;1484
14050696;485;g_000;1;1;30;line_consecutive;0.8;1485;16;5;22-23;5;142178.21360500017;142378.47753300003;143346.05554699997;143346.055547;200.2639279998548;967.5780139999406;967.5780139999696;eev,integrated,separated,ws;lintim;SiouxFalls;SiouxFalls;True;False;1e-05;12000;1;2;20;50;200;-5;50;0.75;2;50;50;10;10;16;2.7866;1485;1485
14050696;486;g_000;1;1;30;line_consecutive;0.8;1486;16;6;1-2;12;136644.69777199998;136644.633844;136644.6338439987;136644.63384399872;-0.0639279999886639;-1.3096723705530167e-09;-1.280568540096283e-09;eev,integrated,separated,ws;lintim;SiouxFalls;SiouxFalls;True;False;1e-05;12000;1;2;20;50;200;-5;50;0.75;2;50;50;10;10;16;2.7866;1486;1486
14050696;487;g_000;1;1;30;line_consecutive;0.8;1487;16;7;10-17;14;136644.633844;136644.63384400005;136644.63384399994;136644.633844;5.820766091346741e-11;-1.1641532182693479e-10;-5.820766091346741e-11;eev,integrated,separated,ws;lintim;SiouxFalls;SiouxFalls;True;False;1e-05;12000;1;2;20;50;200;-5;50;0.75;2;50;50;10;10;16;2.7866;1487;1487
14050696;488;g_000;1;1;30;line_consecutive;0.8;1488;16;8;3-4;3,4;160135.38210699277;164355.69564899936;165286.13631099995;169047.95134799997;4220.313542006596;930.4406620005902;4692.255699000612;eev,integrated,separated,ws;lintim;SiouxFalls;SiouxFalls;True;False;1e-05;12000;1;2;20;50;200;-5;50;0.75;2;50;50;10;10;16;2.7866;1488;1488
14050696;489;g_000;1;1;30;line_consecutive;0.8;1489;16;9;20-21;6;140324.88462799945;140445.07330699998;140445.07330699996;140445.07300411584;120.18867900053738;-2.9103830456733704e-11;-0.0003028841456398;eev,integrated,separated,ws;lintim;SiouxFalls;SiouxFalls;True;False;1e-05;12000;1;2;20;50;200;-5;50;0.75;2;50;50;10;10;16;2.7866;1489;1489
14050696;490;g_000;1;1;30;line_consecutive;0.8;1490;16;10;16-18;1;146262.16537;148829.19410400002;152163.91480499014;149169.77466342755;2567.0287340000214;3334.7207009901176;340.5805594275298;eev,integrated,separated,ws;lintim;SiouxFalls;SiouxFalls;True;False;1e-05;12000;1;2;20;50;200;-5;50;0.75;2;50;50;10;10;16;2.7866;1490;1490
14050696;491;g_000;1;1;30;line_consecutive;0.8;1491;16;11;23-24;4;149382.2940340091;150241.78987199668;151399.88678799997;157515.63158899988;859.4958379875752;1158.0969160032982;7273.841717003204;eev,integrated,separated,ws;lintim;SiouxFalls;SiouxFalls;True;False;1e-05;12000;1;2;20;50;200;-5;50;0.75;2;50;50;10;10;16;2.7866;1491;1491
14050696;492;g_000;1;1;30;line_consecutive;0.8;1492;16;12;10-15;5,9;151383.172612;153353.0050989576;153774.85602299997;158008.58759399998;1969.832486957603;421.85092404237366;4655.582495042385;eev,integrated,separated,ws;lintim;SiouxFalls;SiouxFalls;True;False;1e-05;12000;1;2;20;50;200;-5;50;0.75;2;50;50;10;10;16;2.7866;1492;1492
14050696;493;g_000;1;1;30;line_consecutive;0.8;1493;16;13;5-9;3,9;144259.38902499998;145153.249903999;145397.63018899993;146452.7598198594;893.8608789990249;244.3802850009233;1299.509915860399;eev,integrated,separated,ws;lintim;SiouxFalls;SiouxFalls;True;False;1e-05;12000;1;2;20;50;200;-5;50;0.75;2;50;50;10;10;16;2.7866;1493;1493
14050696;494;g_000;1;1;30;line_consecutive;0.8;1494;16;14;11-14;4,8,10;163807.287564;165855.655346;165883.74610999995;173403.110743;2048.367782000016;28.090763999935007;7547.455396999983;eev,integrated,separated,ws;lintim;SiouxFalls;SiouxFalls;True;False;1e-05;12000;1;2;20;50;200;-5;50;0.75;2;50;50;10;10;16;2.7866;1494;1494
14050696;495;g_000;1;1;30;line_consecutive;0.8;1495;16;15;21-22;13;136644.633844;136644.63384400005;136644.63384399936;136644.6338439994;5.820766091346741e-11;-6.984919309616089e-10;-6.402842700481415e-10;eev,integrated,separated,ws;lintim;SiouxFalls;SiouxFalls;True;False;1e-05;12000;1;2;20;50;200;-5;50;0.75;2;50;50;10;10;16;2.7866;1495;1495
14050696;496;g_000;1;1;30;line_consecutive;0.8;1496;16;16;8-16;2,10,13;155863.428123;157109.01484499997;159247.97648699995;167604.11882899964;1245.5867219999782;2138.96164199998;10495.103983999668;eev,integrated,separated,ws;lintim;SiouxFalls;SiouxFalls;True;False;1e-05;12000;1;2;20;50;200;-5;50;0.75;2;50;50;10;10;16;2.7866;1496;1496
14050696;497;g_000;1;1;30;line_consecutive;0.8;1497;16;17;14-15;14;136644.633844;136644.633844;136644.63384399994;136644.633844;0.0;-5.820766091346741e-11;0.0;eev,integrated,separated,ws;lintim;SiouxFalls;SiouxFalls;True;False;1e-05;12000;1;2;20;50;200;-5;50;0.75;2;50;50;10;10;16;2.7866;1497;1497
14050696;498;g_000;1;1;30;line_consecutive;0.8;1498;16;18;2-6;2;162844.935563;164952.231582;165193.06081399997;173754.54160599964;2107.2960190000013;240.82923199996003;8802.310023999627;eev,integrated,separated,ws;lintim;SiouxFalls;SiouxFalls;True;False;1e-05;12000;1;2;20;50;200;-5;50;0.75;2;50;50;10;10;16;2.7866;1498;1498
14050696;499;g_000;1;1;30;line_consecutive;0.8;1499;16;19;15-19;9,13,14;144025.9840909998;144800.6220180001;144800.62201799994;144800.622018;774.6379270003235;-1.7462298274040222e-10;-1.1641532182693479e-10;eev,integrated,separated,ws;lintim;SiouxFalls;SiouxFalls;True;False;1e-05;12000;1;2;20;50;200;-5;50;0.75;2;50;50;10;10;16;2.7866;1499;1499
14050696;500;g_000;1;1;30;line_consecutive;0.8;1500;16;20;10-16;1,10;148364.35243599996;150129.82571399977;152448.13482899996;152068.545059;1765.4732779998158;2318.3091150001856;1938.7193450002237;eev,integrated,separated,ws;lintim;SiouxFalls;SiouxFalls;True;False;1e-05;12000;1;2;20;50;200;-5;50;0.75;2;50;50;10;10;16;2.7866;1500;1500
14050696;501;g_000;1;1;30;line_consecutive;0.8;1501;16;21;3-12;8,12;136644.633844;136644.633844;136644.63384399924;136644.63384399927;0.0;-7.566995918750762e-10;-7.275957614183425e-10;eev,integrated,separated,ws;lintim;SiouxFalls;SiouxFalls;True;False;1e-05;12000;1;2;20;50;200;-5;50;0.75;2;50;50;10;10;16;2.7866;1501;1501
14050696;502;g_000;1;1;30;line_consecutive;0.8;1502;16;22;13-24;6;145629.903542;146726.555011;147656.23848199996;147656.2381791158;1096.651469000004;929.6834709999677;929.683168115822;eev,integrated,separated,ws;lintim;SiouxFalls;SiouxFalls;True;False;1e-05;12000;1;2;20;50;200;-5;50;0.75;2;50;50;10;10;16;2.7866;1502;1502
14050696;503;g_000;1;1;30;line_consecutive;0.8;1503;16;23;10-11;1,7,10;156104.901396;158244.95386700248;159990.38133799995;164904.55588099995;2140.0524710024765;1745.427470997471;6659.602013997472;eev,integrated,separated,ws;lintim;SiouxFalls;SiouxFalls;True;False;1e-05;12000;1;2;20;50;200;-5;50;0.75;2;50;50;10;10;16;2.7866;1503;1503
14050696;504;g_000;1;1;30;line_consecutive;0.8;1504;16;24;12-13;12;136644.633844;136644.633844;136644.63384399994;136644.633844;0.0;-5.820766091346741e-11;0.0;eev,integrated,separated,ws;lintim;SiouxFalls;SiouxFalls;True;False;1e-05;12000;1;2;20;50;200;-5;50;0.75;2;50;50;10;10;16;2.7866;1504;1504
14050696;505;g_000;1;1;30;line_consecutive;0.8;1505;16;25;4-5;3;137485.76616799994;138160.002347;138325.19784899993;138325.197849;674.2361790000577;165.19550199992955;165.19550199998775;eev,integrated,separated,ws;lintim;SiouxFalls;SiouxFalls;True;False;1e-05;12000;1;2;20;50;200;-5;50;0.75;2;50;50;10;10;16;2.7866;1505;1505
14050696;506;g_000;1;1;30;line_consecutive;0.8;1506;16;26;15-22;5,13;142876.12130499998;143902.72087820346;145061.33765000082;145061.33765000087;1026.599573203479;1158.6167717973583;1158.6167717974167;eev,integrated,separated,ws;lintim;SiouxFalls;SiouxFalls;True;False;1e-05;12000;1;2;20;50;200;-5;50;0.75;2;50;50;10;10;16;2.7866;1506;1506
14050696;507;g_000;1;1;30;line_consecutive;0.8;1507;16;27;7-8;3,7,11;137750.5876400064;138325.6930020029;139245.10858499995;139245.10858499998;575.1053619965096;919.415582997055;919.415582997084;eev,integrated,separated,ws;lintim;SiouxFalls;SiouxFalls;True;False;1e-05;12000;1;2;20;50;200;-5;50;0.75;2;50;50;10;10;16;2.7866;1507;1507
14050696;508;g_000;1;1;30;line_consecutive;0.8;1508;16;28;18-20;11;136644.63384399892;136644.633844;136644.63384399994;136644.633844;1.076841726899147e-09;-5.820766091346741e-11;0.0;eev,integrated,separated,ws;lintim;SiouxFalls;SiouxFalls;True;False;1e-05;12000;1;2;20;50;200;-5;50;0.75;2;50;50;10;10;16;2.7866;1508;1508
14050696;509;g_000;1;1;30;line_consecutive;0.8;1509;16;29;5-6;9;144025.984091;144800.622018;144800.62201799994;144800.622018;774.6379270000034;-5.820766091346741e-11;0.0;eev,integrated,separated,ws;lintim;SiouxFalls;SiouxFalls;True;False;1e-05;12000;1;2;20;50;200;-5;50;0.75;2;50;50;10;10;16;2.7866;1509;1509
14050696;510;g_000;2;1;30;line_consecutive;0.8;1510;17;0;10-11,11-14;10;188548.8247409957;190289.721375;191265.500145;206714.262115;1740.8966340042823;975.7787699999752;16424.540739999997;eev,integrated,separated,ws;lintim;SiouxFalls;SiouxFalls;True;False;1e-05;12000;1;2;20;50;200;-5;50;0.75;2;50;50;10;10;16;2.7866;1510;1510
14050696;511;g_000;2;1;30;line_consecutive;0.8;1511;17;1;10-15,15-22;5;152195.30240799987;153998.322539;154006.96918599994;157811.071857;1803.020131000114;8.646646999957738;3812.749318000017;eev,integrated,separated,ws;lintim;SiouxFalls;SiouxFalls;True;False;1e-05;12000;1;2;20;50;200;-5;50;0.75;2;50;50;10;10;16;2.7866;1511;1511
14050696;512;g_000;2;1;30;line_consecutive;0.8;1512;17;2;7-8,8-9;3,7;137750.58763999987;138325.693002;139245.10858499998;139245.108585;575.1053620001476;919.4155829999654;919.4155829999944;eev,integrated,separated,ws;lintim;SiouxFalls;SiouxFalls;True;False;1e-05;12000;1;2;20;50;200;-5;50;0.75;2;50;50;10;10;16;2.7866;1512;1512
14050696;513;g_000;2;1;30;line_consecutive;0.8;1513;17;3;15-19,15-22;13;151819.32942198738;153534.77918598443;153939.59697899997;153939.596979;1715.4497639970505;404.81779301553615;404.81779301556526;eev,integrated,separated,ws;lintim;SiouxFalls;SiouxFalls;True;False;1e-05;12000;1;2;20;50;200;-5;50;0.75;2;50;50;10;10;16;2.7866;1513;1513
14050696;514;g_000;2;1;30;line_consecutive;0.8;1514;17;4;5-9,9-10;9;145388.71074002262;145904.02083499997;146993.56403899996;147590.32693299995;515.3100949773507;1089.5432039999869;1686.3060979999718;eev,integrated,separated,ws;lintim;SiouxFalls;SiouxFalls;True;False;1e-05;12000;1;2;20;50;200;-5;50;0.75;2;50;50;10;10;16;2.7866;1514;1514
14050696;515;g_000;2;1;30;line_consecutive;0.8;1515;17;5;9-10,10-15;9;152810.94243500018;154482.358968;154965.46307598648;160089.75890699998;1671.4165329998068;483.10410798649536;5607.399938999995;eev,integrated,separated,ws;lintim;SiouxFalls;SiouxFalls;True;False;1e-05;12000;1;2;20;50;200;-5;50;0.75;2;50;50;10;10;16;2.7866;1515;1515
14050696;516;g_000;2;1;30;line_consecutive;0.8;1516;17;6;10-11,10-16;1,10;160556.472494;163037.97120599996;163873.73399799995;169572.88014299996;2481.4987119999714;835.7627919999941;6534.908937;eev,integrated,separated,ws;lintim;SiouxFalls;SiouxFalls;True;False;1e-05;12000;1;2;20;50;200;-5;50;0.75;2;50;50;10;10;16;2.7866;1516;1516
14050696;517;g_000;2;1;30;line_consecutive;0.8;1517;17;7;18-20,20-22;11;136644.633844;136644.633844;136644.63384399982;136644.63384399985;0.0;-1.7462298274040222e-10;-1.4551915228366852e-10;eev,integrated,separated,ws;lintim;SiouxFalls;SiouxFalls;True;False;1e-05;12000;1;2;20;50;200;-5;50;0.75;2;50;50;10;10;16;2.7866;1517;1517
14050696;518;g_000;2;1;30;line_consecutive;0.8;1518;17;8;4-11,11-14;4;165976.56876499997;167532.614655;167532.61465499995;174864.5046670001;1556.0458900000376;-5.820766091346741e-11;7331.890012000076;eev,integrated,separated,ws;lintim;SiouxFalls;SiouxFalls;True;False;1e-05;12000;1;2;20;50;200;-5;50;0.75;2;50;50;10;10;16;2.7866;1518;1518
14050696;519;g_000;2;1;30;line_consecutive;0.8;1519;17;9;10-15,15-19;9;152471.169438;154184.8044319881;154866.37285999994;159450.25583099996;1713.6349939880893;681.5684280118439;5265.451399011858;eev,integrated,separated,ws;lintim;SiouxFalls;SiouxFalls;True;False;1e-05;12000;1;2;20;50;200;-5;50;0.75;2;50;50;10;10;16;2.7866;1519;1519
14050696;520;g_000;2;1;30;line_consecutive;0.8;1520;17;10;17-19,19-20;2;179484.777908;181567.7365195;183088.9229815;199776.422398;2082.958611500013;1521.1864620000124;18208.685878499997;eev,integrated,separated,ws;lintim;SiouxFalls;SiouxFalls;True;False;1e-05;12000;1;2;20;50;200;-5;50;0.75;2;50;50;10;10;16;2.7866;1520;1520
14050696;521;g_000;2;1;30;line_consecutive;0.8;1521;17;11;15-22,21-22;13;142876.121305;143902.7208779997;145979.24271399993;145979.242714;1026.599572999694;2076.5218360002327;2076.521836000291;eev,integrated,separated,ws;lintim;SiouxFalls;SiouxFalls;True;False;1e-05;12000;1;2;20;50;200;-5;50;0.75;2;50;50;10;10;16;2.7866;1521;1521
14050696;522;g_000;2;1;30;line_consecutive;0.8;1522;17;12;1-3,3-12;8,12;164416.17810301948;165705.8960539994;166521.76431799994;172625.45620899997;1289.717950979917;815.8682640005427;6919.560155000567;eev,integrated,separated,ws;lintim;SiouxFalls;SiouxFalls;True;False;1e-05;12000;1;2;20;50;200;-5;50;0.75;2;50;50;10;10;16;2.7866;1522;1522
14050696;523;g_000;2;1;30;line_consecutive;0.8;1523;17;13;8-9,9-10;7;145388.71074002262;145904.02083499997;146993.56403899996;146389.79173099488;515.3100949773507;1089.5432039999869;485.77089599490864;eev,integrated,separated,ws;lintim;SiouxFalls;SiouxFalls;True;False;1e-05;12000;1;2;20;50;200;-5;50;0.75;2;50;50;10;10;16;2.7866;1523;1523
14050696;524;g_000;2;1;30;line_consecutive;0.8;1524;17;14;2-6,6-8;2;166738.41361699998;169472.088741;170267.68345899996;177968.50795399965;2733.6751240000303;795.5947179999494;8496.419212999637;eev,integrated,separated,ws;lintim;SiouxFalls;SiouxFalls;True;False;1e-05;12000;1;2;20;50;200;-5;50;0.75;2;50;50;10;10;16;2.7866;1524;1524
14050696;525;g_000;2;1;30;line_consecutive;0.8;1525;17;15;13-24,21-24;6;146356.153542;147452.805011;148342.52294399988;148342.52264111576;1096.651469000004;889.7179329998908;889.7176301157742;eev,integrated,separated,ws;lintim;SiouxFalls;SiouxFalls;True;False;1e-05;12000;1;2;20;50;200;-5;50;0.75;2;50;50;10;10;16;2.7866;1525;1525
14050696;526;g_000;2;1;30;line_consecutive;0.8;1526;17;16;14-23,23-24;4;166971.966027;169747.11692399997;170081.85019099998;176996.3481;2775.150896999985;334.73326700000325;7249.23117600003;eev,integrated,separated,ws;lintim;SiouxFalls;SiouxFalls;True;False;1e-05;12000;1;2;20;50;200;-5;50;0.75;2;50;50;10;10;16;2.7866;1526;1526
14050696;527;g_000;2;1;30;line_consecutive;0.8;1527;17;17;7-8,7-18;3,11;137750.58763999998;138325.693002;139245.10858499998;139245.108585;575.1053620000312;919.4155829999654;919.4155829999944;eev,integrated,separated,ws;lintim;SiouxFalls;SiouxFalls;True;False;1e-05;12000;1;2;20;50;200;-5;50;0.75;2;50;50;10;10;16;2.7866;1527;1527
14050696;528;g_000;2;1;30;line_consecutive;0.8;1528;17;18;6-8,8-16;2;159933.519587;162774.753456;163457.43221099995;172825.03533999965;2841.233869000018;682.6787549999426;10050.281883999647;eev,integrated,separated,ws;lintim;SiouxFalls;SiouxFalls;True;False;1e-05;12000;1;2;20;50;200;-5;50;0.75;2;50;50;10;10;16;2.7866;1528;1528
14050696;529;g_000;2;1;30;line_consecutive;0.8;1529;17;19;15-19,17-19;13,14;187191.544964;189315.3639139956;190671.02046;208447.647607;2123.8189499955624;1355.656546004437;19132.2836930044;eev,integrated,separated,ws;lintim;SiouxFalls;SiouxFalls;True;False;1e-05;12000;1;2;20;50;200;-5;50;0.75;2;50;50;10;10;16;2.7866;1529;1529
14050696;530;g_000;2;1;30;line_consecutive;0.8;1530;17;20;20-21,21-24;6;146006.76895899998;147157.23086799955;147157.23086799996;147157.2305651158;1150.4619089995683;4.074536263942719e-10;-0.0003028837381862;eev,integrated,separated,ws;lintim;SiouxFalls;SiouxFalls;True;False;1e-05;12000;1;2;20;50;200;-5;50;0.75;2;50;50;10;10;16;2.7866;1530;1530
14050696;531;g_000;2;1;30;line_consecutive;0.8;1531;17;21;9-10,10-11;7;165541.66492701095;166908.1820249998;168366.12101099995;175399.07097900004;1366.5170979888644;1457.9389860001393;8490.888954000227;eev,integrated,separated,ws;lintim;SiouxFalls;SiouxFalls;True;False;1e-05;12000;1;2;20;50;200;-5;50;0.75;2;50;50;10;10;16;2.7866;1531;1531
14050696;532;g_000;2;1;30;line_consecutive;0.8;1532;17;22;8-16,16-17;2,13;158330.67064000003;160556.85174198824;161356.75584999996;171479.79783099965;2226.1811019882152;799.9041080117167;10922.946089011411;eev,integrated,separated,ws;lintim;SiouxFalls;SiouxFalls;True;False;1e-05;12000;1;2;20;50;200;-5;50;0.75;2;50;50;10;10;16;2.7866;1532;1532
14050696;533;g_000;2;1;30;line_consecutive;0.8;1533;17;23;10-11,11-12;1,7;164352.01052500002;167109.72616199998;168952.97378799994;174573.72379095847;2757.715636999957;1843.247625999968;7463.997628958488;eev,integrated,separated,ws;lintim;SiouxFalls;SiouxFalls;True;False;1e-05;12000;1;2;20;50;200;-5;50;0.75;2;50;50;10;10;16;2.7866;1533;1533
14050696;534;g_000;2;1;30;line_consecutive;0.8;1534;17;24;15-22,22-23;5;143650.5543829999;145403.74362999885;146057.26989599995;146057.26989599998;1753.1892469989543;653.5262660011067;653.5262660011358;eev,integrated,separated,ws;lintim;SiouxFalls;SiouxFalls;True;False;1e-05;12000;1;2;20;50;200;-5;50;0.75;2;50;50;10;10;16;2.7866;1534;1534
14050696;535;g_000;2;1;30;line_consecutive;0.8;1535;17;25;4-5,5-9;3;144447.72375399998;145779.901024;146073.23189399997;146452.7598198593;1332.1772700000147;293.33086999997613;672.858795859298;eev,integrated,separated,ws;lintim;SiouxFalls;SiouxFalls;True;False;1e-05;12000;1;2;20;50;200;-5;50;0.75;2;50;50;10;10;16;2.7866;1535;1535
14050696;536;g_000;2;1;30;line_consecutive;0.8;1536;17;26;11-14,14-23;4,10;179439.22648399998;182574.34809599977;183407.162262;189907.809857;3135.1216119997844;832.8141660002002;7333.461761000217;eev,integrated,separated,ws;lintim;SiouxFalls;SiouxFalls;True;False;1e-05;12000;1;2;20;50;200;-5;50;0.75;2;50;50;10;10;16;2.7866;1536;1536
14050696;537;g_000;2;1;30;line_consecutive;0.8;1537;17;27;5-9,8-9;3;145388.71074002262;145904.02083499997;146993.56403899996;148105.70785999956;515.3100949773507;1089.5432039999869;2201.6870249995845;eev,integrated,separated,ws;lintim;SiouxFalls;SiouxFalls;True;False;1e-05;12000;1;2;20;50;200;-5;50;0.75;2;50;50;10;10;16;2.7866;1537;1537
14050696;538;g_000;2;1;30;line_consecutive;0.8;1538;17;28;3-12,12-13;12;136644.633844;136644.63384399997;136644.63384399962;136644.63384399965;-2.9103830456733704e-11;-3.4924596548080444e-10;-3.2014213502407074e-10;eev,integrated,separated,ws;lintim;SiouxFalls;SiouxFalls;True;False;1e-05;12000;1;2;20;50;200;-5;50;0.75;2;50;50;10;10;16;2.7866;1538;1538
14050696;539;g_000;2;1;30;line_consecutive;0.8;1539;17;29;3-12,11-12;8;167236.67988500002;167761.291065;167821.19517299996;175961.75846500002;524.611179999978;59.9041079999588;8200.467400000023;eev,integrated,separated,ws;lintim;SiouxFalls;SiouxFalls;True;False;1e-05;12000;1;2;20;50;200;-5;50;0.75;2;50;50;10;10;16;2.7866;1539;1539
14050696;540;g_000;1;1;30;line_consecutive;0.9;1540;18;0;15-22;5,13;147861.31127379998;148189.79922219957;151794.70069480152;150695.77118819873;328.4879483995901;3604.901472601952;2505.971965999168;eev,integrated,separated,ws;lintim;SiouxFalls;SiouxFalls;True;False;1e-05;12000;1;2;20;50;200;-5;50;0.75;2;50;50;10;10;16;2.7866;1540;1540
14050696;541;g_000;1;1;30;line_consecutive;0.9;1541;18;1;17-19;2,13,14;203912.6189902;204779.6507066;209406.732991;275635.4065576;867.0317163999716;4627.082284400036;70855.75585100005;eev,integrated,separated,ws;lintim;SiouxFalls;SiouxFalls;True;False;1e-05;12000;1;2;20;50;200;-5;50;0.75;2;50;50;10;10;16;2.7866;1541;1541
14050696;542;g_000;1;1;30;line_consecutive;0.9;1542;18;2;10-15;5,9;163174.00362639996;164074.9643707995;167479.03376619995;174337.9936792;900.9607443995484;3404.069395400438;10263.029308400495;eev,integrated,separated,ws;lintim;SiouxFalls;SiouxFalls;True;False;1e-05;12000;1;2;20;50;200;-5;50;0.75;2;50;50;10;10;16;2.7866;1542;1542
14050696;543;g_000;1;1;30;line_consecutive;0.9;1543;18;3;2-6;2;183805.1769382;184620.08949;188031.8023899999;206913.09604460007;814.9125518000219;3411.7128999998968;22293.00655460005;eev,integrated,separated,ws;lintim;SiouxFalls;SiouxFalls;True;False;1e-05;12000;1;2;20;50;200;-5;50;0.75;2;50;50;10;10;16;2.7866;1543;1543
14050696;544;g_000;1;1;30;line_consecutive;0.9;1544;18;4;8-16;2,10,13;171238.46354619996;171687.75427259997;177330.65060139992;209249.6545992;449.2907264000096;5642.89632879995;37561.90032660001;eev,integrated,separated,ws;lintim;SiouxFalls;SiouxFalls;True;False;1e-05;12000;1;2;20;50;200;-5;50;0.75;2;50;50;10;10;16;2.7866;1544;1544
14050696;545;g_000;1;1;30;line_consecutive;0.9;1545;18;5;11-14;4,8,10;185537.41054;186154.32295;189275.0359228;247222.4860285999;616.9124099999899;3120.7129727999563;61068.1630785999;eev,integrated,separated,ws;lintim;SiouxFalls;SiouxFalls;True;False;1e-05;12000;1;2;20;50;200;-5;50;0.75;2;50;50;10;10;16;2.7866;1545;1545
14050696;546;g_000;1;1;30;line_consecutive;0.9;1546;18;6;23-24;4;159572.42218601637;159860.6411272;163204.08914319993;192257.72284939967;288.21894118364435;3343.448015999922;32397.08172219965;eev,integrated,separated,ws;lintim;SiouxFalls;SiouxFalls;True;False;1e-05;12000;1;2;20;50;200;-5;50;0.75;2;50;50;10;10;16;2.7866;1546;1546
14050696;547;g_000;1;1;30;line_consecutive;0.9;1547;18;7;5-6;9;149931.06428859997;150261.37104339458;151325.41255719995;152167.96475624654;330.30675479461206;1064.041513805365;1906.593712851958;eev,integrated,separated,ws;lintim;SiouxFalls;SiouxFalls;True;False;1e-05;12000;1;2;20;50;200;-5;50;0.75;2;50;50;10;10;16;2.7866;1547;1547
14050696;548;g_000;1;1;30;line_consecutive;0.9;1548;18;8;20-22;11;136644.633844;136644.633844;136644.6338439999;136644.63382495794;0.0;-8.731149137020111e-11;-1.9042054191231728e-05;eev,integrated,separated,ws;lintim;SiouxFalls;SiouxFalls;True;False;1e-05;12000;1;2;20;50;200;-5;50;0.75;2;50;50;10;10;16;2.7866;1548;1548
14050696;549;g_000;1;1;30;line_consecutive;0.9;1549;18;9;10-16;1,10;157740.12730959992;158253.53305640002;165090.93561699995;178626.6223148;513.4057468000974;6837.402560599934;20373.0892584;eev,integrated,separated,ws;lintim;SiouxFalls;SiouxFalls;True;False;1e-05;12000;1;2;20;50;200;-5;50;0.75;2;50;50;10;10;16;2.7866;1549;1549
14050696;550;g_000;1;1;30;line_consecutive;0.9;1550;18;10;1-3;4,8,12;186633.4135102;187347.2903777999;190423.46869719995;257059.41968719056;713.8768675999017;3076.17831940006;69712.12930939067;eev,integrated,separated,ws;lintim;SiouxFalls;SiouxFalls;True;False;1e-05;12000;1;2;20;50;200;-5;50;0.75;2;50;50;10;10;16;2.7866;1550;1550
14050696;551;g_000;1;1;30;line_consecutive;0.9;1551;18;11;22-23;5;146605.07741380032;146645.13019939998;148707.19290939995;148703.8593683999;40.05278559966246;2062.062709999969;2058.729168999911;eev,integrated,separated,ws;lintim;SiouxFalls;SiouxFalls;True;False;1e-05;12000;1;2;20;50;200;-5;50;0.75;2;50;50;10;10;16;2.7866;1551;1551
14050696;552;g_000;1;1;30;line_consecutive;0.9;1552;18;12;14-15;14;136644.633844;136644.63379199477;136644.63384399994;136644.633844;-5.200522718951106e-05;5.200516898185015e-05;5.200522718951106e-05;eev,integrated,separated,ws;lintim;SiouxFalls;SiouxFalls;True;False;1e-05;12000;1;2;20;50;200;-5;50;0.75;2;50;50;10;10;16;2.7866;1552;1552
14050696;553;g_000;1;1;30;line_consecutive;0.9;1553;18;13;16-17;2,13;163314.54059379993;163874.33654499997;171213.30951639995;201930.6554468;559.795951200038;7338.972971399984;38056.31890180003;eev,integrated,separated,ws;lintim;SiouxFalls;SiouxFalls;True;False;1e-05;12000;1;2;20;50;200;-5;50;0.75;2;50;50;10;10;16;2.7866;1553;1553
14050696;554;g_000;1;1;30;line_consecutive;0.9;1554;18;14;15-19;9,13,14;149931.0642885996;150261.3710434;151325.41255719995;152167.9648024;330.3067548004037;1064.0415137999516;1906.5937590000103;eev,integrated,separated,ws;lintim;SiouxFalls;SiouxFalls;True;False;1e-05;12000;1;2;20;50;200;-5;50;0.75;2;50;50;10;10;16;2.7866;1554;1554
14050696;555;g_000;1;1;30;line_consecutive;0.9;1555;18;15;18-20;11;136644.63384399805;136644.633844;136644.63384399994;136644.63382495797;1.949956640601158e-09;-5.820766091346741e-11;-1.904202508740127e-05;eev,integrated,separated,ws;lintim;SiouxFalls;SiouxFalls;True;False;1e-05;12000;1;2;20;50;200;-5;50;0.75;2;50;50;10;10;16;2.7866;1555;1555
14050696;556;g_000;1;1;30;line_consecutive;0.9;1556;18;16;21-22;13;136644.633844;136644.633844;136644.6338439989;136644.63384399895;0.0;-1.1059455573558807e-09;-1.0477378964424131e-09;eev,integrated,separated,ws;lintim;SiouxFalls;SiouxFalls;True;False;1e-05;12000;1;2;20;50;200;-5;50;0.75;2;50;50;10;10;16;2.7866;1556;1556
14050696;557;g_000;1;1;30;line_consecutive;0.9;1557;18;17;11-12;1,7,8;170951.80735419993;172128.72274579995;180123.59689359993;183765.0417040001;1176.9153916000214;7994.874147799972;11636.318958200163;eev,integrated,separated,ws;lintim;SiouxFalls;SiouxFalls;True;False;1e-05;12000;1;2;20;50;200;-5;50;0.75;2;50;50;10;10;16;2.7866;1557;1557
14050696;558;g_000;1;1;30;line_consecutive;0.9;1558;18;18;13-24;6;152818.11930039997;153282.20937959992;156465.52219239992;157156.3154348;464.0900791999593;3183.3128127999958;3874.106055200071;eev,integrated,separated,ws;lintim;SiouxFalls;SiouxFalls;True;False;1e-05;12000;1;2;20;50;200;-5;50;0.75;2;50;50;10;10;16;2.7866;1558;1558
14050696;559;g_000;1;1;30;line_consecutive;0.9;1559;18;19;6-8;2;169062.10009359993;169612.0478655995;172095.72988119995;201719.02459100005;549.9477719995775;2483.68201560044;32106.976725400546;eev,integrated,separated,ws;lintim;SiouxFalls;SiouxFalls;True;False;1e-05;12000;1;2;20;50;200;-5;50;0.75;2;50;50;10;10;16;2.7866;1559;1559
14050696;560;g_000;1;1;30;line_consecutive;0.9;1560;18;20;21-24;6;143889.47419839998;144006.15912799875;144475.59150879993;152874.49288039986;116.68492959876312;469.4323808011832;8868.333752401115;eev,integrated,separated,ws;lintim;SiouxFalls;SiouxFalls;True;False;1e-05;12000;1;2;20;50;200;-5;50;0.75;2;50;50;10;10;16;2.7866;1560;1560
14050696;561;g_000;1;1;30;line_consecutive;0.9;1561;18;21;5-9;3,9;150351.19316979998;150677.21784280002;152400.02726499992;153830.83301119995;326.0246730000363;1722.8094221999054;3153.615168399934;eev,integrated,separated,ws;lintim;SiouxFalls;SiouxFalls;True;False;1e-05;12000;1;2;20;50;200;-5;50;0.75;2;50;50;10;10;16;2.7866;1561;1561
14050696;562;g_000;1;1;30;line_consecutive;0.9;1562;18;22;7-8;3,7,11;138635.35067681147;138856.54143599997;141325.48837779992;139275.25028359995;221.1907591884956;2468.94694179995;418.7088475999772;eev,integrated,separated,ws;lintim;SiouxFalls;SiouxFalls;True;False;1e-05;12000;1;2;20;50;200;-5;50;0.75;2;50;50;10;10;16;2.7866;1562;1562
14050696;563;g_000;1;1;30;line_consecutive;0.9;1563;18;23;3-12;8,12;136644.633844;136644.633844;136644.63384399866;136644.63380908853;0.0;-1.3387762010097504e-09;-3.491147072054446e-05;eev,integrated,separated,ws;lintim;SiouxFalls;SiouxFalls;True;False;1e-05;12000;1;2;20;50;200;-5;50;0.75;2;50;50;10;10;16;2.7866;1563;1563
14050696;564;g_000;1;1;30;line_consecutive;0.9;1564;18;24;16-18;1;153956.1905908;154469.59633759997;164579.3395737823;157529.3223924001;513.405746799981;10109.743236182316;3059.7260548001213;eev,integrated,separated,ws;lintim;SiouxFalls;SiouxFalls;True;False;1e-05;12000;1;2;20;50;200;-5;50;0.75;2;50;50;10;10;16;2.7866;1564;1564
14050696;565;g_000;1;1;30;line_consecutive;0.9;1565;18;25;14-23;4,10;160122.96948759997;160366.0456888;160478.76482979994;214671.0978764;243.0762012000196;112.71914099995048;54305.0521876;eev,integrated,separated,ws;lintim;SiouxFalls;SiouxFalls;True;False;1e-05;12000;1;2;20;50;200;-5;50;0.75;2;50;50;10;10;16;2.7866;1565;1565
14050696;566;g_000;1;1;30;line_consecutive;0.9;1566;18;26;1-2;12;136644.74891439997;136644.6338439974;136644.63384399767;136644.6337976841;-0.1150704025640152;2.6193447411060333e-10;-4.631330375559628e-05;eev,integrated,separated,ws;lintim;SiouxFalls;SiouxFalls;True;False;1e-05;12000;1;2;20;50;200;-5;50;0.75;2;50;50;10;10;16;2.7866;1566;1566
14050696;567;g_000;1;1;30;line_consecutive;0.9;1567;18;27;9-10;7,9;150519.3450604;150840.853482;153050.43844779994;152951.33060400002;321.5084216000105;2209.584965799935;2110.477122000011;eev,integrated,separated,ws;lintim;SiouxFalls;SiouxFalls;True;False;1e-05;12000;1;2;20;50;200;-5;50;0.75;2;50;50;10;10;16;2.7866;1567;1567
14050696;568;g_000;1;1;30;line_consecutive;0.9;1568;18;28;20-21;6;143269.085255199;143385.88525519997;143485.42487739993;152827.68565339997;116.80000000097787;99.53962219995448;9441.800398199994;eev,integrated,separated,ws;lintim;SiouxFalls;SiouxFalls;True;False;1e-05;12000;1;2;20;50;200;-5;50;0.75;2;50;50;10;10;16;2.7866;1568;1568
14050696;569;g_000;1;1;30;line_consecutive;0.9;1569;18;29;8-9;3,7;138635.35067679998;138737.84112839992;141325.48837778086;139275.2502836;102.49045159993692;2587.647249380941;537.40915520009;eev,integrated,separated,ws;lintim;SiouxFalls;SiouxFalls;True;False;1e-05;12000;1;2;20;50;200;-5;50;0.75;2;50;50;10;10;16;2.7866;1569;1569
14050696;570;g_000;2;1;30;line_consecutive;0.9;1570;19;0;14-23,23-24;4;191233.8317734;192148.34327819987;196831.6232686;226175.9431418;914.5115047998844;4683.2799904001295;34027.59986360013;eev,integrated,separated,ws;lintim;SiouxFalls;SiouxFalls;True;False;1e-05;12000;1;2;20;50;200;-5;50;0.75;2;50;50;10;10;16;2.7866;1570;1570
14050696;571;g_000;2;1;30;line_consecutive;0.9;1571;19;1;15-22,21-22;13;147861.3112738;148189.7992222;153446.9298099999;150695.7711881988;328.48794839999755;5257.130587799911;2505.971965998789;eev,integrated,separated,ws;lintim;SiouxFalls;SiouxFalls;True;False;1e-05;12000;1;2;20;50;200;-5;50;0.75;2;50;50;10;10;16;2.7866;1571;1571
14050696;572;g_000;2;1;30;line_consecutive;0.9;1572;19;2;3-4,4-5;3;184849.8081568;186108.135824;193944.6979521678;219538.54238880007;1258.3276672000063;7836.562128167803;33430.40656480007;eev,integrated,separated,ws;lintim;SiouxFalls;SiouxFalls;True;False;1e-05;12000;1;2;20;50;200;-5;50;0.75;2;50;50;10;10;16;2.7866;1572;1572
14050696;573;g_000;2;1;30;line_consecutive;0.9;1573;19;3;17-19,19-20;2;213756.8931592;214267.7919988;220244.3542915;281401.8263178999;510.8988396000059;5976.562292699993;67134.03431909991;eev,integrated,separated,ws;lintim;SiouxFalls;SiouxFalls;True;False;1e-05;12000;1;2;20;50;200;-5;50;0.75;2;50;50;10;10;16;2.7866;1573;1573
14050696;574;g_000;2;1;30;line_consecutive;0.9;1574;19;4;10-11,11-12;1,7;186517.9118698;187380.6539366;194799.64574319992;225720.65614459995;862.7420667999831;7418.991806599923;38340.00220799996;eev,integrated,separated,ws;lintim;SiouxFalls;SiouxFalls;True;False;1e-05;12000;1;2;20;50;200;-5;50;0.75;2;50;50;10;10;16;2.7866;1574;1574
14050696;575;g_000;2;1;30;line_consecutive;0.9;1575;19;5;5-9,8-9;3;152383.9722568407;152600.85728219998;155272.70819499996;157041.5004577987;216.88502535928276;2671.8509127999714;4440.643175598729;eev,integrated,separated,ws;lintim;SiouxFalls;SiouxFalls;True;False;1e-05;12000;1;2;20;50;200;-5;50;0.75;2;50;50;10;10;16;2.7866;1575;1575
14050696;576;g_000;2;1;30;line_consecutive;0.9;1576;19;6;2-6,6-8;2;190813.4374354;191871.2155272;197166.12315099995;209856.2033714;1057.7780917999626;5294.907623799983;17984.987844200048;eev,integrated,separated,ws;lintim;SiouxFalls;SiouxFalls;True;False;1e-05;12000;1;2;20;50;200;-5;50;0.75;2;50;50;10;10;16;2.7866;1576;1576
14050696;577;g_000;2;1;30;line_consecutive;0.9;1577;19;7;3-4,4-11;4;184849.8081568;186108.135824;193944.6979521678;219538.54238880007;1258.3276672000063;7836.562128167803;33430.40656480007;eev,integrated,separated,ws;lintim;SiouxFalls;SiouxFalls;True;False;1e-05;12000;1;2;20;50;200;-5;50;0.75;2;50;50;10;10;16;2.7866;1577;1577
14050696;578;g_000;2;1;30;line_consecutive;0.9;1578;19;8;1-3,3-12;8,12;186633.41351023503;187347.2903778;190423.46869719995;257059.41968719056;713.8768675649771;3076.178319399944;69712.12930939056;eev,integrated,separated,ws;lintim;SiouxFalls;SiouxFalls;True;False;1e-05;12000;1;2;20;50;200;-5;50;0.75;2;50;50;10;10;16;2.7866;1578;1578
14050696;579;g_000;2;1;30;line_consecutive;0.9;1579;19;9;5-6,5-9;9;150690.19568199996;151098.23512959998;153616.11033399994;153830.83301119984;408.039447600022;2517.875204399956;2732.5978815998533;eev,integrated,separated,ws;lintim;SiouxFalls;SiouxFalls;True;False;1e-05;12000;1;2;20;50;200;-5;50;0.75;2;50;50;10;10;16;2.7866;1579;1579
14050696;580;g_000;2;1;30;line_consecutive;0.9;1580;19;10;8-16,10-16;10;180169.9909018;180515.2138277994;188058.6656997999;277346.2163104;345.2229259994056;7543.4518720005;96831.0024826006;eev,integrated,separated,ws;lintim;SiouxFalls;SiouxFalls;True;False;1e-05;12000;1;2;20;50;200;-5;50;0.75;2;50;50;10;10;16;2.7866;1580;1580
14050696;581;g_000;2;1;30;line_consecutive;0.9;1581;19;11;8-9,9-10;7;152383.9722568407;152600.85728219998;155272.70819499996;156108.77934120002;216.88502535928276;2671.8509127999714;3507.922059000033;eev,integrated,separated,ws;lintim;SiouxFalls;SiouxFalls;True;False;1e-05;12000;1;2;20;50;200;-5;50;0.75;2;50;50;10;10;16;2.7866;1581;1581
14050696;582;g_000;2;1;30;line_consecutive;0.9;1582;19;12;18-20,20-22;11;136644.633844;136644.633844003;136644.6338439997;136644.6338249577;2.9976945370435715e-09;-3.288732841610908e-09;-1.9045284716412425e-05;eev,integrated,separated,ws;lintim;SiouxFalls;SiouxFalls;True;False;1e-05;12000;1;2;20;50;200;-5;50;0.75;2;50;50;10;10;16;2.7866;1582;1582
14050696;583;g_000;2;1;30;line_consecutive;0.9;1583;19;13;16-17,17-19;2,13;218393.6423686;218919.4608938;224750.67274599776;283524.648361;525.8185251999821;5831.211852197768;64605.18746720001;eev,integrated,separated,ws;lintim;SiouxFalls;SiouxFalls;True;False;1e-05;12000;1;2;20;50;200;-5;50;0.75;2;50;50;10;10;16;2.7866;1583;1583
14050696;584;g_000;2;1;30;line_consecutive;0.9;1584;19;14;3-12,12-13;12;136644.633844;136644.63384398358;136644.63384399936;136644.63380908922;-1.6414560377597812e-08;1.5774276107549667e-08;-3.48943576682359e-05;eev,integrated,separated,ws;lintim;SiouxFalls;SiouxFalls;True;False;1e-05;12000;1;2;20;50;200;-5;50;0.75;2;50;50;10;10;16;2.7866;1584;1584
14050696;585;g_000;2;1;30;line_consecutive;0.9;1585;19;15;7-18,18-20;11;138158.6720272;138326.89849199998;139669.64905299994;139025.83901660997;168.22646479998366;1342.7505609999644;698.9405246099923;eev,integrated,separated,ws;lintim;SiouxFalls;SiouxFalls;True;False;1e-05;12000;1;2;20;50;200;-5;50;0.75;2;50;50;10;10;16;2.7866;1585;1585
14050696;586;g_000;2;1;30;line_consecutive;0.9;1586;19;16;10-17,17-19;14;218393.6423686;218919.4608938;224750.67274599776;283524.648361;525.8185251999821;5831.211852197768;64605.18746720001;eev,integrated,separated,ws;lintim;SiouxFalls;SiouxFalls;True;False;1e-05;12000;1;2;20;50;200;-5;50;0.75;2;50;50;10;10;16;2.7866;1586;1586
14050696;587;g_000;2;1;30;line_consecutive;0.9;1587;19;17;11-14,14-23;4,10;213674.900596;214550.1451472;220817.1849963999;256368.52149004885;875.2445512000413;6267.039849199908;41818.376342848846;eev,integrated,separated,ws;lintim;SiouxFalls;SiouxFalls;True;False;1e-05;12000;1;2;20;50;200;-5;50;0.75;2;50;50;10;10;16;2.7866;1587;1587
14050696;588;g_000;2;1;30;line_consecutive;0.9;1588;19;18;10-11,11-14;10;230072.17745859225;229127.2822944;234962.1931858;356426.5473614001;-944.8951641922469;5834.910891399981;127299.26506700007;eev,integrated,separated,ws;lintim;SiouxFalls;SiouxFalls;True;False;1e-05;12000;1;2;20;50;200;-5;50;0.75;2;50;50;10;10;16;2.7866;1588;1588
14050696;589;g_000;2;1;30;line_consecutive;0.9;1589;19;19;13-24,21-24;6;154125.36930039997;154589.45937959864;157700.83422399982;158463.5654348;464.0900791986787;3111.3748444011726;3874.106055201352;eev,integrated,separated,ws;lintim;SiouxFalls;SiouxFalls;True;False;1e-05;12000;1;2;20;50;200;-5;50;0.75;2;50;50;10;10;16;2.7866;1589;1589
14050696;590;g_000;2;1;30;line_consecutive;0.9;1590;19;20;1-3,3-4;4;190452.7060702;190861.2926210001;194586.2696968;278579.7894044;408.5865508001007;3724.977075799921;87718.4967833999;eev,integrated,separated,ws;lintim;SiouxFalls;SiouxFalls;True;False;1e-05;12000;1;2;20;50;200;-5;50;0.75;2;50;50;10;10;16;2.7866;1590;1590
14050696;591;g_000;2;1;30;line_consecutive;0.9;1591;19;21;9-10,10-15;9;165743.9893078003;166294.46717737822;169622.12646157574;177159.69069239998;550.4778695779096;3327.6592841975216;10865.22351502176;eev,integrated,separated,ws;lintim;SiouxFalls;SiouxFalls;True;False;1e-05;12000;1;2;20;50;200;-5;50;0.75;2;50;50;10;10;16;2.7866;1591;1591
14050696;592;g_000;2;1;30;line_consecutive;0.9;1592;19;22;1-2,1-3;12;239660.0511712;240749.09273290043;248993.1337498;302248.9927693906;1089.0415617004328;8244.041016899573;61499.900036490144;eev,integrated,separated,ws;lintim;SiouxFalls;SiouxFalls;True;False;1e-05;12000;1;2;20;50;200;-5;50;0.75;2;50;50;10;10;16;2.7866;1592;1592
14050696;593;g_000;2;1;30;line_consecutive;0.9;1593;19;23;4-5,5-9;3;150690.19568199996;151098.23512959998;153616.11033399994;153830.83301119984;408.039447600022;2517.875204399956;2732.5978815998533;eev,integrated,separated,ws;lintim;SiouxFalls;SiouxFalls;True;False;1e-05;12000;1;2;20;50;200;-5;50;0.75;2;50;50;10;10;16;2.7866;1593;1593
14050696;594;g_000;2;1;30;line_consecutive;0.9;1594;19;24;20-21,21-24;6;153496.47705099994;154176.6355886;155567.30848719997;160444.31834059994;680.158537600073;1390.6728985999653;6267.682751999935;eev,integrated,separated,ws;lintim;SiouxFalls;SiouxFalls;True;False;1e-05;12000;1;2;20;50;200;-5;50;0.75;2;50;50;10;10;16;2.7866;1594;1594
14050696;595;g_000;2;1;30;line_consecutive;0.9;1595;19;25;8-16,16-17;2,13;175679.5000768;176551.16368148485;181126.45345479995;210824.1353819999;871.6636046848434;4575.289773315104;34272.971700515045;eev,integrated,separated,ws;lintim;SiouxFalls;SiouxFalls;True;False;1e-05;12000;1;2;20;50;200;-5;50;0.75;2;50;50;10;10;16;2.7866;1595;1595
14050696;596;g_000;2;1;30;line_consecutive;0.9;1596;19;26;7-8,8-9;3,7;138635.35067679972;138856.54143599997;141325.48837779995;139275.25028359436;221.19075920025352;2468.946941799979;418.7088475943892;eev,integrated,separated,ws;lintim;SiouxFalls;SiouxFalls;True;False;1e-05;12000;1;2;20;50;200;-5;50;0.75;2;50;50;10;10;16;2.7866;1596;1596
14050696;597;g_000;2;1;30;line_consecutive;0.9;1597;19;27;11-12,11-14;8;209106.08385639943;209465.5738786;213024.861439;340757.62389200006;359.4900222005672;3559.287560399971;131292.05001340006;eev,integrated,separated,ws;lintim;SiouxFalls;SiouxFalls;True;False;1e-05;12000;1;2;20;50;200;-5;50;0.75;2;50;50;10;10;16;2.7866;1597;1597
14050696;598;g_000;2;1;30;line_consecutive;0.9;1598;19;28;3-12,11-12;8;191710.3167178;191961.46983100005;192762.44423619995;240970.79779820004;251.1531132000673;800.9744051999005;49009.32796719999;eev,integrated,separated,ws;lintim;SiouxFalls;SiouxFalls;True;False;1e-05;12000;1;2;20;50;200;-5;50;0.75;2;50;50;10;10;16;2.7866;1598;1598
14050696;599;g_000;2;1;30;line_consecutive;0.9;1599;19;29;10-11,10-16;1,10;179685.94341399998;180491.71197141992;185657.0141212;214369.71444940145;805.7685574199422;5165.3021497800655;33878.00247798153;eev,integrated,separated,ws;lintim;SiouxFalls;SiouxFalls;True;False;1e-05;12000;1;2;20;50;200;-5;50;0.75;2;50;50;10;10;16;2.7866;1599;1599
14050696;600;g_000;1;1;30;line_consecutive;0.95;1600;20;0;1-3;4,8,12;189410.56793610004;189767.5063699001;193411.18174459995;295110.0284970003;356.9384338000673;3643.675374699844;105342.52212710018;eev,integrated,separated,ws;lintim;SiouxFalls;SiouxFalls;True;False;1e-05;12000;1;2;20;50;200;-5;50;0.75;2;50;50;10;10;16;2.7866;1600;1600
14050696;601;g_000;1;1;30;line_consecutive;0.95;1601;20;1;4-11;4;168664.4987788;169007.1875223999;176130.56512449996;207355.2174589;342.6887435998942;7123.377602100052;38348.0299365001;eev,integrated,separated,ws;lintim;SiouxFalls;SiouxFalls;True;False;1e-05;12000;1;2;20;50;200;-5;50;0.75;2;50;50;10;10;16;2.7866;1601;1601
14050696;602;g_000;1;1;30;line_consecutive;0.95;1602;20;2;18-20;11;136644.63384399793;136644.633844;136644.63384399994;136644.633844;2.066371962428093e-09;-5.820766091346741e-11;0.0;eev,integrated,separated,ws;lintim;SiouxFalls;SiouxFalls;True;False;1e-05;12000;1;2;20;50;200;-5;50;0.75;2;50;50;10;10;16;2.7866;1602;1602
14050696;603;g_000;1;1;30;line_consecutive;0.95;1603;20;3;20-21;6;143637.11033359895;143695.6381896;143865.46882369995;164880.37100437193;58.52785600104835;169.8306340999552;21184.732814771934;eev,integrated,separated,ws;lintim;SiouxFalls;SiouxFalls;True;False;1e-05;12000;1;2;20;50;200;-5;50;0.75;2;50;50;10;10;16;2.7866;1603;1603
14050696;604;g_000;1;1;30;line_consecutive;0.95;1604;20;4;10-16;1,10;158912.09916879993;159168.8020422;166671.28571549995;189508.3491647;256.70287340006325;7502.483673299954;30339.547122499996;eev,integrated,separated,ws;lintim;SiouxFalls;SiouxFalls;True;False;1e-05;12000;1;2;20;50;200;-5;50;0.75;2;50;50;10;10;16;2.7866;1604;1604
14050696;605;g_000;1;1;30;line_consecutive;0.95;1605;20;5;19-20;2;175616.84686369996;175843.3587323;178661.7663740999;218019.03656259988;226.5118686000351;2818.4076417999167;42175.67783029989;eev,integrated,separated,ws;lintim;SiouxFalls;SiouxFalls;True;False;1e-05;12000;1;2;20;50;200;-5;50;0.75;2;50;50;10;10;16;2.7866;1605;1605
14050696;606;g_000;1;1;30;line_consecutive;0.95;1606;20;6;4-5;3;138242.7852595999;138326.898492;139837.70545349992;138326.89849200007;84.1132324000937;1510.8069614999113;5.820766091346741e-11;eev,integrated,separated,ws;lintim;SiouxFalls;SiouxFalls;True;False;1e-05;12000;1;2;20;50;200;-5;50;0.75;2;50;50;10;10;16;2.7866;1606;1606
14050696;607;g_000;1;1;30;line_consecutive;0.95;1607;20;7;17-19;2,13,14;207649.7292761;208113.7274494;213449.0718325;297445.1843908999;463.99817330000224;5335.3443830999895;89331.4569414999;eev,integrated,separated,ws;lintim;SiouxFalls;SiouxFalls;True;False;1e-05;12000;1;2;20;50;200;-5;50;0.75;2;50;50;10;10;16;2.7866;1607;1607
14050696;608;g_000;1;1;30;line_consecutive;0.95;1608;20;8;21-22;13;136644.633844;136644.633844;136644.63384399886;136644.63382902532;0.0;-1.1350493878126142e-09;-1.4974677469581366e-05;eev,integrated,separated,ws;lintim;SiouxFalls;SiouxFalls;True;False;1e-05;12000;1;2;20;50;200;-5;50;0.75;2;50;50;10;10;16;2.7866;1608;1608
14050696;609;g_000;1;1;30;line_consecutive;0.95;1609;20;9;22-23;5;147158.43538990035;147178.46178269995;149377.33507969993;153079.8534367999;20.0263927995984;2198.873296999984;5901.391654099949;eev,integrated,separated,ws;lintim;SiouxFalls;SiouxFalls;True;False;1e-05;12000;1;2;20;50;200;-5;50;0.75;2;50;50;10;10;16;2.7866;1609;1609
14050696;610;g_000;1;1;30;line_consecutive;0.95;1610;20;10;21-24;6;144291.96532919997;144350.24386599998;144910.64471239995;165428.22048327193;58.27853680000408;560.400846399978;21077.976617271957;eev,integrated,separated,ws;lintim;SiouxFalls;SiouxFalls;True;False;1e-05;12000;1;2;20;50;200;-5;50;0.75;2;50;50;10;10;16;2.7866;1610;1610
14050696;611;g_000;1;1;30;line_consecutive;0.95;1611;20;11;7-18;3,11;138242.78525959986;138326.898492;139837.70545349998;138326.89849199975;84.1132324001519;1510.8069614999697;-2.6193447411060333e-10;eev,integrated,separated,ws;lintim;SiouxFalls;SiouxFalls;True;False;1e-05;12000;1;2;20;50;200;-5;50;0.75;2;50;50;10;10;16;2.7866;1611;1611
14050696;612;g_000;1;1;30;line_consecutive;0.95;1612;20;12;16-17;2,13;164796.20207989996;165076.10005550014;173133.79149819995;220151.9420173;279.89797560017905;8057.691442699812;55075.84196179986;eev,integrated,separated,ws;lintim;SiouxFalls;SiouxFalls;True;False;1e-05;12000;1;2;20;50;200;-5;50;0.75;2;50;50;10;10;16;2.7866;1612;1612
14050696;613;g_000;1;1;30;line_consecutive;0.95;1613;20;13;15-19;9,13,14;150669.19931329958;150834.40347269998;152141.01137459994;155276.86561809998;165.20415940039675;1306.607901899959;4442.462145400001;eev,integrated,separated,ws;lintim;SiouxFalls;SiouxFalls;True;False;1e-05;12000;1;2;20;50;200;-5;50;0.75;2;50;50;10;10;16;2.7866;1613;1613
14050696;614;g_000;1;1;30;line_consecutive;0.95;1614;20;14;8-16;2,10,13;173160.34297409997;173384.98833729996;179590.98486569992;226257.76276769995;224.64536319999024;6205.996528399963;52872.77443039999;eev,integrated,separated,ws;lintim;SiouxFalls;SiouxFalls;True;False;1e-05;12000;1;2;20;50;200;-5;50;0.75;2;50;50;10;10;16;2.7866;1614;1614
14050696;615;g_000;1;1;30;line_consecutive;0.95;1615;20;15;6-8;2;170863.07044079996;171182.56970859997;174065.23521659995;215815.21552550004;319.4992678000126;2882.6655079999764;44632.64581690007;eev,integrated,separated,ws;lintim;SiouxFalls;SiouxFalls;True;False;1e-05;12000;1;2;20;50;200;-5;50;0.75;2;50;50;10;10;16;2.7866;1615;1615
14050696;616;g_000;1;1;30;line_consecutive;0.95;1616;20;16;11-12;1,7,8;172857.76143809996;173446.21913389998;182539.09484079992;190997.7184206;588.4576958000252;9092.87570689994;17551.49928670001;eev,integrated,separated,ws;lintim;SiouxFalls;SiouxFalls;True;False;1e-05;12000;1;2;20;50;200;-5;50;0.75;2;50;50;10;10;16;2.7866;1616;1616
14050696;617;g_000;1;1;30;line_consecutive;0.95;1617;20;17;5-6;9;150669.1993133;150834.4034726967;152141.01137459994;155276.8656181;165.20415939670056;1306.6079019032477;4442.462145403319;eev,integrated,separated,ws;lintim;SiouxFalls;SiouxFalls;True;False;1e-05;12000;1;2;20;50;200;-5;50;0.75;2;50;50;10;10;16;2.7866;1617;1617
14050696;618;g_000;1;1;30;line_consecutive;0.95;1618;20;18;8-9;3,7;138745.9460564;138804.7781200317;141585.5358518798;138856.541436;58.83206363170757;2780.7577318481053;51.76331596830278;eev,integrated,separated,ws;lintim;SiouxFalls;SiouxFalls;True;False;1e-05;12000;1;2;20;50;200;-5;50;0.75;2;50;50;10;10;16;2.7866;1618;1618
14050696;619;g_000;1;1;30;line_consecutive;0.95;1619;20;19;20-22;11;136644.633844;136644.6338439816;136644.6338439999;136644.63384399994;-1.83936208486557e-08;1.83063093572855e-08;1.8335413187742237e-08;eev,integrated,separated,ws;lintim;SiouxFalls;SiouxFalls;True;False;1e-05;12000;1;2;20;50;200;-5;50;0.75;2;50;50;10;10;16;2.7866;1619;1619
14050696;620;g_000;1;1;30;line_consecutive;0.95;1620;20;20;10-15;5,9;164647.85750319998;165113.37960079932;169192.05598409995;180314.23456809865;465.5220975993434;4078.676383300626;15200.854967299323;eev,integrated,separated,ws;lintim;SiouxFalls;SiouxFalls;True;False;1e-05;12000;1;2;20;50;200;-5;50;0.75;2;50;50;10;10;16;2.7866;1620;1620
14050696;621;g_000;1;1;30;line_consecutive;0.95;1621;20;21;2-6;2;186425.2071101;186949.7986197;190886.64508699992;221297.84650426923;524.5915096000244;3936.846467299911;34348.04788456921;eev,integrated,separated,ws;lintim;SiouxFalls;SiouxFalls;True;False;1e-05;12000;1;2;20;50;200;-5;50;0.75;2;50;50;10;10;16;2.7866;1621;1621
14050696;622;g_000;1;1;30;line_consecutive;0.95;1622;20;22;23-24;4;160846.1882050173;161012.21348160002;164679.61443759996;206599.1046423;166.0252765827172;3667.40095599994;45586.891160699975;eev,integrated,separated,ws;lintim;SiouxFalls;SiouxFalls;True;False;1e-05;12000;1;2;20;50;200;-5;50;0.75;2;50;50;10;10;16;2.7866;1622;1622
14050696;623;g_000;1;1;30;line_consecutive;0.95;1623;20;23;15-22;5,13;148484.4600199;148648.70399409963;152636.37107540164;155415.10320979997;164.24397419963498;3987.6670813020023;6766.399215700338;eev,integrated,separated,ws;lintim;SiouxFalls;SiouxFalls;True;False;1e-05;12000;1;2;20;50;200;-5;50;0.75;2;50;50;10;10;16;2.7866;1623;1623
14050696;624;g_000;1;1;30;line_consecutive;0.95;1624;20;24;13-24;6;153716.64627019997;153948.69130979938;157566.68265619993;169635.1692244718;232.0450395994121;3617.9913464005513;15686.477914672432;eev,integrated,separated,ws;lintim;SiouxFalls;SiouxFalls;True;False;1e-05;12000;1;2;20;50;200;-5;50;0.75;2;50;50;10;10;16;2.7866;1624;1624
14050696;625;g_000;1;1;30;line_consecutive;0.95;1625;20;25;10-11;1,7,10;173619.1421928;173888.08847953333;181001.5540826;230390.5287888;268.94628673332045;7113.4656030666665;56502.44030926665;eev,integrated,separated,ws;lintim;SiouxFalls;SiouxFalls;True;False;1e-05;12000;1;2;20;50;200;-5;50;0.75;2;50;50;10;10;16;2.7866;1625;1625
14050696;626;g_000;1;1;30;line_consecutive;0.95;1626;20;26;10-17;14;136644.63384399997;136644.63384399886;136644.63384399994;136644.633844;-1.1059455573558807e-09;1.076841726899147e-09;1.1350493878126142e-09;eev,integrated,separated,ws;lintim;SiouxFalls;SiouxFalls;True;False;1e-05;12000;1;2;20;50;200;-5;50;0.75;2;50;50;10;10;16;2.7866;1626;1626
14050696;627;g_000;1;1;30;line_consecutive;0.95;1627;20;27;3-12;8,12;136644.633844;136644.633844;136644.63384399857;136644.6338439986;0.0;-1.4260876923799515e-09;-1.3969838619232178e-09;eev,integrated,separated,ws;lintim;SiouxFalls;SiouxFalls;True;False;1e-05;12000;1;2;20;50;200;-5;50;0.75;2;50;50;10;10;16;2.7866;1627;1627
14050696;628;g_000;1;1;30;line_consecutive;0.95;1628;20;28;14-15;14;136644.633844;136644.63384399953;136644.63384399994;136644.633844;-4.656612873077393e-10;4.074536263942719e-10;4.656612873077393e-10;eev,integrated,separated,ws;lintim;SiouxFalls;SiouxFalls;True;False;1e-05;12000;1;2;20;50;200;-5;50;0.75;2;50;50;10;10;16;2.7866;1628;1628
14050696;629;g_000;1;1;30;line_consecutive;0.95;1629;20;29;9-10;7,9;151290.1623502;151450.91656100002;153961.8720368999;156810.7389546;160.7542108000198;2510.9554758998856;5359.822393599985;eev,integrated,separated,ws;lintim;SiouxFalls;SiouxFalls;True;False;1e-05;12000;1;2;20;50;200;-5;50;0.75;2;50;50;10;10;16;2.7866;1629;1629
14050696;630;g_000;2;1;30;line_consecutive;0.95;1630;21;0;5-6,5-9;9;151470.504673;151677.20923879964;154558.97013899995;157574.10305059992;206.7045657996496;2881.7609002003155;5896.893811800284;eev,integrated,separated,ws;lintim;SiouxFalls;SiouxFalls;True;False;1e-05;12000;1;2;20;50;200;-5;50;0.75;2;50;50;10;10;16;2.7866;1630;1630
14050696;631;g_000;2;1;30;line_consecutive;0.95;1631;21;1;15-19,15-22;13;165476.55544217603;165830.51064239378;169505.06380049995;194075.64623839984;353.95520021775155;3674.553158106166;28245.13559600606;eev,integrated,separated,ws;lintim;SiouxFalls;SiouxFalls;True;False;1e-05;12000;1;2;20;50;200;-5;50;0.75;2;50;50;10;10;16;2.7866;1631;1631
14050696;632;g_000;2;1;30;line_consecutive;0.95;1632;21;2;9-10,10-11;7;191548.9929017208;189748.4838615998;196915.4594613;267707.49645748816;-1800.5090401210182;7166.975599700207;77959.01259588837;eev,integrated,separated,ws;lintim;SiouxFalls;SiouxFalls;True;False;1e-05;12000;1;2;20;50;200;-5;50;0.75;2;50;50;10;10;16;2.7866;1632;1632
14050696;633;g_000;2;1;30;line_consecutive;0.95;1633;21;3;10-16,16-18;1;162802.08172480002;163087.23904;172372.6419943851;191709.7945558;285.1573151999619;9285.40295438512;28622.55551580002;eev,integrated,separated,ws;lintim;SiouxFalls;SiouxFalls;True;False;1e-05;12000;1;2;20;50;200;-5;50;0.75;2;50;50;10;10;16;2.7866;1633;1633
14050696;634;g_000;2;1;30;line_consecutive;0.95;1634;21;4;3-12,11-12;8;194769.52132190004;194895.0978785;195880.1003691;279104.46879549994;125.5765565999609;985.00249059996;84209.37091699993;eev,integrated,separated,ws;lintim;SiouxFalls;SiouxFalls;True;False;1e-05;12000;1;2;20;50;200;-5;50;0.75;2;50;50;10;10;16;2.7866;1634;1634
14050696;635;g_000;2;1;30;line_consecutive;0.95;1635;21;5;8-9,9-10;7;153258.379946443;153428.49948140007;156307.60121449997;160940.4259889;170.11953495707712;2879.101733099902;7511.926507499942;eev,integrated,separated,ws;lintim;SiouxFalls;SiouxFalls;True;False;1e-05;12000;1;2;20;50;200;-5;50;0.75;2;50;50;10;10;16;2.7866;1635;1635
14050696;636;g_000;2;1;30;line_consecutive;0.95;1636;21;6;5-9,8-9;3;153258.379946443;153428.49948140007;156307.60121449997;160940.4259889;170.11953495707712;2879.101733099902;7511.926507499942;eev,integrated,separated,ws;lintim;SiouxFalls;SiouxFalls;True;False;1e-05;12000;1;2;20;50;200;-5;50;0.75;2;50;50;10;10;16;2.7866;1636;1636
14050696;637;g_000;2;1;30;line_consecutive;0.95;1637;21;7;5-9,9-10;9;153258.379946443;153428.49948140007;156307.60121449997;160940.4259889;170.11953495707712;2879.101733099902;7511.926507499942;eev,integrated,separated,ws;lintim;SiouxFalls;SiouxFalls;True;False;1e-05;12000;1;2;20;50;200;-5;50;0.75;2;50;50;10;10;16;2.7866;1637;1637
14050696;638;g_000;2;1;30;line_consecutive;0.95;1638;21;8;11-14,14-23;4,10;217954.35986;218391.98213560003;225493.4378381999;280598.168815;437.6222756000643;7101.455702599866;62206.18667939995;eev,integrated,separated,ws;lintim;SiouxFalls;SiouxFalls;True;False;1e-05;12000;1;2;20;50;200;-5;50;0.75;2;50;50;10;10;16;2.7866;1638;1638
14050696;639;g_000;2;1;30;line_consecutive;0.95;1639;21;9;13-24,21-24;6;155096.52127019997;155328.56630979793;158870.62313399982;169765.76970117196;232.04503959795693;3542.0568242018926;14437.20339137403;eev,integrated,separated,ws;lintim;SiouxFalls;SiouxFalls;True;False;1e-05;12000;1;2;20;50;200;-5;50;0.75;2;50;50;10;10;16;2.7866;1639;1639
14050696;640;g_000;2;1;30;line_consecutive;0.95;1640;21;10;10-15,15-19;9;166715.0514726;167088.65428899994;171265.93797439997;196251.16503319988;373.6028163999436;4177.283685400034;29162.510744199943;eev,integrated,separated,ws;lintim;SiouxFalls;SiouxFalls;True;False;1e-05;12000;1;2;20;50;200;-5;50;0.75;2;50;50;10;10;16;2.7866;1640;1640
14050696;641;g_000;2;1;30;line_consecutive;0.95;1641;21;11;7-8,7-18;3,11;138745.9460564;138856.541436;141585.53585189994;138856.54143599997;110.59537960001036;2728.9944158999424;-2.9103830456733704e-11;eev,integrated,separated,ws;lintim;SiouxFalls;SiouxFalls;True;False;1e-05;12000;1;2;20;50;200;-5;50;0.75;2;50;50;10;10;16;2.7866;1641;1641
14050696;642;g_000;2;1;30;line_consecutive;0.95;1642;21;12;3-12,12-13;12;136644.633844;136644.63384398376;136644.6338439993;136644.63384399936;-1.623993739485741e-08;1.5541445463895798e-08;1.5599653124809265e-08;eev,integrated,separated,ws;lintim;SiouxFalls;SiouxFalls;True;False;1e-05;12000;1;2;20;50;200;-5;50;0.75;2;50;50;10;10;16;2.7866;1642;1642
14050696;643;g_000;2;1;30;line_consecutive;0.95;1643;21;13;10-11,11-14;10;235262.59654829183;233405.81294921943;240424.2798159;421333.4938566692;-1856.783599072398;7018.466866680566;187927.6809074498;eev,integrated,separated,ws;lintim;SiouxFalls;SiouxFalls;True;False;1e-05;12000;1;2;20;50;200;-5;50;0.75;2;50;50;10;10;16;2.7866;1643;1643
14050696;644;g_000;2;1;30;line_consecutive;0.95;1644;21;14;8-16,10-16;10;182588.0662939;182867.9679348993;190915.0008028999;335869.8393342617;279.90164099933463;8047.032868000562;153001.8713993624;eev,integrated,separated,ws;lintim;SiouxFalls;SiouxFalls;True;False;1e-05;12000;1;2;20;50;200;-5;50;0.75;2;50;50;10;10;16;2.7866;1644;1644
14050696;645;g_000;2;1;30;line_consecutive;0.95;1645;21;15;10-15,15-22;5;166190.90411559975;166651.01024633864;169633.0709937999;181384.9514965;460.10613073888817;2982.060747461248;14733.941250161355;eev,integrated,separated,ws;lintim;SiouxFalls;SiouxFalls;True;False;1e-05;12000;1;2;20;50;200;-5;50;0.75;2;50;50;10;10;16;2.7866;1645;1645
14050696;646;g_000;2;1;30;line_consecutive;0.95;1646;21;16;4-5,5-9;3;151470.504673;151677.20923879964;154558.97013899995;157574.10305059992;206.7045657996496;2881.7609002003155;5896.893811800284;eev,integrated,separated,ws;lintim;SiouxFalls;SiouxFalls;True;False;1e-05;12000;1;2;20;50;200;-5;50;0.75;2;50;50;10;10;16;2.7866;1646;1646
14050696;647;g_000;2;1;30;line_consecutive;0.95;1647;21;17;1-3,3-12;8,12;189410.56793613703;189767.5063699;193411.18174459995;295110.02849699993;356.9384337629599;3643.67537469996;105342.52212709996;eev,integrated,separated,ws;lintim;SiouxFalls;SiouxFalls;True;False;1e-05;12000;1;2;20;50;200;-5;50;0.75;2;50;50;10;10;16;2.7866;1647;1647
14050696;648;g_000;2;1;30;line_consecutive;0.95;1648;21;18;3-4,4-5;3;187527.8733964;188157.0372303023;197128.034847066;247236.5517446;629.1638339022757;8970.997616763721;59079.51451429771;eev,integrated,separated,ws;lintim;SiouxFalls;SiouxFalls;True;False;1e-05;12000;1;2;20;50;200;-5;50;0.75;2;50;50;10;10;16;2.7866;1648;1648
14050696;649;g_000;2;1;30;line_consecutive;0.95;1649;21;19;15-22,22-23;5;149955.8828680998;150231.88296929968;154528.64234279995;155415.10320979997;276.0001011998684;4296.759373500274;5183.22024050029;eev,integrated,separated,ws;lintim;SiouxFalls;SiouxFalls;True;False;1e-05;12000;1;2;20;50;200;-5;50;0.75;2;50;50;10;10;16;2.7866;1649;1649
14050696;650;g_000;2;1;30;line_consecutive;0.95;1650;21;20;7-8,8-9;3,7;138745.94605639973;138856.54143599965;141585.53585189994;138856.54143599997;110.59537959992304;2728.994415900292;3.2014213502407074e-10;eev,integrated,separated,ws;lintim;SiouxFalls;SiouxFalls;True;False;1e-05;12000;1;2;20;50;200;-5;50;0.75;2;50;50;10;10;16;2.7866;1650;1650
14050696;651;g_000;2;1;30;line_consecutive;0.95;1651;21;21;10-11,10-16;1,10;182077.127279;182481.5647396001;188379.9241366;234487.0839466;404.4374606000784;5898.3593969998765;52005.51920699989;eev,integrated,separated,ws;lintim;SiouxFalls;SiouxFalls;True;False;1e-05;12000;1;2;20;50;200;-5;50;0.75;2;50;50;10;10;16;2.7866;1651;1651
14050696;652;g_000;2;1;30;line_consecutive;0.95;1652;21;22;11-12,11-14;8;213131.7199433029;213124.85685190003;217268.2074165;404794.093765;-6.863091402890859;4143.3505645999685;191669.2369131;eev,integrated,separated,ws;lintim;SiouxFalls;SiouxFalls;True;False;1e-05;12000;1;2;20;50;200;-5;50;0.75;2;50;50;10;10;16;2.7866;1652;1652
14050696;653;g_000;2;1;30;line_consecutive;0.95;1653;21;23;20-21,21-24;6;154432.69056249995;154833.23668129998;156618.56818959996;168888.0516234719;400.5461188000336;1785.331508299976;14054.814942171914;eev,integrated,separated,ws;lintim;SiouxFalls;SiouxFalls;True;False;1e-05;12000;1;2;20;50;200;-5;50;0.75;2;50;50;10;10;16;2.7866;1653;1653
14050696;654;g_000;2;1;30;line_consecutive;0.95;1654;21;24;4-11,11-14;4;192375.3101939;192670.5294720999;195331.79738489995;272745.4400243;295.21927819991834;2661.267912800045;80074.9105522001;eev,integrated,separated,ws;lintim;SiouxFalls;SiouxFalls;True;False;1e-05;12000;1;2;20;50;200;-5;50;0.75;2;50;50;10;10;16;2.7866;1654;1654
14050696;655;g_000;2;1;30;line_consecutive;0.95;1655;21;25;8-16,16-17;2,13;177848.10375640003;178283.93555880003;183597.6656554;228061.7374403;435.83180240000365;5313.73009659996;49777.80188149997;eev,integrated,separated,ws;lintim;SiouxFalls;SiouxFalls;True;False;1e-05;12000;1;2;20;50;200;-5;50;0.75;2;50;50;10;10;16;2.7866;1655;1655
14050696;656;g_000;2;1;30;line_consecutive;0.95;1656;21;26;17-19,19-20;2;218040.9075656;218296.3569854;224888.78320525;303388.06241499993;255.4494197999884;6592.426219849993;85091.70542959994;eev,integrated,separated,ws;lintim;SiouxFalls;SiouxFalls;True;False;1e-05;12000;1;2;20;50;200;-5;50;0.75;2;50;50;10;10;16;2.7866;1656;1656
14050696;657;g_000;2;1;30;line_consecutive;0.95;1657;21;27;10-11,11-12;1,7;189288.64953790003;189727.18043809995;198030.4797376;244428.7067427;438.5309001999267;8303.29929950001;54701.52630460003;eev,integrated,separated,ws;lintim;SiouxFalls;SiouxFalls;True;False;1e-05;12000;1;2;20;50;200;-5;50;0.75;2;50;50;10;10;16;2.7866;1657;1657
14050696;658;g_000;2;1;30;line_consecutive;0.95;1658;21;28;18-20,20-22;11;136644.633844;136644.633844;136644.63384399968;136644.6338439997;0.0;-3.2014213502407074e-10;-2.9103830456733704e-10;eev,integrated,separated,ws;lintim;SiouxFalls;SiouxFalls;True;False;1e-05;12000;1;2;20;50;200;-5;50;0.75;2;50;50;10;10;16;2.7866;1658;1658
14050696;659;g_000;2;1;30;line_consecutive;0.95;1659;21;29;1-2,1-3;12;245383.12991160003;245945.9070833;255234.7170779;337071.67255689984;562.7771716999705;9288.809994599986;91125.76547359984;eev,integrated,separated,ws;lintim;SiouxFalls;SiouxFalls;True;False;1e-05;12000;1;2;20;50;200;-5;50;0.75;2;50;50;10;10;16;2.7866;1659;1659
