{
  "row": 1,
  "tag": "lintim/SiouxFalls@SiouxFalls",
  "N": 24,
  "E_dir": 76,
  "L": 28,
  "S": 2,
  "status_code": 2,
  "status": "OPTIMAL",
  "objective": 42914.39,
  "cost_time": 26601.689999999995,
  "cost_wait": 739.7000000000003,
  "cost_oper": 15573.0,
  "runtime_s": 41.24500012397766,
  "freq": {
    "0": 3,
    "1": 3,
    "2": 5,
    "3": 2,
    "4": 2,
    "5": 0,
    "6": 3,
    "7": 3,
    "8": 2,
    "9": 1,
    "10": 2,
    "11": 1,
    "12": 1,
    "13": 0,
    "14": 0,
    "15": 0,
    "16": 3,
    "17": 0,
    "18": 1,
    "19": 0,
    "20": 0,
    "21": 0,
    "22": 0,
    "23": 0,
    "24": 0,
    "25": 3,
    "26": 1,
    "27": 1
  },
  "routing_agg": "origin",
  "waiting_time": 1.0,
  "max_frequency": 5,
  "train_capacity": 50
}