{
  "row": 0,
  "tag": "lintim/SiouxFalls@SiouxFalls",
  "N": 24,
  "E_dir": 76,
  "L": 28,
  "S": 2,
  "status_code": 2,
  "status": "OPTIMAL",
  "objective": 23893.17,
  "cost_time": 13726.669999999995,
  "cost_wait": 0.0,
  "cost_oper": 10166.5,
  "runtime_s": 0.4699997901916504,
  "freq": {
    "0": 3,
    "1": 1,
    "2": 5,
    "3": 1,
    "4": 0,
    "5": 0,
    "6": 3,
    "7": 2,
    "8": 1,
    "9": 1,
    "10": 1,
    "11": 1,
    "12": 1,
    "13": 0,
    "14": 0,
    "15": 0,
    "16": 1,
    "17": 0,
    "18": 1,
    "19": 0,
    "20": 0,
    "21": 0,
    "22": 0,
    "23": 0,
    "24": 0,
    "25": 1,
    "26": 0,
    "27": 1
  },
  "routing_agg": "origin",
  "waiting_time": 0.0,
  "max_frequency": 5,
  "train_capacity": 50
}