array_job_id;task_id;run_group_id;case_k;case_per_run;case_variants;case_selection;case_p_fail;case_id;case_sweep_row;case_variant_idx;case_edges;case_lines;WS;RP;EEV_nom;EEV_mean;EVPI;VSS_nom;VSS_mean;procedures_present;source;network;scenario_line_data;routing_agg;waiting_time_frequency;gap;time_limit;travel_time_cost_mult;waiting_time_cost_mult;line_operation_cost_mult;cost_repl_freq;cost_repl_line;repl_budget;bypass_multiplier;overdemand_threshold;overdemand_multiplier;num_od;train_capacity;infrastructure_capacity;max_frequency;threads;scenario_infra_id;scenario_prob_id
12436229;0;g_000;1;1;30;line_consecutive;0.5;1000;0;0;12-13;12;51140.23999999999;51140.24000000001;51140.23999999839;51140.23999999839;2.182787284255028e-11;-1.622538547962904e-09;-1.622538547962904e-09;eev,integrated,separated,ws;lintim;SiouxFalls;SiouxFalls;True;False;1e-05;6000;1;2;20;50;200;-5;50;0.75;2;55;50;10;10;16;1000;1000
12436229;1;g_000;1;1;30;line_consecutive;0.5;1001;0;1;20-21;6;52734.38999999999;53053.34;53432.83499999839;53432.83499999839;318.9500000000044;379.4949999983946;379.4949999983946;eev,integrated,separated,ws;lintim;SiouxFalls;SiouxFalls;True;False;1e-05;6000;1;2;20;50;200;-5;50;0.75;2;55;50;10;10;16;1001;1001
12436229;2;g_000;1;1;30;line_consecutive;0.5;1002;0;2;14-23;4,10;54841.905;55396.175;56078.2449999984;56078.2449999984;554.2700000000041;682.069999998399;682.069999998399;eev,integrated,separated,ws;lintim;SiouxFalls;SiouxFalls;True;False;1e-05;6000;1;2;20;50;200;-5;50;0.75;2;55;50;10;10;16;1002;1002
12436229;3;g_000;1;1;30;line_consecutive;0.5;1003;0;3;22-23;5;51792.37999999999;51792.595000000016;51792.59499999839;51792.59499999839;0.2150000000256113;-1.622538547962904e-09;-1.622538547962904e-09;eev,integrated,separated,ws;lintim;SiouxFalls;SiouxFalls;True;False;1e-05;6000;1;2;20;50;200;-5;50;0.75;2;55;50;10;10;16;1003;1003
12436229;4;g_000;1;1;30;line_consecutive;0.5;1004;0;4;11-14;4,8,10;55715.62999999999;56294.27999999999;57293.02999999839;57293.0299999984;578.6500000000015;998.7499999983992;998.7499999984066;eev,integrated,separated,ws;lintim;SiouxFalls;SiouxFalls;True;False;1e-05;6000;1;2;20;50;200;-5;50;0.75;2;55;50;10;10;16;1004;1004
12436229;5;g_000;1;1;30;line_consecutive;0.5;1005;0;5;4-5;3;51140.24;51140.24000002087;51140.23999999839;51140.2399999984;2.0874722395092252e-08;-2.2482709027826783e-08;-2.2475433070212606e-08;eev,integrated,separated,ws;lintim;SiouxFalls;SiouxFalls;True;False;1e-05;6000;1;2;20;50;200;-5;50;0.75;2;55;50;10;10;16;1005;1005
12436229;6;g_000;1;1;30;line_consecutive;0.5;1006;0;6;1-2;12;51140.24;51140.24000000041;51140.23999999839;51140.23999999839;4.147295840084553e-10;-2.0227162167429924e-09;-2.0227162167429924e-09;eev,integrated,separated,ws;lintim;SiouxFalls;SiouxFalls;True;False;1e-05;6000;1;2;20;50;200;-5;50;0.75;2;55;50;10;10;16;1006;1006
12436229;7;g_000;1;1;30;line_consecutive;0.5;1007;0;7;4-11;4;54346.68999999999;55250.21499999997;55779.53499999839;55779.5349999984;903.5249999999796;529.3199999984208;529.3199999984354;eev,integrated,separated,ws;lintim;SiouxFalls;SiouxFalls;True;False;1e-05;6000;1;2;20;50;200;-5;50;0.75;2;55;50;10;10;16;1007;1007
12436229;8;g_000;1;1;30;line_consecutive;0.5;1008;0;8;16-17;2,13;56436.240000000005;57344.130000000005;57945.2149999984;57889.19;907.8899999999994;601.0849999983984;545.0599999999977;eev,integrated,separated,ws;lintim;SiouxFalls;SiouxFalls;True;False;1e-05;6000;1;2;20;50;200;-5;50;0.75;2;55;50;10;10;16;1008;1008
12436229;9;g_000;1;1;30;line_consecutive;0.5;1009;0;9;10-11;1,7,10;55473.42;56713.88000000002;58023.90499999839;58023.90499703081;1240.460000000021;1310.0249999983716;1310.0249970307923;eev,integrated,separated,ws;lintim;SiouxFalls;SiouxFalls;True;False;1e-05;6000;1;2;20;50;200;-5;50;0.75;2;55;50;10;10;16;1009;1009
12436229;10;g_000;1;1;30;line_consecutive;0.5;1010;0;10;7-18;3,11;51140.23999999999;51140.24000000001;51140.23999999839;51140.23999999839;2.182787284255028e-11;-1.622538547962904e-09;-1.622538547962904e-09;eev,integrated,separated,ws;lintim;SiouxFalls;SiouxFalls;True;False;1e-05;6000;1;2;20;50;200;-5;50;0.75;2;55;50;10;10;16;1010;1010
12436229;11;g_000;1;1;30;line_consecutive;0.5;1011;0;11;13-24;6;53437.67;53966.72;54488.29499999839;54488.2949999984;529.0500000000029;521.5749999983891;521.5749999983964;eev,integrated,separated,ws;lintim;SiouxFalls;SiouxFalls;True;False;1e-05;6000;1;2;20;50;200;-5;50;0.75;2;55;50;10;10;16;1011;1011
12436229;12;g_000;1;1;30;line_consecutive;0.5;1012;0;12;1-3;4,8,12;58391.91000000008;58918.000000000015;59192.72499999839;59192.7249999984;526.089999999931;274.724999998376;274.7249999983833;eev,integrated,separated,ws;lintim;SiouxFalls;SiouxFalls;True;False;1e-05;6000;1;2;20;50;200;-5;50;0.75;2;55;50;10;10;16;1012;1012
12436229;13;g_000;1;1;30;line_consecutive;0.5;1013;0;13;18-20;11;51140.24;51140.24000000485;51140.23999998507;51140.23999998508;4.853063728660345e-09;-1.9783328752964732e-08;-1.9768776837736368e-08;eev,integrated,separated,ws;lintim;SiouxFalls;SiouxFalls;True;False;1e-05;6000;1;2;20;50;200;-5;50;0.75;2;55;50;10;10;16;1013;1013
12436229;14;g_000;1;1;30;line_consecutive;0.5;1014;0;14;23-24;4;54286.7;55198.02999992916;55588.29499999839;55588.2949999984;911.329999929163;390.26500006923015;390.26500006923743;eev,integrated,separated,ws;lintim;SiouxFalls;SiouxFalls;True;False;1e-05;6000;1;2;20;50;200;-5;50;0.75;2;55;50;10;10;16;1014;1014
12436229;15;g_000;1;1;30;line_consecutive;0.5;1015;0;15;21-24;6;52808.19;53127.14000000001;53497.5899999984;53497.5899999984;318.9500000000044;370.4499999983964;370.4499999983964;eev,integrated,separated,ws;lintim;SiouxFalls;SiouxFalls;True;False;1e-05;6000;1;2;20;50;200;-5;50;0.75;2;55;50;10;10;16;1015;1015
12436229;16;g_000;1;1;30;line_consecutive;0.5;1016;0;16;17-19;2,13,14;60308.675;60993.63499999944;61877.76999999839;61414.10544037583;684.9599999994389;884.134999998947;420.4704403763899;eev,integrated,separated,ws;lintim;SiouxFalls;SiouxFalls;True;False;1e-05;6000;1;2;20;50;200;-5;50;0.75;2;55;50;10;10;16;1016;1016
12436229;17;g_000;1;1;30;line_consecutive;0.5;1017;0;17;21-22;13;51402.15999999999;51664.08000000001;51710.22499999839;51710.22499999838;261.9200000000201;46.144999998381536;46.14499999837426;eev,integrated,separated,ws;lintim;SiouxFalls;SiouxFalls;True;False;1e-05;6000;1;2;20;50;200;-5;50;0.75;2;55;50;10;10;16;1017;1017
12436229;18;g_000;1;1;30;line_consecutive;0.5;1018;0;18;16-18;1;52659.84999999999;53324.045000000006;55021.82999999839;55021.82999999839;664.1950000000143;1697.784999998381;1697.784999998381;eev,integrated,separated,ws;lintim;SiouxFalls;SiouxFalls;True;False;1e-05;6000;1;2;20;50;200;-5;50;0.75;2;55;50;10;10;16;1018;1018
12436229;19;g_000;1;1;30;line_consecutive;0.5;1019;0;19;5-9;3,9;51271.24;51402.240000000005;52420.23999999839;52420.239999998405;131.00000000000728;1017.9999999983849;1017.9999999983992;eev,integrated,separated,ws;lintim;SiouxFalls;SiouxFalls;True;False;1e-05;6000;1;2;20;50;200;-5;50;0.75;2;55;50;10;10;16;1019;1019
12436229;20;g_000;1;1;30;line_consecutive;0.5;1020;0;20;19-20;2;57520.875;58598.405000000006;59162.71499999838;59162.71499999839;1077.530000000006;564.3099999983751;564.3099999983824;eev,integrated,separated,ws;lintim;SiouxFalls;SiouxFalls;True;False;1e-05;6000;1;2;20;50;200;-5;50;0.75;2;55;50;10;10;16;1020;1020
12436229;21;g_000;1;1;30;line_consecutive;0.5;1021;0;21;8-9;3,7;51140.240000000005;51140.23999999955;51140.23999999839;51140.23999999839;-4.5838532969355583e-10;-1.1568772606551647e-09;-1.1568772606551647e-09;eev,integrated,separated,ws;lintim;SiouxFalls;SiouxFalls;True;False;1e-05;6000;1;2;20;50;200;-5;50;0.75;2;55;50;10;10;16;1021;1021
12436229;22;g_000;1;1;30;line_consecutive;0.5;1022;0;22;10-15;5,9;52049.83500000001;52180.835000000014;53427.95499999839;53427.9549999984;131.00000000000728;1247.1199999983728;1247.1199999983874;eev,integrated,separated,ws;lintim;SiouxFalls;SiouxFalls;True;False;1e-05;6000;1;2;20;50;200;-5;50;0.75;2;55;50;10;10;16;1022;1022
12436229;23;g_000;1;1;30;line_consecutive;0.5;1023;0;23;2-6;2;58649.21999999999;60364.61000000001;61235.3099999984;61235.3099999984;1715.3900000000212;870.6999999983891;870.6999999983891;eev,integrated,separated,ws;lintim;SiouxFalls;SiouxFalls;True;False;1e-05;6000;1;2;20;50;200;-5;50;0.75;2;55;50;10;10;16;1023;1023
12436229;24;g_000;1;1;30;line_consecutive;0.5;1024;0;24;6-8;2;57174.70999999999;58215.33000000001;58779.639999998384;58779.63999999839;1040.6200000000172;564.3099999983751;564.3099999983824;eev,integrated,separated,ws;lintim;SiouxFalls;SiouxFalls;True;False;1e-05;6000;1;2;20;50;200;-5;50;0.75;2;55;50;10;10;16;1024;1024
12436229;25;g_000;1;1;30;line_consecutive;0.5;1025;0;25;15-19;9,13,14;51730.34999999999;52320.46000000001;53741.714999998265;53741.714999998265;590.1100000000151;1421.2549999982584;1421.2549999982584;eev,integrated,separated,ws;lintim;SiouxFalls;SiouxFalls;True;False;1e-05;6000;1;2;20;50;200;-5;50;0.75;2;55;50;10;10;16;1025;1025
12436229;26;g_000;1;1;30;line_consecutive;0.5;1026;0;26;9-10;7,9;51773.55;52406.859999992805;52726.58999999839;52726.5899999984;633.3099999928017;319.73000000558386;319.7300000055984;eev,integrated,separated,ws;lintim;SiouxFalls;SiouxFalls;True;False;1e-05;6000;1;2;20;50;200;-5;50;0.75;2;55;50;10;10;16;1026;1026
12436229;27;g_000;1;1;30;line_consecutive;0.5;1027;0;27;14-15;14;51307.5;51474.76;51600.3699999984;51600.3699999984;167.26000000000204;125.60999999839989;125.60999999839989;eev,integrated,separated,ws;lintim;SiouxFalls;SiouxFalls;True;False;1e-05;6000;1;2;20;50;200;-5;50;0.75;2;55;50;10;10;16;1027;1027
12436229;28;g_000;1;1;30;line_consecutive;0.5;1028;0;28;15-22;5,13;53051.31;53051.31000000001;53051.30999999839;53051.3099999984;1.4551915228366852e-11;-1.622538547962904e-09;-1.6152625903487206e-09;eev,integrated,separated,ws;lintim;SiouxFalls;SiouxFalls;True;False;1e-05;6000;1;2;20;50;200;-5;50;0.75;2;55;50;10;10;16;1028;1028
12436229;29;g_000;1;1;30;line_consecutive;0.5;1029;0;29;10-17;14;51307.5;51474.76;51600.3699999984;51600.3699999984;167.26000000000204;125.60999999839989;125.60999999839989;eev,integrated,separated,ws;lintim;SiouxFalls;SiouxFalls;True;False;1e-05;6000;1;2;20;50;200;-5;50;0.75;2;55;50;10;10;16;1029;1029
12436229;30;g_000;1;1;30;line_all;0.5;1030;1;0;5-6;9;51271.24;51402.240000000005;52420.23999999839;52420.23999999839;131.00000000000728;1017.9999999983849;1017.9999999983849;eev,integrated,separated,ws;lintim;SiouxFalls;SiouxFalls;True;False;1e-05;6000;1;2;20;50;200;-5;50;0.75;2;55;50;10;10;16;1030;1030
12436229;31;g_000;1;1;30;line_all;0.5;1031;1;1;23-24;4;54286.7;55198.02999992916;55588.29499999839;55588.2949999984;911.329999929163;390.26500006923015;390.26500006923743;eev,integrated,separated,ws;lintim;SiouxFalls;SiouxFalls;True;False;1e-05;6000;1;2;20;50;200;-5;50;0.75;2;55;50;10;10;16;1031;1031
12436229;32;g_000;1;1;30;line_all;0.5;1032;1;2;11-14;4,8,10;55715.62999999999;56294.27999999999;57293.02999999839;57293.0299999984;578.6500000000015;998.7499999983992;998.7499999984066;eev,integrated,separated,ws;lintim;SiouxFalls;SiouxFalls;True;False;1e-05;6000;1;2;20;50;200;-5;50;0.75;2;55;50;10;10;16;1032;1032
12436229;33;g_000;1;1;30;line_all;0.5;1033;1;3;22-23;5;51792.37999999999;51792.595000000016;51792.59499999839;51792.59499999839;0.2150000000256113;-1.622538547962904e-09;-1.622538547962904e-09;eev,integrated,separated,ws;lintim;SiouxFalls;SiouxFalls;True;False;1e-05;6000;1;2;20;50;200;-5;50;0.75;2;55;50;10;10;16;1033;1033
12436229;34;g_000;1;1;30;line_all;0.5;1034;1;4;10-17;14;51307.5;51474.76;51600.3699999984;51600.3699999984;167.26000000000204;125.60999999839989;125.60999999839989;eev,integrated,separated,ws;lintim;SiouxFalls;SiouxFalls;True;False;1e-05;6000;1;2;20;50;200;-5;50;0.75;2;55;50;10;10;16;1034;1034
12436229;35;g_000;1;1;30;line_all;0.5;1035;1;5;16-17;2,13;56436.240000000005;57344.130000000005;57945.2149999984;57889.19;907.8899999999994;601.0849999983984;545.0599999999977;eev,integrated,separated,ws;lintim;SiouxFalls;SiouxFalls;True;False;1e-05;6000;1;2;20;50;200;-5;50;0.75;2;55;50;10;10;16;1035;1035
12436229;36;g_000;1;1;30;line_all;0.5;1036;1;6;16-18;1;52659.84999999999;53324.045000000006;55021.82999999839;55021.82999999839;664.1950000000143;1697.784999998381;1697.784999998381;eev,integrated,separated,ws;lintim;SiouxFalls;SiouxFalls;True;False;1e-05;6000;1;2;20;50;200;-5;50;0.75;2;55;50;10;10;16;1036;1036
12436229;37;g_000;1;1;30;line_all;0.5;1037;1;7;20-22;11;51140.23999999999;51140.24000000001;51140.23999998155;51140.23999998155;2.182787284255028e-11;-1.845910446718335e-08;-1.845910446718335e-08;eev,integrated,separated,ws;lintim;SiouxFalls;SiouxFalls;True;False;1e-05;6000;1;2;20;50;200;-5;50;0.75;2;55;50;10;10;16;1037;1037
12436229;38;g_000;1;1;30;line_all;0.5;1038;1;8;3-4;3,4;55065.45999999999;55980.80500000001;57075.83499999839;57075.83499999839;915.3450000000156;1095.0299999983836;1095.0299999983836;eev,integrated,separated,ws;lintim;SiouxFalls;SiouxFalls;True;False;1e-05;6000;1;2;20;50;200;-5;50;0.75;2;55;50;10;10;16;1038;1038
12436229;39;g_000;1;1;30;line_all;0.5;1039;1;9;6-8;2;57174.70999999999;58215.33000000001;58779.639999998384;58779.63999999839;1040.6200000000172;564.3099999983751;564.3099999983824;eev,integrated,separated,ws;lintim;SiouxFalls;SiouxFalls;True;False;1e-05;6000;1;2;20;50;200;-5;50;0.75;2;55;50;10;10;16;1039;1039
12436229;40;g_000;1;1;30;line_all;0.5;1040;1;10;14-23;4,10;54841.905;55396.175;56078.2449999984;56078.2449999984;554.2700000000041;682.069999998399;682.069999998399;eev,integrated,separated,ws;lintim;SiouxFalls;SiouxFalls;True;False;1e-05;6000;1;2;20;50;200;-5;50;0.75;2;55;50;10;10;16;1040;1040
12436229;41;g_000;1;1;30;line_all;0.5;1041;1;11;15-22;5,13;53051.31;53051.31000000001;53051.30999999839;53051.3099999984;1.4551915228366852e-11;-1.622538547962904e-09;-1.6152625903487206e-09;eev,integrated,separated,ws;lintim;SiouxFalls;SiouxFalls;True;False;1e-05;6000;1;2;20;50;200;-5;50;0.75;2;55;50;10;10;16;1041;1041
12436229;42;g_000;1;1;30;line_all;0.5;1042;1;12;10-11;1,7,10;55473.42;56713.88000000002;58023.90499999839;58023.90499703081;1240.460000000021;1310.0249999983716;1310.0249970307923;eev,integrated,separated,ws;lintim;SiouxFalls;SiouxFalls;True;False;1e-05;6000;1;2;20;50;200;-5;50;0.75;2;55;50;10;10;16;1042;1042
12436229;43;g_000;1;1;30;line_all;0.5;1043;1;13;10-16;1,10;53377.605;54149.60500000002;55900.32999999838;55900.32999999839;772.0000000000146;1750.7249999983617;1750.7249999983687;eev,integrated,separated,ws;lintim;SiouxFalls;SiouxFalls;True;False;1e-05;6000;1;2;20;50;200;-5;50;0.75;2;55;50;10;10;16;1043;1043
12436229;44;g_000;1;1;30;line_all;0.5;1044;1;14;14-15;14;51307.5;51474.76;51600.3699999984;51600.3699999984;167.26000000000204;125.60999999839989;125.60999999839989;eev,integrated,separated,ws;lintim;SiouxFalls;SiouxFalls;True;False;1e-05;6000;1;2;20;50;200;-5;50;0.75;2;55;50;10;10;16;1044;1044
12436229;45;g_000;1;1;30;line_all;0.5;1045;1;15;8-9;3,7;51140.240000000005;51140.23999999955;51140.23999999839;51140.23999999839;-4.5838532969355583e-10;-1.1568772606551647e-09;-1.1568772606551647e-09;eev,integrated,separated,ws;lintim;SiouxFalls;SiouxFalls;True;False;1e-05;6000;1;2;20;50;200;-5;50;0.75;2;55;50;10;10;16;1045;1045
12436229;46;g_000;1;1;30;line_all;0.5;1046;1;16;8-16;2,10,13;57078.68999999999;58362.380000000034;59573.35499999838;58810.01999999999;1283.690000000046;1210.974999998347;447.63999999995576;eev,integrated,separated,ws;lintim;SiouxFalls;SiouxFalls;True;False;1e-05;6000;1;2;20;50;200;-5;50;0.75;2;55;50;10;10;16;1046;1046
12436229;47;g_000;1;1;30;line_all;0.5;1047;1;17;15-19;9,13,14;51730.34999999999;52320.46000000001;53741.714999998265;53741.714999998265;590.1100000000151;1421.2549999982584;1421.2549999982584;eev,integrated,separated,ws;lintim;SiouxFalls;SiouxFalls;True;False;1e-05;6000;1;2;20;50;200;-5;50;0.75;2;55;50;10;10;16;1047;1047
12436229;48;g_000;1;1;30;line_all;0.5;1048;1;18;9-10;7,9;51773.55;52406.859999992805;52726.58999999839;52726.5899999984;633.3099999928017;319.73000000558386;319.7300000055984;eev,integrated,separated,ws;lintim;SiouxFalls;SiouxFalls;True;False;1e-05;6000;1;2;20;50;200;-5;50;0.75;2;55;50;10;10;16;1048;1048
12436229;49;g_000;1;1;30;line_all;0.5;1049;1;19;4-11;4;54346.68999999999;55250.21499999997;55779.53499999839;55779.5349999984;903.5249999999796;529.3199999984208;529.3199999984354;eev,integrated,separated,ws;lintim;SiouxFalls;SiouxFalls;True;False;1e-05;6000;1;2;20;50;200;-5;50;0.75;2;55;50;10;10;16;1049;1049
12436229;50;g_000;1;1;30;line_all;0.5;1050;1;20;12-13;12;51140.23999999999;51140.24000000001;51140.23999999839;51140.23999999839;2.182787284255028e-11;-1.622538547962904e-09;-1.622538547962904e-09;eev,integrated,separated,ws;lintim;SiouxFalls;SiouxFalls;True;False;1e-05;6000;1;2;20;50;200;-5;50;0.75;2;55;50;10;10;16;1050;1050
12436229;51;g_000;1;1;30;line_all;0.5;1051;1;21;19-20;2;57520.875;58598.405000000006;59162.71499999838;59162.71499999839;1077.530000000006;564.3099999983751;564.3099999983824;eev,integrated,separated,ws;lintim;SiouxFalls;SiouxFalls;True;False;1e-05;6000;1;2;20;50;200;-5;50;0.75;2;55;50;10;10;16;1051;1051
12436229;52;g_000;1;1;30;line_all;0.5;1052;1;22;11-12;1,7,8;55805.34999999999;56860.90999999957;57296.33499999839;57296.3349999984;1055.5599999995757;435.4249999988242;435.4249999988315;eev,integrated,separated,ws;lintim;SiouxFalls;SiouxFalls;True;False;1e-05;6000;1;2;20;50;200;-5;50;0.75;2;55;50;10;10;16;1052;1052
12436229;53;g_000;1;1;30;line_all;0.5;1053;1;23;10-15;5,9;52049.83500000001;52180.835000000014;53427.95499999839;53427.9549999984;131.00000000000728;1247.1199999983728;1247.1199999983874;eev,integrated,separated,ws;lintim;SiouxFalls;SiouxFalls;True;False;1e-05;6000;1;2;20;50;200;-5;50;0.75;2;55;50;10;10;16;1053;1053
12436229;54;g_000;1;1;30;line_all;0.5;1054;1;24;4-5;3;51140.24;51140.24000002087;51140.23999999839;51140.2399999984;2.0874722395092252e-08;-2.2482709027826783e-08;-2.2475433070212606e-08;eev,integrated,separated,ws;lintim;SiouxFalls;SiouxFalls;True;False;1e-05;6000;1;2;20;50;200;-5;50;0.75;2;55;50;10;10;16;1054;1054
12436229;55;g_000;1;1;30;line_all;0.5;1055;1;25;17-19;2,13,14;60308.675;60993.63499999944;61877.76999999839;61414.10544037583;684.9599999994389;884.134999998947;420.4704403763899;eev,integrated,separated,ws;lintim;SiouxFalls;SiouxFalls;True;False;1e-05;6000;1;2;20;50;200;-5;50;0.75;2;55;50;10;10;16;1055;1055
12436229;56;g_000;1;1;30;line_all;0.5;1056;1;26;7-8;3,7,11;51140.23999999999;51140.240000000005;51140.23999999839;51140.2399999984;1.4551915228366852e-11;-1.6152625903487206e-09;-1.6079866327345371e-09;eev,integrated,separated,ws;lintim;SiouxFalls;SiouxFalls;True;False;1e-05;6000;1;2;20;50;200;-5;50;0.75;2;55;50;10;10;16;1056;1056
12436229;57;g_000;1;1;30;line_all;0.5;1057;1;27;20-21;6;52734.38999999999;53053.34;53432.83499999839;53432.83499999839;318.9500000000044;379.4949999983946;379.4949999983946;eev,integrated,separated,ws;lintim;SiouxFalls;SiouxFalls;True;False;1e-05;6000;1;2;20;50;200;-5;50;0.75;2;55;50;10;10;16;1057;1057
12436229;58;g_000;1;1;30;line_all;0.5;1058;1;28;21-22;13;51402.15999999999;51664.08000000001;51710.22499999839;51710.22499999838;261.9200000000201;46.144999998381536;46.14499999837426;eev,integrated,separated,ws;lintim;SiouxFalls;SiouxFalls;True;False;1e-05;6000;1;2;20;50;200;-5;50;0.75;2;55;50;10;10;16;1058;1058
12436229;59;g_000;1;1;30;line_all;0.5;1059;1;29;3-12;8,12;51140.239999996375;51140.24000000001;51140.23999999839;51140.23999999839;3.637978807091713e-09;-1.622538547962904e-09;-1.622538547962904e-09;eev,integrated,separated,ws;lintim;SiouxFalls;SiouxFalls;True;False;1e-05;6000;1;2;20;50;200;-5;50;0.75;2;55;50;10;10;16;1059;1059
12436229;60;g_000;1;1;30;share_stop;0.5;1060;2;0;5-6;;51271.24;51402.240000000005;52420.23999999839;52420.23999999839;131.00000000000728;1017.9999999983849;1017.9999999983849;eev,integrated,separated,ws;lintim;SiouxFalls;SiouxFalls;True;False;1e-05;6000;1;2;20;50;200;-5;50;0.75;2;55;50;10;10;16;1060;1060
12436229;61;g_000;1;1;30;share_stop;0.5;1061;2;1;4-5;;51140.24;51140.24000002087;51140.23999999839;51140.2399999984;2.0874722395092252e-08;-2.2482709027826783e-08;-2.2475433070212606e-08;eev,integrated,separated,ws;lintim;SiouxFalls;SiouxFalls;True;False;1e-05;6000;1;2;20;50;200;-5;50;0.75;2;55;50;10;10;16;1061;1061
12436229;62;g_000;1;1;30;share_stop;0.5;1062;2;2;6-8;;57174.70999999999;58215.33000000001;58779.639999998384;58779.63999999839;1040.6200000000172;564.3099999983751;564.3099999983824;eev,integrated,separated,ws;lintim;SiouxFalls;SiouxFalls;True;False;1e-05;6000;1;2;20;50;200;-5;50;0.75;2;55;50;10;10;16;1062;1062
12436229;63;g_000;1;1;30;share_stop;0.5;1063;2;3;9-10;;51773.55;52406.859999992805;52726.58999999839;52726.5899999984;633.3099999928017;319.73000000558386;319.7300000055984;eev,integrated,separated,ws;lintim;SiouxFalls;SiouxFalls;True;False;1e-05;6000;1;2;20;50;200;-5;50;0.75;2;55;50;10;10;16;1063;1063
12436229;64;g_000;1;1;30;share_stop;0.5;1064;2;4;21-24;;52808.19;53127.14000000001;53497.5899999984;53497.5899999984;318.9500000000044;370.4499999983964;370.4499999983964;eev,integrated,separated,ws;lintim;SiouxFalls;SiouxFalls;True;False;1e-05;6000;1;2;20;50;200;-5;50;0.75;2;55;50;10;10;16;1064;1064
12436229;65;g_000;1;1;30;share_stop;0.5;1065;2;5;10-11;;55473.42;56713.88000000002;58023.90499999839;58023.90499703081;1240.460000000021;1310.0249999983716;1310.0249970307923;eev,integrated,separated,ws;lintim;SiouxFalls;SiouxFalls;True;False;1e-05;6000;1;2;20;50;200;-5;50;0.75;2;55;50;10;10;16;1065;1065
12436229;66;g_000;1;1;30;share_stop;0.5;1066;2;6;10-17;;51307.5;51474.76;51600.3699999984;51600.3699999984;167.26000000000204;125.60999999839989;125.60999999839989;eev,integrated,separated,ws;lintim;SiouxFalls;SiouxFalls;True;False;1e-05;6000;1;2;20;50;200;-5;50;0.75;2;55;50;10;10;16;1066;1066
12436229;67;g_000;1;1;30;share_stop;0.5;1067;2;7;8-9;;51140.240000000005;51140.23999999955;51140.23999999839;51140.23999999839;-4.5838532969355583e-10;-1.1568772606551647e-09;-1.1568772606551647e-09;eev,integrated,separated,ws;lintim;SiouxFalls;SiouxFalls;True;False;1e-05;6000;1;2;20;50;200;-5;50;0.75;2;55;50;10;10;16;1067;1067
12436229;68;g_000;1;1;30;share_stop;0.5;1068;2;8;2-6;;58649.21999999999;60364.61000000001;61235.3099999984;61235.3099999984;1715.3900000000212;870.6999999983891;870.6999999983891;eev,integrated,separated,ws;lintim;SiouxFalls;SiouxFalls;True;False;1e-05;6000;1;2;20;50;200;-5;50;0.75;2;55;50;10;10;16;1068;1068
12436229;69;g_000;1;1;30;share_stop;0.5;1069;2;9;7-18;;51140.23999999999;51140.24000000001;51140.23999999839;51140.23999999839;2.182787284255028e-11;-1.622538547962904e-09;-1.622538547962904e-09;eev,integrated,separated,ws;lintim;SiouxFalls;SiouxFalls;True;False;1e-05;6000;1;2;20;50;200;-5;50;0.75;2;55;50;10;10;16;1069;1069
12436229;70;g_000;1;1;30;share_stop;0.5;1070;2;10;1-3;;58391.91000000008;58918.000000000015;59192.72499999839;59192.7249999984;526.089999999931;274.724999998376;274.7249999983833;eev,integrated,separated,ws;lintim;SiouxFalls;SiouxFalls;True;False;1e-05;6000;1;2;20;50;200;-5;50;0.75;2;55;50;10;10;16;1070;1070
12436229;71;g_000;1;1;30;share_stop;0.5;1071;2;11;10-15;;52049.83500000001;52180.835000000014;53427.95499999839;53427.9549999984;131.00000000000728;1247.1199999983728;1247.1199999983874;eev,integrated,separated,ws;lintim;SiouxFalls;SiouxFalls;True;False;1e-05;6000;1;2;20;50;200;-5;50;0.75;2;55;50;10;10;16;1071;1071
12436229;72;g_000;1;1;30;share_stop;0.5;1072;2;12;3-12;;51140.239999996375;51140.24000000001;51140.23999999839;51140.23999999839;3.637978807091713e-09;-1.622538547962904e-09;-1.622538547962904e-09;eev,integrated,separated,ws;lintim;SiouxFalls;SiouxFalls;True;False;1e-05;6000;1;2;20;50;200;-5;50;0.75;2;55;50;10;10;16;1072;1072
12436229;73;g_000;1;1;30;share_stop;0.5;1073;2;13;1-2;;51140.24;51140.24000000041;51140.23999999839;51140.23999999839;4.147295840084553e-10;-2.0227162167429924e-09;-2.0227162167429924e-09;eev,integrated,separated,ws;lintim;SiouxFalls;SiouxFalls;True;False;1e-05;6000;1;2;20;50;200;-5;50;0.75;2;55;50;10;10;16;1073;1073
12436229;74;g_000;1;1;30;share_stop;0.5;1074;2;14;16-17;;56436.240000000005;57344.130000000005;57945.2149999984;57889.19;907.8899999999994;601.0849999983984;545.0599999999977;eev,integrated,separated,ws;lintim;SiouxFalls;SiouxFalls;True;False;1e-05;6000;1;2;20;50;200;-5;50;0.75;2;55;50;10;10;16;1074;1074
12436229;75;g_000;1;1;30;share_stop;0.5;1075;2;15;7-8;;51140.23999999999;51140.240000000005;51140.23999999839;51140.2399999984;1.4551915228366852e-11;-1.6152625903487206e-09;-1.6079866327345371e-09;eev,integrated,separated,ws;lintim;SiouxFalls;SiouxFalls;True;False;1e-05;6000;1;2;20;50;200;-5;50;0.75;2;55;50;10;10;16;1075;1075
12436229;76;g_000;1;1;30;share_stop;0.5;1076;2;16;13-24;;53437.67;53966.72;54488.29499999839;54488.2949999984;529.0500000000029;521.5749999983891;521.5749999983964;eev,integrated,separated,ws;lintim;SiouxFalls;SiouxFalls;True;False;1e-05;6000;1;2;20;50;200;-5;50;0.75;2;55;50;10;10;16;1076;1076
12436229;77;g_000;1;1;30;share_stop;0.5;1077;2;17;3-4;;55065.45999999999;55980.80500000001;57075.83499999839;57075.83499999839;915.3450000000156;1095.0299999983836;1095.0299999983836;eev,integrated,separated,ws;lintim;SiouxFalls;SiouxFalls;True;False;1e-05;6000;1;2;20;50;200;-5;50;0.75;2;55;50;10;10;16;1077;1077
12436229;78;g_000;1;1;30;share_stop;0.5;1078;2;18;8-16;;57078.68999999999;58362.380000000034;59573.35499999838;58810.01999999999;1283.690000000046;1210.974999998347;447.63999999995576;eev,integrated,separated,ws;lintim;SiouxFalls;SiouxFalls;True;False;1e-05;6000;1;2;20;50;200;-5;50;0.75;2;55;50;10;10;16;1078;1078
12436229;79;g_000;1;1;30;share_stop;0.5;1079;2;19;4-11;;54346.68999999999;55250.21499999997;55779.53499999839;55779.5349999984;903.5249999999796;529.3199999984208;529.3199999984354;eev,integrated,separated,ws;lintim;SiouxFalls;SiouxFalls;True;False;1e-05;6000;1;2;20;50;200;-5;50;0.75;2;55;50;10;10;16;1079;1079
12436229;80;g_000;1;1;30;share_stop;0.5;1080;2;20;21-22;;51402.15999999999;51664.08000000001;51710.22499999839;51710.22499999838;261.9200000000201;46.144999998381536;46.14499999837426;eev,integrated,separated,ws;lintim;SiouxFalls;SiouxFalls;True;False;1e-05;6000;1;2;20;50;200;-5;50;0.75;2;55;50;10;10;16;1080;1080
12436229;81;g_000;1;1;30;share_stop;0.5;1081;2;21;22-23;;51792.37999999999;51792.595000000016;51792.59499999839;51792.59499999839;0.2150000000256113;-1.622538547962904e-09;-1.622538547962904e-09;eev,integrated,separated,ws;lintim;SiouxFalls;SiouxFalls;True;False;1e-05;6000;1;2;20;50;200;-5;50;0.75;2;55;50;10;10;16;1081;1081
12436229;82;g_000;1;1;30;share_stop;0.5;1082;2;22;12-13;;51140.23999999999;51140.24000000001;51140.23999999839;51140.23999999839;2.182787284255028e-11;-1.622538547962904e-09;-1.622538547962904e-09;eev,integrated,separated,ws;lintim;SiouxFalls;SiouxFalls;True;False;1e-05;6000;1;2;20;50;200;-5;50;0.75;2;55;50;10;10;16;1082;1082
12436229;83;g_000;1;1;30;share_stop;0.5;1083;2;23;19-20;;57520.875;58598.405000000006;59162.71499999838;59162.71499999839;1077.530000000006;564.3099999983751;564.3099999983824;eev,integrated,separated,ws;lintim;SiouxFalls;SiouxFalls;True;False;1e-05;6000;1;2;20;50;200;-5;50;0.75;2;55;50;10;10;16;1083;1083
12436229;84;g_000;1;1;30;share_stop;0.5;1084;2;24;16-18;;52659.84999999999;53324.045000000006;55021.82999999839;55021.82999999839;664.1950000000143;1697.784999998381;1697.784999998381;eev,integrated,separated,ws;lintim;SiouxFalls;SiouxFalls;True;False;1e-05;6000;1;2;20;50;200;-5;50;0.75;2;55;50;10;10;16;1084;1084
12436229;85;g_000;1;1;30;share_stop;0.5;1085;2;25;18-20;;51140.24;51140.24000000485;51140.23999998507;51140.23999998508;4.853063728660345e-09;-1.9783328752964732e-08;-1.9768776837736368e-08;eev,integrated,separated,ws;lintim;SiouxFalls;SiouxFalls;True;False;1e-05;6000;1;2;20;50;200;-5;50;0.75;2;55;50;10;10;16;1085;1085
12436229;86;g_000;1;1;30;share_stop;0.5;1086;2;26;17-19;;60308.675;60993.63499999944;61877.76999999839;61414.10544037583;684.9599999994389;884.134999998947;420.4704403763899;eev,integrated,separated,ws;lintim;SiouxFalls;SiouxFalls;True;False;1e-05;6000;1;2;20;50;200;-5;50;0.75;2;55;50;10;10;16;1086;1086
12436229;87;g_000;1;1;30;share_stop;0.5;1087;2;27;14-23;;54841.905;55396.175;56078.2449999984;56078.2449999984;554.2700000000041;682.069999998399;682.069999998399;eev,integrated,separated,ws;lintim;SiouxFalls;SiouxFalls;True;False;1e-05;6000;1;2;20;50;200;-5;50;0.75;2;55;50;10;10;16;1087;1087
12436229;88;g_000;1;1;30;share_stop;0.5;1088;2;28;20-21;;52734.38999999999;53053.34;53432.83499999839;53432.83499999839;318.9500000000044;379.4949999983946;379.4949999983946;eev,integrated,separated,ws;lintim;SiouxFalls;SiouxFalls;True;False;1e-05;6000;1;2;20;50;200;-5;50;0.75;2;55;50;10;10;16;1088;1088
12436229;89;g_000;1;1;30;share_stop;0.5;1089;2;29;15-22;;53051.31;53051.31000000001;53051.30999999839;53051.3099999984;1.4551915228366852e-11;-1.622538547962904e-09;-1.6152625903487206e-09;eev,integrated,separated,ws;lintim;SiouxFalls;SiouxFalls;True;False;1e-05;6000;1;2;20;50;200;-5;50;0.75;2;55;50;10;10;16;1089;1089
12436229;90;g_000;1;1;30;random;0.5;1090;3;0;13-24;;53437.67;53966.72;54488.29499999839;54488.2949999984;529.0500000000029;521.5749999983891;521.5749999983964;eev,integrated,separated,ws;lintim;SiouxFalls;SiouxFalls;True;False;1e-05;6000;1;2;20;50;200;-5;50;0.75;2;55;50;10;10;16;1090;1090
12436229;91;g_000;1;1;30;random;0.5;1091;3;1;12-13;;51140.23999999999;51140.24000000001;51140.23999999839;51140.23999999839;2.182787284255028e-11;-1.622538547962904e-09;-1.622538547962904e-09;eev,integrated,separated,ws;lintim;SiouxFalls;SiouxFalls;True;False;1e-05;6000;1;2;20;50;200;-5;50;0.75;2;55;50;10;10;16;1091;1091
12436229;92;g_000;1;1;30;random;0.5;1092;3;2;17-19;;60308.675;60993.63499999944;61877.76999999839;61414.10544037583;684.9599999994389;884.134999998947;420.4704403763899;eev,integrated,separated,ws;lintim;SiouxFalls;SiouxFalls;True;False;1e-05;6000;1;2;20;50;200;-5;50;0.75;2;55;50;10;10;16;1092;1092
12436229;93;g_000;1;1;30;random;0.5;1093;3;3;10-11;;55473.42;56713.88000000002;58023.90499999839;58023.90499703081;1240.460000000021;1310.0249999983716;1310.0249970307923;eev,integrated,separated,ws;lintim;SiouxFalls;SiouxFalls;True;False;1e-05;6000;1;2;20;50;200;-5;50;0.75;2;55;50;10;10;16;1093;1093
12436229;94;g_000;1;1;30;random;0.5;1094;3;4;20-21;;52734.38999999999;53053.34;53432.83499999839;53432.83499999839;318.9500000000044;379.4949999983946;379.4949999983946;eev,integrated,separated,ws;lintim;SiouxFalls;SiouxFalls;True;False;1e-05;6000;1;2;20;50;200;-5;50;0.75;2;55;50;10;10;16;1094;1094
12436229;95;g_000;1;1;30;random;0.5;1095;3;5;7-8;;51140.23999999999;51140.240000000005;51140.23999999839;51140.2399999984;1.4551915228366852e-11;-1.6152625903487206e-09;-1.6079866327345371e-09;eev,integrated,separated,ws;lintim;SiouxFalls;SiouxFalls;True;False;1e-05;6000;1;2;20;50;200;-5;50;0.75;2;55;50;10;10;16;1095;1095
12436229;96;g_000;1;1;30;random;0.5;1096;3;6;23-24;;54286.7;55198.02999992916;55588.29499999839;55588.2949999984;911.329999929163;390.26500006923015;390.26500006923743;eev,integrated,separated,ws;lintim;SiouxFalls;SiouxFalls;True;False;1e-05;6000;1;2;20;50;200;-5;50;0.75;2;55;50;10;10;16;1096;1096
12436229;97;g_000;1;1;30;random;0.5;1097;3;7;3-12;;51140.239999996375;51140.24000000001;51140.23999999839;51140.23999999839;3.637978807091713e-09;-1.622538547962904e-09;-1.622538547962904e-09;eev,integrated,separated,ws;lintim;SiouxFalls;SiouxFalls;True;False;1e-05;6000;1;2;20;50;200;-5;50;0.75;2;55;50;10;10;16;1097;1097
12436229;98;g_000;1;1;30;random;0.5;1098;3;8;11-14;;55715.62999999999;56294.27999999999;57293.02999999839;57293.0299999984;578.6500000000015;998.7499999983992;998.7499999984066;eev,integrated,separated,ws;lintim;SiouxFalls;SiouxFalls;True;False;1e-05;6000;1;2;20;50;200;-5;50;0.75;2;55;50;10;10;16;1098;1098
12436229;99;g_000;1;1;30;random;0.5;1099;3;9;10-15;;52049.83500000001;52180.835000000014;53427.95499999839;53427.9549999984;131.00000000000728;1247.1199999983728;1247.1199999983874;eev,integrated,separated,ws;lintim;SiouxFalls;SiouxFalls;True;False;1e-05;6000;1;2;20;50;200;-5;50;0.75;2;55;50;10;10;16;1099;1099
12436229;100;g_000;1;1;30;random;0.5;1100;3;10;18-20;;51140.24;51140.24000000485;51140.23999998507;51140.23999998508;4.853063728660345e-09;-1.9783328752964732e-08;-1.9768776837736368e-08;eev,integrated,separated,ws;lintim;SiouxFalls;SiouxFalls;True;False;1e-05;6000;1;2;20;50;200;-5;50;0.75;2;55;50;10;10;16;1100;1100
12436229;101;g_000;1;1;30;random;0.5;1101;3;11;7-18;;51140.23999999999;51140.24000000001;51140.23999999839;51140.23999999839;2.182787284255028e-11;-1.622538547962904e-09;-1.622538547962904e-09;eev,integrated,separated,ws;lintim;SiouxFalls;SiouxFalls;True;False;1e-05;6000;1;2;20;50;200;-5;50;0.75;2;55;50;10;10;16;1101;1101
12436229;102;g_000;1;1;30;random;0.5;1102;3;12;6-8;;57174.70999999999;58215.33000000001;58779.639999998384;58779.63999999839;1040.6200000000172;564.3099999983751;564.3099999983824;eev,integrated,separated,ws;lintim;SiouxFalls;SiouxFalls;True;False;1e-05;6000;1;2;20;50;200;-5;50;0.75;2;55;50;10;10;16;1102;1102
12436229;103;g_000;1;1;30;random;0.5;1103;3;13;4-5;;51140.24;51140.24000002087;51140.23999999839;51140.2399999984;2.0874722395092252e-08;-2.2482709027826783e-08;-2.2475433070212606e-08;eev,integrated,separated,ws;lintim;SiouxFalls;SiouxFalls;True;False;1e-05;6000;1;2;20;50;200;-5;50;0.75;2;55;50;10;10;16;1103;1103
12436229;104;g_000;1;1;30;random;0.5;1104;3;14;11-12;;55805.34999999999;56860.90999999957;57296.33499999839;57296.3349999984;1055.5599999995757;435.4249999988242;435.4249999988315;eev,integrated,separated,ws;lintim;SiouxFalls;SiouxFalls;True;False;1e-05;6000;1;2;20;50;200;-5;50;0.75;2;55;50;10;10;16;1104;1104
12436229;105;g_000;1;1;30;random;0.5;1105;3;15;5-6;;51271.24;51402.240000000005;52420.23999999839;52420.23999999839;131.00000000000728;1017.9999999983849;1017.9999999983849;eev,integrated,separated,ws;lintim;SiouxFalls;SiouxFalls;True;False;1e-05;6000;1;2;20;50;200;-5;50;0.75;2;55;50;10;10;16;1105;1105
12436229;106;g_000;1;1;30;random;0.5;1106;3;16;21-24;;52808.19;53127.14000000001;53497.5899999984;53497.5899999984;318.9500000000044;370.4499999983964;370.4499999983964;eev,integrated,separated,ws;lintim;SiouxFalls;SiouxFalls;True;False;1e-05;6000;1;2;20;50;200;-5;50;0.75;2;55;50;10;10;16;1106;1106
12436229;107;g_000;1;1;30;random;0.5;1107;3;17;3-4;;55065.45999999999;55980.80500000001;57075.83499999839;57075.83499999839;915.3450000000156;1095.0299999983836;1095.0299999983836;eev,integrated,separated,ws;lintim;SiouxFalls;SiouxFalls;True;False;1e-05;6000;1;2;20;50;200;-5;50;0.75;2;55;50;10;10;16;1107;1107
12436229;108;g_000;1;1;30;random;0.5;1108;3;18;20-22;;51140.23999999999;51140.24000000001;51140.23999998155;51140.23999998155;2.182787284255028e-11;-1.845910446718335e-08;-1.845910446718335e-08;eev,integrated,separated,ws;lintim;SiouxFalls;SiouxFalls;True;False;1e-05;6000;1;2;20;50;200;-5;50;0.75;2;55;50;10;10;16;1108;1108
12436229;109;g_000;1;1;30;random;0.5;1109;3;19;14-15;;51307.5;51474.76;51600.3699999984;51600.3699999984;167.26000000000204;125.60999999839989;125.60999999839989;eev,integrated,separated,ws;lintim;SiouxFalls;SiouxFalls;True;False;1e-05;6000;1;2;20;50;200;-5;50;0.75;2;55;50;10;10;16;1109;1109
12436229;110;g_000;1;1;30;random;0.5;1110;3;20;1-3;;58391.91000000008;58918.000000000015;59192.72499999839;59192.7249999984;526.089999999931;274.724999998376;274.7249999983833;eev,integrated,separated,ws;lintim;SiouxFalls;SiouxFalls;True;False;1e-05;6000;1;2;20;50;200;-5;50;0.75;2;55;50;10;10;16;1110;1110
12436229;111;g_000;1;1;30;random;0.5;1111;3;21;8-9;;51140.240000000005;51140.23999999955;51140.23999999839;51140.23999999839;-4.5838532969355583e-10;-1.1568772606551647e-09;-1.1568772606551647e-09;eev,integrated,separated,ws;lintim;SiouxFalls;SiouxFalls;True;False;1e-05;6000;1;2;20;50;200;-5;50;0.75;2;55;50;10;10;16;1111;1111
12436229;112;g_000;1;1;30;random;0.5;1112;3;22;21-22;;51402.15999999999;51664.08000000001;51710.22499999839;51710.22499999838;261.9200000000201;46.144999998381536;46.14499999837426;eev,integrated,separated,ws;lintim;SiouxFalls;SiouxFalls;True;False;1e-05;6000;1;2;20;50;200;-5;50;0.75;2;55;50;10;10;16;1112;1112
12436229;113;g_000;1;1;30;random;0.5;1113;3;23;15-19;;51730.34999999999;52320.46000000001;53741.714999998265;53741.714999998265;590.1100000000151;1421.2549999982584;1421.2549999982584;eev,integrated,separated,ws;lintim;SiouxFalls;SiouxFalls;True;False;1e-05;6000;1;2;20;50;200;-5;50;0.75;2;55;50;10;10;16;1113;1113
12436229;114;g_000;1;1;30;random;0.5;1114;3;24;5-9;;51271.24;51402.240000000005;52420.23999999839;52420.239999998405;131.00000000000728;1017.9999999983849;1017.9999999983992;eev,integrated,separated,ws;lintim;SiouxFalls;SiouxFalls;True;False;1e-05;6000;1;2;20;50;200;-5;50;0.75;2;55;50;10;10;16;1114;1114
12436229;115;g_000;1;1;30;random;0.5;1115;3;25;8-16;;57078.68999999999;58362.380000000034;59573.35499999838;58810.01999999999;1283.690000000046;1210.974999998347;447.63999999995576;eev,integrated,separated,ws;lintim;SiouxFalls;SiouxFalls;True;False;1e-05;6000;1;2;20;50;200;-5;50;0.75;2;55;50;10;10;16;1115;1115
12436229;116;g_000;1;1;30;random;0.5;1116;3;26;10-17;;51307.5;51474.76;51600.3699999984;51600.3699999984;167.26000000000204;125.60999999839989;125.60999999839989;eev,integrated,separated,ws;lintim;SiouxFalls;SiouxFalls;True;False;1e-05;6000;1;2;20;50;200;-5;50;0.75;2;55;50;10;10;16;1116;1116
12436229;117;g_000;1;1;30;random;0.5;1117;3;27;1-2;;51140.24;51140.24000000041;51140.23999999839;51140.23999999839;4.147295840084553e-10;-2.0227162167429924e-09;-2.0227162167429924e-09;eev,integrated,separated,ws;lintim;SiouxFalls;SiouxFalls;True;False;1e-05;6000;1;2;20;50;200;-5;50;0.75;2;55;50;10;10;16;1117;1117
12436229;118;g_000;1;1;30;random;0.5;1118;3;28;22-23;;51792.37999999999;51792.595000000016;51792.59499999839;51792.59499999839;0.2150000000256113;-1.622538547962904e-09;-1.622538547962904e-09;eev,integrated,separated,ws;lintim;SiouxFalls;SiouxFalls;True;False;1e-05;6000;1;2;20;50;200;-5;50;0.75;2;55;50;10;10;16;1118;1118
12436229;119;g_000;1;1;30;random;0.5;1119;3;29;9-10;;51773.55;52406.859999992805;52726.58999999839;52726.5899999984;633.3099999928017;319.73000000558386;319.7300000055984;eev,integrated,separated,ws;lintim;SiouxFalls;SiouxFalls;True;False;1e-05;6000;1;2;20;50;200;-5;50;0.75;2;55;50;10;10;16;1119;1119
12436229;120;g_000;2;1;30;line_consecutive;0.5;1120;4;0;10-17,17-19;14;64852.11;66210.65;67254.3549999984;66790.69;1358.5399999999936;1043.704999998401;580.0400000000081;eev,integrated,separated,ws;lintim;SiouxFalls;SiouxFalls;True;False;1e-05;6000;1;2;20;50;200;-5;50;0.75;2;55;50;10;10;16;1120;1120
12436229;121;g_000;2;1;30;line_consecutive;0.5;1121;4;1;15-22,21-22;13;53420.285;53869.280000000006;53879.32499999839;53879.3249999984;448.9950000000026;10.044999998382991;10.044999998390267;eev,integrated,separated,ws;lintim;SiouxFalls;SiouxFalls;True;False;1e-05;6000;1;2;20;50;200;-5;50;0.75;2;55;50;10;10;16;1121;1121
12436229;122;g_000;2;1;30;line_consecutive;0.5;1122;4;2;10-11,10-16;1,10;55473.42;56853.71999999871;58192.22499999839;58192.2249970308;1380.299999998715;1338.5049999996772;1338.504997032083;eev,integrated,separated,ws;lintim;SiouxFalls;SiouxFalls;True;False;1e-05;6000;1;2;20;50;200;-5;50;0.75;2;55;50;10;10;16;1122;1122
12436229;123;g_000;2;1;30;line_consecutive;0.5;1123;4;3;15-19,15-22;13;54788.17499999999;55074.350000000006;55199.95999999839;55199.95999999839;286.17500000001746;125.60999999838532;125.60999999838532;eev,integrated,separated,ws;lintim;SiouxFalls;SiouxFalls;True;False;1e-05;6000;1;2;20;50;200;-5;50;0.75;2;55;50;10;10;16;1123;1123
12436229;124;g_000;2;1;30;line_consecutive;0.5;1124;4;4;10-16,16-18;1;53377.60499999767;54299.87;56258.66999999839;56258.6699999984;922.265000002335;1958.799999998388;1958.799999998395;eev,integrated,separated,ws;lintim;SiouxFalls;SiouxFalls;True;False;1e-05;6000;1;2;20;50;200;-5;50;0.75;2;55;50;10;10;16;1124;1124
12436229;125;g_000;2;1;30;line_consecutive;0.5;1125;4;5;5-6,5-9;9;51271.240000000005;51402.23999999664;52420.2399999984;52420.239999998405;130.99999999663123;1018.0000000017608;1018.000000001768;eev,integrated,separated,ws;lintim;SiouxFalls;SiouxFalls;True;False;1e-05;6000;1;2;20;50;200;-5;50;0.75;2;55;50;10;10;16;1125;1125
12436229;126;g_000;2;1;30;line_consecutive;0.5;1126;4;6;1-2,1-3;12;68430.38000000003;69778.335;70664.3399999984;70664.3399999984;1347.9549999999726;886.0049999983894;886.0049999983894;eev,integrated,separated,ws;lintim;SiouxFalls;SiouxFalls;True;False;1e-05;6000;1;2;20;50;200;-5;50;0.75;2;55;50;10;10;16;1126;1126
12436229;127;g_000;2;1;30;line_consecutive;0.5;1127;4;7;8-16,16-17;2,13;58484.11;60147.7;61558.15999999839;61088.25499999999;1663.5899999999965;1410.4599999983911;940.554999999993;eev,integrated,separated,ws;lintim;SiouxFalls;SiouxFalls;True;False;1e-05;6000;1;2;20;50;200;-5;50;0.75;2;55;50;10;10;16;1127;1127
12436229;128;g_000;2;1;30;line_consecutive;0.5;1128;4;8;3-4,4-11;4;56893.57999999999;57761.415000000976;57867.65999999839;57867.6599999984;867.8350000009887;106.24499999741238;106.24499999742692;eev,integrated,separated,ws;lintim;SiouxFalls;SiouxFalls;True;False;1e-05;6000;1;2;20;50;200;-5;50;0.75;2;55;50;10;10;16;1128;1128
12436229;129;g_000;2;1;30;line_consecutive;0.5;1129;4;9;7-8,7-18;3,11;51140.24;51140.24000000001;51140.23999999839;51140.23999999839;1.4551915228366852e-11;-1.622538547962904e-09;-1.622538547962904e-09;eev,integrated,separated,ws;lintim;SiouxFalls;SiouxFalls;True;False;1e-05;6000;1;2;20;50;200;-5;50;0.75;2;55;50;10;10;16;1129;1129
12436229;130;g_000;2;1;30;line_consecutive;0.5;1130;4;10;13-24,21-24;6;53437.67;53966.72;54488.29499999839;54488.2949999984;529.0500000000029;521.5749999983891;521.5749999983964;eev,integrated,separated,ws;lintim;SiouxFalls;SiouxFalls;True;False;1e-05;6000;1;2;20;50;200;-5;50;0.75;2;55;50;10;10;16;1130;1130
12436229;131;g_000;2;1;30;line_consecutive;0.5;1131;4;11;1-3,3-4;4;59930.31000000007;60458.18000000018;60742.69999999838;60742.69999999838;527.8700000001118;284.51999999819964;284.51999999819964;eev,integrated,separated,ws;lintim;SiouxFalls;SiouxFalls;True;False;1e-05;6000;1;2;20;50;200;-5;50;0.75;2;55;50;10;10;16;1131;1131
12436229;132;g_000;2;1;30;line_consecutive;0.5;1132;4;12;4-5,5-9;3;51271.240000000005;51402.23999999664;52420.2399999984;52420.239999998405;130.99999999663123;1018.0000000017608;1018.000000001768;eev,integrated,separated,ws;lintim;SiouxFalls;SiouxFalls;True;False;1e-05;6000;1;2;20;50;200;-5;50;0.75;2;55;50;10;10;16;1132;1132
12436229;133;g_000;2;1;30;line_consecutive;0.5;1133;4;13;1-3,3-12;8,12;58391.90999999999;58918.0;59192.72499999839;59192.7249999984;526.0900000000111;274.72499999839056;274.72499999839783;eev,integrated,separated,ws;lintim;SiouxFalls;SiouxFalls;True;False;1e-05;6000;1;2;20;50;200;-5;50;0.75;2;55;50;10;10;16;1133;1133
12436229;134;g_000;2;1;30;line_consecutive;0.5;1134;4;14;17-19,19-20;2;64736.55;66395.90499999998;67545.9499999984;68177.48999999999;1659.3549999999814;1150.044999998412;1781.5850000000064;eev,integrated,separated,ws;lintim;SiouxFalls;SiouxFalls;True;False;1e-05;6000;1;2;20;50;200;-5;50;0.75;2;55;50;10;10;16;1134;1134
12436229;135;g_000;2;1;30;line_consecutive;0.5;1135;4;15;4-11,11-14;4;56979.94;58232.215;59774.014999998384;59774.01499999839;1252.2749999999942;1541.7999999983876;1541.799999998395;eev,integrated,separated,ws;lintim;SiouxFalls;SiouxFalls;True;False;1e-05;6000;1;2;20;50;200;-5;50;0.75;2;55;50;10;10;16;1135;1135
12436229;136;g_000;2;1;30;line_consecutive;0.5;1136;4;16;3-12,11-12;8;60843.615000000005;60959.895;61155.47499999839;61155.4749999984;116.27999999999156;195.57999999839376;195.57999999840104;eev,integrated,separated,ws;lintim;SiouxFalls;SiouxFalls;True;False;1e-05;6000;1;2;20;50;200;-5;50;0.75;2;55;50;10;10;16;1136;1136
12436229;137;g_000;2;1;30;line_consecutive;0.5;1137;4;17;14-23,23-24;4;56057.26999999999;57893.72500000058;59264.49499216309;59264.49499216311;1836.455000000591;1370.76999216251;1370.7699921625317;eev,integrated,separated,ws;lintim;SiouxFalls;SiouxFalls;True;False;1e-05;6000;1;2;20;50;200;-5;50;0.75;2;55;50;10;10;16;1137;1137
12436229;138;g_000;2;1;30;line_consecutive;0.5;1138;4;18;8-9,9-10;7;52915.55;53046.55000000001;53271.90999999839;53271.90999999839;131.00000000000728;225.35999999837804;225.35999999837804;eev,integrated,separated,ws;lintim;SiouxFalls;SiouxFalls;True;False;1e-05;6000;1;2;20;50;200;-5;50;0.75;2;55;50;10;10;16;1138;1138
12436229;139;g_000;2;1;30;line_consecutive;0.5;1139;4;19;5-9,9-10;9;52915.55;53046.55000000001;53271.90999999839;53271.9099999984;131.00000000000728;225.35999999837804;225.3599999983926;eev,integrated,separated,ws;lintim;SiouxFalls;SiouxFalls;True;False;1e-05;6000;1;2;20;50;200;-5;50;0.75;2;55;50;10;10;16;1139;1139
12436229;140;g_000;2;1;30;line_consecutive;0.5;1140;4;20;8-16,10-16;10;60116.144999999495;61608.98000000001;63473.43999999837;63260.005;1492.8350000005155;1864.459999998362;1651.024999999987;eev,integrated,separated,ws;lintim;SiouxFalls;SiouxFalls;True;False;1e-05;6000;1;2;20;50;200;-5;50;0.75;2;55;50;10;10;16;1140;1140
12436229;141;g_000;2;1;30;line_consecutive;0.5;1141;4;21;10-11,11-12;1,7;57352.42999999999;59081.94499999999;60099.24999999839;60099.24999999839;1729.5149999999994;1017.3049999983996;1017.3049999983996;eev,integrated,separated,ws;lintim;SiouxFalls;SiouxFalls;True;False;1e-05;6000;1;2;20;50;200;-5;50;0.75;2;55;50;10;10;16;1141;1141
12436229;142;g_000;2;1;30;line_consecutive;0.5;1142;4;22;5-9,8-9;3;52915.55;53046.55000000001;53271.90999999839;53271.9099999984;131.00000000000728;225.35999999837804;225.3599999983926;eev,integrated,separated,ws;lintim;SiouxFalls;SiouxFalls;True;False;1e-05;6000;1;2;20;50;200;-5;50;0.75;2;55;50;10;10;16;1142;1142
12436229;143;g_000;2;1;30;line_consecutive;0.5;1143;4;23;15-22,22-23;5;53420.28499999999;54121.52500000001;54121.52499999839;54121.52499999839;701.2400000000198;-1.6152625903487206e-09;-1.6152625903487206e-09;eev,integrated,separated,ws;lintim;SiouxFalls;SiouxFalls;True;False;1e-05;6000;1;2;20;50;200;-5;50;0.75;2;55;50;10;10;16;1143;1143
12436229;144;g_000;2;1;30;line_consecutive;0.5;1144;4;24;11-12,11-14;8;60740.50499999993;62088.83000000001;63272.48999999839;63272.4899999984;1348.3250000000771;1183.659999998381;1183.6599999983882;eev,integrated,separated,ws;lintim;SiouxFalls;SiouxFalls;True;False;1e-05;6000;1;2;20;50;200;-5;50;0.75;2;55;50;10;10;16;1144;1144
12436229;145;g_000;2;1;30;line_consecutive;0.5;1145;4;25;14-15,15-19;14;51730.34999999999;52320.45999999868;53741.7149999984;53741.7149999984;590.1099999986909;1421.254999999721;1421.254999999721;eev,integrated,separated,ws;lintim;SiouxFalls;SiouxFalls;True;False;1e-05;6000;1;2;20;50;200;-5;50;0.75;2;55;50;10;10;16;1145;1145
12436229;146;g_000;2;1;30;line_consecutive;0.5;1146;4;26;10-15,15-22;5;53183.28499999999;53314.28500000001;54602.8849999984;54602.8849999984;131.00000000002183;1288.5999999983906;1288.5999999983906;eev,integrated,separated,ws;lintim;SiouxFalls;SiouxFalls;True;False;1e-05;6000;1;2;20;50;200;-5;50;0.75;2;55;50;10;10;16;1146;1146
12436229;147;g_000;2;1;30;line_consecutive;0.5;1147;4;27;11-14,14-23;4,10;57220.35;58734.82500000001;60118.1199999984;60118.1199999984;1514.475000000013;1383.2949999983905;1383.2949999983905;eev,integrated,separated,ws;lintim;SiouxFalls;SiouxFalls;True;False;1e-05;6000;1;2;20;50;200;-5;50;0.75;2;55;50;10;10;16;1147;1147
12436229;148;g_000;2;1;30;line_consecutive;0.5;1148;4;28;10-15,15-19;9;53797.15;54302.75997895916;55499.15499999839;55499.1549999984;505.6099789591608;1196.3950210392286;1196.395021039236;eev,integrated,separated,ws;lintim;SiouxFalls;SiouxFalls;True;False;1e-05;6000;1;2;20;50;200;-5;50;0.75;2;55;50;10;10;16;1148;1148
12436229;149;g_000;2;1;30;line_consecutive;0.5;1149;4;29;3-4,4-5;3;56893.57999999999;57761.415000000976;57867.65999999839;57867.6599999984;867.8350000009887;106.24499999741238;106.24499999742692;eev,integrated,separated,ws;lintim;SiouxFalls;SiouxFalls;True;False;1e-05;6000;1;2;20;50;200;-5;50;0.75;2;55;50;10;10;16;1149;1149
12436229;150;g_000;2;1;30;line_all;0.5;1150;5;0;18-20,20-22;11;51140.23999999999;51140.24000000001;51140.239999969126;51140.23999996913;2.182787284255028e-11;-3.088644007220864e-08;-3.087916411459446e-08;eev,integrated,separated,ws;lintim;SiouxFalls;SiouxFalls;True;False;1e-05;6000;1;2;20;50;200;-5;50;0.75;2;55;50;10;10;16;1150;1150
12436229;151;g_000;2;1;30;line_all;0.5;1151;5;1;5-6,10-15;9;52049.83499999999;52180.835000000014;53427.95499999839;53427.9549999984;131.00000000002183;1247.1199999983728;1247.1199999983874;eev,integrated,separated,ws;lintim;SiouxFalls;SiouxFalls;True;False;1e-05;6000;1;2;20;50;200;-5;50;0.75;2;55;50;10;10;16;1151;1151
12436229;152;g_000;2;1;30;line_all;0.5;1152;5;2;5-9,8-9;3;52915.55;53046.55000000001;53271.90999999839;53271.9099999984;131.00000000000728;225.35999999837804;225.3599999983926;eev,integrated,separated,ws;lintim;SiouxFalls;SiouxFalls;True;False;1e-05;6000;1;2;20;50;200;-5;50;0.75;2;55;50;10;10;16;1152;1152
12436229;153;g_000;2;1;30;line_all;0.5;1153;5;3;8-9,11-12;7;56236.05;57244.65999999998;57527.05999999838;57527.05999999838;1008.6099999999788;282.39999999840074;282.39999999840074;eev,integrated,separated,ws;lintim;SiouxFalls;SiouxFalls;True;False;1e-05;6000;1;2;20;50;200;-5;50;0.75;2;55;50;10;10;16;1153;1153
12436229;154;g_000;2;1;30;line_all;0.5;1154;5;4;8-16,19-20;2;59905.40000000001;62291.71499999999;63756.52999999838;64107.25;2386.3149999999805;1464.8149999983943;1815.5350000000108;eev,integrated,separated,ws;lintim;SiouxFalls;SiouxFalls;True;False;1e-05;6000;1;2;20;50;200;-5;50;0.75;2;55;50;10;10;16;1154;1154
12436229;155;g_000;2;1;30;line_all;0.5;1155;5;5;8-16,17-19;2,13;65865.88499999998;68151.53499999997;70780.88999999838;70036.00499999999;2285.649999999994;2629.3549999984098;1884.470000000016;eev,integrated,separated,ws;lintim;SiouxFalls;SiouxFalls;True;False;1e-05;6000;1;2;20;50;200;-5;50;0.75;2;55;50;10;10;16;1155;1155
12436229;156;g_000;2;1;30;line_all;0.5;1156;5;6;1-2,12-13;12;51140.24;51140.24000000001;51140.23999999839;51140.23999999839;1.4551915228366852e-11;-1.622538547962904e-09;-1.622538547962904e-09;eev,integrated,separated,ws;lintim;SiouxFalls;SiouxFalls;True;False;1e-05;6000;1;2;20;50;200;-5;50;0.75;2;55;50;10;10;16;1156;1156
12436229;157;g_000;2;1;30;line_all;0.5;1157;5;7;8-9,9-10;7;52915.55;53046.55000000001;53271.90999999839;53271.90999999839;131.00000000000728;225.35999999837804;225.35999999837804;eev,integrated,separated,ws;lintim;SiouxFalls;SiouxFalls;True;False;1e-05;6000;1;2;20;50;200;-5;50;0.75;2;55;50;10;10;16;1157;1157
12436229;158;g_000;2;1;30;line_all;0.5;1158;5;8;5-6,15-19;9;51730.34999999999;52320.46000000001;53777.03499999839;53777.0349999984;590.1100000000151;1456.5749999983818;1456.5749999983964;eev,integrated,separated,ws;lintim;SiouxFalls;SiouxFalls;True;False;1e-05;6000;1;2;20;50;200;-5;50;0.75;2;55;50;10;10;16;1158;1158
12436229;159;g_000;2;1;30;line_all;0.5;1159;5;9;11-12,16-18;1;55805.45;57402.69000000024;58052.31999999839;58052.31999999839;1597.2400000002451;649.6299999981493;649.6299999981493;eev,integrated,separated,ws;lintim;SiouxFalls;SiouxFalls;True;False;1e-05;6000;1;2;20;50;200;-5;50;0.75;2;55;50;10;10;16;1159;1159
12436229;160;g_000;2;1;30;line_all;0.5;1160;5;10;7-8,7-18;3,11;51140.24;51140.24000000001;51140.23999999839;51140.23999999839;1.4551915228366852e-11;-1.622538547962904e-09;-1.622538547962904e-09;eev,integrated,separated,ws;lintim;SiouxFalls;SiouxFalls;True;False;1e-05;6000;1;2;20;50;200;-5;50;0.75;2;55;50;10;10;16;1160;1160
12436229;161;g_000;2;1;30;line_all;0.5;1161;5;11;15-19,16-17;13;59065.27;59794.615000000005;60148.20999999839;60183.42499999999;729.3450000000084;353.5949999983859;388.8099999999831;eev,integrated,separated,ws;lintim;SiouxFalls;SiouxFalls;True;False;1e-05;6000;1;2;20;50;200;-5;50;0.75;2;55;50;10;10;16;1161;1161
12436229;162;g_000;2;1;30;line_all;0.5;1162;5;12;17-19,21-22;13;60308.67499999999;60993.635;61877.76999999839;61414.10500000001;684.9600000000137;884.1349999983868;420.4700000000085;eev,integrated,separated,ws;lintim;SiouxFalls;SiouxFalls;True;False;1e-05;6000;1;2;20;50;200;-5;50;0.75;2;55;50;10;10;16;1162;1162
12436229;163;g_000;2;1;30;line_all;0.5;1163;5;13;3-12,12-13;12;51140.24;51140.24000000001;51140.23999999839;51140.23999999839;1.4551915228366852e-11;-1.622538547962904e-09;-1.622538547962904e-09;eev,integrated,separated,ws;lintim;SiouxFalls;SiouxFalls;True;False;1e-05;6000;1;2;20;50;200;-5;50;0.75;2;55;50;10;10;16;1163;1163
12436229;164;g_000;2;1;30;line_all;0.5;1164;5;14;7-8,9-10;7;52726.59;52726.59000000064;52726.5899999984;52726.5899999984;6.402842700481415e-10;-2.2337189875543118e-09;-2.2337189875543118e-09;eev,integrated,separated,ws;lintim;SiouxFalls;SiouxFalls;True;False;1e-05;6000;1;2;20;50;200;-5;50;0.75;2;55;50;10;10;16;1164;1164
12436229;165;g_000;2;1;30;line_all;0.5;1165;5;15;10-16,11-12;1;57283.565;58528.78;59426.4199999984;59426.4199999984;1245.2149999999965;897.6399999983987;897.6399999983987;eev,integrated,separated,ws;lintim;SiouxFalls;SiouxFalls;True;False;1e-05;6000;1;2;20;50;200;-5;50;0.75;2;55;50;10;10;16;1165;1165
12436229;166;g_000;2;1;30;line_all;0.5;1166;5;16;16-17,19-20;2;59581.235;61731.95;62644.42499999839;62755.875;2150.7149999999965;912.4749999983906;1023.9250000000028;eev,integrated,separated,ws;lintim;SiouxFalls;SiouxFalls;True;False;1e-05;6000;1;2;20;50;200;-5;50;0.75;2;55;50;10;10;16;1166;1166
12436229;167;g_000;2;1;30;line_all;0.5;1167;5;17;7-8,8-9;3,7;51140.23999999999;51140.240000000005;51140.23999999839;51140.2399999984;1.4551915228366852e-11;-1.6152625903487206e-09;-1.6079866327345371e-09;eev,integrated,separated,ws;lintim;SiouxFalls;SiouxFalls;True;False;1e-05;6000;1;2;20;50;200;-5;50;0.75;2;55;50;10;10;16;1167;1167
12436229;168;g_000;2;1;30;line_all;0.5;1168;5;18;10-11,14-23;10;59074.240000000005;60708.84499999984;62249.104999998366;62249.10499999837;1634.604999999836;1540.259999998525;1540.2599999985323;eev,integrated,separated,ws;lintim;SiouxFalls;SiouxFalls;True;False;1e-05;6000;1;2;20;50;200;-5;50;0.75;2;55;50;10;10;16;1168;1168
12436229;169;g_000;2;1;30;line_all;0.5;1169;5;19;4-11,14-23;4;56057.26999999999;57896.345;58904.7449999984;58904.7449999984;1839.075000000012;1008.3999999984007;1008.3999999984007;eev,integrated,separated,ws;lintim;SiouxFalls;SiouxFalls;True;False;1e-05;6000;1;2;20;50;200;-5;50;0.75;2;55;50;10;10;16;1169;1169
12436229;170;g_000;2;1;30;line_all;0.5;1170;5;20;1-3,12-13;12;58391.90999999965;58918.000000000015;59192.72499999839;59192.7249999984;526.0900000003676;274.724999998376;274.7249999983833;eev,integrated,separated,ws;lintim;SiouxFalls;SiouxFalls;True;False;1e-05;6000;1;2;20;50;200;-5;50;0.75;2;55;50;10;10;16;1170;1170
12436229;171;g_000;2;1;30;line_all;0.5;1171;5;21;2-6,17-19;2;64830.94499999999;67739.76499999998;69249.21999999839;69928.14500000002;2908.8199999999924;1509.454999998401;2188.3800000000338;eev,integrated,separated,ws;lintim;SiouxFalls;SiouxFalls;True;False;1e-05;6000;1;2;20;50;200;-5;50;0.75;2;55;50;10;10;16;1171;1171
12436229;172;g_000;2;1;30;line_all;0.5;1172;5;22;3-4,11-14;4;58952.105;60394.8;62077.239999998375;62077.239999998375;1442.6949999999997;1682.4399999983723;1682.4399999983723;eev,integrated,separated,ws;lintim;SiouxFalls;SiouxFalls;True;False;1e-05;6000;1;2;20;50;200;-5;50;0.75;2;55;50;10;10;16;1172;1172
12436229;173;g_000;2;1;30;line_all;0.5;1173;5;23;15-19,21-22;13;51730.34999999999;52320.46000000001;53741.71500000029;53741.71500000029;590.1100000000151;1421.2550000002811;1421.2550000002811;eev,integrated,separated,ws;lintim;SiouxFalls;SiouxFalls;True;False;1e-05;6000;1;2;20;50;200;-5;50;0.75;2;55;50;10;10;16;1173;1173
12436229;174;g_000;2;1;30;line_all;0.5;1174;5;24;6-8,8-16;2;58783.53500000478;60457.44000000001;62028.24999999839;61262.50999999998;1673.904999995233;1570.8099999983824;805.0699999999706;eev,integrated,separated,ws;lintim;SiouxFalls;SiouxFalls;True;False;1e-05;6000;1;2;20;50;200;-5;50;0.75;2;55;50;10;10;16;1174;1174
12436229;175;g_000;2;1;30;line_all;0.5;1175;5;25;9-10,15-19;9;52110.57;53043.175;54027.14499999839;54027.1449999984;932.6050000000032;983.969999998386;983.9699999984005;eev,integrated,separated,ws;lintim;SiouxFalls;SiouxFalls;True;False;1e-05;6000;1;2;20;50;200;-5;50;0.75;2;55;50;10;10;16;1175;1175
12436229;176;g_000;2;1;30;line_all;0.5;1176;5;26;11-12,11-14;8;60740.50499999993;62088.83000000001;63272.48999999839;63272.4899999984;1348.3250000000771;1183.659999998381;1183.6599999983882;eev,integrated,separated,ws;lintim;SiouxFalls;SiouxFalls;True;False;1e-05;6000;1;2;20;50;200;-5;50;0.75;2;55;50;10;10;16;1176;1176
12436229;177;g_000;2;1;30;line_all;0.5;1177;5;27;8-16,15-19;13;60379.78999999999;61311.80500000034;62101.0099999984;61311.805;932.0150000003488;789.2049999980591;-3.41970007866621e-10;eev,integrated,separated,ws;lintim;SiouxFalls;SiouxFalls;True;False;1e-05;6000;1;2;20;50;200;-5;50;0.75;2;55;50;10;10;16;1177;1177
12436229;178;g_000;2;1;30;line_all;0.5;1178;5;28;14-15,17-19;14;60257.14;60993.63500000001;61877.76999999839;61414.10500000001;736.4950000000099;884.1349999983795;420.4700000000012;eev,integrated,separated,ws;lintim;SiouxFalls;SiouxFalls;True;False;1e-05;6000;1;2;20;50;200;-5;50;0.75;2;55;50;10;10;16;1178;1178
12436229;179;g_000;2;1;30;line_all;0.5;1179;5;29;5-9,7-8;3;52420.23999999999;52420.23999999695;52420.23999999839;52420.2399999984;-3.041350282728672e-09;1.4406396076083183e-09;1.4479155652225018e-09;eev,integrated,separated,ws;lintim;SiouxFalls;SiouxFalls;True;False;1e-05;6000;1;2;20;50;200;-5;50;0.75;2;55;50;10;10;16;1179;1179
12436229;180;g_000;2;1;30;share_stop;0.5;1180;6;0;1-3,3-4;;59930.31000000007;60458.18000000018;60742.69999999838;60742.69999999838;527.8700000001118;284.51999999819964;284.51999999819964;eev,integrated,separated,ws;lintim;SiouxFalls;SiouxFalls;True;False;1e-05;6000;1;2;20;50;200;-5;50;0.75;2;55;50;10;10;16;1180;1180
12436229;181;g_000;2;1;30;share_stop;0.5;1181;6;1;20-21,21-22;;54745.965;55246.02;55750.41999999839;55750.4199999984;500.0550000000003;504.3999999983935;504.3999999984008;eev,integrated,separated,ws;lintim;SiouxFalls;SiouxFalls;True;False;1e-05;6000;1;2;20;50;200;-5;50;0.75;2;55;50;10;10;16;1181;1181
12436229;182;g_000;2;1;30;share_stop;0.5;1182;6;2;15-19,17-19;;69187.19499999999;69962.235;70669.70499999839;71310.9049999893;775.0400000000081;707.4699999983859;1348.6699999893026;eev,integrated,separated,ws;lintim;SiouxFalls;SiouxFalls;True;False;1e-05;6000;1;2;20;50;200;-5;50;0.75;2;55;50;10;10;16;1182;1182
12436229;183;g_000;2;1;30;share_stop;0.5;1183;6;3;14-15,15-19;;51730.34999999999;52320.45999999868;53741.7149999984;53741.7149999984;590.1099999986909;1421.254999999721;1421.254999999721;eev,integrated,separated,ws;lintim;SiouxFalls;SiouxFalls;True;False;1e-05;6000;1;2;20;50;200;-5;50;0.75;2;55;50;10;10;16;1183;1183
12436229;184;g_000;2;1;30;share_stop;0.5;1184;6;4;15-19,15-22;;54788.17499999999;55074.350000000006;55199.95999999839;55199.95999999839;286.17500000001746;125.60999999838532;125.60999999838532;eev,integrated,separated,ws;lintim;SiouxFalls;SiouxFalls;True;False;1e-05;6000;1;2;20;50;200;-5;50;0.75;2;55;50;10;10;16;1184;1184
12436229;185;g_000;2;1;30;share_stop;0.5;1185;6;5;9-10,10-16;;55622.24499999994;56442.755000003584;57796.25499999839;57796.25499999839;820.5100000036473;1353.499999994805;1353.499999994805;eev,integrated,separated,ws;lintim;SiouxFalls;SiouxFalls;True;False;1e-05;6000;1;2;20;50;200;-5;50;0.75;2;55;50;10;10;16;1185;1185
12436229;186;g_000;2;1;30;share_stop;0.5;1186;6;6;21-24,23-24;;56257.37499999702;58253.84;60055.59999999839;60055.5999999984;1996.46500000298;1801.759999998394;1801.759999998401;eev,integrated,separated,ws;lintim;SiouxFalls;SiouxFalls;True;False;1e-05;6000;1;2;20;50;200;-5;50;0.75;2;55;50;10;10;16;1186;1186
12436229;187;g_000;2;1;30;share_stop;0.5;1187;6;7;7-18,18-20;;51140.23999999999;51140.24000000001;51140.23999999839;51140.23999999839;2.182787284255028e-11;-1.622538547962904e-09;-1.622538547962904e-09;eev,integrated,separated,ws;lintim;SiouxFalls;SiouxFalls;True;False;1e-05;6000;1;2;20;50;200;-5;50;0.75;2;55;50;10;10;16;1187;1187
12436229;188;g_000;2;1;30;share_stop;0.5;1188;6;8;10-15,10-16;;54412.845;55390.94000000001;57933.06999997047;57933.06999997047;978.0950000000084;2542.129999970457;2542.129999970457;eev,integrated,separated,ws;lintim;SiouxFalls;SiouxFalls;True;False;1e-05;6000;1;2;20;50;200;-5;50;0.75;2;55;50;10;10;16;1188;1188
12436229;189;g_000;2;1;30;share_stop;0.5;1189;6;9;15-22,20-22;;53051.31;53051.310000000005;53051.30999999839;53051.30999999839;7.275957614183426e-12;-1.6152625903487206e-09;-1.6152625903487206e-09;eev,integrated,separated,ws;lintim;SiouxFalls;SiouxFalls;True;False;1e-05;6000;1;2;20;50;200;-5;50;0.75;2;55;50;10;10;16;1189;1189
12436229;190;g_000;2;1;30;share_stop;0.5;1190;6;10;10-17,17-19;;64852.11;66210.65;67254.3549999984;66790.69;1358.5399999999936;1043.704999998401;580.0400000000081;eev,integrated,separated,ws;lintim;SiouxFalls;SiouxFalls;True;False;1e-05;6000;1;2;20;50;200;-5;50;0.75;2;55;50;10;10;16;1190;1190
12436229;191;g_000;2;1;30;share_stop;0.5;1191;6;11;6-8,8-16;;58783.53500000478;60457.44000000001;62028.24999999839;61262.50999999998;1673.904999995233;1570.8099999983824;805.0699999999706;eev,integrated,separated,ws;lintim;SiouxFalls;SiouxFalls;True;False;1e-05;6000;1;2;20;50;200;-5;50;0.75;2;55;50;10;10;16;1191;1191
12436229;192;g_000;2;1;30;share_stop;0.5;1192;6;12;3-12,11-12;;60843.615000000005;60959.895;61155.47499999839;61155.4749999984;116.27999999999156;195.57999999839376;195.57999999840104;eev,integrated,separated,ws;lintim;SiouxFalls;SiouxFalls;True;False;1e-05;6000;1;2;20;50;200;-5;50;0.75;2;55;50;10;10;16;1192;1192
12436229;193;g_000;2;1;30;share_stop;0.5;1193;6;13;21-22,21-24;;55072.955;55514.17000000001;56035.57499999838;56035.57499999839;441.2150000000111;521.404999998369;521.4049999983763;eev,integrated,separated,ws;lintim;SiouxFalls;SiouxFalls;True;False;1e-05;6000;1;2;20;50;200;-5;50;0.75;2;55;50;10;10;16;1193;1193
12436229;194;g_000;2;1;30;share_stop;0.5;1194;6;14;9-10,10-11;;56715.575;58030.535;59828.05499999839;59828.05499999839;1314.9600000000064;1797.5199999983888;1797.5199999983888;eev,integrated,separated,ws;lintim;SiouxFalls;SiouxFalls;True;False;1e-05;6000;1;2;20;50;200;-5;50;0.75;2;55;50;10;10;16;1194;1194
12436229;195;g_000;2;1;30;share_stop;0.5;1195;6;15;9-10,10-17;;51878.880000000005;52617.52;53135.26999999839;53135.2699999984;738.6399999999921;517.749999998392;517.7499999984066;eev,integrated,separated,ws;lintim;SiouxFalls;SiouxFalls;True;False;1e-05;6000;1;2;20;50;200;-5;50;0.75;2;55;50;10;10;16;1195;1195
12436229;196;g_000;2;1;30;share_stop;0.5;1196;6;16;6-8,7-8;;57180.25;58215.33000000001;58779.639999998384;58779.63999999839;1035.080000000009;564.3099999983751;564.3099999983824;eev,integrated,separated,ws;lintim;SiouxFalls;SiouxFalls;True;False;1e-05;6000;1;2;20;50;200;-5;50;0.75;2;55;50;10;10;16;1196;1196
12436229;197;g_000;2;1;30;share_stop;0.5;1197;6;17;21-22,22-23;;53268.57;53268.570000000014;53268.56999999839;53268.56999999839;1.4551915228366852e-11;-1.622538547962904e-09;-1.622538547962904e-09;eev,integrated,separated,ws;lintim;SiouxFalls;SiouxFalls;True;False;1e-05;6000;1;2;20;50;200;-5;50;0.75;2;55;50;10;10;16;1197;1197
12436229;198;g_000;2;1;30;share_stop;0.5;1198;6;18;8-9,9-10;;52915.55;53046.55000000001;53271.90999999839;53271.90999999839;131.00000000000728;225.35999999837804;225.35999999837804;eev,integrated,separated,ws;lintim;SiouxFalls;SiouxFalls;True;False;1e-05;6000;1;2;20;50;200;-5;50;0.75;2;55;50;10;10;16;1198;1198
12436229;199;g_000;2;1;30;share_stop;0.5;1199;6;19;18-20,20-21;;52734.39;53053.34;53432.83499999838;53432.834999998384;318.9499999999971;379.4949999983801;379.49499999838736;eev,integrated,separated,ws;lintim;SiouxFalls;SiouxFalls;True;False;1e-05;6000;1;2;20;50;200;-5;50;0.75;2;55;50;10;10;16;1199;1199
12436229;200;g_000;2;1;30;share_stop;0.5;1200;6;20;4-11,11-12;;61041.45999999999;62826.195;63772.86499999839;63772.8649999984;1784.735000000008;946.6699999983904;946.6699999983977;eev,integrated,separated,ws;lintim;SiouxFalls;SiouxFalls;True;False;1e-05;6000;1;2;20;50;200;-5;50;0.75;2;55;50;10;10;16;1200;1200
12436229;201;g_000;2;1;30;share_stop;0.5;1201;6;21;11-14,14-15;;59978.20999999999;61040.9700000022;62682.35999999839;62682.35999999839;1062.7600000022069;1641.389999996194;1641.389999996194;eev,integrated,separated,ws;lintim;SiouxFalls;SiouxFalls;True;False;1e-05;6000;1;2;20;50;200;-5;50;0.75;2;55;50;10;10;16;1201;1201
12436229;202;g_000;2;1;30;share_stop;0.5;1202;6;22;20-21,21-24;;53437.67;53966.7200000089;54488.29499999838;54488.29499999839;529.0500000089014;521.5749999894833;521.5749999894906;eev,integrated,separated,ws;lintim;SiouxFalls;SiouxFalls;True;False;1e-05;6000;1;2;20;50;200;-5;50;0.75;2;55;50;10;10;16;1202;1202
12436229;203;g_000;2;1;30;share_stop;0.5;1203;6;23;16-17,16-18;;57613.7;59245.70500000001;61706.32999999839;61934.63999999999;1632.005000000012;2460.624999998377;2688.934999999983;eev,integrated,separated,ws;lintim;SiouxFalls;SiouxFalls;True;False;1e-05;6000;1;2;20;50;200;-5;50;0.75;2;55;50;10;10;16;1203;1203
12436229;204;g_000;2;1;30;share_stop;0.5;1204;6;24;9-10,10-15;;52547.33;53180.64000000001;53630.67499999839;53630.6749999984;633.310000000005;450.03499999838095;450.0349999983955;eev,integrated,separated,ws;lintim;SiouxFalls;SiouxFalls;True;False;1e-05;6000;1;2;20;50;200;-5;50;0.75;2;55;50;10;10;16;1204;1204
12436229;205;g_000;2;1;30;share_stop;0.5;1205;6;25;17-19,19-20;;64736.55;66395.90499999998;67545.9499999984;68177.48999999999;1659.3549999999814;1150.044999998412;1781.5850000000064;eev,integrated,separated,ws;lintim;SiouxFalls;SiouxFalls;True;False;1e-05;6000;1;2;20;50;200;-5;50;0.75;2;55;50;10;10;16;1205;1205
12436229;206;g_000;2;1;30;share_stop;0.5;1206;6;26;11-12,11-14;;60740.50499999993;62088.83000000001;63272.48999999839;63272.4899999984;1348.3250000000771;1183.659999998381;1183.6599999983882;eev,integrated,separated,ws;lintim;SiouxFalls;SiouxFalls;True;False;1e-05;6000;1;2;20;50;200;-5;50;0.75;2;55;50;10;10;16;1206;1206
12436229;207;g_000;2;1;30;share_stop;0.5;1207;6;27;10-16,16-18;;53377.60499999767;54299.87;56258.66999999839;56258.6699999984;922.265000002335;1958.799999998388;1958.799999998395;eev,integrated,separated,ws;lintim;SiouxFalls;SiouxFalls;True;False;1e-05;6000;1;2;20;50;200;-5;50;0.75;2;55;50;10;10;16;1207;1207
12436229;208;g_000;2;1;30;share_stop;0.5;1208;6;28;20-22,21-22;;51402.15999999999;51664.08000000001;51710.22499999839;51710.22499999839;261.9200000000201;46.144999998381536;46.144999998381536;eev,integrated,separated,ws;lintim;SiouxFalls;SiouxFalls;True;False;1e-05;6000;1;2;20;50;200;-5;50;0.75;2;55;50;10;10;16;1208;1208
12436229;209;g_000;2;1;30;share_stop;0.5;1209;6;29;7-8,8-16;;57103.59999999999;58364.510000000126;59244.11499999839;58810.02;1260.9100000001345;879.6049999982642;445.5099999998711;eev,integrated,separated,ws;lintim;SiouxFalls;SiouxFalls;True;False;1e-05;6000;1;2;20;50;200;-5;50;0.75;2;55;50;10;10;16;1209;1209
12436229;210;g_000;2;1;30;random;0.5;1210;7;0;3-4,16-17;;61283.8;62699.07999998728;64273.3699999984;65274.76;1415.2799999872805;1574.2900000111183;2575.6800000127187;eev,integrated,separated,ws;lintim;SiouxFalls;SiouxFalls;True;False;1e-05;6000;1;2;20;50;200;-5;50;0.75;2;55;50;10;10;16;1210;1210
12436229;211;g_000;2;1;30;random;0.5;1211;7;1;6-8,15-22;;59091.03499999999;60126.40000000001;60690.70999999839;60690.70999999839;1035.3650000000198;564.3099999983824;564.3099999983824;eev,integrated,separated,ws;lintim;SiouxFalls;SiouxFalls;True;False;1e-05;6000;1;2;20;50;200;-5;50;0.75;2;55;50;10;10;16;1211;1211
12436229;212;g_000;2;1;30;random;0.5;1212;7;2;7-8,11-14;;55730.825;56294.280000000006;57466.28999999839;57466.28999999839;563.455000000009;1172.0099999983868;1172.0099999983868;eev,integrated,separated,ws;lintim;SiouxFalls;SiouxFalls;True;False;1e-05;6000;1;2;20;50;200;-5;50;0.75;2;55;50;10;10;16;1212;1212
12436229;213;g_000;2;1;30;random;0.5;1213;7;3;15-19,21-24;;53397.91;54121.60999999999;56028.04499999736;56028.04499999736;723.6999999999898;1906.434999997364;1906.434999997364;eev,integrated,separated,ws;lintim;SiouxFalls;SiouxFalls;True;False;1e-05;6000;1;2;20;50;200;-5;50;0.75;2;55;50;10;10;16;1213;1213
12436229;214;g_000;2;1;30;random;0.5;1214;7;4;5-6,20-21;;52837.29;53259.14000005391;54712.83499999839;54712.8349999984;421.8500000539061;1453.6949999444842;1453.6949999444914;eev,integrated,separated,ws;lintim;SiouxFalls;SiouxFalls;True;False;1e-05;6000;1;2;20;50;200;-5;50;0.75;2;55;50;10;10;16;1214;1214
12436229;215;g_000;2;1;30;random;0.5;1215;7;5;9-10,14-23;;55486.865;56616.74500000001;57640.6349999984;57640.6349999984;1129.880000000012;1023.8899999983914;1023.8899999983914;eev,integrated,separated,ws;lintim;SiouxFalls;SiouxFalls;True;False;1e-05;6000;1;2;20;50;200;-5;50;0.75;2;55;50;10;10;16;1215;1215
12436229;216;g_000;2;1;30;random;0.5;1216;7;6;6-8,13-24;;59217.425;60731.63999999999;61973.78999999839;61973.7899999984;1514.2149999999892;1242.1499999984007;1242.149999998408;eev,integrated,separated,ws;lintim;SiouxFalls;SiouxFalls;True;False;1e-05;6000;1;2;20;50;200;-5;50;0.75;2;55;50;10;10;16;1216;1216
12436229;217;g_000;2;1;30;random;0.5;1217;7;7;15-22,16-17;;58422.02;59536.1199999314;60110.47499999839;60418.425;1114.0999999314008;574.355000066993;882.3050000686053;eev,integrated,separated,ws;lintim;SiouxFalls;SiouxFalls;True;False;1e-05;6000;1;2;20;50;200;-5;50;0.75;2;55;50;10;10;16;1217;1217
12436229;218;g_000;2;1;30;random;0.5;1218;7;8;6-8,12-13;;57174.70999999999;58215.33000003896;58779.639999998384;58779.63999999839;1040.6200000389654;564.3099999594269;564.3099999594342;eev,integrated,separated,ws;lintim;SiouxFalls;SiouxFalls;True;False;1e-05;6000;1;2;20;50;200;-5;50;0.75;2;55;50;10;10;16;1218;1218
12436229;219;g_000;2;1;30;random;0.5;1219;7;9;3-4,23-24;;56178.30499999999;57683.765000000014;58778.79499999838;58778.79499999839;1505.460000000021;1095.029999998369;1095.0299999983763;eev,integrated,separated,ws;lintim;SiouxFalls;SiouxFalls;True;False;1e-05;6000;1;2;20;50;200;-5;50;0.75;2;55;50;10;10;16;1219;1219
12436229;220;g_000;2;1;30;random;0.5;1220;7;10;15-19,18-20;;51730.35;52320.46000000001;53741.7149999984;53741.7149999984;590.1100000000079;1421.254999998397;1421.254999998397;eev,integrated,separated,ws;lintim;SiouxFalls;SiouxFalls;True;False;1e-05;6000;1;2;20;50;200;-5;50;0.75;2;55;50;10;10;16;1220;1220
12436229;221;g_000;2;1;30;random;0.5;1221;7;11;3-4,9-10;;56294.84;57371.209999985695;58075.54999999839;58075.54999999839;1076.369999985698;704.340000012693;704.340000012693;eev,integrated,separated,ws;lintim;SiouxFalls;SiouxFalls;True;False;1e-05;6000;1;2;20;50;200;-5;50;0.75;2;55;50;10;10;16;1221;1221
12436229;222;g_000;2;1;30;random;0.5;1222;7;12;12-13,13-24;;58186.39;58262.08500000001;58262.08499999839;58262.08499999839;75.69500000000698;-1.6152625903487206e-09;-1.6152625903487206e-09;eev,integrated,separated,ws;lintim;SiouxFalls;SiouxFalls;True;False;1e-05;6000;1;2;20;50;200;-5;50;0.75;2;55;50;10;10;16;1222;1222
12436229;223;g_000;2;1;30;random;0.5;1223;7;13;8-16,19-20;;59905.40000000001;62291.71499999999;63756.52999999838;64107.25;2386.3149999999805;1464.8149999983943;1815.5350000000108;eev,integrated,separated,ws;lintim;SiouxFalls;SiouxFalls;True;False;1e-05;6000;1;2;20;50;200;-5;50;0.75;2;55;50;10;10;16;1223;1223
12436229;224;g_000;2;1;30;random;0.5;1224;7;14;11-14,19-20;;61713.99999999987;63462.25000000015;65259.29499999838;65259.29499999839;1748.2500000002838;1797.0449999982302;1797.0449999982377;eev,integrated,separated,ws;lintim;SiouxFalls;SiouxFalls;True;False;1e-05;6000;1;2;20;50;200;-5;50;0.75;2;55;50;10;10;16;1224;1224
12436229;225;g_000;2;1;30;random;0.5;1225;7;15;3-12,10-11;;58304.51;58681.53500000001;59103.66999999837;59103.669999998376;377.02500000000873;422.13499999835767;422.13499999836495;eev,integrated,separated,ws;lintim;SiouxFalls;SiouxFalls;True;False;1e-05;6000;1;2;20;50;200;-5;50;0.75;2;55;50;10;10;16;1225;1225
12436229;226;g_000;2;1;30;random;0.5;1226;7;16;11-14,14-23;;57220.35;58734.82500000001;60118.1199999984;60118.1199999984;1514.475000000013;1383.2949999983905;1383.2949999983905;eev,integrated,separated,ws;lintim;SiouxFalls;SiouxFalls;True;False;1e-05;6000;1;2;20;50;200;-5;50;0.75;2;55;50;10;10;16;1226;1226
12436229;227;g_000;2;1;30;random;0.5;1227;7;17;15-19,16-18;;53373.93000000001;54677.38;57660.30499999838;57660.30499999839;1303.4499999999898;2982.9249999983804;2982.924999998395;eev,integrated,separated,ws;lintim;SiouxFalls;SiouxFalls;True;False;1e-05;6000;1;2;20;50;200;-5;50;0.75;2;55;50;10;10;16;1227;1227
12436229;228;g_000;2;1;30;random;0.5;1228;7;18;15-19,19-20;;65008.73;66307.275;67496.41999999838;67496.41999999838;1298.544999999991;1189.1449999983888;1189.1449999983888;eev,integrated,separated,ws;lintim;SiouxFalls;SiouxFalls;True;False;1e-05;6000;1;2;20;50;200;-5;50;0.75;2;55;50;10;10;16;1228;1228
12436229;229;g_000;2;1;30;random;0.5;1229;7;19;4-11,15-19;;55814.955;56884.635;58596.35999999839;58596.35999999839;1069.6800000000003;1711.7249999983906;1711.7249999983906;eev,integrated,separated,ws;lintim;SiouxFalls;SiouxFalls;True;False;1e-05;6000;1;2;20;50;200;-5;50;0.75;2;55;50;10;10;16;1229;1229
12436229;230;g_000;2;1;30;random;0.5;1230;7;20;12-13,22-23;;51792.380000000005;51792.59500000001;51792.59499999839;51792.59499999764;0.2150000000037835;-1.6152625903487206e-09;-2.371962182223797e-09;eev,integrated,separated,ws;lintim;SiouxFalls;SiouxFalls;True;False;1e-05;6000;1;2;20;50;200;-5;50;0.75;2;55;50;10;10;16;1230;1230
12436229;231;g_000;2;1;30;random;0.5;1231;7;21;5-6,19-20;;60549.17;61004.91499999751;61049.50499999839;61049.5049999984;455.74499999751424;44.5900000008769;44.590000000884174;eev,integrated,separated,ws;lintim;SiouxFalls;SiouxFalls;True;False;1e-05;6000;1;2;20;50;200;-5;50;0.75;2;55;50;10;10;16;1231;1231
12436229;232;g_000;2;1;30;random;0.5;1232;7;22;2-6,21-24;;59976.62;61713.61000000001;62826.70500000699;62826.705000006994;1736.9900000000052;1113.0950000069788;1113.095000006986;eev,integrated,separated,ws;lintim;SiouxFalls;SiouxFalls;True;False;1e-05;6000;1;2;20;50;200;-5;50;0.75;2;55;50;10;10;16;1232;1232
12436229;233;g_000;2;1;30;random;0.5;1233;7;23;5-9,20-21;;52837.28999999999;53259.14000023183;54712.83499999839;54712.83499999839;421.85000023183966;1453.694999766558;1453.694999766558;eev,integrated,separated,ws;lintim;SiouxFalls;SiouxFalls;True;False;1e-05;6000;1;2;20;50;200;-5;50;0.75;2;55;50;10;10;16;1233;1233
12436229;234;g_000;2;1;30;random;0.5;1234;7;24;2-6,3-12;;60367.88500000001;61178.55;61896.00499999839;61896.00499999839;810.6649999999936;717.4549999983865;717.4549999983865;eev,integrated,separated,ws;lintim;SiouxFalls;SiouxFalls;True;False;1e-05;6000;1;2;20;50;200;-5;50;0.75;2;55;50;10;10;16;1234;1234
12436229;235;g_000;2;1;30;random;0.5;1235;7;25;10-16,21-24;;55081.22499999999;56236.280000000006;58210.72499999838;58210.72499999839;1155.0550000000148;1974.4449999983767;1974.4449999983844;eev,integrated,separated,ws;lintim;SiouxFalls;SiouxFalls;True;False;1e-05;6000;1;2;20;50;200;-5;50;0.75;2;55;50;10;10;16;1235;1235
12436229;236;g_000;2;1;30;random;0.5;1236;7;26;8-16,20-21;;58215.17;59712.3099999975;61508.20499999839;60847.895;1497.1399999975038;1795.8950000008845;1135.5850000024948;eev,integrated,separated,ws;lintim;SiouxFalls;SiouxFalls;True;False;1e-05;6000;1;2;20;50;200;-5;50;0.75;2;55;50;10;10;16;1236;1236
12436229;237;g_000;2;1;30;random;0.5;1237;7;27;4-11,23-24;;54434.545;56347.87500000001;57775.24499999839;57775.2449999984;1913.330000000009;1427.36999999838;1427.3699999983946;eev,integrated,separated,ws;lintim;SiouxFalls;SiouxFalls;True;False;1e-05;6000;1;2;20;50;200;-5;50;0.75;2;55;50;10;10;16;1237;1237
12436229;238;g_000;2;1;30;random;0.5;1238;7;28;7-18,10-11;;56783.455;57841.48999999998;58686.16999999838;58686.1700000009;1058.0349999999817;844.6799999983996;844.6800000009171;eev,integrated,separated,ws;lintim;SiouxFalls;SiouxFalls;True;False;1e-05;6000;1;2;20;50;200;-5;50;0.75;2;55;50;10;10;16;1238;1238
12436229;239;g_000;2;1;30;random;0.5;1239;7;29;1-3,17-19;;66147.805;67950.75000000159;69502.53000001128;68971.85500000001;1802.9450000015927;1551.7800000096904;1021.1049999984244;eev,integrated,separated,ws;lintim;SiouxFalls;SiouxFalls;True;False;1e-05;6000;1;2;20;50;200;-5;50;0.75;2;55;50;10;10;16;1239;1239
12436229;240;g_000;3;1;30;line_consecutive;0.5;1240;8;0;9-10,10-15,15-19;9;54242.96;55100.51499999991;55724.10999999839;55724.10999999839;857.554999999913;623.5949999984805;623.5949999984805;eev,integrated,separated,ws;lintim;SiouxFalls;SiouxFalls;True;False;1e-05;6000;1;2;20;50;200;-5;50;0.75;2;55;50;10;10;16;1240;1240
12436229;241;g_000;3;1;30;line_consecutive;0.5;1241;8;1;3-4,4-11,11-14;4;59842.23;61089.64;62525.56999999839;62525.56999999839;1247.4099999999962;1435.9299999983923;1435.9299999983923;eev,integrated,separated,ws;lintim;SiouxFalls;SiouxFalls;True;False;1e-05;6000;1;2;20;50;200;-5;50;0.75;2;55;50;10;10;16;1241;1241
12436229;242;g_000;3;1;30;line_consecutive;0.5;1242;8;2;1-3,3-12,11-12;8;67877.26999999999;68456.64499996915;68986.09999999838;68986.09999999838;579.3749999691645;529.455000029222;529.455000029222;eev,integrated,separated,ws;lintim;SiouxFalls;SiouxFalls;True;False;1e-05;6000;1;2;20;50;200;-5;50;0.75;2;55;50;10;10;16;1242;1242
12436229;243;g_000;3;1;30;line_consecutive;0.5;1243;8;3;8-9,9-10,10-11;7;58563.285;59861.74499999998;61398.93999999837;61398.93999999838;1298.4599999999773;1537.1949999983915;1537.194999998399;eev,integrated,separated,ws;lintim;SiouxFalls;SiouxFalls;True;False;1e-05;6000;1;2;20;50;200;-5;50;0.75;2;55;50;10;10;16;1243;1243
12436229;244;g_000;3;1;30;line_consecutive;0.5;1244;8;4;10-11,10-16,16-18;1;55473.42;56853.72;58192.22499999839;58192.2249970308;1380.300000000003;1338.5049999983894;1338.5049970307955;eev,integrated,separated,ws;lintim;SiouxFalls;SiouxFalls;True;False;1e-05;6000;1;2;20;50;200;-5;50;0.75;2;55;50;10;10;16;1244;1244
12436229;245;g_000;3;1;30;line_consecutive;0.5;1245;8;5;10-15,15-22,22-23;5;53642.845;54425.98000000001;55657.4799999984;55657.4799999984;783.1350000000093;1231.499999998392;1231.499999998392;eev,integrated,separated,ws;lintim;SiouxFalls;SiouxFalls;True;False;1e-05;6000;1;2;20;50;200;-5;50;0.75;2;55;50;10;10;16;1245;1245
12436229;246;g_000;3;1;30;line_consecutive;0.5;1246;8;6;13-24,20-21,21-24;6;53437.67;53966.72000000001;54488.29499999839;54488.2949999984;529.0500000000102;521.5749999983818;521.5749999983891;eev,integrated,separated,ws;lintim;SiouxFalls;SiouxFalls;True;False;1e-05;6000;1;2;20;50;200;-5;50;0.75;2;55;50;10;10;16;1246;1246
12436229;247;g_000;3;1;30;line_consecutive;0.5;1247;8;7;1-3,3-4,4-11;4;64803.58499999999;64903.9;64903.899999998364;64903.899999998364;100.3150000000096;-1.6370904631912706e-09;-1.6370904631912706e-09;eev,integrated,separated,ws;lintim;SiouxFalls;SiouxFalls;True;False;1e-05;6000;1;2;20;50;200;-5;50;0.75;2;55;50;10;10;16;1247;1247
12436229;248;g_000;3;1;30;line_consecutive;0.5;1248;8;8;4-11,11-14,14-23;4;57403.785;59784.33499998224;61607.1049999984;61607.1049999984;2380.549999982235;1822.770000016164;1822.770000016164;eev,integrated,separated,ws;lintim;SiouxFalls;SiouxFalls;True;False;1e-05;6000;1;2;20;50;200;-5;50;0.75;2;55;50;10;10;16;1248;1248
12436229;249;g_000;3;1;30;line_consecutive;0.5;1249;8;9;10-17,15-19,17-19;14;69954.055;70734.21;71532.31499999839;71352.995;780.1550000000134;798.1049999983807;618.7849999999889;eev,integrated,separated,ws;lintim;SiouxFalls;SiouxFalls;True;False;1e-05;6000;1;2;20;50;200;-5;50;0.75;2;55;50;10;10;16;1249;1249
12436229;250;g_000;3;1;30;line_consecutive;0.5;1250;8;10;14-15,15-19,17-19;14;67611.585;68540.53499999997;69248.00499999277;69889.20500000002;928.949999999968;707.469999992798;1348.670000000042;eev,integrated,separated,ws;lintim;SiouxFalls;SiouxFalls;True;False;1e-05;6000;1;2;20;50;200;-5;50;0.75;2;55;50;10;10;16;1250;1250
12436229;251;g_000;3;1;30;line_consecutive;0.5;1251;8;11;1-3,3-12,12-13;12;58391.90999999965;58918.00000000001;59192.72499999839;59192.7249999984;526.0900000003603;274.7249999983833;274.72499999839056;eev,integrated,separated,ws;lintim;SiouxFalls;SiouxFalls;True;False;1e-05;6000;1;2;20;50;200;-5;50;0.75;2;55;50;10;10;16;1251;1251
12436229;252;g_000;3;1;30;line_consecutive;0.5;1252;8;12;10-11,11-14,14-23;10;65507.80499999433;67636.5;69434.4499999984;69434.4499999984;2128.695000005668;1797.9499999983964;1797.9499999983964;eev,integrated,separated,ws;lintim;SiouxFalls;SiouxFalls;True;False;1e-05;6000;1;2;20;50;200;-5;50;0.75;2;55;50;10;10;16;1252;1252
12436229;253;g_000;3;1;30;line_consecutive;0.5;1253;8;13;15-19,15-22,17-19;13;71525.01499999998;72279.315;73053.89499998953;73083.22;754.3000000000175;774.5799999895244;803.9049999999988;eev,integrated,separated,ws;lintim;SiouxFalls;SiouxFalls;True;False;1e-05;6000;1;2;20;50;200;-5;50;0.75;2;55;50;10;10;16;1253;1253
12436229;254;g_000;3;1;30;line_consecutive;0.5;1254;8;14;15-19,15-22,21-22;13;54788.17499999999;55074.350000000006;55199.95999999839;55199.95999999839;286.17500000001746;125.60999999838532;125.60999999838532;eev,integrated,separated,ws;lintim;SiouxFalls;SiouxFalls;True;False;1e-05;6000;1;2;20;50;200;-5;50;0.75;2;55;50;10;10;16;1254;1254
12436229;255;g_000;3;1;30;line_consecutive;0.5;1255;8;15;8-16,16-17,17-19;2,13;65865.88499999998;68151.53499999997;70780.88999999838;70036.00499999999;2285.649999999994;2629.3549999984098;1884.470000000016;eev,integrated,separated,ws;lintim;SiouxFalls;SiouxFalls;True;False;1e-05;6000;1;2;20;50;200;-5;50;0.75;2;55;50;10;10;16;1255;1255
12436229;256;g_000;3;1;30;line_consecutive;0.5;1256;8;16;15-19,16-17,17-19;13;69954.055;70734.21;71532.31499999839;71352.995;780.1550000000134;798.1049999983807;618.7849999999889;eev,integrated,separated,ws;lintim;SiouxFalls;SiouxFalls;True;False;1e-05;6000;1;2;20;50;200;-5;50;0.75;2;55;50;10;10;16;1256;1256
12436229;257;g_000;3;1;30;line_consecutive;0.5;1257;8;17;7-8,7-18,18-20;11;51140.23999999999;51140.24000000001;51140.23999999839;51140.2399999984;2.182787284255028e-11;-1.622538547962904e-09;-1.6152625903487206e-09;eev,integrated,separated,ws;lintim;SiouxFalls;SiouxFalls;True;False;1e-05;6000;1;2;20;50;200;-5;50;0.75;2;55;50;10;10;16;1257;1257
12436229;258;g_000;3;1;30;line_consecutive;0.5;1258;8;18;5-6,5-9,9-10;9;52915.55;53046.54999999998;53271.909999993775;53271.909999993775;130.99999999997817;225.3599999937942;225.3599999937942;eev,integrated,separated,ws;lintim;SiouxFalls;SiouxFalls;True;False;1e-05;6000;1;2;20;50;200;-5;50;0.75;2;55;50;10;10;16;1258;1258
12436229;259;g_000;3;1;30;line_consecutive;0.5;1259;8;19;7-8,8-9,9-10;7;52915.54999999999;53046.55000000001;53271.90999999839;53271.9099999984;131.00000000002183;225.35999999837804;225.3599999983926;eev,integrated,separated,ws;lintim;SiouxFalls;SiouxFalls;True;False;1e-05;6000;1;2;20;50;200;-5;50;0.75;2;55;50;10;10;16;1259;1259
12436229;260;g_000;3;1;30;line_consecutive;0.5;1260;8;20;1-2,1-3,3-12;12;68430.37999999928;69778.33499999941;70664.33999999838;70664.3399999984;1347.9550000001327;886.0049999989715;886.004999998986;eev,integrated,separated,ws;lintim;SiouxFalls;SiouxFalls;True;False;1e-05;6000;1;2;20;50;200;-5;50;0.75;2;55;50;10;10;16;1260;1260
12436229;261;g_000;3;1;30;line_consecutive;0.5;1261;8;21;3-4,4-5,5-9;3;56968.09499999999;58023.41499999872;59147.65999999839;59147.6599999984;1055.3199999987337;1124.244999999668;1124.2449999996825;eev,integrated,separated,ws;lintim;SiouxFalls;SiouxFalls;True;False;1e-05;6000;1;2;20;50;200;-5;50;0.75;2;55;50;10;10;16;1261;1261
12436229;262;g_000;3;1;30;line_consecutive;0.5;1262;8;22;10-11,10-16,11-12;1;57352.42999999999;59081.94499999999;60099.24999999839;60099.24999999839;1729.5149999999994;1017.3049999983996;1017.3049999983996;eev,integrated,separated,ws;lintim;SiouxFalls;SiouxFalls;True;False;1e-05;6000;1;2;20;50;200;-5;50;0.75;2;55;50;10;10;16;1262;1262
12436229;263;g_000;3;1;30;line_consecutive;0.5;1263;8;23;7-8,7-18,8-9;3;51140.23999999999;51140.240000000005;51140.23999999839;51140.23999999839;1.4551915228366852e-11;-1.6152625903487206e-09;-1.6152625903487206e-09;eev,integrated,separated,ws;lintim;SiouxFalls;SiouxFalls;True;False;1e-05;6000;1;2;20;50;200;-5;50;0.75;2;55;50;10;10;16;1263;1263
12436229;264;g_000;3;1;30;line_consecutive;0.5;1264;8;24;5-9,7-8,8-9;3;52915.54999999999;53046.55000000001;53271.90999999839;53271.9099999984;131.00000000002183;225.35999999837804;225.3599999983926;eev,integrated,separated,ws;lintim;SiouxFalls;SiouxFalls;True;False;1e-05;6000;1;2;20;50;200;-5;50;0.75;2;55;50;10;10;16;1264;1264
12436229;265;g_000;3;1;30;line_consecutive;0.5;1265;8;25;9-10,10-11,11-12;7;58612.83;60390.16;61779.25499999839;61779.2549999984;1777.3300000000015;1389.094999998386;1389.0949999983932;eev,integrated,separated,ws;lintim;SiouxFalls;SiouxFalls;True;False;1e-05;6000;1;2;20;50;200;-5;50;0.75;2;55;50;10;10;16;1265;1265
12436229;266;g_000;3;1;30;line_consecutive;0.5;1266;8;26;2-6,6-8,8-16;2;59905.40000000001;62760.705;64167.84999999839;64466.50499999999;2855.304999999993;1407.1449999983888;1705.7999999999884;eev,integrated,separated,ws;lintim;SiouxFalls;SiouxFalls;True;False;1e-05;6000;1;2;20;50;200;-5;50;0.75;2;55;50;10;10;16;1266;1266
12436229;267;g_000;3;1;30;line_consecutive;0.5;1267;8;27;6-8,8-16,16-17;2;59827.105;62162.33999999964;64173.53999999839;63384.19499999999;2335.234999999637;2011.199999998753;1221.8550000003524;eev,integrated,separated,ws;lintim;SiouxFalls;SiouxFalls;True;False;1e-05;6000;1;2;20;50;200;-5;50;0.75;2;55;50;10;10;16;1267;1267
12436229;268;g_000;3;1;30;line_consecutive;0.5;1268;8;28;7-18,18-20,20-22;11;51140.24000001296;51140.240000000005;51140.23999999839;51140.23999999839;-1.2951204553246498e-08;-1.6152625903487206e-09;-1.6152625903487206e-09;eev,integrated,separated,ws;lintim;SiouxFalls;SiouxFalls;True;False;1e-05;6000;1;2;20;50;200;-5;50;0.75;2;55;50;10;10;16;1268;1268
12436229;269;g_000;3;1;30;line_consecutive;0.5;1269;8;29;5-9,9-10,10-15;9;53691.12;53855.72000000001;54042.1199999984;54042.1199999984;164.60000000000582;186.39999999839347;186.39999999839347;eev,integrated,separated,ws;lintim;SiouxFalls;SiouxFalls;True;False;1e-05;6000;1;2;20;50;200;-5;50;0.75;2;55;50;10;10;16;1269;1269
12436229;270;g_000;3;1;30;line_all;0.5;1270;9;0;5-6,5-9,10-15;9;52049.83499999999;52180.835000000014;53427.95499999839;53427.9549999984;131.00000000002183;1247.1199999983728;1247.1199999983874;eev,integrated,separated,ws;lintim;SiouxFalls;SiouxFalls;True;False;1e-05;6000;1;2;20;50;200;-5;50;0.75;2;55;50;10;10;16;1270;1270
12436229;271;g_000;3;1;30;line_all;0.5;1271;9;1;6-8,17-19,19-20;2;64830.94499999999;67739.76499999998;69249.21999999839;69928.145;2908.8199999999924;1509.454999998401;2188.380000000019;eev,integrated,separated,ws;lintim;SiouxFalls;SiouxFalls;True;False;1e-05;6000;1;2;20;50;200;-5;50;0.75;2;55;50;10;10;16;1271;1271
12436229;272;g_000;3;1;30;line_all;0.5;1272;9;2;5-9,7-18,8-9;3;52915.55;53046.55000000043;53271.90999999798;53271.909999998;131.00000000042928;225.35999999754856;225.3599999975704;eev,integrated,separated,ws;lintim;SiouxFalls;SiouxFalls;True;False;1e-05;6000;1;2;20;50;200;-5;50;0.75;2;55;50;10;10;16;1272;1272
12436229;273;g_000;3;1;30;line_all;0.5;1273;9;3;8-16,10-16,11-14;10;65073.98999999999;67162.48993659255;69823.22499999839;69606.10499999998;2088.4999365925614;2660.7350634058384;2443.6150634074293;eev,integrated,separated,ws;lintim;SiouxFalls;SiouxFalls;True;False;1e-05;6000;1;2;20;50;200;-5;50;0.75;2;55;50;10;10;16;1273;1273
12436229;274;g_000;3;1;30;line_all;0.5;1274;9;4;1-3,3-12,12-13;12;58391.90999999965;58918.00000000001;59192.72499999839;59192.7249999984;526.0900000003603;274.7249999983833;274.72499999839056;eev,integrated,separated,ws;lintim;SiouxFalls;SiouxFalls;True;False;1e-05;6000;1;2;20;50;200;-5;50;0.75;2;55;50;10;10;16;1274;1274
12436229;275;g_000;3;1;30;line_all;0.5;1275;9;5;3-4,11-14,14-23;4;58886.985;60912.67499999999;62839.44499999839;62839.44499999839;2025.689999999988;1926.7699999984036;1926.7699999984036;eev,integrated,separated,ws;lintim;SiouxFalls;SiouxFalls;True;False;1e-05;6000;1;2;20;50;200;-5;50;0.75;2;55;50;10;10;16;1275;1275
12436229;276;g_000;3;1;30;line_all;0.5;1276;9;6;8-16,15-22,17-19;13;68157.26;70874.79499999998;72789.50999999838;72560.15;2717.534999999989;1914.714999998396;1685.3550000000105;eev,integrated,separated,ws;lintim;SiouxFalls;SiouxFalls;True;False;1e-05;6000;1;2;20;50;200;-5;50;0.75;2;55;50;10;10;16;1276;1276
12436229;277;g_000;3;1;30;line_all;0.5;1277;9;7;8-9,10-11,11-12;7;58253.83;59697.73499999999;60538.26999999839;60538.2699999984;1443.9049999999916;840.5349999983955;840.5349999984101;eev,integrated,separated,ws;lintim;SiouxFalls;SiouxFalls;True;False;1e-05;6000;1;2;20;50;200;-5;50;0.75;2;55;50;10;10;16;1277;1277
12436229;278;g_000;3;1;30;line_all;0.5;1278;9;8;3-4,7-8,8-9;3;55065.45999999999;55980.804999999855;57075.83499999839;57075.83499999839;915.3449999998628;1095.0299999985364;1095.0299999985364;eev,integrated,separated,ws;lintim;SiouxFalls;SiouxFalls;True;False;1e-05;6000;1;2;20;50;200;-5;50;0.75;2;55;50;10;10;16;1278;1278
12436229;279;g_000;3;1;30;line_all;0.5;1279;9;9;11-14,14-23,23-24;4;57403.785;59784.33499999999;61607.1049999984;61607.1049999984;2380.5499999999884;1822.7699999984104;1822.7699999984104;eev,integrated,separated,ws;lintim;SiouxFalls;SiouxFalls;True;False;1e-05;6000;1;2;20;50;200;-5;50;0.75;2;55;50;10;10;16;1279;1279
12436229;280;g_000;3;1;30;line_all;0.5;1280;9;10;15-19,16-17,21-22;13;59065.27;59794.615000000005;60148.20999999839;60183.42499999999;729.3450000000084;353.5949999983859;388.8099999999831;eev,integrated,separated,ws;lintim;SiouxFalls;SiouxFalls;True;False;1e-05;6000;1;2;20;50;200;-5;50;0.75;2;55;50;10;10;16;1280;1280
12436229;281;g_000;3;1;30;line_all;0.5;1281;9;11;2-6,6-8,19-20;2;58649.22;61602.46499999996;62442.5149999984;62442.5149999984;2953.244999999959;840.0499999984386;840.0499999984386;eev,integrated,separated,ws;lintim;SiouxFalls;SiouxFalls;True;False;1e-05;6000;1;2;20;50;200;-5;50;0.75;2;55;50;10;10;16;1281;1281
12436229;282;g_000;3;1;30;line_all;0.5;1282;9;12;10-17,14-15,15-19;14;51730.34999999999;52320.46000000001;53761.48999999839;53761.4899999984;590.1100000000151;1441.0299999983836;1441.0299999983908;eev,integrated,separated,ws;lintim;SiouxFalls;SiouxFalls;True;False;1e-05;6000;1;2;20;50;200;-5;50;0.75;2;55;50;10;10;16;1282;1282
12436229;283;g_000;3;1;30;line_all;0.5;1283;9;13;5-6,10-15,15-19;9;53797.15;54302.76;55499.15499999839;55499.1549999984;505.6100000000006;1196.3949999983888;1196.394999998396;eev,integrated,separated,ws;lintim;SiouxFalls;SiouxFalls;True;False;1e-05;6000;1;2;20;50;200;-5;50;0.75;2;55;50;10;10;16;1283;1283
12436229;284;g_000;3;1;30;line_all;0.5;1284;9;14;8-16,16-17,21-22;13;58484.10999999999;60147.70000000001;61558.15999999839;61088.25499999999;1663.5900000000183;1410.4599999983766;940.5549999999783;eev,integrated,separated,ws;lintim;SiouxFalls;SiouxFalls;True;False;1e-05;6000;1;2;20;50;200;-5;50;0.75;2;55;50;10;10;16;1284;1284
12436229;285;g_000;3;1;30;line_all;0.5;1285;9;15;3-4,4-11,11-14;4;59842.23;61089.64;62525.56999999839;62525.56999999839;1247.4099999999962;1435.9299999983923;1435.9299999983923;eev,integrated,separated,ws;lintim;SiouxFalls;SiouxFalls;True;False;1e-05;6000;1;2;20;50;200;-5;50;0.75;2;55;50;10;10;16;1285;1285
12436229;286;g_000;3;1;30;line_all;0.5;1286;9;16;2-6,16-17,17-19;2;65591.625;68648.37500000001;70692.5399999984;70300.79000000001;3056.7500000000146;2044.1649999983783;1652.4149999999936;eev,integrated,separated,ws;lintim;SiouxFalls;SiouxFalls;True;False;1e-05;6000;1;2;20;50;200;-5;50;0.75;2;55;50;10;10;16;1286;1286
12436229;287;g_000;3;1;30;line_all;0.5;1287;9;17;6-8,16-17,17-19;2;65591.62499999999;68633.905;70559.63999999838;70107.5;3042.2800000000134;1925.734999998385;1473.5950000000012;eev,integrated,separated,ws;lintim;SiouxFalls;SiouxFalls;True;False;1e-05;6000;1;2;20;50;200;-5;50;0.75;2;55;50;10;10;16;1287;1287
12436229;288;g_000;3;1;30;line_all;0.5;1288;9;18;5-9,7-8,8-9;3;52915.54999999999;53046.55000000001;53271.90999999839;53271.9099999984;131.00000000002183;225.35999999837804;225.3599999983926;eev,integrated,separated,ws;lintim;SiouxFalls;SiouxFalls;True;False;1e-05;6000;1;2;20;50;200;-5;50;0.75;2;55;50;10;10;16;1288;1288
12436229;289;g_000;3;1;30;line_all;0.5;1289;9;19;4-5,5-9,7-8;3;52420.24;52420.24000000001;52420.23999999813;52420.239999998135;1.4551915228366852e-11;-1.8844730220735073e-09;-1.877197064459324e-09;eev,integrated,separated,ws;lintim;SiouxFalls;SiouxFalls;True;False;1e-05;6000;1;2;20;50;200;-5;50;0.75;2;55;50;10;10;16;1289;1289
12436229;290;g_000;3;1;30;line_all;0.5;1290;9;20;8-16,17-19,19-20;2;65993.525;68958.885;71271.03999999838;70692.975;2965.3600000000006;2312.154999998384;1734.090000000011;eev,integrated,separated,ws;lintim;SiouxFalls;SiouxFalls;True;False;1e-05;6000;1;2;20;50;200;-5;50;0.75;2;55;50;10;10;16;1290;1290
12436229;291;g_000;3;1;30;line_all;0.5;1291;9;21;8-16,15-19,17-19;13;70842.635;72250.04;73724.53999999838;74716.205;1407.4049999999988;1474.4999999983847;2466.165000000008;eev,integrated,separated,ws;lintim;SiouxFalls;SiouxFalls;True;False;1e-05;6000;1;2;20;50;200;-5;50;0.75;2;55;50;10;10;16;1291;1291
12436229;292;g_000;3;1;30;line_all;0.5;1292;9;22;3-4,5-9,7-8;3;56228.76999999999;57260.805;57879.48999999839;57879.48999999839;1032.0350000000108;618.6849999983897;618.6849999983897;eev,integrated,separated,ws;lintim;SiouxFalls;SiouxFalls;True;False;1e-05;6000;1;2;20;50;200;-5;50;0.75;2;55;50;10;10;16;1292;1292
12436229;293;g_000;3;1;30;line_all;0.5;1293;9;23;1-3,11-14,23-24;4;66294.45;67780.48999999999;69300.28999999838;69300.28999999838;1486.0399999999936;1519.7999999983876;1519.7999999983876;eev,integrated,separated,ws;lintim;SiouxFalls;SiouxFalls;True;False;1e-05;6000;1;2;20;50;200;-5;50;0.75;2;55;50;10;10;16;1293;1293
12436229;294;g_000;3;1;30;line_all;0.5;1294;9;24;4-5,7-8,8-9;3;51140.23999999999;51140.240000000005;51140.23999999839;51140.2399999984;1.4551915228366852e-11;-1.6152625903487206e-09;-1.6079866327345371e-09;eev,integrated,separated,ws;lintim;SiouxFalls;SiouxFalls;True;False;1e-05;6000;1;2;20;50;200;-5;50;0.75;2;55;50;10;10;16;1294;1294
12436229;295;g_000;3;1;30;line_all;0.5;1295;9;25;3-4,14-23,23-24;4;57807.805;60132.03999999999;61287.42499999839;61287.4249999984;2324.2349999999933;1155.384999998394;1155.3849999984086;eev,integrated,separated,ws;lintim;SiouxFalls;SiouxFalls;True;False;1e-05;6000;1;2;20;50;200;-5;50;0.75;2;55;50;10;10;16;1295;1295
12436229;296;g_000;3;1;30;line_all;0.5;1296;9;26;1-3,4-11,14-23;4;62771.53999999999;64575.585;65360.234999998895;65360.234999998895;1804.0450000000053;784.6499999988955;784.6499999988955;eev,integrated,separated,ws;lintim;SiouxFalls;SiouxFalls;True;False;1e-05;6000;1;2;20;50;200;-5;50;0.75;2;55;50;10;10;16;1296;1296
12436229;297;g_000;3;1;30;line_all;0.5;1297;9;27;15-19,17-19,21-22;13;69134.90499999998;69914.03499999999;70626.98499999839;71307.66500000001;779.1300000000047;712.9499999983964;1393.6300000000192;eev,integrated,separated,ws;lintim;SiouxFalls;SiouxFalls;True;False;1e-05;6000;1;2;20;50;200;-5;50;0.75;2;55;50;10;10;16;1297;1297
12436229;298;g_000;3;1;30;line_all;0.5;1298;9;28;2-6,17-19,19-20;2;64830.94499999999;67739.76499999997;69249.21999999839;69928.145;2908.819999999978;1509.4549999984156;2188.3800000000338;eev,integrated,separated,ws;lintim;SiouxFalls;SiouxFalls;True;False;1e-05;6000;1;2;20;50;200;-5;50;0.75;2;55;50;10;10;16;1298;1298
12436229;299;g_000;3;1;30;line_all;0.5;1299;9;29;1-3,11-12,11-14;8;70089.73999399628;70966.24999991903;71956.23999999839;71956.23999999839;876.5100059227552;989.9900000793568;989.9900000793568;eev,integrated,separated,ws;lintim;SiouxFalls;SiouxFalls;True;False;1e-05;6000;1;2;20;50;200;-5;50;0.75;2;55;50;10;10;16;1299;1299
12436229;300;g_000;3;1;30;share_stop;0.5;1300;10;0;7-8,8-9,8-16;;61042.54500000001;61727.815;61858.41999999838;62784.67;685.2699999999895;130.60499999838066;1056.854999999996;eev,integrated,separated,ws;lintim;SiouxFalls;SiouxFalls;True;False;1e-05;6000;1;2;20;50;200;-5;50;0.75;2;55;50;10;10;16;1300;1300
12436229;301;g_000;3;1;30;share_stop;0.5;1301;10;1;1-3,3-4,3-12;;60742.7;60742.70000000002;60742.69999999838;60742.69999999838;2.182787284255028e-11;-1.6370904631912706e-09;-1.6370904631912706e-09;eev,integrated,separated,ws;lintim;SiouxFalls;SiouxFalls;True;False;1e-05;6000;1;2;20;50;200;-5;50;0.75;2;55;50;10;10;16;1301;1301
12436229;302;g_000;3;1;30;share_stop;0.5;1302;10;2;4-11,11-12,11-14;;79062.15499999998;81114.44750000001;82667.9549999984;82667.95499999842;2052.292500000025;1553.5074999983915;1553.5074999984065;eev,integrated,separated,ws;lintim;SiouxFalls;SiouxFalls;True;False;1e-05;6000;1;2;20;50;200;-5;50;0.75;2;55;50;10;10;16;1302;1302
12436229;303;g_000;3;1;30;share_stop;0.5;1303;10;3;9-10,10-11,10-15;;59261.62;61092.71000000002;62249.2599999984;62249.2599999984;1831.0900000000183;1156.5499999983804;1156.5499999983804;eev,integrated,separated,ws;lintim;SiouxFalls;SiouxFalls;True;False;1e-05;6000;1;2;20;50;200;-5;50;0.75;2;55;50;10;10;16;1303;1303
12436229;304;g_000;3;1;30;share_stop;0.5;1304;10;4;4-5,5-6,5-9;;51271.240000000005;51402.23999999664;52420.2399999984;52420.239999998405;130.99999999663123;1018.0000000017608;1018.000000001768;eev,integrated,separated,ws;lintim;SiouxFalls;SiouxFalls;True;False;1e-05;6000;1;2;20;50;200;-5;50;0.75;2;55;50;10;10;16;1304;1304
12436229;305;g_000;3;1;30;share_stop;0.5;1305;10;5;3-12,11-12,12-13;;66389.60500000001;66829.42;67264.84499999839;67264.8449999984;439.8149999999878;435.4249999983877;435.4249999984022;eev,integrated,separated,ws;lintim;SiouxFalls;SiouxFalls;True;False;1e-05;6000;1;2;20;50;200;-5;50;0.75;2;55;50;10;10;16;1305;1305
12436229;306;g_000;3;1;30;share_stop;0.5;1306;10;6;9-10,10-16,10-17;;58723.83999999998;60002.59500000634;61377.83999999838;61377.8399999984;1278.7550000063566;1375.2449999920427;1375.2449999920643;eev,integrated,separated,ws;lintim;SiouxFalls;SiouxFalls;True;False;1e-05;6000;1;2;20;50;200;-5;50;0.75;2;55;50;10;10;16;1306;1306
12436229;307;g_000;3;1;30;share_stop;0.5;1307;10;7;10-11,10-16,10-17;;57115.925;59108.705000000016;60434.9799999984;60434.9799999984;1992.7800000000132;1326.2749999983862;1326.2749999983862;eev,integrated,separated,ws;lintim;SiouxFalls;SiouxFalls;True;False;1e-05;6000;1;2;20;50;200;-5;50;0.75;2;55;50;10;10;16;1307;1307
12436229;308;g_000;3;1;30;share_stop;0.5;1308;10;8;15-19,17-19,19-20;;70639.73999999999;71730.09000000001;72712.38999999838;73357.535;1090.3500000000204;982.2999999983732;1627.4449999999924;eev,integrated,separated,ws;lintim;SiouxFalls;SiouxFalls;True;False;1e-05;6000;1;2;20;50;200;-5;50;0.75;2;55;50;10;10;16;1308;1308
12436229;309;g_000;3;1;30;share_stop;0.5;1309;10;9;2-6,5-6,6-8;;71665.435;73125.48000000001;73365.0149999984;73365.01499999841;1460.0450000000128;239.53499999838823;239.5349999984028;eev,integrated,separated,ws;lintim;SiouxFalls;SiouxFalls;True;False;1e-05;6000;1;2;20;50;200;-5;50;0.75;2;55;50;10;10;16;1309;1309
12436229;310;g_000;3;1;30;share_stop;0.5;1310;10;10;11-14,14-15,14-23;;67158.17;68111.80999999965;69419.65499999838;69419.6549999984;953.6399999996502;1307.8449999987351;1307.8449999987497;eev,integrated,separated,ws;lintim;SiouxFalls;SiouxFalls;True;False;1e-05;6000;1;2;20;50;200;-5;50;0.75;2;55;50;10;10;16;1310;1310
12436229;311;g_000;3;1;30;share_stop;0.5;1311;10;11;13-24,21-24,23-24;;56257.375;58253.84;60055.59999999839;60055.5999999984;1996.4649999999965;1801.759999998394;1801.759999998401;eev,integrated,separated,ws;lintim;SiouxFalls;SiouxFalls;True;False;1e-05;6000;1;2;20;50;200;-5;50;0.75;2;55;50;10;10;16;1311;1311
12436229;312;g_000;3;1;30;share_stop;0.5;1312;10;12;7-18,16-18,18-20;;55353.64;56126.42999999999;57473.85999999839;57473.85999999839;772.7899999999936;1347.4299999983996;1347.4299999983996;eev,integrated,separated,ws;lintim;SiouxFalls;SiouxFalls;True;False;1e-05;6000;1;2;20;50;200;-5;50;0.75;2;55;50;10;10;16;1312;1312
12436229;313;g_000;3;1;30;share_stop;0.5;1313;10;13;9-10,10-15,10-16;;56719.59999999999;57578.88500000001;58881.53999999838;58881.53999999838;859.285000000018;1302.654999998369;1302.654999998369;eev,integrated,separated,ws;lintim;SiouxFalls;SiouxFalls;True;False;1e-05;6000;1;2;20;50;200;-5;50;0.75;2;55;50;10;10;16;1313;1313
12436229;314;g_000;3;1;30;share_stop;0.5;1314;10;14;4-11,10-11,11-12;;79062.15499999998;81114.44750000001;82667.9549999984;82667.9549999984;2052.292500000025;1553.5074999983915;1553.5074999983915;eev,integrated,separated,ws;lintim;SiouxFalls;SiouxFalls;True;False;1e-05;6000;1;2;20;50;200;-5;50;0.75;2;55;50;10;10;16;1314;1314
12436229;315;g_000;3;1;30;share_stop;0.5;1315;10;15;10-16,16-17,16-18;;73626.545;75424.05498499928;77965.98499999839;77446.91500000001;1797.509984999284;2541.930014999103;2022.860015000726;eev,integrated,separated,ws;lintim;SiouxFalls;SiouxFalls;True;False;1e-05;6000;1;2;20;50;200;-5;50;0.75;2;55;50;10;10;16;1315;1315
12436229;316;g_000;3;1;30;share_stop;0.5;1316;10;16;10-15,14-15,15-19;;56007.075;56956.15;58135.01999999839;58135.0199999984;949.0750000000044;1178.8699999983874;1178.869999998402;eev,integrated,separated,ws;lintim;SiouxFalls;SiouxFalls;True;False;1e-05;6000;1;2;20;50;200;-5;50;0.75;2;55;50;10;10;16;1316;1316
12436229;317;g_000;3;1;30;share_stop;0.5;1317;10;17;8-16,16-17,16-18;;73626.545;75424.05498499928;77965.98499999839;77446.91500000001;1797.509984999284;2541.930014999103;2022.860015000726;eev,integrated,separated,ws;lintim;SiouxFalls;SiouxFalls;True;False;1e-05;6000;1;2;20;50;200;-5;50;0.75;2;55;50;10;10;16;1317;1317
12436229;318;g_000;3;1;30;share_stop;0.5;1318;10;18;9-10,10-11,10-17;;58285.52499999998;59357.76999999999;60931.55999999838;60931.5599999984;1072.24500000001;1573.789999998393;1573.7899999984074;eev,integrated,separated,ws;lintim;SiouxFalls;SiouxFalls;True;False;1e-05;6000;1;2;20;50;200;-5;50;0.75;2;55;50;10;10;16;1318;1318
12436229;319;g_000;3;1;30;share_stop;0.5;1319;10;19;15-22,21-22,22-23;;53420.285;54227.34500000001;54541.15499999839;54541.1549999984;807.060000000005;313.8099999983824;313.8099999983897;eev,integrated,separated,ws;lintim;SiouxFalls;SiouxFalls;True;False;1e-05;6000;1;2;20;50;200;-5;50;0.75;2;55;50;10;10;16;1319;1319
12436229;320;g_000;3;1;30;share_stop;0.5;1320;10;20;18-20,19-20,20-21;;58881.98;60155.45;61253.43499999838;61253.43499999838;1273.469999999994;1097.984999998385;1097.984999998385;eev,integrated,separated,ws;lintim;SiouxFalls;SiouxFalls;True;False;1e-05;6000;1;2;20;50;200;-5;50;0.75;2;55;50;10;10;16;1320;1320
12436229;321;g_000;3;1;30;share_stop;0.5;1321;10;21;14-23,22-23,23-24;;68787.56499999999;69982.71500000001;70561.57499999838;70561.57499999838;1195.1500000000233;578.8599999983708;578.8599999983708;eev,integrated,separated,ws;lintim;SiouxFalls;SiouxFalls;True;False;1e-05;6000;1;2;20;50;200;-5;50;0.75;2;55;50;10;10;16;1321;1321
12436229;322;g_000;3;1;30;share_stop;0.5;1322;10;22;4-11,10-11,11-14;;79062.15499999998;81114.44750000001;82667.9549999984;82667.9549999984;2052.292500000025;1553.5074999983915;1553.5074999983915;eev,integrated,separated,ws;lintim;SiouxFalls;SiouxFalls;True;False;1e-05;6000;1;2;20;50;200;-5;50;0.75;2;55;50;10;10;16;1322;1322
12436229;323;g_000;3;1;30;share_stop;0.5;1323;10;23;20-21,21-22,21-24;;56858.735;57720.525;58311.5749999984;58311.5749999984;861.7900000000009;591.0499999983949;591.0499999983949;eev,integrated,separated,ws;lintim;SiouxFalls;SiouxFalls;True;False;1e-05;6000;1;2;20;50;200;-5;50;0.75;2;55;50;10;10;16;1323;1323
12436229;324;g_000;3;1;30;share_stop;0.5;1324;10;24;20-22,21-22,22-23;;55063.70999999999;55525.17;55838.9799999984;55838.9799999984;461.4600000000064;313.80999999840424;313.80999999840424;eev,integrated,separated,ws;lintim;SiouxFalls;SiouxFalls;True;False;1e-05;6000;1;2;20;50;200;-5;50;0.75;2;55;50;10;10;16;1324;1324
12436229;325;g_000;3;1;30;share_stop;0.5;1325;10;25;8-16,10-16,16-18;;73626.545;75424.05498499928;77965.98499999839;77446.91500000001;1797.509984999284;2541.930014999103;2022.860015000726;eev,integrated,separated,ws;lintim;SiouxFalls;SiouxFalls;True;False;1e-05;6000;1;2;20;50;200;-5;50;0.75;2;55;50;10;10;16;1325;1325
12436229;326;g_000;3;1;30;share_stop;0.5;1326;10;26;6-8,8-9,8-16;;60144.295;61660.795000000006;62902.32499999838;62431.145;1516.5000000000073;1241.5299999983763;770.3499999999913;eev,integrated,separated,ws;lintim;SiouxFalls;SiouxFalls;True;False;1e-05;6000;1;2;20;50;200;-5;50;0.75;2;55;50;10;10;16;1326;1326
12436229;327;g_000;3;1;30;share_stop;0.5;1327;10;27;10-15,14-15,15-22;;56007.075;56956.15;58135.01999999839;58135.01999999839;949.0750000000044;1178.8699999983874;1178.8699999983874;eev,integrated,separated,ws;lintim;SiouxFalls;SiouxFalls;True;False;1e-05;6000;1;2;20;50;200;-5;50;0.75;2;55;50;10;10;16;1327;1327
12436229;328;g_000;3;1;30;share_stop;0.5;1328;10;28;5-9,8-9,9-10;;52915.55;53046.55000000001;53271.90999999839;53271.9099999984;131.00000000000728;225.35999999837804;225.3599999983926;eev,integrated,separated,ws;lintim;SiouxFalls;SiouxFalls;True;False;1e-05;6000;1;2;20;50;200;-5;50;0.75;2;55;50;10;10;16;1328;1328
12436229;329;g_000;3;1;30;share_stop;0.5;1329;10;29;9-10,10-11,10-16;;56715.575;58286.825;60262.55999999838;60262.55999999838;1571.25;1975.734999998385;1975.734999998385;eev,integrated,separated,ws;lintim;SiouxFalls;SiouxFalls;True;False;1e-05;6000;1;2;20;50;200;-5;50;0.75;2;55;50;10;10;16;1329;1329
12436229;330;g_000;3;1;30;random;0.5;1330;11;0;4-11,5-9,10-11;;62417.06000000001;63815.775;65898.47499999839;65898.4749999984;1398.7149999999892;2082.699999998389;2082.699999998404;eev,integrated,separated,ws;lintim;SiouxFalls;SiouxFalls;True;False;1e-05;6000;1;2;20;50;200;-5;50;0.75;2;55;50;10;10;16;1330;1330
12436229;331;g_000;3;1;30;random;0.5;1331;11;1;4-5,5-6,10-15;;52049.83499999999;52180.835000000014;53427.95499999839;53427.9549999984;131.00000000002183;1247.1199999983728;1247.1199999983874;eev,integrated,separated,ws;lintim;SiouxFalls;SiouxFalls;True;False;1e-05;6000;1;2;20;50;200;-5;50;0.75;2;55;50;10;10;16;1331;1331
12436229;332;g_000;3;1;30;random;0.5;1332;11;2;10-15,15-19,15-22;;56007.075;56956.15;58135.01999999839;58135.0199999984;949.0750000000044;1178.8699999983874;1178.869999998402;eev,integrated,separated,ws;lintim;SiouxFalls;SiouxFalls;True;False;1e-05;6000;1;2;20;50;200;-5;50;0.75;2;55;50;10;10;16;1332;1332
12436229;333;g_000;3;1;30;random;0.5;1333;11;3;5-9,14-15,17-19;;62357.605;62851.515;63332.51999999839;62851.51500000001;493.9099999999962;481.0049999983894;7.275957614183426e-12;eev,integrated,separated,ws;lintim;SiouxFalls;SiouxFalls;True;False;1e-05;6000;1;2;20;50;200;-5;50;0.75;2;55;50;10;10;16;1333;1333
12436229;334;g_000;3;1;30;random;0.5;1334;11;4;3-12,8-16,10-16;;60116.145;61608.98000001577;63473.43999999839;63260.00499999999;1492.8350000157734;1864.4599999826169;1651.02499998422;eev,integrated,separated,ws;lintim;SiouxFalls;SiouxFalls;True;False;1e-05;6000;1;2;20;50;200;-5;50;0.75;2;55;50;10;10;16;1334;1334
12436229;335;g_000;3;1;30;random;0.5;1335;11;5;10-16,15-22,16-18;;55296.045;56158.19500000013;58116.99499999839;58116.9949999984;862.1500000001324;1958.799999998257;1958.7999999982712;eev,integrated,separated,ws;lintim;SiouxFalls;SiouxFalls;True;False;1e-05;6000;1;2;20;50;200;-5;50;0.75;2;55;50;10;10;16;1335;1335
12436229;336;g_000;3;1;30;random;0.5;1336;11;6;4-11,7-18,18-20;;54346.68999999999;55250.21499999976;55779.53499999839;55779.5349999984;903.5249999997686;529.3199999986318;529.3199999986464;eev,integrated,separated,ws;lintim;SiouxFalls;SiouxFalls;True;False;1e-05;6000;1;2;20;50;200;-5;50;0.75;2;55;50;10;10;16;1336;1336
12436229;337;g_000;3;1;30;random;0.5;1337;11;7;4-11,15-19,22-23;;57419.03999997825;58338.85;59886.26999999839;59886.26999999839;919.8100000217456;1547.4199999983905;1547.4199999983905;eev,integrated,separated,ws;lintim;SiouxFalls;SiouxFalls;True;False;1e-05;6000;1;2;20;50;200;-5;50;0.75;2;55;50;10;10;16;1337;1337
12436229;338;g_000;3;1;30;random;0.5;1338;11;8;4-5,15-22,18-20;;53051.31;53051.310000000005;53051.30999999839;53051.3099999984;7.275957614183426e-12;-1.6152625903487206e-09;-1.6079866327345371e-09;eev,integrated,separated,ws;lintim;SiouxFalls;SiouxFalls;True;False;1e-05;6000;1;2;20;50;200;-5;50;0.75;2;55;50;10;10;16;1338;1338
12436229;339;g_000;3;1;30;random;0.5;1339;11;9;8-9,16-18,20-21;;54827.105;56379.475;57694.50999999838;57694.5099999984;1552.3699999999951;1315.034999998381;1315.0349999984028;eev,integrated,separated,ws;lintim;SiouxFalls;SiouxFalls;True;False;1e-05;6000;1;2;20;50;200;-5;50;0.75;2;55;50;10;10;16;1339;1339
12436229;340;g_000;3;1;30;random;0.5;1340;11;10;12-13,16-18,23-24;;55381.42999999999;56794.535;59266.70999999838;59266.709999998384;1413.1050000000105;2472.174999998373;2472.1749999983804;eev,integrated,separated,ws;lintim;SiouxFalls;SiouxFalls;True;False;1e-05;6000;1;2;20;50;200;-5;50;0.75;2;55;50;10;10;16;1340;1340
12436229;341;g_000;3;1;30;random;0.5;1341;11;11;10-17,13-24,14-23;;57270.23;58360.345;60288.264999998384;60288.26499999839;1090.114999999998;1927.919999998383;1927.9199999983905;eev,integrated,separated,ws;lintim;SiouxFalls;SiouxFalls;True;False;1e-05;6000;1;2;20;50;200;-5;50;0.75;2;55;50;10;10;16;1341;1341
12436229;342;g_000;3;1;30;random;0.5;1342;11;12;2-6,5-9,23-24;;64614.09;66268.47000000002;67568.56499999839;67568.56499999839;1654.3800000000192;1300.0949999983711;1300.0949999983711;eev,integrated,separated,ws;lintim;SiouxFalls;SiouxFalls;True;False;1e-05;6000;1;2;20;50;200;-5;50;0.75;2;55;50;10;10;16;1342;1342
12436229;343;g_000;3;1;30;random;0.5;1343;11;13;2-6,3-4,10-11;;71238.71999999999;75393.26;76805.77999999838;76805.7799999984;4154.540000000008;1412.5199999983888;1412.5199999984034;eev,integrated,separated,ws;lintim;SiouxFalls;SiouxFalls;True;False;1e-05;6000;1;2;20;50;200;-5;50;0.75;2;55;50;10;10;16;1343;1343
12436229;345;g_000;3;1;30;random;0.5;1345;11;15;8-9,9-10,20-22;;52915.54999999999;53046.54999996974;53271.90999999839;53271.90999999839;130.99999996975384;225.36000002864603;225.36000002864603;eev,integrated,separated,ws;lintim;SiouxFalls;SiouxFalls;True;False;1e-05;6000;1;2;20;50;200;-5;50;0.75;2;55;50;10;10;16;1345;1345
12436229;346;g_000;3;1;30;random;0.5;1346;11;16;1-2,8-16,15-22;;59030.495;60668.20000000002;62081.4499999984;61344.32999999995;1637.7050000000163;1413.2499999983777;676.1299999999319;eev,integrated,separated,ws;lintim;SiouxFalls;SiouxFalls;True;False;1e-05;6000;1;2;20;50;200;-5;50;0.75;2;55;50;10;10;16;1346;1346
12436229;347;g_000;3;1;30;random;0.5;1347;11;17;3-12,15-22,18-20;;53051.31;53051.309999983634;53051.3099999984;53051.3099999984;-1.6363628674298525e-08;1.4762917999178173e-08;1.4762917999178173e-08;eev,integrated,separated,ws;lintim;SiouxFalls;SiouxFalls;True;False;1e-05;6000;1;2;20;50;200;-5;50;0.75;2;55;50;10;10;16;1347;1347
12436229;348;g_000;3;1;30;random;0.5;1348;11;18;13-24,14-23,15-22;;66989.6549999967;68122.34;69340.79499999838;69340.79499999838;1132.685000003301;1218.4549999983865;1218.4549999983865;eev,integrated,separated,ws;lintim;SiouxFalls;SiouxFalls;True;False;1e-05;6000;1;2;20;50;200;-5;50;0.75;2;55;50;10;10;16;1348;1348
12436229;349;g_000;3;1;30;random;0.5;1349;11;19;1-3,20-21,20-22;;61379.87999999964;61904.19500000001;62145.92499999837;62145.92499999839;524.3150000003661;241.7299999983661;241.72999999838063;eev,integrated,separated,ws;lintim;SiouxFalls;SiouxFalls;True;False;1e-05;6000;1;2;20;50;200;-5;50;0.75;2;55;50;10;10;16;1349;1349
12436229;350;g_000;3;1;30;random;0.5;1350;11;20;1-2,3-4,17-19;;64181.23999999993;66111.85500000001;67669.58499999839;67138.91000000002;1930.615000000078;1557.729999998381;1027.0550000000076;eev,integrated,separated,ws;lintim;SiouxFalls;SiouxFalls;True;False;1e-05;6000;1;2;20;50;200;-5;50;0.75;2;55;50;10;10;16;1350;1350
12436229;351;g_000;3;1;30;random;0.5;1351;11;21;16-18,17-19,23-24;;65080.04000000001;67125.63500000119;70389.1049999984;69992.21;2045.59500000118;3263.469999997207;2866.5749999988184;eev,integrated,separated,ws;lintim;SiouxFalls;SiouxFalls;True;False;1e-05;6000;1;2;20;50;200;-5;50;0.75;2;55;50;10;10;16;1351;1351
12436229;352;g_000;3;1;30;random;0.5;1352;11;22;7-18,19-20,21-24;;58965.29999999999;60229.25;61311.55999999838;61311.55999999839;1263.9500000000116;1082.3099999983824;1082.3099999983897;eev,integrated,separated,ws;lintim;SiouxFalls;SiouxFalls;True;False;1e-05;6000;1;2;20;50;200;-5;50;0.75;2;55;50;10;10;16;1352;1352
12436229;353;g_000;3;1;30;random;0.5;1353;11;23;1-3,3-12,14-23;;61695.905;62366.64000000002;63154.9649999984;63154.9649999984;670.7350000000224;788.3249999983818;788.3249999983818;eev,integrated,separated,ws;lintim;SiouxFalls;SiouxFalls;True;False;1e-05;6000;1;2;20;50;200;-5;50;0.75;2;55;50;10;10;16;1353;1353
12436229;354;g_000;3;1;30;random;0.5;1354;11;24;7-8,8-9,10-11;;56783.455;57841.48999999999;58686.16999999838;58686.1699999984;1058.034999999989;844.6799999983923;844.6799999984069;eev,integrated,separated,ws;lintim;SiouxFalls;SiouxFalls;True;False;1e-05;6000;1;2;20;50;200;-5;50;0.75;2;55;50;10;10;16;1354;1354
12436229;355;g_000;3;1;30;random;0.5;1355;11;25;18-20,22-23,23-24;;57877.685;59329.87500000001;60415.94499999839;60415.9449999984;1452.1900000000096;1086.0699999983844;1086.0699999983915;eev,integrated,separated,ws;lintim;SiouxFalls;SiouxFalls;True;False;1e-05;6000;1;2;20;50;200;-5;50;0.75;2;55;50;10;10;16;1355;1355
12436229;356;g_000;3;1;30;random;0.5;1356;11;26;4-11,10-17,15-19;;55814.955;56884.635;58748.30999999838;58748.30999999838;1069.6800000000003;1863.6749999983804;1863.6749999983804;eev,integrated,separated,ws;lintim;SiouxFalls;SiouxFalls;True;False;1e-05;6000;1;2;20;50;200;-5;50;0.75;2;55;50;10;10;16;1356;1356
12436229;357;g_000;3;1;30;random;0.5;1357;11;27;1-3,10-17,20-21;;60625.015;61147.39499999996;61899.23999999839;61899.239999998405;522.379999999961;751.8449999984296;751.8449999984441;eev,integrated,separated,ws;lintim;SiouxFalls;SiouxFalls;True;False;1e-05;6000;1;2;20;50;200;-5;50;0.75;2;55;50;10;10;16;1357;1357
12436229;358;g_000;3;1;30;random;0.5;1358;11;28;2-6,3-4,8-9;;62958.67999999999;66127.37499999999;67659.77999999838;67659.7799999984;3168.6949999999924;1532.404999998398;1532.404999998413;eev,integrated,separated,ws;lintim;SiouxFalls;SiouxFalls;True;False;1e-05;6000;1;2;20;50;200;-5;50;0.75;2;55;50;10;10;16;1358;1358
12436229;359;g_000;3;1;30;random;0.5;1359;11;29;1-2,10-17,19-20;;57918.83999999999;59100.97;59745.51999999839;59745.51999999839;1182.130000000012;644.5499999983876;644.5499999983876;eev,integrated,separated,ws;lintim;SiouxFalls;SiouxFalls;True;False;1e-05;6000;1;2;20;50;200;-5;50;0.75;2;55;50;10;10;16;1359;1359
12436229;360;g_000;1;3;20;line_consecutive;0.5;1360;12;0;1-2|14-15|21-24;12|14|6;51751.976666666655;52079.399999988666;52079.39999999839;52079.39999999839;327.4233333220109;9.72795533016324e-09;9.72795533016324e-09;eev,integrated,separated,ws;lintim;SiouxFalls;SiouxFalls;True;False;1e-05;6000;1;2;20;50;200;-5;50;0.75;2;55;50;10;10;16;1360;1360
12436229;361;g_000;1;3;20;line_consecutive;0.5;1361;12;1;16-17|6-8|23-24;2,13|2|4;55965.88333333332;57309.65000000857;57437.71666666506;57437.71666666506;1343.7666666752557;128.06666665648663;128.06666665648663;eev,integrated,separated,ws;lintim;SiouxFalls;SiouxFalls;True;False;1e-05;6000;1;2;20;50;200;-5;50;0.75;2;55;50;10;10;16;1361;1361
12436229;362;g_000;1;3;20;line_consecutive;0.5;1362;12;2;23-24|21-22|8-9;4|13|3,7;52276.366666666654;52812.92000000001;52812.91999999838;52812.91999999838;536.5533333333588;-1.6298145055770872e-09;-1.6298145055770872e-09;eev,integrated,separated,ws;lintim;SiouxFalls;SiouxFalls;True;False;1e-05;6000;1;2;20;50;200;-5;50;0.75;2;55;50;10;10;16;1362;1362
12436229;363;g_000;1;3;20;line_consecutive;0.5;1363;12;3;1-2|23-24|9-10;12|4|7,9;52400.16333333332;53151.70833333343;53151.70833333172;53151.70833333173;751.5450000001074;-1.709850039333105e-09;-1.7025740817189215e-09;eev,integrated,separated,ws;lintim;SiouxFalls;SiouxFalls;True;False;1e-05;6000;1;2;20;50;200;-5;50;0.75;2;55;50;10;10;16;1363;1363
12436229;364;g_000;1;3;20;line_consecutive;0.5;1364;12;4;7-8|9-10|10-16;3,7,11|7,9|1,10;52097.13166666665;53255.71999998106;53255.71999999839;53255.71999999839;1158.5883333144084;1.733133103698492e-08;1.733133103698492e-08;eev,integrated,separated,ws;lintim;SiouxFalls;SiouxFalls;True;False;1e-05;6000;1;2;20;50;200;-5;50;0.75;2;55;50;10;10;16;1364;1364
12436229;365;g_000;1;3;20;line_consecutive;0.5;1365;12;5;17-19|12-13|11-14;2,13,14|12|4,8,10;55721.51499999999;56704.36500001254;56770.34666666505;56770.34666666505;982.8500000125496;65.98166665250756;65.98166665250756;eev,integrated,separated,ws;lintim;SiouxFalls;SiouxFalls;True;False;1e-05;6000;1;2;20;50;200;-5;50;0.75;2;55;50;10;10;16;1365;1365
12436229;366;g_000;1;3;20;line_consecutive;0.5;1366;12;6;20-22|7-8|2-6;11|3,7,11|2;53643.23333333332;54505.26331422233;54505.2633333261;54505.26333332611;862.029980889005;1.910376886371523e-05;1.910378341563046e-05;eev,integrated,separated,ws;lintim;SiouxFalls;SiouxFalls;True;False;1e-05;6000;1;2;20;50;200;-5;50;0.75;2;55;50;10;10;16;1366;1366
12436229;367;g_000;1;3;20;line_consecutive;0.5;1367;12;7;8-9|14-15|1-3;3,7|14|4,8,12;53613.21666666668;53977.77833336183;53977.77833333172;53977.77833333172;364.5616666951464;-3.0107912607491016e-08;-3.0107912607491016e-08;eev,integrated,separated,ws;lintim;SiouxFalls;SiouxFalls;True;False;1e-05;6000;1;2;20;50;200;-5;50;0.75;2;55;50;10;10;16;1367;1367
12436229;368;g_000;1;3;20;line_consecutive;0.5;1368;12;8;7-18|7-8|4-11;3,11|3,7,11|4;52209.05666666666;52686.67166666666;52686.67166666505;52686.67166666506;477.6150000000053;-1.6079866327345371e-09;-1.6007106751203535e-09;eev,integrated,separated,ws;lintim;SiouxFalls;SiouxFalls;True;False;1e-05;6000;1;2;20;50;200;-5;50;0.75;2;55;50;10;10;16;1368;1368
12436229;369;g_000;1;3;20;line_consecutive;0.5;1369;12;9;10-17|22-23|7-18;14|5|3,11;51413.37333333332;51511.06833333334;51511.06833333172;51511.06833333173;97.69500000002154;-1.622538547962904e-09;-1.6152625903487206e-09;eev,integrated,separated,ws;lintim;SiouxFalls;SiouxFalls;True;False;1e-05;6000;1;2;20;50;200;-5;50;0.75;2;55;50;10;10;16;1369;1369
12436229;370;g_000;1;3;20;line_consecutive;0.5;1370;12;10;7-8|19-20|7-18;3,7,11|2|3,11;53267.118333333325;53814.39833333334;53814.39833333172;53814.39833333172;547.2800000000134;-1.6152625903487206e-09;-1.6152625903487206e-09;eev,integrated,separated,ws;lintim;SiouxFalls;SiouxFalls;True;False;1e-05;6000;1;2;20;50;200;-5;50;0.75;2;55;50;10;10;16;1370;1370
12436229;371;g_000;1;3;20;line_consecutive;0.5;1371;12;11;7-18|5-6|11-12;3,11|9|1,7,8;52738.94333333332;53552.760000007445;53618.93833333173;53618.93833333173;813.8166666741236;66.17833332428563;66.17833332428563;eev,integrated,separated,ws;lintim;SiouxFalls;SiouxFalls;True;False;1e-05;6000;1;2;20;50;200;-5;50;0.75;2;55;50;10;10;16;1371;1371
12436229;372;g_000;1;3;20;line_consecutive;0.5;1372;12;12;4-5|10-17|8-16;3|14|2,10,13;53175.476666666655;54104.65499999886;54104.65499999838;54104.65499999838;929.178333332202;-4.729372449219227e-10;-4.729372449219227e-10;eev,integrated,separated,ws;lintim;SiouxFalls;SiouxFalls;True;False;1e-05;6000;1;2;20;50;200;-5;50;0.75;2;55;50;10;10;16;1372;1372
12436229;373;g_000;1;3;20;line_consecutive;0.5;1373;12;13;19-20|8-16|5-9;2|2,10,13|3,9;55290.26833333331;57017.45333333333;57052.10333333172;57052.1033333317;1727.1850000000195;34.64999999838619;34.64999999837164;eev,integrated,separated,ws;lintim;SiouxFalls;SiouxFalls;True;False;1e-05;6000;1;2;20;50;200;-5;50;0.75;2;55;50;10;10;16;1373;1373
12436229;374;g_000;1;3;20;line_consecutive;0.5;1374;12;14;10-15|9-10|2-6;5,9|7,9|2;54157.53499999999;55721.926666666666;55796.61833333172;55796.61833333173;1564.391666666677;74.69166666505043;74.69166666506499;eev,integrated,separated,ws;lintim;SiouxFalls;SiouxFalls;True;False;1e-05;6000;1;2;20;50;200;-5;50;0.75;2;55;50;10;10;16;1374;1374
12436229;375;g_000;1;3;20;line_consecutive;0.5;1375;12;15;21-24|9-10|17-19;6|7,9|2,13,14;54963.47166666665;56033.98333333332;56033.98333333172;56033.98333333172;1070.511666666673;-1.6007106751203535e-09;-1.6007106751203535e-09;eev,integrated,separated,ws;lintim;SiouxFalls;SiouxFalls;True;False;1e-05;6000;1;2;20;50;200;-5;50;0.75;2;55;50;10;10;16;1375;1375
12436229;376;g_000;1;3;20;line_consecutive;0.5;1376;12;16;7-18|1-3|11-12;3,11|4,8,12|1,7,8;55112.500000000015;55876.43333333332;55876.43333333172;55876.43333333172;763.9333333333052;-1.6007106751203535e-09;-1.6007106751203535e-09;eev,integrated,separated,ws;lintim;SiouxFalls;SiouxFalls;True;False;1e-05;6000;1;2;20;50;200;-5;50;0.75;2;55;50;10;10;16;1376;1376
12436229;377;g_000;1;3;20;line_consecutive;0.5;1377;12;17;9-10|10-16|1-2;7,9|1,10|12;52097.13166666665;53131.73499998304;53255.71999999839;53255.71999999839;1034.6033333163869;123.98500001535284;123.98500001535284;eev,integrated,separated,ws;lintim;SiouxFalls;SiouxFalls;True;False;1e-05;6000;1;2;20;50;200;-5;50;0.75;2;55;50;10;10;16;1377;1377
12436229;378;g_000;1;3;20;line_consecutive;0.5;1378;12;18;1-2|15-19|10-16;12|9,13,14|1,10;52082.73166666665;53142.68833333341;53594.09499999834;53594.09499999834;1059.9566666667597;451.4066666649305;451.4066666649305;eev,integrated,separated,ws;lintim;SiouxFalls;SiouxFalls;True;False;1e-05;6000;1;2;20;50;200;-5;50;0.75;2;55;50;10;10;16;1378;1378
12436229;379;g_000;1;3;20;line_consecutive;0.5;1379;12;19;14-23|5-9|8-9;4,10|3,9|3,7;52417.79499999999;53212.90833333063;53212.908333331725;53212.908333331725;795.1133333306425;1.0913936421275139e-09;1.0913936421275139e-09;eev,integrated,separated,ws;lintim;SiouxFalls;SiouxFalls;True;False;1e-05;6000;1;2;20;50;200;-5;50;0.75;2;55;50;10;10;16;1379;1379
12436229;380;g_000;1;5;20;line_consecutive;0.5;1380;13;0;8-9|2-6|14-15|1-3|5-9;3,7|2|14|4,8,12|3,9;54152.02200000002;55117.77699999996;55117.7769999984;55117.7769999984;965.7549999999392;-1.5570549294352531e-09;-1.5570549294352531e-09;eev,integrated,separated,ws;lintim;SiouxFalls;SiouxFalls;True;False;1e-05;6000;1;2;20;50;200;-5;50;0.75;2;55;50;10;10;16;1380;1380
12436229;381;g_000;1;5;20;line_consecutive;0.5;1381;13;1;9-10|10-16|14-23|6-8|19-20;7,9|1,10|4,10|2|2;54937.729;56644.78599999996;56529.50399999839;56529.50399999839;1707.056999999957;-115.28200000156356;-115.28200000156356;eev,integrated,separated,ws;lintim;SiouxFalls;SiouxFalls;True;False;1e-05;6000;1;2;20;50;200;-5;50;0.75;2;55;50;10;10;16;1381;1381
12436229;382;g_000;1;5;20;line_consecutive;0.5;1382;13;2;21-22|7-18|17-19|10-17|20-22;13|3,11|2,13,14|14|11;53059.763;53493.76900000982;53493.76899999502;53493.76899999502;434.00600000982377;-1.4799297787249088e-08;-1.4799297787249088e-08;eev,integrated,separated,ws;lintim;SiouxFalls;SiouxFalls;True;False;1e-05;6000;1;2;20;50;200;-5;50;0.75;2;55;50;10;10;16;1382;1382
12436229;383;g_000;1;5;20;line_consecutive;0.5;1383;13;3;8-16|5-6|7-18|7-8|15-22;2,10,13|9|3,11|3,7,11|5,13;52736.34399999999;53465.07699999442;53465.07699999839;53465.07699999839;728.7329999944268;3.9726728573441505e-09;3.9726728573441505e-09;eev,integrated,separated,ws;lintim;SiouxFalls;SiouxFalls;True;False;1e-05;6000;1;2;20;50;200;-5;50;0.75;2;55;50;10;10;16;1383;1383
12436229;384;g_000;1;5;20;line_consecutive;0.5;1384;13;4;3-12|5-9|7-18|11-12|6-8;8,12|3,9|3,11|1,7,8|2;53306.35599999927;54155.33899999997;54155.33899999839;54155.33899999839;848.9830000006987;-1.5788828022778032e-09;-1.5788828022778032e-09;eev,integrated,separated,ws;lintim;SiouxFalls;SiouxFalls;True;False;1e-05;6000;1;2;20;50;200;-5;50;0.75;2;55;50;10;10;16;1384;1384
12436229;385;g_000;1;5;20;line_consecutive;0.5;1385;13;5;12-13|10-16|8-9|7-18|7-8;12|1,10|3,7|3,11|3,7,11;51587.713;52092.257999999965;52092.25799999839;52092.25799999839;504.5449999999619;-1.5788828022778032e-09;-1.5788828022778032e-09;eev,integrated,separated,ws;lintim;SiouxFalls;SiouxFalls;True;False;1e-05;6000;1;2;20;50;200;-5;50;0.75;2;55;50;10;10;16;1385;1385
12436229;388;g_000;1;5;20;line_consecutive;0.5;1388;13;8;10-16|20-22|14-15|4-11|20-21;1,10|11|14|4|6;52581.285;53508.00199999996;53570.66199999502;53570.66199999502;926.7169999999531;62.65999999506312;62.65999999506312;eev,integrated,separated,ws;lintim;SiouxFalls;SiouxFalls;True;False;1e-05;6000;1;2;20;50;200;-5;50;0.75;2;55;50;10;10;16;1388;1388
12436229;389;g_000;1;5;20;line_consecutive;0.5;1389;13;9;19-20|15-22|1-3|16-18|20-22;2|5,13|4,8,12|1|11;54552.83700000001;55434.29399999996;55513.76399999503;55513.76399999503;881.4569999999512;79.46999999507534;79.46999999507534;eev,integrated,separated,ws;lintim;SiouxFalls;SiouxFalls;True;False;1e-05;6000;1;2;20;50;200;-5;50;0.75;2;55;50;10;10;16;1389;1389
12436229;390;g_000;1;5;20;line_consecutive;0.5;1390;13;10;1-2|10-17|2-6|7-8|6-8;12|14|2|3,7,11|2;53882.382;54779.15999999976;54779.15999999839;54779.1599999984;896.7779999997656;-1.3751559890806675e-09;-1.3606040738523004e-09;eev,integrated,separated,ws;lintim;SiouxFalls;SiouxFalls;True;False;1e-05;6000;1;2;20;50;200;-5;50;0.75;2;55;50;10;10;16;1390;1390
12436229;391;g_000;1;5;20;line_consecutive;0.5;1391;13;11;17-19|4-5|3-12|19-20|7-8;2,13,14|3|8,12|2|3,7,11;54250.05399999927;54892.24100000165;54892.24099999839;54892.2409999984;642.1870000023846;-3.2669049687683582e-09;-3.2523530535399914e-09;eev,integrated,separated,ws;lintim;SiouxFalls;SiouxFalls;True;False;1e-05;6000;1;2;20;50;200;-5;50;0.75;2;55;50;10;10;16;1391;1391
12436229;392;g_000;1;5;20;line_consecutive;0.5;1392;13;12;21-22|12-13|22-23|1-2|11-12;13|12|5|12|1,7,8;52256.07399999999;52615.9269999985;52615.9269999984;52615.9269999984;359.85299999850395;-9.458744898438454e-11;-9.458744898438454e-11;eev,integrated,separated,ws;lintim;SiouxFalls;SiouxFalls;True;False;1e-05;6000;1;2;20;50;200;-5;50;0.75;2;55;50;10;10;16;1392;1392
12436229;394;g_000;1;5;20;line_consecutive;0.5;1394;13;14;10-17|8-16|3-4|20-21|22-23;14|2,10,13|3,4|6|5;53595.684;54694.99800000076;54694.99799999839;54694.99799999839;1099.3140000007625;-2.371962182223797e-09;-2.371962182223797e-09;eev,integrated,separated,ws;lintim;SiouxFalls;SiouxFalls;True;False;1e-05;6000;1;2;20;50;200;-5;50;0.75;2;55;50;10;10;16;1394;1394
12436229;395;g_000;1;5;20;line_consecutive;0.5;1395;13;15;1-2|3-4|2-6|4-5|22-23;12|3,4|2|3|5;53557.508;54476.84399999997;54476.8439999984;54476.8439999984;919.3359999999666;-1.5716068446636202e-09;-1.5716068446636202e-09;eev,integrated,separated,ws;lintim;SiouxFalls;SiouxFalls;True;False;1e-05;6000;1;2;20;50;200;-5;50;0.75;2;55;50;10;10;16;1395;1395
12436229;396;g_000;1;5;20;line_consecutive;0.5;1396;13;16;2-6|4-5|23-24|21-22|15-19;2|3|4|13|9,13,14;53441.734;54683.157000000014;54683.15699999836;54683.15699999837;1241.423000000017;-1.6516423784196375e-09;-1.6443664208054543e-09;eev,integrated,separated,ws;lintim;SiouxFalls;SiouxFalls;True;False;1e-05;6000;1;2;20;50;200;-5;50;0.75;2;55;50;10;10;16;1396;1396
12436229;398;g_000;1;5;20;line_consecutive;0.5;1398;13;18;22-23|4-11|3-12|8-16|14-23;5|4|8,12|2,10,13|4,10;53839.98099999928;54874.1959999952;54872.7939999984;54872.7939999984;1034.214999995922;-1.4019999968004413;-1.4019999968004413;eev,integrated,separated,ws;lintim;SiouxFalls;SiouxFalls;True;False;1e-05;6000;1;2;20;50;200;-5;50;0.75;2;55;50;10;10;16;1398;1398
12436229;399;g_000;1;5;20;line_consecutive;0.5;1399;13;19;12-13|10-15|7-18|11-12|7-8;12|5,9|3,11|1,7,8|3,7,11;52255.181;52829.00199998976;52829.00199999839;52829.00199999839;573.8209999897663;8.629285730421543e-09;8.629285730421543e-09;eev,integrated,separated,ws;lintim;SiouxFalls;SiouxFalls;True;False;1e-05;6000;1;2;20;50;200;-5;50;0.75;2;55;50;10;10;16;1399;1399
