array_job_id;task_id;run_group_id;case_k;case_per_run;case_variants;case_selection;case_p_fail;case_id;case_sweep_row;case_variant_idx;case_edges;case_lines;WS;RP;EEV_nom;EEV_mean;EVPI;VSS_nom;VSS_mean;procedures_present;source;network;scenario_line_data;routing_agg;waiting_time_frequency;gap;time_limit;travel_time_cost_mult;waiting_time_cost_mult;line_operation_cost_mult;cost_repl_freq;cost_repl_line;repl_budget;bypass_multiplier;overdemand_threshold;overdemand_multiplier;num_od;train_capacity;infrastructure_capacity;max_frequency;threads;scenario_infra_id;scenario_prob_id
12428870;0;g_000;1;1;100;line_consecutive;0.5;1000;0;0;11-12;1,7,8;55805.34999999999;56860.90999999957;57296.33499999839;57296.3349999984;1055.5599999995757;435.4249999988242;435.4249999988315;eev,integrated,separated,ws;lintim;SiouxFalls;SiouxFalls;True;False;1e-05;6000;1;2;20;50;200;-5;50;0.75;2;55;50;10;10;16;1000;1000
12428870;1;g_000;1;1;100;line_consecutive;0.5;1001;0;1;10-11;1,7,10;55473.42;56713.88000000002;58023.90499999839;58023.90499703081;1240.460000000021;1310.0249999983716;1310.0249970307923;eev,integrated,separated,ws;lintim;SiouxFalls;SiouxFalls;True;False;1e-05;6000;1;2;20;50;200;-5;50;0.75;2;55;50;10;10;16;1001;1001
12428870;2;g_000;1;1;100;line_consecutive;0.5;1002;0;2;10-16;1,10;53377.605;54149.60500000002;55900.32999999838;55900.32999999839;772.0000000000146;1750.7249999983617;1750.7249999983687;eev,integrated,separated,ws;lintim;SiouxFalls;SiouxFalls;True;False;1e-05;6000;1;2;20;50;200;-5;50;0.75;2;55;50;10;10;16;1002;1002
12428870;3;g_000;1;1;100;line_consecutive;0.5;1003;0;3;16-18;1;52659.84999999999;53324.045000000006;55021.82999999839;55021.82999999839;664.1950000000143;1697.784999998381;1697.784999998381;eev,integrated,separated,ws;lintim;SiouxFalls;SiouxFalls;True;False;1e-05;6000;1;2;20;50;200;-5;50;0.75;2;55;50;10;10;16;1003;1003
12428870;4;g_000;1;1;100;line_consecutive;0.5;1004;0;4;2-6;2;58649.21999999999;60364.61000000001;61235.3099999984;61235.3099999984;1715.3900000000212;870.6999999983891;870.6999999983891;eev,integrated,separated,ws;lintim;SiouxFalls;SiouxFalls;True;False;1e-05;6000;1;2;20;50;200;-5;50;0.75;2;55;50;10;10;16;1004;1004
12428870;5;g_000;1;1;100;line_consecutive;0.5;1005;0;5;6-8;2;57174.70999999999;58215.33000000001;58779.639999998384;58779.63999999839;1040.6200000000172;564.3099999983751;564.3099999983824;eev,integrated,separated,ws;lintim;SiouxFalls;SiouxFalls;True;False;1e-05;6000;1;2;20;50;200;-5;50;0.75;2;55;50;10;10;16;1005;1005
12428870;6;g_000;1;1;100;line_consecutive;0.5;1006;0;6;8-16;2,10,13;57078.68999999999;58362.380000000034;59573.35499999838;58810.01999999999;1283.690000000046;1210.974999998347;447.63999999995576;eev,integrated,separated,ws;lintim;SiouxFalls;SiouxFalls;True;False;1e-05;6000;1;2;20;50;200;-5;50;0.75;2;55;50;10;10;16;1006;1006
12428870;7;g_000;1;1;100;line_consecutive;0.5;1007;0;7;16-17;2,13;56436.240000000005;57344.130000000005;57945.2149999984;57889.19;907.8899999999994;601.0849999983984;545.0599999999977;eev,integrated,separated,ws;lintim;SiouxFalls;SiouxFalls;True;False;1e-05;6000;1;2;20;50;200;-5;50;0.75;2;55;50;10;10;16;1007;1007
12428870;8;g_000;1;1;100;line_consecutive;0.5;1008;0;8;17-19;2,13,14;60308.675;60993.63499999944;61877.76999999839;61414.10544037583;684.9599999994389;884.134999998947;420.4704403763899;eev,integrated,separated,ws;lintim;SiouxFalls;SiouxFalls;True;False;1e-05;6000;1;2;20;50;200;-5;50;0.75;2;55;50;10;10;16;1008;1008
12428870;9;g_000;1;1;100;line_consecutive;0.5;1009;0;9;19-20;2;57520.875;58598.405000000006;59162.71499999838;59162.71499999839;1077.530000000006;564.3099999983751;564.3099999983824;eev,integrated,separated,ws;lintim;SiouxFalls;SiouxFalls;True;False;1e-05;6000;1;2;20;50;200;-5;50;0.75;2;55;50;10;10;16;1009;1009
12428870;10;g_000;1;1;100;line_consecutive;0.5;1010;0;10;3-4;3,4;55065.45999999999;55980.80500000001;57075.83499999839;57075.83499999839;915.3450000000156;1095.0299999983836;1095.0299999983836;eev,integrated,separated,ws;lintim;SiouxFalls;SiouxFalls;True;False;1e-05;6000;1;2;20;50;200;-5;50;0.75;2;55;50;10;10;16;1010;1010
12428870;11;g_000;1;1;100;line_consecutive;0.5;1011;0;11;4-5;3;51140.24;51140.24000002087;51140.23999999839;51140.2399999984;2.0874722395092252e-08;-2.2482709027826783e-08;-2.2475433070212606e-08;eev,integrated,separated,ws;lintim;SiouxFalls;SiouxFalls;True;False;1e-05;6000;1;2;20;50;200;-5;50;0.75;2;55;50;10;10;16;1011;1011
12428870;12;g_000;1;1;100;line_consecutive;0.5;1012;0;12;5-9;3,9;51271.24;51402.240000000005;52420.23999999839;52420.239999998405;131.00000000000728;1017.9999999983849;1017.9999999983992;eev,integrated,separated,ws;lintim;SiouxFalls;SiouxFalls;True;False;1e-05;6000;1;2;20;50;200;-5;50;0.75;2;55;50;10;10;16;1012;1012
12428870;13;g_000;1;1;100;line_consecutive;0.5;1013;0;13;8-9;3,7;51140.240000000005;51140.23999999955;51140.23999999839;51140.23999999839;-4.5838532969355583e-10;-1.1568772606551647e-09;-1.1568772606551647e-09;eev,integrated,separated,ws;lintim;SiouxFalls;SiouxFalls;True;False;1e-05;6000;1;2;20;50;200;-5;50;0.75;2;55;50;10;10;16;1013;1013
12428870;14;g_000;1;1;100;line_consecutive;0.5;1014;0;14;7-8;3,7,11;51140.23999999999;51140.240000000005;51140.23999999839;51140.2399999984;1.4551915228366852e-11;-1.6152625903487206e-09;-1.6079866327345371e-09;eev,integrated,separated,ws;lintim;SiouxFalls;SiouxFalls;True;False;1e-05;6000;1;2;20;50;200;-5;50;0.75;2;55;50;10;10;16;1014;1014
12428870;15;g_000;1;1;100;line_consecutive;0.5;1015;0;15;7-18;3,11;51140.23999999999;51140.24000000001;51140.23999999839;51140.23999999839;2.182787284255028e-11;-1.622538547962904e-09;-1.622538547962904e-09;eev,integrated,separated,ws;lintim;SiouxFalls;SiouxFalls;True;False;1e-05;6000;1;2;20;50;200;-5;50;0.75;2;55;50;10;10;16;1015;1015
12428870;16;g_000;1;1;100;line_consecutive;0.5;1016;0;16;1-3;4,8,12;58391.91000000008;58918.000000000015;59192.72499999839;59192.7249999984;526.089999999931;274.724999998376;274.7249999983833;eev,integrated,separated,ws;lintim;SiouxFalls;SiouxFalls;True;False;1e-05;6000;1;2;20;50;200;-5;50;0.75;2;55;50;10;10;16;1016;1016
12428870;17;g_000;1;1;100;line_consecutive;0.5;1017;0;17;4-11;4;54346.68999999999;55250.21499999997;55779.53499999839;55779.5349999984;903.5249999999796;529.3199999984208;529.3199999984354;eev,integrated,separated,ws;lintim;SiouxFalls;SiouxFalls;True;False;1e-05;6000;1;2;20;50;200;-5;50;0.75;2;55;50;10;10;16;1017;1017
12428870;18;g_000;1;1;100;line_consecutive;0.5;1018;0;18;11-14;4,8,10;55715.62999999999;56294.27999999999;57293.02999999839;57293.0299999984;578.6500000000015;998.7499999983992;998.7499999984066;eev,integrated,separated,ws;lintim;SiouxFalls;SiouxFalls;True;False;1e-05;6000;1;2;20;50;200;-5;50;0.75;2;55;50;10;10;16;1018;1018
12428870;19;g_000;1;1;100;line_consecutive;0.5;1019;0;19;14-23;4,10;54841.905;55396.175;56078.2449999984;56078.2449999984;554.2700000000041;682.069999998399;682.069999998399;eev,integrated,separated,ws;lintim;SiouxFalls;SiouxFalls;True;False;1e-05;6000;1;2;20;50;200;-5;50;0.75;2;55;50;10;10;16;1019;1019
12428870;20;g_000;1;1;100;line_consecutive;0.5;1020;0;20;23-24;4;54286.7;55198.02999992916;55588.29499999839;55588.2949999984;911.329999929163;390.26500006923015;390.26500006923743;eev,integrated,separated,ws;lintim;SiouxFalls;SiouxFalls;True;False;1e-05;6000;1;2;20;50;200;-5;50;0.75;2;55;50;10;10;16;1020;1020
12428870;21;g_000;1;1;100;line_consecutive;0.5;1021;0;21;10-15;5,9;52049.83500000001;52180.835000000014;53427.95499999839;53427.9549999984;131.00000000000728;1247.1199999983728;1247.1199999983874;eev,integrated,separated,ws;lintim;SiouxFalls;SiouxFalls;True;False;1e-05;6000;1;2;20;50;200;-5;50;0.75;2;55;50;10;10;16;1021;1021
12428870;22;g_000;1;1;100;line_consecutive;0.5;1022;0;22;15-22;5,13;53051.31;53051.31000000001;53051.30999999839;53051.3099999984;1.4551915228366852e-11;-1.622538547962904e-09;-1.6152625903487206e-09;eev,integrated,separated,ws;lintim;SiouxFalls;SiouxFalls;True;False;1e-05;6000;1;2;20;50;200;-5;50;0.75;2;55;50;10;10;16;1022;1022
12428870;23;g_000;1;1;100;line_consecutive;0.5;1023;0;23;22-23;5;51792.37999999999;51792.595000000016;51792.59499999839;51792.59499999839;0.2150000000256113;-1.622538547962904e-09;-1.622538547962904e-09;eev,integrated,separated,ws;lintim;SiouxFalls;SiouxFalls;True;False;1e-05;6000;1;2;20;50;200;-5;50;0.75;2;55;50;10;10;16;1023;1023
12428870;24;g_000;1;1;100;line_consecutive;0.5;1024;0;24;13-24;6;53437.67;53966.72;54488.29499999839;54488.2949999984;529.0500000000029;521.5749999983891;521.5749999983964;eev,integrated,separated,ws;lintim;SiouxFalls;SiouxFalls;True;False;1e-05;6000;1;2;20;50;200;-5;50;0.75;2;55;50;10;10;16;1024;1024
12428870;25;g_000;1;1;100;line_consecutive;0.5;1025;0;25;21-24;6;52808.19;53127.14000000001;53497.5899999984;53497.5899999984;318.9500000000044;370.4499999983964;370.4499999983964;eev,integrated,separated,ws;lintim;SiouxFalls;SiouxFalls;True;False;1e-05;6000;1;2;20;50;200;-5;50;0.75;2;55;50;10;10;16;1025;1025
12428870;26;g_000;1;1;100;line_consecutive;0.5;1026;0;26;20-21;6;52734.38999999999;53053.34;53432.83499999839;53432.83499999839;318.9500000000044;379.4949999983946;379.4949999983946;eev,integrated,separated,ws;lintim;SiouxFalls;SiouxFalls;True;False;1e-05;6000;1;2;20;50;200;-5;50;0.75;2;55;50;10;10;16;1026;1026
12428870;27;g_000;1;1;100;line_consecutive;0.5;1027;0;27;9-10;7,9;51773.55;52406.859999992805;52726.58999999839;52726.5899999984;633.3099999928017;319.73000000558386;319.7300000055984;eev,integrated,separated,ws;lintim;SiouxFalls;SiouxFalls;True;False;1e-05;6000;1;2;20;50;200;-5;50;0.75;2;55;50;10;10;16;1027;1027
12428870;28;g_000;1;1;100;line_consecutive;0.5;1028;0;28;3-12;8,12;51140.239999996375;51140.24000000001;51140.23999999839;51140.23999999839;3.637978807091713e-09;-1.622538547962904e-09;-1.622538547962904e-09;eev,integrated,separated,ws;lintim;SiouxFalls;SiouxFalls;True;False;1e-05;6000;1;2;20;50;200;-5;50;0.75;2;55;50;10;10;16;1028;1028
12428870;29;g_000;1;1;100;line_consecutive;0.5;1029;0;29;5-6;9;51271.24;51402.240000000005;52420.23999999839;52420.23999999839;131.00000000000728;1017.9999999983849;1017.9999999983849;eev,integrated,separated,ws;lintim;SiouxFalls;SiouxFalls;True;False;1e-05;6000;1;2;20;50;200;-5;50;0.75;2;55;50;10;10;16;1029;1029
12428870;30;g_000;1;1;100;line_consecutive;0.5;1030;0;30;15-19;9,13,14;51730.34999999999;52320.46000000001;53741.714999998265;53741.714999998265;590.1100000000151;1421.2549999982584;1421.2549999982584;eev,integrated,separated,ws;lintim;SiouxFalls;SiouxFalls;True;False;1e-05;6000;1;2;20;50;200;-5;50;0.75;2;55;50;10;10;16;1030;1030
12428870;31;g_000;1;1;100;line_consecutive;0.5;1031;0;31;20-22;11;51140.23999999999;51140.24000000001;51140.23999998155;51140.23999998155;2.182787284255028e-11;-1.845910446718335e-08;-1.845910446718335e-08;eev,integrated,separated,ws;lintim;SiouxFalls;SiouxFalls;True;False;1e-05;6000;1;2;20;50;200;-5;50;0.75;2;55;50;10;10;16;1031;1031
12428870;32;g_000;1;1;100;line_consecutive;0.5;1032;0;32;18-20;11;51140.24;51140.24000000485;51140.23999998507;51140.23999998508;4.853063728660345e-09;-1.9783328752964732e-08;-1.9768776837736368e-08;eev,integrated,separated,ws;lintim;SiouxFalls;SiouxFalls;True;False;1e-05;6000;1;2;20;50;200;-5;50;0.75;2;55;50;10;10;16;1032;1032
12428870;33;g_000;1;1;100;line_consecutive;0.5;1033;0;33;12-13;12;51140.23999999999;51140.24000000001;51140.23999999839;51140.23999999839;2.182787284255028e-11;-1.622538547962904e-09;-1.622538547962904e-09;eev,integrated,separated,ws;lintim;SiouxFalls;SiouxFalls;True;False;1e-05;6000;1;2;20;50;200;-5;50;0.75;2;55;50;10;10;16;1033;1033
12428870;34;g_000;1;1;100;line_consecutive;0.5;1034;0;34;1-2;12;51140.24;51140.24000000041;51140.23999999839;51140.23999999839;4.147295840084553e-10;-2.0227162167429924e-09;-2.0227162167429924e-09;eev,integrated,separated,ws;lintim;SiouxFalls;SiouxFalls;True;False;1e-05;6000;1;2;20;50;200;-5;50;0.75;2;55;50;10;10;16;1034;1034
12428870;35;g_000;1;1;100;line_consecutive;0.5;1035;0;35;21-22;13;51402.15999999999;51664.08000000001;51710.22499999839;51710.22499999838;261.9200000000201;46.144999998381536;46.14499999837426;eev,integrated,separated,ws;lintim;SiouxFalls;SiouxFalls;True;False;1e-05;6000;1;2;20;50;200;-5;50;0.75;2;55;50;10;10;16;1035;1035
12428870;36;g_000;1;1;100;line_consecutive;0.5;1036;0;36;14-15;14;51307.5;51474.76;51600.3699999984;51600.3699999984;167.26000000000204;125.60999999839989;125.60999999839989;eev,integrated,separated,ws;lintim;SiouxFalls;SiouxFalls;True;False;1e-05;6000;1;2;20;50;200;-5;50;0.75;2;55;50;10;10;16;1036;1036
12428870;37;g_000;1;1;100;line_consecutive;0.5;1037;0;37;10-17;14;51307.5;51474.76;51600.3699999984;51600.3699999984;167.26000000000204;125.60999999839989;125.60999999839989;eev,integrated,separated,ws;lintim;SiouxFalls;SiouxFalls;True;False;1e-05;6000;1;2;20;50;200;-5;50;0.75;2;55;50;10;10;16;1037;1037
12428870;38;g_000;2;1;200;line_consecutive;0.5;1038;1;0;10-11,11-12;1,7;55805.34999999999;56860.90999999957;57296.33499999839;57296.3349999984;1055.5599999995757;435.4249999988242;435.4249999988315;eev,integrated,separated,ws;lintim;SiouxFalls;SiouxFalls;True;False;1e-05;6000;1;2;20;50;200;-5;50;0.75;2;55;50;10;10;16;1038;1038
12428870;39;g_000;2;1;200;line_consecutive;0.5;1039;1;1;10-11,10-16;1,10;55473.42;56713.88000000002;58023.90499999839;58023.90499703081;1240.460000000021;1310.0249999983716;1310.0249970307923;eev,integrated,separated,ws;lintim;SiouxFalls;SiouxFalls;True;False;1e-05;6000;1;2;20;50;200;-5;50;0.75;2;55;50;10;10;16;1039;1039
12428870;40;g_000;2;1;200;line_consecutive;0.5;1040;1;2;10-16,16-18;1;53377.605;54149.60500000002;55900.32999999838;55900.32999999839;772.0000000000146;1750.7249999983617;1750.7249999983687;eev,integrated,separated,ws;lintim;SiouxFalls;SiouxFalls;True;False;1e-05;6000;1;2;20;50;200;-5;50;0.75;2;55;50;10;10;16;1040;1040
12428870;41;g_000;2;1;200;line_consecutive;0.5;1041;1;3;2-6,6-8;2;52659.84999999999;53324.045000000006;55021.82999999839;55021.82999999839;664.1950000000143;1697.784999998381;1697.784999998381;eev,integrated,separated,ws;lintim;SiouxFalls;SiouxFalls;True;False;1e-05;6000;1;2;20;50;200;-5;50;0.75;2;55;50;10;10;16;1041;1041
12428870;42;g_000;2;1;200;line_consecutive;0.5;1042;1;4;6-8,8-16;2;58649.21999999999;60364.61000000001;61235.3099999984;61235.3099999984;1715.3900000000212;870.6999999983891;870.6999999983891;eev,integrated,separated,ws;lintim;SiouxFalls;SiouxFalls;True;False;1e-05;6000;1;2;20;50;200;-5;50;0.75;2;55;50;10;10;16;1042;1042
12428870;43;g_000;2;1;200;line_consecutive;0.5;1043;1;5;8-16,16-17;2,13;57174.70999999999;58215.33000000001;58779.639999998384;58779.63999999839;1040.6200000000172;564.3099999983751;564.3099999983824;eev,integrated,separated,ws;lintim;SiouxFalls;SiouxFalls;True;False;1e-05;6000;1;2;20;50;200;-5;50;0.75;2;55;50;10;10;16;1043;1043
12428870;44;g_000;2;1;200;line_consecutive;0.5;1044;1;6;16-17,17-19;2,13;57078.68999999999;58362.380000000034;59573.35499999838;58810.01999999999;1283.690000000046;1210.974999998347;447.63999999995576;eev,integrated,separated,ws;lintim;SiouxFalls;SiouxFalls;True;False;1e-05;6000;1;2;20;50;200;-5;50;0.75;2;55;50;10;10;16;1044;1044
12428870;45;g_000;2;1;200;line_consecutive;0.5;1045;1;7;17-19,19-20;2;56436.240000000005;57344.130000000005;57945.2149999984;57889.19;907.8899999999994;601.0849999983984;545.0599999999977;eev,integrated,separated,ws;lintim;SiouxFalls;SiouxFalls;True;False;1e-05;6000;1;2;20;50;200;-5;50;0.75;2;55;50;10;10;16;1045;1045
12428870;46;g_000;2;1;200;line_consecutive;0.5;1046;1;8;3-4,4-5;3;60308.675;60993.63499999944;61877.76999999839;61414.10544037583;684.9599999994389;884.134999998947;420.4704403763899;eev,integrated,separated,ws;lintim;SiouxFalls;SiouxFalls;True;False;1e-05;6000;1;2;20;50;200;-5;50;0.75;2;55;50;10;10;16;1046;1046
12428870;47;g_000;2;1;200;line_consecutive;0.5;1047;1;9;4-5,5-9;3;57520.875;58598.405000000006;59162.71499999838;59162.71499999839;1077.530000000006;564.3099999983751;564.3099999983824;eev,integrated,separated,ws;lintim;SiouxFalls;SiouxFalls;True;False;1e-05;6000;1;2;20;50;200;-5;50;0.75;2;55;50;10;10;16;1047;1047
12428870;48;g_000;2;1;200;line_consecutive;0.5;1048;1;10;5-9,8-9;3;55065.45999999999;55980.80500000001;57075.83499999839;57075.83499999839;915.3450000000156;1095.0299999983836;1095.0299999983836;eev,integrated,separated,ws;lintim;SiouxFalls;SiouxFalls;True;False;1e-05;6000;1;2;20;50;200;-5;50;0.75;2;55;50;10;10;16;1048;1048
12428870;49;g_000;2;1;200;line_consecutive;0.5;1049;1;11;7-8,8-9;3,7;51140.24;51140.24000002087;51140.23999999839;51140.2399999984;2.0874722395092252e-08;-2.2482709027826783e-08;-2.2475433070212606e-08;eev,integrated,separated,ws;lintim;SiouxFalls;SiouxFalls;True;False;1e-05;6000;1;2;20;50;200;-5;50;0.75;2;55;50;10;10;16;1049;1049
12428870;50;g_000;2;1;200;line_consecutive;0.5;1050;1;12;7-8,7-18;3,11;51271.24;51402.240000000005;52420.23999999839;52420.239999998405;131.00000000000728;1017.9999999983849;1017.9999999983992;eev,integrated,separated,ws;lintim;SiouxFalls;SiouxFalls;True;False;1e-05;6000;1;2;20;50;200;-5;50;0.75;2;55;50;10;10;16;1050;1050
12428870;51;g_000;2;1;200;line_consecutive;0.5;1051;1;13;1-3,3-4;4;51140.240000000005;51140.23999999955;51140.23999999839;51140.23999999839;-4.5838532969355583e-10;-1.1568772606551647e-09;-1.1568772606551647e-09;eev,integrated,separated,ws;lintim;SiouxFalls;SiouxFalls;True;False;1e-05;6000;1;2;20;50;200;-5;50;0.75;2;55;50;10;10;16;1051;1051
12428870;52;g_000;2;1;200;line_consecutive;0.5;1052;1;14;3-4,4-11;4;51140.23999999999;51140.240000000005;51140.23999999839;51140.2399999984;1.4551915228366852e-11;-1.6152625903487206e-09;-1.6079866327345371e-09;eev,integrated,separated,ws;lintim;SiouxFalls;SiouxFalls;True;False;1e-05;6000;1;2;20;50;200;-5;50;0.75;2;55;50;10;10;16;1052;1052
12428870;53;g_000;2;1;200;line_consecutive;0.5;1053;1;15;4-11,11-14;4;51140.23999999999;51140.24000000001;51140.23999999839;51140.23999999839;2.182787284255028e-11;-1.622538547962904e-09;-1.622538547962904e-09;eev,integrated,separated,ws;lintim;SiouxFalls;SiouxFalls;True;False;1e-05;6000;1;2;20;50;200;-5;50;0.75;2;55;50;10;10;16;1053;1053
12428870;54;g_000;2;1;200;line_consecutive;0.5;1054;1;16;11-14,14-23;4,10;58391.91000000008;58918.000000000015;59192.72499999839;59192.7249999984;526.089999999931;274.724999998376;274.7249999983833;eev,integrated,separated,ws;lintim;SiouxFalls;SiouxFalls;True;False;1e-05;6000;1;2;20;50;200;-5;50;0.75;2;55;50;10;10;16;1054;1054
12428870;55;g_000;2;1;200;line_consecutive;0.5;1055;1;17;14-23,23-24;4;54346.68999999999;55250.21499999997;55779.53499999839;55779.5349999984;903.5249999999796;529.3199999984208;529.3199999984354;eev,integrated,separated,ws;lintim;SiouxFalls;SiouxFalls;True;False;1e-05;6000;1;2;20;50;200;-5;50;0.75;2;55;50;10;10;16;1055;1055
12428870;56;g_000;2;1;200;line_consecutive;0.5;1056;1;18;10-15,15-22;5;55715.62999999999;56294.27999999999;57293.02999999839;57293.0299999984;578.6500000000015;998.7499999983992;998.7499999984066;eev,integrated,separated,ws;lintim;SiouxFalls;SiouxFalls;True;False;1e-05;6000;1;2;20;50;200;-5;50;0.75;2;55;50;10;10;16;1056;1056
12428870;57;g_000;2;1;200;line_consecutive;0.5;1057;1;19;15-22,22-23;5;54841.905;55396.175;56078.2449999984;56078.2449999984;554.2700000000041;682.069999998399;682.069999998399;eev,integrated,separated,ws;lintim;SiouxFalls;SiouxFalls;True;False;1e-05;6000;1;2;20;50;200;-5;50;0.75;2;55;50;10;10;16;1057;1057
12428870;58;g_000;2;1;200;line_consecutive;0.5;1058;1;20;13-24,21-24;6;54286.7;55198.02999992916;55588.29499999839;55588.2949999984;911.329999929163;390.26500006923015;390.26500006923743;eev,integrated,separated,ws;lintim;SiouxFalls;SiouxFalls;True;False;1e-05;6000;1;2;20;50;200;-5;50;0.75;2;55;50;10;10;16;1058;1058
12428870;59;g_000;2;1;200;line_consecutive;0.5;1059;1;21;20-21,21-24;6;52049.83500000001;52180.835000000014;53427.95499999839;53427.9549999984;131.00000000000728;1247.1199999983728;1247.1199999983874;eev,integrated,separated,ws;lintim;SiouxFalls;SiouxFalls;True;False;1e-05;6000;1;2;20;50;200;-5;50;0.75;2;55;50;10;10;16;1059;1059
12428870;60;g_000;2;1;200;line_consecutive;0.5;1060;1;22;9-10,10-11;7;53051.31;53051.31000000001;53051.30999999839;53051.3099999984;1.4551915228366852e-11;-1.622538547962904e-09;-1.6152625903487206e-09;eev,integrated,separated,ws;lintim;SiouxFalls;SiouxFalls;True;False;1e-05;6000;1;2;20;50;200;-5;50;0.75;2;55;50;10;10;16;1060;1060
12428870;61;g_000;2;1;200;line_consecutive;0.5;1061;1;23;8-9,9-10;7;51792.37999999999;51792.595000000016;51792.59499999839;51792.59499999839;0.2150000000256113;-1.622538547962904e-09;-1.622538547962904e-09;eev,integrated,separated,ws;lintim;SiouxFalls;SiouxFalls;True;False;1e-05;6000;1;2;20;50;200;-5;50;0.75;2;55;50;10;10;16;1061;1061
12428870;62;g_000;2;1;200;line_consecutive;0.5;1062;1;24;1-3,3-12;8,12;53437.67;53966.72;54488.29499999839;54488.2949999984;529.0500000000029;521.5749999983891;521.5749999983964;eev,integrated,separated,ws;lintim;SiouxFalls;SiouxFalls;True;False;1e-05;6000;1;2;20;50;200;-5;50;0.75;2;55;50;10;10;16;1062;1062
12428870;63;g_000;2;1;200;line_consecutive;0.5;1063;1;25;3-12,11-12;8;52808.19;53127.14000000001;53497.5899999984;53497.5899999984;318.9500000000044;370.4499999983964;370.4499999983964;eev,integrated,separated,ws;lintim;SiouxFalls;SiouxFalls;True;False;1e-05;6000;1;2;20;50;200;-5;50;0.75;2;55;50;10;10;16;1063;1063
12428870;64;g_000;2;1;200;line_consecutive;0.5;1064;1;26;11-12,11-14;8;52734.38999999999;53053.34;53432.83499999839;53432.83499999839;318.9500000000044;379.4949999983946;379.4949999983946;eev,integrated,separated,ws;lintim;SiouxFalls;SiouxFalls;True;False;1e-05;6000;1;2;20;50;200;-5;50;0.75;2;55;50;10;10;16;1064;1064
12428870;65;g_000;2;1;200;line_consecutive;0.5;1065;1;27;5-6,5-9;9;51773.55;52406.859999992805;52726.58999999839;52726.5899999984;633.3099999928017;319.73000000558386;319.7300000055984;eev,integrated,separated,ws;lintim;SiouxFalls;SiouxFalls;True;False;1e-05;6000;1;2;20;50;200;-5;50;0.75;2;55;50;10;10;16;1065;1065
12428870;66;g_000;2;1;200;line_consecutive;0.5;1066;1;28;5-9,9-10;9;51140.239999996375;51140.24000000001;51140.23999999839;51140.23999999839;3.637978807091713e-09;-1.622538547962904e-09;-1.622538547962904e-09;eev,integrated,separated,ws;lintim;SiouxFalls;SiouxFalls;True;False;1e-05;6000;1;2;20;50;200;-5;50;0.75;2;55;50;10;10;16;1066;1066
12428870;67;g_000;2;1;200;line_consecutive;0.5;1067;1;29;9-10,10-15;9;51271.24;51402.240000000005;52420.23999999839;52420.23999999839;131.00000000000728;1017.9999999983849;1017.9999999983849;eev,integrated,separated,ws;lintim;SiouxFalls;SiouxFalls;True;False;1e-05;6000;1;2;20;50;200;-5;50;0.75;2;55;50;10;10;16;1067;1067
12428870;68;g_000;2;1;200;line_consecutive;0.5;1068;1;30;10-15,15-19;9;51730.34999999999;52320.46000000001;53741.714999998265;53741.714999998265;590.1100000000151;1421.2549999982584;1421.2549999982584;eev,integrated,separated,ws;lintim;SiouxFalls;SiouxFalls;True;False;1e-05;6000;1;2;20;50;200;-5;50;0.75;2;55;50;10;10;16;1068;1068
12428870;69;g_000;2;1;200;line_consecutive;0.5;1069;1;31;8-16,10-16;10;51140.23999999999;51140.24000000001;51140.23999998155;51140.23999998155;2.182787284255028e-11;-1.845910446718335e-08;-1.845910446718335e-08;eev,integrated,separated,ws;lintim;SiouxFalls;SiouxFalls;True;False;1e-05;6000;1;2;20;50;200;-5;50;0.75;2;55;50;10;10;16;1069;1069
12428870;70;g_000;2;1;200;line_consecutive;0.5;1070;1;32;10-11,11-14;10;51140.24;51140.24000000485;51140.23999998507;51140.23999998508;4.853063728660345e-09;-1.9783328752964732e-08;-1.9768776837736368e-08;eev,integrated,separated,ws;lintim;SiouxFalls;SiouxFalls;True;False;1e-05;6000;1;2;20;50;200;-5;50;0.75;2;55;50;10;10;16;1070;1070
12428870;71;g_000;2;1;200;line_consecutive;0.5;1071;1;33;18-20,20-22;11;51140.23999999999;51140.24000000001;51140.23999999839;51140.23999999839;2.182787284255028e-11;-1.622538547962904e-09;-1.622538547962904e-09;eev,integrated,separated,ws;lintim;SiouxFalls;SiouxFalls;True;False;1e-05;6000;1;2;20;50;200;-5;50;0.75;2;55;50;10;10;16;1071;1071
12428870;72;g_000;2;1;200;line_consecutive;0.5;1072;1;34;7-18,18-20;11;51140.24;51140.24000000041;51140.23999999839;51140.23999999839;4.147295840084553e-10;-2.0227162167429924e-09;-2.0227162167429924e-09;eev,integrated,separated,ws;lintim;SiouxFalls;SiouxFalls;True;False;1e-05;6000;1;2;20;50;200;-5;50;0.75;2;55;50;10;10;16;1072;1072
12428870;73;g_000;2;1;200;line_consecutive;0.5;1073;1;35;3-12,12-13;12;51402.15999999999;51664.08000000001;51710.22499999839;51710.22499999838;261.9200000000201;46.144999998381536;46.14499999837426;eev,integrated,separated,ws;lintim;SiouxFalls;SiouxFalls;True;False;1e-05;6000;1;2;20;50;200;-5;50;0.75;2;55;50;10;10;16;1073;1073
12428870;74;g_000;2;1;200;line_consecutive;0.5;1074;1;36;1-2,1-3;12;51307.5;51474.76;51600.3699999984;51600.3699999984;167.26000000000204;125.60999999839989;125.60999999839989;eev,integrated,separated,ws;lintim;SiouxFalls;SiouxFalls;True;False;1e-05;6000;1;2;20;50;200;-5;50;0.75;2;55;50;10;10;16;1074;1074
12428870;75;g_000;2;1;200;line_consecutive;0.5;1075;1;37;15-19,17-19;13,14;51307.5;51474.76;51600.3699999984;51600.3699999984;167.26000000000204;125.60999999839989;125.60999999839989;eev,integrated,separated,ws;lintim;SiouxFalls;SiouxFalls;True;False;1e-05;6000;1;2;20;50;200;-5;50;0.75;2;55;50;10;10;16;1075;1075
12428870;76;g_000;2;1;200;line_consecutive;0.5;1076;1;38;15-19,15-22;13;55805.34999999999;56860.90999999957;57296.33499999839;57296.3349999984;1055.5599999995757;435.4249999988242;435.4249999988315;eev,integrated,separated,ws;lintim;SiouxFalls;SiouxFalls;True;False;1e-05;6000;1;2;20;50;200;-5;50;0.75;2;55;50;10;10;16;1076;1076
12428870;77;g_000;2;1;200;line_consecutive;0.5;1077;1;39;15-22,21-22;13;55473.42;56713.88000000002;58023.90499999839;58023.90499703081;1240.460000000021;1310.0249999983716;1310.0249970307923;eev,integrated,separated,ws;lintim;SiouxFalls;SiouxFalls;True;False;1e-05;6000;1;2;20;50;200;-5;50;0.75;2;55;50;10;10;16;1077;1077
12428870;78;g_000;2;1;200;line_consecutive;0.5;1078;1;40;14-15,15-19;14;53377.605;54149.60500000002;55900.32999999838;55900.32999999839;772.0000000000146;1750.7249999983617;1750.7249999983687;eev,integrated,separated,ws;lintim;SiouxFalls;SiouxFalls;True;False;1e-05;6000;1;2;20;50;200;-5;50;0.75;2;55;50;10;10;16;1078;1078
12428870;79;g_000;2;1;200;line_consecutive;0.5;1079;1;41;10-17,17-19;14;52659.84999999999;53324.045000000006;55021.82999999839;55021.82999999839;664.1950000000143;1697.784999998381;1697.784999998381;eev,integrated,separated,ws;lintim;SiouxFalls;SiouxFalls;True;False;1e-05;6000;1;2;20;50;200;-5;50;0.75;2;55;50;10;10;16;1079;1079
12428870;80;g_000;3;1;150;line_consecutive;0.5;1080;2;0;10-11,10-16,11-12;1;58649.21999999999;60364.61000000001;61235.3099999984;61235.3099999984;1715.3900000000212;870.6999999983891;870.6999999983891;eev,integrated,separated,ws;lintim;SiouxFalls;SiouxFalls;True;False;1e-05;6000;1;2;20;50;200;-5;50;0.75;2;55;50;10;10;16;1080;1080
12428870;81;g_000;3;1;150;line_consecutive;0.5;1081;2;1;10-11,10-16,16-18;1;57174.70999999999;58215.33000000001;58779.639999998384;58779.63999999839;1040.6200000000172;564.3099999983751;564.3099999983824;eev,integrated,separated,ws;lintim;SiouxFalls;SiouxFalls;True;False;1e-05;6000;1;2;20;50;200;-5;50;0.75;2;55;50;10;10;16;1081;1081
12428870;82;g_000;3;1;150;line_consecutive;0.5;1082;2;2;2-6,6-8,8-16;2;57078.68999999999;58362.380000000034;59573.35499999838;58810.01999999999;1283.690000000046;1210.974999998347;447.63999999995576;eev,integrated,separated,ws;lintim;SiouxFalls;SiouxFalls;True;False;1e-05;6000;1;2;20;50;200;-5;50;0.75;2;55;50;10;10;16;1082;1082
12428870;83;g_000;3;1;150;line_consecutive;0.5;1083;2;3;6-8,8-16,16-17;2;56436.240000000005;57344.130000000005;57945.2149999984;57889.19;907.8899999999994;601.0849999983984;545.0599999999977;eev,integrated,separated,ws;lintim;SiouxFalls;SiouxFalls;True;False;1e-05;6000;1;2;20;50;200;-5;50;0.75;2;55;50;10;10;16;1083;1083
12428870;84;g_000;3;1;150;line_consecutive;0.5;1084;2;4;8-16,16-17,17-19;2,13;60308.675;60993.63499999944;61877.76999999839;61414.10544037583;684.9599999994389;884.134999998947;420.4704403763899;eev,integrated,separated,ws;lintim;SiouxFalls;SiouxFalls;True;False;1e-05;6000;1;2;20;50;200;-5;50;0.75;2;55;50;10;10;16;1084;1084
12428870;85;g_000;3;1;150;line_consecutive;0.5;1085;2;5;16-17,17-19,19-20;2;57520.875;58598.405000000006;59162.71499999838;59162.71499999839;1077.530000000006;564.3099999983751;564.3099999983824;eev,integrated,separated,ws;lintim;SiouxFalls;SiouxFalls;True;False;1e-05;6000;1;2;20;50;200;-5;50;0.75;2;55;50;10;10;16;1085;1085
12428870;86;g_000;3;1;150;line_consecutive;0.5;1086;2;6;3-4,4-5,5-9;3;55065.45999999999;55980.80500000001;57075.83499999839;57075.83499999839;915.3450000000156;1095.0299999983836;1095.0299999983836;eev,integrated,separated,ws;lintim;SiouxFalls;SiouxFalls;True;False;1e-05;6000;1;2;20;50;200;-5;50;0.75;2;55;50;10;10;16;1086;1086
12428870;87;g_000;3;1;150;line_consecutive;0.5;1087;2;7;4-5,5-9,8-9;3;51140.24;51140.24000002087;51140.23999999839;51140.2399999984;2.0874722395092252e-08;-2.2482709027826783e-08;-2.2475433070212606e-08;eev,integrated,separated,ws;lintim;SiouxFalls;SiouxFalls;True;False;1e-05;6000;1;2;20;50;200;-5;50;0.75;2;55;50;10;10;16;1087;1087
12428870;88;g_000;3;1;150;line_consecutive;0.5;1088;2;8;5-9,7-8,8-9;3;51271.24;51402.240000000005;52420.23999999839;52420.239999998405;131.00000000000728;1017.9999999983849;1017.9999999983992;eev,integrated,separated,ws;lintim;SiouxFalls;SiouxFalls;True;False;1e-05;6000;1;2;20;50;200;-5;50;0.75;2;55;50;10;10;16;1088;1088
12428870;89;g_000;3;1;150;line_consecutive;0.5;1089;2;9;7-8,7-18,8-9;3;51140.240000000005;51140.23999999955;51140.23999999839;51140.23999999839;-4.5838532969355583e-10;-1.1568772606551647e-09;-1.1568772606551647e-09;eev,integrated,separated,ws;lintim;SiouxFalls;SiouxFalls;True;False;1e-05;6000;1;2;20;50;200;-5;50;0.75;2;55;50;10;10;16;1089;1089
12428870;90;g_000;3;1;150;line_consecutive;0.5;1090;2;10;1-3,3-4,4-11;4;51140.23999999999;51140.240000000005;51140.23999999839;51140.2399999984;1.4551915228366852e-11;-1.6152625903487206e-09;-1.6079866327345371e-09;eev,integrated,separated,ws;lintim;SiouxFalls;SiouxFalls;True;False;1e-05;6000;1;2;20;50;200;-5;50;0.75;2;55;50;10;10;16;1090;1090
12428870;91;g_000;3;1;150;line_consecutive;0.5;1091;2;11;3-4,4-11,11-14;4;51140.23999999999;51140.24000000001;51140.23999999839;51140.23999999839;2.182787284255028e-11;-1.622538547962904e-09;-1.622538547962904e-09;eev,integrated,separated,ws;lintim;SiouxFalls;SiouxFalls;True;False;1e-05;6000;1;2;20;50;200;-5;50;0.75;2;55;50;10;10;16;1091;1091
12428870;92;g_000;3;1;150;line_consecutive;0.5;1092;2;12;4-11,11-14,14-23;4;58391.91000000008;58918.000000000015;59192.72499999839;59192.7249999984;526.089999999931;274.724999998376;274.7249999983833;eev,integrated,separated,ws;lintim;SiouxFalls;SiouxFalls;True;False;1e-05;6000;1;2;20;50;200;-5;50;0.75;2;55;50;10;10;16;1092;1092
12428870;93;g_000;3;1;150;line_consecutive;0.5;1093;2;13;11-14,14-23,23-24;4;54346.68999999999;55250.21499999997;55779.53499999839;55779.5349999984;903.5249999999796;529.3199999984208;529.3199999984354;eev,integrated,separated,ws;lintim;SiouxFalls;SiouxFalls;True;False;1e-05;6000;1;2;20;50;200;-5;50;0.75;2;55;50;10;10;16;1093;1093
12428870;94;g_000;3;1;150;line_consecutive;0.5;1094;2;14;10-15,15-22,22-23;5;55715.62999999999;56294.27999999999;57293.02999999839;57293.0299999984;578.6500000000015;998.7499999983992;998.7499999984066;eev,integrated,separated,ws;lintim;SiouxFalls;SiouxFalls;True;False;1e-05;6000;1;2;20;50;200;-5;50;0.75;2;55;50;10;10;16;1094;1094
12428870;95;g_000;3;1;150;line_consecutive;0.5;1095;2;15;13-24,20-21,21-24;6;54841.905;55396.175;56078.2449999984;56078.2449999984;554.2700000000041;682.069999998399;682.069999998399;eev,integrated,separated,ws;lintim;SiouxFalls;SiouxFalls;True;False;1e-05;6000;1;2;20;50;200;-5;50;0.75;2;55;50;10;10;16;1095;1095
12428870;96;g_000;3;1;150;line_consecutive;0.5;1096;2;16;9-10,10-11,11-12;7;54286.7;55198.02999992916;55588.29499999839;55588.2949999984;911.329999929163;390.26500006923015;390.26500006923743;eev,integrated,separated,ws;lintim;SiouxFalls;SiouxFalls;True;False;1e-05;6000;1;2;20;50;200;-5;50;0.75;2;55;50;10;10;16;1096;1096
12428870;97;g_000;3;1;150;line_consecutive;0.5;1097;2;17;8-9,9-10,10-11;7;52049.83500000001;52180.835000000014;53427.95499999839;53427.9549999984;131.00000000000728;1247.1199999983728;1247.1199999983874;eev,integrated,separated,ws;lintim;SiouxFalls;SiouxFalls;True;False;1e-05;6000;1;2;20;50;200;-5;50;0.75;2;55;50;10;10;16;1097;1097
12428870;98;g_000;3;1;150;line_consecutive;0.5;1098;2;18;7-8,8-9,9-10;7;53051.31;53051.31000000001;53051.30999999839;53051.3099999984;1.4551915228366852e-11;-1.622538547962904e-09;-1.6152625903487206e-09;eev,integrated,separated,ws;lintim;SiouxFalls;SiouxFalls;True;False;1e-05;6000;1;2;20;50;200;-5;50;0.75;2;55;50;10;10;16;1098;1098
12428870;99;g_000;3;1;150;line_consecutive;0.5;1099;2;19;1-3,3-12,11-12;8;51792.37999999999;51792.595000000016;51792.59499999839;51792.59499999839;0.2150000000256113;-1.622538547962904e-09;-1.622538547962904e-09;eev,integrated,separated,ws;lintim;SiouxFalls;SiouxFalls;True;False;1e-05;6000;1;2;20;50;200;-5;50;0.75;2;55;50;10;10;16;1099;1099
12428870;100;g_000;3;1;150;line_consecutive;0.5;1100;2;20;3-12,11-12,11-14;8;53437.67;53966.72;54488.29499999839;54488.2949999984;529.0500000000029;521.5749999983891;521.5749999983964;eev,integrated,separated,ws;lintim;SiouxFalls;SiouxFalls;True;False;1e-05;6000;1;2;20;50;200;-5;50;0.75;2;55;50;10;10;16;1100;1100
12428870;101;g_000;3;1;150;line_consecutive;0.5;1101;2;21;5-6,5-9,9-10;9;52808.19;53127.14000000001;53497.5899999984;53497.5899999984;318.9500000000044;370.4499999983964;370.4499999983964;eev,integrated,separated,ws;lintim;SiouxFalls;SiouxFalls;True;False;1e-05;6000;1;2;20;50;200;-5;50;0.75;2;55;50;10;10;16;1101;1101
12428870;102;g_000;3;1;150;line_consecutive;0.5;1102;2;22;5-9,9-10,10-15;9;52734.38999999999;53053.34;53432.83499999839;53432.83499999839;318.9500000000044;379.4949999983946;379.4949999983946;eev,integrated,separated,ws;lintim;SiouxFalls;SiouxFalls;True;False;1e-05;6000;1;2;20;50;200;-5;50;0.75;2;55;50;10;10;16;1102;1102
12428870;103;g_000;3;1;150;line_consecutive;0.5;1103;2;23;9-10,10-15,15-19;9;51773.55;52406.859999992805;52726.58999999839;52726.5899999984;633.3099999928017;319.73000000558386;319.7300000055984;eev,integrated,separated,ws;lintim;SiouxFalls;SiouxFalls;True;False;1e-05;6000;1;2;20;50;200;-5;50;0.75;2;55;50;10;10;16;1103;1103
12428870;104;g_000;3;1;150;line_consecutive;0.5;1104;2;24;8-16,10-11,10-16;10;51140.239999996375;51140.24000000001;51140.23999999839;51140.23999999839;3.637978807091713e-09;-1.622538547962904e-09;-1.622538547962904e-09;eev,integrated,separated,ws;lintim;SiouxFalls;SiouxFalls;True;False;1e-05;6000;1;2;20;50;200;-5;50;0.75;2;55;50;10;10;16;1104;1104
12428870;105;g_000;3;1;150;line_consecutive;0.5;1105;2;25;10-11,10-16,11-14;10;51271.24;51402.240000000005;52420.23999999839;52420.23999999839;131.00000000000728;1017.9999999983849;1017.9999999983849;eev,integrated,separated,ws;lintim;SiouxFalls;SiouxFalls;True;False;1e-05;6000;1;2;20;50;200;-5;50;0.75;2;55;50;10;10;16;1105;1105
12428870;106;g_000;3;1;150;line_consecutive;0.5;1106;2;26;10-11,11-14,14-23;10;51730.34999999999;52320.46000000001;53741.714999998265;53741.714999998265;590.1100000000151;1421.2549999982584;1421.2549999982584;eev,integrated,separated,ws;lintim;SiouxFalls;SiouxFalls;True;False;1e-05;6000;1;2;20;50;200;-5;50;0.75;2;55;50;10;10;16;1106;1106
12428870;107;g_000;3;1;150;line_consecutive;0.5;1107;2;27;7-18,18-20,20-22;11;51140.23999999999;51140.24000000001;51140.23999998155;51140.23999998155;2.182787284255028e-11;-1.845910446718335e-08;-1.845910446718335e-08;eev,integrated,separated,ws;lintim;SiouxFalls;SiouxFalls;True;False;1e-05;6000;1;2;20;50;200;-5;50;0.75;2;55;50;10;10;16;1107;1107
12428870;108;g_000;3;1;150;line_consecutive;0.5;1108;2;28;7-8,7-18,18-20;11;51140.24;51140.24000000485;51140.23999998507;51140.23999998508;4.853063728660345e-09;-1.9783328752964732e-08;-1.9768776837736368e-08;eev,integrated,separated,ws;lintim;SiouxFalls;SiouxFalls;True;False;1e-05;6000;1;2;20;50;200;-5;50;0.75;2;55;50;10;10;16;1108;1108
12428870;109;g_000;3;1;150;line_consecutive;0.5;1109;2;29;1-3,3-12,12-13;12;51140.23999999999;51140.24000000001;51140.23999999839;51140.23999999839;2.182787284255028e-11;-1.622538547962904e-09;-1.622538547962904e-09;eev,integrated,separated,ws;lintim;SiouxFalls;SiouxFalls;True;False;1e-05;6000;1;2;20;50;200;-5;50;0.75;2;55;50;10;10;16;1109;1109
12428870;110;g_000;3;1;150;line_consecutive;0.5;1110;2;30;1-2,1-3,3-12;12;51140.24;51140.24000000041;51140.23999999839;51140.23999999839;4.147295840084553e-10;-2.0227162167429924e-09;-2.0227162167429924e-09;eev,integrated,separated,ws;lintim;SiouxFalls;SiouxFalls;True;False;1e-05;6000;1;2;20;50;200;-5;50;0.75;2;55;50;10;10;16;1110;1110
12428870;111;g_000;3;1;150;line_consecutive;0.5;1111;2;31;15-19,16-17,17-19;13;51402.15999999999;51664.08000000001;51710.22499999839;51710.22499999838;261.9200000000201;46.144999998381536;46.14499999837426;eev,integrated,separated,ws;lintim;SiouxFalls;SiouxFalls;True;False;1e-05;6000;1;2;20;50;200;-5;50;0.75;2;55;50;10;10;16;1111;1111
12428870;112;g_000;3;1;150;line_consecutive;0.5;1112;2;32;15-19,15-22,17-19;13;51307.5;51474.76;51600.3699999984;51600.3699999984;167.26000000000204;125.60999999839989;125.60999999839989;eev,integrated,separated,ws;lintim;SiouxFalls;SiouxFalls;True;False;1e-05;6000;1;2;20;50;200;-5;50;0.75;2;55;50;10;10;16;1112;1112
12428870;113;g_000;3;1;150;line_consecutive;0.5;1113;2;33;15-19,15-22,21-22;13;51307.5;51474.76;51600.3699999984;51600.3699999984;167.26000000000204;125.60999999839989;125.60999999839989;eev,integrated,separated,ws;lintim;SiouxFalls;SiouxFalls;True;False;1e-05;6000;1;2;20;50;200;-5;50;0.75;2;55;50;10;10;16;1113;1113
12428870;114;g_000;3;1;150;line_consecutive;0.5;1114;2;34;14-15,15-19,17-19;14;55805.34999999999;56860.90999999957;57296.33499999839;57296.3349999984;1055.5599999995757;435.4249999988242;435.4249999988315;eev,integrated,separated,ws;lintim;SiouxFalls;SiouxFalls;True;False;1e-05;6000;1;2;20;50;200;-5;50;0.75;2;55;50;10;10;16;1114;1114
12428870;115;g_000;3;1;150;line_consecutive;0.5;1115;2;35;10-17,15-19,17-19;14;55473.42;56713.88000000002;58023.90499999839;58023.90499703081;1240.460000000021;1310.0249999983716;1310.0249970307923;eev,integrated,separated,ws;lintim;SiouxFalls;SiouxFalls;True;False;1e-05;6000;1;2;20;50;200;-5;50;0.75;2;55;50;10;10;16;1115;1115
12428870;116;g_000;4;1;100;line_consecutive;0.5;1116;3;0;10-11,10-16,11-12,16-18;1;53377.605;54149.60500000002;55900.32999999838;55900.32999999839;772.0000000000146;1750.7249999983617;1750.7249999983687;eev,integrated,separated,ws;lintim;SiouxFalls;SiouxFalls;True;False;1e-05;6000;1;2;20;50;200;-5;50;0.75;2;55;50;10;10;16;1116;1116
12428870;117;g_000;4;1;100;line_consecutive;0.5;1117;3;1;2-6,6-8,8-16,16-17;2;52659.84999999999;53324.045000000006;55021.82999999839;55021.82999999839;664.1950000000143;1697.784999998381;1697.784999998381;eev,integrated,separated,ws;lintim;SiouxFalls;SiouxFalls;True;False;1e-05;6000;1;2;20;50;200;-5;50;0.75;2;55;50;10;10;16;1117;1117
12428870;118;g_000;4;1;100;line_consecutive;0.5;1118;3;2;6-8,8-16,16-17,17-19;2;58649.21999999999;60364.61000000001;61235.3099999984;61235.3099999984;1715.3900000000212;870.6999999983891;870.6999999983891;eev,integrated,separated,ws;lintim;SiouxFalls;SiouxFalls;True;False;1e-05;6000;1;2;20;50;200;-5;50;0.75;2;55;50;10;10;16;1118;1118
12428870;119;g_000;4;1;100;line_consecutive;0.5;1119;3;3;8-16,16-17,17-19,19-20;2;57174.70999999999;58215.33000000001;58779.639999998384;58779.63999999839;1040.6200000000172;564.3099999983751;564.3099999983824;eev,integrated,separated,ws;lintim;SiouxFalls;SiouxFalls;True;False;1e-05;6000;1;2;20;50;200;-5;50;0.75;2;55;50;10;10;16;1119;1119
12428870;120;g_000;4;1;100;line_consecutive;0.5;1120;3;4;3-4,4-5,5-9,8-9;3;57078.68999999999;58362.380000000034;59573.35499999838;58810.01999999999;1283.690000000046;1210.974999998347;447.63999999995576;eev,integrated,separated,ws;lintim;SiouxFalls;SiouxFalls;True;False;1e-05;6000;1;2;20;50;200;-5;50;0.75;2;55;50;10;10;16;1120;1120
12428870;121;g_000;4;1;100;line_consecutive;0.5;1121;3;5;4-5,5-9,7-8,8-9;3;56436.240000000005;57344.130000000005;57945.2149999984;57889.19;907.8899999999994;601.0849999983984;545.0599999999977;eev,integrated,separated,ws;lintim;SiouxFalls;SiouxFalls;True;False;1e-05;6000;1;2;20;50;200;-5;50;0.75;2;55;50;10;10;16;1121;1121
12428870;122;g_000;4;1;100;line_consecutive;0.5;1122;3;6;5-9,7-8,7-18,8-9;3;60308.675;60993.63499999944;61877.76999999839;61414.10544037583;684.9599999994389;884.134999998947;420.4704403763899;eev,integrated,separated,ws;lintim;SiouxFalls;SiouxFalls;True;False;1e-05;6000;1;2;20;50;200;-5;50;0.75;2;55;50;10;10;16;1122;1122
12428870;123;g_000;4;1;100;line_consecutive;0.5;1123;3;7;1-3,3-4,4-11,11-14;4;57520.875;58598.405000000006;59162.71499999838;59162.71499999839;1077.530000000006;564.3099999983751;564.3099999983824;eev,integrated,separated,ws;lintim;SiouxFalls;SiouxFalls;True;False;1e-05;6000;1;2;20;50;200;-5;50;0.75;2;55;50;10;10;16;1123;1123
12428870;124;g_000;4;1;100;line_consecutive;0.5;1124;3;8;3-4,4-11,11-14,14-23;4;55065.45999999999;55980.80500000001;57075.83499999839;57075.83499999839;915.3450000000156;1095.0299999983836;1095.0299999983836;eev,integrated,separated,ws;lintim;SiouxFalls;SiouxFalls;True;False;1e-05;6000;1;2;20;50;200;-5;50;0.75;2;55;50;10;10;16;1124;1124
12428870;125;g_000;4;1;100;line_consecutive;0.5;1125;3;9;4-11,11-14,14-23,23-24;4;51140.24;51140.24000002087;51140.23999999839;51140.2399999984;2.0874722395092252e-08;-2.2482709027826783e-08;-2.2475433070212606e-08;eev,integrated,separated,ws;lintim;SiouxFalls;SiouxFalls;True;False;1e-05;6000;1;2;20;50;200;-5;50;0.75;2;55;50;10;10;16;1125;1125
12428870;126;g_000;4;1;100;line_consecutive;0.5;1126;3;10;8-9,9-10,10-11,11-12;7;51271.24;51402.240000000005;52420.23999999839;52420.239999998405;131.00000000000728;1017.9999999983849;1017.9999999983992;eev,integrated,separated,ws;lintim;SiouxFalls;SiouxFalls;True;False;1e-05;6000;1;2;20;50;200;-5;50;0.75;2;55;50;10;10;16;1126;1126
12428870;127;g_000;4;1;100;line_consecutive;0.5;1127;3;11;7-8,8-9,9-10,10-11;7;51140.240000000005;51140.23999999955;51140.23999999839;51140.23999999839;-4.5838532969355583e-10;-1.1568772606551647e-09;-1.1568772606551647e-09;eev,integrated,separated,ws;lintim;SiouxFalls;SiouxFalls;True;False;1e-05;6000;1;2;20;50;200;-5;50;0.75;2;55;50;10;10;16;1127;1127
12428870;128;g_000;4;1;100;line_consecutive;0.5;1128;3;12;1-3,3-12,11-12,11-14;8;51140.23999999999;51140.240000000005;51140.23999999839;51140.2399999984;1.4551915228366852e-11;-1.6152625903487206e-09;-1.6079866327345371e-09;eev,integrated,separated,ws;lintim;SiouxFalls;SiouxFalls;True;False;1e-05;6000;1;2;20;50;200;-5;50;0.75;2;55;50;10;10;16;1128;1128
12428870;129;g_000;4;1;100;line_consecutive;0.5;1129;3;13;5-6,5-9,9-10,10-15;9;51140.23999999999;51140.24000000001;51140.23999999839;51140.23999999839;2.182787284255028e-11;-1.622538547962904e-09;-1.622538547962904e-09;eev,integrated,separated,ws;lintim;SiouxFalls;SiouxFalls;True;False;1e-05;6000;1;2;20;50;200;-5;50;0.75;2;55;50;10;10;16;1129;1129
12428870;130;g_000;4;1;100;line_consecutive;0.5;1130;3;14;5-9,9-10,10-15,15-19;9;58391.91000000008;58918.000000000015;59192.72499999839;59192.7249999984;526.089999999931;274.724999998376;274.7249999983833;eev,integrated,separated,ws;lintim;SiouxFalls;SiouxFalls;True;False;1e-05;6000;1;2;20;50;200;-5;50;0.75;2;55;50;10;10;16;1130;1130
12428870;131;g_000;4;1;100;line_consecutive;0.5;1131;3;15;8-16,10-11,10-16,11-14;10;54346.68999999999;55250.21499999997;55779.53499999839;55779.5349999984;903.5249999999796;529.3199999984208;529.3199999984354;eev,integrated,separated,ws;lintim;SiouxFalls;SiouxFalls;True;False;1e-05;6000;1;2;20;50;200;-5;50;0.75;2;55;50;10;10;16;1131;1131
12428870;132;g_000;4;1;100;line_consecutive;0.5;1132;3;16;10-11,10-16,11-14,14-23;10;55715.62999999999;56294.27999999999;57293.02999999839;57293.0299999984;578.6500000000015;998.7499999983992;998.7499999984066;eev,integrated,separated,ws;lintim;SiouxFalls;SiouxFalls;True;False;1e-05;6000;1;2;20;50;200;-5;50;0.75;2;55;50;10;10;16;1132;1132
12428870;133;g_000;4;1;100;line_consecutive;0.5;1133;3;17;7-8,7-18,18-20,20-22;11;54841.905;55396.175;56078.2449999984;56078.2449999984;554.2700000000041;682.069999998399;682.069999998399;eev,integrated,separated,ws;lintim;SiouxFalls;SiouxFalls;True;False;1e-05;6000;1;2;20;50;200;-5;50;0.75;2;55;50;10;10;16;1133;1133
12428870;134;g_000;4;1;100;line_consecutive;0.5;1134;3;18;1-2,1-3,3-12,12-13;12;54286.7;55198.02999992916;55588.29499999839;55588.2949999984;911.329999929163;390.26500006923015;390.26500006923743;eev,integrated,separated,ws;lintim;SiouxFalls;SiouxFalls;True;False;1e-05;6000;1;2;20;50;200;-5;50;0.75;2;55;50;10;10;16;1134;1134
12428870;135;g_000;4;1;100;line_consecutive;0.5;1135;3;19;8-16,15-19,16-17,17-19;13;52049.83500000001;52180.835000000014;53427.95499999839;53427.9549999984;131.00000000000728;1247.1199999983728;1247.1199999983874;eev,integrated,separated,ws;lintim;SiouxFalls;SiouxFalls;True;False;1e-05;6000;1;2;20;50;200;-5;50;0.75;2;55;50;10;10;16;1135;1135
12428870;136;g_000;4;1;100;line_consecutive;0.5;1136;3;20;15-19,15-22,16-17,17-19;13;53051.31;53051.31000000001;53051.30999999839;53051.3099999984;1.4551915228366852e-11;-1.622538547962904e-09;-1.6152625903487206e-09;eev,integrated,separated,ws;lintim;SiouxFalls;SiouxFalls;True;False;1e-05;6000;1;2;20;50;200;-5;50;0.75;2;55;50;10;10;16;1136;1136
12428870;137;g_000;4;1;100;line_consecutive;0.5;1137;3;21;15-19,15-22,17-19,21-22;13;51792.37999999999;51792.595000000016;51792.59499999839;51792.59499999839;0.2150000000256113;-1.622538547962904e-09;-1.622538547962904e-09;eev,integrated,separated,ws;lintim;SiouxFalls;SiouxFalls;True;False;1e-05;6000;1;2;20;50;200;-5;50;0.75;2;55;50;10;10;16;1137;1137
12428870;138;g_000;4;1;100;line_consecutive;0.5;1138;3;22;10-17,14-15,15-19,17-19;14;53437.67;53966.72;54488.29499999839;54488.2949999984;529.0500000000029;521.5749999983891;521.5749999983964;eev,integrated,separated,ws;lintim;SiouxFalls;SiouxFalls;True;False;1e-05;6000;1;2;20;50;200;-5;50;0.75;2;55;50;10;10;16;1138;1138
12428870;139;g_000;5;1;80;line_consecutive;0.5;1139;4;0;2-6,6-8,8-16,16-17,17-19;2;52808.19;53127.14000000001;53497.5899999984;53497.5899999984;318.9500000000044;370.4499999983964;370.4499999983964;eev,integrated,separated,ws;lintim;SiouxFalls;SiouxFalls;True;False;1e-05;6000;1;2;20;50;200;-5;50;0.75;2;55;50;10;10;16;1139;1139
12428870;140;g_000;5;1;80;line_consecutive;0.5;1140;4;1;6-8,8-16,16-17,17-19,19-20;2;52734.38999999999;53053.34;53432.83499999839;53432.83499999839;318.9500000000044;379.4949999983946;379.4949999983946;eev,integrated,separated,ws;lintim;SiouxFalls;SiouxFalls;True;False;1e-05;6000;1;2;20;50;200;-5;50;0.75;2;55;50;10;10;16;1140;1140
12428870;141;g_000;5;1;80;line_consecutive;0.5;1141;4;2;3-4,4-5,5-9,7-8,8-9;3;51773.55;52406.859999992805;52726.58999999839;52726.5899999984;633.3099999928017;319.73000000558386;319.7300000055984;eev,integrated,separated,ws;lintim;SiouxFalls;SiouxFalls;True;False;1e-05;6000;1;2;20;50;200;-5;50;0.75;2;55;50;10;10;16;1141;1141
12428870;142;g_000;5;1;80;line_consecutive;0.5;1142;4;3;4-5,5-9,7-8,7-18,8-9;3;51140.239999996375;51140.24000000001;51140.23999999839;51140.23999999839;3.637978807091713e-09;-1.622538547962904e-09;-1.622538547962904e-09;eev,integrated,separated,ws;lintim;SiouxFalls;SiouxFalls;True;False;1e-05;6000;1;2;20;50;200;-5;50;0.75;2;55;50;10;10;16;1142;1142
12428870;143;g_000;5;1;80;line_consecutive;0.5;1143;4;4;1-3,3-4,4-11,11-14,14-23;4;51271.24;51402.240000000005;52420.23999999839;52420.23999999839;131.00000000000728;1017.9999999983849;1017.9999999983849;eev,integrated,separated,ws;lintim;SiouxFalls;SiouxFalls;True;False;1e-05;6000;1;2;20;50;200;-5;50;0.75;2;55;50;10;10;16;1143;1143
12428870;144;g_000;5;1;80;line_consecutive;0.5;1144;4;5;3-4,4-11,11-14,14-23,23-24;4;51730.34999999999;52320.46000000001;53741.714999998265;53741.714999998265;590.1100000000151;1421.2549999982584;1421.2549999982584;eev,integrated,separated,ws;lintim;SiouxFalls;SiouxFalls;True;False;1e-05;6000;1;2;20;50;200;-5;50;0.75;2;55;50;10;10;16;1144;1144
12428870;145;g_000;5;1;80;line_consecutive;0.5;1145;4;6;7-8,8-9,9-10,10-11,11-12;7;51140.23999999999;51140.24000000001;51140.23999998155;51140.23999998155;2.182787284255028e-11;-1.845910446718335e-08;-1.845910446718335e-08;eev,integrated,separated,ws;lintim;SiouxFalls;SiouxFalls;True;False;1e-05;6000;1;2;20;50;200;-5;50;0.75;2;55;50;10;10;16;1145;1145
12428870;146;g_000;5;1;80;line_consecutive;0.5;1146;4;7;5-6,5-9,9-10,10-15,15-19;9;51140.24;51140.24000000485;51140.23999998507;51140.23999998508;4.853063728660345e-09;-1.9783328752964732e-08;-1.9768776837736368e-08;eev,integrated,separated,ws;lintim;SiouxFalls;SiouxFalls;True;False;1e-05;6000;1;2;20;50;200;-5;50;0.75;2;55;50;10;10;16;1146;1146
12428870;147;g_000;5;1;80;line_consecutive;0.5;1147;4;8;8-16,10-11,10-16,11-14,14-23;10;51140.23999999999;51140.24000000001;51140.23999999839;51140.23999999839;2.182787284255028e-11;-1.622538547962904e-09;-1.622538547962904e-09;eev,integrated,separated,ws;lintim;SiouxFalls;SiouxFalls;True;False;1e-05;6000;1;2;20;50;200;-5;50;0.75;2;55;50;10;10;16;1147;1147
12428870;148;g_000;5;1;80;line_consecutive;0.5;1148;4;9;8-16,15-19,15-22,16-17,17-19;13;51140.24;51140.24000000041;51140.23999999839;51140.23999999839;4.147295840084553e-10;-2.0227162167429924e-09;-2.0227162167429924e-09;eev,integrated,separated,ws;lintim;SiouxFalls;SiouxFalls;True;False;1e-05;6000;1;2;20;50;200;-5;50;0.75;2;55;50;10;10;16;1148;1148
12428870;149;g_000;5;1;80;line_consecutive;0.5;1149;4;10;15-19,15-22,16-17,17-19,21-22;13;51402.15999999999;51664.08000000001;51710.22499999839;51710.22499999838;261.9200000000201;46.144999998381536;46.14499999837426;eev,integrated,separated,ws;lintim;SiouxFalls;SiouxFalls;True;False;1e-05;6000;1;2;20;50;200;-5;50;0.75;2;55;50;10;10;16;1149;1149
12428870;150;g_000;6;1;60;line_consecutive;0.5;1150;5;0;2-6,6-8,8-16,16-17,17-19,19-20;2;51307.5;51474.76;51600.3699999984;51600.3699999984;167.26000000000204;125.60999999839989;125.60999999839989;eev,integrated,separated,ws;lintim;SiouxFalls;SiouxFalls;True;False;1e-05;6000;1;2;20;50;200;-5;50;0.75;2;55;50;10;10;16;1150;1150
12428870;151;g_000;6;1;60;line_consecutive;0.5;1151;5;1;3-4,4-5,5-9,7-8,7-18,8-9;3;51307.5;51474.76;51600.3699999984;51600.3699999984;167.26000000000204;125.60999999839989;125.60999999839989;eev,integrated,separated,ws;lintim;SiouxFalls;SiouxFalls;True;False;1e-05;6000;1;2;20;50;200;-5;50;0.75;2;55;50;10;10;16;1151;1151
12428870;152;g_000;6;1;60;line_consecutive;0.5;1152;5;2;1-3,3-4,4-11,11-14,14-23,23-24;4;55805.34999999999;56860.90999999957;57296.33499999839;57296.3349999984;1055.5599999995757;435.4249999988242;435.4249999988315;eev,integrated,separated,ws;lintim;SiouxFalls;SiouxFalls;True;False;1e-05;6000;1;2;20;50;200;-5;50;0.75;2;55;50;10;10;16;1152;1152
12428870;153;g_000;6;1;60;line_consecutive;0.5;1153;5;3;8-16,15-19,15-22,16-17,17-19,21-22;13;55473.42;56713.88000000002;58023.90499999839;58023.90499703081;1240.460000000021;1310.0249999983716;1310.0249970307923;eev,integrated,separated,ws;lintim;SiouxFalls;SiouxFalls;True;False;1e-05;6000;1;2;20;50;200;-5;50;0.75;2;55;50;10;10;16;1153;1153
12428870;154;g_000;1;2;50;line_consecutive;0.5;1154;6;0;9-10|4-5;7,9|3;53377.605;54149.60500000002;55900.32999999838;55900.32999999839;772.0000000000146;1750.7249999983617;1750.7249999983687;eev,integrated,separated,ws;lintim;SiouxFalls;SiouxFalls;True;False;1e-05;6000;1;2;20;50;200;-5;50;0.75;2;55;50;10;10;16;1154;1154
12428870;155;g_000;1;2;50;line_consecutive;0.5;1155;6;1;5-9|7-18;3,9|3,11;52659.84999999999;53324.045000000006;55021.82999999839;55021.82999999839;664.1950000000143;1697.784999998381;1697.784999998381;eev,integrated,separated,ws;lintim;SiouxFalls;SiouxFalls;True;False;1e-05;6000;1;2;20;50;200;-5;50;0.75;2;55;50;10;10;16;1155;1155
12428870;156;g_000;1;2;50;line_consecutive;0.5;1156;6;2;11-12|7-8;1,7,8|3,7,11;58649.21999999999;60364.61000000001;61235.3099999984;61235.3099999984;1715.3900000000212;870.6999999983891;870.6999999983891;eev,integrated,separated,ws;lintim;SiouxFalls;SiouxFalls;True;False;1e-05;6000;1;2;20;50;200;-5;50;0.75;2;55;50;10;10;16;1156;1156
12428870;157;g_000;1;2;50;line_consecutive;0.5;1157;6;3;14-23|1-2;4,10|12;57174.70999999999;58215.33000000001;58779.639999998384;58779.63999999839;1040.6200000000172;564.3099999983751;564.3099999983824;eev,integrated,separated,ws;lintim;SiouxFalls;SiouxFalls;True;False;1e-05;6000;1;2;20;50;200;-5;50;0.75;2;55;50;10;10;16;1157;1157
12428870;158;g_000;1;2;50;line_consecutive;0.5;1158;6;4;11-12|8-9;1,7,8|3,7;57078.68999999999;58362.380000000034;59573.35499999838;58810.01999999999;1283.690000000046;1210.974999998347;447.63999999995576;eev,integrated,separated,ws;lintim;SiouxFalls;SiouxFalls;True;False;1e-05;6000;1;2;20;50;200;-5;50;0.75;2;55;50;10;10;16;1158;1158
12428870;159;g_000;1;2;50;line_consecutive;0.5;1159;6;5;3-4|19-20;3,4|2;56436.240000000005;57344.130000000005;57945.2149999984;57889.19;907.8899999999994;601.0849999983984;545.0599999999977;eev,integrated,separated,ws;lintim;SiouxFalls;SiouxFalls;True;False;1e-05;6000;1;2;20;50;200;-5;50;0.75;2;55;50;10;10;16;1159;1159
12428870;160;g_000;1;2;50;line_consecutive;0.5;1160;6;6;1-2|9-10;12|7,9;60308.675;60993.63499999944;61877.76999999839;61414.10544037583;684.9599999994389;884.134999998947;420.4704403763899;eev,integrated,separated,ws;lintim;SiouxFalls;SiouxFalls;True;False;1e-05;6000;1;2;20;50;200;-5;50;0.75;2;55;50;10;10;16;1160;1160
12428870;161;g_000;1;2;50;line_consecutive;0.5;1161;6;7;11-12|9-10;1,7,8|7,9;57520.875;58598.405000000006;59162.71499999838;59162.71499999839;1077.530000000006;564.3099999983751;564.3099999983824;eev,integrated,separated,ws;lintim;SiouxFalls;SiouxFalls;True;False;1e-05;6000;1;2;20;50;200;-5;50;0.75;2;55;50;10;10;16;1161;1161
12428870;162;g_000;1;2;50;line_consecutive;0.5;1162;6;8;21-24|5-9;6|3,9;55065.45999999999;55980.80500000001;57075.83499999839;57075.83499999839;915.3450000000156;1095.0299999983836;1095.0299999983836;eev,integrated,separated,ws;lintim;SiouxFalls;SiouxFalls;True;False;1e-05;6000;1;2;20;50;200;-5;50;0.75;2;55;50;10;10;16;1162;1162
12428870;163;g_000;1;2;50;line_consecutive;0.5;1163;6;9;15-22|1-2;5,13|12;51140.24;51140.24000002087;51140.23999999839;51140.2399999984;2.0874722395092252e-08;-2.2482709027826783e-08;-2.2475433070212606e-08;eev,integrated,separated,ws;lintim;SiouxFalls;SiouxFalls;True;False;1e-05;6000;1;2;20;50;200;-5;50;0.75;2;55;50;10;10;16;1163;1163
12428870;164;g_000;1;2;50;line_consecutive;0.5;1164;6;10;9-10|1-3;7,9|4,8,12;51271.24;51402.240000000005;52420.23999999839;52420.239999998405;131.00000000000728;1017.9999999983849;1017.9999999983992;eev,integrated,separated,ws;lintim;SiouxFalls;SiouxFalls;True;False;1e-05;6000;1;2;20;50;200;-5;50;0.75;2;55;50;10;10;16;1164;1164
12428870;165;g_000;1;2;50;line_consecutive;0.5;1165;6;11;20-22|15-19;11|9,13,14;51140.240000000005;51140.23999999955;51140.23999999839;51140.23999999839;-4.5838532969355583e-10;-1.1568772606551647e-09;-1.1568772606551647e-09;eev,integrated,separated,ws;lintim;SiouxFalls;SiouxFalls;True;False;1e-05;6000;1;2;20;50;200;-5;50;0.75;2;55;50;10;10;16;1165;1165
12428870;166;g_000;1;2;50;line_consecutive;0.5;1166;6;12;13-24|18-20;6|11;51140.23999999999;51140.240000000005;51140.23999999839;51140.2399999984;1.4551915228366852e-11;-1.6152625903487206e-09;-1.6079866327345371e-09;eev,integrated,separated,ws;lintim;SiouxFalls;SiouxFalls;True;False;1e-05;6000;1;2;20;50;200;-5;50;0.75;2;55;50;10;10;16;1166;1166
12428870;167;g_000;1;2;50;line_consecutive;0.5;1167;6;13;21-22|7-18;13|3,11;51140.23999999999;51140.24000000001;51140.23999999839;51140.23999999839;2.182787284255028e-11;-1.622538547962904e-09;-1.622538547962904e-09;eev,integrated,separated,ws;lintim;SiouxFalls;SiouxFalls;True;False;1e-05;6000;1;2;20;50;200;-5;50;0.75;2;55;50;10;10;16;1167;1167
12428870;168;g_000;1;2;50;line_consecutive;0.5;1168;6;14;11-14|18-20;4,8,10|11;58391.91000000008;58918.000000000015;59192.72499999839;59192.7249999984;526.089999999931;274.724999998376;274.7249999983833;eev,integrated,separated,ws;lintim;SiouxFalls;SiouxFalls;True;False;1e-05;6000;1;2;20;50;200;-5;50;0.75;2;55;50;10;10;16;1168;1168
12428870;169;g_000;1;2;50;line_consecutive;0.5;1169;6;15;4-11|11-12;4|1,7,8;54346.68999999999;55250.21499999997;55779.53499999839;55779.5349999984;903.5249999999796;529.3199999984208;529.3199999984354;eev,integrated,separated,ws;lintim;SiouxFalls;SiouxFalls;True;False;1e-05;6000;1;2;20;50;200;-5;50;0.75;2;55;50;10;10;16;1169;1169
12428870;170;g_000;1;2;50;line_consecutive;0.5;1170;6;16;3-4|11-12;3,4|1,7,8;55715.62999999999;56294.27999999999;57293.02999999839;57293.0299999984;578.6500000000015;998.7499999983992;998.7499999984066;eev,integrated,separated,ws;lintim;SiouxFalls;SiouxFalls;True;False;1e-05;6000;1;2;20;50;200;-5;50;0.75;2;55;50;10;10;16;1170;1170
12428870;171;g_000;1;2;50;line_consecutive;0.5;1171;6;17;4-5|10-15;3|5,9;54841.905;55396.175;56078.2449999984;56078.2449999984;554.2700000000041;682.069999998399;682.069999998399;eev,integrated,separated,ws;lintim;SiouxFalls;SiouxFalls;True;False;1e-05;6000;1;2;20;50;200;-5;50;0.75;2;55;50;10;10;16;1171;1171
12428870;172;g_000;1;2;50;line_consecutive;0.5;1172;6;18;21-24|16-18;6|1;54286.7;55198.02999992916;55588.29499999839;55588.2949999984;911.329999929163;390.26500006923015;390.26500006923743;eev,integrated,separated,ws;lintim;SiouxFalls;SiouxFalls;True;False;1e-05;6000;1;2;20;50;200;-5;50;0.75;2;55;50;10;10;16;1172;1172
12428870;173;g_000;1;2;50;line_consecutive;0.5;1173;6;19;21-24|10-17;6|14;52049.83500000001;52180.835000000014;53427.95499999839;53427.9549999984;131.00000000000728;1247.1199999983728;1247.1199999983874;eev,integrated,separated,ws;lintim;SiouxFalls;SiouxFalls;True;False;1e-05;6000;1;2;20;50;200;-5;50;0.75;2;55;50;10;10;16;1173;1173
12428870;174;g_000;1;2;50;line_consecutive;0.5;1174;6;20;13-24|10-15;6|5,9;53051.31;53051.31000000001;53051.30999999839;53051.3099999984;1.4551915228366852e-11;-1.622538547962904e-09;-1.6152625903487206e-09;eev,integrated,separated,ws;lintim;SiouxFalls;SiouxFalls;True;False;1e-05;6000;1;2;20;50;200;-5;50;0.75;2;55;50;10;10;16;1174;1174
12428870;175;g_000;1;2;50;line_consecutive;0.5;1175;6;21;14-15|23-24;14|4;51792.37999999999;51792.595000000016;51792.59499999839;51792.59499999839;0.2150000000256113;-1.622538547962904e-09;-1.622538547962904e-09;eev,integrated,separated,ws;lintim;SiouxFalls;SiouxFalls;True;False;1e-05;6000;1;2;20;50;200;-5;50;0.75;2;55;50;10;10;16;1175;1175
12428870;176;g_000;1;2;50;line_consecutive;0.5;1176;6;22;9-10|3-4;7,9|3,4;53437.67;53966.72;54488.29499999839;54488.2949999984;529.0500000000029;521.5749999983891;521.5749999983964;eev,integrated,separated,ws;lintim;SiouxFalls;SiouxFalls;True;False;1e-05;6000;1;2;20;50;200;-5;50;0.75;2;55;50;10;10;16;1176;1176
12428870;177;g_000;1;2;50;line_consecutive;0.5;1177;6;23;1-3|12-13;4,8,12|12;52808.19;53127.14000000001;53497.5899999984;53497.5899999984;318.9500000000044;370.4499999983964;370.4499999983964;eev,integrated,separated,ws;lintim;SiouxFalls;SiouxFalls;True;False;1e-05;6000;1;2;20;50;200;-5;50;0.75;2;55;50;10;10;16;1177;1177
12428870;178;g_000;1;2;50;line_consecutive;0.5;1178;6;24;17-19|20-21;2,13,14|6;52734.38999999999;53053.34;53432.83499999839;53432.83499999839;318.9500000000044;379.4949999983946;379.4949999983946;eev,integrated,separated,ws;lintim;SiouxFalls;SiouxFalls;True;False;1e-05;6000;1;2;20;50;200;-5;50;0.75;2;55;50;10;10;16;1178;1178
12428870;179;g_000;1;2;50;line_consecutive;0.5;1179;6;25;2-6|11-14;2|4,8,10;51773.55;52406.859999992805;52726.58999999839;52726.5899999984;633.3099999928017;319.73000000558386;319.7300000055984;eev,integrated,separated,ws;lintim;SiouxFalls;SiouxFalls;True;False;1e-05;6000;1;2;20;50;200;-5;50;0.75;2;55;50;10;10;16;1179;1179
12428870;180;g_000;1;2;50;line_consecutive;0.5;1180;6;26;13-24|1-2;6|12;51140.239999996375;51140.24000000001;51140.23999999839;51140.23999999839;3.637978807091713e-09;-1.622538547962904e-09;-1.622538547962904e-09;eev,integrated,separated,ws;lintim;SiouxFalls;SiouxFalls;True;False;1e-05;6000;1;2;20;50;200;-5;50;0.75;2;55;50;10;10;16;1180;1180
12428870;181;g_000;1;2;50;line_consecutive;0.5;1181;6;27;12-13|5-9;12|3,9;51271.24;51402.240000000005;52420.23999999839;52420.23999999839;131.00000000000728;1017.9999999983849;1017.9999999983849;eev,integrated,separated,ws;lintim;SiouxFalls;SiouxFalls;True;False;1e-05;6000;1;2;20;50;200;-5;50;0.75;2;55;50;10;10;16;1181;1181
12428870;182;g_000;1;2;50;line_consecutive;0.5;1182;6;28;17-19|7-18;2,13,14|3,11;51730.34999999999;52320.46000000001;53741.714999998265;53741.714999998265;590.1100000000151;1421.2549999982584;1421.2549999982584;eev,integrated,separated,ws;lintim;SiouxFalls;SiouxFalls;True;False;1e-05;6000;1;2;20;50;200;-5;50;0.75;2;55;50;10;10;16;1182;1182
12428870;183;g_000;1;2;50;line_consecutive;0.5;1183;6;29;1-2|16-17;12|2,13;51140.23999999999;51140.24000000001;51140.23999998155;51140.23999998155;2.182787284255028e-11;-1.845910446718335e-08;-1.845910446718335e-08;eev,integrated,separated,ws;lintim;SiouxFalls;SiouxFalls;True;False;1e-05;6000;1;2;20;50;200;-5;50;0.75;2;55;50;10;10;16;1183;1183
12428870;184;g_000;1;2;50;line_consecutive;0.5;1184;6;30;9-10|14-15;7,9|14;51140.24;51140.24000000485;51140.23999998507;51140.23999998508;4.853063728660345e-09;-1.9783328752964732e-08;-1.9768776837736368e-08;eev,integrated,separated,ws;lintim;SiouxFalls;SiouxFalls;True;False;1e-05;6000;1;2;20;50;200;-5;50;0.75;2;55;50;10;10;16;1184;1184
12428870;185;g_000;1;2;50;line_consecutive;0.5;1185;6;31;20-22|10-17;11|14;51140.23999999999;51140.24000000001;51140.23999999839;51140.23999999839;2.182787284255028e-11;-1.622538547962904e-09;-1.622538547962904e-09;eev,integrated,separated,ws;lintim;SiouxFalls;SiouxFalls;True;False;1e-05;6000;1;2;20;50;200;-5;50;0.75;2;55;50;10;10;16;1185;1185
12428870;186;g_000;1;2;50;line_consecutive;0.5;1186;6;32;6-8|19-20;2|2;51140.24;51140.24000000041;51140.23999999839;51140.23999999839;4.147295840084553e-10;-2.0227162167429924e-09;-2.0227162167429924e-09;eev,integrated,separated,ws;lintim;SiouxFalls;SiouxFalls;True;False;1e-05;6000;1;2;20;50;200;-5;50;0.75;2;55;50;10;10;16;1186;1186
12428870;187;g_000;1;2;50;line_consecutive;0.5;1187;6;33;20-22|21-24;11|6;51402.15999999999;51664.08000000001;51710.22499999839;51710.22499999838;261.9200000000201;46.144999998381536;46.14499999837426;eev,integrated,separated,ws;lintim;SiouxFalls;SiouxFalls;True;False;1e-05;6000;1;2;20;50;200;-5;50;0.75;2;55;50;10;10;16;1187;1187
12428870;188;g_000;1;2;50;line_consecutive;0.5;1188;6;34;13-24|3-12;6|8,12;51307.5;51474.76;51600.3699999984;51600.3699999984;167.26000000000204;125.60999999839989;125.60999999839989;eev,integrated,separated,ws;lintim;SiouxFalls;SiouxFalls;True;False;1e-05;6000;1;2;20;50;200;-5;50;0.75;2;55;50;10;10;16;1188;1188
12428870;189;g_000;1;2;50;line_consecutive;0.5;1189;6;35;11-14|12-13;4,8,10|12;51307.5;51474.76;51600.3699999984;51600.3699999984;167.26000000000204;125.60999999839989;125.60999999839989;eev,integrated,separated,ws;lintim;SiouxFalls;SiouxFalls;True;False;1e-05;6000;1;2;20;50;200;-5;50;0.75;2;55;50;10;10;16;1189;1189
12428870;190;g_000;1;2;50;line_consecutive;0.5;1190;6;36;18-20|12-13;11|12;55805.34999999999;56860.90999999957;57296.33499999839;57296.3349999984;1055.5599999995757;435.4249999988242;435.4249999988315;eev,integrated,separated,ws;lintim;SiouxFalls;SiouxFalls;True;False;1e-05;6000;1;2;20;50;200;-5;50;0.75;2;55;50;10;10;16;1190;1190
12428870;191;g_000;1;2;50;line_consecutive;0.5;1191;6;37;10-15|4-11;5,9|4;55473.42;56713.88000000002;58023.90499999839;58023.90499703081;1240.460000000021;1310.0249999983716;1310.0249970307923;eev,integrated,separated,ws;lintim;SiouxFalls;SiouxFalls;True;False;1e-05;6000;1;2;20;50;200;-5;50;0.75;2;55;50;10;10;16;1191;1191
12428870;192;g_000;1;2;50;line_consecutive;0.5;1192;6;38;12-13|3-4;12|3,4;53377.605;54149.60500000002;55900.32999999838;55900.32999999839;772.0000000000146;1750.7249999983617;1750.7249999983687;eev,integrated,separated,ws;lintim;SiouxFalls;SiouxFalls;True;False;1e-05;6000;1;2;20;50;200;-5;50;0.75;2;55;50;10;10;16;1192;1192
12428870;193;g_000;1;2;50;line_consecutive;0.5;1193;6;39;8-9|11-14;3,7|4,8,10;52659.84999999999;53324.045000000006;55021.82999999839;55021.82999999839;664.1950000000143;1697.784999998381;1697.784999998381;eev,integrated,separated,ws;lintim;SiouxFalls;SiouxFalls;True;False;1e-05;6000;1;2;20;50;200;-5;50;0.75;2;55;50;10;10;16;1193;1193
12428870;194;g_000;1;2;50;line_consecutive;0.5;1194;6;40;21-24|11-14;6|4,8,10;58649.21999999999;60364.61000000001;61235.3099999984;61235.3099999984;1715.3900000000212;870.6999999983891;870.6999999983891;eev,integrated,separated,ws;lintim;SiouxFalls;SiouxFalls;True;False;1e-05;6000;1;2;20;50;200;-5;50;0.75;2;55;50;10;10;16;1194;1194
12428870;195;g_000;1;2;50;line_consecutive;0.5;1195;6;41;15-19|13-24;9,13,14|6;57174.70999999999;58215.33000000001;58779.639999998384;58779.63999999839;1040.6200000000172;564.3099999983751;564.3099999983824;eev,integrated,separated,ws;lintim;SiouxFalls;SiouxFalls;True;False;1e-05;6000;1;2;20;50;200;-5;50;0.75;2;55;50;10;10;16;1195;1195
12428870;196;g_000;1;2;50;line_consecutive;0.5;1196;6;42;8-16|1-3;2,10,13|4,8,12;57078.68999999999;58362.380000000034;59573.35499999838;58810.01999999999;1283.690000000046;1210.974999998347;447.63999999995576;eev,integrated,separated,ws;lintim;SiouxFalls;SiouxFalls;True;False;1e-05;6000;1;2;20;50;200;-5;50;0.75;2;55;50;10;10;16;1196;1196
12428870;197;g_000;1;2;50;line_consecutive;0.5;1197;6;43;16-18|2-6;1|2;56436.240000000005;57344.130000000005;57945.2149999984;57889.19;907.8899999999994;601.0849999983984;545.0599999999977;eev,integrated,separated,ws;lintim;SiouxFalls;SiouxFalls;True;False;1e-05;6000;1;2;20;50;200;-5;50;0.75;2;55;50;10;10;16;1197;1197
12428870;198;g_000;1;2;50;line_consecutive;0.5;1198;6;44;14-15|21-24;14|6;60308.675;60993.63499999944;61877.76999999839;61414.10544037583;684.9599999994389;884.134999998947;420.4704403763899;eev,integrated,separated,ws;lintim;SiouxFalls;SiouxFalls;True;False;1e-05;6000;1;2;20;50;200;-5;50;0.75;2;55;50;10;10;16;1198;1198
12428870;199;g_000;1;2;50;line_consecutive;0.5;1199;6;45;10-16|15-22;1,10|5,13;57520.875;58598.405000000006;59162.71499999838;59162.71499999839;1077.530000000006;564.3099999983751;564.3099999983824;eev,integrated,separated,ws;lintim;SiouxFalls;SiouxFalls;True;False;1e-05;6000;1;2;20;50;200;-5;50;0.75;2;55;50;10;10;16;1199;1199
12428870;200;g_000;1;2;50;line_consecutive;0.5;1200;6;46;7-8|14-23;3,7,11|4,10;55065.45999999999;55980.80500000001;57075.83499999839;57075.83499999839;915.3450000000156;1095.0299999983836;1095.0299999983836;eev,integrated,separated,ws;lintim;SiouxFalls;SiouxFalls;True;False;1e-05;6000;1;2;20;50;200;-5;50;0.75;2;55;50;10;10;16;1200;1200
12428870;201;g_000;1;2;50;line_consecutive;0.5;1201;6;47;23-24|17-19;4|2,13,14;51140.24;51140.24000002087;51140.23999999839;51140.2399999984;2.0874722395092252e-08;-2.2482709027826783e-08;-2.2475433070212606e-08;eev,integrated,separated,ws;lintim;SiouxFalls;SiouxFalls;True;False;1e-05;6000;1;2;20;50;200;-5;50;0.75;2;55;50;10;10;16;1201;1201
12428870;202;g_000;1;2;50;line_consecutive;0.5;1202;6;48;1-3|14-15;4,8,12|14;51271.24;51402.240000000005;52420.23999999839;52420.239999998405;131.00000000000728;1017.9999999983849;1017.9999999983992;eev,integrated,separated,ws;lintim;SiouxFalls;SiouxFalls;True;False;1e-05;6000;1;2;20;50;200;-5;50;0.75;2;55;50;10;10;16;1202;1202
12428870;203;g_000;1;2;50;line_consecutive;0.5;1203;6;49;21-22|15-22;13|5,13;51140.240000000005;51140.23999999955;51140.23999999839;51140.23999999839;-4.5838532969355583e-10;-1.1568772606551647e-09;-1.1568772606551647e-09;eev,integrated,separated,ws;lintim;SiouxFalls;SiouxFalls;True;False;1e-05;6000;1;2;20;50;200;-5;50;0.75;2;55;50;10;10;16;1203;1203
12428870;204;g_000;1;3;30;line_consecutive;0.5;1204;7;0;23-24|20-22|11-12;4|11|1,7,8;51140.23999999999;51140.240000000005;51140.23999999839;51140.2399999984;1.4551915228366852e-11;-1.6152625903487206e-09;-1.6079866327345371e-09;eev,integrated,separated,ws;lintim;SiouxFalls;SiouxFalls;True;False;1e-05;6000;1;2;20;50;200;-5;50;0.75;2;55;50;10;10;16;1204;1204
12428870;205;g_000;1;3;30;line_consecutive;0.5;1205;7;1;15-19|17-19|22-23;9,13,14|2,13,14|5;51140.23999999999;51140.24000000001;51140.23999999839;51140.23999999839;2.182787284255028e-11;-1.622538547962904e-09;-1.622538547962904e-09;eev,integrated,separated,ws;lintim;SiouxFalls;SiouxFalls;True;False;1e-05;6000;1;2;20;50;200;-5;50;0.75;2;55;50;10;10;16;1205;1205
12428870;206;g_000;1;3;30;line_consecutive;0.5;1206;7;2;7-18|4-11|17-19;3,11|4|2,13,14;58391.91000000008;58918.000000000015;59192.72499999839;59192.7249999984;526.089999999931;274.724999998376;274.7249999983833;eev,integrated,separated,ws;lintim;SiouxFalls;SiouxFalls;True;False;1e-05;6000;1;2;20;50;200;-5;50;0.75;2;55;50;10;10;16;1206;1206
12428870;207;g_000;1;3;30;line_consecutive;0.5;1207;7;3;11-14|23-24|21-24;4,8,10|4|6;54346.68999999999;55250.21499999997;55779.53499999839;55779.5349999984;903.5249999999796;529.3199999984208;529.3199999984354;eev,integrated,separated,ws;lintim;SiouxFalls;SiouxFalls;True;False;1e-05;6000;1;2;20;50;200;-5;50;0.75;2;55;50;10;10;16;1207;1207
12428870;208;g_000;1;3;30;line_consecutive;0.5;1208;7;4;7-8|15-19|14-23;3,7,11|9,13,14|4,10;55715.62999999999;56294.27999999999;57293.02999999839;57293.0299999984;578.6500000000015;998.7499999983992;998.7499999984066;eev,integrated,separated,ws;lintim;SiouxFalls;SiouxFalls;True;False;1e-05;6000;1;2;20;50;200;-5;50;0.75;2;55;50;10;10;16;1208;1208
12428870;209;g_000;1;3;30;line_consecutive;0.5;1209;7;5;11-14|14-23|2-6;4,8,10|4,10|2;54841.905;55396.175;56078.2449999984;56078.2449999984;554.2700000000041;682.069999998399;682.069999998399;eev,integrated,separated,ws;lintim;SiouxFalls;SiouxFalls;True;False;1e-05;6000;1;2;20;50;200;-5;50;0.75;2;55;50;10;10;16;1209;1209
12428870;210;g_000;1;3;30;line_consecutive;0.5;1210;7;6;2-6|14-23|6-8;2|4,10|2;54286.7;55198.02999992916;55588.29499999839;55588.2949999984;911.329999929163;390.26500006923015;390.26500006923743;eev,integrated,separated,ws;lintim;SiouxFalls;SiouxFalls;True;False;1e-05;6000;1;2;20;50;200;-5;50;0.75;2;55;50;10;10;16;1210;1210
12428870;211;g_000;1;3;30;line_consecutive;0.5;1211;7;7;22-23|15-22|13-24;5|5,13|6;52049.83500000001;52180.835000000014;53427.95499999839;53427.9549999984;131.00000000000728;1247.1199999983728;1247.1199999983874;eev,integrated,separated,ws;lintim;SiouxFalls;SiouxFalls;True;False;1e-05;6000;1;2;20;50;200;-5;50;0.75;2;55;50;10;10;16;1211;1211
12428870;212;g_000;1;3;30;line_consecutive;0.5;1212;7;8;22-23|3-4|12-13;5|3,4|12;53051.31;53051.31000000001;53051.30999999839;53051.3099999984;1.4551915228366852e-11;-1.622538547962904e-09;-1.6152625903487206e-09;eev,integrated,separated,ws;lintim;SiouxFalls;SiouxFalls;True;False;1e-05;6000;1;2;20;50;200;-5;50;0.75;2;55;50;10;10;16;1212;1212
12428870;213;g_000;1;3;30;line_consecutive;0.5;1213;7;9;19-20|16-18|14-23;2|1|4,10;51792.37999999999;51792.595000000016;51792.59499999839;51792.59499999839;0.2150000000256113;-1.622538547962904e-09;-1.622538547962904e-09;eev,integrated,separated,ws;lintim;SiouxFalls;SiouxFalls;True;False;1e-05;6000;1;2;20;50;200;-5;50;0.75;2;55;50;10;10;16;1213;1213
12428870;214;g_000;1;3;30;line_consecutive;0.5;1214;7;10;7-8|8-16|10-17;3,7,11|2,10,13|14;53437.67;53966.72;54488.29499999839;54488.2949999984;529.0500000000029;521.5749999983891;521.5749999983964;eev,integrated,separated,ws;lintim;SiouxFalls;SiouxFalls;True;False;1e-05;6000;1;2;20;50;200;-5;50;0.75;2;55;50;10;10;16;1214;1214
12428870;215;g_000;1;3;30;line_consecutive;0.5;1215;7;11;15-19|9-10|3-4;9,13,14|7,9|3,4;52808.19;53127.14000000001;53497.5899999984;53497.5899999984;318.9500000000044;370.4499999983964;370.4499999983964;eev,integrated,separated,ws;lintim;SiouxFalls;SiouxFalls;True;False;1e-05;6000;1;2;20;50;200;-5;50;0.75;2;55;50;10;10;16;1215;1215
12428870;216;g_000;1;3;30;line_consecutive;0.5;1216;7;12;7-8|5-6|8-16;3,7,11|9|2,10,13;52734.38999999999;53053.34;53432.83499999839;53432.83499999839;318.9500000000044;379.4949999983946;379.4949999983946;eev,integrated,separated,ws;lintim;SiouxFalls;SiouxFalls;True;False;1e-05;6000;1;2;20;50;200;-5;50;0.75;2;55;50;10;10;16;1216;1216
12428870;217;g_000;1;3;30;line_consecutive;0.5;1217;7;13;22-23|3-4|1-3;5|3,4|4,8,12;51773.55;52406.859999992805;52726.58999999839;52726.5899999984;633.3099999928017;319.73000000558386;319.7300000055984;eev,integrated,separated,ws;lintim;SiouxFalls;SiouxFalls;True;False;1e-05;6000;1;2;20;50;200;-5;50;0.75;2;55;50;10;10;16;1217;1217
12428870;218;g_000;1;3;30;line_consecutive;0.5;1218;7;14;4-11|1-2|5-9;4|12|3,9;51140.239999996375;51140.24000000001;51140.23999999839;51140.23999999839;3.637978807091713e-09;-1.622538547962904e-09;-1.622538547962904e-09;eev,integrated,separated,ws;lintim;SiouxFalls;SiouxFalls;True;False;1e-05;6000;1;2;20;50;200;-5;50;0.75;2;55;50;10;10;16;1218;1218
12428870;219;g_000;1;3;30;line_consecutive;0.5;1219;7;15;10-17|4-11|20-22;14|4|11;51271.24;51402.240000000005;52420.23999999839;52420.23999999839;131.00000000000728;1017.9999999983849;1017.9999999983849;eev,integrated,separated,ws;lintim;SiouxFalls;SiouxFalls;True;False;1e-05;6000;1;2;20;50;200;-5;50;0.75;2;55;50;10;10;16;1219;1219
12428870;220;g_000;1;3;30;line_consecutive;0.5;1220;7;16;6-8|10-11|3-4;2|1,7,10|3,4;51730.34999999999;52320.46000000001;53741.714999998265;53741.714999998265;590.1100000000151;1421.2549999982584;1421.2549999982584;eev,integrated,separated,ws;lintim;SiouxFalls;SiouxFalls;True;False;1e-05;6000;1;2;20;50;200;-5;50;0.75;2;55;50;10;10;16;1220;1220
12428870;221;g_000;1;3;30;line_consecutive;0.5;1221;7;17;7-8|5-6|10-16;3,7,11|9|1,10;51140.23999999999;51140.24000000001;51140.23999998155;51140.23999998155;2.182787284255028e-11;-1.845910446718335e-08;-1.845910446718335e-08;eev,integrated,separated,ws;lintim;SiouxFalls;SiouxFalls;True;False;1e-05;6000;1;2;20;50;200;-5;50;0.75;2;55;50;10;10;16;1221;1221
12428870;222;g_000;1;3;30;line_consecutive;0.5;1222;7;18;20-21|16-18|11-12;6|1|1,7,8;51140.24;51140.24000000485;51140.23999998507;51140.23999998508;4.853063728660345e-09;-1.9783328752964732e-08;-1.9768776837736368e-08;eev,integrated,separated,ws;lintim;SiouxFalls;SiouxFalls;True;False;1e-05;6000;1;2;20;50;200;-5;50;0.75;2;55;50;10;10;16;1222;1222
12428870;223;g_000;1;3;30;line_consecutive;0.5;1223;7;19;7-8|6-8|10-15;3,7,11|2|5,9;51140.23999999999;51140.24000000001;51140.23999999839;51140.23999999839;2.182787284255028e-11;-1.622538547962904e-09;-1.622538547962904e-09;eev,integrated,separated,ws;lintim;SiouxFalls;SiouxFalls;True;False;1e-05;6000;1;2;20;50;200;-5;50;0.75;2;55;50;10;10;16;1223;1223
12428870;224;g_000;1;3;30;line_consecutive;0.5;1224;7;20;8-16|15-19|18-20;2,10,13|9,13,14|11;51140.24;51140.24000000041;51140.23999999839;51140.23999999839;4.147295840084553e-10;-2.0227162167429924e-09;-2.0227162167429924e-09;eev,integrated,separated,ws;lintim;SiouxFalls;SiouxFalls;True;False;1e-05;6000;1;2;20;50;200;-5;50;0.75;2;55;50;10;10;16;1224;1224
12428870;225;g_000;1;3;30;line_consecutive;0.5;1225;7;21;13-24|16-18|1-3;6|1|4,8,12;51402.15999999999;51664.08000000001;51710.22499999839;51710.22499999838;261.9200000000201;46.144999998381536;46.14499999837426;eev,integrated,separated,ws;lintim;SiouxFalls;SiouxFalls;True;False;1e-05;6000;1;2;20;50;200;-5;50;0.75;2;55;50;10;10;16;1225;1225
12428870;226;g_000;1;3;30;line_consecutive;0.5;1226;7;22;4-11|2-6|20-21;4|2|6;51307.5;51474.76;51600.3699999984;51600.3699999984;167.26000000000204;125.60999999839989;125.60999999839989;eev,integrated,separated,ws;lintim;SiouxFalls;SiouxFalls;True;False;1e-05;6000;1;2;20;50;200;-5;50;0.75;2;55;50;10;10;16;1226;1226
12428870;227;g_000;1;3;30;line_consecutive;0.5;1227;7;23;11-12|5-6|10-16;1,7,8|9|1,10;51307.5;51474.76;51600.3699999984;51600.3699999984;167.26000000000204;125.60999999839989;125.60999999839989;eev,integrated,separated,ws;lintim;SiouxFalls;SiouxFalls;True;False;1e-05;6000;1;2;20;50;200;-5;50;0.75;2;55;50;10;10;16;1227;1227
12428870;228;g_000;1;3;30;line_consecutive;0.5;1228;7;24;13-24|22-23|5-6;6|5|9;55805.34999999999;56860.90999999957;57296.33499999839;57296.3349999984;1055.5599999995757;435.4249999988242;435.4249999988315;eev,integrated,separated,ws;lintim;SiouxFalls;SiouxFalls;True;False;1e-05;6000;1;2;20;50;200;-5;50;0.75;2;55;50;10;10;16;1228;1228
12428870;229;g_000;1;3;30;line_consecutive;0.5;1229;7;25;8-9|22-23|1-2;3,7|5|12;55473.42;56713.88000000002;58023.90499999839;58023.90499703081;1240.460000000021;1310.0249999983716;1310.0249970307923;eev,integrated,separated,ws;lintim;SiouxFalls;SiouxFalls;True;False;1e-05;6000;1;2;20;50;200;-5;50;0.75;2;55;50;10;10;16;1229;1229
12428870;230;g_000;1;3;30;line_consecutive;0.5;1230;7;26;1-3|10-15|22-23;4,8,12|5,9|5;53377.605;54149.60500000002;55900.32999999838;55900.32999999839;772.0000000000146;1750.7249999983617;1750.7249999983687;eev,integrated,separated,ws;lintim;SiouxFalls;SiouxFalls;True;False;1e-05;6000;1;2;20;50;200;-5;50;0.75;2;55;50;10;10;16;1230;1230
12428870;231;g_000;1;3;30;line_consecutive;0.5;1231;7;27;5-9|17-19|21-22;3,9|2,13,14|13;52659.84999999999;53324.045000000006;55021.82999999839;55021.82999999839;664.1950000000143;1697.784999998381;1697.784999998381;eev,integrated,separated,ws;lintim;SiouxFalls;SiouxFalls;True;False;1e-05;6000;1;2;20;50;200;-5;50;0.75;2;55;50;10;10;16;1231;1231
12428870;232;g_000;1;3;30;line_consecutive;0.5;1232;7;28;4-5|1-2|10-16;3|12|1,10;58649.21999999999;60364.61000000001;61235.3099999984;61235.3099999984;1715.3900000000212;870.6999999983891;870.6999999983891;eev,integrated,separated,ws;lintim;SiouxFalls;SiouxFalls;True;False;1e-05;6000;1;2;20;50;200;-5;50;0.75;2;55;50;10;10;16;1232;1232
12428870;233;g_000;1;3;30;line_consecutive;0.5;1233;7;29;10-11|3-12|12-13;1,7,10|8,12|12;57174.70999999999;58215.33000000001;58779.639999998384;58779.63999999839;1040.6200000000172;564.3099999983751;564.3099999983824;eev,integrated,separated,ws;lintim;SiouxFalls;SiouxFalls;True;False;1e-05;6000;1;2;20;50;200;-5;50;0.75;2;55;50;10;10;16;1233;1233
12428870;234;g_000;2;2;40;line_consecutive;0.5;1234;8;0;8-9,9-10|7-8,8-9;7|3,7;57078.68999999999;58362.380000000034;59573.35499999838;58810.01999999999;1283.690000000046;1210.974999998347;447.63999999995576;eev,integrated,separated,ws;lintim;SiouxFalls;SiouxFalls;True;False;1e-05;6000;1;2;20;50;200;-5;50;0.75;2;55;50;10;10;16;1234;1234
12428870;235;g_000;2;2;40;line_consecutive;0.5;1235;8;1;15-22,22-23|14-23,23-24;5|4;56436.240000000005;57344.130000000005;57945.2149999984;57889.19;907.8899999999994;601.0849999983984;545.0599999999977;eev,integrated,separated,ws;lintim;SiouxFalls;SiouxFalls;True;False;1e-05;6000;1;2;20;50;200;-5;50;0.75;2;55;50;10;10;16;1235;1235
12428870;236;g_000;2;2;40;line_consecutive;0.5;1236;8;2;10-11,10-16|3-4,4-11;1,10|4;60308.675;60993.63499999944;61877.76999999839;61414.10544037583;684.9599999994389;884.134999998947;420.4704403763899;eev,integrated,separated,ws;lintim;SiouxFalls;SiouxFalls;True;False;1e-05;6000;1;2;20;50;200;-5;50;0.75;2;55;50;10;10;16;1236;1236
12428870;237;g_000;2;2;40;line_consecutive;0.5;1237;8;3;4-11,11-14|5-9,8-9;4|3;57520.875;58598.405000000006;59162.71499999838;59162.71499999839;1077.530000000006;564.3099999983751;564.3099999983824;eev,integrated,separated,ws;lintim;SiouxFalls;SiouxFalls;True;False;1e-05;6000;1;2;20;50;200;-5;50;0.75;2;55;50;10;10;16;1237;1237
12428870;238;g_000;2;2;40;line_consecutive;0.5;1238;8;4;7-8,7-18|10-11,10-16;3,11|1,10;55065.45999999999;55980.80500000001;57075.83499999839;57075.83499999839;915.3450000000156;1095.0299999983836;1095.0299999983836;eev,integrated,separated,ws;lintim;SiouxFalls;SiouxFalls;True;False;1e-05;6000;1;2;20;50;200;-5;50;0.75;2;55;50;10;10;16;1238;1238
12428870;239;g_000;2;2;40;line_consecutive;0.5;1239;8;5;14-15,15-19|3-12,12-13;14|12;51140.24;51140.24000002087;51140.23999999839;51140.2399999984;2.0874722395092252e-08;-2.2482709027826783e-08;-2.2475433070212606e-08;eev,integrated,separated,ws;lintim;SiouxFalls;SiouxFalls;True;False;1e-05;6000;1;2;20;50;200;-5;50;0.75;2;55;50;10;10;16;1239;1239
12428870;240;g_000;2;2;40;line_consecutive;0.5;1240;8;6;7-18,18-20|8-9,9-10;11|7;51271.24;51402.240000000005;52420.23999999839;52420.239999998405;131.00000000000728;1017.9999999983849;1017.9999999983992;eev,integrated,separated,ws;lintim;SiouxFalls;SiouxFalls;True;False;1e-05;6000;1;2;20;50;200;-5;50;0.75;2;55;50;10;10;16;1240;1240
12428870;241;g_000;2;2;40;line_consecutive;0.5;1241;8;7;7-8,8-9|9-10,10-15;3,7|9;51140.240000000005;51140.23999999955;51140.23999999839;51140.23999999839;-4.5838532969355583e-10;-1.1568772606551647e-09;-1.1568772606551647e-09;eev,integrated,separated,ws;lintim;SiouxFalls;SiouxFalls;True;False;1e-05;6000;1;2;20;50;200;-5;50;0.75;2;55;50;10;10;16;1241;1241
12428870;242;g_000;2;2;40;line_consecutive;0.5;1242;8;8;11-12,11-14|7-8,7-18;8|3,11;51140.23999999999;51140.240000000005;51140.23999999839;51140.2399999984;1.4551915228366852e-11;-1.6152625903487206e-09;-1.6079866327345371e-09;eev,integrated,separated,ws;lintim;SiouxFalls;SiouxFalls;True;False;1e-05;6000;1;2;20;50;200;-5;50;0.75;2;55;50;10;10;16;1242;1242
12428870;243;g_000;2;2;40;line_consecutive;0.5;1243;8;9;10-11,11-14|11-12,11-14;10|8;51140.23999999999;51140.24000000001;51140.23999999839;51140.23999999839;2.182787284255028e-11;-1.622538547962904e-09;-1.622538547962904e-09;eev,integrated,separated,ws;lintim;SiouxFalls;SiouxFalls;True;False;1e-05;6000;1;2;20;50;200;-5;50;0.75;2;55;50;10;10;16;1243;1243
12428870;244;g_000;2;2;40;line_consecutive;0.5;1244;8;10;18-20,20-22|15-22,22-23;11|5;58391.91000000008;58918.000000000015;59192.72499999839;59192.7249999984;526.089999999931;274.724999998376;274.7249999983833;eev,integrated,separated,ws;lintim;SiouxFalls;SiouxFalls;True;False;1e-05;6000;1;2;20;50;200;-5;50;0.75;2;55;50;10;10;16;1244;1244
12428870;245;g_000;2;2;40;line_consecutive;0.5;1245;8;11;10-11,10-16|6-8,8-16;1,10|2;54346.68999999999;55250.21499999997;55779.53499999839;55779.5349999984;903.5249999999796;529.3199999984208;529.3199999984354;eev,integrated,separated,ws;lintim;SiouxFalls;SiouxFalls;True;False;1e-05;6000;1;2;20;50;200;-5;50;0.75;2;55;50;10;10;16;1245;1245
12428870;246;g_000;2;2;40;line_consecutive;0.5;1246;8;12;10-11,10-16|7-8,8-9;1,10|3,7;55715.62999999999;56294.27999999999;57293.02999999839;57293.0299999984;578.6500000000015;998.7499999983992;998.7499999984066;eev,integrated,separated,ws;lintim;SiouxFalls;SiouxFalls;True;False;1e-05;6000;1;2;20;50;200;-5;50;0.75;2;55;50;10;10;16;1246;1246
12428870;247;g_000;2;2;40;line_consecutive;0.5;1247;8;13;14-23,23-24|14-15,15-19;4|14;54841.905;55396.175;56078.2449999984;56078.2449999984;554.2700000000041;682.069999998399;682.069999998399;eev,integrated,separated,ws;lintim;SiouxFalls;SiouxFalls;True;False;1e-05;6000;1;2;20;50;200;-5;50;0.75;2;55;50;10;10;16;1247;1247
12428870;248;g_000;2;2;40;line_consecutive;0.5;1248;8;14;8-9,9-10|6-8,8-16;7|2;54286.7;55198.02999992916;55588.29499999839;55588.2949999984;911.329999929163;390.26500006923015;390.26500006923743;eev,integrated,separated,ws;lintim;SiouxFalls;SiouxFalls;True;False;1e-05;6000;1;2;20;50;200;-5;50;0.75;2;55;50;10;10;16;1248;1248
12428870;249;g_000;2;2;40;line_consecutive;0.5;1249;8;15;4-11,11-14|15-22,22-23;4|5;52049.83500000001;52180.835000000014;53427.95499999839;53427.9549999984;131.00000000000728;1247.1199999983728;1247.1199999983874;eev,integrated,separated,ws;lintim;SiouxFalls;SiouxFalls;True;False;1e-05;6000;1;2;20;50;200;-5;50;0.75;2;55;50;10;10;16;1249;1249
12428870;250;g_000;2;2;40;line_consecutive;0.5;1250;8;16;10-17,17-19|8-16,10-16;14|10;53051.31;53051.31000000001;53051.30999999839;53051.3099999984;1.4551915228366852e-11;-1.622538547962904e-09;-1.6152625903487206e-09;eev,integrated,separated,ws;lintim;SiouxFalls;SiouxFalls;True;False;1e-05;6000;1;2;20;50;200;-5;50;0.75;2;55;50;10;10;16;1250;1250
12428870;251;g_000;2;2;40;line_consecutive;0.5;1251;8;17;15-22,22-23|7-8,8-9;5|3,7;51792.37999999999;51792.595000000016;51792.59499999839;51792.59499999839;0.2150000000256113;-1.622538547962904e-09;-1.622538547962904e-09;eev,integrated,separated,ws;lintim;SiouxFalls;SiouxFalls;True;False;1e-05;6000;1;2;20;50;200;-5;50;0.75;2;55;50;10;10;16;1251;1251
12428870;252;g_000;2;2;40;line_consecutive;0.5;1252;8;18;5-9,8-9|5-9,9-10;3|9;53437.67;53966.72;54488.29499999839;54488.2949999984;529.0500000000029;521.5749999983891;521.5749999983964;eev,integrated,separated,ws;lintim;SiouxFalls;SiouxFalls;True;False;1e-05;6000;1;2;20;50;200;-5;50;0.75;2;55;50;10;10;16;1252;1252
12428870;253;g_000;2;2;40;line_consecutive;0.5;1253;8;19;20-21,21-24|10-15,15-22;6|5;52808.19;53127.14000000001;53497.5899999984;53497.5899999984;318.9500000000044;370.4499999983964;370.4499999983964;eev,integrated,separated,ws;lintim;SiouxFalls;SiouxFalls;True;False;1e-05;6000;1;2;20;50;200;-5;50;0.75;2;55;50;10;10;16;1253;1253
12428870;254;g_000;2;2;40;line_consecutive;0.5;1254;8;20;10-15,15-19|16-17,17-19;9|2,13;52734.38999999999;53053.34;53432.83499999839;53432.83499999839;318.9500000000044;379.4949999983946;379.4949999983946;eev,integrated,separated,ws;lintim;SiouxFalls;SiouxFalls;True;False;1e-05;6000;1;2;20;50;200;-5;50;0.75;2;55;50;10;10;16;1254;1254
12428870;255;g_000;2;2;40;line_consecutive;0.5;1255;8;21;10-11,11-12|7-8,8-9;1,7|3,7;51773.55;52406.859999992805;52726.58999999839;52726.5899999984;633.3099999928017;319.73000000558386;319.7300000055984;eev,integrated,separated,ws;lintim;SiouxFalls;SiouxFalls;True;False;1e-05;6000;1;2;20;50;200;-5;50;0.75;2;55;50;10;10;16;1255;1255
12428870;256;g_000;2;2;40;line_consecutive;0.5;1256;8;22;4-5,5-9|18-20,20-22;3|11;51140.239999996375;51140.24000000001;51140.23999999839;51140.23999999839;3.637978807091713e-09;-1.622538547962904e-09;-1.622538547962904e-09;eev,integrated,separated,ws;lintim;SiouxFalls;SiouxFalls;True;False;1e-05;6000;1;2;20;50;200;-5;50;0.75;2;55;50;10;10;16;1256;1256
12428870;257;g_000;2;2;40;line_consecutive;0.5;1257;8;23;5-9,8-9|3-4,4-5;3|3;51271.24;51402.240000000005;52420.23999999839;52420.23999999839;131.00000000000728;1017.9999999983849;1017.9999999983849;eev,integrated,separated,ws;lintim;SiouxFalls;SiouxFalls;True;False;1e-05;6000;1;2;20;50;200;-5;50;0.75;2;55;50;10;10;16;1257;1257
12428870;258;g_000;2;2;40;line_consecutive;0.5;1258;8;24;6-8,8-16|11-14,14-23;2|4,10;51730.34999999999;52320.46000000001;53741.714999998265;53741.714999998265;590.1100000000151;1421.2549999982584;1421.2549999982584;eev,integrated,separated,ws;lintim;SiouxFalls;SiouxFalls;True;False;1e-05;6000;1;2;20;50;200;-5;50;0.75;2;55;50;10;10;16;1258;1258
12428870;259;g_000;2;2;40;line_consecutive;0.5;1259;8;25;3-12,12-13|10-15,15-19;12|9;51140.23999999999;51140.24000000001;51140.23999998155;51140.23999998155;2.182787284255028e-11;-1.845910446718335e-08;-1.845910446718335e-08;eev,integrated,separated,ws;lintim;SiouxFalls;SiouxFalls;True;False;1e-05;6000;1;2;20;50;200;-5;50;0.75;2;55;50;10;10;16;1259;1259
12428870;260;g_000;2;2;40;line_consecutive;0.5;1260;8;26;5-9,8-9|10-11,10-16;3|1,10;51140.24;51140.24000000485;51140.23999998507;51140.23999998508;4.853063728660345e-09;-1.9783328752964732e-08;-1.9768776837736368e-08;eev,integrated,separated,ws;lintim;SiouxFalls;SiouxFalls;True;False;1e-05;6000;1;2;20;50;200;-5;50;0.75;2;55;50;10;10;16;1260;1260
12428870;261;g_000;2;2;40;line_consecutive;0.5;1261;8;27;6-8,8-16|10-16,16-18;2|1;51140.23999999999;51140.24000000001;51140.23999999839;51140.23999999839;2.182787284255028e-11;-1.622538547962904e-09;-1.622538547962904e-09;eev,integrated,separated,ws;lintim;SiouxFalls;SiouxFalls;True;False;1e-05;6000;1;2;20;50;200;-5;50;0.75;2;55;50;10;10;16;1261;1261
12428870;262;g_000;2;2;40;line_consecutive;0.5;1262;8;28;18-20,20-22|10-15,15-22;11|5;51140.24;51140.24000000041;51140.23999999839;51140.23999999839;4.147295840084553e-10;-2.0227162167429924e-09;-2.0227162167429924e-09;eev,integrated,separated,ws;lintim;SiouxFalls;SiouxFalls;True;False;1e-05;6000;1;2;20;50;200;-5;50;0.75;2;55;50;10;10;16;1262;1262
12428870;263;g_000;2;2;40;line_consecutive;0.5;1263;8;29;18-20,20-22|4-11,11-14;11|4;51402.15999999999;51664.08000000001;51710.22499999839;51710.22499999838;261.9200000000201;46.144999998381536;46.14499999837426;eev,integrated,separated,ws;lintim;SiouxFalls;SiouxFalls;True;False;1e-05;6000;1;2;20;50;200;-5;50;0.75;2;55;50;10;10;16;1263;1263
12428870;264;g_000;2;2;40;line_consecutive;0.5;1264;8;30;14-23,23-24|2-6,6-8;4|2;51307.5;51474.76;51600.3699999984;51600.3699999984;167.26000000000204;125.60999999839989;125.60999999839989;eev,integrated,separated,ws;lintim;SiouxFalls;SiouxFalls;True;False;1e-05;6000;1;2;20;50;200;-5;50;0.75;2;55;50;10;10;16;1264;1264
12428870;265;g_000;2;2;40;line_consecutive;0.5;1265;8;31;10-17,17-19|5-6,5-9;14|9;51307.5;51474.76;51600.3699999984;51600.3699999984;167.26000000000204;125.60999999839989;125.60999999839989;eev,integrated,separated,ws;lintim;SiouxFalls;SiouxFalls;True;False;1e-05;6000;1;2;20;50;200;-5;50;0.75;2;55;50;10;10;16;1265;1265
12428870;266;g_000;2;2;40;line_consecutive;0.5;1266;8;32;8-9,9-10|10-15,15-22;7|5;55805.34999999999;56860.90999999957;57296.33499999839;57296.3349999984;1055.5599999995757;435.4249999988242;435.4249999988315;eev,integrated,separated,ws;lintim;SiouxFalls;SiouxFalls;True;False;1e-05;6000;1;2;20;50;200;-5;50;0.75;2;55;50;10;10;16;1266;1266
12428870;267;g_000;2;2;40;line_consecutive;0.5;1267;8;33;9-10,10-11|10-11,11-12;7|1,7;55473.42;56713.88000000002;58023.90499999839;58023.90499703081;1240.460000000021;1310.0249999983716;1310.0249970307923;eev,integrated,separated,ws;lintim;SiouxFalls;SiouxFalls;True;False;1e-05;6000;1;2;20;50;200;-5;50;0.75;2;55;50;10;10;16;1267;1267
12428870;268;g_000;2;2;40;line_consecutive;0.5;1268;8;34;15-19,17-19|11-12,11-14;13,14|8;53377.605;54149.60500000002;55900.32999999838;55900.32999999839;772.0000000000146;1750.7249999983617;1750.7249999983687;eev,integrated,separated,ws;lintim;SiouxFalls;SiouxFalls;True;False;1e-05;6000;1;2;20;50;200;-5;50;0.75;2;55;50;10;10;16;1268;1268
12428870;269;g_000;2;2;40;line_consecutive;0.5;1269;8;35;15-19,15-22|7-8,8-9;13|3,7;52659.84999999999;53324.045000000006;55021.82999999839;55021.82999999839;664.1950000000143;1697.784999998381;1697.784999998381;eev,integrated,separated,ws;lintim;SiouxFalls;SiouxFalls;True;False;1e-05;6000;1;2;20;50;200;-5;50;0.75;2;55;50;10;10;16;1269;1269
12428870;270;g_000;2;2;40;line_consecutive;0.5;1270;8;36;10-11,11-12|3-4,4-11;1,7|4;58649.21999999999;60364.61000000001;61235.3099999984;61235.3099999984;1715.3900000000212;870.6999999983891;870.6999999983891;eev,integrated,separated,ws;lintim;SiouxFalls;SiouxFalls;True;False;1e-05;6000;1;2;20;50;200;-5;50;0.75;2;55;50;10;10;16;1270;1270
12428870;271;g_000;2;2;40;line_consecutive;0.5;1271;8;37;10-11,11-12|16-17,17-19;1,7|2,13;57174.70999999999;58215.33000000001;58779.639999998384;58779.63999999839;1040.6200000000172;564.3099999983751;564.3099999983824;eev,integrated,separated,ws;lintim;SiouxFalls;SiouxFalls;True;False;1e-05;6000;1;2;20;50;200;-5;50;0.75;2;55;50;10;10;16;1271;1271
12428870;272;g_000;2;2;40;line_consecutive;0.5;1272;8;38;7-8,8-9|15-19,17-19;3,7|13,14;57078.68999999999;58362.380000000034;59573.35499999838;58810.01999999999;1283.690000000046;1210.974999998347;447.63999999995576;eev,integrated,separated,ws;lintim;SiouxFalls;SiouxFalls;True;False;1e-05;6000;1;2;20;50;200;-5;50;0.75;2;55;50;10;10;16;1272;1272
12428870;273;g_000;2;2;40;line_consecutive;0.5;1273;8;39;10-11,11-14|13-24,21-24;10|6;56436.240000000005;57344.130000000005;57945.2149999984;57889.19;907.8899999999994;601.0849999983984;545.0599999999977;eev,integrated,separated,ws;lintim;SiouxFalls;SiouxFalls;True;False;1e-05;6000;1;2;20;50;200;-5;50;0.75;2;55;50;10;10;16;1273;1273
12428870;274;g_000;2;3;25;line_consecutive;0.5;1274;9;0;13-24,21-24|6-8,8-16|5-9,8-9;6|2|3;60308.675;60993.63499999944;61877.76999999839;61414.10544037583;684.9599999994389;884.134999998947;420.4704403763899;eev,integrated,separated,ws;lintim;SiouxFalls;SiouxFalls;True;False;1e-05;6000;1;2;20;50;200;-5;50;0.75;2;55;50;10;10;16;1274;1274
12428870;275;g_000;2;3;25;line_consecutive;0.5;1275;9;1;9-10,10-11|11-12,11-14|3-4,4-11;7|8|4;57520.875;58598.405000000006;59162.71499999838;59162.71499999839;1077.530000000006;564.3099999983751;564.3099999983824;eev,integrated,separated,ws;lintim;SiouxFalls;SiouxFalls;True;False;1e-05;6000;1;2;20;50;200;-5;50;0.75;2;55;50;10;10;16;1275;1275
12428870;276;g_000;2;3;25;line_consecutive;0.5;1276;9;2;7-18,18-20|9-10,10-11|5-9,9-10;11|7|9;55065.45999999999;55980.80500000001;57075.83499999839;57075.83499999839;915.3450000000156;1095.0299999983836;1095.0299999983836;eev,integrated,separated,ws;lintim;SiouxFalls;SiouxFalls;True;False;1e-05;6000;1;2;20;50;200;-5;50;0.75;2;55;50;10;10;16;1276;1276
12428870;277;g_000;2;3;25;line_consecutive;0.5;1277;9;3;11-14,14-23|3-12,12-13|15-19,17-19;4,10|12|13,14;51140.24;51140.24000002087;51140.23999999839;51140.2399999984;2.0874722395092252e-08;-2.2482709027826783e-08;-2.2475433070212606e-08;eev,integrated,separated,ws;lintim;SiouxFalls;SiouxFalls;True;False;1e-05;6000;1;2;20;50;200;-5;50;0.75;2;55;50;10;10;16;1277;1277
12428870;278;g_000;2;3;25;line_consecutive;0.5;1278;9;4;17-19,19-20|4-11,11-14|10-15,15-19;2|4|9;51271.24;51402.240000000005;52420.23999999839;52420.239999998405;131.00000000000728;1017.9999999983849;1017.9999999983992;eev,integrated,separated,ws;lintim;SiouxFalls;SiouxFalls;True;False;1e-05;6000;1;2;20;50;200;-5;50;0.75;2;55;50;10;10;16;1278;1278
12428870;279;g_000;2;3;25;line_consecutive;0.5;1279;9;5;15-19,17-19|10-11,10-16|10-11,11-14;13,14|1,10|10;51140.240000000005;51140.23999999955;51140.23999999839;51140.23999999839;-4.5838532969355583e-10;-1.1568772606551647e-09;-1.1568772606551647e-09;eev,integrated,separated,ws;lintim;SiouxFalls;SiouxFalls;True;False;1e-05;6000;1;2;20;50;200;-5;50;0.75;2;55;50;10;10;16;1279;1279
12428870;280;g_000;2;3;25;line_consecutive;0.5;1280;9;6;20-21,21-24|5-6,5-9|1-3,3-4;6|9|4;51140.23999999999;51140.240000000005;51140.23999999839;51140.2399999984;1.4551915228366852e-11;-1.6152625903487206e-09;-1.6079866327345371e-09;eev,integrated,separated,ws;lintim;SiouxFalls;SiouxFalls;True;False;1e-05;6000;1;2;20;50;200;-5;50;0.75;2;55;50;10;10;16;1280;1280
12428870;281;g_000;2;3;25;line_consecutive;0.5;1281;9;7;10-16,16-18|6-8,8-16|5-9,8-9;1|2|3;51140.23999999999;51140.24000000001;51140.23999999839;51140.23999999839;2.182787284255028e-11;-1.622538547962904e-09;-1.622538547962904e-09;eev,integrated,separated,ws;lintim;SiouxFalls;SiouxFalls;True;False;1e-05;6000;1;2;20;50;200;-5;50;0.75;2;55;50;10;10;16;1281;1281
12428870;282;g_000;2;3;25;line_consecutive;0.5;1282;9;8;15-22,21-22|10-17,17-19|18-20,20-22;13|14|11;58391.91000000008;58918.000000000015;59192.72499999839;59192.7249999984;526.089999999931;274.724999998376;274.7249999983833;eev,integrated,separated,ws;lintim;SiouxFalls;SiouxFalls;True;False;1e-05;6000;1;2;20;50;200;-5;50;0.75;2;55;50;10;10;16;1282;1282
12428870;283;g_000;2;3;25;line_consecutive;0.5;1283;9;9;3-4,4-5|8-16,16-17|5-6,5-9;3|2,13|9;54346.68999999999;55250.21499999997;55779.53499999839;55779.5349999984;903.5249999999796;529.3199999984208;529.3199999984354;eev,integrated,separated,ws;lintim;SiouxFalls;SiouxFalls;True;False;1e-05;6000;1;2;20;50;200;-5;50;0.75;2;55;50;10;10;16;1283;1283
12428870;284;g_000;2;3;25;line_consecutive;0.5;1284;9;10;1-2,1-3|17-19,19-20|1-3,3-4;12|2|4;55715.62999999999;56294.27999999999;57293.02999999839;57293.0299999984;578.6500000000015;998.7499999983992;998.7499999984066;eev,integrated,separated,ws;lintim;SiouxFalls;SiouxFalls;True;False;1e-05;6000;1;2;20;50;200;-5;50;0.75;2;55;50;10;10;16;1284;1284
12428870;285;g_000;2;3;25;line_consecutive;0.5;1285;9;11;10-17,17-19|15-22,21-22|4-5,5-9;14|13|3;54841.905;55396.175;56078.2449999984;56078.2449999984;554.2700000000041;682.069999998399;682.069999998399;eev,integrated,separated,ws;lintim;SiouxFalls;SiouxFalls;True;False;1e-05;6000;1;2;20;50;200;-5;50;0.75;2;55;50;10;10;16;1285;1285
12428870;286;g_000;2;3;25;line_consecutive;0.5;1286;9;12;3-4,4-11|7-8,7-18|8-16,10-16;4|3,11|10;54286.7;55198.02999992916;55588.29499999839;55588.2949999984;911.329999929163;390.26500006923015;390.26500006923743;eev,integrated,separated,ws;lintim;SiouxFalls;SiouxFalls;True;False;1e-05;6000;1;2;20;50;200;-5;50;0.75;2;55;50;10;10;16;1286;1286
12428870;287;g_000;2;3;25;line_consecutive;0.5;1287;9;13;2-6,6-8|15-22,22-23|8-9,9-10;2|5|7;52049.83500000001;52180.835000000014;53427.95499999839;53427.9549999984;131.00000000000728;1247.1199999983728;1247.1199999983874;eev,integrated,separated,ws;lintim;SiouxFalls;SiouxFalls;True;False;1e-05;6000;1;2;20;50;200;-5;50;0.75;2;55;50;10;10;16;1287;1287
12428870;288;g_000;2;3;25;line_consecutive;0.5;1288;9;14;7-18,18-20|5-9,8-9|10-15,15-19;11|3|9;53051.31;53051.31000000001;53051.30999999839;53051.3099999984;1.4551915228366852e-11;-1.622538547962904e-09;-1.6152625903487206e-09;eev,integrated,separated,ws;lintim;SiouxFalls;SiouxFalls;True;False;1e-05;6000;1;2;20;50;200;-5;50;0.75;2;55;50;10;10;16;1288;1288
12428870;289;g_000;2;3;25;line_consecutive;0.5;1289;9;15;14-15,15-19|8-16,10-16|3-4,4-5;14|10|3;51792.37999999999;51792.595000000016;51792.59499999839;51792.59499999839;0.2150000000256113;-1.622538547962904e-09;-1.622538547962904e-09;eev,integrated,separated,ws;lintim;SiouxFalls;SiouxFalls;True;False;1e-05;6000;1;2;20;50;200;-5;50;0.75;2;55;50;10;10;16;1289;1289
12428870;290;g_000;2;3;25;line_consecutive;0.5;1290;9;16;14-23,23-24|3-4,4-5|1-3,3-4;4|3|4;53437.67;53966.72;54488.29499999839;54488.2949999984;529.0500000000029;521.5749999983891;521.5749999983964;eev,integrated,separated,ws;lintim;SiouxFalls;SiouxFalls;True;False;1e-05;6000;1;2;20;50;200;-5;50;0.75;2;55;50;10;10;16;1290;1290
12428870;291;g_000;2;3;25;line_consecutive;0.5;1291;9;17;6-8,8-16|4-11,11-14|3-4,4-11;2|4|4;52808.19;53127.14000000001;53497.5899999984;53497.5899999984;318.9500000000044;370.4499999983964;370.4499999983964;eev,integrated,separated,ws;lintim;SiouxFalls;SiouxFalls;True;False;1e-05;6000;1;2;20;50;200;-5;50;0.75;2;55;50;10;10;16;1291;1291
12428870;292;g_000;2;3;25;line_consecutive;0.5;1292;9;18;15-19,15-22|1-2,1-3|15-22,22-23;13|12|5;52734.38999999999;53053.34;53432.83499999839;53432.83499999839;318.9500000000044;379.4949999983946;379.4949999983946;eev,integrated,separated,ws;lintim;SiouxFalls;SiouxFalls;True;False;1e-05;6000;1;2;20;50;200;-5;50;0.75;2;55;50;10;10;16;1292;1292
12428870;293;g_000;2;3;25;line_consecutive;0.5;1293;9;19;10-15,15-19|4-11,11-14|9-10,10-15;9|4|9;51773.55;52406.859999992805;52726.58999999839;52726.5899999984;633.3099999928017;319.73000000558386;319.7300000055984;eev,integrated,separated,ws;lintim;SiouxFalls;SiouxFalls;True;False;1e-05;6000;1;2;20;50;200;-5;50;0.75;2;55;50;10;10;16;1293;1293
12428870;294;g_000;2;3;25;line_consecutive;0.5;1294;9;20;15-19,17-19|11-12,11-14|14-15,15-19;13,14|8|14;51140.239999996375;51140.24000000001;51140.23999999839;51140.23999999839;3.637978807091713e-09;-1.622538547962904e-09;-1.622538547962904e-09;eev,integrated,separated,ws;lintim;SiouxFalls;SiouxFalls;True;False;1e-05;6000;1;2;20;50;200;-5;50;0.75;2;55;50;10;10;16;1294;1294
12428870;295;g_000;2;3;25;line_consecutive;0.5;1295;9;21;10-11,11-14|6-8,8-16|9-10,10-11;10|2|7;51271.24;51402.240000000005;52420.23999999839;52420.23999999839;131.00000000000728;1017.9999999983849;1017.9999999983849;eev,integrated,separated,ws;lintim;SiouxFalls;SiouxFalls;True;False;1e-05;6000;1;2;20;50;200;-5;50;0.75;2;55;50;10;10;16;1295;1295
12428870;296;g_000;2;3;25;line_consecutive;0.5;1296;9;22;17-19,19-20|3-12,12-13|13-24,21-24;2|12|6;51730.34999999999;52320.46000000001;53741.714999998265;53741.714999998265;590.1100000000151;1421.2549999982584;1421.2549999982584;eev,integrated,separated,ws;lintim;SiouxFalls;SiouxFalls;True;False;1e-05;6000;1;2;20;50;200;-5;50;0.75;2;55;50;10;10;16;1296;1296
12428870;297;g_000;2;3;25;line_consecutive;0.5;1297;9;23;1-2,1-3|11-12,11-14|10-11,11-14;12|8|10;51140.23999999999;51140.24000000001;51140.23999998155;51140.23999998155;2.182787284255028e-11;-1.845910446718335e-08;-1.845910446718335e-08;eev,integrated,separated,ws;lintim;SiouxFalls;SiouxFalls;True;False;1e-05;6000;1;2;20;50;200;-5;50;0.75;2;55;50;10;10;16;1297;1297
12428870;298;g_000;2;3;25;line_consecutive;0.5;1298;9;24;9-10,10-11|3-12,11-12|4-5,5-9;7|8|3;51140.24;51140.24000000485;51140.23999998507;51140.23999998508;4.853063728660345e-09;-1.9783328752964732e-08;-1.9768776837736368e-08;eev,integrated,separated,ws;lintim;SiouxFalls;SiouxFalls;True;False;1e-05;6000;1;2;20;50;200;-5;50;0.75;2;55;50;10;10;16;1298;1298
12428870;299;g_000;3;2;25;line_consecutive;0.5;1299;10;0;4-5,5-9,8-9|7-8,7-18,18-20;3|11;51140.23999999999;51140.24000000001;51140.23999999839;51140.23999999839;2.182787284255028e-11;-1.622538547962904e-09;-1.622538547962904e-09;eev,integrated,separated,ws;lintim;SiouxFalls;SiouxFalls;True;False;1e-05;6000;1;2;20;50;200;-5;50;0.75;2;55;50;10;10;16;1299;1299
12428870;300;g_000;3;2;25;line_consecutive;0.5;1300;10;1;10-11,10-16,16-18|7-8,7-18,8-9;1|3;51140.24;51140.24000000041;51140.23999999839;51140.23999999839;4.147295840084553e-10;-2.0227162167429924e-09;-2.0227162167429924e-09;eev,integrated,separated,ws;lintim;SiouxFalls;SiouxFalls;True;False;1e-05;6000;1;2;20;50;200;-5;50;0.75;2;55;50;10;10;16;1300;1300
12428870;301;g_000;3;2;25;line_consecutive;0.5;1301;10;2;10-17,15-19,17-19|7-8,7-18,18-20;14|11;51402.15999999999;51664.08000000001;51710.22499999839;51710.22499999838;261.9200000000201;46.144999998381536;46.14499999837426;eev,integrated,separated,ws;lintim;SiouxFalls;SiouxFalls;True;False;1e-05;6000;1;2;20;50;200;-5;50;0.75;2;55;50;10;10;16;1301;1301
12428870;302;g_000;3;2;25;line_consecutive;0.5;1302;10;3;1-3,3-12,12-13|5-6,5-9,9-10;12|9;51307.5;51474.76;51600.3699999984;51600.3699999984;167.26000000000204;125.60999999839989;125.60999999839989;eev,integrated,separated,ws;lintim;SiouxFalls;SiouxFalls;True;False;1e-05;6000;1;2;20;50;200;-5;50;0.75;2;55;50;10;10;16;1302;1302
12428870;303;g_000;3;2;25;line_consecutive;0.5;1303;10;4;14-15,15-19,17-19|8-16,10-11,10-16;14|10;51307.5;51474.76;51600.3699999984;51600.3699999984;167.26000000000204;125.60999999839989;125.60999999839989;eev,integrated,separated,ws;lintim;SiouxFalls;SiouxFalls;True;False;1e-05;6000;1;2;20;50;200;-5;50;0.75;2;55;50;10;10;16;1303;1303
12428870;304;g_000;3;2;25;line_consecutive;0.5;1304;10;5;15-19,16-17,17-19|7-8,7-18,8-9;13|3;55805.34999999999;56860.90999999957;57296.33499999839;57296.3349999984;1055.5599999995757;435.4249999988242;435.4249999988315;eev,integrated,separated,ws;lintim;SiouxFalls;SiouxFalls;True;False;1e-05;6000;1;2;20;50;200;-5;50;0.75;2;55;50;10;10;16;1304;1304
12428870;305;g_000;3;2;25;line_consecutive;0.5;1305;10;6;4-11,11-14,14-23|5-6,5-9,9-10;4|9;55473.42;56713.88000000002;58023.90499999839;58023.90499703081;1240.460000000021;1310.0249999983716;1310.0249970307923;eev,integrated,separated,ws;lintim;SiouxFalls;SiouxFalls;True;False;1e-05;6000;1;2;20;50;200;-5;50;0.75;2;55;50;10;10;16;1305;1305
12428870;306;g_000;3;2;25;line_consecutive;0.5;1306;10;7;7-18,18-20,20-22|14-15,15-19,17-19;11|14;53377.605;54149.60500000002;55900.32999999838;55900.32999999839;772.0000000000146;1750.7249999983617;1750.7249999983687;eev,integrated,separated,ws;lintim;SiouxFalls;SiouxFalls;True;False;1e-05;6000;1;2;20;50;200;-5;50;0.75;2;55;50;10;10;16;1306;1306
12428870;307;g_000;3;2;25;line_consecutive;0.5;1307;10;8;10-15,15-22,22-23|16-17,17-19,19-20;5|2;52659.84999999999;53324.045000000006;55021.82999999839;55021.82999999839;664.1950000000143;1697.784999998381;1697.784999998381;eev,integrated,separated,ws;lintim;SiouxFalls;SiouxFalls;True;False;1e-05;6000;1;2;20;50;200;-5;50;0.75;2;55;50;10;10;16;1307;1307
12428870;308;g_000;3;2;25;line_consecutive;0.5;1308;10;9;5-9,7-8,8-9|10-15,15-22,22-23;3|5;58649.21999999999;60364.61000000001;61235.3099999984;61235.3099999984;1715.3900000000212;870.6999999983891;870.6999999983891;eev,integrated,separated,ws;lintim;SiouxFalls;SiouxFalls;True;False;1e-05;6000;1;2;20;50;200;-5;50;0.75;2;55;50;10;10;16;1308;1308
12428870;309;g_000;3;2;25;line_consecutive;0.5;1309;10;10;9-10,10-11,11-12|15-19,16-17,17-19;7|13;57174.70999999999;58215.33000000001;58779.639999998384;58779.63999999839;1040.6200000000172;564.3099999983751;564.3099999983824;eev,integrated,separated,ws;lintim;SiouxFalls;SiouxFalls;True;False;1e-05;6000;1;2;20;50;200;-5;50;0.75;2;55;50;10;10;16;1309;1309
12428870;310;g_000;3;2;25;line_consecutive;0.5;1310;10;11;3-12,11-12,11-14|7-8,8-9,9-10;8|7;57078.68999999999;58362.380000000034;59573.35499999838;58810.01999999999;1283.690000000046;1210.974999998347;447.63999999995576;eev,integrated,separated,ws;lintim;SiouxFalls;SiouxFalls;True;False;1e-05;6000;1;2;20;50;200;-5;50;0.75;2;55;50;10;10;16;1310;1310
12428870;311;g_000;3;2;25;line_consecutive;0.5;1311;10;12;9-10,10-15,15-19|3-12,11-12,11-14;9|8;56436.240000000005;57344.130000000005;57945.2149999984;57889.19;907.8899999999994;601.0849999983984;545.0599999999977;eev,integrated,separated,ws;lintim;SiouxFalls;SiouxFalls;True;False;1e-05;6000;1;2;20;50;200;-5;50;0.75;2;55;50;10;10;16;1311;1311
12428870;312;g_000;3;2;25;line_consecutive;0.5;1312;10;13;5-9,9-10,10-15|7-18,18-20,20-22;9|11;60308.675;60993.63499999944;61877.76999999839;61414.10544037583;684.9599999994389;884.134999998947;420.4704403763899;eev,integrated,separated,ws;lintim;SiouxFalls;SiouxFalls;True;False;1e-05;6000;1;2;20;50;200;-5;50;0.75;2;55;50;10;10;16;1312;1312
12428870;313;g_000;3;2;25;line_consecutive;0.5;1313;10;14;10-15,15-22,22-23|7-8,7-18,18-20;5|11;57520.875;58598.405000000006;59162.71499999838;59162.71499999839;1077.530000000006;564.3099999983751;564.3099999983824;eev,integrated,separated,ws;lintim;SiouxFalls;SiouxFalls;True;False;1e-05;6000;1;2;20;50;200;-5;50;0.75;2;55;50;10;10;16;1313;1313
12428870;314;g_000;3;2;25;line_consecutive;0.5;1314;10;15;2-6,6-8,8-16|14-15,15-19,17-19;2|14;55065.45999999999;55980.80500000001;57075.83499999839;57075.83499999839;915.3450000000156;1095.0299999983836;1095.0299999983836;eev,integrated,separated,ws;lintim;SiouxFalls;SiouxFalls;True;False;1e-05;6000;1;2;20;50;200;-5;50;0.75;2;55;50;10;10;16;1314;1314
12428870;315;g_000;3;2;25;line_consecutive;0.5;1315;10;16;7-8,7-18,8-9|2-6,6-8,8-16;3|2;51140.24;51140.24000002087;51140.23999999839;51140.2399999984;2.0874722395092252e-08;-2.2482709027826783e-08;-2.2475433070212606e-08;eev,integrated,separated,ws;lintim;SiouxFalls;SiouxFalls;True;False;1e-05;6000;1;2;20;50;200;-5;50;0.75;2;55;50;10;10;16;1315;1315
12428870;316;g_000;3;2;25;line_consecutive;0.5;1316;10;17;10-15,15-22,22-23|10-11,10-16,11-12;5|1;51271.24;51402.240000000005;52420.23999999839;52420.239999998405;131.00000000000728;1017.9999999983849;1017.9999999983992;eev,integrated,separated,ws;lintim;SiouxFalls;SiouxFalls;True;False;1e-05;6000;1;2;20;50;200;-5;50;0.75;2;55;50;10;10;16;1316;1316
12428870;317;g_000;3;2;25;line_consecutive;0.5;1317;10;18;8-9,9-10,10-11|15-19,16-17,17-19;7|13;51140.240000000005;51140.23999999955;51140.23999999839;51140.23999999839;-4.5838532969355583e-10;-1.1568772606551647e-09;-1.1568772606551647e-09;eev,integrated,separated,ws;lintim;SiouxFalls;SiouxFalls;True;False;1e-05;6000;1;2;20;50;200;-5;50;0.75;2;55;50;10;10;16;1317;1317
12428870;318;g_000;3;2;25;line_consecutive;0.5;1318;10;19;6-8,8-16,16-17|15-19,16-17,17-19;2|13;51140.23999999999;51140.240000000005;51140.23999999839;51140.2399999984;1.4551915228366852e-11;-1.6152625903487206e-09;-1.6079866327345371e-09;eev,integrated,separated,ws;lintim;SiouxFalls;SiouxFalls;True;False;1e-05;6000;1;2;20;50;200;-5;50;0.75;2;55;50;10;10;16;1318;1318
12428870;319;g_000;3;2;25;line_consecutive;0.5;1319;10;20;10-11,10-16,11-12|7-8,8-9,9-10;1|7;51140.23999999999;51140.24000000001;51140.23999999839;51140.23999999839;2.182787284255028e-11;-1.622538547962904e-09;-1.622538547962904e-09;eev,integrated,separated,ws;lintim;SiouxFalls;SiouxFalls;True;False;1e-05;6000;1;2;20;50;200;-5;50;0.75;2;55;50;10;10;16;1319;1319
12428870;320;g_000;3;2;25;line_consecutive;0.5;1320;10;21;5-9,9-10,10-15|15-19,16-17,17-19;9|13;58391.91000000008;58918.000000000015;59192.72499999839;59192.7249999984;526.089999999931;274.724999998376;274.7249999983833;eev,integrated,separated,ws;lintim;SiouxFalls;SiouxFalls;True;False;1e-05;6000;1;2;20;50;200;-5;50;0.75;2;55;50;10;10;16;1320;1320
12428870;321;g_000;3;2;25;line_consecutive;0.5;1321;10;22;1-3,3-12,12-13|15-19,16-17,17-19;12|13;54346.68999999999;55250.21499999997;55779.53499999839;55779.5349999984;903.5249999999796;529.3199999984208;529.3199999984354;eev,integrated,separated,ws;lintim;SiouxFalls;SiouxFalls;True;False;1e-05;6000;1;2;20;50;200;-5;50;0.75;2;55;50;10;10;16;1321;1321
12428870;322;g_000;3;2;25;line_consecutive;0.5;1322;10;23;8-16,16-17,17-19|13-24,20-21,21-24;2,13|6;55715.62999999999;56294.27999999999;57293.02999999839;57293.0299999984;578.6500000000015;998.7499999983992;998.7499999984066;eev,integrated,separated,ws;lintim;SiouxFalls;SiouxFalls;True;False;1e-05;6000;1;2;20;50;200;-5;50;0.75;2;55;50;10;10;16;1322;1322
12428870;323;g_000;3;2;25;line_consecutive;0.5;1323;10;24;14-15,15-19,17-19|1-3,3-12,11-12;14|8;54841.905;55396.175;56078.2449999984;56078.2449999984;554.2700000000041;682.069999998399;682.069999998399;eev,integrated,separated,ws;lintim;SiouxFalls;SiouxFalls;True;False;1e-05;6000;1;2;20;50;200;-5;50;0.75;2;55;50;10;10;16;1323;1323
12428870;324;g_000;1;1;38;line_consecutive;0.3;1324;11;0;11-12;1,7,8;54286.7;55198.02999992916;55588.29499999839;55588.2949999984;911.329999929163;390.26500006923015;390.26500006923743;eev,integrated,separated,ws;lintim;SiouxFalls;SiouxFalls;True;False;1e-05;6000;1;2;20;50;200;-5;50;0.75;2;55;50;10;10;16;1324;1324
12428870;325;g_000;1;1;38;line_consecutive;0.3;1325;11;1;10-11;1,7,10;52049.83500000001;52180.835000000014;53427.95499999839;53427.9549999984;131.00000000000728;1247.1199999983728;1247.1199999983874;eev,integrated,separated,ws;lintim;SiouxFalls;SiouxFalls;True;False;1e-05;6000;1;2;20;50;200;-5;50;0.75;2;55;50;10;10;16;1325;1325
12428870;326;g_000;1;1;38;line_consecutive;0.3;1326;11;2;10-16;1,10;53051.31;53051.31000000001;53051.30999999839;53051.3099999984;1.4551915228366852e-11;-1.622538547962904e-09;-1.6152625903487206e-09;eev,integrated,separated,ws;lintim;SiouxFalls;SiouxFalls;True;False;1e-05;6000;1;2;20;50;200;-5;50;0.75;2;55;50;10;10;16;1326;1326
12428870;327;g_000;1;1;38;line_consecutive;0.3;1327;11;3;16-18;1;51792.37999999999;51792.595000000016;51792.59499999839;51792.59499999839;0.2150000000256113;-1.622538547962904e-09;-1.622538547962904e-09;eev,integrated,separated,ws;lintim;SiouxFalls;SiouxFalls;True;False;1e-05;6000;1;2;20;50;200;-5;50;0.75;2;55;50;10;10;16;1327;1327
12428870;328;g_000;1;1;38;line_consecutive;0.3;1328;11;4;2-6;2;53437.67;53966.72;54488.29499999839;54488.2949999984;529.0500000000029;521.5749999983891;521.5749999983964;eev,integrated,separated,ws;lintim;SiouxFalls;SiouxFalls;True;False;1e-05;6000;1;2;20;50;200;-5;50;0.75;2;55;50;10;10;16;1328;1328
12428870;329;g_000;1;1;38;line_consecutive;0.3;1329;11;5;6-8;2;52808.19;53127.14000000001;53497.5899999984;53497.5899999984;318.9500000000044;370.4499999983964;370.4499999983964;eev,integrated,separated,ws;lintim;SiouxFalls;SiouxFalls;True;False;1e-05;6000;1;2;20;50;200;-5;50;0.75;2;55;50;10;10;16;1329;1329
12428870;330;g_000;1;1;38;line_consecutive;0.3;1330;11;6;8-16;2,10,13;52734.38999999999;53053.34;53432.83499999839;53432.83499999839;318.9500000000044;379.4949999983946;379.4949999983946;eev,integrated,separated,ws;lintim;SiouxFalls;SiouxFalls;True;False;1e-05;6000;1;2;20;50;200;-5;50;0.75;2;55;50;10;10;16;1330;1330
12428870;331;g_000;1;1;38;line_consecutive;0.3;1331;11;7;16-17;2,13;51773.55;52406.859999992805;52726.58999999839;52726.5899999984;633.3099999928017;319.73000000558386;319.7300000055984;eev,integrated,separated,ws;lintim;SiouxFalls;SiouxFalls;True;False;1e-05;6000;1;2;20;50;200;-5;50;0.75;2;55;50;10;10;16;1331;1331
12428870;332;g_000;1;1;38;line_consecutive;0.3;1332;11;8;17-19;2,13,14;51140.239999996375;51140.24000000001;51140.23999999839;51140.23999999839;3.637978807091713e-09;-1.622538547962904e-09;-1.622538547962904e-09;eev,integrated,separated,ws;lintim;SiouxFalls;SiouxFalls;True;False;1e-05;6000;1;2;20;50;200;-5;50;0.75;2;55;50;10;10;16;1332;1332
12428870;333;g_000;1;1;38;line_consecutive;0.3;1333;11;9;19-20;2;51271.24;51402.240000000005;52420.23999999839;52420.23999999839;131.00000000000728;1017.9999999983849;1017.9999999983849;eev,integrated,separated,ws;lintim;SiouxFalls;SiouxFalls;True;False;1e-05;6000;1;2;20;50;200;-5;50;0.75;2;55;50;10;10;16;1333;1333
12428870;334;g_000;1;1;38;line_consecutive;0.3;1334;11;10;3-4;3,4;51730.34999999999;52320.46000000001;53741.714999998265;53741.714999998265;590.1100000000151;1421.2549999982584;1421.2549999982584;eev,integrated,separated,ws;lintim;SiouxFalls;SiouxFalls;True;False;1e-05;6000;1;2;20;50;200;-5;50;0.75;2;55;50;10;10;16;1334;1334
12428870;335;g_000;1;1;38;line_consecutive;0.3;1335;11;11;4-5;3;51140.23999999999;51140.24000000001;51140.23999998155;51140.23999998155;2.182787284255028e-11;-1.845910446718335e-08;-1.845910446718335e-08;eev,integrated,separated,ws;lintim;SiouxFalls;SiouxFalls;True;False;1e-05;6000;1;2;20;50;200;-5;50;0.75;2;55;50;10;10;16;1335;1335
12428870;336;g_000;1;1;38;line_consecutive;0.3;1336;11;12;5-9;3,9;51140.24;51140.24000000485;51140.23999998507;51140.23999998508;4.853063728660345e-09;-1.9783328752964732e-08;-1.9768776837736368e-08;eev,integrated,separated,ws;lintim;SiouxFalls;SiouxFalls;True;False;1e-05;6000;1;2;20;50;200;-5;50;0.75;2;55;50;10;10;16;1336;1336
12428870;337;g_000;1;1;38;line_consecutive;0.3;1337;11;13;8-9;3,7;51140.23999999999;51140.24000000001;51140.23999999839;51140.23999999839;2.182787284255028e-11;-1.622538547962904e-09;-1.622538547962904e-09;eev,integrated,separated,ws;lintim;SiouxFalls;SiouxFalls;True;False;1e-05;6000;1;2;20;50;200;-5;50;0.75;2;55;50;10;10;16;1337;1337
12428870;338;g_000;1;1;38;line_consecutive;0.3;1338;11;14;7-8;3,7,11;51140.24;51140.24000000041;51140.23999999839;51140.23999999839;4.147295840084553e-10;-2.0227162167429924e-09;-2.0227162167429924e-09;eev,integrated,separated,ws;lintim;SiouxFalls;SiouxFalls;True;False;1e-05;6000;1;2;20;50;200;-5;50;0.75;2;55;50;10;10;16;1338;1338
12428870;339;g_000;1;1;38;line_consecutive;0.3;1339;11;15;7-18;3,11;51402.15999999999;51664.08000000001;51710.22499999839;51710.22499999838;261.9200000000201;46.144999998381536;46.14499999837426;eev,integrated,separated,ws;lintim;SiouxFalls;SiouxFalls;True;False;1e-05;6000;1;2;20;50;200;-5;50;0.75;2;55;50;10;10;16;1339;1339
12428870;340;g_000;1;1;38;line_consecutive;0.3;1340;11;16;1-3;4,8,12;51307.5;51474.76;51600.3699999984;51600.3699999984;167.26000000000204;125.60999999839989;125.60999999839989;eev,integrated,separated,ws;lintim;SiouxFalls;SiouxFalls;True;False;1e-05;6000;1;2;20;50;200;-5;50;0.75;2;55;50;10;10;16;1340;1340
12428870;341;g_000;1;1;38;line_consecutive;0.3;1341;11;17;4-11;4;51307.5;51474.76;51600.3699999984;51600.3699999984;167.26000000000204;125.60999999839989;125.60999999839989;eev,integrated,separated,ws;lintim;SiouxFalls;SiouxFalls;True;False;1e-05;6000;1;2;20;50;200;-5;50;0.75;2;55;50;10;10;16;1341;1341
12428870;342;g_000;1;1;38;line_consecutive;0.3;1342;11;18;11-14;4,8,10;59537.438;60159.217;62221.21099999968;61058.752999999175;621.778999999995;2061.993999999686;899.5359999991779;eev,integrated,separated,ws;lintim;SiouxFalls;SiouxFalls;True;False;1e-05;6000;1;2;20;50;200;-5;50;0.75;2;55;50;10;10;16;1342;1342
12428870;343;g_000;1;1;38;line_consecutive;0.3;1343;11;19;14-23;4,10;58939.96399999999;59255.138000000006;63530.83699999968;59752.79800000001;315.1740000000136;4275.698999999673;497.6600000000035;eev,integrated,separated,ws;lintim;SiouxFalls;SiouxFalls;True;False;1e-05;6000;1;2;20;50;200;-5;50;0.75;2;55;50;10;10;16;1343;1343
12428870;344;g_000;1;1;38;line_consecutive;0.3;1344;11;20;23-24;4;55167.49699999999;55375.88099999679;59708.40199999965;55460.067;208.38399999680405;4332.52100000286;84.18600000321021;eev,integrated,separated,ws;lintim;SiouxFalls;SiouxFalls;True;False;1e-05;6000;1;2;20;50;200;-5;50;0.75;2;55;50;10;10;16;1344;1344
12428870;345;g_000;1;1;38;line_consecutive;0.3;1345;11;21;10-15;5,9;53875.53799999999;54019.03800000004;58127.10199999967;54773.21399999999;143.50000000004366;4108.063999999635;754.1759999999558;eev,integrated,separated,ws;lintim;SiouxFalls;SiouxFalls;True;False;1e-05;6000;1;2;20;50;200;-5;50;0.75;2;55;50;10;10;16;1345;1345
12428870;346;g_000;1;1;38;line_consecutive;0.3;1346;11;22;15-22;5,13;64656.40399999998;65442.37000000001;69311.36599999967;66900.687;785.9660000000295;3868.995999999665;1458.3169999999957;eev,integrated,separated,ws;lintim;SiouxFalls;SiouxFalls;True;False;1e-05;6000;1;2;20;50;200;-5;50;0.75;2;55;50;10;10;16;1346;1346
12428870;347;g_000;1;1;38;line_consecutive;0.3;1347;11;23;22-23;5;62002.28599999998;62275.171999999984;64891.15999999967;64526.082;272.8860000000059;2615.9879999996847;2250.910000000018;eev,integrated,separated,ws;lintim;SiouxFalls;SiouxFalls;True;False;1e-05;6000;1;2;20;50;200;-5;50;0.75;2;55;50;10;10;16;1347;1347
12428870;348;g_000;1;1;38;line_consecutive;0.3;1348;11;24;13-24;6;61829.44999999998;62177.658;66319.84699999967;65554.31099999999;348.20800000002055;4142.188999999671;3376.652999999984;eev,integrated,separated,ws;lintim;SiouxFalls;SiouxFalls;True;False;1e-05;6000;1;2;20;50;200;-5;50;0.75;2;55;50;10;10;16;1348;1348
12428870;349;g_000;1;1;38;line_consecutive;0.3;1349;11;25;21-24;6;60673.03999999999;60972.12;63389.19499999967;65338.184;299.080000000009;2417.0749999996697;4366.063999999999;eev,integrated,separated,ws;lintim;SiouxFalls;SiouxFalls;True;False;1e-05;6000;1;2;20;50;200;-5;50;0.75;2;55;50;10;10;16;1349;1349
12428870;350;g_000;1;1;38;line_consecutive;0.3;1350;11;26;20-21;6;67643.423;67780.415;70467.79399999967;80290.18300000692;136.99199999999837;2687.3789999996807;12509.768000006923;eev,integrated,separated,ws;lintim;SiouxFalls;SiouxFalls;True;False;1e-05;6000;1;2;20;50;200;-5;50;0.75;2;55;50;10;10;16;1350;1350
12428870;351;g_000;1;1;38;line_consecutive;0.3;1351;11;27;9-10;7,9;62625.38299999999;62898.269000046654;65580.69499999967;64990.527;272.8860000466666;2682.4259999530186;2092.257999953348;eev,integrated,separated,ws;lintim;SiouxFalls;SiouxFalls;True;False;1e-05;6000;1;2;20;50;200;-5;50;0.75;2;55;50;10;10;16;1351;1351
12428870;352;g_000;1;1;38;line_consecutive;0.3;1352;11;28;3-12;8,12;58205.635999999984;58492.278;61824.31099999967;58492.27799999999;286.6420000000144;3332.0329999996684;-7.275957614183426e-12;eev,integrated,separated,ws;lintim;SiouxFalls;SiouxFalls;True;False;1e-05;6000;1;2;20;50;200;-5;50;0.75;2;55;50;10;10;16;1352;1352
12428870;353;g_000;1;1;38;line_consecutive;0.3;1353;11;29;5-6;9;51140.23999999999;51140.23999999887;51140.23999999967;51140.239999999685;-1.1204974725842476e-09;8.003553375601767e-10;8.149072527885436e-10;eev,integrated,separated,ws;lintim;SiouxFalls;SiouxFalls;True;False;1e-05;6000;1;2;20;50;200;-5;50;0.75;2;55;50;10;10;16;1353;1353
12428870;354;g_000;1;1;38;line_consecutive;0.3;1354;11;30;15-19;9,13,14;51376.03999999999;51402.23999999999;53444.23999999967;53444.23999999968;26.19999999999709;2041.99999999968;2041.9999999996871;eev,integrated,separated,ws;lintim;SiouxFalls;SiouxFalls;True;False;1e-05;6000;1;2;20;50;200;-5;50;0.75;2;55;50;10;10;16;1354;1354
12428870;355;g_000;1;1;38;line_consecutive;0.3;1355;11;31;20-22;11;51140.240000000005;51140.24;51140.23999999967;51140.23999999967;-7.275957614183426e-12;-3.2741809263825417e-10;-3.2741809263825417e-10;eev,integrated,separated,ws;lintim;SiouxFalls;SiouxFalls;True;False;1e-05;6000;1;2;20;50;200;-5;50;0.75;2;55;50;10;10;16;1355;1355
12428870;356;g_000;1;1;38;line_consecutive;0.3;1356;11;32;18-20;11;51140.23999999999;51140.23999999999;51140.23999999967;51140.23999999967;0.0;-3.2014213502407074e-10;-3.2014213502407074e-10;eev,integrated,separated,ws;lintim;SiouxFalls;SiouxFalls;True;False;1e-05;6000;1;2;20;50;200;-5;50;0.75;2;55;50;10;10;16;1356;1356
12428870;357;g_000;1;1;38;line_consecutive;0.3;1357;11;33;12-13;12;51140.23999999999;51140.23999999785;51140.23999999967;51140.23999999967;-2.139131538569927e-09;1.8189894035458563e-09;1.8189894035458563e-09;eev,integrated,separated,ws;lintim;SiouxFalls;SiouxFalls;True;False;1e-05;6000;1;2;20;50;200;-5;50;0.75;2;55;50;10;10;16;1357;1357
12428870;358;g_000;1;1;38;line_consecutive;0.3;1358;11;34;1-2;12;64193.24600000013;64298.81999999855;65634.71299999967;73498.86099999999;105.57399999842164;1335.893000001117;9200.041000001438;eev,integrated,separated,ws;lintim;SiouxFalls;SiouxFalls;True;False;1e-05;6000;1;2;20;50;200;-5;50;0.75;2;55;50;10;10;16;1358;1358
12428870;359;g_000;1;1;38;line_consecutive;0.3;1359;11;35;21-22;13;56911.84999999998;57198.491999999984;59490.97099999967;57198.492;286.6420000000071;2292.4789999996865;1.4551915228366852e-11;eev,integrated,separated,ws;lintim;SiouxFalls;SiouxFalls;True;False;1e-05;6000;1;2;20;50;200;-5;50;0.75;2;55;50;10;10;16;1359;1359
12428870;360;g_000;1;1;38;line_consecutive;0.3;1360;11;36;14-15;14;59375.94199999998;59530.54899999999;62215.26199999967;60039.182;154.60700000001088;2684.712999999676;508.6330000000089;eev,integrated,separated,ws;lintim;SiouxFalls;SiouxFalls;True;False;1e-05;6000;1;2;20;50;200;-5;50;0.75;2;55;50;10;10;16;1360;1360
12428870;361;g_000;1;1;38;line_consecutive;0.3;1361;11;37;10-17;14;57803.23700000001;57914.09099999999;60028.64899999967;58667.41999999999;110.8539999999848;2114.557999999677;753.3289999999979;eev,integrated,separated,ws;lintim;SiouxFalls;SiouxFalls;True;False;1e-05;6000;1;2;20;50;200;-5;50;0.75;2;55;50;10;10;16;1361;1361
12428870;362;g_000;1;1;38;line_consecutive;0.7;1362;12;0;11-12;1,7,8;56803.868;57090.51;59146.73899999967;57090.51;286.6419999999998;2056.2289999996647;0.0;eev,integrated,separated,ws;lintim;SiouxFalls;SiouxFalls;True;False;1e-05;6000;1;2;20;50;200;-5;50;0.75;2;55;50;10;10;16;1362;1362
12428870;363;g_000;1;1;38;line_consecutive;0.7;1363;12;1;10-11;1,7,10;52777.511;52803.71099999999;55258.12699999967;52803.711;26.199999999989814;2454.4159999996846;1.4551915228366852e-11;eev,integrated,separated,ws;lintim;SiouxFalls;SiouxFalls;True;False;1e-05;6000;1;2;20;50;200;-5;50;0.75;2;55;50;10;10;16;1363;1363
12428870;364;g_000;1;1;38;line_consecutive;0.7;1364;12;2;10-16;1,10;54580.16599999998;54580.16599999999;54580.16599999967;55652.16100000023;7.275957614183426e-12;-3.2014213502407074e-10;1071.9950000002427;eev,integrated,separated,ws;lintim;SiouxFalls;SiouxFalls;True;False;1e-05;6000;1;2;20;50;200;-5;50;0.75;2;55;50;10;10;16;1364;1364
12428870;365;g_000;1;1;38;line_consecutive;0.7;1365;12;3;16-18;1;52314.09199999999;52314.47900000001;52314.47899999967;52314.47899999967;0.3870000000169966;-3.346940502524376e-10;-3.346940502524376e-10;eev,integrated,separated,ws;lintim;SiouxFalls;SiouxFalls;True;False;1e-05;6000;1;2;20;50;200;-5;50;0.75;2;55;50;10;10;16;1365;1365
12428870;366;g_000;1;1;38;line_consecutive;0.7;1366;12;4;2-6;2;55275.61399999999;55556.12199999997;57166.73899999967;55717.58399999997;280.5079999999798;1610.6169999997;161.4620000000068;eev,integrated,separated,ws;lintim;SiouxFalls;SiouxFalls;True;False;1e-05;6000;1;2;20;50;200;-5;50;0.75;2;55;50;10;10;16;1366;1366
12428870;367;g_000;1;1;38;line_consecutive;0.7;1367;12;5;6-8;2;54142.54999999999;54206.34;55383.46999999968;54206.33999999999;63.79000000000815;1177.1299999996843;-7.275957614183426e-12;eev,integrated,separated,ws;lintim;SiouxFalls;SiouxFalls;True;False;1e-05;6000;1;2;20;50;200;-5;50;0.75;2;55;50;10;10;16;1367;1367
12428870;368;g_000;1;1;38;line_consecutive;0.7;1368;12;6;8-16;2,10,13;54009.70999999998;54073.5;55266.91099999967;54073.49999999999;63.7900000000227;1193.4109999996726;-7.275957614183426e-12;eev,integrated,separated,ws;lintim;SiouxFalls;SiouxFalls;True;False;1e-05;6000;1;2;20;50;200;-5;50;0.75;2;55;50;10;10;16;1368;1368
12428870;369;g_000;1;1;38;line_consecutive;0.7;1369;12;7;16-17;2,13;52280.19799999999;52406.86;53995.66999999966;53995.66999999968;126.66200000001118;1588.809999999663;1588.8099999996775;eev,integrated,separated,ws;lintim;SiouxFalls;SiouxFalls;True;False;1e-05;6000;1;2;20;50;200;-5;50;0.75;2;55;50;10;10;16;1369;1369
12428870;370;g_000;1;1;38;line_consecutive;0.7;1370;12;8;17-19;2,13,14;51140.23999999347;51140.23999999999;51140.23999999967;51140.23999999967;6.5192580223083504e-09;-3.2014213502407074e-10;-3.2014213502407074e-10;eev,integrated,separated,ws;lintim;SiouxFalls;SiouxFalls;True;False;1e-05;6000;1;2;20;50;200;-5;50;0.75;2;55;50;10;10;16;1370;1370
12428870;371;g_000;1;1;38;line_consecutive;0.7;1371;12;9;19-20;2;51376.03999999999;51402.23999999999;53444.23999999967;53444.23999999968;26.19999999999709;2041.99999999968;2041.9999999996871;eev,integrated,separated,ws;lintim;SiouxFalls;SiouxFalls;True;False;1e-05;6000;1;2;20;50;200;-5;50;0.75;2;55;50;10;10;16;1371;1371
12428870;372;g_000;1;1;38;line_consecutive;0.7;1372;12;10;3-4;3,4;52202.438;52320.45999999999;55822.89499999944;53191.03299999592;118.02199999998992;3502.4349999994447;870.5729999959294;eev,integrated,separated,ws;lintim;SiouxFalls;SiouxFalls;True;False;1e-05;6000;1;2;20;50;200;-5;50;0.75;2;55;50;10;10;16;1372;1372
12428870;373;g_000;1;1;38;line_consecutive;0.7;1373;12;11;4-5;3;51140.23999999999;51140.24000000296;51140.23999996936;51140.23999996936;2.9685907065868374e-09;-3.360037226229906e-08;-3.360037226229906e-08;eev,integrated,separated,ws;lintim;SiouxFalls;SiouxFalls;True;False;1e-05;6000;1;2;20;50;200;-5;50;0.75;2;55;50;10;10;16;1373;1373
12428870;374;g_000;1;1;38;line_consecutive;0.7;1374;12;12;5-9;3,9;51140.23999999999;51140.24;51140.23999997569;51140.23999997569;7.275957614183426e-12;-2.4308974388986826e-08;-2.4308974388986826e-08;eev,integrated,separated,ws;lintim;SiouxFalls;SiouxFalls;True;False;1e-05;6000;1;2;20;50;200;-5;50;0.75;2;55;50;10;10;16;1374;1374
12428870;375;g_000;1;1;38;line_consecutive;0.7;1375;12;13;8-9;3,7;51140.23999999999;51140.23999999902;51140.23999999967;51140.23999999968;-9.677023626863954e-10;6.475602276623248e-10;6.548361852765082e-10;eev,integrated,separated,ws;lintim;SiouxFalls;SiouxFalls;True;False;1e-05;6000;1;2;20;50;200;-5;50;0.75;2;55;50;10;10;16;1375;1375
12428870;376;g_000;1;1;38;line_consecutive;0.7;1376;12;14;7-8;3,7,11;51140.23999999999;51140.240000000005;51140.23999999967;51140.23999999968;1.4551915228366852e-11;-3.346940502524376e-10;-3.2741809263825417e-10;eev,integrated,separated,ws;lintim;SiouxFalls;SiouxFalls;True;False;1e-05;6000;1;2;20;50;200;-5;50;0.75;2;55;50;10;10;16;1376;1376
12428870;377;g_000;1;1;38;line_consecutive;0.7;1377;12;15;7-18;3,11;51611.69599999998;51664.08;52166.21299999967;52166.21299999968;52.38400000002002;502.1329999996669;502.1329999996815;eev,integrated,separated,ws;lintim;SiouxFalls;SiouxFalls;True;False;1e-05;6000;1;2;20;50;200;-5;50;0.75;2;55;50;10;10;16;1377;1377
12428870;378;g_000;1;1;38;line_consecutive;0.7;1378;12;16;1-3;4,8,12;51441.30799999999;51474.76000000004;51968.47399999967;51968.47399999967;33.45200000004843;493.71399999962887;493.71399999962887;eev,integrated,separated,ws;lintim;SiouxFalls;SiouxFalls;True;False;1e-05;6000;1;2;20;50;200;-5;50;0.75;2;55;50;10;10;16;1378;1378
12428870;379;g_000;1;1;38;line_consecutive;0.7;1379;12;17;4-11;4;51441.30799999999;51474.76;51968.47399999967;51968.47399999967;33.45200000001205;493.7139999996653;493.7139999996653;eev,integrated,separated,ws;lintim;SiouxFalls;SiouxFalls;True;False;1e-05;6000;1;2;20;50;200;-5;50;0.75;2;55;50;10;10;16;1379;1379
12428870;380;g_000;1;1;38;line_consecutive;0.7;1380;12;18;11-14;4,8,10;60003.94899999999;60340.696;62836.82049999984;61202.26399999998;336.7470000000103;2496.124499999838;861.5679999999775;eev,integrated,separated,ws;lintim;SiouxFalls;SiouxFalls;True;False;1e-05;6000;1;2;20;50;200;-5;50;0.75;2;55;50;10;10;16;1380;1380
12428870;381;g_000;1;1;38;line_consecutive;0.7;1381;12;19;14-23;4,10;59373.28199999999;59530.86899999999;64219.20349999983;62021.34649999997;157.5869999999995;4688.334499999837;2490.477499999979;eev,integrated,separated,ws;lintim;SiouxFalls;SiouxFalls;True;False;1e-05;6000;1;2;20;50;200;-5;50;0.75;2;55;50;10;10;16;1381;1381
12428870;382;g_000;1;1;38;line_consecutive;0.7;1382;12;20;23-24;4;55391.2335;55495.42549999999;60184.41099999982;56355.3855;104.19199999998818;4688.985499999828;859.9600000000064;eev,integrated,separated,ws;lintim;SiouxFalls;SiouxFalls;True;False;1e-05;6000;1;2;20;50;200;-5;50;0.75;2;55;50;10;10;16;1382;1382
12428870;383;g_000;1;1;38;line_consecutive;0.7;1383;12;21;10-15;5,9;54027.49899999999;54099.249;58515.26099999984;54297.469;71.75000000001455;4416.011999999835;198.2199999999939;eev,integrated,separated,ws;lintim;SiouxFalls;SiouxFalls;True;False;1e-05;6000;1;2;20;50;200;-5;50;0.75;2;55;50;10;10;16;1383;1383
12428870;384;g_000;1;1;38;line_consecutive;0.7;1384;12;22;15-22;5,13;65407.30199999998;65800.28499999974;70320.87299999985;68876.99349999998;392.98299999976007;4520.588000000105;3076.7085000002407;eev,integrated,separated,ws;lintim;SiouxFalls;SiouxFalls;True;False;1e-05;6000;1;2;20;50;200;-5;50;0.75;2;55;50;10;10;16;1384;1384
12428870;385;g_000;1;1;38;line_consecutive;0.7;1385;12;23;22-23;5;62605.73299999999;62742.1760000136;65655.09999999983;68876.99349999998;136.44300001360534;2912.923999986233;6134.817499986384;eev,integrated,separated,ws;lintim;SiouxFalls;SiouxFalls;True;False;1e-05;6000;1;2;20;50;200;-5;50;0.75;2;55;50;10;10;16;1385;1385
12428870;386;g_000;1;1;38;line_consecutive;0.7;1386;12;24;13-24;6;62423.294999999984;62597.39899999999;67163.15849999983;72666.38600000001;174.10400000000664;4565.75949999984;10068.987000000025;eev,integrated,separated,ws;lintim;SiouxFalls;SiouxFalls;True;False;1e-05;6000;1;2;20;50;200;-5;50;0.75;2;55;50;10;10;16;1386;1386
12428870;387;g_000;1;1;38;line_consecutive;0.7;1387;12;25;21-24;6;61202.64000000001;61352.18;64069.692499999845;71658.2525;149.5399999999936;2717.5124999998443;10306.072500000002;eev,integrated,separated,ws;lintim;SiouxFalls;SiouxFalls;True;False;1e-05;6000;1;2;20;50;200;-5;50;0.75;2;55;50;10;10;16;1387;1387
12428870;388;g_000;1;1;38;line_consecutive;0.7;1388;12;26;20-21;6;68560.2665;68628.76250000004;71541.54699999983;93247.5885;68.49600000004284;2912.7844999997906;24618.82599999996;eev,integrated,separated,ws;lintim;SiouxFalls;SiouxFalls;True;False;1e-05;6000;1;2;20;50;200;-5;50;0.75;2;55;50;10;10;16;1388;1388
12428870;389;g_000;1;1;38;line_consecutive;0.7;1389;12;27;9-10;7,9;63263.4465;63399.88949999999;66382.94249999983;68876.99349999998;136.44299999999205;2983.05299999984;5477.103999999992;eev,integrated,separated,ws;lintim;SiouxFalls;SiouxFalls;True;False;1e-05;6000;1;2;20;50;200;-5;50;0.75;2;55;50;10;10;16;1389;1389
12428870;390;g_000;1;1;38;line_consecutive;0.7;1390;12;28;3-12;8,12;58598.158;58741.47900016541;62417.87049999983;67493.73449999999;143.3210001654079;3676.391499834419;8752.25549983458;eev,integrated,separated,ws;lintim;SiouxFalls;SiouxFalls;True;False;1e-05;6000;1;2;20;50;200;-5;50;0.75;2;55;50;10;10;16;1390;1390
12428870;391;g_000;1;1;38;line_consecutive;0.7;1391;12;29;5-6;9;51140.24;51140.23999999999;51140.23999999983;51140.23999999983;-7.275957614183426e-12;-1.6007106751203534e-10;-1.6007106751203534e-10;eev,integrated,separated,ws;lintim;SiouxFalls;SiouxFalls;True;False;1e-05;6000;1;2;20;50;200;-5;50;0.75;2;55;50;10;10;16;1391;1391
12428870;392;g_000;1;1;38;line_consecutive;0.7;1392;12;30;15-19;9,13,14;51389.14;51402.23999999999;53572.23999999983;51402.240000000005;13.099999999991269;2169.99999999984;1.4551915228366852e-11;eev,integrated,separated,ws;lintim;SiouxFalls;SiouxFalls;True;False;1e-05;6000;1;2;20;50;200;-5;50;0.75;2;55;50;10;10;16;1392;1392
12428870;393;g_000;1;1;38;line_consecutive;0.7;1393;12;31;20-22;11;51140.240000000005;51140.23999999998;51140.23999999983;51140.23999999984;-2.182787284255028e-11;-1.5279510989785194e-10;-1.4551915228366852e-10;eev,integrated,separated,ws;lintim;SiouxFalls;SiouxFalls;True;False;1e-05;6000;1;2;20;50;200;-5;50;0.75;2;55;50;10;10;16;1393;1393
12428870;394;g_000;1;1;38;line_consecutive;0.7;1394;12;32;18-20;11;51140.23999999999;51140.23999999999;51140.23999999983;51140.23999999983;0.0;-1.6007106751203534e-10;-1.6007106751203534e-10;eev,integrated,separated,ws;lintim;SiouxFalls;SiouxFalls;True;False;1e-05;6000;1;2;20;50;200;-5;50;0.75;2;55;50;10;10;16;1394;1394
12428870;395;g_000;1;1;38;line_consecutive;0.7;1395;12;33;12-13;12;51140.23999999999;51140.2400000174;51140.23999999983;51140.23999999984;1.7411366570740938e-08;-1.7571437638252974e-08;-1.756416168063879e-08;eev,integrated,separated,ws;lintim;SiouxFalls;SiouxFalls;True;False;1e-05;6000;1;2;20;50;200;-5;50;0.75;2;55;50;10;10;16;1395;1395
12428870;396;g_000;1;1;38;line_consecutive;0.7;1396;12;34;1-2;12;64918.41300000014;64971.19999999786;66439.96149999983;98470.983;52.78699999771925;1468.7615000019723;33499.783000002135;eev,integrated,separated,ws;lintim;SiouxFalls;SiouxFalls;True;False;1e-05;6000;1;2;20;50;200;-5;50;0.75;2;55;50;10;10;16;1396;1396
12428870;397;g_000;1;1;38;line_consecutive;0.7;1397;12;35;21-22;13;57232.49499999999;57375.81600002683;59954.90049999984;58126.1565;143.32100002684456;2579.0844999730107;750.3404999731647;eev,integrated,separated,ws;lintim;SiouxFalls;SiouxFalls;True;False;1e-05;6000;1;2;20;50;200;-5;50;0.75;2;55;50;10;10;16;1397;1397
12428870;398;g_000;1;1;38;line_consecutive;0.7;1398;12;36;14-15;14;59833.48099999999;59925.97949999984;62830.54099999984;66063.1495;92.49849999984872;2904.561499999996;6137.170000000158;eev,integrated,separated,ws;lintim;SiouxFalls;SiouxFalls;True;False;1e-05;6000;1;2;20;50;200;-5;50;0.75;2;55;50;10;10;16;1398;1398
12428870;399;g_000;1;1;38;line_consecutive;0.7;1399;12;37;10-17;14;58173.40350000001;58228.8305;60522.44949999984;61851.1925;55.426999999988766;2293.618999999846;3622.362000000001;eev,integrated,separated,ws;lintim;SiouxFalls;SiouxFalls;True;False;1e-05;6000;1;2;20;50;200;-5;50;0.75;2;55;50;10;10;16;1399;1399
12428870;400;g_000;2;1;60;line_consecutive;0.3;1400;13;0;10-11,11-12;1,7;57118.514;57261.83500000001;59591.54449999983;58126.1565;143.32100000000355;2329.7094999998226;864.3214999999909;eev,integrated,separated,ws;lintim;SiouxFalls;SiouxFalls;True;False;1e-05;6000;1;2;20;50;200;-5;50;0.75;2;55;50;10;10;16;1400;1400
12428870;401;g_000;2;1;60;line_consecutive;0.3;1401;13;1;10-11,10-16;1,10;52868.47050000001;52881.5705;55486.89849999984;53341.9855;13.099999999991269;2605.3279999998413;460.4150000000009;eev,integrated,separated,ws;lintim;SiouxFalls;SiouxFalls;True;False;1e-05;6000;1;2;20;50;200;-5;50;0.75;2;55;50;10;10;16;1401;1401
12428870;402;g_000;2;1;60;line_consecutive;0.3;1402;13;2;10-16,16-18;1;54771.273;54771.273000000845;54771.27299999983;57216.1215;8.440110832452773e-10;-1.0186340659856794e-09;2444.848499999156;eev,integrated,separated,ws;lintim;SiouxFalls;SiouxFalls;True;False;1e-05;6000;1;2;20;50;200;-5;50;0.75;2;55;50;10;10;16;1402;1402
12428870;403;g_000;2;1;60;line_consecutive;0.3;1403;13;3;2-6,6-8;2;52379.30599999999;52379.71449999999;52379.71449999984;52444.52;0.4084999999977299;-1.4551915228366852e-10;64.80550000000949;eev,integrated,separated,ws;lintim;SiouxFalls;SiouxFalls;True;False;1e-05;6000;1;2;20;50;200;-5;50;0.75;2;55;50;10;10;16;1403;1403
12428870;404;g_000;2;1;60;line_consecutive;0.3;1404;13;4;6-8,8-16;2;55505.357;55645.611;57501.54449999983;56409.391;140.25399999999354;1855.933499999832;763.7800000000061;eev,integrated,separated,ws;lintim;SiouxFalls;SiouxFalls;True;False;1e-05;6000;1;2;20;50;200;-5;50;0.75;2;55;50;10;10;16;1404;1404
12428870;405;g_000;2;1;60;line_consecutive;0.3;1405;13;5;8-16,16-17;2,13;54309.345;54341.24;55619.20499999984;56409.391;31.8949999999968;1277.9649999998437;2068.1510000000053;eev,integrated,separated,ws;lintim;SiouxFalls;SiouxFalls;True;False;1e-05;6000;1;2;20;50;200;-5;50;0.75;2;55;50;10;10;16;1405;1405
12428870;406;g_000;2;1;60;line_consecutive;0.3;1406;13;6;16-17,17-19;2,13;54169.12499999999;54201.02000000001;55496.17049999983;56409.391;31.895000000018623;1295.1504999998217;2208.370999999992;eev,integrated,separated,ws;lintim;SiouxFalls;SiouxFalls;True;False;1e-05;6000;1;2;20;50;200;-5;50;0.75;2;55;50;10;10;16;1406;1406
12428870;407;g_000;2;1;60;line_consecutive;0.3;1407;13;7;17-19,19-20;2;52343.529;52406.86000000001;54154.30499999983;52406.86;63.33100000000559;1747.444999999825;-7.275957614183426e-12;eev,integrated,separated,ws;lintim;SiouxFalls;SiouxFalls;True;False;1e-05;6000;1;2;20;50;200;-5;50;0.75;2;55;50;10;10;16;1407;1407
12428870;408;g_000;2;1;60;line_consecutive;0.3;1408;13;8;3-4,4-5;3;51140.23999999312;51140.23999999999;51140.23999999983;51140.23999999984;6.868503987789154e-09;-1.6007106751203534e-10;-1.5279510989785194e-10;eev,integrated,separated,ws;lintim;SiouxFalls;SiouxFalls;True;False;1e-05;6000;1;2;20;50;200;-5;50;0.75;2;55;50;10;10;16;1408;1408
12428870;409;g_000;2;1;60;line_consecutive;0.3;1409;13;9;4-5,5-9;3;51389.14;51402.24;53572.23999999983;51402.240000000005;13.099999999998545;2169.9999999998327;7.275957614183426e-12;eev,integrated,separated,ws;lintim;SiouxFalls;SiouxFalls;True;False;1e-05;6000;1;2;20;50;200;-5;50;0.75;2;55;50;10;10;16;1409;1409
12428870;410;g_000;2;1;60;line_consecutive;0.3;1410;13;10;5-9,8-9;3;52261.44899999999;52320.4600000256;56083.04249999959;52320.459999999934;59.01100002560997;3762.582499973985;-2.566957846283913e-08;eev,integrated,separated,ws;lintim;SiouxFalls;SiouxFalls;True;False;1e-05;6000;1;2;20;50;200;-5;50;0.75;2;55;50;10;10;16;1410;1410
12428870;411;g_000;2;1;60;line_consecutive;0.3;1411;13;11;7-8,8-9;3,7;51140.23999999999;51140.24000000035;51140.23999996783;51140.23999996784;3.5652192309498787e-10;-3.251625457778573e-08;-3.2508978620171554e-08;eev,integrated,separated,ws;lintim;SiouxFalls;SiouxFalls;True;False;1e-05;6000;1;2;20;50;200;-5;50;0.75;2;55;50;10;10;16;1411;1411
12428870;412;g_000;2;1;60;line_consecutive;0.3;1412;13;12;7-8,7-18;3,11;51140.24;51140.24000000316;51140.239999974525;51140.239999974525;3.1650415621697903e-09;-2.8638169169425964e-08;-2.8638169169425964e-08;eev,integrated,separated,ws;lintim;SiouxFalls;SiouxFalls;True;False;1e-05;6000;1;2;20;50;200;-5;50;0.75;2;55;50;10;10;16;1412;1412
12428870;413;g_000;2;1;60;line_consecutive;0.3;1413;13;13;1-3,3-4;4;51140.23999999999;51140.239999999976;51140.23999999983;51140.23999999984;-1.4551915228366852e-11;-1.4551915228366852e-10;-1.382431946694851e-10;eev,integrated,separated,ws;lintim;SiouxFalls;SiouxFalls;True;False;1e-05;6000;1;2;20;50;200;-5;50;0.75;2;55;50;10;10;16;1413;1413
12428870;414;g_000;2;1;60;line_consecutive;0.3;1414;13;14;3-4,4-11;4;51140.24;51140.23999999999;51140.23999999983;51140.23999999984;-7.275957614183426e-12;-1.6007106751203534e-10;-1.5279510989785194e-10;eev,integrated,separated,ws;lintim;SiouxFalls;SiouxFalls;True;False;1e-05;6000;1;2;20;50;200;-5;50;0.75;2;55;50;10;10;16;1414;1414
12428870;415;g_000;2;1;60;line_consecutive;0.3;1415;13;15;4-11,11-14;4;51637.887999999984;51664.07999999999;52223.21149999983;51664.08;26.192000000002736;559.1314999998431;1.4551915228366852e-11;eev,integrated,separated,ws;lintim;SiouxFalls;SiouxFalls;True;False;1e-05;6000;1;2;20;50;200;-5;50;0.75;2;55;50;10;10;16;1415;1415
12428870;416;g_000;2;1;60;line_consecutive;0.3;1416;13;16;11-14,14-23;4,10;51458.034;51474.76;52014.48699999984;51474.75999999436;16.726000000002387;539.7269999998389;-5.638867150992155e-09;eev,integrated,separated,ws;lintim;SiouxFalls;SiouxFalls;True;False;1e-05;6000;1;2;20;50;200;-5;50;0.75;2;55;50;10;10;16;1416;1416
12428870;417;g_000;2;1;60;line_consecutive;0.3;1417;13;17;14-23,23-24;4;51458.034;51474.76;52014.48699999984;51474.75999999436;16.726000000002387;539.7269999998389;-5.638867150992155e-09;eev,integrated,separated,ws;lintim;SiouxFalls;SiouxFalls;True;False;1e-05;6000;1;2;20;50;200;-5;50;0.75;2;55;50;10;10;16;1417;1417
12428870;418;g_000;2;1;60;line_consecutive;0.3;1418;13;18;10-15,15-22;5;52366.067;52549.46699999725;53217.82699999775;53217.82699999775;183.39999999724387;668.3600000005026;668.3600000005026;eev,integrated,separated,ws;lintim;SiouxFalls;SiouxFalls;True;False;1e-05;6000;1;2;20;50;200;-5;50;0.75;2;55;50;10;10;16;1418;1418
12428870;419;g_000;2;1;60;line_consecutive;0.3;1419;13;19;15-22,22-23;5;52508.26699999999;52929.011;52929.01099999774;52929.01099999775;420.74400000000605;-2.255546860396862e-09;-2.248270902782678e-09;eev,integrated,separated,ws;lintim;SiouxFalls;SiouxFalls;True;False;1e-05;6000;1;2;20;50;200;-5;50;0.75;2;55;50;10;10;16;1419;1419
12428870;420;g_000;2;1;60;line_consecutive;0.3;1420;13;20;13-24,21-24;6;52518.69799999999;53091.288;53149.07299999775;53149.07299999776;572.5900000000111;57.784999997747946;57.7849999977625;eev,integrated,separated,ws;lintim;SiouxFalls;SiouxFalls;True;False;1e-05;6000;1;2;20;50;200;-5;50;0.75;2;55;50;10;10;16;1420;1420
12428870;421;g_000;2;1;60;line_consecutive;0.3;1421;13;21;20-21,21-24;6;52518.69799999999;53091.288;53149.07299999775;53149.07299999775;572.5900000000111;57.784999997747946;57.784999997747946;eev,integrated,separated,ws;lintim;SiouxFalls;SiouxFalls;True;False;1e-05;6000;1;2;20;50;200;-5;50;0.75;2;55;50;10;10;16;1421;1421
12428870;422;g_000;2;1;60;line_consecutive;0.3;1422;13;22;9-10,10-11;7;54485.441;55874.71799999983;56352.92899999775;56352.92899999775;1389.2769999998343;478.2109999979148;478.2109999979148;eev,integrated,separated,ws;lintim;SiouxFalls;SiouxFalls;True;False;1e-05;6000;1;2;20;50;200;-5;50;0.75;2;55;50;10;10;16;1422;1422
12428870;423;g_000;2;1;60;line_consecutive;0.3;1423;13;23;8-9,9-10;7;52205.42599999999;52388.826;52419.24199999774;52419.24199999776;183.40000000000876;30.41599999774189;30.415999997756444;eev,integrated,separated,ws;lintim;SiouxFalls;SiouxFalls;True;False;1e-05;6000;1;2;20;50;200;-5;50;0.75;2;55;50;10;10;16;1423;1423
12428870;424;g_000;2;1;60;line_consecutive;0.3;1424;13;24;1-3,3-12;8,12;55491.242;55971.73100000001;55971.730999997744;55971.73099999775;480.4890000000087;-2.262822818011045e-09;-2.255546860396862e-09;eev,integrated,separated,ws;lintim;SiouxFalls;SiouxFalls;True;False;1e-05;6000;1;2;20;50;200;-5;50;0.75;2;55;50;10;10;16;1424;1424
12428870;425;g_000;2;1;60;line_consecutive;0.3;1425;13;25;3-12,11-12;8;56962.265;57125.05699999428;57149.38099999775;57149.38099999775;162.79199999428238;24.32400000347116;24.32400000347116;eev,integrated,separated,ws;lintim;SiouxFalls;SiouxFalls;True;False;1e-05;6000;1;2;20;50;200;-5;50;0.75;2;55;50;10;10;16;1425;1425
12428870;426;g_000;2;1;60;line_consecutive;0.3;1426;13;26;11-12,11-14;8;56900.39899999996;58140.268;58419.58999999774;58419.58999999805;1239.8690000000352;279.32199999774457;279.32199999805016;eev,integrated,separated,ws;lintim;SiouxFalls;SiouxFalls;True;False;1e-05;6000;1;2;20;50;200;-5;50;0.75;2;55;50;10;10;16;1426;1426
12428870;427;g_000;2;1;60;line_consecutive;0.3;1427;13;27;5-6,5-9;9;51218.84;51402.240000000005;51908.23999999775;51908.23999999776;183.40000000000876;505.99999999774445;505.9999999977517;eev,integrated,separated,ws;lintim;SiouxFalls;SiouxFalls;True;False;1e-05;6000;1;2;20;50;200;-5;50;0.75;2;55;50;10;10;16;1427;1427
12428870;428;g_000;2;1;60;line_consecutive;0.3;1428;13;28;5-9,9-10;9;52205.42599999999;52388.826;52419.24199999774;52419.24199999776;183.40000000000876;30.41599999774189;30.415999997756444;eev,integrated,separated,ws;lintim;SiouxFalls;SiouxFalls;True;False;1e-05;6000;1;2;20;50;200;-5;50;0.75;2;55;50;10;10;16;1428;1428
12428870;429;g_000;2;1;60;line_consecutive;0.3;1429;13;29;9-10,10-15;9;51984.494;52608.60899999999;52634.50099999775;52634.50099999775;624.1149999999907;25.89199999775883;25.89199999775883;eev,integrated,separated,ws;lintim;SiouxFalls;SiouxFalls;True;False;1e-05;6000;1;2;20;50;200;-5;50;0.75;2;55;50;10;10;16;1429;1429
12428870;430;g_000;2;1;60;line_consecutive;0.3;1430;13;30;10-15,15-19;9;52734.386;53157.04500001221;53755.58899999775;53755.58899999775;422.6590000122087;598.5439999855444;598.5439999855444;eev,integrated,separated,ws;lintim;SiouxFalls;SiouxFalls;True;False;1e-05;6000;1;2;20;50;200;-5;50;0.75;2;55;50;10;10;16;1430;1430
12428870;431;g_000;2;1;60;line_consecutive;0.3;1431;13;31;8-16,10-16;10;56525.78299999969;58026.26099992736;58540.15999999773;58540.15999999774;1500.4779999276725;513.8990000703707;513.899000070378;eev,integrated,separated,ws;lintim;SiouxFalls;SiouxFalls;True;False;1e-05;6000;1;2;20;50;200;-5;50;0.75;2;55;50;10;10;16;1431;1431
12428870;432;g_000;2;1;60;line_consecutive;0.3;1432;13;32;10-11,11-14;10;59240.81;60725.632;60970.13899999774;60970.13899999774;1484.822;244.50699999774224;244.50699999774224;eev,integrated,separated,ws;lintim;SiouxFalls;SiouxFalls;True;False;1e-05;6000;1;2;20;50;200;-5;50;0.75;2;55;50;10;10;16;1432;1432
12428870;433;g_000;2;1;60;line_consecutive;0.3;1433;13;33;18-20,20-22;11;51140.23999999999;51140.23999999995;51140.239999980186;51140.23999998019;-4.365574568510056e-11;-1.9761500880122185e-08;-1.9754224922508e-08;eev,integrated,separated,ws;lintim;SiouxFalls;SiouxFalls;True;False;1e-05;6000;1;2;20;50;200;-5;50;0.75;2;55;50;10;10;16;1433;1433
12428870;434;g_000;2;1;60;line_consecutive;0.3;1434;13;34;7-18,18-20;11;51140.23999999999;51140.24000000552;51140.23999999775;51140.23999999775;5.529727786779404e-09;-7.770722731947899e-09;-7.770722731947899e-09;eev,integrated,separated,ws;lintim;SiouxFalls;SiouxFalls;True;False;1e-05;6000;1;2;20;50;200;-5;50;0.75;2;55;50;10;10;16;1434;1434
12428870;435;g_000;2;1;60;line_consecutive;0.3;1435;13;35;3-12,12-13;12;51140.24;51140.23999999999;51140.23999999775;51140.23999999775;-7.275957614183426e-12;-2.240994945168495e-09;-2.240994945168495e-09;eev,integrated,separated,ws;lintim;SiouxFalls;SiouxFalls;True;False;1e-05;6000;1;2;20;50;200;-5;50;0.75;2;55;50;10;10;16;1435;1435
12428870;436;g_000;2;1;60;line_consecutive;0.3;1436;13;36;1-2,1-3;12;61514.324000000015;62853.708;62854.69999999776;62854.69999999776;1339.3839999999836;0.9919999977646512;0.9919999977646512;eev,integrated,separated,ws;lintim;SiouxFalls;SiouxFalls;True;False;1e-05;6000;1;2;20;50;200;-5;50;0.75;2;55;50;10;10;16;1436;1436
12428870;437;g_000;2;1;60;line_consecutive;0.3;1437;13;37;15-19,17-19;13,14;61968.413;62729.24499998683;62857.91899999774;62857.91899999774;760.8319999868327;128.67400001090573;128.67400001090573;eev,integrated,separated,ws;lintim;SiouxFalls;SiouxFalls;True;False;1e-05;6000;1;2;20;50;200;-5;50;0.75;2;55;50;10;10;16;1437;1437
12428870;438;g_000;2;1;60;line_consecutive;0.3;1438;13;38;15-19,15-22;13;53329.00099999999;53576.07199999998;53576.07199999775;53576.07199999776;247.070999999989;-2.2264430299401283e-09;-2.219167072325945e-09;eev,integrated,separated,ws;lintim;SiouxFalls;SiouxFalls;True;False;1e-05;6000;1;2;20;50;200;-5;50;0.75;2;55;50;10;10;16;1438;1438
12428870;439;g_000;2;1;60;line_consecutive;0.3;1439;13;39;15-22,21-22;13;52508.26699999999;52783.69099999999;52783.69099999775;52783.69099999775;275.42399999999907;-2.240994945168495e-09;-2.240994945168495e-09;eev,integrated,separated,ws;lintim;SiouxFalls;SiouxFalls;True;False;1e-05;6000;1;2;20;50;200;-5;50;0.75;2;55;50;10;10;16;1439;1439
12428870;440;g_000;2;1;60;line_consecutive;0.3;1440;13;40;14-15,15-19;14;51494.306;52156.737;52701.124999997744;52701.12499999775;662.4310000000041;544.3879999977435;544.3879999977507;eev,integrated,separated,ws;lintim;SiouxFalls;SiouxFalls;True;False;1e-05;6000;1;2;20;50;200;-5;50;0.75;2;55;50;10;10;16;1440;1440
12428870;441;g_000;2;1;60;line_consecutive;0.3;1441;13;41;10-17,17-19;14;59367.362;60711.25999999999;60808.70899999775;60808.70899999776;1343.8979999999865;97.44899999775951;97.44899999777408;eev,integrated,separated,ws;lintim;SiouxFalls;SiouxFalls;True;False;1e-05;6000;1;2;20;50;200;-5;50;0.75;2;55;50;10;10;16;1441;1441
12428870;442;g_000;2;1;60;line_consecutive;0.7;1442;14;0;10-11,11-12;1,7;59837.306;61189.248;63682.85399999902;62028.48;1351.9420000000027;2493.605999999017;839.2320000000036;eev,integrated,separated,ws;lintim;SiouxFalls;SiouxFalls;True;False;1e-05;6000;1;2;20;50;200;-5;50;0.75;2;55;50;10;10;16;1442;1442
12428870;443;g_000;2;1;60;line_consecutive;0.7;1443;14;1;10-11,10-16;1,10;57206.692;58152.21399999999;61013.01899999903;59466.025;945.52199999999;2860.80499999904;1313.8110000000088;eev,integrated,separated,ws;lintim;SiouxFalls;SiouxFalls;True;False;1e-05;6000;1;2;20;50;200;-5;50;0.75;2;55;50;10;10;16;1443;1443
12428870;444;g_000;2;1;60;line_consecutive;0.7;1444;14;2;10-16,16-18;1;54272.55099999673;54897.70299723214;58306.04199999903;56284.93599824682;625.1519972354072;3408.339002766894;1387.2330010146834;eev,integrated,separated,ws;lintim;SiouxFalls;SiouxFalls;True;False;1e-05;6000;1;2;20;50;200;-5;50;0.75;2;55;50;10;10;16;1444;1444
12428870;445;g_000;2;1;60;line_consecutive;0.7;1445;14;3;2-6,6-8;2;61652.812;63737.39099999999;66963.42499999903;65280.234;2084.57899999999;3226.033999999039;1542.843000000008;eev,integrated,separated,ws;lintim;SiouxFalls;SiouxFalls;True;False;1e-05;6000;1;2;20;50;200;-5;50;0.75;2;55;50;10;10;16;1445;1445
12428870;446;g_000;2;1;60;line_consecutive;0.7;1446;14;4;6-8,8-16;2;61840.85300000669;62993.58800000002;66383.45399999902;63610.22399999998;1152.7349999933283;3389.865999999005;616.6359999999622;eev,integrated,separated,ws;lintim;SiouxFalls;SiouxFalls;True;False;1e-05;6000;1;2;20;50;200;-5;50;0.75;2;55;50;10;10;16;1446;1446
12428870;447;g_000;2;1;60;line_consecutive;0.7;1447;14;5;8-16,16-17;2,13;61421.658;62649.532;65725.32799999902;63553.048;1227.8739999999962;3075.79599999902;903.5160000000031;eev,integrated,separated,ws;lintim;SiouxFalls;SiouxFalls;True;False;1e-05;6000;1;2;20;50;200;-5;50;0.75;2;55;50;10;10;16;1447;1447
12428870;448;g_000;2;1;60;line_consecutive;0.7;1448;14;6;16-17,17-19;2,13;70336.85800000001;71391.64199999999;73700.00099999903;71888.454;1054.783999999985;2308.3589999990363;496.81200000000536;eev,integrated,separated,ws;lintim;SiouxFalls;SiouxFalls;True;False;1e-05;6000;1;2;20;50;200;-5;50;0.75;2;55;50;10;10;16;1448;1448
12428870;449;g_000;2;1;60;line_consecutive;0.7;1449;14;7;17-19,19-20;2;70175.074;71406.89999999998;74108.23399999904;73704.296;1231.8259999999864;2701.3339999990567;2297.3960000000225;eev,integrated,separated,ws;lintim;SiouxFalls;SiouxFalls;True;False;1e-05;6000;1;2;20;50;200;-5;50;0.75;2;55;50;10;10;16;1449;1449
12428870;450;g_000;2;1;60;line_consecutive;0.7;1450;14;8;3-4,4-5;3;59194.915999999976;59953.09799999999;60558.62799999904;60558.627968370536;758.1820000000153;605.5299999990457;605.5299683705452;eev,integrated,separated,ws;lintim;SiouxFalls;SiouxFalls;True;False;1e-05;6000;1;2;20;50;200;-5;50;0.75;2;55;50;10;10;16;1450;1450
12428870;451;g_000;2;1;60;line_consecutive;0.7;1451;14;9;4-5,5-9;3;51323.64;51402.23999999999;52932.239999999045;52932.239999999045;78.59999999999127;1529.999999999054;1529.999999999054;eev,integrated,separated,ws;lintim;SiouxFalls;SiouxFalls;True;False;1e-05;6000;1;2;20;50;200;-5;50;0.75;2;55;50;10;10;16;1451;1451
12428870;452;g_000;2;1;60;line_consecutive;0.7;1452;14;10;5-9,8-9;3;53625.67399999999;53704.27399999999;54124.57799999903;54124.57799999903;78.59999999999854;420.3039999990433;420.3039999990433;eev,integrated,separated,ws;lintim;SiouxFalls;SiouxFalls;True;False;1e-05;6000;1;2;20;50;200;-5;50;0.75;2;55;50;10;10;16;1452;1452
12428870;453;g_000;2;1;60;line_consecutive;0.7;1453;14;11;7-8,8-9;3,7;51140.23999999999;51140.23999999999;51140.23999999903;51140.23999999903;0.0;-9.60426405072212e-10;-9.60426405072212e-10;eev,integrated,separated,ws;lintim;SiouxFalls;SiouxFalls;True;False;1e-05;6000;1;2;20;50;200;-5;50;0.75;2;55;50;10;10;16;1453;1453
12428870;454;g_000;2;1;60;line_consecutive;0.7;1454;14;12;7-8,7-18;3,11;51140.24;51140.23999999999;51140.23999999903;51140.23999999903;-7.275957614183426e-12;-9.60426405072212e-10;-9.60426405072212e-10;eev,integrated,separated,ws;lintim;SiouxFalls;SiouxFalls;True;False;1e-05;6000;1;2;20;50;200;-5;50;0.75;2;55;50;10;10;16;1454;1454
12428870;455;g_000;2;1;60;line_consecutive;0.7;1455;14;13;1-3,3-4;4;63446.33800000009;63763.060000000056;64583.68399999903;64583.68399999903;316.7219999999652;820.6239999989775;820.6239999989775;eev,integrated,separated,ws;lintim;SiouxFalls;SiouxFalls;True;False;1e-05;6000;1;2;20;50;200;-5;50;0.75;2;55;50;10;10;16;1455;1455
12428870;456;g_000;2;1;60;line_consecutive;0.7;1456;14;14;3-4,4-11;4;59194.915999999976;59953.09799999999;60558.62799999904;60558.627968370536;758.1820000000153;605.5299999990457;605.5299683705452;eev,integrated,separated,ws;lintim;SiouxFalls;SiouxFalls;True;False;1e-05;6000;1;2;20;50;200;-5;50;0.75;2;55;50;10;10;16;1456;1456
12428870;457;g_000;2;1;60;line_consecutive;0.7;1457;14;15;4-11,11-14;4;59315.82;60223.68000000001;63227.52499999904;62362.902;907.860000000008;3003.844999999033;2139.2219999999943;eev,integrated,separated,ws;lintim;SiouxFalls;SiouxFalls;True;False;1e-05;6000;1;2;20;50;200;-5;50;0.75;2;55;50;10;10;16;1457;1457
12428870;458;g_000;2;1;60;line_consecutive;0.7;1458;14;16;11-14,14-23;4,10;59652.394;60712.946;63709.27199999904;62844.649000000005;1060.552000000003;2996.325999999033;2131.7030000000013;eev,integrated,separated,ws;lintim;SiouxFalls;SiouxFalls;True;False;1e-05;6000;1;2;20;50;200;-5;50;0.75;2;55;50;10;10;16;1458;1458
12428870;459;g_000;2;1;60;line_consecutive;0.7;1459;14;17;14-23,23-24;4;58024.08199999999;59635.93499999999;62514.19698902962;61649.57400000001;1611.8530000000028;2878.2619890296264;2013.6390000000172;eev,integrated,separated,ws;lintim;SiouxFalls;SiouxFalls;True;False;1e-05;6000;1;2;20;50;200;-5;50;0.75;2;55;50;10;10;16;1459;1459
12428870;460;g_000;2;1;60;line_consecutive;0.7;1460;14;18;10-15,15-22;5;54000.50299999999;54079.103;55987.94299999903;55987.94299999904;78.6000000000131;1908.8399999990288;1908.839999999036;eev,integrated,separated,ws;lintim;SiouxFalls;SiouxFalls;True;False;1e-05;6000;1;2;20;50;200;-5;50;0.75;2;55;50;10;10;16;1460;1460
12428870;461;g_000;2;1;60;line_consecutive;0.7;1461;14;19;15-22,22-23;5;54332.30299999999;54885.65899999997;55314.03899999903;55314.03899999904;553.3559999999779;428.3799999990588;428.37999999906606;eev,integrated,separated,ws;lintim;SiouxFalls;SiouxFalls;True;False;1e-05;6000;1;2;20;50;200;-5;50;0.75;2;55;50;10;10;16;1461;1461
12428870;462;g_000;2;1;60;line_consecutive;0.7;1462;14;20;13-24,21-24;6;54356.64199999999;54842.15199999998;55827.51699999903;55827.51699999903;485.5099999999875;985.364999999052;985.364999999052;eev,integrated,separated,ws;lintim;SiouxFalls;SiouxFalls;True;False;1e-05;6000;1;2;20;50;200;-5;50;0.75;2;55;50;10;10;16;1462;1462
12428870;463;g_000;2;1;60;line_consecutive;0.7;1463;14;21;20-21,21-24;6;54356.64199999999;54842.152;55827.51699999903;55827.51699999903;485.5100000000093;985.3649999990304;985.3649999990304;eev,integrated,separated,ws;lintim;SiouxFalls;SiouxFalls;True;False;1e-05;6000;1;2;20;50;200;-5;50;0.75;2;55;50;10;10;16;1463;1463
12428870;464;g_000;2;1;60;line_consecutive;0.7;1464;14;22;9-10,10-11;7;58945.709;60130.24500000002;63303.18099999902;61746.72299999998;1184.5360000000146;3172.9359999990047;1616.4779999999664;eev,integrated,separated,ws;lintim;SiouxFalls;SiouxFalls;True;False;1e-05;6000;1;2;20;50;200;-5;50;0.75;2;55;50;10;10;16;1464;1464
12428870;465;g_000;2;1;60;line_consecutive;0.7;1465;14;23;8-9,9-10;7;53625.67399999999;53704.27399999999;54124.57799999903;54124.57799999903;78.59999999999854;420.3039999990433;420.3039999990433;eev,integrated,separated,ws;lintim;SiouxFalls;SiouxFalls;True;False;1e-05;6000;1;2;20;50;200;-5;50;0.75;2;55;50;10;10;16;1465;1465
12428870;466;g_000;2;1;60;line_consecutive;0.7;1466;14;24;1-3,3-12;8,12;61292.57799999999;61609.29999999999;62413.71899999902;62413.71899999903;316.7220000000016;804.418999999034;804.4189999990413;eev,integrated,separated,ws;lintim;SiouxFalls;SiouxFalls;True;False;1e-05;6000;1;2;20;50;200;-5;50;0.75;2;55;50;10;10;16;1466;1466
12428870;467;g_000;2;1;60;line_consecutive;0.7;1467;14;25;3-12,11-12;8;64724.965;64794.733000009546;65161.56899999903;64794.73299999998;69.76800000954972;366.83599998948193;-9.567884262651203e-09;eev,integrated,separated,ws;lintim;SiouxFalls;SiouxFalls;True;False;1e-05;6000;1;2;20;50;200;-5;50;0.75;2;55;50;10;10;16;1467;1467
12428870;468;g_000;2;1;60;line_consecutive;0.7;1468;14;26;11-12,11-14;8;64580.61099999991;65414.986;68125.38999999902;66424.732;834.3750000000873;2710.4039999990277;1009.7460000000063;eev,integrated,separated,ws;lintim;SiouxFalls;SiouxFalls;True;False;1e-05;6000;1;2;20;50;200;-5;50;0.75;2;55;50;10;10;16;1468;1468
12428870;469;g_000;2;1;60;line_consecutive;0.7;1469;14;27;5-6,5-9;9;51323.64;51402.23999999999;52932.239999999045;52932.239999999045;78.59999999999127;1529.999999999054;1529.999999999054;eev,integrated,separated,ws;lintim;SiouxFalls;SiouxFalls;True;False;1e-05;6000;1;2;20;50;200;-5;50;0.75;2;55;50;10;10;16;1469;1469
12428870;470;g_000;2;1;60;line_consecutive;0.7;1470;14;28;5-9,9-10;9;53625.67399999999;53704.27399999999;54124.57799999903;54124.57799999903;78.59999999999854;420.3039999990433;420.3039999990433;eev,integrated,separated,ws;lintim;SiouxFalls;SiouxFalls;True;False;1e-05;6000;1;2;20;50;200;-5;50;0.75;2;55;50;10;10;16;1470;1470
12428870;471;g_000;2;1;60;line_consecutive;0.7;1471;14;29;9-10,10-15;9;53110.166;53490.15199999999;54626.84899999903;54626.84899999904;379.9859999999899;1136.6969999990397;1136.6969999990542;eev,integrated,separated,ws;lintim;SiouxFalls;SiouxFalls;True;False;1e-05;6000;1;2;20;50;200;-5;50;0.75;2;55;50;10;10;16;1471;1471
12428870;472;g_000;2;1;60;line_consecutive;0.7;1472;14;30;10-15,15-19;9;54859.914;55244.89599999999;57242.72099999903;57242.72099999903;384.98199999999633;1997.824999999037;1997.824999999037;eev,integrated,separated,ws;lintim;SiouxFalls;SiouxFalls;True;False;1e-05;6000;1;2;20;50;200;-5;50;0.75;2;55;50;10;10;16;1472;1472
12428870;473;g_000;2;1;60;line_consecutive;0.7;1473;14;31;8-16,10-16;10;63706.506999999285;64767.64399999999;68406.71999999901;65613.78299904813;1061.1370000007082;3639.075999999018;846.138999048133;eev,integrated,separated,ws;lintim;SiouxFalls;SiouxFalls;True;False;1e-05;6000;1;2;20;50;200;-5;50;0.75;2;55;50;10;10;16;1473;1473
12428870;474;g_000;2;1;60;line_consecutive;0.7;1474;14;32;10-11,11-14;10;70041.56999999998;71029.97999999998;74076.67099999903;72858.35499999998;988.4100000000036;3046.6909999990457;1828.375;eev,integrated,separated,ws;lintim;SiouxFalls;SiouxFalls;True;False;1e-05;6000;1;2;20;50;200;-5;50;0.75;2;55;50;10;10;16;1474;1474
12428870;475;g_000;2;1;60;line_consecutive;0.7;1475;14;33;18-20,20-22;11;51140.23999999999;51140.23999999999;51140.23999995806;51140.23999995807;0.0;-4.1931343730539083e-08;-4.19240677729249e-08;eev,integrated,separated,ws;lintim;SiouxFalls;SiouxFalls;True;False;1e-05;6000;1;2;20;50;200;-5;50;0.75;2;55;50;10;10;16;1475;1475
12428870;476;g_000;2;1;60;line_consecutive;0.7;1476;14;34;7-18,18-20;11;51140.23999999999;51140.23999999999;51140.23999999903;51140.23999999903;0.0;-9.60426405072212e-10;-9.60426405072212e-10;eev,integrated,separated,ws;lintim;SiouxFalls;SiouxFalls;True;False;1e-05;6000;1;2;20;50;200;-5;50;0.75;2;55;50;10;10;16;1476;1476
12428870;477;g_000;2;1;60;line_consecutive;0.7;1477;14;35;3-12,12-13;12;51140.24;51140.23999999999;51140.23999999903;51140.23999999903;-7.275957614183426e-12;-9.60426405072212e-10;-9.60426405072212e-10;eev,integrated,separated,ws;lintim;SiouxFalls;SiouxFalls;True;False;1e-05;6000;1;2;20;50;200;-5;50;0.75;2;55;50;10;10;16;1477;1477
12428870;478;g_000;2;1;60;line_consecutive;0.7;1478;14;36;1-2,1-3;12;75346.43600000003;76230.545;78473.97999999904;78473.97999999905;884.1089999999676;2243.434999999037;2243.434999999052;eev,integrated,separated,ws;lintim;SiouxFalls;SiouxFalls;True;False;1e-05;6000;1;2;20;50;200;-5;50;0.75;2;55;50;10;10;16;1478;1478
12428870;479;g_000;2;1;60;line_consecutive;0.7;1479;14;37;15-19,17-19;13,14;76405.97699999998;77185.29999999997;78481.49099999902;80804.802;779.3229999999894;1296.1909999990455;3619.5020000000222;eev,integrated,separated,ws;lintim;SiouxFalls;SiouxFalls;True;False;1e-05;6000;1;2;20;50;200;-5;50;0.75;2;55;50;10;10;16;1479;1479
12428870;480;g_000;2;1;60;line_consecutive;0.7;1480;14;38;15-19,15-22;13;56247.34899999998;56514.186;56823.84799999903;56823.84799999904;266.83700000002136;309.6619999990289;309.6619999990362;eev,integrated,separated,ws;lintim;SiouxFalls;SiouxFalls;True;False;1e-05;6000;1;2;20;50;200;-5;50;0.75;2;55;50;10;10;16;1480;1480
12428870;481;g_000;2;1;60;line_consecutive;0.7;1481;14;39;15-22,21-22;13;54332.303;54736.91999999999;54974.95899999903;54974.95899999903;404.6169999999911;238.0389999990366;238.0389999990366;eev,integrated,separated,ws;lintim;SiouxFalls;SiouxFalls;True;False;1e-05;6000;1;2;20;50;200;-5;50;0.75;2;55;50;10;10;16;1481;1481
12428870;482;g_000;2;1;60;line_consecutive;0.7;1482;14;40;14-15,15-19;14;51966.39399999999;52320.46000000076;54782.30499999903;54782.30499999903;354.06600000077015;2461.844999998269;2461.844999998269;eev,integrated,separated,ws;lintim;SiouxFalls;SiouxFalls;True;False;1e-05;6000;1;2;20;50;200;-5;50;0.75;2;55;50;10;10;16;1482;1482
12428870;483;g_000;2;1;60;line_consecutive;0.7;1483;14;41;10-17,17-19;14;70336.85800000001;71391.64199999999;73700.00099999903;71888.454;1054.783999999985;2308.3589999990363;496.81200000000536;eev,integrated,separated,ws;lintim;SiouxFalls;SiouxFalls;True;False;1e-05;6000;1;2;20;50;200;-5;50;0.75;2;55;50;10;10;16;1483;1483
12428870;484;g_000;2;1;30;line_all;0.5;1484;15;0;10-15,15-22;5;53183.28499999999;53314.28500000001;54602.8849999984;54602.8849999984;131.00000000002183;1288.5999999983906;1288.5999999983906;eev,integrated,separated,ws;lintim;SiouxFalls;SiouxFalls;True;False;1e-05;6000;1;2;20;50;200;-5;50;0.75;2;55;50;10;10;16;1484;1484
12428870;485;g_000;2;1;30;line_all;0.5;1485;15;1;5-9,8-9;3;52915.55;53046.55000000001;53271.90999999839;53271.9099999984;131.00000000000728;225.35999999837804;225.3599999983926;eev,integrated,separated,ws;lintim;SiouxFalls;SiouxFalls;True;False;1e-05;6000;1;2;20;50;200;-5;50;0.75;2;55;50;10;10;16;1485;1485
12428870;486;g_000;2;1;30;line_all;0.5;1486;15;2;3-4,14-23;4;57547.885;58685.740000000005;59939.50999999838;59939.50999999839;1137.8550000000032;1253.7699999983745;1253.7699999983815;eev,integrated,separated,ws;lintim;SiouxFalls;SiouxFalls;True;False;1e-05;6000;1;2;20;50;200;-5;50;0.75;2;55;50;10;10;16;1486;1486
12428870;487;g_000;2;1;30;line_all;0.5;1487;15;3;6-8,8-16;2;58783.53500000478;60457.44000000001;62028.24999999839;61262.50999999998;1673.904999995233;1570.8099999983824;805.0699999999706;eev,integrated,separated,ws;lintim;SiouxFalls;SiouxFalls;True;False;1e-05;6000;1;2;20;50;200;-5;50;0.75;2;55;50;10;10;16;1487;1487
12428870;488;g_000;2;1;30;line_all;0.5;1488;15;4;3-4,4-11;4;56893.57999999999;57761.415000000976;57867.65999999839;57867.6599999984;867.8350000009887;106.24499999741238;106.24499999742692;eev,integrated,separated,ws;lintim;SiouxFalls;SiouxFalls;True;False;1e-05;6000;1;2;20;50;200;-5;50;0.75;2;55;50;10;10;16;1488;1488
12428870;489;g_000;2;1;30;line_all;0.5;1489;15;5;10-16,11-14;10;57483.47;58835.10499999826;60902.45999999838;60902.459999998384;1351.6349999982558;2067.35500000012;2067.355000000127;eev,integrated,separated,ws;lintim;SiouxFalls;SiouxFalls;True;False;1e-05;6000;1;2;20;50;200;-5;50;0.75;2;55;50;10;10;16;1489;1489
12428870;490;g_000;2;1;30;line_all;0.5;1490;15;6;15-19,15-22;13;54788.17499999999;55074.350000000006;55199.95999999839;55199.95999999839;286.17500000001746;125.60999999838532;125.60999999838532;eev,integrated,separated,ws;lintim;SiouxFalls;SiouxFalls;True;False;1e-05;6000;1;2;20;50;200;-5;50;0.75;2;55;50;10;10;16;1490;1490
12428870;491;g_000;2;1;30;line_all;0.5;1491;15;7;1-3,3-12;8,12;58391.90999999999;58918.0;59192.72499999839;59192.7249999984;526.0900000000111;274.72499999839056;274.72499999839783;eev,integrated,separated,ws;lintim;SiouxFalls;SiouxFalls;True;False;1e-05;6000;1;2;20;50;200;-5;50;0.75;2;55;50;10;10;16;1491;1491
12428870;492;g_000;2;1;30;line_all;0.5;1492;15;8;2-6,17-19;2;64830.94499999999;67739.76499999998;69249.21999999839;69928.14500000002;2908.8199999999924;1509.454999998401;2188.3800000000338;eev,integrated,separated,ws;lintim;SiouxFalls;SiouxFalls;True;False;1e-05;6000;1;2;20;50;200;-5;50;0.75;2;55;50;10;10;16;1492;1492
12428870;493;g_000;2;1;30;line_all;0.5;1493;15;9;16-17,17-19;2,13;64852.11;66210.65;67254.3549999984;66790.69;1358.5399999999936;1043.704999998401;580.0400000000081;eev,integrated,separated,ws;lintim;SiouxFalls;SiouxFalls;True;False;1e-05;6000;1;2;20;50;200;-5;50;0.75;2;55;50;10;10;16;1493;1493
12428870;494;g_000;2;1;30;line_all;0.5;1494;15;10;10-16,14-23;10;56907.01;57988.48000000002;60148.58999999838;60148.5899999984;1081.4700000000155;2160.1099999983635;2160.1099999983853;eev,integrated,separated,ws;lintim;SiouxFalls;SiouxFalls;True;False;1e-05;6000;1;2;20;50;200;-5;50;0.75;2;55;50;10;10;16;1494;1494
12428870;495;g_000;2;1;30;line_all;0.5;1495;15;11;3-4,7-8;3;55065.45999999999;55980.80499999997;57075.83499999839;57075.83499999839;915.3449999999792;1095.02999999842;1095.02999999842;eev,integrated,separated,ws;lintim;SiouxFalls;SiouxFalls;True;False;1e-05;6000;1;2;20;50;200;-5;50;0.75;2;55;50;10;10;16;1495;1495
12428870;496;g_000;2;1;30;line_all;0.5;1496;15;12;1-2,1-3;12;68430.38000000003;69778.335;70664.3399999984;70664.3399999984;1347.9549999999726;886.0049999983894;886.0049999983894;eev,integrated,separated,ws;lintim;SiouxFalls;SiouxFalls;True;False;1e-05;6000;1;2;20;50;200;-5;50;0.75;2;55;50;10;10;16;1496;1496
12428870;497;g_000;2;1;30;line_all;0.5;1497;15;13;2-6,16-17;2;59581.235;62808.43499999999;63753.92999999839;64655.545;3227.19999999999;945.494999998402;1847.110000000008;eev,integrated,separated,ws;lintim;SiouxFalls;SiouxFalls;True;False;1e-05;6000;1;2;20;50;200;-5;50;0.75;2;55;50;10;10;16;1497;1497
12428870;498;g_000;2;1;30;line_all;0.5;1498;15;14;3-12,11-12;8;60843.615000000005;60959.895;61155.47499999839;61155.4749999984;116.27999999999156;195.57999999839376;195.57999999840104;eev,integrated,separated,ws;lintim;SiouxFalls;SiouxFalls;True;False;1e-05;6000;1;2;20;50;200;-5;50;0.75;2;55;50;10;10;16;1498;1498
12428870;499;g_000;2;1;30;line_all;0.5;1499;15;15;13-24,20-21;6;53437.67;53966.72000000001;54488.29499999839;54488.2949999984;529.0500000000102;521.5749999983818;521.5749999983891;eev,integrated,separated,ws;lintim;SiouxFalls;SiouxFalls;True;False;1e-05;6000;1;2;20;50;200;-5;50;0.75;2;55;50;10;10;16;1499;1499
12428870;500;g_000;2;1;30;line_all;0.5;1500;15;16;4-11,23-24;4;54434.545;56347.87500000001;57775.24499999839;57775.2449999984;1913.330000000009;1427.36999999838;1427.3699999983946;eev,integrated,separated,ws;lintim;SiouxFalls;SiouxFalls;True;False;1e-05;6000;1;2;20;50;200;-5;50;0.75;2;55;50;10;10;16;1500;1500
12428870;501;g_000;2;1;30;line_all;0.5;1501;15;17;10-11,16-18;1;55473.42;56853.72;58192.22499999839;58192.2249970308;1380.300000000003;1338.5049999983894;1338.5049970307955;eev,integrated,separated,ws;lintim;SiouxFalls;SiouxFalls;True;False;1e-05;6000;1;2;20;50;200;-5;50;0.75;2;55;50;10;10;16;1501;1501
12428870;502;g_000;2;1;30;line_all;0.5;1502;15;18;4-5,5-9;3;51271.240000000005;51402.23999999664;52420.2399999984;52420.239999998405;130.99999999663123;1018.0000000017608;1018.000000001768;eev,integrated,separated,ws;lintim;SiouxFalls;SiouxFalls;True;False;1e-05;6000;1;2;20;50;200;-5;50;0.75;2;55;50;10;10;16;1502;1502
12428870;503;g_000;2;1;30;line_all;0.5;1503;15;19;11-12,11-14;8;60740.50499999993;62088.83000000001;63272.48999999839;63272.4899999984;1348.3250000000771;1183.659999998381;1183.6599999983882;eev,integrated,separated,ws;lintim;SiouxFalls;SiouxFalls;True;False;1e-05;6000;1;2;20;50;200;-5;50;0.75;2;55;50;10;10;16;1503;1503
12428870;504;g_000;2;1;30;line_all;0.5;1504;15;20;5-6,15-19;9;51730.34999999999;52320.46000000001;53777.03499999839;53777.0349999984;590.1100000000151;1456.5749999983818;1456.5749999983964;eev,integrated,separated,ws;lintim;SiouxFalls;SiouxFalls;True;False;1e-05;6000;1;2;20;50;200;-5;50;0.75;2;55;50;10;10;16;1504;1504
12428870;505;g_000;2;1;30;line_all;0.5;1505;15;21;10-16,16-18;1;53377.60499999767;54299.87;56258.66999999839;56258.6699999984;922.265000002335;1958.799999998388;1958.799999998395;eev,integrated,separated,ws;lintim;SiouxFalls;SiouxFalls;True;False;1e-05;6000;1;2;20;50;200;-5;50;0.75;2;55;50;10;10;16;1505;1505
12428870;506;g_000;2;1;30;line_all;0.5;1506;15;22;10-17,17-19;14;64852.11;66210.65;67254.3549999984;66790.69;1358.5399999999936;1043.704999998401;580.0400000000081;eev,integrated,separated,ws;lintim;SiouxFalls;SiouxFalls;True;False;1e-05;6000;1;2;20;50;200;-5;50;0.75;2;55;50;10;10;16;1506;1506
12428870;507;g_000;2;1;30;line_all;0.5;1507;15;23;5-9,7-8;3;52420.23999999999;52420.23999999695;52420.23999999839;52420.2399999984;-3.041350282728672e-09;1.4406396076083183e-09;1.4479155652225018e-09;eev,integrated,separated,ws;lintim;SiouxFalls;SiouxFalls;True;False;1e-05;6000;1;2;20;50;200;-5;50;0.75;2;55;50;10;10;16;1507;1507
12428870;508;g_000;2;1;30;line_all;0.5;1508;15;24;1-3,23-24;4;61225.96000000001;62102.52999999999;62503.55999999838;62503.55999999839;876.5699999999852;401.0299999983909;401.0299999983981;eev,integrated,separated,ws;lintim;SiouxFalls;SiouxFalls;True;False;1e-05;6000;1;2;20;50;200;-5;50;0.75;2;55;50;10;10;16;1508;1508
12428870;509;g_000;2;1;30;line_all;0.5;1509;15;25;15-22,17-19;13;62585.56;63517.35000000003;64073.2299999984;64102.55499999999;931.79000000003;555.8799999983748;585.2049999999654;eev,integrated,separated,ws;lintim;SiouxFalls;SiouxFalls;True;False;1e-05;6000;1;2;20;50;200;-5;50;0.75;2;55;50;10;10;16;1509;1509
12428870;510;g_000;2;1;30;line_all;0.5;1510;15;26;3-12,11-14;8;55892.98499999994;56518.615000000005;57293.02999999839;57293.0299999984;625.6300000000629;774.4149999983856;774.4149999983929;eev,integrated,separated,ws;lintim;SiouxFalls;SiouxFalls;True;False;1e-05;6000;1;2;20;50;200;-5;50;0.75;2;55;50;10;10;16;1510;1510
12428870;511;g_000;2;1;30;line_all;0.5;1511;15;27;15-19,21-22;13;51730.34999999999;52320.46000000001;53741.71500000029;53741.71500000029;590.1100000000151;1421.2550000002811;1421.2550000002811;eev,integrated,separated,ws;lintim;SiouxFalls;SiouxFalls;True;False;1e-05;6000;1;2;20;50;200;-5;50;0.75;2;55;50;10;10;16;1511;1511
12428870;512;g_000;2;1;30;line_all;0.5;1512;15;28;10-15,22-23;5;52049.835;52180.83500000703;53427.95499999839;53427.9549999984;131.00000000702858;1247.1199999913588;1247.119999991373;eev,integrated,separated,ws;lintim;SiouxFalls;SiouxFalls;True;False;1e-05;6000;1;2;20;50;200;-5;50;0.75;2;55;50;10;10;16;1512;1512
12428870;513;g_000;2;1;30;line_all;0.5;1513;15;29;7-18,20-22;11;51140.24;51140.240000000005;51140.23999999839;51140.23999999839;7.275957614183426e-12;-1.6152625903487206e-09;-1.6152625903487206e-09;eev,integrated,separated,ws;lintim;SiouxFalls;SiouxFalls;True;False;1e-05;6000;1;2;20;50;200;-5;50;0.75;2;55;50;10;10;16;1513;1513
12428870;514;g_000;2;1;30;random;0.5;1514;16;0;10-15,14-15;;52762.9;53018.73000000001;53912.16499999839;53912.16499999839;255.83000000000905;893.4349999983824;893.4349999983824;eev,integrated,separated,ws;lintim;SiouxFalls;SiouxFalls;True;False;1e-05;6000;1;2;20;50;200;-5;50;0.75;2;55;50;10;10;16;1514;1514
12428870;515;g_000;2;1;30;random;0.5;1515;16;1;1-2,10-17;;51307.499999996486;51474.76;51600.3699999984;51600.3699999984;167.26000000351632;125.60999999839989;125.60999999839989;eev,integrated,separated,ws;lintim;SiouxFalls;SiouxFalls;True;False;1e-05;6000;1;2;20;50;200;-5;50;0.75;2;55;50;10;10;16;1515;1515
12428870;516;g_000;2;1;30;random;0.5;1516;16;2;6-8,11-12;;61664.39499999999;64068.06500000001;65059.327499998384;65059.32749999839;2403.67000000002;991.2624999983746;991.2624999983818;eev,integrated,separated,ws;lintim;SiouxFalls;SiouxFalls;True;False;1e-05;6000;1;2;20;50;200;-5;50;0.75;2;55;50;10;10;16;1516;1516
12428870;517;g_000;2;1;30;random;0.5;1517;16;3;14-15,18-20;;51307.5;51474.76000000001;51600.3699999984;51600.36999999839;167.2600000000093;125.6099999983926;125.60999999837804;eev,integrated,separated,ws;lintim;SiouxFalls;SiouxFalls;True;False;1e-05;6000;1;2;20;50;200;-5;50;0.75;2;55;50;10;10;16;1517;1517
12428870;518;g_000;2;1;30;random;0.5;1518;16;4;1-3,8-9;;59552.78999999999;60080.65999999999;60353.6049999984;60353.6049999984;527.8699999999953;272.94499999841355;272.94499999841355;eev,integrated,separated,ws;lintim;SiouxFalls;SiouxFalls;True;False;1e-05;6000;1;2;20;50;200;-5;50;0.75;2;55;50;10;10;16;1518;1518
12428870;519;g_000;2;1;30;random;0.5;1519;16;5;1-2,16-18;;52659.850000000006;53324.04499999999;55021.82999999839;55021.82999999839;664.1949999999852;1697.7849999983955;1697.7849999983955;eev,integrated,separated,ws;lintim;SiouxFalls;SiouxFalls;True;False;1e-05;6000;1;2;20;50;200;-5;50;0.75;2;55;50;10;10;16;1519;1519
12428870;520;g_000;2;1;30;random;0.5;1520;16;6;9-10,15-19;;52110.57;53043.175;54027.14499999839;54027.1449999984;932.6050000000032;983.969999998386;983.9699999984005;eev,integrated,separated,ws;lintim;SiouxFalls;SiouxFalls;True;False;1e-05;6000;1;2;20;50;200;-5;50;0.75;2;55;50;10;10;16;1520;1520
12428870;521;g_000;2;1;30;random;0.5;1521;16;7;5-6,21-22;;51537.84;51935.44000000001;52990.22499999839;52990.22499999839;397.6000000000131;1054.784999998381;1054.784999998381;eev,integrated,separated,ws;lintim;SiouxFalls;SiouxFalls;True;False;1e-05;6000;1;2;20;50;200;-5;50;0.75;2;55;50;10;10;16;1521;1521
12428870;522;g_000;2;1;30;random;0.5;1522;16;8;2-6,10-17;;59395.485;61078.49000000251;62401.05499999839;62401.05499999839;1683.0050000025076;1322.564999995884;1322.564999995884;eev,integrated,separated,ws;lintim;SiouxFalls;SiouxFalls;True;False;1e-05;6000;1;2;20;50;200;-5;50;0.75;2;55;50;10;10;16;1522;1522
12428870;523;g_000;2;1;30;random;0.5;1523;16;9;4-5,4-11;;56893.57999999999;57761.415000000976;57867.65999999839;57867.6599999984;867.8350000009887;106.24499999741238;106.24499999742692;eev,integrated,separated,ws;lintim;SiouxFalls;SiouxFalls;True;False;1e-05;6000;1;2;20;50;200;-5;50;0.75;2;55;50;10;10;16;1523;1523
12428870;524;g_000;2;1;30;random;0.5;1524;16;10;9-10,11-12;;56347.605;57418.375;58507.29999999839;58507.2999999984;1070.7699999999968;1088.9249999983876;1088.9249999984022;eev,integrated,separated,ws;lintim;SiouxFalls;SiouxFalls;True;False;1e-05;6000;1;2;20;50;200;-5;50;0.75;2;55;50;10;10;16;1524;1524
12428870;525;g_000;2;1;30;random;0.5;1525;16;11;3-4,5-6;;56304.855;57450.01999999976;58641.16499999839;58641.1649999984;1145.1649999997535;1191.1449999986362;1191.1449999986437;eev,integrated,separated,ws;lintim;SiouxFalls;SiouxFalls;True;False;1e-05;6000;1;2;20;50;200;-5;50;0.75;2;55;50;10;10;16;1525;1525
12428870;526;g_000;2;1;30;random;0.5;1526;16;12;5-6,17-19;;61364.515;62150.29500005618;62631.29999999839;62150.29500000001;785.7800000561838;481.0049999422045;-5.6170392781496055e-08;eev,integrated,separated,ws;lintim;SiouxFalls;SiouxFalls;True;False;1e-05;6000;1;2;20;50;200;-5;50;0.75;2;55;50;10;10;16;1526;1526
12428870;527;g_000;2;1;30;random;0.5;1527;16;13;4-11,10-17;;54426.52;55511.375;56435.91999999839;56435.9199999984;1084.8550000000032;924.5449999983904;924.5449999983977;eev,integrated,separated,ws;lintim;SiouxFalls;SiouxFalls;True;False;1e-05;6000;1;2;20;50;200;-5;50;0.75;2;55;50;10;10;16;1527;1527
12428870;528;g_000;2;1;30;random;0.5;1528;16;14;10-17,22-23;;52214.73;52414.94;52540.54999999839;52540.5499999984;200.20999999999916;125.60999999838532;125.60999999839989;eev,integrated,separated,ws;lintim;SiouxFalls;SiouxFalls;True;False;1e-05;6000;1;2;20;50;200;-5;50;0.75;2;55;50;10;10;16;1528;1528
12428870;529;g_000;2;1;30;random;0.5;1529;16;15;10-11,15-19;;58754.995;59887.54500000001;61571.04499999838;61571.04499999838;1132.5500000000102;1683.4999999983702;1683.4999999983702;eev,integrated,separated,ws;lintim;SiouxFalls;SiouxFalls;True;False;1e-05;6000;1;2;20;50;200;-5;50;0.75;2;55;50;10;10;16;1529;1529
12428870;530;g_000;2;1;30;random;0.5;1530;16;16;10-11,10-15;;57881.86;58989.57499999952;60682.05499999839;60682.05499999839;1107.7149999995163;1692.4799999988754;1692.4799999988754;eev,integrated,separated,ws;lintim;SiouxFalls;SiouxFalls;True;False;1e-05;6000;1;2;20;50;200;-5;50;0.75;2;55;50;10;10;16;1530;1530
12428870;531;g_000;2;1;30;random;0.5;1531;16;17;13-24,20-21;;53437.67;53966.72000000001;54488.29499999839;54488.2949999984;529.0500000000102;521.5749999983818;521.5749999983891;eev,integrated,separated,ws;lintim;SiouxFalls;SiouxFalls;True;False;1e-05;6000;1;2;20;50;200;-5;50;0.75;2;55;50;10;10;16;1531;1531
12428870;532;g_000;2;1;30;random;0.5;1532;16;18;11-12,19-20;;61993.33499999999;64452.200000026176;65441.39499999839;65441.3949999984;2458.865000026184;989.1949999722128;989.1949999722274;eev,integrated,separated,ws;lintim;SiouxFalls;SiouxFalls;True;False;1e-05;6000;1;2;20;50;200;-5;50;0.75;2;55;50;10;10;16;1532;1532
12428870;533;g_000;2;1;30;random;0.5;1533;16;19;2-6,15-19;;62871.09499999999;63718.48000000001;64627.7149999984;64627.7149999984;847.3850000000239;909.2349999983926;909.2349999983926;eev,integrated,separated,ws;lintim;SiouxFalls;SiouxFalls;True;False;1e-05;6000;1;2;20;50;200;-5;50;0.75;2;55;50;10;10;16;1533;1533
12428870;534;g_000;2;1;30;random;0.5;1534;16;20;2-6,3-4;;63174.73999999999;66918.95499999999;68312.1499999984;68312.1499999984;3744.214999999997;1393.1949999984065;1393.1949999984065;eev,integrated,separated,ws;lintim;SiouxFalls;SiouxFalls;True;False;1e-05;6000;1;2;20;50;200;-5;50;0.75;2;55;50;10;10;16;1534;1534
12428870;535;g_000;2;1;30;random;0.5;1535;16;21;14-23,20-21;;56021.55;56660.475;58128.56999999839;58128.56999999839;638.9249999999956;1468.0949999983932;1468.0949999983932;eev,integrated,separated,ws;lintim;SiouxFalls;SiouxFalls;True;False;1e-05;6000;1;2;20;50;200;-5;50;0.75;2;55;50;10;10;16;1535;1535
12428870;536;g_000;2;1;30;random;0.5;1536;16;22;16-17,20-22;;56436.240000000005;57344.13;57945.21499999839;57889.19;907.889999999992;601.0849999983911;545.060000000005;eev,integrated,separated,ws;lintim;SiouxFalls;SiouxFalls;True;False;1e-05;6000;1;2;20;50;200;-5;50;0.75;2;55;50;10;10;16;1536;1536
12428870;537;g_000;2;1;30;random;0.5;1537;16;23;10-11,21-22;;55740.93499999997;57221.47999999991;58685.24999999837;58685.24999999926;1480.54499999994;1463.7699999984616;1463.7699999993492;eev,integrated,separated,ws;lintim;SiouxFalls;SiouxFalls;True;False;1e-05;6000;1;2;20;50;200;-5;50;0.75;2;55;50;10;10;16;1537;1537
12428870;538;g_000;2;1;30;random;0.5;1538;16;24;3-12,5-6;;51271.23999999999;51402.24000000001;52420.23999999839;52420.23999999839;131.00000000002183;1017.9999999983776;1017.9999999983776;eev,integrated,separated,ws;lintim;SiouxFalls;SiouxFalls;True;False;1e-05;6000;1;2;20;50;200;-5;50;0.75;2;55;50;10;10;16;1538;1538
12428870;539;g_000;2;1;30;random;0.5;1539;16;25;4-11,5-6;;54435.245;55512.215;56976.81999999839;56976.81999999839;1076.969999999994;1464.6049999983952;1464.6049999983952;eev,integrated,separated,ws;lintim;SiouxFalls;SiouxFalls;True;False;1e-05;6000;1;2;20;50;200;-5;50;0.75;2;55;50;10;10;16;1539;1539
12428870;540;g_000;2;1;30;random;0.5;1540;16;26;8-16,15-22;;59030.495;60668.2;62081.45000000556;61344.33;1637.7049999999945;1413.250000005566;676.1300000000047;eev,integrated,separated,ws;lintim;SiouxFalls;SiouxFalls;True;False;1e-05;6000;1;2;20;50;200;-5;50;0.75;2;55;50;10;10;16;1540;1540
12428870;541;g_000;2;1;30;random;0.5;1541;16;27;5-9,15-19;;51730.35;52320.46000000001;53777.03499999839;53777.03499999839;590.1100000000079;1456.5749999983818;1456.5749999983818;eev,integrated,separated,ws;lintim;SiouxFalls;SiouxFalls;True;False;1e-05;6000;1;2;20;50;200;-5;50;0.75;2;55;50;10;10;16;1541;1541
12428870;542;g_000;2;1;30;random;0.5;1542;16;28;3-12,20-21;;53432.835;53432.83499999999;53432.83499999839;53432.8349999984;-7.275957614183426e-12;-1.6007106751203535e-09;-1.5934347175061703e-09;eev,integrated,separated,ws;lintim;SiouxFalls;SiouxFalls;True;False;1e-05;6000;1;2;20;50;200;-5;50;0.75;2;55;50;10;10;16;1542;1542
12428870;543;g_000;2;1;30;random;0.5;1543;16;29;5-6,18-20;;51271.23999999999;51402.24;52420.23999999839;52420.23999999839;131.00000000000728;1017.999999998392;1017.999999998392;eev,integrated,separated,ws;lintim;SiouxFalls;SiouxFalls;True;False;1e-05;6000;1;2;20;50;200;-5;50;0.75;2;55;50;10;10;16;1543;1543
