array_job_id;task_id;run_group_id;case_k;case_per_run;case_variants;case_selection;case_p_fail;case_id;case_sweep_row;case_variant_idx;case_edges;case_lines;WS;RP;EEV_nom;EEV_mean;EVPI;VSS_nom;VSS_mean;procedures_present
12206136;0;g_000;1;1;100;line_consecutive;0.5;1000;0;0;11-12;1,7,8;55805.34999999551;56860.90999999957;57296.33499999839;57296.3349999984;1055.5600000040577;435.4249999988242;435.4249999988315;eev,integrated,separated,ws
12206136;1;g_000;1;1;100;line_consecutive;0.5;1001;0;1;10-11;1,7,10;55473.42;56713.88000000002;58023.90499999839;58023.90499703081;1240.460000000021;1310.0249999983716;1310.0249970307923;eev,integrated,separated,ws
12206136;2;g_000;1;1;100;line_consecutive;0.5;1002;0;2;10-16;1,10;53377.605;54149.60500000002;55900.32999999838;55900.32999999839;772.0000000000146;1750.7249999983617;1750.7249999983687;eev,integrated,separated,ws
12206136;3;g_000;1;1;100;line_consecutive;0.5;1003;0;3;16-18;1;52659.84999999999;53324.045000000006;55021.82999999839;55021.82999999839;664.1950000000143;1697.784999998381;1697.784999998381;eev,integrated,separated,ws
12206136;4;g_000;1;1;100;line_consecutive;0.5;1004;0;4;2-6;2;58649.22000000003;60364.61000000001;61235.3099999984;61235.3099999984;1715.3899999999776;870.6999999983891;870.6999999983891;eev,integrated,separated,ws
12206136;5;g_000;1;1;100;line_consecutive;0.5;1005;0;5;6-8;2;57174.70999999999;58215.33000000001;58779.639999998384;58779.63999999839;1040.6200000000172;564.3099999983751;564.3099999983824;eev,integrated,separated,ws
12206136;6;g_000;1;1;100;line_consecutive;0.5;1006;0;6;8-16;2,10,13;57078.69;58362.380000000034;59573.35499999838;58810.01999999999;1283.6900000000314;1210.974999998347;447.63999999995576;eev,integrated,separated,ws
12206136;7;g_000;1;1;100;line_consecutive;0.5;1007;0;7;16-17;2,13;56436.240000000005;57344.130000000005;57945.2149999984;57889.19;907.8899999999994;601.0849999983984;545.0599999999977;eev,integrated,separated,ws
12206136;8;g_000;1;1;100;line_consecutive;0.5;1008;0;8;17-19;2,13,14;60308.675;60993.63499999944;61877.76999999839;61414.10544037583;684.9599999994389;884.134999998947;420.4704403763899;eev,integrated,separated,ws
12206136;9;g_000;1;1;100;line_consecutive;0.5;1009;0;9;19-20;2;57520.875;58598.40500000001;59162.71499999838;59162.71499999839;1077.5300000000134;564.3099999983679;564.3099999983751;eev,integrated,separated,ws
12206136;10;g_000;1;1;100;line_consecutive;0.5;1010;0;10;3-4;3,4;55065.46000000001;55980.80500000001;57075.83499999839;57075.83499999839;915.3450000000012;1095.0299999983836;1095.0299999983836;eev,integrated,separated,ws
12206136;11;g_000;1;1;100;line_consecutive;0.5;1011;0;11;4-5;3;51140.23999999999;51140.24000002087;51140.23999999839;51140.2399999984;2.0881998352706432e-08;-2.2482709027826783e-08;-2.2475433070212606e-08;eev,integrated,separated,ws
12206136;12;g_000;1;1;100;line_consecutive;0.5;1012;0;12;5-9;3,9;51271.23999999945;51402.240000000005;52420.23999999839;52420.239999998405;131.00000000055297;1017.9999999983849;1017.9999999983992;eev,integrated,separated,ws
12206136;13;g_000;1;1;100;line_consecutive;0.5;1013;0;13;8-9;3,7;51140.23999999999;51140.23999999955;51140.23999999839;51140.23999999839;-4.4383341446518903e-10;-1.1568772606551647e-09;-1.1568772606551647e-09;eev,integrated,separated,ws
12206136;14;g_000;1;1;100;line_consecutive;0.5;1014;0;14;7-8;3,7,11;51140.23999999874;51140.240000000005;51140.23999999839;51140.2399999984;1.266016624867916e-09;-1.6152625903487206e-09;-1.6079866327345371e-09;eev,integrated,separated,ws
12206136;15;g_000;1;1;100;line_consecutive;0.5;1015;0;15;7-18;3,11;51140.23999999999;51140.24000000001;51140.23999999839;51140.23999999839;2.182787284255028e-11;-1.622538547962904e-09;-1.622538547962904e-09;eev,integrated,separated,ws
12206136;16;g_000;1;1;100;line_consecutive;0.5;1016;0;16;1-3;4,8,12;58391.90999999965;58918.000000000015;59192.72499999839;59192.7249999984;526.0900000003676;274.724999998376;274.7249999983833;eev,integrated,separated,ws
12206136;17;g_000;1;1;100;line_consecutive;0.5;1017;0;17;4-11;4;54346.69;55250.21499999997;55779.53499999839;55779.5349999984;903.5249999999652;529.3199999984208;529.3199999984354;eev,integrated,separated,ws
12206136;18;g_000;1;1;100;line_consecutive;0.5;1018;0;18;11-14;4,8,10;55715.63;56294.27999999999;57293.02999999839;57293.0299999984;578.6499999999942;998.7499999983992;998.7499999984066;eev,integrated,separated,ws
12206136;19;g_000;1;1;100;line_consecutive;0.5;1019;0;19;14-23;4,10;54841.905;55396.175;56078.2449999984;56078.2449999984;554.2700000000041;682.069999998399;682.069999998399;eev,integrated,separated,ws
12206136;20;g_000;1;1;100;line_consecutive;0.5;1020;0;20;23-24;4;54286.7;55198.02999992916;55588.29499999839;55588.2949999984;911.329999929163;390.26500006923015;390.26500006923743;eev,integrated,separated,ws
12206136;21;g_000;1;1;100;line_consecutive;0.5;1021;0;21;10-15;5,9;52049.83500000001;52180.835000000014;53427.95499999839;53427.9549999984;131.00000000000728;1247.1199999983728;1247.1199999983874;eev,integrated,separated,ws
12206136;22;g_000;1;1;100;line_consecutive;0.5;1022;0;22;15-22;5,13;53051.31;53051.31000000001;53051.30999999839;53051.3099999984;1.4551915228366852e-11;-1.622538547962904e-09;-1.6152625903487206e-09;eev,integrated,separated,ws
12206136;23;g_000;1;1;100;line_consecutive;0.5;1023;0;23;22-23;5;51792.595;51792.595000000016;51792.59499999839;51792.59499999839;1.4551915228366852e-11;-1.622538547962904e-09;-1.622538547962904e-09;eev,integrated,separated,ws
12206136;24;g_000;1;1;100;line_consecutive;0.5;1024;0;24;13-24;6;53437.67;53966.72;54488.29499999839;54488.2949999984;529.0500000000029;521.5749999983891;521.5749999983964;eev,integrated,separated,ws
12206136;25;g_000;1;1;100;line_consecutive;0.5;1025;0;25;21-24;6;52808.19;53127.14000000001;53497.5899999984;53497.5899999984;318.9500000000044;370.4499999983964;370.4499999983964;eev,integrated,separated,ws
12206136;26;g_000;1;1;100;line_consecutive;0.5;1026;0;26;20-21;6;52734.39;53053.34;53432.83499999839;53432.83499999839;318.9499999999971;379.4949999983946;379.4949999983946;eev,integrated,separated,ws
12206136;27;g_000;1;1;100;line_consecutive;0.5;1027;0;27;9-10;7,9;51773.55;52406.859999992805;52726.58999999839;52726.5899999984;633.3099999928017;319.73000000558386;319.7300000055984;eev,integrated,separated,ws
12206136;28;g_000;1;1;100;line_consecutive;0.5;1028;0;28;3-12;8,12;51140.24;51140.24000000001;51140.23999999839;51140.23999999839;1.4551915228366852e-11;-1.622538547962904e-09;-1.622538547962904e-09;eev,integrated,separated,ws
12206136;29;g_000;1;1;100;line_consecutive;0.5;1029;0;29;5-6;9;51271.23999999541;51402.240000000005;52420.23999999839;52420.23999999839;131.0000000045984;1017.9999999983849;1017.9999999983849;eev,integrated,separated,ws
12206136;30;g_000;1;1;100;line_consecutive;0.5;1030;0;30;15-19;9,13,14;51730.34999999999;52320.46000000001;53741.714999998265;53741.714999998265;590.1100000000151;1421.2549999982584;1421.2549999982584;eev,integrated,separated,ws
12206136;31;g_000;1;1;100;line_consecutive;0.5;1031;0;31;20-22;11;51140.24000000012;51140.24000000001;51140.23999998155;51140.23999998155;-1.0913936421275139e-10;-1.845910446718335e-08;-1.845910446718335e-08;eev,integrated,separated,ws
12206136;32;g_000;1;1;100;line_consecutive;0.5;1032;0;32;18-20;11;51140.24;51140.24000000485;51140.23999998507;51140.23999998508;4.853063728660345e-09;-1.9783328752964732e-08;-1.9768776837736368e-08;eev,integrated,separated,ws
12206136;33;g_000;1;1;100;line_consecutive;0.5;1033;0;33;12-13;12;51140.23999995939;51140.24000000001;51140.23999999839;51140.23999999839;4.0621671359986073e-08;-1.622538547962904e-09;-1.622538547962904e-09;eev,integrated,separated,ws
12206136;34;g_000;1;1;100;line_consecutive;0.5;1034;0;34;1-2;12;51140.240000000005;51140.24000000041;51140.23999999839;51140.23999999839;4.074536263942719e-10;-2.0227162167429924e-09;-2.0227162167429924e-09;eev,integrated,separated,ws
12206136;35;g_000;1;1;100;line_consecutive;0.5;1035;0;35;21-22;13;51402.16;51664.08000000001;51710.22499999839;51710.22499999838;261.9200000000056;46.144999998381536;46.14499999837426;eev,integrated,separated,ws
12206136;36;g_000;1;1;100;line_consecutive;0.5;1036;0;36;14-15;14;51307.5;51474.76;51600.3699999984;51600.3699999984;167.26000000000204;125.60999999839989;125.60999999839989;eev,integrated,separated,ws
12206136;37;g_000;1;1;100;line_consecutive;0.5;1037;0;37;10-17;14;51307.5;51474.76;51600.3699999984;51600.3699999984;167.26000000000204;125.60999999839989;125.60999999839989;eev,integrated,separated,ws
12206136;38;g_000;2;1;200;line_consecutive;0.5;1038;1;0;10-11,11-12;1,7;57352.42999999999;59081.94499999999;60099.24999999839;60099.24999999839;1729.5149999999994;1017.3049999983996;1017.3049999983996;eev,integrated,separated,ws
12206136;39;g_000;2;1;200;line_consecutive;0.5;1039;1;1;10-11,10-16;1,10;55473.42;56853.71999999871;58192.22499999839;58192.2249970308;1380.299999998715;1338.5049999996772;1338.504997032083;eev,integrated,separated,ws
12206136;40;g_000;2;1;200;line_consecutive;0.5;1040;1;2;10-16,16-18;1;53377.605;54299.87;56258.66999999839;56258.6699999984;922.2649999999994;1958.799999998388;1958.799999998395;eev,integrated,separated,ws
12206136;41;g_000;2;1;200;line_consecutive;0.5;1041;1;3;2-6,6-8;2;58649.22;61602.46499999999;62442.514999998384;62442.51499999839;2953.244999999988;840.0499999983949;840.0499999984022;eev,integrated,separated,ws
12206136;42;g_000;2;1;200;line_consecutive;0.5;1042;1;4;6-8,8-16;2;58783.53499999999;60457.44000000001;62028.24999999839;61262.50999999998;1673.905000000021;1570.8099999983824;805.0699999999706;eev,integrated,separated,ws
12206136;43;g_000;2;1;200;line_consecutive;0.5;1043;1;5;8-16,16-17;2,13;58484.11;60147.7;61558.15999999839;61088.25499999999;1663.5899999999965;1410.4599999983911;940.554999999993;eev,integrated,separated,ws
12206136;44;g_000;2;1;200;line_consecutive;0.5;1044;1;6;16-17,17-19;2,13;64852.11000000975;66210.65;67254.3549999984;66790.69;1358.5399999902438;1043.704999998401;580.0400000000081;eev,integrated,separated,ws
12206136;45;g_000;2;1;200;line_consecutive;0.5;1045;1;7;17-19,19-20;2;64736.55;66395.90499999998;67545.9499999984;68177.48999999999;1659.3549999999814;1150.044999998412;1781.5850000000064;eev,integrated,separated,ws
12206136;46;g_000;2;1;200;line_consecutive;0.5;1046;1;8;3-4,4-5;3;56893.58;57761.415000000976;57867.65999999839;57867.6599999984;867.8350000009741;106.24499999741238;106.24499999742692;eev,integrated,separated,ws
12206136;47;g_000;2;1;200;line_consecutive;0.5;1047;1;9;4-5,5-9;3;51271.23999999839;51402.23999999664;52420.2399999984;52420.239999998405;130.9999999982465;1018.0000000017608;1018.000000001768;eev,integrated,separated,ws
12206136;48;g_000;2;1;200;line_consecutive;0.5;1048;1;10;5-9,8-9;3;52915.54999999999;53046.55000000001;53271.90999999839;53271.9099999984;131.00000000002183;225.35999999837804;225.3599999983926;eev,integrated,separated,ws
12206136;49;g_000;2;1;200;line_consecutive;0.5;1049;1;11;7-8,8-9;3,7;51140.23999999999;51140.240000000005;51140.23999999839;51140.2399999984;1.4551915228366852e-11;-1.6152625903487206e-09;-1.6079866327345371e-09;eev,integrated,separated,ws
12206136;50;g_000;2;1;200;line_consecutive;0.5;1050;1;12;7-8,7-18;3,11;51140.240000000005;51140.24000000001;51140.23999999839;51140.23999999839;7.275957614183426e-12;-1.622538547962904e-09;-1.622538547962904e-09;eev,integrated,separated,ws
12206136;51;g_000;2;1;200;line_consecutive;0.5;1051;1;13;1-3,3-4;4;59930.30999999953;60458.18000000018;60742.69999999838;60742.69999999838;527.8700000006502;284.51999999819964;284.51999999819964;eev,integrated,separated,ws
12206136;52;g_000;2;1;200;line_consecutive;0.5;1052;1;14;3-4,4-11;4;56893.58;57761.415000000976;57867.65999999839;57867.6599999984;867.8350000009741;106.24499999741238;106.24499999742692;eev,integrated,separated,ws
12206136;53;g_000;2;1;200;line_consecutive;0.5;1053;1;15;4-11,11-14;4;56979.94;58232.215;59774.014999998384;59774.01499999839;1252.2749999999942;1541.7999999983876;1541.799999998395;eev,integrated,separated,ws
12206136;54;g_000;2;1;200;line_consecutive;0.5;1054;1;16;11-14,14-23;4,10;57220.35;58734.82500000001;60118.1199999984;60118.1199999984;1514.475000000013;1383.2949999983905;1383.2949999983905;eev,integrated,separated,ws
12206136;55;g_000;2;1;200;line_consecutive;0.5;1055;1;17;14-23,23-24;4;56057.26999999999;57893.72500000058;59264.49499216309;59264.49499216311;1836.455000000591;1370.76999216251;1370.7699921625317;eev,integrated,separated,ws
12206136;56;g_000;2;1;200;line_consecutive;0.5;1056;1;18;10-15,15-22;5;53183.285;53314.28500000001;54602.8849999984;54602.8849999984;131.00000000000728;1288.5999999983906;1288.5999999983906;eev,integrated,separated,ws
12206136;57;g_000;2;1;200;line_consecutive;0.5;1057;1;19;15-22,22-23;5;53420.285;54121.52500000001;54121.52499999839;54121.52499999839;701.2400000000052;-1.6152625903487206e-09;-1.6152625903487206e-09;eev,integrated,separated,ws
12206136;58;g_000;2;1;200;line_consecutive;0.5;1058;1;20;13-24,21-24;6;53437.67;53966.72;54488.29499999839;54488.2949999984;529.0500000000029;521.5749999983891;521.5749999983964;eev,integrated,separated,ws
12206136;59;g_000;2;1;200;line_consecutive;0.5;1059;1;21;20-21,21-24;6;53437.67000005768;53966.7200000089;54488.29499999838;54488.29499999839;529.0499999512176;521.5749999894833;521.5749999894906;eev,integrated,separated,ws
12206136;60;g_000;2;1;200;line_consecutive;0.5;1060;1;22;9-10,10-11;7;56715.575;58030.535;59828.05499999839;59828.05499999839;1314.9600000000064;1797.5199999983888;1797.5199999983888;eev,integrated,separated,ws
12206136;61;g_000;2;1;200;line_consecutive;0.5;1061;1;23;8-9,9-10;7;52915.54999999999;53046.55000000001;53271.90999999839;53271.90999999839;131.00000000002183;225.35999999837804;225.35999999837804;eev,integrated,separated,ws
12206136;62;g_000;2;1;200;line_consecutive;0.5;1062;1;24;1-3,3-12;8,12;58391.90999999999;58918.0;59192.72499999839;59192.7249999984;526.0900000000111;274.72499999839056;274.72499999839783;eev,integrated,separated,ws
12206136;63;g_000;2;1;200;line_consecutive;0.5;1063;1;25;3-12,11-12;8;60843.61499999999;60959.895;61155.47499999839;61155.4749999984;116.28000000000613;195.57999999839376;195.57999999840104;eev,integrated,separated,ws
12206136;64;g_000;2;1;200;line_consecutive;0.5;1064;1;26;11-12,11-14;8;60740.505000000005;62088.83000000001;63272.48999999839;63272.4899999984;1348.3250000000044;1183.659999998381;1183.6599999983882;eev,integrated,separated,ws
12206136;65;g_000;2;1;200;line_consecutive;0.5;1065;1;27;5-6,5-9;9;51271.23999999839;51402.23999999664;52420.2399999984;52420.239999998405;130.9999999982465;1018.0000000017608;1018.000000001768;eev,integrated,separated,ws
12206136;66;g_000;2;1;200;line_consecutive;0.5;1066;1;28;5-9,9-10;9;52915.54999999999;53046.55000000001;53271.90999999839;53271.9099999984;131.00000000002183;225.35999999837804;225.3599999983926;eev,integrated,separated,ws
12206136;67;g_000;2;1;200;line_consecutive;0.5;1067;1;29;9-10,10-15;9;52547.33;53180.64000000001;53630.67499999839;53630.6749999984;633.310000000005;450.03499999838095;450.0349999983955;eev,integrated,separated,ws
12206136;68;g_000;2;1;200;line_consecutive;0.5;1068;1;30;10-15,15-19;9;53797.15;54302.75997895916;55499.15499999839;55499.1549999984;505.6099789591608;1196.3950210392286;1196.395021039236;eev,integrated,separated,ws
12206136;69;g_000;2;1;200;line_consecutive;0.5;1069;1;31;8-16,10-16;10;60116.14499999967;61608.98000000001;63473.43999999837;63260.005;1492.835000000341;1864.459999998362;1651.024999999987;eev,integrated,separated,ws
12206136;70;g_000;2;1;200;line_consecutive;0.5;1070;1;32;10-11,11-14;10;64641.18999999999;66236.06499999989;67523.40499999838;67523.40499999838;1594.874999999898;1287.3399999984977;1287.3399999984977;eev,integrated,separated,ws
12206136;71;g_000;2;1;200;line_consecutive;0.5;1071;1;33;18-20,20-22;11;51140.24000000018;51140.24000000001;51140.239999969126;51140.23999996913;-1.673470251262188e-10;-3.088644007220864e-08;-3.087916411459446e-08;eev,integrated,separated,ws
12206136;72;g_000;2;1;200;line_consecutive;0.5;1072;1;34;7-18,18-20;11;51140.240000000005;51140.24000000001;51140.23999999839;51140.23999999839;7.275957614183426e-12;-1.622538547962904e-09;-1.622538547962904e-09;eev,integrated,separated,ws
12206136;73;g_000;2;1;200;line_consecutive;0.5;1073;1;35;3-12,12-13;12;51140.23999999999;51140.24000000001;51140.23999999839;51140.23999999839;2.182787284255028e-11;-1.622538547962904e-09;-1.622538547962904e-09;eev,integrated,separated,ws
12206136;74;g_000;2;1;200;line_consecutive;0.5;1074;1;36;1-2,1-3;12;68430.37999999999;69778.335;70664.3399999984;70664.3399999984;1347.9550000000163;886.0049999983894;886.0049999983894;eev,integrated,separated,ws
12206136;75;g_000;2;1;200;line_consecutive;0.5;1075;1;37;15-19,17-19;13,14;69187.19499999999;69962.235;70669.70499999839;71310.9049999893;775.0400000000081;707.4699999983859;1348.6699999893026;eev,integrated,separated,ws
12206136;76;g_000;2;1;200;line_consecutive;0.5;1076;1;38;15-19,15-22;13;54788.17499999999;55074.350000000006;55199.95999999839;55199.95999999839;286.17500000001746;125.60999999838532;125.60999999838532;eev,integrated,separated,ws
12206136;77;g_000;2;1;200;line_consecutive;0.5;1077;1;39;15-22,21-22;13;53420.28499998908;53869.280000000006;53879.32499999839;53879.3249999984;448.99500001092383;10.044999998382991;10.044999998390267;eev,integrated,separated,ws
12206136;78;g_000;2;1;200;line_consecutive;0.5;1078;1;40;14-15,15-19;14;51730.34999999999;52320.45999999868;53741.7149999984;53741.7149999984;590.1099999986909;1421.254999999721;1421.254999999721;eev,integrated,separated,ws
12206136;79;g_000;2;1;200;line_consecutive;0.5;1079;1;41;10-17,17-19;14;64852.11000000975;66210.65;67254.3549999984;66790.69;1358.5399999902438;1043.704999998401;580.0400000000081;eev,integrated,separated,ws
12206136;80;g_000;3;1;150;line_consecutive;0.5;1080;2;0;10-11,10-16,11-12;1;57352.42999999999;59081.94499999999;60099.24999999839;60099.24999999839;1729.5149999999994;1017.3049999983996;1017.3049999983996;eev,integrated,separated,ws
12206136;81;g_000;3;1;150;line_consecutive;0.5;1081;2;1;10-11,10-16,16-18;1;55473.42;56853.72;58192.22499999839;58192.2249970308;1380.300000000003;1338.5049999983894;1338.5049970307955;eev,integrated,separated,ws
12206136;82;g_000;3;1;150;line_consecutive;0.5;1082;2;2;2-6,6-8,8-16;2;59905.39999999986;62760.70499999992;64167.84999999839;64466.50499999999;2855.3050000000585;1407.1449999984688;1705.8000000000684;eev,integrated,separated,ws
12206136;83;g_000;3;1;150;line_consecutive;0.5;1083;2;3;6-8,8-16,16-17;2;59827.10500000005;62162.33999999964;64173.53999999839;63384.19499999999;2335.234999999593;2011.199999998753;1221.8550000003524;eev,integrated,separated,ws
12206136;84;g_000;3;1;150;line_consecutive;0.5;1084;2;4;8-16,16-17,17-19;2,13;65865.88499999998;68151.53499999997;70780.88999999838;70036.00499999999;2285.649999999994;2629.3549999984098;1884.470000000016;eev,integrated,separated,ws
12206136;85;g_000;3;1;150;line_consecutive;0.5;1085;2;5;16-17,17-19,19-20;2;65591.625;67726.64499999999;68798.5399999984;68491.76;2135.019999999989;1071.8949999984034;765.1150000000052;eev,integrated,separated,ws
12206136;86;g_000;3;1;150;line_consecutive;0.5;1086;2;6;3-4,4-5,5-9;3;56968.095;58023.41499999872;59147.65999999839;59147.6599999984;1055.3199999987191;1124.244999999668;1124.2449999996825;eev,integrated,separated,ws
12206136;87;g_000;3;1;150;line_consecutive;0.5;1087;2;7;4-5,5-9,8-9;3;52915.55;53046.54999999998;53271.909999993775;53271.909999993775;130.99999999997817;225.3599999937942;225.3599999937942;eev,integrated,separated,ws
12206136;88;g_000;3;1;150;line_consecutive;0.5;1088;2;8;5-9,7-8,8-9;3;52915.55;53046.55000000001;53271.90999999839;53271.9099999984;131.00000000000728;225.35999999837804;225.3599999983926;eev,integrated,separated,ws
12206136;89;g_000;3;1;150;line_consecutive;0.5;1089;2;9;7-8,7-18,8-9;3;51140.23999999999;51140.240000000005;51140.23999999839;51140.23999999839;1.4551915228366852e-11;-1.6152625903487206e-09;-1.6152625903487206e-09;eev,integrated,separated,ws
12206136;90;g_000;3;1;150;line_consecutive;0.5;1090;2;10;1-3,3-4,4-11;4;64803.58499999966;64903.9;64903.899999998364;64903.899999998364;100.3150000003443;-1.6370904631912706e-09;-1.6370904631912706e-09;eev,integrated,separated,ws
12206136;91;g_000;3;1;150;line_consecutive;0.5;1091;2;11;3-4,4-11,11-14;4;59842.22999999931;61089.64;62525.56999999839;62525.56999999839;1247.4100000006874;1435.9299999983923;1435.9299999983923;eev,integrated,separated,ws
12206136;92;g_000;3;1;150;line_consecutive;0.5;1092;2;12;4-11,11-14,14-23;4;57403.785;59784.33499998224;61607.1049999984;61607.1049999984;2380.549999982235;1822.770000016164;1822.770000016164;eev,integrated,separated,ws
12206136;93;g_000;3;1;150;line_consecutive;0.5;1093;2;13;11-14,14-23,23-24;4;57403.785;59784.33499999999;61607.1049999984;61607.1049999984;2380.5499999999884;1822.7699999984104;1822.7699999984104;eev,integrated,separated,ws
12206136;94;g_000;3;1;150;line_consecutive;0.5;1094;2;14;10-15,15-22,22-23;5;53642.845;54425.98000000001;55657.4799999984;55657.4799999984;783.1350000000093;1231.499999998392;1231.499999998392;eev,integrated,separated,ws
12206136;95;g_000;3;1;150;line_consecutive;0.5;1095;2;15;13-24,20-21,21-24;6;53437.67;53966.72000000001;54488.29499999839;54488.2949999984;529.0500000000102;521.5749999983818;521.5749999983891;eev,integrated,separated,ws
12206136;96;g_000;3;1;150;line_consecutive;0.5;1096;2;16;9-10,10-11,11-12;7;58612.83;60390.16;61779.25499999839;61779.2549999984;1777.3300000000015;1389.094999998386;1389.0949999983932;eev,integrated,separated,ws
12206136;97;g_000;3;1;150;line_consecutive;0.5;1097;2;17;8-9,9-10,10-11;7;58563.285;59861.74499999998;61398.93999999837;61398.93999999838;1298.4599999999773;1537.1949999983915;1537.194999998399;eev,integrated,separated,ws
12206136;98;g_000;3;1;150;line_consecutive;0.5;1098;2;18;7-8,8-9,9-10;7;52915.55;53046.55000000001;53271.90999999839;53271.9099999984;131.00000000000728;225.35999999837804;225.3599999983926;eev,integrated,separated,ws
12206136;99;g_000;3;1;150;line_consecutive;0.5;1099;2;19;1-3,3-12,11-12;8;67877.26999999999;68456.64499996915;68986.09999999838;68986.09999999838;579.3749999691645;529.455000029222;529.455000029222;eev,integrated,separated,ws
12206136;100;g_000;3;1;150;line_consecutive;0.5;1100;2;20;3-12,11-12,11-14;8;68126.44499999999;68725.24000000002;68996.83999999838;68996.8399999984;598.7950000000274;271.59999999836145;271.599999998376;eev,integrated,separated,ws
12206136;101;g_000;3;1;150;line_consecutive;0.5;1101;2;21;5-6,5-9,9-10;9;52915.55;53046.54999999998;53271.909999993775;53271.909999993775;130.99999999997817;225.3599999937942;225.3599999937942;eev,integrated,separated,ws
12206136;102;g_000;3;1;150;line_consecutive;0.5;1102;2;22;5-9,9-10,10-15;9;53691.12;53855.72000000001;54042.1199999984;54042.1199999984;164.60000000000582;186.39999999839347;186.39999999839347;eev,integrated,separated,ws
12206136;103;g_000;3;1;150;line_consecutive;0.5;1103;2;23;9-10,10-15,15-19;9;54242.96;55100.51499999991;55724.10999999839;55724.10999999839;857.554999999913;623.5949999984805;623.5949999984805;eev,integrated,separated,ws
12206136;104;g_000;3;1;150;line_consecutive;0.5;1104;2;24;8-16,10-11,10-16;10;62347.855;64228.5649999435;66418.31999999839;65417.295;1880.709999943494;2189.7550000548945;1188.730000056501;eev,integrated,separated,ws
12206136;105;g_000;3;1;150;line_consecutive;0.5;1105;2;25;10-11,10-16,11-14;10;66064.30500000001;67967.00487943096;70139.0899999984;70139.0899999984;1902.6998794309477;2172.0851205674408;2172.0851205674408;eev,integrated,separated,ws
12206136;106;g_000;3;1;150;line_consecutive;0.5;1106;2;26;10-11,11-14,14-23;10;65507.80499999999;67636.5;69434.4499999984;69434.4499999984;2128.695000000007;1797.9499999983964;1797.9499999983964;eev,integrated,separated,ws
12206136;107;g_000;3;1;150;line_consecutive;0.5;1107;2;27;7-18,18-20,20-22;11;51140.23999999999;51140.240000000005;51140.23999999839;51140.23999999839;1.4551915228366852e-11;-1.6152625903487206e-09;-1.6152625903487206e-09;eev,integrated,separated,ws
12206136;108;g_000;3;1;150;line_consecutive;0.5;1108;2;28;7-8,7-18,18-20;11;51140.23999999999;51140.24000000001;51140.23999999839;51140.2399999984;2.182787284255028e-11;-1.622538547962904e-09;-1.6152625903487206e-09;eev,integrated,separated,ws
12206136;109;g_000;3;1;150;line_consecutive;0.5;1109;2;29;1-3,3-12,12-13;12;58391.91000000006;58918.00000000001;59192.72499999839;59192.7249999984;526.0899999999456;274.7249999983833;274.72499999839056;eev,integrated,separated,ws
12206136;110;g_000;3;1;150;line_consecutive;0.5;1110;2;30;1-2,1-3,3-12;12;68430.38;69778.33499999941;70664.33999999838;70664.3399999984;1347.9549999994051;886.0049999989715;886.004999998986;eev,integrated,separated,ws
12206136;111;g_000;3;1;150;line_consecutive;0.5;1111;2;31;15-19,16-17,17-19;13;69954.0549999998;70734.20999997717;71532.31499999839;71352.995;780.1549999773706;798.1050000212126;618.7850000228209;eev,integrated,separated,ws
12206136;112;g_000;3;1;150;line_consecutive;0.5;1112;2;32;15-19,15-22,17-19;13;71525.01499998801;72279.315;73053.89499998953;73083.22;754.3000000119937;774.5799999895244;803.9049999999988;eev,integrated,separated,ws
12206136;113;g_000;3;1;150;line_consecutive;0.5;1113;2;33;15-19,15-22,21-22;13;54788.175;55074.350000000006;55199.95999999839;55199.95999999839;286.1750000000029;125.60999999838532;125.60999999838532;eev,integrated,separated,ws
12206136;114;g_000;3;1;150;line_consecutive;0.5;1114;2;34;14-15,15-19,17-19;14;67611.58499999999;68540.53499999997;69248.00499999277;69889.20500000002;928.9499999999824;707.469999992798;1348.670000000042;eev,integrated,separated,ws
12206136;115;g_000;3;1;150;line_consecutive;0.5;1115;2;35;10-17,15-19,17-19;14;69954.0549999998;70734.21;71532.31499999839;71352.995;780.1550000002026;798.1049999983807;618.7849999999889;eev,integrated,separated,ws
12206136;116;g_000;4;1;100;line_consecutive;0.5;1116;3;0;10-11,10-16,11-12,16-18;1;57352.42999999999;59081.945;60099.24999999839;60099.24999999839;1729.5150000000067;1017.3049999983924;1017.3049999983924;eev,integrated,separated,ws
12206136;117;g_000;4;1;100;line_consecutive;0.5;1117;3;1;2-6,6-8,8-16,16-17;2;59905.40000000001;63246.31499999999;65237.57999999839;64715.125;3340.914999999979;1991.2649999983987;1468.8100000000122;eev,integrated,separated,ws
12206136;118;g_000;4;1;100;line_consecutive;0.5;1118;3;2;6-8,8-16,16-17,17-19;2;65993.525;69209.4349999998;71883.26499999838;71093.905;3215.9099999998;2673.82999999859;1884.470000000205;eev,integrated,separated,ws
12206136;119;g_000;4;1;100;line_consecutive;0.5;1119;3;3;8-16,16-17,17-19,19-20;2;65993.525;68958.885;71271.03999999838;70692.975;2965.3600000000006;2312.154999998384;1734.090000000011;eev,integrated,separated,ws
12206136;120;g_000;4;1;100;line_consecutive;0.5;1120;3;4;3-4,4-5,5-9,8-9;3;58593.55499999999;59670.850000000006;59999.32999999839;59999.3299999984;1077.2950000000128;328.47999999838066;328.4799999983952;eev,integrated,separated,ws
12206136;121;g_000;4;1;100;line_consecutive;0.5;1121;3;5;4-5,5-9,7-8,8-9;3;52915.55000000002;53046.54999999816;53271.90999999374;53271.90999999375;130.99999999814463;225.3599999955768;225.35999999559132;eev,integrated,separated,ws
12206136;122;g_000;4;1;100;line_consecutive;0.5;1122;3;6;5-9,7-8,7-18,8-9;3;52915.55;53046.55000000001;53271.90999999839;53271.9099999984;131.00000000000728;225.35999999837804;225.3599999983926;eev,integrated,separated,ws
12206136;123;g_000;4;1;100;line_consecutive;0.5;1123;3;7;1-3,3-4,4-11,11-14;4;67033.30999995934;67840.52499999943;68395.0899999984;68395.0899999984;807.215000040087;554.5649999989691;554.5649999989691;eev,integrated,separated,ws
12206136;124;g_000;4;1;100;line_consecutive;0.5;1124;3;8;3-4,4-11,11-14,14-23;4;59842.23;61891.97500000003;63713.41499999839;63713.41499999839;2049.7450000000244;1821.4399999983648;1821.4399999983648;eev,integrated,separated,ws
12206136;125;g_000;4;1;100;line_consecutive;0.5;1125;3;9;4-11,11-14,14-23,23-24;4;57403.78499999743;59784.335;61607.1049999984;61607.1049999984;2380.550000002572;1822.7699999984036;1822.7699999984036;eev,integrated,separated,ws
12206136;126;g_000;4;1;100;line_consecutive;0.5;1126;3;10;8-9,9-10,10-11,11-12;7;59897.375;62097.35500000008;63635.68499999838;63635.68499999838;2199.9800000000832;1538.3299999982992;1538.3299999982992;eev,integrated,separated,ws
12206136;127;g_000;4;1;100;line_consecutive;0.5;1127;3;11;7-8,8-9,9-10,10-11;7;58613.55499999998;59861.745;61398.93999999837;61398.93999999839;1248.1900000000242;1537.19499999837;1537.1949999983844;eev,integrated,separated,ws
12206136;128;g_000;4;1;100;line_consecutive;0.5;1128;3;12;1-3,3-12,11-12,11-14;8;89144.93000000001;89543.06;89792.51499999838;89792.51499999838;398.1299999999901;249.45499999838648;249.45499999838648;eev,integrated,separated,ws
12206136;129;g_000;4;1;100;line_consecutive;0.5;1129;3;13;5-6,5-9,9-10,10-15;9;53691.12;53855.72;54042.11997967184;54042.11997967184;164.59999999999854;186.3999796718417;186.3999796718417;eev,integrated,separated,ws
12206136;130;g_000;4;1;100;line_consecutive;0.5;1130;3;14;5-9,9-10,10-15,15-19;9;55323.205;55836.25000000003;56147.8249999984;56147.8249999984;513.0450000000274;311.5749999983673;311.5749999983673;eev,integrated,separated,ws
12206136;132;g_000;4;1;100;line_consecutive;0.5;1132;3;16;10-11,10-16,11-14,14-23;10;66645.63500000001;68956.45499999997;71398.31499999839;71398.31499999839;2310.819999999964;2441.8599999984144;2441.8599999984144;eev,integrated,separated,ws
12206136;133;g_000;4;1;100;line_consecutive;0.5;1133;3;17;7-8,7-18,18-20,20-22;11;51140.23999999999;51140.24;51140.23999999839;51140.2399999984;7.275957614183426e-12;-1.6079866327345371e-09;-1.6007106751203535e-09;eev,integrated,separated,ws
12206136;134;g_000;4;1;100;line_consecutive;0.5;1134;3;18;1-2,1-3,3-12,12-13;12;68430.37999999999;69778.33499999944;70664.33999999838;70664.3399999984;1347.9549999994488;886.0049999989424;886.0049999989569;eev,integrated,separated,ws
12206136;135;g_000;4;1;100;line_consecutive;0.5;1135;3;19;8-16,15-19,16-17,17-19;13;70842.63500000001;72250.04;73724.53999999838;74716.205;1407.4049999999845;1474.4999999983847;2466.165000000008;eev,integrated,separated,ws
12206136;136;g_000;4;1;100;line_consecutive;0.5;1136;3;20;15-19,15-22,16-17,17-19;13;71525.01499998801;72279.315;73053.89499998953;73083.22;754.3000000119937;774.5799999895244;803.9049999999988;eev,integrated,separated,ws
12206136;137;g_000;4;1;100;line_consecutive;0.5;1137;3;21;15-19,15-22,17-19,21-22;13;71525.015;72279.31499999999;73053.89500004772;73083.22;754.2999999999884;774.580000047732;803.9050000000134;eev,integrated,separated,ws
12206136;138;g_000;4;1;100;line_consecutive;0.5;1138;3;22;10-17,14-15,15-19,17-19;14;69954.05499999998;70734.21;71532.31499999839;71352.995;780.1550000000279;798.1049999983807;618.7849999999889;eev,integrated,separated,ws
12206136;139;g_000;5;1;80;line_consecutive;0.5;1139;4;0;2-6,6-8,8-16,16-17,17-19;2;65993.52499999983;69209.4349999966;71883.2649999984;71093.905;3215.909999996773;2673.830000001792;1884.470000003392;eev,integrated,separated,ws
12206136;140;g_000;5;1;80;line_consecutive;0.5;1140;4;1;6-8,8-16,16-17,17-19,19-20;2;65993.525;69209.435;71883.26499999838;71093.905;3215.9100000000035;2673.8299999983865;1884.4700000000007;eev,integrated,separated,ws
12206136;141;g_000;5;1;80;line_consecutive;0.5;1141;4;2;3-4,4-5,5-9,7-8,8-9;3;58593.55499999999;59670.84999999421;59999.32999999839;59999.3299999984;1077.294999994214;328.4800000041796;328.4800000041941;eev,integrated,separated,ws
12206136;142;g_000;5;1;80;line_consecutive;0.5;1142;4;3;4-5,5-9,7-8,7-18,8-9;3;52915.54999999999;53046.55000000002;53271.90999999839;53271.9099999984;131.0000000000291;225.3599999983708;225.3599999983853;eev,integrated,separated,ws
12206136;143;g_000;5;1;80;line_consecutive;0.5;1143;4;4;1-3,3-4,4-11,11-14,14-23;4;68554.72;69629.8499999975;70411.7949999984;70411.79499999841;1075.1299999975015;781.9450000008947;781.9450000009092;eev,integrated,separated,ws
12206136;144;g_000;5;1;80;line_consecutive;0.5;1144;4;5;3-4,4-11,11-14,14-23,23-24;4;59842.23;61891.97499999707;63713.41499999839;63713.41499999839;2049.7449999970704;1821.4400000013195;1821.4400000013195;eev,integrated,separated,ws
12206136;145;g_000;5;1;80;line_consecutive;0.5;1145;4;6;7-8,8-9,9-10,10-11,11-12;7;60988.015000000014;62492.58500000001;63767.57499999838;63767.5749999984;1504.5699999999924;1274.9899999983754;1274.98999999839;eev,integrated,separated,ws
12206136;146;g_000;5;1;80;line_consecutive;0.5;1146;4;7;5-6,5-9,9-10,10-15,15-19;9;55323.205;55836.249999999694;56147.8249999984;56147.8249999984;513.0449999996927;311.574999998702;311.574999998702;eev,integrated,separated,ws
12206136;148;g_000;5;1;80;line_consecutive;0.5;1148;4;9;8-16,15-19,15-22,16-17,17-19;13;72835.20999999999;74628.495;76035.96499999838;76706.605;1793.2850000000035;1407.469999998386;2078.1100000000006;eev,integrated,separated,ws
12206136;149;g_000;5;1;80;line_consecutive;0.5;1149;4;10;15-19,15-22,16-17,17-19,21-22;13;71525.015;72279.31499999999;73053.89500004772;73083.22;754.2999999999884;774.580000047732;803.9050000000134;eev,integrated,separated,ws
12206136;150;g_000;6;1;60;line_consecutive;0.5;1150;5;0;2-6,6-8,8-16,16-17,17-19,19-20;2;65993.525;69209.43499999991;71883.26499999838;71093.905;3215.909999999916;2673.829999998474;1884.4700000000885;eev,integrated,separated,ws
12206136;151;g_000;6;1;60;line_consecutive;0.5;1151;5;1;3-4,4-5,5-9,7-8,7-18,8-9;3;58593.55499999999;59670.850000000006;59999.32999999839;59999.3299999984;1077.2950000000128;328.47999999838066;328.4799999983952;eev,integrated,separated,ws
12206136;152;g_000;6;1;60;line_consecutive;0.5;1152;5;2;1-3,3-4,4-11,11-14,14-23,23-24;4;69113.135;70581.97;72012.38499999838;72012.38499999838;1468.8350000000064;1430.4149999983783;1430.4149999983783;eev,integrated,separated,ws
12206136;153;g_000;6;1;60;line_consecutive;0.5;1153;5;3;8-16,15-19,15-22,16-17,17-19,21-22;13;72870.51;74667.67000000164;76117.38999999838;76788.03;1797.160000001648;1449.7199999967415;2120.359999998356;eev,integrated,separated,ws
12206136;154;g_000;1;2;50;line_consecutive;0.5;1154;6;0;9-10|4-5;7,9|3;51456.895;51933.415;51933.41499999839;51933.41499999839;476.5200000000041;-1.6079866327345371e-09;-1.6079866327345371e-09;eev,integrated,separated,ws
12206136;155;g_000;1;2;50;line_consecutive;0.5;1155;6;1;5-9|7-18;3,9|3,11;51205.73999999972;51402.240000000005;51780.23999999839;51780.23999999839;196.50000000028376;377.9999999983848;377.9999999983848;eev,integrated,separated,ws
12206136;156;g_000;1;2;50;line_consecutive;0.5;1156;6;2;11-12|7-8;1,7,8|3,7,11;53472.79499999712;54218.28750000001;54218.28749999839;54218.28749999839;745.4925000028961;-1.622538547962904e-09;-1.622538547962904e-09;eev,integrated,separated,ws
12206136;157;g_000;1;2;50;line_consecutive;0.5;1157;6;3;14-23|1-2;4,10|12;52991.0725;53560.69999999427;53609.24249999839;53609.24249999839;569.6274999942689;48.54250000412139;48.54250000412139;eev,integrated,separated,ws
12206136;158;g_000;1;2;50;line_consecutive;0.5;1158;6;4;11-12|8-9;1,7,8|3,7;53472.79499999775;54218.287500000006;54218.28749999839;54218.2874999984;745.4925000022558;-1.6152625903487206e-09;-1.6079866327345371e-09;eev,integrated,separated,ws
12206136;159;g_000;1;2;50;line_consecutive;0.5;1159;6;5;3-4|19-20;3,4|2;56293.1675;58065.74500000001;58119.27499999839;58119.27499999839;1772.5775000000067;53.52999999838357;53.52999999838357;eev,integrated,separated,ws
12206136;160;g_000;1;2;50;line_consecutive;0.5;1160;6;6;1-2|9-10;12|7,9;51456.895;51933.415;51933.41499999839;51933.41499999839;476.5200000000041;-1.6079866327345371e-09;-1.6079866327345371e-09;eev,integrated,separated,ws
12206136;161;g_000;1;2;50;line_consecutive;0.5;1161;6;7;11-12|9-10;1,7,8|7,9;53789.44999999776;54844.25499999998;55011.46249999839;55011.4624999984;1054.8050000022197;167.20749999841064;167.20749999841792;eev,integrated,separated,ws
12206136;162;g_000;1;2;50;line_consecutive;0.5;1162;6;8;21-24|5-9;6|3,9;52039.71499999973;52580.91500000581;52958.91499999839;52958.91499999839;541.2000000060798;377.9999999925858;377.9999999925858;eev,integrated,separated,ws
12206136;163;g_000;1;2;50;line_consecutive;0.5;1163;6;9;15-22|1-2;5,13|12;52095.775;52095.77500000001;52095.77499999839;52095.77499999839;7.275957614183426e-12;-1.6152625903487206e-09;-1.6152625903487206e-09;eev,integrated,separated,ws
12206136;164;g_000;1;2;50;line_consecutive;0.5;1164;6;10;9-10|1-3;7,9|4,8,12;55082.72999999983;55835.23500000215;55959.65749999839;55959.65749999839;752.5050000023184;124.4224999962462;124.4224999962462;eev,integrated,separated,ws
12206136;165;g_000;1;2;50;line_consecutive;0.5;1165;6;11;20-22|15-19;11|9,13,14;51435.295000000064;52030.98749999998;52440.9774999899;52440.97749998991;595.6924999999173;409.9899999899208;409.989999989928;eev,integrated,separated,ws
12206136;166;g_000;1;2;50;line_consecutive;0.5;1166;6;12;13-24|18-20;6|11;52288.955;52814.26750000001;52814.26749999173;52814.267499991736;525.3125000000073;-8.280039764940739e-09;-8.272763807326555e-09;eev,integrated,separated,ws
12206136;167;g_000;1;2;50;line_consecutive;0.5;1167;6;13;21-22|7-18;13|3,11;51271.2;51425.232500000006;51425.23249999839;51425.2324999984;154.03250000000844;-1.6152625903487206e-09;-1.6079866327345371e-09;eev,integrated,separated,ws
12206136;168;g_000;1;2;50;line_consecutive;0.5;1168;6;14;11-14|18-20;4,8,10|11;53427.935;54049.64250000269;54216.63499999173;54216.63499999174;621.7075000026889;166.9924999890427;166.99249998904995;eev,integrated,separated,ws
12206136;169;g_000;1;2;50;line_consecutive;0.5;1169;6;15;4-11|11-12;4|1,7,8;55076.01999999775;56307.785;56537.9349999984;56537.9349999984;1231.765000002255;230.14999999839347;230.14999999839347;eev,integrated,separated,ws
12206136;170;g_000;1;2;50;line_consecutive;0.5;1170;6;16;3-4|11-12;3,4|1,7,8;55435.40499999776;57154.48499999844;57186.08499999839;57186.0849999984;1719.0800000006857;31.599999999947613;31.59999999995489;eev,integrated,separated,ws
12206136;171;g_000;1;2;50;line_consecutive;0.5;1171;6;17;4-5|10-15;3|5,9;51595.03749999999;51791.5375;52284.09749999839;52284.0974999984;196.50000000000728;492.5599999983897;492.5599999984042;eev,integrated,separated,ws
12206136;172;g_000;1;2;50;line_consecutive;0.5;1172;6;18;21-24|16-18;6|1;52734.02;53754.37499999831;54259.70999999839;54259.70999999839;1020.3549999983152;505.3350000000792;505.3350000000792;eev,integrated,separated,ws
12206136;173;g_000;1;2;50;line_consecutive;0.5;1173;6;19;21-24|10-17;6|14;52057.845;52548.98;52548.9799999984;52548.9799999984;491.1350000000021;-1.6007106751203535e-09;-1.6007106751203535e-09;eev,integrated,separated,ws
12206136;174;g_000;1;2;50;line_consecutive;0.5;1174;6;20;13-24|10-15;6|5,9;52743.7525;53453.78500000001;53958.12499999839;53958.12499999839;710.0325000000084;504.3399999983813;504.3399999983813;eev,integrated,separated,ws
12206136;175;g_000;1;2;50;line_consecutive;0.5;1175;6;21;14-15|23-24;14|4;52797.1;53594.3325;53594.33249999839;53594.33249999839;797.2324999999983;-1.6079866327345371e-09;-1.6079866327345371e-09;eev,integrated,separated,ws
12206136;176;g_000;1;2;50;line_consecutive;0.5;1176;6;22;9-10|3-4;7,9|3,4;53419.505000000005;54901.21249999969;54901.21249999839;54901.21249999839;1481.707499999684;-1.2951204553246496e-09;-1.2951204553246496e-09;eev,integrated,separated,ws
12206136;177;g_000;1;2;50;line_consecutive;0.5;1177;6;23;1-3|12-13;4,8,12|12;54766.07499997952;55166.4825;55166.48249999839;55166.4824999984;400.4075000204757;-1.6079866327345371e-09;-1.6007106751203535e-09;eev,integrated,separated,ws
12206136;178;g_000;1;2;50;line_consecutive;0.5;1178;6;24;17-19|20-21;2,13,14|6;56521.5325;57628.27250000005;57655.30249999839;57655.3024999984;1106.740000000049;27.02999999833992;27.029999998347197;eev,integrated,separated,ws
12206136;179;g_000;1;2;50;line_consecutive;0.5;1179;6;25;2-6|11-14;2|4,8,10;57182.42500000001;58813.40499999999;59264.16999999838;59264.1699999984;1630.9799999999814;450.7649999983914;450.764999998406;eev,integrated,separated,ws
12206136;180;g_000;1;2;50;line_consecutive;0.5;1180;6;26;13-24|1-2;6|12;52288.955;52814.26750000001;52814.26749999839;52814.26749999839;525.3125000000073;-1.622538547962904e-09;-1.622538547962904e-09;eev,integrated,separated,ws
12206136;181;g_000;1;2;50;line_consecutive;0.5;1181;6;27;12-13|5-9;12|3,9;51205.73999997942;51402.24;51780.23999999839;51780.2399999984;196.5000000205764;377.999999998392;377.9999999983993;eev,integrated,separated,ws
12206136;182;g_000;1;2;50;line_consecutive;0.5;1182;6;28;17-19|7-18;2,13,14|3,11;55724.4575;56509.005000000005;56509.00499999839;56509.0049999984;784.5475000000079;-1.6152625903487206e-09;-1.6079866327345371e-09;eev,integrated,separated,ws
12206136;183;g_000;1;2;50;line_consecutive;0.5;1183;6;29;1-2|16-17;12|2,13;53788.240000000005;54542.72750000001;54542.72749999839;54542.72749999839;754.4875000000029;-1.6152625903487206e-09;-1.6152625903487206e-09;eev,integrated,separated,ws
12206136;184;g_000;1;2;50;line_consecutive;0.5;1184;6;30;9-10|14-15;7,9|14;51540.525;52163.47999999998;52163.4799999984;52163.4799999984;622.9549999999799;-1.5788828022778032e-09;-1.5788828022778032e-09;eev,integrated,separated,ws
12206136;185;g_000;1;2;50;line_consecutive;0.5;1185;6;31;20-22|10-17;11|14;51223.87000000007;51370.30499999999;51370.30499998997;51370.30499998998;146.4349999999249;-1.0026269592344761e-08;-1.0011717677116394e-08;eev,integrated,separated,ws
12206136;186;g_000;1;2;50;line_consecutive;0.5;1186;6;32;6-8|19-20;2|2;57347.7925;58406.86750000104;58971.17749999839;58971.1774999984;1059.0750000010376;564.3099999973492;564.3099999973565;eev,integrated,separated,ws
12206136;187;g_000;1;2;50;line_consecutive;0.5;1187;6;33;20-22|21-24;11|6;51974.21500000007;52318.91499999999;52318.91499998997;52318.914999989975;344.6999999999244;-1.0026269592344761e-08;-1.0018993634730576e-08;eev,integrated,separated,ws
12206136;188;g_000;1;2;50;line_consecutive;0.5;1188;6;34;13-24|3-12;6|8,12;52288.955;52814.2675;52814.26749999839;52814.2674999984;525.3125;-1.6152625903487206e-09;-1.6007106751203535e-09;eev,integrated,separated,ws
12206136;189;g_000;1;2;50;line_consecutive;0.5;1189;6;35;11-14|12-13;4,8,10|12;53427.9349999797;54049.64250000001;54216.6349999984;54216.6349999984;621.7075000203113;166.9924999983923;166.9924999983923;eev,integrated,separated,ws
12206136;190;g_000;1;2;50;line_consecutive;0.5;1190;6;36;18-20|12-13;11|12;51140.23999997969;51140.24000000001;51140.239999991725;51140.239999991725;2.0321749616414312e-08;-8.287315722554922e-09;-8.287315722554922e-09;eev,integrated,separated,ws
12206136;191;g_000;1;2;50;line_consecutive;0.5;1191;6;37;10-15|4-11;5,9|4;53198.2625;54103.165000000015;54603.7449999984;54603.7449999984;904.9025000000184;500.5799999983865;500.5799999983865;eev,integrated,separated,ws
12206136;192;g_000;1;2;50;line_consecutive;0.5;1192;6;38;12-13|3-4;12|3,4;53102.84999997969;54108.0375;54108.03749999839;54108.03749999876;1005.1875000203072;-1.6079866327345371e-09;-1.2369127944111822e-09;eev,integrated,separated,ws
12206136;193;g_000;1;2;50;line_consecutive;0.5;1193;6;39;8-9|11-14;3,7|4,8,10;53427.93499999999;54049.6425;54216.6349999984;54216.6349999984;621.7075000000114;166.99249999839958;166.99249999839958;eev,integrated,separated,ws
12206136;194;g_000;1;2;50;line_consecutive;0.5;1194;6;40;21-24|11-14;6|4,8,10;54261.91;54896.31750000001;55395.30999999839;55395.3099999984;634.4075000000084;498.99249999837775;498.992499998385;eev,integrated,separated,ws
12206136;195;g_000;1;2;50;line_consecutive;0.5;1195;6;41;15-19|13-24;9,13,14|6;52584.01;53693.23499999992;54115.00499999832;54115.00499999833;1109.2249999999185;421.7699999983961;421.7699999984106;eev,integrated,separated,ws
12206136;196;g_000;1;2;50;line_consecutive;0.5;1196;6;42;8-16|1-3;2,10,13|4,8,12;57735.29999999983;59216.03999975473;59383.03999999839;59383.03999999839;1480.7399997549;167.00000024366454;167.00000024366454;eev,integrated,separated,ws
12206136;197;g_000;1;2;50;line_consecutive;0.5;1197;6;43;16-18|2-6;1|2;55654.53500000002;57564.495;58128.56999999839;58128.569999998406;1909.9599999999848;564.0749999983891;564.0749999984037;eev,integrated,separated,ws
12206136;198;g_000;1;2;50;line_consecutive;0.5;1198;6;44;14-15|21-24;14|6;52057.845;52548.98;52548.9799999984;52548.9799999984;491.1350000000021;-1.6007106751203535e-09;-1.6007106751203535e-09;eev,integrated,separated,ws
12206136;199;g_000;1;2;50;line_consecutive;0.5;1199;6;45;10-16|15-22;1,10|5,13;53214.4575;53970.485000000015;54475.819999998384;54475.819999988;756.0275000000183;505.3349999983693;505.3349999879865;eev,integrated,separated,ws
12206136;200;g_000;1;2;50;line_consecutive;0.5;1200;6;46;7-8|14-23;3,7,11|4,10;52991.07249999937;53560.69999999999;53609.24249999839;53609.24249999839;569.6275000006208;48.54249999840249;48.54249999840249;eev,integrated,separated,ws
12206136;201;g_000;1;2;50;line_consecutive;0.5;1201;6;47;23-24|17-19;4|2,13,14;57297.6875;58669.69250000927;58733.03249999839;58733.03249999839;1372.005000009267;63.33999998912623;63.33999998912623;eev,integrated,separated,ws
12206136;202;g_000;1;2;50;line_consecutive;0.5;1202;6;48;1-3|14-15;4,8,12|14;54849.70499999983;55360.26999999843;55396.54749999839;55396.54749999839;510.5649999986053;36.27749999996013;36.27749999996013;eev,integrated,separated,ws
12206136;203;g_000;1;2;50;line_consecutive;0.5;1203;6;49;21-22|15-22;13|5,13;52226.735;52380.76750000001;52380.76749999839;52380.7674999984;154.03250000000844;-1.622538547962904e-09;-1.6079866327345371e-09;eev,integrated,separated,ws
12206136;204;g_000;1;3;30;line_consecutive;0.5;1204;7;0;23-24|20-22|11-12;4|11|1,7,8;53744.0966666652;54674.95664464231;54674.95666665943;54674.95666665944;930.8599779771102;2.201712050009519e-05;2.2017127776052803e-05;eev,integrated,separated,ws
12206136;205;g_000;1;3;30;line_consecutive;0.5;1205;7;1;15-19|17-19|22-23;9,13,14|2,13,14|5;54610.53999999999;55769.19999999935;55804.02666666501;55804.02666666501;1158.659999999356;34.82666666566365;34.82666666566365;eev,integrated,separated,ws
12206136;206;g_000;1;3;30;line_consecutive;0.5;1206;7;2;7-18|4-11|17-19;3,11|4|2,13,14;55265.20166666666;56265.8483333333;56265.84833333172;56265.84833333173;1000.6466666666385;-1.5788828022778032e-09;-1.5716068446636202e-09;eev,integrated,separated,ws
12206136;207;g_000;1;3;30;line_consecutive;0.5;1207;7;3;11-14|23-24|21-24;4,8,10|4|6;54270.173333333325;55030.09999999999;55459.63833333172;55459.63833333172;759.9266666666663;429.5383333317295;429.5383333317295;eev,integrated,separated,ws
12206136;208;g_000;1;3;30;line_consecutive;0.5;1208;7;4;7-8|15-19|14-23;3,7,11|9,13,14|4,10;52570.83166666623;53653.4;53653.39999999834;53653.39999999835;1082.568333333773;-1.6589183360338211e-09;-1.6516423784196375e-09;eev,integrated,separated,ws
12206136;209;g_000;1;3;30;line_consecutive;0.5;1209;7;5;11-14|14-23|2-6;4,8,10|4,10|2;56402.25166666667;57776.24833333333;58202.19499999839;58202.19499999839;1373.9966666666587;425.9466666650624;425.9466666650624;eev,integrated,separated,ws
12206136;210;g_000;1;3;30;line_consecutive;0.5;1210;7;6;2-6|14-23|6-8;2|4,10|2;56888.61166666666;58525.2383333333;58697.73166666504;58697.73166666505;1636.6266666666415;172.49333333173854;172.4933333317531;eev,integrated,separated,ws
12206136;211;g_000;1;3;30;line_consecutive;0.5;1211;7;7;22-23|15-22|13-24;5|5,13|6;52760.52499999998;53110.73332158544;53110.73333333172;53110.73333333172;350.2083215854582;1.174628414446488e-05;1.174628414446488e-05;eev,integrated,separated,ws
12206136;212;g_000;1;3;30;line_consecutive;0.5;1212;7;8;22-23|3-4|12-13;5|3,4|12;52666.09833331978;53336.22333333334;53336.22333333172;53336.22333333172;670.1250000135624;-1.622538547962904e-09;-1.622538547962904e-09;eev,integrated,separated,ws
12206136;213;g_000;1;3;30;line_consecutive;0.5;1213;7;9;19-20|16-18|14-23;2|1|4,10;55007.54333333332;56558.4000000001;56754.26333333172;56754.26333333172;1550.856666666783;195.86333333161747;195.86333333161747;eev,integrated,separated,ws
12206136;214;g_000;1;3;30;line_consecutive;0.5;1214;7;10;7-8|8-16|10-17;3,7,11|2,10,13|14;53175.47666666623;54104.65500000314;54104.65499999838;54104.65499999839;929.1783333369094;-4.7584762796759605e-09;-4.751200322061777e-09;eev,integrated,separated,ws
12206136;215;g_000;1;3;30;line_consecutive;0.5;1215;7;11;15-19|9-10|3-4;9,13,14|7,9|3,4;52856.45333333333;54201.01999999985;54514.71333333168;54514.71333333168;1344.5666666665202;313.6933333318302;313.6933333318302;eev,integrated,separated,ws
12206136;216;g_000;1;3;30;line_consecutive;0.5;1216;7;12;7-8|5-6|8-16;3,7,11|9|2,10,13;53163.38999999804;54333.993333343526;54377.944999998384;54377.94499999839;1170.6033333454834;43.951666654858855;43.95166665486613;eev,integrated,separated,ws
12206136;217;g_000;1;3;30;line_consecutive;0.5;1217;7;13;22-23|3-4|1-3;5|3,4|4,8,12;55083.32166666654;56020.38499999758;56020.38499999838;56020.38499999838;937.0633333310398;8.003553375601767e-10;8.003553375601767e-10;eev,integrated,separated,ws
12206136;218;g_000;1;3;30;line_consecutive;0.5;1218;7;14;4-11|1-2|5-9;4|12|3,9;52252.72333333314;52943.32499999998;53113.33833333172;53113.338333331725;690.6016666668438;170.01333333173534;170.0133333317426;eev,integrated,separated,ws
12206136;219;g_000;1;3;30;line_consecutive;0.5;1219;7;15;10-17|4-11|20-22;14|4|11;52264.81000000003;52840.0483333334;52840.04833332611;52840.04833332611;575.238333333371;-7.290509529411793e-09;-7.290509529411793e-09;eev,integrated,separated,ws
12206136;220;g_000;1;3;30;line_consecutive;0.5;1220;7;16;6-8|10-11|3-4;2|1,7,10|3,4;55904.529999999984;57848.763333333314;57959.79333333172;57959.79333333172;1944.23333333333;111.0299999984054;111.0299999984054;eev,integrated,separated,ws
12206136;221;g_000;1;3;30;line_consecutive;0.5;1221;7;17;7-8|5-6|10-16;3,7,11|9|1,10;51929.69499999804;53020.1500000009;53153.60333333172;53153.60333333172;1090.455000002854;133.4533333308209;133.4533333308209;eev,integrated,separated,ws
12206136;222;g_000;1;3;30;line_consecutive;0.5;1222;7;18;20-21|16-18|11-12;6|1|1,7,8;53733.19666666516;55037.63333333349;55250.33333333171;55250.33333333172;1304.4366666683345;212.69999999822176;212.69999999822903;eev,integrated,separated,ws
12206136;223;g_000;1;3;30;line_consecutive;0.5;1223;7;19;7-8|6-8|10-15;3,7,11|2|5,9;53454.9283333329;54449.278333333335;54449.27833333172;54449.27833333172;994.3500000004352;-1.6152625903487206e-09;-1.6152625903487206e-09;eev,integrated,separated,ws
12206136;224;g_000;1;3;30;line_consecutive;0.5;1224;7;20;8-16|15-19|18-20;2,10,13|9,13,14|11;53316.42666666665;54702.595000039226;54818.43666666056;54818.43666666056;1386.168333372574;115.84166662133066;115.84166662133066;eev,integrated,separated,ws
12206136;225;g_000;1;3;30;line_consecutive;0.5;1225;7;21;13-24|16-18|1-3;6|1|4,8,12;54829.809999999874;55997.16833333347;56234.28333333171;56234.28333333172;1167.3583333335991;237.1149999982372;237.11499999824449;eev,integrated,separated,ws
12206136;226;g_000;1;3;30;line_consecutive;0.5;1226;7;22;4-11|2-6|20-21;4|2|6;55243.43333333333;56671.55333331696;56815.89333333172;56815.893333331725;1428.1199999836315;144.34000001475945;144.3400000147667;eev,integrated,separated,ws
12206136;227;g_000;1;3;30;line_consecutive;0.5;1227;7;23;11-12|5-6|10-16;1,7,8|9|1,10;53484.73166666363;54784.86666666594;55205.63499999838;55205.63499999838;1300.1350000023083;420.7683333324385;420.7683333324385;eev,integrated,separated,ws
12206136;228;g_000;1;3;30;line_consecutive;0.5;1228;7;24;13-24|22-23|5-6;6|5|9;52167.16833333179;52769.93666666665;52900.37666666505;52900.37666666505;602.7683333348541;130.43999999840162;130.43999999840162;eev,integrated,separated,ws
12206136;229;g_000;1;3;30;line_consecutive;0.5;1229;7;25;8-9|22-23|1-2;3,7|5|12;51357.69166666666;51357.69166666667;51357.69166666505;51357.69166666506;1.4551915228366852e-11;-1.622538547962904e-09;-1.6152625903487206e-09;eev,integrated,separated,ws
12206136;230;g_000;1;3;30;line_consecutive;0.5;1230;7;26;1-3|10-15|22-23;4,8,12|5,9|5;54078.1133333332;54586.32164101025;54804.42499999839;54804.42499999839;508.2083076770432;218.10335898814083;218.10335898814083;eev,integrated,separated,ws
12206136;231;g_000;1;3;30;line_consecutive;0.5;1231;7;27;5-9|17-19|21-22;3,9|2,13,14|13;54327.35833333313;55322.57833333114;55336.07833333172;55336.07833333172;995.2199999980076;13.500000000582077;13.500000000582077;eev,integrated,separated,ws
12206136;232;g_000;1;3;30;line_consecutive;0.5;1232;7;28;4-5|1-2|10-16;3|12|1,10;51886.02833333332;52502.30000000038;52726.936666665046;52726.93666666505;616.2716666670603;224.6366666646645;224.6366666646718;eev,integrated,separated,ws
12206136;233;g_000;1;3;30;line_consecutive;0.5;1233;7;29;10-11|3-12|12-13;1,7,10|8,12|12;52584.63333331978;53434.79500000008;53434.79499999838;53434.79499999839;850.1616666802947;-1.695298124104738e-09;-1.6880221664905546e-09;eev,integrated,separated,ws
12206136;234;g_000;2;2;40;line_consecutive;0.5;1234;8;0;8-9,9-10|7-8,8-9;7|3,7;52027.89499999999;52206.0749999977;52206.07499999839;52206.0749999984;178.17999999770836;6.912159733474255e-10;6.984919309616089e-10;eev,integrated,separated,ws
12206136;235;g_000;2;2;40;line_consecutive;0.5;1235;8;1;15-22,22-23|14-23,23-24;5|4;54738.7775;56693.01;56693.00999608074;56693.00999608076;1954.2325000000053;-3.91926005249843e-06;-3.919245500583202e-06;eev,integrated,separated,ws
12206136;236;g_000;2;2;40;line_consecutive;0.5;1236;8;2;10-11,10-16|3-4,4-11;1,10|4;56183.49999999999;57869.650000000016;58029.94249999839;58029.9424999984;1686.1500000000233;160.2924999983734;160.29249999838066;eev,integrated,separated,ws
12206136;237;g_000;2;2;40;line_consecutive;0.5;1237;8;3;4-11,11-14|5-9,8-9;4|3;54947.745;56209.835;56522.96249999839;56522.96249999839;1262.0899999999965;313.12749999839434;313.12749999839434;eev,integrated,separated,ws
12206136;238;g_000;2;2;40;line_consecutive;0.5;1238;8;4;7-8,7-18|10-11,10-16;3,11|1,10;53306.83;54554.11997638657;54666.23249999839;54666.2324999984;1247.2899763865717;112.11252361181688;112.11252361182414;eev,integrated,separated,ws
12206136;239;g_000;2;2;40;line_consecutive;0.5;1239;8;5;14-15,15-19|3-12,12-13;14|12;51435.29499999999;52030.9875;52440.97749999839;52440.97749999839;595.6925000000119;409.98999999839;409.98999999839;eev,integrated,separated,ws
12206136;240;g_000;2;2;40;line_consecutive;0.5;1240;8;6;7-18,18-20|8-9,9-10;11|7;52027.895;52206.075;52206.07499999839;52206.0749999984;178.1800000000003;-1.6079866327345371e-09;-1.6007106751203535e-09;eev,integrated,separated,ws
12206136;241;g_000;2;2;40;line_consecutive;0.5;1241;8;7;7-8,8-9|9-10,10-15;3,7|9;51843.78499999999;52385.45750000012;52385.45749999839;52385.4574999984;541.6725000001315;-1.7316779121756552e-09;-1.7171259969472883e-09;eev,integrated,separated,ws
12206136;242;g_000;2;2;40;line_consecutive;0.5;1242;8;8;11-12,11-14|7-8,7-18;8|3,11;55940.3725;57039.372500000005;57206.36499999839;57206.36499999839;1099.0000000000073;166.99249999838503;166.99249999838503;eev,integrated,separated,ws
12206136;244;g_000;2;2;40;line_consecutive;0.5;1244;8;10;18-20,20-22|15-22,22-23;11|5;52280.2625000001;52630.88249999999;52630.88249998376;52630.88249998376;350.6199999998935;-1.6232661437243223e-08;-1.6232661437243223e-08;eev,integrated,separated,ws
12206136;245;g_000;2;2;40;line_consecutive;0.5;1245;8;11;10-11,10-16|6-8,8-16;1,10|2;57128.47749999999;59224.44750000001;60110.23749999839;60110.23749999839;2095.970000000016;885.7899999983783;885.7899999983783;eev,integrated,separated,ws
12206136;246;g_000;2;2;40;line_consecutive;0.5;1246;8;12;10-11,10-16|7-8,8-9;1,10|3,7;53306.83;54554.1200000037;54666.23249999839;54666.2324999984;1247.290000003697;112.11249999469146;112.11249999469874;eev,integrated,separated,ws
12206136;247;g_000;2;2;40;line_consecutive;0.5;1247;8;13;14-23,23-24|14-15,15-19;4|14;53893.80999999999;55882.39749999997;56503.10499608074;56503.10499608074;1988.58749999998;620.7074960807731;620.7074960807731;eev,integrated,separated,ws
12206136;248;g_000;2;2;40;line_consecutive;0.5;1248;8;14;8-9,9-10|6-8,8-16;7|2;55849.54249999999;57483.0875;57650.07999999839;57650.0799999984;1633.5450000000128;166.99249999838503;166.99249999839958;eev,integrated,separated,ws
12206136;249;g_000;2;2;40;line_consecutive;0.5;1249;8;15;4-11,11-14|15-22,22-23;4|5;55200.1125;56947.77000000474;56947.76999999839;56947.7699999984;1747.6575000047378;-6.351910997182131e-09;-6.337359081953764e-09;eev,integrated,separated,ws
12206136;250;g_000;2;2;40;line_consecutive;0.5;1250;8;16;10-17,17-19|8-16,10-16;14|10;62484.1275000047;64353.21499999614;65363.89749999838;65363.89749999838;1869.0874999914377;1010.6825000022365;1010.6825000022365;eev,integrated,separated,ws
12206136;251;g_000;2;2;40;line_consecutive;0.5;1251;8;17;15-22,22-23|7-8,8-9;5|3,7;52280.2625;52630.88250000001;52630.88249999839;52630.88249999839;350.6200000000099;-1.6152625903487206e-09;-1.6152625903487206e-09;eev,integrated,separated,ws
12206136;252;g_000;2;2;40;line_consecutive;0.5;1252;8;18;5-9,8-9|5-9,9-10;3|9;52915.54999999999;53046.55;53271.90999999839;53271.90999999839;131.00000000001455;225.3599999983853;225.3599999983853;eev,integrated,separated,ws
12206136;253;g_000;2;2;40;line_consecutive;0.5;1253;8;19;20-21,21-24|10-15,15-22;6|5;53310.47750002885;54020.50999999968;54545.5899999984;54545.5899999984;710.0324999708319;525.0799999987212;525.0799999987212;eev,integrated,separated,ws
12206136;254;g_000;2;2;40;line_consecutive;0.5;1254;8;20;10-15,15-19|16-17,17-19;9|2,13;59324.63000000487;61056.89500000409;61376.75499999839;61376.7549999984;1732.264999999221;319.85999999429623;319.8599999943035;eev,integrated,separated,ws
12206136;255;g_000;2;2;40;line_consecutive;0.5;1255;8;21;10-11,11-12|7-8,8-9;1,7|3,7;54246.33499999999;55469.28250002038;55619.74499999839;55619.7449999984;1222.9475000203893;150.46249997800624;150.4624999780208;eev,integrated,separated,ws
12206136;256;g_000;2;2;40;line_consecutive;0.5;1256;8;22;4-5,5-9|18-20,20-22;3|11;51205.739999999285;51402.24;51780.239999983765;51780.239999983765;196.50000000071304;377.99999998376734;377.99999998376734;eev,integrated,separated,ws
12206136;257;g_000;2;2;40;line_consecutive;0.5;1257;8;23;5-9,8-9|3-4,4-5;3|3;54904.56499999999;55569.785;55569.78499999839;55569.78499999839;665.2200000000157;-1.6152625903487206e-09;-1.6152625903487206e-09;eev,integrated,separated,ws
12206136;258;g_000;2;2;40;line_consecutive;0.5;1258;8;24;6-8,8-16|11-14,14-23;2|4,10;58001.9425;60133.38750003667;61073.1849999984;61073.1849999984;2131.4450000366705;939.797499961729;939.797499961729;eev,integrated,separated,ws
12206136;259;g_000;2;2;40;line_consecutive;0.5;1259;8;25;3-12,12-13|10-15,15-19;12|9;52468.69499999999;52864.57750000001;53319.6974999984;53319.6974999984;395.8825000000143;455.1199999983946;455.1199999983946;eev,integrated,separated,ws
12206136;260;g_000;2;2;40;line_consecutive;0.5;1260;8;26;5-9,8-9|10-11,10-16;3|1,10;54194.48499999999;55619.95499999647;55732.06749999839;55732.06749999839;1425.4699999964796;112.11250000191647;112.11250000191647;eev,integrated,separated,ws
12206136;261;g_000;2;2;40;line_consecutive;0.5;1261;8;27;6-8,8-16|10-16,16-18;2|1;56080.56999999999;58022.09;59143.45999999839;59143.4599999984;1941.520000000004;1121.3699999983946;1121.369999998402;eev,integrated,separated,ws
12206136;262;g_000;2;2;40;line_consecutive;0.5;1262;8;28;18-20,20-22|10-15,15-22;11|5;52161.7625000001;52358.2625;52871.56249998376;52871.56249998376;196.4999999998981;513.299999983763;513.299999983763;eev,integrated,separated,ws
12206136;263;g_000;2;2;40;line_consecutive;0.5;1263;8;29;18-20,20-22|4-11,11-14;11|4;54060.09000000009;55290.135;55457.12749998376;55457.12749998376;1230.044999999911;166.99249998376035;166.99249998376035;eev,integrated,separated,ws
12206136;264;g_000;2;2;40;line_consecutive;0.5;1264;8;30;14-23,23-24|2-6,6-8;4|2;57353.245;60480.18250000002;60853.50499608074;60853.504996080745;3126.9375000000146;373.32249608072016;373.3224960807274;eev,integrated,separated,ws
12206136;265;g_000;2;2;40;line_consecutive;0.5;1265;8;31;10-17,17-19|5-6,5-9;14|9;58061.67500000407;59764.9875;59837.29749999839;59837.29749999839;1703.3124999959327;72.30999999838969;72.30999999838969;eev,integrated,separated,ws
12206136;266;g_000;2;2;40;line_consecutive;0.5;1266;8;32;8-9,9-10|10-15,15-22;7|5;53049.4175;53180.41749999895;53937.39749999839;53937.39749999839;130.999999998945;756.979999999443;756.979999999443;eev,integrated,separated,ws
12206136;267;g_000;2;2;40;line_consecutive;0.5;1267;8;33;9-10,10-11|10-11,11-12;7|1,7;57034.0025;58909.00249999869;59963.65249999838;59963.6524999984;1874.9999999986903;1054.6499999996886;1054.6499999997104;eev,integrated,separated,ws
12206136;268;g_000;2;2;40;line_consecutive;0.5;1268;8;34;15-19,17-19|11-12,11-14;13,14|8;64963.84999999999;66859.8749999979;66971.09749999839;66971.09749999839;1896.0249999979133;111.2225000004837;111.2225000004837;eev,integrated,separated,ws
12206136;269;g_000;2;2;40;line_consecutive;0.5;1269;8;35;15-19,15-22|7-8,8-9;13|3,7;52964.20749999999;53170.09999999776;53170.09999999839;53170.09999999839;205.89249999776803;6.330083124339581e-10;6.330083124339581e-10;eev,integrated,separated,ws
12206136;270;g_000;2;2;40;line_consecutive;0.5;1270;8;36;10-11,11-12|3-4,4-11;1,7|4;57123.00499999999;58872.24994334846;58983.45499999839;58983.4549999984;1749.2449433484726;111.2050566499238;111.20505664993834;eev,integrated,separated,ws
12206136;271;g_000;2;2;40;line_consecutive;0.5;1271;8;37;10-11,11-12|16-17,17-19;1,7|2,13;61102.270000004864;63453.0275;63676.80249999839;63676.80249999839;2350.757499995132;223.77499999839347;223.77499999839347;eev,integrated,separated,ws
12206136;272;g_000;2;2;40;line_consecutive;0.5;1272;8;38;7-8,8-9|15-19,17-19;3,7|13,14;60163.717499999984;60904.972499998665;60904.97249999839;60904.97249999839;741.2549999986804;-2.764863893389702e-10;-2.764863893389702e-10;eev,integrated,separated,ws
12206136;273;g_000;2;2;40;line_consecutive;0.5;1273;8;39;10-11,11-14|13-24,21-24;10|6;59039.43;60551.4025;61005.84999999839;61005.84999999839;1511.9724999999962;454.4474999983941;454.4474999983941;eev,integrated,separated,ws
12206136;274;g_000;2;3;25;line_consecutive;0.5;1274;9;0;13-24,21-24|6-8,8-16|5-9,8-9;6|2|3;55045.58499999999;56540.86999999999;56596.15166666506;56596.15166666506;1495.2849999999962;55.28166666506877;55.28166666506877;eev,integrated,separated,ws
12206136;275;g_000;2;3;25;line_consecutive;0.5;1275;9;1;9-10,10-11|11-12,11-14|3-4,4-11;7|8|4;58116.55333333332;61314.04166666453;60322.73499999839;60322.73499999839;3197.48833333121;-991.3066666661398;-991.3066666661398;eev,integrated,separated,ws
12206136;276;g_000;2;3;25;line_consecutive;0.5;1276;9;2;7-18,18-20|9-10,10-11|5-9,9-10;11|7|9;53590.45499999999;54586.73166666665;54746.73499999839;54746.73499999839;996.2766666666648;160.00333333174058;160.00333333174058;eev,integrated,separated,ws
12206136;277;g_000;2;3;25;line_consecutive;0.5;1277;9;3;11-14,14-23|3-12,12-13|15-19,17-19;4,10|12|13,14;59182.59499999999;60642.68833330843;60642.68833333171;60642.68833333171;1460.0933333084467;2.3275788407772783e-08;2.3275788407772783e-08;eev,integrated,separated,ws
12206136;278;g_000;2;3;25;line_consecutive;0.5;1278;9;4;17-19,19-20|4-11,11-14|10-15,15-19;2|4|9;58504.546666666654;60904.14333333312;60939.70666666505;60939.70666666505;2399.596666666468;35.563333331927424;35.563333331927424;eev,integrated,separated,ws
12206136;280;g_000;2;3;25;line_consecutive;0.5;1280;9;6;20-21,21-24|5-6,5-9|1-3,3-4;6|9|4;54879.74000001853;55702.87833333389;55883.74499999838;55883.74499999839;823.1383333153572;180.8666666644931;180.8666666645004;eev,integrated,separated,ws
12206136;281;g_000;2;3;25;line_consecutive;0.5;1281;9;7;10-16,16-18|6-8,8-16|5-9,8-9;1|2|3;55025.56333333332;56980.63666667943;57186.27666666506;57186.27666666506;1955.0733333461103;205.6399999856294;205.6399999856294;eev,integrated,separated,ws
12206136;282;g_000;2;3;25;line_consecutive;0.5;1282;9;8;15-22,21-22|10-17,17-19|18-20,20-22;13|14|11;56470.87833333299;57424.63999999999;57424.63999998864;57424.63999998864;953.761666667;-1.1350493878126144e-08;-1.1350493878126144e-08;eev,integrated,separated,ws
12206136;283;g_000;2;3;25;line_consecutive;0.5;1283;9;9;3-4,4-5|8-16,16-17|5-6,5-9;3|2,13|9;55549.64333333279;57282.01999999952;57282.01999999839;57282.01999999839;1732.3766666667289;-1.127773430198431e-09;-1.127773430198431e-09;eev,integrated,separated,ws
12206136;284;g_000;2;3;25;line_consecutive;0.5;1284;9;10;1-2,1-3|17-19,19-20|1-3,3-4;12|2|4;64365.74666666649;66197.38999999998;66317.66333333171;66317.66333333171;1831.6433333334933;120.2733333317301;120.2733333317301;eev,integrated,separated,ws
12206136;285;g_000;2;3;25;line_consecutive;0.5;1285;9;11;10-17,17-19|15-22,21-22|4-5,5-9;14|13|3;56514.54499999907;57835.10000000116;57851.306666665056;57851.306666665056;1320.5550000020958;16.206666663892975;16.206666663892975;eev,integrated,separated,ws
12206136;286;g_000;2;3;25;line_consecutive;0.5;1286;9;12;3-4,4-11|7-8,7-18|8-16,10-16;4|3,11|10;56049.98833333321;57469.82666666677;57493.77999999838;57493.77999999838;1419.8383333335587;23.953333331613976;23.953333331613976;eev,integrated,separated,ws
12206136;287;g_000;2;3;25;line_consecutive;0.5;1287;9;13;2-6,6-8|15-22,22-23|8-9,9-10;2|5|7;54995.01833333332;56611.98333333332;56611.98333333172;56611.98333333172;1616.9650000000038;-1.6007106751203535e-09;-1.6007106751203535e-09;eev,integrated,separated,ws
12206136;288;g_000;2;3;25;line_consecutive;0.5;1288;9;14;7-18,18-20|5-9,8-9|10-15,15-19;11|3|9;52617.64666666665;52925.2349417315;53303.768333331725;53303.768333331725;307.5882750648452;378.5333916002273;378.5333916002273;eev,integrated,separated,ws
12206136;289;g_000;2;3;25;line_consecutive;0.5;1289;9;15;14-15,15-19|8-16,10-16|3-4,4-5;14|10|3;56246.691666666535;58051.44500000093;58360.93833333171;58360.93833333172;1804.7533333343963;309.4933333307781;309.4933333307854;eev,integrated,separated,ws
12206136;290;g_000;2;3;25;line_consecutive;0.5;1290;9;16;14-23,23-24|3-4,4-5|1-3,3-4;4|3|4;57627.05333333316;59157.78666658053;59291.61833071995;59291.61833071995;1530.7333332473645;133.83166413942672;133.83166413942672;eev,integrated,separated,ws
12206136;291;g_000;2;3;25;line_consecutive;0.5;1291;9;17;6-8,8-16|4-11,11-14|3-4,4-11;2|4|4;57552.35166666665;59926.04833333333;59889.97499999839;59889.97499999839;2373.696666666685;-36.07333333494171;-36.07333333494171;eev,integrated,separated,ws
12206136;292;g_000;2;3;25;line_consecutive;0.5;1292;9;18;15-19,15-22|1-2,1-3|15-22,22-23;13|12|5;58879.613333333305;59995.27500000002;59995.27499999838;59995.27499999839;1115.6616666667178;-1.6443664208054543e-09;-1.6298145055770872e-09;eev,integrated,separated,ws
12206136;293;g_000;2;3;25;line_consecutive;0.5;1293;9;19;10-15,15-19|4-11,11-14|9-10,10-15;9|4|9;54441.47333333332;55922.10333322031;56301.28166666505;56301.28166666505;1480.6299998869872;379.1783334447391;379.1783334447391;eev,integrated,separated,ws
12206136;296;g_000;2;3;25;line_consecutive;0.5;1296;9;22;17-19,19-20|3-12,12-13|13-24,21-24;2|12|6;56438.15333333332;57724.82833323327;57724.82833333172;57724.82833333172;1286.6749998999512;9.845098247751595e-08;9.845098247751595e-08;eev,integrated,separated,ws
12206136;299;g_000;3;2;25;line_consecutive;0.5;1299;10;0;4-5,5-9,8-9|7-8,7-18,18-20;3|11;52027.895;52206.075;52206.07499999608;52206.07499999608;178.1800000000003;-3.914465196430683e-09;-3.914465196430683e-09;eev,integrated,separated,ws
12206136;300;g_000;3;2;25;line_consecutive;0.5;1300;10;1;10-11,10-16,16-18|7-8,7-18,8-9;1|3;53306.83;54554.1200000015;54666.23249999838;54666.23249999839;1247.2900000014995;112.11249999688152;112.1124999968888;eev,integrated,separated,ws
12206136;301;g_000;3;2;25;line_consecutive;0.5;1301;10;2;10-17,15-19,17-19|7-8,7-18,18-20;14|11;60547.14749999991;61306.98499999997;61336.2774999984;61336.2774999984;759.8375000000597;29.292499998431595;29.292499998431595;eev,integrated,separated,ws
12206136;302;g_000;3;2;25;line_consecutive;0.5;1302;10;3;1-3,3-12,12-13|5-6,5-9,9-10;12|9;55653.730000000025;56221.92250000001;56232.31749999608;56232.31749999608;568.1924999999828;10.394999996075056;10.394999996075056;eev,integrated,separated,ws
12206136;303;g_000;3;2;25;line_consecutive;0.5;1303;10;4;14-15,15-19,17-19|8-16,10-11,10-16;14|10;64979.72;67810.34499999999;67833.16249999558;67833.16249999558;2830.624999999985;22.817499995595423;22.817499995595423;eev,integrated,separated,ws
12206136;304;g_000;3;2;25;line_consecutive;0.5;1304;10;5;15-19,16-17,17-19|7-8,7-18,8-9;13|3;60547.14749999991;61306.985000000015;61336.2774999984;61336.2774999984;759.8375000001033;29.29249999838794;29.29249999838794;eev,integrated,separated,ws
12206136;305;g_000;3;2;25;line_consecutive;0.5;1305;10;6;4-11,11-14,14-23|5-6,5-9,9-10;4|9;55159.6675;57112.195;57439.50749999608;57439.507499996085;1952.5274999999965;327.31249999607826;327.31249999608553;eev,integrated,separated,ws
12206136;306;g_000;3;2;25;line_consecutive;0.5;1306;10;7;7-18,18-20,20-22|14-15,15-19,17-19;11|14;59375.91249999999;60194.122500000005;60194.12249999559;60194.12249999559;818.2100000000137;-4.4165062718093395e-09;-4.4165062718093395e-09;eev,integrated,separated,ws
12206136;307;g_000;3;2;25;line_consecutive;0.5;1307;10;8;10-15,15-22,22-23|16-17,17-19,19-20;5|2;59617.235;62067.04999999992;62228.0099999984;62228.0099999984;2449.8149999999223;160.95999999847845;160.95999999847845;eev,integrated,separated,ws
12206136;308;g_000;3;2;25;line_consecutive;0.5;1308;10;9;5-9,7-8,8-9|10-15,15-22,22-23;3|5;53279.1975;53736.265;54464.69499999839;54464.69499999839;457.0674999999974;728.4299999983923;728.4299999983923;eev,integrated,separated,ws
12206136;309;g_000;3;2;25;line_consecutive;0.5;1309;10;10;9-10,10-11,11-12|15-19,16-17,17-19;7|13;64283.4424999999;66766.98999947905;66655.78499999839;66655.7849999984;2483.547499479144;-111.20499948065844;-111.20499948064388;eev,integrated,separated,ws
12206136;312;g_000;3;2;25;line_consecutive;0.5;1312;10;13;5-9,9-10,10-15|7-18,18-20,20-22;9|11;52415.67999999999;52591.18000000001;52591.17999999839;52591.17999999839;175.50000000001455;-1.6152625903487206e-09;-1.6152625903487206e-09;eev,integrated,separated,ws
12206136;313;g_000;3;2;25;line_consecutive;0.5;1313;10;14;10-15,15-22,22-23|7-8,7-18,18-20;5|11;52391.5425;53398.86000000166;53398.85999999839;53398.85999999839;1007.3175000016564;-3.2669049687683582e-09;-3.2669049687683582e-09;eev,integrated,separated,ws
12206136;314;g_000;3;2;25;line_consecutive;0.5;1314;10;15;2-6,6-8,8-16|14-15,15-19,17-19;2|14;63758.492499999935;66222.53999992507;66707.92749999558;66707.9274999956;2464.047499925131;485.38750007051567;485.3875000705302;eev,integrated,separated,ws
12206136;315;g_000;3;2;25;line_consecutive;0.5;1315;10;16;7-8,7-18,8-9|2-6,6-8,8-16;3|2;55522.81999999993;57597.29499999964;57654.04499999838;57654.04499999838;2074.474999999715;56.74999999874126;56.74999999874126;eev,integrated,separated,ws
12206136;316;g_000;3;2;25;line_consecutive;0.5;1316;10;17;10-15,15-22,22-23|10-11,10-16,11-12;5|1;55497.6375;57547.985000000015;57878.36499999839;57878.36499999839;2050.347500000018;330.37999999837484;330.37999999837484;eev,integrated,separated,ws
12206136;317;g_000;3;2;25;line_consecutive;0.5;1317;10;18;8-9,9-10,10-11|15-19,16-17,17-19;7|13;64258.669999999904;66383.555;66465.62749999839;66465.6274999984;2124.8850000000893;82.07249999839405;82.0724999984086;eev,integrated,separated,ws
12206136;318;g_000;3;2;25;line_consecutive;0.5;1318;10;19;6-8,8-16,16-17|15-19,16-17,17-19;2|13;64890.57999999993;67217.27250000715;67852.92749999839;67658.59;2326.6925000072224;635.6549999912386;441.3174999928451;eev,integrated,separated,ws
12206136;319;g_000;3;2;25;line_consecutive;0.5;1319;10;20;10-11,10-16,11-12|7-8,8-9,9-10;1|7;55133.98999999999;56583.66;56685.57999999839;56685.5799999984;1449.6700000000128;101.919999998383;101.91999999839754;eev,integrated,separated,ws
12206136;320;g_000;3;2;25;line_consecutive;0.5;1320;10;21;5-9,9-10,10-15|15-19,16-17,17-19;9|13;61822.5874999999;62787.21749999103;62787.21749999838;62787.21749999838;964.629999991128;7.3559931479394444e-09;7.3559931479394444e-09;eev,integrated,separated,ws
12206136;321;g_000;3;2;25;line_consecutive;0.5;1321;10;22;1-3,3-12,12-13|15-19,16-17,17-19;12|13;64172.98249999993;65278.97500000341;65362.51999999839;65362.5199999984;1105.9925000034782;83.54499999497784;83.5449999949924;eev,integrated,separated,ws
12206136;322;g_000;3;2;25;line_consecutive;0.5;1322;10;23;8-16,16-17,17-19|13-24,20-21,21-24;2,13|6;59651.77749999999;61778.91749999223;62634.59249999838;62634.59249999839;2127.1399999922432;855.6750000061511;855.6750000061584;eev,integrated,separated,ws
12206136;324;g_000;1;1;38;line_consecutive;0.3;1324;11;0;11-12;1,7,8;53939.305999997305;54799.08199999999;54833.89699999776;54833.89699999748;859.7760000026828;34.814999997775885;34.81499999749212;eev,integrated,separated,ws
12206136;325;g_000;1;1;38;line_consecutive;0.3;1325;11;1;10-11;1,7,10;53740.148;54968.81599999996;55270.43899999774;55270.43899999774;1228.6679999999617;301.6229999977804;301.6229999977804;eev,integrated,separated,ws
12206136;326;g_000;1;1;38;line_consecutive;0.3;1326;11;2;10-16;1,10;52482.659;53322.53999999999;53996.29399999774;53996.29399999775;839.880999999994;673.7539999977453;673.7539999977598;eev,integrated,separated,ws
12206136;327;g_000;1;1;38;line_consecutive;0.3;1327;11;3;16-18;1;52052.006;52795.43999999998;53469.19399999775;53469.19399999775;743.4339999999793;673.7539999977671;673.7539999977671;eev,integrated,separated,ws
12206136;328;g_000;1;1;38;line_consecutive;0.3;1328;11;4;2-6;2;55645.62800000002;57130.83299999998;57197.28199999775;57197.28199999775;1485.204999999958;66.44899999777408;66.44899999777408;eev,integrated,separated,ws
12206136;329;g_000;1;1;38;line_consecutive;0.3;1329;11;5;6-8;2;54760.92199999999;55666.052;55723.87999999775;55723.87999999775;905.130000000012;57.82799999774579;57.82799999774579;eev,integrated,separated,ws
12206136;330;g_000;1;1;38;line_consecutive;0.3;1330;11;6;8-16;2,10,13;54703.31;55951.644;56200.10899999774;56200.10899999775;1248.3340000000026;248.46499999774096;248.46499999774824;eev,integrated,separated,ws
12206136;331;g_000;1;1;38;line_consecutive;0.3;1331;11;7;16-17;2,13;54317.84;55165.39699999998;55223.22499999775;55223.22499999775;847.5569999999861;57.82799999776762;57.82799999776762;eev,integrated,separated,ws
12206136;332;g_000;1;1;38;line_consecutive;0.3;1332;11;8;17-19;2,13,14;56641.30099999999;57524.92999999999;57582.75799999775;57582.75799999775;883.6290000000008;57.82799999776034;57.82799999776034;eev,integrated,separated,ws
12206136;333;g_000;1;1;38;line_consecutive;0.3;1333;11;9;19-20;2;54968.621;55895.89697061574;55953.72499999775;55953.72499999775;927.2759706157376;57.82802938201348;57.82802938201348;eev,integrated,separated,ws
12206136;334;g_000;1;1;38;line_consecutive;0.3;1334;11;10;3-4;3,4;53495.372;54499.139;54701.59699999775;54701.59699999775;1003.7669999999998;202.45799999775045;202.45799999775045;eev,integrated,separated,ws
12206136;335;g_000;1;1;38;line_consecutive;0.3;1335;11;11;4-5;3;51140.23999999999;51140.23999999999;51140.23999999775;51140.23999999775;0.0;-2.240994945168495e-09;-2.240994945168495e-09;eev,integrated,separated,ws
12206136;336;g_000;1;1;38;line_consecutive;0.3;1336;11;12;5-9;3,9;51218.83999999967;51402.23999999999;51908.23999999775;51908.23999999775;183.4000000003216;505.999999997759;505.999999997759;eev,integrated,separated,ws
12206136;337;g_000;1;1;38;line_consecutive;0.3;1337;11;13;8-9;3,7;51140.23999999999;51140.24;51140.23999999775;51140.23999999776;7.275957614183426e-12;-2.248270902782678e-09;-2.240994945168495e-09;eev,integrated,separated,ws
12206136;338;g_000;1;1;38;line_consecutive;0.3;1338;11;14;7-8;3,7,11;51140.23999999924;51140.24;51140.23999999775;51140.23999999775;7.566995918750762e-10;-2.248270902782678e-09;-2.248270902782678e-09;eev,integrated,separated,ws
12206136;339;g_000;1;1;38;line_consecutive;0.3;1339;11;15;7-18;3,11;51140.23999999999;51140.24;51140.23999999775;51140.23999999775;7.275957614183426e-12;-2.248270902782678e-09;-2.248270902782678e-09;eev,integrated,separated,ws
12206136;340;g_000;1;1;38;line_consecutive;0.3;1340;11;16;1-3;4,8,12;55491.2419999998;55971.731;55971.730999997744;55971.73099999775;480.48900000019785;-2.255546860396862e-09;-2.248270902782678e-09;eev,integrated,separated,ws
12206136;341;g_000;1;1;38;line_consecutive;0.3;1341;11;17;4-11;4;53064.10999999999;53923.81699999285;53923.81699999776;53923.81699999776;859.7069999928572;4.9112713895738125e-09;4.9112713895738125e-09;eev,integrated,separated,ws
12206136;342;g_000;1;1;38;line_consecutive;0.3;1342;11;18;11-14;4,8,10;53885.474;54587.40700000001;54831.91399999775;54831.91399999775;701.9330000000045;244.50699999774224;244.50699999774224;eev,integrated,separated,ws
12206136;343;g_000;1;1;38;line_consecutive;0.3;1343;11;19;14-23;4,10;53361.239;54000.676;54103.04299999775;54103.04299999775;639.4369999999981;102.3669999977501;102.3669999977501;eev,integrated,separated,ws
12206136;344;g_000;1;1;38;line_consecutive;0.3;1344;11;20;23-24;4;53028.116;53809.073;53809.07299999775;53809.07299999775;780.9569999999949;-2.248270902782678e-09;-2.248270902782678e-09;eev,integrated,separated,ws
12206136;345;g_000;1;1;38;line_consecutive;0.3;1345;11;21;10-15;5,9;51685.997;51869.397;52512.86899999775;52512.86899999775;183.39999999999415;643.4719999977533;643.4719999977533;eev,integrated,separated,ws
12206136;346;g_000;1;1;38;line_consecutive;0.3;1346;11;22;15-22;5,13;52286.882;52286.88199999997;52286.88199999774;52286.88199999775;-2.9103830456733704e-11;-2.2264430299401283e-09;-2.219167072325945e-09;eev,integrated,separated,ws
12206136;347;g_000;1;1;38;line_consecutive;0.3;1347;11;23;22-23;5;51531.653;51531.6530000034;51531.65299999775;51531.65299999775;3.4051481634378433e-09;-5.653419066220522e-09;-5.653419066220522e-09;eev,integrated,separated,ws
12206136;348;g_000;1;1;38;line_consecutive;0.3;1348;11;24;13-24;6;52518.698;53091.28799999999;53149.07299999775;53149.07299999776;572.5899999999965;57.78499999775522;57.78499999776977;eev,integrated,separated,ws
12206136;349;g_000;1;1;38;line_consecutive;0.3;1349;11;25;21-24;6;52141.01;52554.65000000003;52554.64999999775;52554.64999999775;413.6400000000285;-2.2773747332394123e-09;-2.2773747332394123e-09;eev,integrated,separated,ws
12206136;350;g_000;1;1;38;line_consecutive;0.3;1350;11;26;20-21;6;52096.73;52515.79699999998;52515.79699999775;52515.79699999775;419.0669999999736;-2.2264430299401283e-09;-2.2264430299401283e-09;eev,integrated,separated,ws
12206136;351;g_000;1;1;38;line_consecutive;0.3;1351;11;27;9-10;7,9;51520.226;52092.05;52092.04999999775;52092.04999999776;571.8240000000005;-2.255546860396862e-09;-2.240994945168495e-09;eev,integrated,separated,ws
12206136;352;g_000;1;1;38;line_consecutive;0.3;1352;11;28;3-12;8,12;51140.24;51140.23999999999;51140.23999999775;51140.23999999775;-7.275957614183426e-12;-2.240994945168495e-09;-2.240994945168495e-09;eev,integrated,separated,ws
12206136;353;g_000;1;1;38;line_consecutive;0.3;1353;11;29;5-6;9;51218.83999999724;51402.24;51908.23999999775;51908.23999999775;183.40000000275904;505.9999999977517;505.9999999977517;eev,integrated,separated,ws
12206136;354;g_000;1;1;38;line_consecutive;0.3;1354;11;30;15-19;9,13,14;51494.306;52156.73700000372;52701.12499999767;52701.12499999767;662.4310000037221;544.3879999939527;544.3879999939527;eev,integrated,separated,ws
12206136;355;g_000;1;1;38;line_consecutive;0.3;1355;11;31;20-22;11;51140.24000000007;51140.24;51140.23999998764;51140.23999998765;-7.275957614183426e-11;-1.2354576028883456e-08;-1.2347300071269274e-08;eev,integrated,separated,ws
12206136;356;g_000;1;1;38;line_consecutive;0.3;1356;11;32;18-20;11;51140.24;51140.23999999979;51140.23999998975;51140.23999998976;-2.110027708113193e-10;-1.0033545549958944e-08;-1.0026269592344761e-08;eev,integrated,separated,ws
12206136;357;g_000;1;1;38;line_consecutive;0.3;1357;11;33;12-13;12;51140.23999997563;51140.23999999999;51140.23999999775;51140.23999999775;2.4359906092286113e-08;-2.240994945168495e-09;-2.240994945168495e-09;eev,integrated,separated,ws
12206136;358;g_000;1;1;38;line_consecutive;0.3;1358;11;34;1-2;12;51140.24;51140.23999999999;51140.23999999775;51140.23999999775;-7.275957614183426e-12;-2.240994945168495e-09;-2.240994945168495e-09;eev,integrated,separated,ws
12206136;359;g_000;1;1;38;line_consecutive;0.3;1359;11;35;21-22;13;51297.39199999999;51482.231;51482.230999997744;51482.230999997744;184.8390000000072;-2.255546860396862e-09;-2.255546860396862e-09;eev,integrated,separated,ws
12206136;360;g_000;1;1;38;line_consecutive;0.3;1360;11;36;14-15;14;51240.596;51416.318;51416.317999997744;51416.317999997744;175.72200000000157;-2.255546860396862e-09;-2.255546860396862e-09;eev,integrated,separated,ws
12206136;361;g_000;1;1;38;line_consecutive;0.3;1361;11;37;10-17;14;51240.596;51416.318;51416.317999997744;51416.317999997744;175.72200000000157;-2.255546860396862e-09;-2.255546860396862e-09;eev,integrated,separated,ws
12206136;362;g_000;1;1;38;line_consecutive;0.7;1362;12;0;11-12;1,7,8;57671.39399999371;58619.49499999944;59758.77299999904;59391.937;948.1010000057358;1139.2779999995985;772.4420000005557;eev,integrated,separated,ws
12206136;363;g_000;1;1;38;line_consecutive;0.7;1363;12;1;10-11;1,7,10;57206.692;58152.21400000068;60777.370999999024;59270.24899999998;945.522000000674;2625.156999998348;1118.034999999305;eev,integrated,separated,ws
12206136;364;g_000;1;1;38;line_consecutive;0.7;1364;12;2;10-16;1,10;54272.551;54897.703;57804.36599999902;55783.25999824681;625.1520000000019;2906.662999999018;885.5569982468078;eev,integrated,separated,ws
12206136;365;g_000;1;1;38;line_consecutive;0.7;1365;12;3;16-18;1;53267.69399999999;53698.194;56574.46599999903;55516.866000000016;430.50000000001455;2876.271999999029;1818.6720000000128;eev,integrated,separated,ws
12206136;366;g_000;1;1;38;line_consecutive;0.7;1366;12;4;2-6;2;61652.81200000005;63245.718000000015;65273.33799999903;63911.055;1592.9059999999663;2027.619999999013;665.336999999985;eev,integrated,separated,ws
12206136;367;g_000;1;1;38;line_consecutive;0.7;1367;12;5;6-8;2;59588.49799999999;60386.11199999998;61835.39999999904;60789.762;797.6139999999868;1449.287999999062;403.6500000000233;eev,integrated,separated,ws
12206136;368;g_000;1;1;38;line_consecutive;0.7;1368;12;6;8-16;2,10,13;59454.06999999999;60498.69400000001;62946.60099999902;60781.25789333264;1044.624000000018;2447.9069999990097;282.5638933326263;eev,integrated,separated,ws
12206136;369;g_000;1;1;38;line_consecutive;0.7;1369;12;7;16-17;2,13;58554.64;59188.03800000001;60667.20499999903;59553.18399999841;633.3980000000083;1479.166999999019;365.14599999839993;eev,integrated,separated,ws
12206136;370;g_000;1;1;38;line_consecutive;0.7;1370;12;8;17-19;2,13,14;63976.049;64387.025;66172.78199999903;65354.675;410.9760000000024;1785.75699999903;967.6500000000016;eev,integrated,separated,ws
12206136;371;g_000;1;1;38;line_consecutive;0.7;1371;12;9;19-20;2;60073.12899999999;60870.74299999999;62371.70499999903;61275.38699999998;797.6139999999941;1500.961999999039;404.64399999999296;eev,integrated,separated,ws
12206136;372;g_000;1;1;38;line_consecutive;0.7;1372;12;10;3-4;3,4;56635.548;57445.257;59450.07299999903;59450.072968370536;809.7089999999953;2004.8159999990312;2004.815968370538;eev,integrated,separated,ws
12206136;373;g_000;1;1;38;line_consecutive;0.7;1373;12;11;4-5;3;51140.23999999999;51140.239999998565;51140.23999999903;51140.23999999903;-1.4260876923799515e-09;4.656612873077393e-10;4.656612873077393e-10;eev,integrated,separated,ws
12206136;374;g_000;1;1;38;line_consecutive;0.7;1374;12;12;5-9;3,9;51323.63999999924;51402.24;52932.23999999903;52932.23999999904;78.60000000075524;1529.9999999990323;1529.9999999990396;eev,integrated,separated,ws
12206136;375;g_000;1;1;38;line_consecutive;0.7;1375;12;13;8-9;3,7;51140.23999999999;51140.24;51140.23999999903;51140.23999999904;7.275957614183426e-12;-9.677023626863954e-10;-9.60426405072212e-10;eev,integrated,separated,ws
12206136;376;g_000;1;1;38;line_consecutive;0.7;1376;12;14;7-8;3,7,11;51140.23999999823;51140.23999982255;51140.23999999903;51140.23999999903;-1.7567799659445884e-07;1.76478351932019e-07;1.76478351932019e-07;eev,integrated,separated,ws
12206136;377;g_000;1;1;38;line_consecutive;0.7;1377;12;15;7-18;3,11;51140.23999999999;51140.24;51140.23999999903;51140.23999999903;7.275957614183426e-12;-9.677023626863954e-10;-9.677023626863954e-10;eev,integrated,separated,ws
12206136;378;g_000;1;1;38;line_consecutive;0.7;1378;12;16;1-3;4,8,12;61292.57799999952;61609.30000000002;62413.71899999902;62413.71899999903;316.72200000049634;804.4189999990049;804.4189999990122;eev,integrated,separated,ws
12206136;379;g_000;1;1;38;line_consecutive;0.7;1379;12;17;4-11;4;55629.26999999999;56422.431;57635.25299999904;57635.25299999976;793.1610000000073;1212.8219999990397;1212.82199999976;eev,integrated,separated,ws
12206136;380;g_000;1;1;38;line_consecutive;0.7;1380;12;18;11-14;4,8,10;57545.78599999999;57912.48;59754.14599999903;58889.523;366.6940000000104;1841.6659999990295;977.0429999999978;eev,integrated,separated,ws
12206136;381;g_000;1;1;38;line_consecutive;0.7;1381;12;19;14-23;4,10;56322.57099999999;56655.133;58053.44699999903;57520.484;332.56200000001263;1398.3139999990308;865.3509999999951;eev,integrated,separated,ws
12206136;382;g_000;1;1;38;line_consecutive;0.7;1382;12;20;23-24;4;55545.284;56368.321;57367.51699999903;57367.51699999976;823.0370000000039;999.1959999990286;999.1959999997562;eev,integrated,separated,ws
12206136;383;g_000;1;1;38;line_consecutive;0.7;1383;12;21;10-15;5,9;52413.673;52492.273;54343.04099999903;54343.04099999904;78.59999999999854;1850.7679999990287;1850.767999999036;eev,integrated,separated,ws
12206136;384;g_000;1;1;38;line_consecutive;0.7;1384;12;22;15-22;5,13;53815.738;53815.738;53815.73799999903;53815.73799999904;0.0;-9.677023626863954e-10;-9.60426405072212e-10;eev,integrated,separated,ws
12206136;385;g_000;1;1;38;line_consecutive;0.7;1385;12;23;22-23;5;52053.537;52053.537;52053.53699999904;52053.53699999904;0.0;-9.531504474580288e-10;-9.531504474580288e-10;eev,integrated,separated,ws
12206136;386;g_000;1;1;38;line_consecutive;0.7;1386;12;24;13-24;6;54356.642;54842.152;55827.51699999903;55827.51699999903;485.5100000000021;985.3649999990304;985.3649999990304;eev,integrated,separated,ws
12206136;387;g_000;1;1;38;line_consecutive;0.7;1387;12;25;21-24;6;53475.37;53666.73999999999;54440.52999999904;54440.52999999904;191.36999999998807;773.7899999990477;773.7899999990477;eev,integrated,separated,ws
12206136;388;g_000;1;1;38;line_consecutive;0.7;1388;12;26;20-21;6;53372.05;53563.42000000001;54349.87299999903;54349.87299999903;191.3700000000099;786.4529999990191;786.4529999990191;eev,integrated,separated,ws
12206136;389;g_000;1;1;38;line_consecutive;0.7;1389;12;27;9-10;7,9;52026.874;52406.86000000085;53361.12999999903;53361.12999999903;379.9860000008484;954.2699999981778;954.2699999981778;eev,integrated,separated,ws
12206136;390;g_000;1;1;38;line_consecutive;0.7;1390;12;28;3-12;8,12;51140.24;51140.23999999773;51140.23999999903;51140.23999999903;-2.270098775625229e-09;1.302396412938833e-09;1.302396412938833e-09;eev,integrated,separated,ws
12206136;391;g_000;1;1;38;line_consecutive;0.7;1391;12;29;5-6;9;51323.63999999356;51402.23999999999;52932.23999999903;52932.23999999903;78.60000000643049;1529.9999999990396;1529.9999999990396;eev,integrated,separated,ws
12206136;392;g_000;1;1;38;line_consecutive;0.7;1392;12;30;15-19;9,13,14;51966.39399999999;52320.45999999988;54782.30499999884;54782.30499999884;354.0659999998897;2461.8449999989607;2461.8449999989607;eev,integrated,separated,ws
12206136;393;g_000;1;1;38;line_consecutive;0.7;1393;12;31;20-22;11;51140.24000000017;51140.24;51140.239999975456;51140.239999975456;-1.7462298274040222e-10;-2.4541805032640696e-08;-2.4541805032640696e-08;eev,integrated,separated,ws
12206136;394;g_000;1;1;38;line_consecutive;0.7;1394;12;32;18-20;11;51140.24;51140.24;51140.239999980375;51140.23999998038;0.0;-1.96232576854527e-08;-1.961598172783852e-08;eev,integrated,separated,ws
12206136;395;g_000;1;1;38;line_consecutive;0.7;1395;12;33;12-13;12;51140.23999994314;51140.23999999999;51140.23999999903;51140.23999999861;5.684705683961511e-08;-9.60426405072212e-10;-1.382431946694851e-09;eev,integrated,separated,ws
12206136;396;g_000;1;1;38;line_consecutive;0.7;1396;12;34;1-2;12;51140.24;51140.23999999999;51140.23999999903;51140.23999999861;-7.275957614183426e-12;-9.60426405072212e-10;-1.382431946694851e-09;eev,integrated,separated,ws
12206136;397;g_000;1;1;38;line_consecutive;0.7;1397;12;35;21-22;13;51506.92799999999;51664.08;51938.21899999903;51938.21899999904;157.15200000000914;274.1389999990279;274.13899999903515;eev,integrated,separated,ws
12206136;398;g_000;1;1;38;line_consecutive;0.7;1398;12;36;14-15;14;51374.404;51474.76;51784.42199999903;51784.42199999903;100.35599999999975;309.6619999990289;309.6619999990289;eev,integrated,separated,ws
12206136;399;g_000;1;1;38;line_consecutive;0.7;1399;12;37;10-17;14;51374.404;51474.75999999978;51784.42199999903;51784.42199999903;100.3559999997742;309.6619999992545;309.6619999992545;eev,integrated,separated,ws
12206136;400;g_000;2;1;60;line_consecutive;0.3;1400;13;0;10-11,11-12;1,7;54867.554;56256.16000000001;56515.64599999775;56515.64599999775;1388.6060000000143;259.4859999977416;259.4859999977416;eev,integrated,separated,ws
12206136;401;g_000;2;1;60;line_consecutive;0.3;1401;13;1;10-11,10-16;1,10;53740.148;55052.72;55371.43099999775;55371.43099999775;1312.572;318.7109999977474;318.7109999977474;eev,integrated,separated,ws
12206136;402;g_000;2;1;60;line_consecutive;0.3;1402;13;2;10-16,16-18;1;52482.65899999999;53532.65799999999;54211.29799999776;54211.29799999776;1049.9989999999962;678.639999997773;678.639999997773;eev,integrated,separated,ws
12206136;403;g_000;2;1;60;line_consecutive;0.3;1403;13;3;2-6,6-8;2;55645.628;57855.15599999999;57921.60499999776;57921.60499999776;2209.527999999991;66.44899999777408;66.44899999777408;eev,integrated,separated,ws
12206136;404;g_000;2;1;60;line_consecutive;0.3;1404;13;4;6-8,8-16;2;55726.21699999999;57253.28200000034;57673.04599999775;57673.04599999776;1527.0650000003516;419.7639999974053;419.7639999974199;eev,integrated,separated,ws
12206136;405;g_000;2;1;60;line_consecutive;0.3;1405;13;5;8-16,16-17;2,13;55546.56199999999;57241.07100000272;57390.99199999774;57390.99199999775;1694.509000002727;149.92099999502534;149.92099999503262;eev,integrated,separated,ws
12206136;406;g_000;2;1;60;line_consecutive;0.3;1406;13;6;16-17,17-19;2,13;59367.36200000584;60711.25999999999;60808.70899999775;60808.70899999776;1343.897999994144;97.44899999775951;97.44899999777408;eev,integrated,separated,ws
12206136;407;g_000;2;1;60;line_consecutive;0.3;1407;13;7;17-19,19-20;2;59298.026;60888.477;60983.66599999774;60983.66599999775;1590.451000000001;95.18899999774294;95.18899999775022;eev,integrated,separated,ws
12206136;408;g_000;2;1;60;line_consecutive;0.3;1408;13;8;3-4,4-5;3;54592.24399999999;55176.692;55176.69199999776;55176.69199999776;584.4480000000112;-2.240994945168495e-09;-2.240994945168495e-09;eev,integrated,separated,ws
12206136;409;g_000;2;1;60;line_consecutive;0.3;1409;13;9;4-5,5-9;3;51218.83999999904;51402.240000000005;51908.23999999775;51908.23999999776;183.40000000096188;505.99999999774445;505.9999999977517;eev,integrated,separated,ws
12206136;410;g_000;2;1;60;line_consecutive;0.3;1410;13;10;5-9,8-9;3;52205.42599999999;52388.826;52419.24199999774;52419.24199999775;183.40000000000876;30.41599999774189;30.415999997749168;eev,integrated,separated,ws
12206136;411;g_000;2;1;60;line_consecutive;0.3;1411;13;11;7-8,8-9;3,7;51140.23999999999;51140.24;51140.23999999775;51140.23999999775;7.275957614183426e-12;-2.248270902782678e-09;-2.248270902782678e-09;eev,integrated,separated,ws
12206136;412;g_000;2;1;60;line_consecutive;0.3;1412;13;12;7-8,7-18;3,11;51140.24;51140.23999999999;51140.23999999775;51140.23999999775;-7.275957614183426e-12;-2.240994945168495e-09;-2.240994945168495e-09;eev,integrated,separated,ws
12206136;413;g_000;2;1;60;line_consecutive;0.3;1413;13;13;1-3,3-4;4;56414.28199999972;56901.716;56901.71599999775;56901.71599999775;487.4340000002776;-2.248270902782678e-09;-2.248270902782678e-09;eev,integrated,separated,ws
12206136;414;g_000;2;1;60;line_consecutive;0.3;1414;13;14;3-4,4-11;4;54592.24399999999;55176.692;55176.69199999776;55176.69199999776;584.4480000000112;-2.240994945168495e-09;-2.240994945168495e-09;eev,integrated,separated,ws
12206136;415;g_000;2;1;60;line_consecutive;0.3;1415;13;15;4-11,11-14;4;54644.06;55926.234;56320.50499999775;56320.50499999775;1282.173999999999;394.2709999977524;394.2709999977524;eev,integrated,separated,ws
12206136;416;g_000;2;1;60;line_consecutive;0.3;1416;13;16;11-14,14-23;4,10;54788.306;56250.922000000006;56526.96799999775;56526.96799999775;1462.616000000009;276.0459999977465;276.0459999977465;eev,integrated,separated,ws
12206136;417;g_000;2;1;60;line_consecutive;0.3;1417;13;17;14-23,23-24;4;54090.458;55770.28600000001;56014.79299529658;56014.79299529658;1679.8280000000086;244.5069952965714;244.5069952965714;eev,integrated,separated,ws
12206136;418;g_000;2;1;60;line_consecutive;0.3;1418;13;18;10-15,15-22;5;52366.067;52549.46699999725;53217.82699999775;53217.82699999775;183.39999999724387;668.3600000005026;668.3600000005026;eev,integrated,separated,ws
12206136;419;g_000;2;1;60;line_consecutive;0.3;1419;13;19;15-22,22-23;5;52508.26699999999;52929.011;52929.01099999774;52929.01099999775;420.74400000000605;-2.255546860396862e-09;-2.248270902782678e-09;eev,integrated,separated,ws
12206136;420;g_000;2;1;60;line_consecutive;0.3;1420;13;20;13-24,21-24;6;52518.698;53091.288;53149.07299999775;53149.07299999776;572.5900000000038;57.784999997747946;57.7849999977625;eev,integrated,separated,ws
12206136;421;g_000;2;1;60;line_consecutive;0.3;1421;13;21;20-21,21-24;6;52518.69800003461;53091.288;53149.07299999775;53149.07299999775;572.589999965392;57.784999997747946;57.784999997747946;eev,integrated,separated,ws
12206136;422;g_000;2;1;60;line_consecutive;0.3;1422;13;22;9-10,10-11;7;54485.441;55874.71799999983;56352.92899999775;56352.92899999775;1389.2769999998343;478.2109999979148;478.2109999979148;eev,integrated,separated,ws
12206136;423;g_000;2;1;60;line_consecutive;0.3;1423;13;23;8-9,9-10;7;52205.42599999999;52388.826;52419.24199999774;52419.24199999776;183.40000000000876;30.41599999774189;30.415999997756444;eev,integrated,separated,ws
12206136;424;g_000;2;1;60;line_consecutive;0.3;1424;13;24;1-3,3-12;8,12;55491.242;55971.73100000001;55971.730999997744;55971.73099999775;480.4890000000087;-2.262822818011045e-09;-2.255546860396862e-09;eev,integrated,separated,ws
12206136;425;g_000;2;1;60;line_consecutive;0.3;1425;13;25;3-12,11-12;8;56962.265;57125.05699999428;57149.38099999775;57149.38099999775;162.79199999428238;24.32400000347116;24.32400000347116;eev,integrated,separated,ws
12206136;426;g_000;2;1;60;line_consecutive;0.3;1426;13;26;11-12,11-14;8;56900.399;58140.268;58419.58999999774;58419.58999999805;1239.8689999999988;279.32199999774457;279.32199999805016;eev,integrated,separated,ws
12206136;427;g_000;2;1;60;line_consecutive;0.3;1427;13;27;5-6,5-9;9;51218.83999999904;51402.240000000005;51908.23999999775;51908.23999999776;183.40000000096188;505.99999999774445;505.9999999977517;eev,integrated,separated,ws
12206136;428;g_000;2;1;60;line_consecutive;0.3;1428;13;28;5-9,9-10;9;52205.42599999999;52388.826;52419.24199999774;52419.24199999776;183.40000000000876;30.41599999774189;30.415999997756444;eev,integrated,separated,ws
12206136;429;g_000;2;1;60;line_consecutive;0.3;1429;13;29;9-10,10-15;9;51984.494;52608.60899999999;52634.50099999775;52634.50099999775;624.1149999999907;25.89199999775883;25.89199999775883;eev,integrated,separated,ws
12206136;430;g_000;2;1;60;line_consecutive;0.3;1430;13;30;10-15,15-19;9;52734.386;53157.04500001221;53755.58899999775;53755.58899999775;422.6590000122087;598.5439999855444;598.5439999855444;eev,integrated,separated,ws
12206136;431;g_000;2;1;60;line_consecutive;0.3;1431;13;31;8-16,10-16;10;56525.78299999979;58026.26099992736;58540.15999999773;58540.15999999774;1500.4779999275706;513.8990000703707;513.899000070378;eev,integrated,separated,ws
12206136;432;g_000;2;1;60;line_consecutive;0.3;1432;13;32;10-11,11-14;10;59240.81;60725.632;60970.13899999774;60970.13899999774;1484.822;244.50699999774224;244.50699999774224;eev,integrated,separated,ws
12206136;433;g_000;2;1;60;line_consecutive;0.3;1433;13;33;18-20,20-22;11;51140.24000000011;51140.23999999995;51140.239999980186;51140.23999998019;-1.6007106751203534e-10;-1.9761500880122185e-08;-1.9754224922508e-08;eev,integrated,separated,ws
12206136;434;g_000;2;1;60;line_consecutive;0.3;1434;13;34;7-18,18-20;11;51140.24;51140.24000000552;51140.23999999775;51140.23999999775;5.52245182916522e-09;-7.770722731947899e-09;-7.770722731947899e-09;eev,integrated,separated,ws
12206136;435;g_000;2;1;60;line_consecutive;0.3;1435;13;35;3-12,12-13;12;51140.23999999999;51140.23999999999;51140.23999999775;51140.23999999775;0.0;-2.240994945168495e-09;-2.240994945168495e-09;eev,integrated,separated,ws
12206136;436;g_000;2;1;60;line_consecutive;0.3;1436;13;36;1-2,1-3;12;61514.32399999999;62853.708;62854.69999999776;62854.69999999776;1339.3840000000057;0.9919999977646512;0.9919999977646512;eev,integrated,separated,ws
12206136;437;g_000;2;1;60;line_consecutive;0.3;1437;13;37;15-19,17-19;13,14;61968.41299999999;62729.24499998683;62857.91899999774;62857.91899999774;760.83199998684;128.67400001090573;128.67400001090573;eev,integrated,separated,ws
12206136;438;g_000;2;1;60;line_consecutive;0.3;1438;13;38;15-19,15-22;13;53329.00099999999;53576.07199999998;53576.07199999775;53576.07199999776;247.070999999989;-2.2264430299401283e-09;-2.219167072325945e-09;eev,integrated,separated,ws
12206136;439;g_000;2;1;60;line_consecutive;0.3;1439;13;39;15-22,21-22;13;52508.26699999344;52783.69099999999;52783.69099999775;52783.69099999775;275.4240000065547;-2.240994945168495e-09;-2.240994945168495e-09;eev,integrated,separated,ws
12206136;440;g_000;2;1;60;line_consecutive;0.3;1440;13;40;14-15,15-19;14;51494.306;52156.737;52701.124999997744;52701.12499999775;662.4310000000041;544.3879999977435;544.3879999977507;eev,integrated,separated,ws
12206136;441;g_000;2;1;60;line_consecutive;0.3;1441;13;41;10-17,17-19;14;59367.36200000584;60711.25999999999;60808.70899999775;60808.70899999776;1343.897999994144;97.44899999775951;97.44899999777408;eev,integrated,separated,ws
12206136;442;g_000;2;1;60;line_consecutive;0.7;1442;14;0;10-11,11-12;1,7;59837.306;61189.248;63682.85399999902;62028.48;1351.9420000000027;2493.605999999017;839.2320000000036;eev,integrated,separated,ws
12206136;443;g_000;2;1;60;line_consecutive;0.7;1443;14;1;10-11,10-16;1,10;57206.69199999999;58152.21399999999;61013.01899999903;59466.025;945.5220000000044;2860.80499999904;1313.8110000000088;eev,integrated,separated,ws
12206136;444;g_000;2;1;60;line_consecutive;0.7;1444;14;2;10-16,16-18;1;54272.55099999999;54897.70299723214;58306.04199999903;56284.93599824682;625.1519972321476;3408.339002766894;1387.2330010146834;eev,integrated,separated,ws
12206136;445;g_000;2;1;60;line_consecutive;0.7;1445;14;3;2-6,6-8;2;61652.812;63737.39099999999;66963.42499999903;65280.234;2084.57899999999;3226.033999999039;1542.843000000008;eev,integrated,separated,ws
12206136;446;g_000;2;1;60;line_consecutive;0.7;1446;14;4;6-8,8-16;2;61840.85299999999;62993.58800000002;66383.45399999902;63610.22399999998;1152.7350000000297;3389.865999999005;616.6359999999622;eev,integrated,separated,ws
12206136;447;g_000;2;1;60;line_consecutive;0.7;1447;14;5;8-16,16-17;2,13;61421.658;62649.532;65725.32799999902;63553.048;1227.8739999999962;3075.79599999902;903.5160000000031;eev,integrated,separated,ws
12206136;448;g_000;2;1;60;line_consecutive;0.7;1448;14;6;16-17,17-19;2,13;70336.85800001364;71391.64199999999;73700.00099999903;71888.454;1054.78399998635;2308.3589999990363;496.81200000000536;eev,integrated,separated,ws
12206136;449;g_000;2;1;60;line_consecutive;0.7;1449;14;7;17-19,19-20;2;70175.07400000001;71406.89999999998;74108.23399999904;73704.296;1231.8259999999718;2701.3339999990567;2297.3960000000225;eev,integrated,separated,ws
12206136;450;g_000;2;1;60;line_consecutive;0.7;1450;14;8;3-4,4-5;3;59194.91599999999;59953.09799999999;60558.62799999904;60558.627968370536;758.1820000000007;605.5299999990457;605.5299683705452;eev,integrated,separated,ws
12206136;451;g_000;2;1;60;line_consecutive;0.7;1451;14;9;4-5,5-9;3;51323.639999997744;51402.23999999999;52932.239999999045;52932.239999999045;78.60000000224682;1529.999999999054;1529.999999999054;eev,integrated,separated,ws
12206136;452;g_000;2;1;60;line_consecutive;0.7;1452;14;10;5-9,8-9;3;53625.67399999999;53704.27399999999;54124.57799999903;54124.57799999903;78.59999999999854;420.3039999990433;420.3039999990433;eev,integrated,separated,ws
12206136;453;g_000;2;1;60;line_consecutive;0.7;1453;14;11;7-8,8-9;3,7;51140.23999999998;51140.23999999999;51140.23999999903;51140.23999999903;7.275957614183426e-12;-9.60426405072212e-10;-9.60426405072212e-10;eev,integrated,separated,ws
12206136;454;g_000;2;1;60;line_consecutive;0.7;1454;14;12;7-8,7-18;3,11;51140.24;51140.23999999999;51140.23999999903;51140.23999999903;-7.275957614183426e-12;-9.60426405072212e-10;-9.60426405072212e-10;eev,integrated,separated,ws
12206136;455;g_000;2;1;60;line_consecutive;0.7;1455;14;13;1-3,3-4;4;63446.33799999935;63763.060000000056;64583.68399999903;64583.68399999903;316.72200000070734;820.6239999989775;820.6239999989775;eev,integrated,separated,ws
12206136;456;g_000;2;1;60;line_consecutive;0.7;1456;14;14;3-4,4-11;4;59194.91599999999;59953.09799999999;60558.62799999904;60558.627968370536;758.1820000000007;605.5299999990457;605.5299683705452;eev,integrated,separated,ws
12206136;457;g_000;2;1;60;line_consecutive;0.7;1457;14;15;4-11,11-14;4;59315.81999999999;60223.68000000001;63227.52499999904;62362.902;907.8600000000152;3003.844999999033;2139.2219999999943;eev,integrated,separated,ws
12206136;458;g_000;2;1;60;line_consecutive;0.7;1458;14;16;11-14,14-23;4,10;59652.394;60712.946;63709.27199999904;62844.649000000005;1060.552000000003;2996.325999999033;2131.7030000000013;eev,integrated,separated,ws
12206136;459;g_000;2;1;60;line_consecutive;0.7;1459;14;17;14-23,23-24;4;58024.08199999999;59635.93499999999;62514.19698902962;61649.57400000001;1611.8530000000028;2878.2619890296264;2013.6390000000172;eev,integrated,separated,ws
12206136;460;g_000;2;1;60;line_consecutive;0.7;1460;14;18;10-15,15-22;5;54000.503;54079.103;55987.94299999903;55987.94299999904;78.60000000000582;1908.8399999990288;1908.839999999036;eev,integrated,separated,ws
12206136;461;g_000;2;1;60;line_consecutive;0.7;1461;14;19;15-22,22-23;5;54332.303;54885.65899999997;55314.03899999903;55314.03899999904;553.3559999999707;428.3799999990588;428.37999999906606;eev,integrated,separated,ws
12206136;462;g_000;2;1;60;line_consecutive;0.7;1462;14;20;13-24,21-24;6;54356.642;54842.15199999998;55827.51699999903;55827.51699999903;485.5099999999802;985.364999999052;985.364999999052;eev,integrated,separated,ws
12206136;463;g_000;2;1;60;line_consecutive;0.7;1463;14;21;20-21,21-24;6;54356.64200008076;54842.152;55827.51699999903;55827.51699999903;485.5099999192389;985.3649999990304;985.3649999990304;eev,integrated,separated,ws
12206136;464;g_000;2;1;60;line_consecutive;0.7;1464;14;22;9-10,10-11;7;58945.709;60130.24500000002;63303.18099999902;61746.72299999998;1184.5360000000146;3172.9359999990047;1616.4779999999664;eev,integrated,separated,ws
12206136;465;g_000;2;1;60;line_consecutive;0.7;1465;14;23;8-9,9-10;7;53625.67399999999;53704.27399999999;54124.57799999903;54124.57799999903;78.59999999999854;420.3039999990433;420.3039999990433;eev,integrated,separated,ws
12206136;466;g_000;2;1;60;line_consecutive;0.7;1466;14;24;1-3,3-12;8,12;61292.57799999999;61609.29999999999;62413.71899999902;62413.71899999903;316.7220000000016;804.418999999034;804.4189999990413;eev,integrated,separated,ws
12206136;467;g_000;2;1;60;line_consecutive;0.7;1467;14;25;3-12,11-12;8;64724.96499999999;64794.73300023368;65161.56899999903;64794.73299999998;69.76800023369287;366.83599976534606;-2.3370375856757167e-07;eev,integrated,separated,ws
12206136;468;g_000;2;1;60;line_consecutive;0.7;1468;14;26;11-12,11-14;8;64580.611;65414.986;68125.38999999902;66424.732;834.375;2710.4039999990277;1009.7460000000063;eev,integrated,separated,ws
12206136;469;g_000;2;1;60;line_consecutive;0.7;1469;14;27;5-6,5-9;9;51323.639999997744;51402.23999999999;52932.239999999045;52932.239999999045;78.60000000224682;1529.999999999054;1529.999999999054;eev,integrated,separated,ws
12206136;470;g_000;2;1;60;line_consecutive;0.7;1470;14;28;5-9,9-10;9;53625.67399999999;53704.27399999999;54124.57799999903;54124.57799999903;78.59999999999854;420.3039999990433;420.3039999990433;eev,integrated,separated,ws
12206136;471;g_000;2;1;60;line_consecutive;0.7;1471;14;29;9-10,10-15;9;53110.166;53490.15199999999;54626.84899999903;54626.84899999904;379.9859999999899;1136.6969999990397;1136.6969999990542;eev,integrated,separated,ws
12206136;472;g_000;2;1;60;line_consecutive;0.7;1472;14;30;10-15,15-19;9;54859.914;55244.89599999999;57242.72099999903;57242.72099999903;384.98199999999633;1997.824999999037;1997.824999999037;eev,integrated,separated,ws
12206136;473;g_000;2;1;60;line_consecutive;0.7;1473;14;31;8-16,10-16;10;63706.50699999953;64767.64399999999;68406.71999999901;65613.78299904813;1061.1370000004608;3639.075999999018;846.138999048133;eev,integrated,separated,ws
12206136;474;g_000;2;1;60;line_consecutive;0.7;1474;14;32;10-11,11-14;10;70041.56999999998;71029.97999999998;74076.67099999903;72858.35499999998;988.4100000000036;3046.6909999990457;1828.375;eev,integrated,separated,ws
12206136;475;g_000;2;1;60;line_consecutive;0.7;1475;14;33;18-20,20-22;11;51140.24000000025;51140.23999999999;51140.23999995806;51140.23999995807;-2.6193447411060333e-10;-4.1931343730539083e-08;-4.19240677729249e-08;eev,integrated,separated,ws
12206136;476;g_000;2;1;60;line_consecutive;0.7;1476;14;34;7-18,18-20;11;51140.24;51140.23999999999;51140.23999999903;51140.23999999903;-7.275957614183426e-12;-9.60426405072212e-10;-9.60426405072212e-10;eev,integrated,separated,ws
12206136;477;g_000;2;1;60;line_consecutive;0.7;1477;14;35;3-12,12-13;12;51140.23999999999;51140.23999999999;51140.23999999903;51140.23999999903;0.0;-9.60426405072212e-10;-9.60426405072212e-10;eev,integrated,separated,ws
12206136;478;g_000;2;1;60;line_consecutive;0.7;1478;14;36;1-2,1-3;12;75346.43599999997;76230.545;78473.97999999904;78473.97999999905;884.1090000000258;2243.434999999037;2243.434999999052;eev,integrated,separated,ws
12206136;479;g_000;2;1;60;line_consecutive;0.7;1479;14;37;15-19,17-19;13,14;76405.97699999998;77185.29999999997;78481.49099999902;80804.802;779.3229999999894;1296.1909999990455;3619.5020000000222;eev,integrated,separated,ws
12206136;480;g_000;2;1;60;line_consecutive;0.7;1480;14;38;15-19,15-22;13;56247.34899999999;56514.186;56823.84799999903;56823.84799999904;266.8370000000141;309.6619999990289;309.6619999990362;eev,integrated,separated,ws
12206136;481;g_000;2;1;60;line_consecutive;0.7;1481;14;39;15-22,21-22;13;54332.30299998471;54736.91999999999;54974.95899999903;54974.95899999903;404.6170000152779;238.0389999990366;238.0389999990366;eev,integrated,separated,ws
12206136;482;g_000;2;1;60;line_consecutive;0.7;1482;14;40;14-15,15-19;14;51966.39399999999;52320.46000000076;54782.30499999903;54782.30499999903;354.06600000077015;2461.844999998269;2461.844999998269;eev,integrated,separated,ws
12206136;483;g_000;2;1;60;line_consecutive;0.7;1483;14;41;10-17,17-19;14;70336.85800001364;71391.64199999999;73700.00099999903;71888.454;1054.78399998635;2308.3589999990363;496.81200000000536;eev,integrated,separated,ws
12206136;484;g_000;2;1;30;line_all;0.5;1484;15;0;10-15,15-22;5;53183.285;53314.28500000001;54602.8849999984;54602.8849999984;131.00000000000728;1288.5999999983906;1288.5999999983906;eev,integrated,separated,ws
12206136;485;g_000;2;1;30;line_all;0.5;1485;15;1;5-9,8-9;3;52915.54999999999;53046.55000000001;53271.90999999839;53271.9099999984;131.00000000002183;225.35999999837804;225.3599999983926;eev,integrated,separated,ws
12206136;486;g_000;2;1;30;line_all;0.5;1486;15;2;3-4,14-23;4;57547.885;58685.740000000005;59939.50999999838;59939.50999999839;1137.8550000000032;1253.7699999983745;1253.7699999983815;eev,integrated,separated,ws
12206136;487;g_000;2;1;30;line_all;0.5;1487;15;3;6-8,8-16;2;58783.53499999999;60457.44000000001;62028.24999999839;61262.50999999998;1673.905000000021;1570.8099999983824;805.0699999999706;eev,integrated,separated,ws
12206136;488;g_000;2;1;30;line_all;0.5;1488;15;4;3-4,4-11;4;56893.58;57761.415000000976;57867.65999999839;57867.6599999984;867.8350000009741;106.24499999741238;106.24499999742692;eev,integrated,separated,ws
12206136;489;g_000;2;1;30;line_all;0.5;1489;15;5;10-16,11-14;10;57483.47;58835.10499999826;60902.45999999838;60902.459999998384;1351.6349999982558;2067.35500000012;2067.355000000127;eev,integrated,separated,ws
12206136;490;g_000;2;1;30;line_all;0.5;1490;15;6;15-19,15-22;13;54788.17499999999;55074.350000000006;55199.95999999839;55199.95999999839;286.17500000001746;125.60999999838532;125.60999999838532;eev,integrated,separated,ws
12206136;491;g_000;2;1;30;line_all;0.5;1491;15;7;1-3,3-12;8,12;58391.90999999999;58918.0;59192.72499999839;59192.7249999984;526.0900000000111;274.72499999839056;274.72499999839783;eev,integrated,separated,ws
12206136;492;g_000;2;1;30;line_all;0.5;1492;15;8;2-6,17-19;2;64830.9450000029;67739.76499999998;69249.21999999839;69928.14500000002;2908.819999997082;1509.454999998401;2188.3800000000338;eev,integrated,separated,ws
12206136;493;g_000;2;1;30;line_all;0.5;1493;15;9;16-17,17-19;2,13;64852.11000000975;66210.65;67254.3549999984;66790.69;1358.5399999902438;1043.704999998401;580.0400000000081;eev,integrated,separated,ws
12206136;494;g_000;2;1;30;line_all;0.5;1494;15;10;10-16,14-23;10;56907.00999999998;57988.48000000002;60148.58999999838;60148.5899999984;1081.4700000000375;2160.1099999983635;2160.1099999983853;eev,integrated,separated,ws
12206136;495;g_000;2;1;30;line_all;0.5;1495;15;11;3-4,7-8;3;55065.45999999999;55980.80500000013;57075.83499999839;57075.83499999839;915.3450000001394;1095.02999999826;1095.02999999826;eev,integrated,separated,ws
12206136;496;g_000;2;1;30;line_all;0.5;1496;15;12;1-2,1-3;12;68430.37999999999;69778.335;70664.3399999984;70664.3399999984;1347.9550000000163;886.0049999983894;886.0049999983894;eev,integrated,separated,ws
12206136;497;g_000;2;1;30;line_all;0.5;1497;15;13;2-6,16-17;2;59581.235;62808.43499999999;63753.92999999839;64655.545;3227.19999999999;945.494999998402;1847.110000000008;eev,integrated,separated,ws
12206136;498;g_000;2;1;30;line_all;0.5;1498;15;14;3-12,11-12;8;60843.61499999999;60959.895;61155.47499999839;61155.4749999984;116.28000000000613;195.57999999839376;195.57999999840104;eev,integrated,separated,ws
12206136;499;g_000;2;1;30;line_all;0.5;1499;15;15;13-24,20-21;6;53437.67;53966.72000000001;54488.29499999839;54488.2949999984;529.0500000000102;521.5749999983818;521.5749999983891;eev,integrated,separated,ws
12206136;500;g_000;2;1;30;line_all;0.5;1500;15;16;4-11,23-24;4;54434.545;56347.87500000001;57775.24499999839;57775.2449999984;1913.330000000009;1427.36999999838;1427.3699999983946;eev,integrated,separated,ws
12206136;501;g_000;2;1;30;line_all;0.5;1501;15;17;10-11,16-18;1;55473.41999999995;56853.72;58192.22499999839;58192.2249970308;1380.3000000000538;1338.5049999983894;1338.5049970307955;eev,integrated,separated,ws
12206136;502;g_000;2;1;30;line_all;0.5;1502;15;18;4-5,5-9;3;51271.23999999839;51402.23999999664;52420.2399999984;52420.239999998405;130.9999999982465;1018.0000000017608;1018.000000001768;eev,integrated,separated,ws
12206136;503;g_000;2;1;30;line_all;0.5;1503;15;19;11-12,11-14;8;60740.505000000005;62088.83000000001;63272.48999999839;63272.4899999984;1348.3250000000044;1183.659999998381;1183.6599999983882;eev,integrated,separated,ws
12206136;504;g_000;2;1;30;line_all;0.5;1504;15;20;5-6,15-19;9;51730.350000000006;52320.46000000001;53777.03499999839;53777.0349999984;590.1100000000006;1456.5749999983818;1456.5749999983964;eev,integrated,separated,ws
12206136;505;g_000;2;1;30;line_all;0.5;1505;15;21;10-16,16-18;1;53377.605;54299.87;56258.66999999839;56258.6699999984;922.2649999999994;1958.799999998388;1958.799999998395;eev,integrated,separated,ws
12206136;506;g_000;2;1;30;line_all;0.5;1506;15;22;10-17,17-19;14;64852.11000000975;66210.65;67254.3549999984;66790.69;1358.5399999902438;1043.704999998401;580.0400000000081;eev,integrated,separated,ws
12206136;507;g_000;2;1;30;line_all;0.5;1507;15;23;5-9,7-8;3;52420.239999999845;52420.23999999695;52420.23999999839;52420.2399999984;-2.8958311304450035e-09;1.4406396076083183e-09;1.4479155652225018e-09;eev,integrated,separated,ws
12206136;508;g_000;2;1;30;line_all;0.5;1508;15;24;1-3,23-24;4;61225.96000000017;62102.52999999999;62503.55999999838;62503.55999999839;876.5699999998251;401.0299999983909;401.0299999983981;eev,integrated,separated,ws
12206136;509;g_000;2;1;30;line_all;0.5;1509;15;25;15-22,17-19;13;62585.56;63517.35000000003;64073.2299999984;64102.55499999999;931.79000000003;555.8799999983748;585.2049999999654;eev,integrated,separated,ws
12206136;510;g_000;2;1;30;line_all;0.5;1510;15;26;3-12,11-14;8;55892.98500000005;56518.615000000005;57293.02999999839;57293.0299999984;625.6299999999537;774.4149999983856;774.4149999983929;eev,integrated,separated,ws
12206136;511;g_000;2;1;30;line_all;0.5;1511;15;27;15-19,21-22;13;51730.34999999999;52320.46000000001;53741.71500000029;53741.71500000029;590.1100000000151;1421.2550000002811;1421.2550000002811;eev,integrated,separated,ws
12206136;512;g_000;2;1;30;line_all;0.5;1512;15;28;10-15,22-23;5;52049.835;52180.83500000703;53427.95499999839;53427.9549999984;131.00000000702858;1247.1199999913588;1247.119999991373;eev,integrated,separated,ws
12206136;513;g_000;2;1;30;line_all;0.5;1513;15;29;7-18,20-22;11;51140.24;51140.240000000005;51140.23999999839;51140.23999999839;7.275957614183426e-12;-1.6152625903487206e-09;-1.6152625903487206e-09;eev,integrated,separated,ws
12206136;514;g_000;2;1;30;random;0.5;1514;16;0;10-15,14-15;;52762.89999999999;53018.73000000001;53912.16499999839;53912.16499999839;255.8300000000236;893.4349999983824;893.4349999983824;eev,integrated,separated,ws
12206136;515;g_000;2;1;30;random;0.5;1515;16;1;1-2,10-17;;51307.5;51474.76;51600.3699999984;51600.3699999984;167.26000000000204;125.60999999839989;125.60999999839989;eev,integrated,separated,ws
12206136;516;g_000;2;1;30;random;0.5;1516;16;2;6-8,11-12;;61664.39499999999;64068.06500000001;65059.327499998384;65059.32749999839;2403.67000000002;991.2624999983746;991.2624999983818;eev,integrated,separated,ws
12206136;517;g_000;2;1;30;random;0.5;1517;16;3;14-15,18-20;;51307.5;51474.76000000001;51600.3699999984;51600.36999999839;167.2600000000093;125.6099999983926;125.60999999837804;eev,integrated,separated,ws
12206136;518;g_000;2;1;30;random;0.5;1518;16;4;1-3,8-9;;59552.78999999998;60080.65999999999;60353.6049999984;60353.6049999984;527.8700000000099;272.94499999841355;272.94499999841355;eev,integrated,separated,ws
12206136;519;g_000;2;1;30;random;0.5;1519;16;5;1-2,16-18;;52659.84999999999;53324.04499999999;55021.82999999839;55021.82999999839;664.1949999999997;1697.7849999983955;1697.7849999983955;eev,integrated,separated,ws
12206136;520;g_000;2;1;30;random;0.5;1520;16;6;9-10,15-19;;52110.56999999999;53043.175;54027.14499999839;54027.1449999984;932.6050000000104;983.969999998386;983.9699999984005;eev,integrated,separated,ws
12206136;521;g_000;2;1;30;random;0.5;1521;16;7;5-6,21-22;;51537.84;51935.44000000001;52990.22499999839;52990.22499999839;397.6000000000131;1054.784999998381;1054.784999998381;eev,integrated,separated,ws
12206136;522;g_000;2;1;30;random;0.5;1522;16;8;2-6,10-17;;59395.485;61078.49000000251;62401.05499999839;62401.05499999839;1683.0050000025076;1322.564999995884;1322.564999995884;eev,integrated,separated,ws
12206136;523;g_000;2;1;30;random;0.5;1523;16;9;4-5,4-11;;56893.58;57761.415000000976;57867.65999999839;57867.6599999984;867.8350000009741;106.24499999741238;106.24499999742692;eev,integrated,separated,ws
12206136;524;g_000;2;1;30;random;0.5;1524;16;10;9-10,11-12;;56347.605;57418.375;58507.29999999839;58507.2999999984;1070.7699999999968;1088.9249999983876;1088.9249999984022;eev,integrated,separated,ws
12206136;525;g_000;2;1;30;random;0.5;1525;16;11;3-4,5-6;;56304.855;57450.01999999976;58641.16499999839;58641.1649999984;1145.1649999997535;1191.1449999986362;1191.1449999986437;eev,integrated,separated,ws
12206136;526;g_000;2;1;30;random;0.5;1526;16;12;5-6,17-19;;61364.515;62150.29500005618;62631.29999999839;62150.29500000001;785.7800000561838;481.0049999422045;-5.6170392781496055e-08;eev,integrated,separated,ws
12206136;527;g_000;2;1;30;random;0.5;1527;16;13;4-11,10-17;;54426.52;55511.375;56435.91999999839;56435.9199999984;1084.8550000000032;924.5449999983904;924.5449999983977;eev,integrated,separated,ws
12206136;528;g_000;2;1;30;random;0.5;1528;16;14;10-17,22-23;;52214.72999999933;52414.94;52540.54999999839;52540.5499999984;200.2100000006758;125.60999999838532;125.60999999839989;eev,integrated,separated,ws
12206136;529;g_000;2;1;30;random;0.5;1529;16;15;10-11,15-19;;58754.99499999975;59887.54500000001;61571.04499999838;61571.04499999838;1132.5500000002648;1683.4999999983702;1683.4999999983702;eev,integrated,separated,ws
12206136;530;g_000;2;1;30;random;0.5;1530;16;16;10-11,10-15;;57881.85999999;58989.57499999952;60682.05499999839;60682.05499999839;1107.7150000095137;1692.4799999988754;1692.4799999988754;eev,integrated,separated,ws
12206136;531;g_000;2;1;30;random;0.5;1531;16;17;13-24,20-21;;53437.67;53966.72000000001;54488.29499999839;54488.2949999984;529.0500000000102;521.5749999983818;521.5749999983891;eev,integrated,separated,ws
12206136;532;g_000;2;1;30;random;0.5;1532;16;18;11-12,19-20;;61993.33499999999;64452.200000026176;65441.39499999839;65441.3949999984;2458.865000026184;989.1949999722128;989.1949999722274;eev,integrated,separated,ws
12206136;533;g_000;2;1;30;random;0.5;1533;16;19;2-6,15-19;;62871.09499999997;63718.48000000001;64627.7149999984;64627.7149999984;847.3850000000384;909.2349999983926;909.2349999983926;eev,integrated,separated,ws
12206136;534;g_000;2;1;30;random;0.5;1534;16;20;2-6,3-4;;63174.740000000005;66918.95499999999;68312.1499999984;68312.1499999984;3744.214999999982;1393.1949999984065;1393.1949999984065;eev,integrated,separated,ws
12206136;535;g_000;2;1;30;random;0.5;1535;16;21;14-23,20-21;;56021.55;56660.475;58128.56999999839;58128.56999999839;638.9249999999956;1468.0949999983932;1468.0949999983932;eev,integrated,separated,ws
12206136;536;g_000;2;1;30;random;0.5;1536;16;22;16-17,20-22;;56436.240000000005;57344.13;57945.21499999839;57889.19;907.889999999992;601.0849999983911;545.060000000005;eev,integrated,separated,ws
12206136;537;g_000;2;1;30;random;0.5;1537;16;23;10-11,21-22;;55740.935;57221.47999999991;58685.24999999837;58685.24999999926;1480.544999999911;1463.7699999984616;1463.7699999993492;eev,integrated,separated,ws
12206136;538;g_000;2;1;30;random;0.5;1538;16;24;3-12,5-6;;51271.240000000005;51402.24000000001;52420.23999999839;52420.23999999839;131.00000000000728;1017.9999999983776;1017.9999999983776;eev,integrated,separated,ws
12206136;539;g_000;2;1;30;random;0.5;1539;16;25;4-11,5-6;;54435.24500000007;55512.215;56976.81999999839;56976.81999999839;1076.9699999999284;1464.6049999983952;1464.6049999983952;eev,integrated,separated,ws
12206136;540;g_000;2;1;30;random;0.5;1540;16;26;8-16,15-22;;59030.49499999998;60668.2;62081.45000000556;61344.33;1637.7050000000163;1413.250000005566;676.1300000000047;eev,integrated,separated,ws
12206136;541;g_000;2;1;30;random;0.5;1541;16;27;5-9,15-19;;51730.35000000014;52320.46000000001;53777.03499999839;53777.03499999839;590.1099999998696;1456.5749999983818;1456.5749999983818;eev,integrated,separated,ws
12206136;542;g_000;2;1;30;random;0.5;1542;16;28;3-12,20-21;;53432.83499999999;53432.83499999999;53432.83499999839;53432.8349999984;0.0;-1.6007106751203535e-09;-1.5934347175061703e-09;eev,integrated,separated,ws
12206136;543;g_000;2;1;30;random;0.5;1543;16;29;5-6,18-20;;51271.24;51402.24;52420.23999999839;52420.23999999839;131.0;1017.999999998392;1017.999999998392;eev,integrated,separated,ws
