array_job_id;task_id;run_group_id;case_k;case_per_run;case_variants;case_selection;case_p_fail;case_id;case_sweep_row;case_variant_idx;case_edges;case_lines;WS;RP;EEV_nom;EEV_mean;EVPI;VSS_nom;VSS_mean;procedures_present;source;network;scenario_line_data;routing_agg;waiting_time_frequency;gap;time_limit;travel_time_cost_mult;waiting_time_cost_mult;line_operation_cost_mult;cost_repl_freq;cost_repl_line;repl_budget;bypass_multiplier;overdemand_threshold;overdemand_multiplier;num_od;train_capacity;infrastructure_capacity;max_frequency;threads;scenario_infra_id;scenario_prob_id
12428911;0;g_000;1;1;38;line_consecutive;0.5;1000;0;0;11-12;1,7,8;53757.192;54230.132000000034;54882.3069999992;54882.30699999946;472.9400000000314;652.1749999991662;652.1749999994281;eev,integrated,separated,ws;lintim;SiouxFalls;SiouxFalls;True;False;1e-05;6000;1;2;20;50;200;-5;10;0.75;2;55;50;10;10;16;1000;1000
12428911;1;g_000;1;1;38;line_consecutive;0.5;1001;0;1;10-11;1,7,10;54514.11499999999;55226.02000000001;56165.72199999973;56165.722;711.9050000000207;939.701999999721;939.7019999999902;eev,integrated,separated,ws;lintim;SiouxFalls;SiouxFalls;True;False;1e-05;6000;1;2;20;50;200;-5;10;0.75;2;55;50;10;10;16;1001;1001
12428911;2;g_000;1;1;38;line_consecutive;0.5;1002;0;2;10-16;1,10;52975.765;53837.22000000001;55286.14498594973;55286.144985949984;861.455000000009;1448.9249859497213;1448.924985949976;eev,integrated,separated,ws;lintim;SiouxFalls;SiouxFalls;True;False;1e-05;6000;1;2;20;50;200;-5;10;0.75;2;55;50;10;10;16;1002;1002
12428911;3;g_000;1;1;38;line_consecutive;0.5;1003;0;3;16-18;1;52094.34;52720.29499999991;54378.68499999973;54378.685;625.9549999999144;1658.3899999998175;1658.3900000000867;eev,integrated,separated,ws;lintim;SiouxFalls;SiouxFalls;True;False;1e-05;6000;1;2;20;50;200;-5;10;0.75;2;55;50;10;10;16;1003;1003
12428911;4;g_000;1;1;38;line_consecutive;0.5;1004;0;4;2-6;2;53941.76999999999;54333.50000000001;54734.774999999725;54734.775;391.73000000001775;401.2749999997177;401.2749999999942;eev,integrated,separated,ws;lintim;SiouxFalls;SiouxFalls;True;False;1e-05;6000;1;2;20;50;200;-5;10;0.75;2;55;50;10;10;16;1004;1004
12428911;5;g_000;1;1;38;line_consecutive;0.5;1005;0;5;6-8;2;53941.77;54333.50000000001;54734.77499999973;54734.775;391.7300000000105;401.27499999972497;401.2749999999942;eev,integrated,separated,ws;lintim;SiouxFalls;SiouxFalls;True;False;1e-05;6000;1;2;20;50;200;-5;10;0.75;2;55;50;10;10;16;1005;1005
12428911;6;g_000;1;1;38;line_consecutive;0.5;1006;0;6;8-16;2,10,13;54504.56;54907.210000000014;55956.48999999973;55524.15499999948;402.650000000016;1049.279999999715;616.9449999994686;eev,integrated,separated,ws;lintim;SiouxFalls;SiouxFalls;True;False;1e-05;6000;1;2;20;50;200;-5;10;0.75;2;55;50;10;10;16;1006;1006
12428911;7;g_000;1;1;38;line_consecutive;0.5;1007;0;7;16-17;2,13;54147.56999999999;54476.04000000001;55250.17499999973;55250.175;328.4700000000157;774.1349999997183;774.1349999999948;eev,integrated,separated,ws;lintim;SiouxFalls;SiouxFalls;True;False;1e-05;6000;1;2;20;50;200;-5;10;0.75;2;55;50;10;10;16;1007;1007
12428911;8;g_000;1;1;38;line_consecutive;0.5;1008;0;8;17-19;2,13,14;55103.821;55561.6295;56441.07549999973;56008.7405;457.8084999999992;879.4459999997271;447.1109999999972;eev,integrated,separated,ws;lintim;SiouxFalls;SiouxFalls;True;False;1e-05;6000;1;2;20;50;200;-5;10;0.75;2;55;50;10;10;16;1008;1008
12428911;9;g_000;1;1;38;line_consecutive;0.5;1009;0;9;19-20;2;53941.76999999999;54333.5;54734.77499999973;54734.775;391.7300000000105;401.2749999997322;401.2750000000015;eev,integrated,separated,ws;lintim;SiouxFalls;SiouxFalls;True;False;1e-05;6000;1;2;20;50;200;-5;10;0.75;2;55;50;10;10;16;1009;1009
12428911;10;g_000;1;1;38;line_consecutive;0.5;1010;0;10;3-4;3,4;53084.14499999821;53880.670000000006;54726.67499999973;54726.67499999999;796.5250000017986;846.0049999997209;846.0049999999828;eev,integrated,separated,ws;lintim;SiouxFalls;SiouxFalls;True;False;1e-05;6000;1;2;20;50;200;-5;10;0.75;2;55;50;10;10;16;1010;1010
12428911;11;g_000;1;1;38;line_consecutive;0.5;1011;0;11;4-5;3;50928.38;50928.379999999735;50928.37999999973;50928.37999999999;-2.6193447411060333e-10;-7.275957614183426e-12;2.5465851649641985e-10;eev,integrated,separated,ws;lintim;SiouxFalls;SiouxFalls;True;False;1e-05;6000;1;2;20;50;200;-5;10;0.75;2;55;50;10;10;16;1011;1011
12428911;12;g_000;1;1;38;line_consecutive;0.5;1012;0;12;5-9;3,9;51019.12;51109.86000000001;51547.63999999973;51547.64;90.74000000000524;437.7799999997224;437.7799999999916;eev,integrated,separated,ws;lintim;SiouxFalls;SiouxFalls;True;False;1e-05;6000;1;2;20;50;200;-5;10;0.75;2;55;50;10;10;16;1012;1012
12428911;13;g_000;1;1;38;line_consecutive;0.5;1013;0;13;8-9;3,7;50928.37999999981;50928.38;50928.37999999973;50928.37999999999;1.8917489796876907e-10;-2.692104317247868e-10;-7.275957614183426e-12;eev,integrated,separated,ws;lintim;SiouxFalls;SiouxFalls;True;False;1e-05;6000;1;2;20;50;200;-5;10;0.75;2;55;50;10;10;16;1013;1013
12428911;14;g_000;1;1;38;line_consecutive;0.5;1014;0;14;7-8;3,7,11;50928.37999999999;50928.380000000005;50928.37999999973;50928.37999999999;1.4551915228366852e-11;-2.764863893389702e-10;-1.4551915228366852e-11;eev,integrated,separated,ws;lintim;SiouxFalls;SiouxFalls;True;False;1e-05;6000;1;2;20;50;200;-5;10;0.75;2;55;50;10;10;16;1014;1014
12428911;15;g_000;1;1;38;line_consecutive;0.5;1015;0;15;7-18;3,11;50928.37999999999;50928.380000000005;50928.37999999973;50928.38000000059;1.4551915228366852e-11;-2.764863893389702e-10;5.820766091346741e-10;eev,integrated,separated,ws;lintim;SiouxFalls;SiouxFalls;True;False;1e-05;6000;1;2;20;50;200;-5;10;0.75;2;55;50;10;10;16;1015;1015
12428911;16;g_000;1;1;38;line_consecutive;0.5;1016;0;16;1-3;4,8,12;55105.995;55592.88000000001;55809.21499999972;55809.21499999972;486.8850000000093;216.3349999997081;216.3349999997081;eev,integrated,separated,ws;lintim;SiouxFalls;SiouxFalls;True;False;1e-05;6000;1;2;20;50;200;-5;10;0.75;2;55;50;10;10;16;1016;1016
12428911;17;g_000;1;1;38;line_consecutive;0.5;1017;0;17;4-11;4;53010.76999999999;53880.669999999554;54726.67499999973;54726.67499999967;869.8999999995649;846.005000000172;846.0050000001138;eev,integrated,separated,ws;lintim;SiouxFalls;SiouxFalls;True;False;1e-05;6000;1;2;20;50;200;-5;10;0.75;2;55;50;10;10;16;1017;1017
12428911;18;g_000;1;1;38;line_consecutive;0.5;1018;0;18;11-14;4,8,10;54541.92999999999;55187.40000000001;56283.34999999973;56283.34999999999;645.4700000000157;1095.9499999997206;1095.9499999999823;eev,integrated,separated,ws;lintim;SiouxFalls;SiouxFalls;True;False;1e-05;6000;1;2;20;50;200;-5;10;0.75;2;55;50;10;10;16;1018;1018
12428911;19;g_000;1;1;38;line_consecutive;0.5;1019;0;19;14-23;4,10;53531.34999999999;54383.405000000006;55239.439999999726;55239.44;852.0550000000148;856.0349999997197;856.0349999999962;eev,integrated,separated,ws;lintim;SiouxFalls;SiouxFalls;True;False;1e-05;6000;1;2;20;50;200;-5;10;0.75;2;55;50;10;10;16;1019;1019
12428911;20;g_000;1;1;38;line_consecutive;0.5;1020;0;20;23-24;4;53010.77000000001;53880.67000000001;54665.32499999973;54665.32499999966;869.9000000000015;784.6549999997151;784.6549999996496;eev,integrated,separated,ws;lintim;SiouxFalls;SiouxFalls;True;False;1e-05;6000;1;2;20;50;200;-5;10;0.75;2;55;50;10;10;16;1020;1020
12428911;21;g_000;1;1;38;line_consecutive;0.5;1021;0;21;10-15;5,9;51635.45;51727.72;52142.82499999973;52142.824999999735;92.27000000000407;415.1049999997267;415.104999999734;eev,integrated,separated,ws;lintim;SiouxFalls;SiouxFalls;True;False;1e-05;6000;1;2;20;50;200;-5;10;0.75;2;55;50;10;10;16;1021;1021
12428911;22;g_000;1;1;38;line_consecutive;0.5;1022;0;22;15-22;5,13;51710.00499999999;51712.55500000001;52144.88999999973;52144.89;2.5500000000174623;432.3349999997226;432.3349999999919;eev,integrated,separated,ws;lintim;SiouxFalls;SiouxFalls;True;False;1e-05;6000;1;2;20;50;200;-5;10;0.75;2;55;50;10;10;16;1022;1022
12428911;23;g_000;1;1;38;line_consecutive;0.5;1023;0;23;22-23;5;51282.01;51387.49000000597;51391.35499999973;51391.355;105.48000000596949;3.864999993755191;3.8649999940316775;eev,integrated,separated,ws;lintim;SiouxFalls;SiouxFalls;True;False;1e-05;6000;1;2;20;50;200;-5;10;0.75;2;55;50;10;10;16;1023;1023
12428911;24;g_000;1;1;38;line_consecutive;0.5;1024;0;24;13-24;6;51965.37999999999;51965.38000000001;51965.37999999973;51965.37999999997;2.182787284255028e-11;-2.8376234695315356e-10;-4.365574568510056e-11;eev,integrated,separated,ws;lintim;SiouxFalls;SiouxFalls;True;False;1e-05;6000;1;2;20;50;200;-5;10;0.75;2;55;50;10;10;16;1024;1024
12428911;25;g_000;1;1;38;line_consecutive;0.5;1025;0;25;21-24;6;51965.37999999999;51965.38000003431;51965.37999999973;51965.37999999997;3.432069206610322e-08;-3.4582626540213823e-08;-3.434251993894577e-08;eev,integrated,separated,ws;lintim;SiouxFalls;SiouxFalls;True;False;1e-05;6000;1;2;20;50;200;-5;10;0.75;2;55;50;10;10;16;1025;1025
12428911;26;g_000;1;1;38;line_consecutive;0.5;1026;0;26;20-21;6;51965.37999999999;51965.38000000008;51965.37999999973;51965.37999999997;8.731149137020111e-11;-3.4924596548080444e-10;-1.0913936421275139e-10;eev,integrated,separated,ws;lintim;SiouxFalls;SiouxFalls;True;False;1e-05;6000;1;2;20;50;200;-5;10;0.75;2;55;50;10;10;16;1026;1026
12428911;27;g_000;1;1;38;line_consecutive;0.5;1027;0;27;9-10;7,9;51266.89999999983;51547.63999999967;51547.63999999973;51547.64;280.7399999998452;5.820766091346741e-11;3.2741809263825417e-10;eev,integrated,separated,ws;lintim;SiouxFalls;SiouxFalls;True;False;1e-05;6000;1;2;20;50;200;-5;10;0.75;2;55;50;10;10;16;1027;1027
12428911;28;g_000;1;1;38;line_consecutive;0.5;1028;0;28;3-12;8,12;50928.38000001554;50928.37999969554;50928.37999999883;50928.3799999991;-3.199966158717871e-07;3.032910171896219e-07;3.035602276213467e-07;eev,integrated,separated,ws;lintim;SiouxFalls;SiouxFalls;True;False;1e-05;6000;1;2;20;50;200;-5;10;0.75;2;55;50;10;10;16;1028;1028
12428911;29;g_000;1;1;38;line_consecutive;0.5;1029;0;29;5-6;9;51019.12;51109.86000000001;51547.63999999973;51547.63999999999;90.74000000000524;437.7799999997224;437.7799999999843;eev,integrated,separated,ws;lintim;SiouxFalls;SiouxFalls;True;False;1e-05;6000;1;2;20;50;200;-5;10;0.75;2;55;50;10;10;16;1029;1029
12428911;30;g_000;1;1;38;line_consecutive;0.5;1030;0;30;15-19;9,13,14;51215.66;51502.94;52448.88499999973;52448.885;287.27999999999884;945.9449999997304;945.9449999999996;eev,integrated,separated,ws;lintim;SiouxFalls;SiouxFalls;True;False;1e-05;6000;1;2;20;50;200;-5;10;0.75;2;55;50;10;10;16;1030;1030
12428911;31;g_000;1;1;38;line_consecutive;0.5;1031;0;31;20-22;11;50928.37999999999;50928.380000000005;50928.37999999973;50928.37999999999;1.4551915228366852e-11;-2.764863893389702e-10;-1.4551915228366852e-11;eev,integrated,separated,ws;lintim;SiouxFalls;SiouxFalls;True;False;1e-05;6000;1;2;20;50;200;-5;10;0.75;2;55;50;10;10;16;1031;1031
12428911;32;g_000;1;1;38;line_consecutive;0.5;1032;0;32;18-20;11;50928.38000000072;50928.38000000002;50928.37999999973;50928.37999999999;-6.984919309616089e-10;-2.9103830456733704e-10;-2.9103830456733704e-11;eev,integrated,separated,ws;lintim;SiouxFalls;SiouxFalls;True;False;1e-05;6000;1;2;20;50;200;-5;10;0.75;2;55;50;10;10;16;1032;1032
12428911;33;g_000;1;1;38;line_consecutive;0.5;1033;0;33;12-13;12;50928.37999999999;50928.38;50928.37999999973;50928.38;7.275957614183426e-12;-2.692104317247868e-10;0.0;eev,integrated,separated,ws;lintim;SiouxFalls;SiouxFalls;True;False;1e-05;6000;1;2;20;50;200;-5;10;0.75;2;55;50;10;10;16;1033;1033
12428911;34;g_000;1;1;38;line_consecutive;0.5;1034;0;34;1-2;12;50928.37999999999;50928.379999999735;50928.379999999335;50928.37999999961;-2.5465851649641985e-10;-4.0017766878008837e-10;-1.2369127944111824e-10;eev,integrated,separated,ws;lintim;SiouxFalls;SiouxFalls;True;False;1e-05;6000;1;2;20;50;200;-5;10;0.75;2;55;50;10;10;16;1034;1034
12428911;35;g_000;1;1;38;line_consecutive;0.5;1035;0;35;21-22;13;50930.92999999999;50933.48000000556;51365.814999999726;51365.815;2.550000005569018;432.3349999941638;432.3349999944403;eev,integrated,separated,ws;lintim;SiouxFalls;SiouxFalls;True;False;1e-05;6000;1;2;20;50;200;-5;10;0.75;2;55;50;10;10;16;1035;1035
12428911;36;g_000;1;1;38;line_consecutive;0.5;1036;0;36;14-15;14;51058.85999999999;51189.34;51394.40999999973;51394.41;130.4800000000032;205.0699999997305;205.07000000000696;eev,integrated,separated,ws;lintim;SiouxFalls;SiouxFalls;True;False;1e-05;6000;1;2;20;50;200;-5;10;0.75;2;55;50;10;10;16;1036;1036
12428911;37;g_000;1;1;38;line_consecutive;0.5;1037;0;37;10-17;14;51058.85999999999;51189.34;51394.40999999896;51394.40999999922;130.4800000000032;205.06999999896647;205.0699999992212;eev,integrated,separated,ws;lintim;SiouxFalls;SiouxFalls;True;False;1e-05;6000;1;2;20;50;200;-5;10;0.75;2;55;50;10;10;16;1037;1037
12428911;38;g_000;1;1;38;line_consecutive;0.5;1038;1;0;11-12;1,7,8;55189.86999999998;56177.26500000012;56722.05499999521;56722.054999995205;987.3950000001424;544.7899999950896;544.7899999950823;eev,integrated,separated,ws;lintim;SiouxFalls;SiouxFalls;True;False;1e-05;6000;1;2;20;50;200;-5;20;0.75;2;55;50;10;10;16;1038;1038
12428911;39;g_000;1;1;38;line_consecutive;0.5;1039;1;1;10-11;1,7,10;55467.35499999998;56695.805;57887.86999999522;57887.86999999522;1228.450000000019;1192.064999995222;1192.064999995222;eev,integrated,separated,ws;lintim;SiouxFalls;SiouxFalls;True;False;1e-05;6000;1;2;20;50;200;-5;20;0.75;2;55;50;10;10;16;1039;1039
12428911;40;g_000;1;1;38;line_consecutive;0.5;1040;1;2;10-16;1,10;53259.16499999999;54137.36500000001;55762.52499999522;55762.52499999522;878.2000000000189;1625.1599999952086;1625.1599999952086;eev,integrated,separated,ws;lintim;SiouxFalls;SiouxFalls;True;False;1e-05;6000;1;2;20;50;200;-5;20;0.75;2;55;50;10;10;16;1040;1040
12428911;41;g_000;1;1;38;line_consecutive;0.5;1041;1;3;16-18;1;52509.31999999999;53205.605;54903.38999999523;54903.38999999523;696.2850000000108;1697.7849999952232;1697.7849999952232;eev,integrated,separated,ws;lintim;SiouxFalls;SiouxFalls;True;False;1e-05;6000;1;2;20;50;200;-5;20;0.75;2;55;50;10;10;16;1041;1041
12428911;42;g_000;1;1;38;line_consecutive;0.5;1042;1;4;2-6;2;57150.70999999999;58083.34;58667.62999999522;58667.62999999523;932.6300000000048;584.2899999952206;584.2899999952351;eev,integrated,separated,ws;lintim;SiouxFalls;SiouxFalls;True;False;1e-05;6000;1;2;20;50;200;-5;20;0.75;2;55;50;10;10;16;1042;1042
12428911;43;g_000;1;1;38;line_consecutive;0.5;1043;1;5;6-8;2;56399.84999999999;56839.81000000047;57306.309999995225;57306.309999995225;439.96000000047934;466.499999994754;466.499999994754;eev,integrated,separated,ws;lintim;SiouxFalls;SiouxFalls;True;False;1e-05;6000;1;2;20;50;200;-5;20;0.75;2;55;50;10;10;16;1043;1043
12428911;44;g_000;1;1;38;line_consecutive;0.5;1044;1;6;8-16;2,10,13;56827.14999999999;57644.36;58796.58999999522;58116.91;817.2100000000137;1152.229999995223;472.5500000000029;eev,integrated,separated,ws;lintim;SiouxFalls;SiouxFalls;True;False;1e-05;6000;1;2;20;50;200;-5;20;0.75;2;55;50;10;10;16;1044;1044
12428911;45;g_000;1;1;38;line_consecutive;0.5;1045;1;7;16-17;2,13;56029.73499999999;56839.01500000089;57426.80499999523;56897.09;809.2800000008938;587.7899999943402;58.07499999910942;eev,integrated,separated,ws;lintim;SiouxFalls;SiouxFalls;True;False;1e-05;6000;1;2;20;50;200;-5;20;0.75;2;55;50;10;10;16;1045;1045
12428911;46;g_000;1;1;38;line_consecutive;0.5;1046;1;8;17-19;2,13,14;58942.23499999999;59665.68499999999;60584.029999995226;60141.25499999994;723.4499999999971;918.3449999952354;475.5699999999488;eev,integrated,separated,ws;lintim;SiouxFalls;SiouxFalls;True;False;1e-05;6000;1;2;20;50;200;-5;20;0.75;2;55;50;10;10;16;1046;1046
12428911;47;g_000;1;1;38;line_consecutive;0.5;1047;1;9;19-20;2;56708.87499999999;57192.34500000001;57776.63499999522;57776.63499999523;483.4700000000157;584.2899999952133;584.2899999952206;eev,integrated,separated,ws;lintim;SiouxFalls;SiouxFalls;True;False;1e-05;6000;1;2;20;50;200;-5;20;0.75;2;55;50;10;10;16;1047;1047
12428911;48;g_000;1;1;38;line_consecutive;0.5;1048;1;10;3-4;3,4;54817.61499999998;55591.80000000003;56004.29999999523;56004.29999999523;774.1850000000486;412.49999999519787;412.49999999519787;eev,integrated,separated,ws;lintim;SiouxFalls;SiouxFalls;True;False;1e-05;6000;1;2;20;50;200;-5;20;0.75;2;55;50;10;10;16;1048;1048
12428911;49;g_000;1;1;38;line_consecutive;0.5;1049;1;11;4-5;3;51140.23999999999;51140.240000000005;51140.239999995225;51140.239999995225;1.4551915228366852e-11;-4.780304152518511e-09;-4.780304152518511e-09;eev,integrated,separated,ws;lintim;SiouxFalls;SiouxFalls;True;False;1e-05;6000;1;2;20;50;200;-5;20;0.75;2;55;50;10;10;16;1049;1049
12428911;50;g_000;1;1;38;line_consecutive;0.5;1050;1;12;5-9;3,9;51271.23999999999;51402.240000000005;52238.51999999522;52238.51999999522;131.00000000001455;836.2799999952113;836.2799999952113;eev,integrated,separated,ws;lintim;SiouxFalls;SiouxFalls;True;False;1e-05;6000;1;2;20;50;200;-5;20;0.75;2;55;50;10;10;16;1050;1050
12428911;51;g_000;1;1;38;line_consecutive;0.5;1051;1;13;8-9;3,7;51140.23999999999;51140.239999999714;51140.239999995225;51140.239999995225;-2.764863893389702e-10;-4.489265847951174e-09;-4.489265847951174e-09;eev,integrated,separated,ws;lintim;SiouxFalls;SiouxFalls;True;False;1e-05;6000;1;2;20;50;200;-5;20;0.75;2;55;50;10;10;16;1051;1051
12428911;52;g_000;1;1;38;line_consecutive;0.5;1052;1;14;7-8;3,7,11;51140.23999999999;51140.240000000005;51140.239999995225;51140.239999995225;1.4551915228366852e-11;-4.780304152518511e-09;-4.780304152518511e-09;eev,integrated,separated,ws;lintim;SiouxFalls;SiouxFalls;True;False;1e-05;6000;1;2;20;50;200;-5;20;0.75;2;55;50;10;10;16;1052;1052
12428911;53;g_000;1;1;38;line_consecutive;0.5;1053;1;15;7-18;3,11;51140.23999999999;51140.240000000005;51140.239999995225;51140.23999999522;1.4551915228366852e-11;-4.780304152518511e-09;-4.787580110132694e-09;eev,integrated,separated,ws;lintim;SiouxFalls;SiouxFalls;True;False;1e-05;6000;1;2;20;50;200;-5;20;0.75;2;55;50;10;10;16;1053;1053
12428911;54;g_000;1;1;38;line_consecutive;0.5;1054;1;16;1-3;4,8,12;57675.42999999984;58199.49499999986;58776.03499999522;58776.03499999522;524.0650000000169;576.5399999953661;576.5399999953661;eev,integrated,separated,ws;lintim;SiouxFalls;SiouxFalls;True;False;1e-05;6000;1;2;20;50;200;-5;20;0.75;2;55;50;10;10;16;1054;1054
12428911;55;g_000;1;1;38;line_consecutive;0.5;1055;1;17;4-11;4;54208.095;55067.66;55779.53499999523;55779.53499999523;859.5650000000023;711.874999995227;711.874999995227;eev,integrated,separated,ws;lintim;SiouxFalls;SiouxFalls;True;False;1e-05;6000;1;2;20;50;200;-5;20;0.75;2;55;50;10;10;16;1055;1055
12428911;56;g_000;1;1;38;line_consecutive;0.5;1056;1;18;11-14;4,8,10;55437.22499999999;56091.94499999988;57261.13499999522;57261.13499999522;654.719999999892;1169.1899999953384;1169.1899999953384;eev,integrated,separated,ws;lintim;SiouxFalls;SiouxFalls;True;False;1e-05;6000;1;2;20;50;200;-5;20;0.75;2;55;50;10;10;16;1056;1056
12428911;57;g_000;1;1;38;line_consecutive;0.5;1057;1;19;14-23;4,10;54746.42;55303.49500002499;55927.49499999522;55927.49499999522;557.07500002499;623.9999999702341;623.9999999702341;eev,integrated,separated,ws;lintim;SiouxFalls;SiouxFalls;True;False;1e-05;6000;1;2;20;50;200;-5;20;0.75;2;55;50;10;10;16;1057;1057
12428911;58;g_000;1;1;38;line_consecutive;0.5;1058;1;20;23-24;4;54208.095;54940.48;55584.74499999522;55584.74499999522;732.385000000002;644.2649999952191;644.2649999952191;eev,integrated,separated,ws;lintim;SiouxFalls;SiouxFalls;True;False;1e-05;6000;1;2;20;50;200;-5;20;0.75;2;55;50;10;10;16;1058;1058
12428911;59;g_000;1;1;38;line_consecutive;0.5;1059;1;21;10-15;5,9;52049.83499999999;52180.835000356805;53008.72999999522;53008.72999999522;131.00000035681296;827.8949996384181;827.8949996384181;eev,integrated,separated,ws;lintim;SiouxFalls;SiouxFalls;True;False;1e-05;6000;1;2;20;50;200;-5;20;0.75;2;55;50;10;10;16;1059;1059
12428911;60;g_000;1;1;38;line_consecutive;0.5;1060;1;22;15-22;5,13;52885.31999999999;52885.32000000001;52885.31999999523;52885.31999999523;1.4551915228366852e-11;-4.780304152518511e-09;-4.780304152518511e-09;eev,integrated,separated,ws;lintim;SiouxFalls;SiouxFalls;True;False;1e-05;6000;1;2;20;50;200;-5;20;0.75;2;55;50;10;10;16;1060;1060
12428911;61;g_000;1;1;38;line_consecutive;0.5;1061;1;23;22-23;5;51781.765;51781.765000000014;51781.76499999523;51781.76499999523;1.4551915228366852e-11;-4.787580110132694e-09;-4.787580110132694e-09;eev,integrated,separated,ws;lintim;SiouxFalls;SiouxFalls;True;False;1e-05;6000;1;2;20;50;200;-5;20;0.75;2;55;50;10;10;16;1061;1061
12428911;62;g_000;1;1;38;line_consecutive;0.5;1062;1;24;13-24;6;52836.62999999999;53155.58000000001;53677.154999995226;53677.154999995226;318.9500000000189;521.5749999952168;521.5749999952168;eev,integrated,separated,ws;lintim;SiouxFalls;SiouxFalls;True;False;1e-05;6000;1;2;20;50;200;-5;20;0.75;2;55;50;10;10;16;1062;1062
12428911;63;g_000;1;1;38;line_consecutive;0.5;1063;1;25;21-24;6;52808.19;52936.46999999998;52936.46999999523;52936.46999999523;128.279999999977;-4.751200322061777e-09;-4.751200322061777e-09;eev,integrated,separated,ws;lintim;SiouxFalls;SiouxFalls;True;False;1e-05;6000;1;2;20;50;200;-5;20;0.75;2;55;50;10;10;16;1063;1063
12428911;64;g_000;1;1;38;line_consecutive;0.5;1064;1;26;20-21;6;52734.39;52871.715;52871.71499999522;52871.71499999522;137.3249999999971;-4.773028194904327e-09;-4.773028194904327e-09;eev,integrated,separated,ws;lintim;SiouxFalls;SiouxFalls;True;False;1e-05;6000;1;2;20;50;200;-5;20;0.75;2;55;50;10;10;16;1064;1064
12428911;65;g_000;1;1;38;line_consecutive;0.5;1065;1;27;9-10;7,9;51765.87;52238.52000000001;52238.51999999522;52238.51999999522;472.65000000000873;-4.794856067746878e-09;-4.794856067746878e-09;eev,integrated,separated,ws;lintim;SiouxFalls;SiouxFalls;True;False;1e-05;6000;1;2;20;50;200;-5;20;0.75;2;55;50;10;10;16;1065;1065
12428911;66;g_000;1;1;38;line_consecutive;0.5;1066;1;28;3-12;8,12;51140.240000000005;51140.240000000005;51140.239999995225;51140.239999995225;0.0;-4.780304152518511e-09;-4.780304152518511e-09;eev,integrated,separated,ws;lintim;SiouxFalls;SiouxFalls;True;False;1e-05;6000;1;2;20;50;200;-5;20;0.75;2;55;50;10;10;16;1066;1066
12428911;67;g_000;1;1;38;line_consecutive;0.5;1067;1;29;5-6;9;51271.23999999999;51402.240000000005;52238.51999999522;52238.51999999523;131.00000000001455;836.2799999952113;836.2799999952258;eev,integrated,separated,ws;lintim;SiouxFalls;SiouxFalls;True;False;1e-05;6000;1;2;20;50;200;-5;20;0.75;2;55;50;10;10;16;1067;1067
12428911;68;g_000;1;1;38;line_consecutive;0.5;1068;1;30;15-19;9,13,14;51687.74999999999;52235.26;53382.81999999523;53382.81999999523;547.5100000000093;1147.5599999952246;1147.5599999952246;eev,integrated,separated,ws;lintim;SiouxFalls;SiouxFalls;True;False;1e-05;6000;1;2;20;50;200;-5;20;0.75;2;55;50;10;10;16;1068;1068
12428911;69;g_000;1;1;38;line_consecutive;0.5;1069;1;31;20-22;11;51140.23999999999;51140.24000000001;51140.23999997848;51140.23999997848;2.182787284255028e-11;-2.152955858036876e-08;-2.152955858036876e-08;eev,integrated,separated,ws;lintim;SiouxFalls;SiouxFalls;True;False;1e-05;6000;1;2;20;50;200;-5;20;0.75;2;55;50;10;10;16;1069;1069
12428911;70;g_000;1;1;38;line_consecutive;0.5;1070;1;32;18-20;11;51140.24;51140.240000000005;51140.23999998193;51140.23999998193;7.275957614183426e-12;-1.807347871363163e-08;-1.807347871363163e-08;eev,integrated,separated,ws;lintim;SiouxFalls;SiouxFalls;True;False;1e-05;6000;1;2;20;50;200;-5;20;0.75;2;55;50;10;10;16;1070;1070
12428911;71;g_000;1;1;38;line_consecutive;0.5;1071;1;33;12-13;12;51140.23999999999;51140.24000003309;51140.239999995225;51140.239999995225;3.3098331186920404e-08;-3.7864083424210555e-08;-3.7864083424210555e-08;eev,integrated,separated,ws;lintim;SiouxFalls;SiouxFalls;True;False;1e-05;6000;1;2;20;50;200;-5;20;0.75;2;55;50;10;10;16;1071;1071
12428911;72;g_000;1;1;38;line_consecutive;0.5;1072;1;34;1-2;12;51140.24;51140.24000000138;51140.239999995225;51140.239999995225;1.382431946694851e-09;-6.155460141599178e-09;-6.155460141599178e-09;eev,integrated,separated,ws;lintim;SiouxFalls;SiouxFalls;True;False;1e-05;6000;1;2;20;50;200;-5;20;0.75;2;55;50;10;10;16;1072;1072
12428911;73;g_000;1;1;38;line_consecutive;0.5;1073;1;35;21-22;13;51388.19;51636.14000000001;51694.21499999522;51694.21499999522;247.9500000000044;58.07499999521679;58.07499999521679;eev,integrated,separated,ws;lintim;SiouxFalls;SiouxFalls;True;False;1e-05;6000;1;2;20;50;200;-5;20;0.75;2;55;50;10;10;16;1073;1073
12428911;74;g_000;1;1;38;line_consecutive;0.5;1074;1;36;14-15;14;51307.49999999999;51474.76;51600.36999999523;51600.36999999523;167.2600000000093;125.60999999522755;125.60999999522755;eev,integrated,separated,ws;lintim;SiouxFalls;SiouxFalls;True;False;1e-05;6000;1;2;20;50;200;-5;20;0.75;2;55;50;10;10;16;1074;1074
12428911;75;g_000;1;1;38;line_consecutive;0.5;1075;1;37;10-17;14;51307.49999999999;51474.76000000001;51600.36999999522;51600.36999999522;167.2600000000166;125.609999995213;125.609999995213;eev,integrated,separated,ws;lintim;SiouxFalls;SiouxFalls;True;False;1e-05;6000;1;2;20;50;200;-5;20;0.75;2;55;50;10;10;16;1075;1075
12428911;76;g_000;1;1;38;line_consecutive;0.5;1076;2;0;11-12;1,7,8;55805.34999999999;56860.90999999957;57296.33499999839;57296.3349999984;1055.5599999995757;435.4249999988242;435.4249999988315;eev,integrated,separated,ws;lintim;SiouxFalls;SiouxFalls;True;False;1e-05;6000;1;2;20;50;200;-5;50;0.75;2;55;50;10;10;16;1076;1076
12428911;77;g_000;1;1;38;line_consecutive;0.5;1077;2;1;10-11;1,7,10;55473.42;56713.88000000002;58023.90499999839;58023.90499703081;1240.460000000021;1310.0249999983716;1310.0249970307923;eev,integrated,separated,ws;lintim;SiouxFalls;SiouxFalls;True;False;1e-05;6000;1;2;20;50;200;-5;50;0.75;2;55;50;10;10;16;1077;1077
12428911;78;g_000;1;1;38;line_consecutive;0.5;1078;2;2;10-16;1,10;53377.605;54149.60500000002;55900.32999999838;55900.32999999839;772.0000000000146;1750.7249999983617;1750.7249999983687;eev,integrated,separated,ws;lintim;SiouxFalls;SiouxFalls;True;False;1e-05;6000;1;2;20;50;200;-5;50;0.75;2;55;50;10;10;16;1078;1078
12428911;79;g_000;1;1;38;line_consecutive;0.5;1079;2;3;16-18;1;52659.84999999999;53324.045000000006;55021.82999999839;55021.82999999839;664.1950000000143;1697.784999998381;1697.784999998381;eev,integrated,separated,ws;lintim;SiouxFalls;SiouxFalls;True;False;1e-05;6000;1;2;20;50;200;-5;50;0.75;2;55;50;10;10;16;1079;1079
12428911;80;g_000;1;1;38;line_consecutive;0.5;1080;2;4;2-6;2;58649.21999999999;60364.61000000001;61235.3099999984;61235.3099999984;1715.3900000000212;870.6999999983891;870.6999999983891;eev,integrated,separated,ws;lintim;SiouxFalls;SiouxFalls;True;False;1e-05;6000;1;2;20;50;200;-5;50;0.75;2;55;50;10;10;16;1080;1080
12428911;81;g_000;1;1;38;line_consecutive;0.5;1081;2;5;6-8;2;57174.70999999999;58215.33000000001;58779.639999998384;58779.63999999839;1040.6200000000172;564.3099999983751;564.3099999983824;eev,integrated,separated,ws;lintim;SiouxFalls;SiouxFalls;True;False;1e-05;6000;1;2;20;50;200;-5;50;0.75;2;55;50;10;10;16;1081;1081
12428911;82;g_000;1;1;38;line_consecutive;0.5;1082;2;6;8-16;2,10,13;57078.68999999999;58362.380000000034;59573.35499999838;58810.01999999999;1283.690000000046;1210.974999998347;447.63999999995576;eev,integrated,separated,ws;lintim;SiouxFalls;SiouxFalls;True;False;1e-05;6000;1;2;20;50;200;-5;50;0.75;2;55;50;10;10;16;1082;1082
12428911;83;g_000;1;1;38;line_consecutive;0.5;1083;2;7;16-17;2,13;56436.240000000005;57344.130000000005;57945.2149999984;57889.19;907.8899999999994;601.0849999983984;545.0599999999977;eev,integrated,separated,ws;lintim;SiouxFalls;SiouxFalls;True;False;1e-05;6000;1;2;20;50;200;-5;50;0.75;2;55;50;10;10;16;1083;1083
12428911;84;g_000;1;1;38;line_consecutive;0.5;1084;2;8;17-19;2,13,14;60308.675;60993.63499999944;61877.76999999839;61414.10544037583;684.9599999994389;884.134999998947;420.4704403763899;eev,integrated,separated,ws;lintim;SiouxFalls;SiouxFalls;True;False;1e-05;6000;1;2;20;50;200;-5;50;0.75;2;55;50;10;10;16;1084;1084
12428911;85;g_000;1;1;38;line_consecutive;0.5;1085;2;9;19-20;2;57520.875;58598.405000000006;59162.71499999838;59162.71499999839;1077.530000000006;564.3099999983751;564.3099999983824;eev,integrated,separated,ws;lintim;SiouxFalls;SiouxFalls;True;False;1e-05;6000;1;2;20;50;200;-5;50;0.75;2;55;50;10;10;16;1085;1085
12428911;86;g_000;1;1;38;line_consecutive;0.5;1086;2;10;3-4;3,4;55065.45999999999;55980.80500000001;57075.83499999839;57075.83499999839;915.3450000000156;1095.0299999983836;1095.0299999983836;eev,integrated,separated,ws;lintim;SiouxFalls;SiouxFalls;True;False;1e-05;6000;1;2;20;50;200;-5;50;0.75;2;55;50;10;10;16;1086;1086
12428911;87;g_000;1;1;38;line_consecutive;0.5;1087;2;11;4-5;3;51140.24;51140.24000002087;51140.23999999839;51140.2399999984;2.0874722395092252e-08;-2.2482709027826783e-08;-2.2475433070212606e-08;eev,integrated,separated,ws;lintim;SiouxFalls;SiouxFalls;True;False;1e-05;6000;1;2;20;50;200;-5;50;0.75;2;55;50;10;10;16;1087;1087
12428911;88;g_000;1;1;38;line_consecutive;0.5;1088;2;12;5-9;3,9;51271.24;51402.240000000005;52420.23999999839;52420.239999998405;131.00000000000728;1017.9999999983849;1017.9999999983992;eev,integrated,separated,ws;lintim;SiouxFalls;SiouxFalls;True;False;1e-05;6000;1;2;20;50;200;-5;50;0.75;2;55;50;10;10;16;1088;1088
12428911;89;g_000;1;1;38;line_consecutive;0.5;1089;2;13;8-9;3,7;51140.240000000005;51140.23999999955;51140.23999999839;51140.23999999839;-4.5838532969355583e-10;-1.1568772606551647e-09;-1.1568772606551647e-09;eev,integrated,separated,ws;lintim;SiouxFalls;SiouxFalls;True;False;1e-05;6000;1;2;20;50;200;-5;50;0.75;2;55;50;10;10;16;1089;1089
12428911;90;g_000;1;1;38;line_consecutive;0.5;1090;2;14;7-8;3,7,11;51140.23999999999;51140.240000000005;51140.23999999839;51140.2399999984;1.4551915228366852e-11;-1.6152625903487206e-09;-1.6079866327345371e-09;eev,integrated,separated,ws;lintim;SiouxFalls;SiouxFalls;True;False;1e-05;6000;1;2;20;50;200;-5;50;0.75;2;55;50;10;10;16;1090;1090
12428911;91;g_000;1;1;38;line_consecutive;0.5;1091;2;15;7-18;3,11;51140.23999999999;51140.24000000001;51140.23999999839;51140.23999999839;2.182787284255028e-11;-1.622538547962904e-09;-1.622538547962904e-09;eev,integrated,separated,ws;lintim;SiouxFalls;SiouxFalls;True;False;1e-05;6000;1;2;20;50;200;-5;50;0.75;2;55;50;10;10;16;1091;1091
12428911;92;g_000;1;1;38;line_consecutive;0.5;1092;2;16;1-3;4,8,12;58391.91000000008;58918.000000000015;59192.72499999839;59192.7249999984;526.089999999931;274.724999998376;274.7249999983833;eev,integrated,separated,ws;lintim;SiouxFalls;SiouxFalls;True;False;1e-05;6000;1;2;20;50;200;-5;50;0.75;2;55;50;10;10;16;1092;1092
12428911;93;g_000;1;1;38;line_consecutive;0.5;1093;2;17;4-11;4;54346.68999999999;55250.21499999997;55779.53499999839;55779.5349999984;903.5249999999796;529.3199999984208;529.3199999984354;eev,integrated,separated,ws;lintim;SiouxFalls;SiouxFalls;True;False;1e-05;6000;1;2;20;50;200;-5;50;0.75;2;55;50;10;10;16;1093;1093
12428911;94;g_000;1;1;38;line_consecutive;0.5;1094;2;18;11-14;4,8,10;55715.62999999999;56294.27999999999;57293.02999999839;57293.0299999984;578.6500000000015;998.7499999983992;998.7499999984066;eev,integrated,separated,ws;lintim;SiouxFalls;SiouxFalls;True;False;1e-05;6000;1;2;20;50;200;-5;50;0.75;2;55;50;10;10;16;1094;1094
12428911;95;g_000;1;1;38;line_consecutive;0.5;1095;2;19;14-23;4,10;54841.905;55396.175;56078.2449999984;56078.2449999984;554.2700000000041;682.069999998399;682.069999998399;eev,integrated,separated,ws;lintim;SiouxFalls;SiouxFalls;True;False;1e-05;6000;1;2;20;50;200;-5;50;0.75;2;55;50;10;10;16;1095;1095
12428911;96;g_000;1;1;38;line_consecutive;0.5;1096;2;20;23-24;4;54286.7;55198.02999992916;55588.29499999839;55588.2949999984;911.329999929163;390.26500006923015;390.26500006923743;eev,integrated,separated,ws;lintim;SiouxFalls;SiouxFalls;True;False;1e-05;6000;1;2;20;50;200;-5;50;0.75;2;55;50;10;10;16;1096;1096
12428911;97;g_000;1;1;38;line_consecutive;0.5;1097;2;21;10-15;5,9;52049.83500000001;52180.835000000014;53427.95499999839;53427.9549999984;131.00000000000728;1247.1199999983728;1247.1199999983874;eev,integrated,separated,ws;lintim;SiouxFalls;SiouxFalls;True;False;1e-05;6000;1;2;20;50;200;-5;50;0.75;2;55;50;10;10;16;1097;1097
12428911;98;g_000;1;1;38;line_consecutive;0.5;1098;2;22;15-22;5,13;53051.31;53051.31000000001;53051.30999999839;53051.3099999984;1.4551915228366852e-11;-1.622538547962904e-09;-1.6152625903487206e-09;eev,integrated,separated,ws;lintim;SiouxFalls;SiouxFalls;True;False;1e-05;6000;1;2;20;50;200;-5;50;0.75;2;55;50;10;10;16;1098;1098
12428911;99;g_000;1;1;38;line_consecutive;0.5;1099;2;23;22-23;5;51792.37999999999;51792.595000000016;51792.59499999839;51792.59499999839;0.2150000000256113;-1.622538547962904e-09;-1.622538547962904e-09;eev,integrated,separated,ws;lintim;SiouxFalls;SiouxFalls;True;False;1e-05;6000;1;2;20;50;200;-5;50;0.75;2;55;50;10;10;16;1099;1099
12428911;100;g_000;1;1;38;line_consecutive;0.5;1100;2;24;13-24;6;53437.67;53966.72;54488.29499999839;54488.2949999984;529.0500000000029;521.5749999983891;521.5749999983964;eev,integrated,separated,ws;lintim;SiouxFalls;SiouxFalls;True;False;1e-05;6000;1;2;20;50;200;-5;50;0.75;2;55;50;10;10;16;1100;1100
12428911;101;g_000;1;1;38;line_consecutive;0.5;1101;2;25;21-24;6;52808.19;53127.14000000001;53497.5899999984;53497.5899999984;318.9500000000044;370.4499999983964;370.4499999983964;eev,integrated,separated,ws;lintim;SiouxFalls;SiouxFalls;True;False;1e-05;6000;1;2;20;50;200;-5;50;0.75;2;55;50;10;10;16;1101;1101
12428911;102;g_000;1;1;38;line_consecutive;0.5;1102;2;26;20-21;6;52734.38999999999;53053.34;53432.83499999839;53432.83499999839;318.9500000000044;379.4949999983946;379.4949999983946;eev,integrated,separated,ws;lintim;SiouxFalls;SiouxFalls;True;False;1e-05;6000;1;2;20;50;200;-5;50;0.75;2;55;50;10;10;16;1102;1102
12428911;103;g_000;1;1;38;line_consecutive;0.5;1103;2;27;9-10;7,9;51773.55;52406.859999992805;52726.58999999839;52726.5899999984;633.3099999928017;319.73000000558386;319.7300000055984;eev,integrated,separated,ws;lintim;SiouxFalls;SiouxFalls;True;False;1e-05;6000;1;2;20;50;200;-5;50;0.75;2;55;50;10;10;16;1103;1103
12428911;104;g_000;1;1;38;line_consecutive;0.5;1104;2;28;3-12;8,12;51140.239999996375;51140.24000000001;51140.23999999839;51140.23999999839;3.637978807091713e-09;-1.622538547962904e-09;-1.622538547962904e-09;eev,integrated,separated,ws;lintim;SiouxFalls;SiouxFalls;True;False;1e-05;6000;1;2;20;50;200;-5;50;0.75;2;55;50;10;10;16;1104;1104
12428911;105;g_000;1;1;38;line_consecutive;0.5;1105;2;29;5-6;9;51271.24;51402.240000000005;52420.23999999839;52420.23999999839;131.00000000000728;1017.9999999983849;1017.9999999983849;eev,integrated,separated,ws;lintim;SiouxFalls;SiouxFalls;True;False;1e-05;6000;1;2;20;50;200;-5;50;0.75;2;55;50;10;10;16;1105;1105
12428911;106;g_000;1;1;38;line_consecutive;0.5;1106;2;30;15-19;9,13,14;51730.34999999999;52320.46000000001;53741.714999998265;53741.714999998265;590.1100000000151;1421.2549999982584;1421.2549999982584;eev,integrated,separated,ws;lintim;SiouxFalls;SiouxFalls;True;False;1e-05;6000;1;2;20;50;200;-5;50;0.75;2;55;50;10;10;16;1106;1106
12428911;107;g_000;1;1;38;line_consecutive;0.5;1107;2;31;20-22;11;51140.23999999999;51140.24000000001;51140.23999998155;51140.23999998155;2.182787284255028e-11;-1.845910446718335e-08;-1.845910446718335e-08;eev,integrated,separated,ws;lintim;SiouxFalls;SiouxFalls;True;False;1e-05;6000;1;2;20;50;200;-5;50;0.75;2;55;50;10;10;16;1107;1107
12428911;108;g_000;1;1;38;line_consecutive;0.5;1108;2;32;18-20;11;51140.24;51140.24000000485;51140.23999998507;51140.23999998508;4.853063728660345e-09;-1.9783328752964732e-08;-1.9768776837736368e-08;eev,integrated,separated,ws;lintim;SiouxFalls;SiouxFalls;True;False;1e-05;6000;1;2;20;50;200;-5;50;0.75;2;55;50;10;10;16;1108;1108
12428911;109;g_000;1;1;38;line_consecutive;0.5;1109;2;33;12-13;12;51140.23999999999;51140.24000000001;51140.23999999839;51140.23999999839;2.182787284255028e-11;-1.622538547962904e-09;-1.622538547962904e-09;eev,integrated,separated,ws;lintim;SiouxFalls;SiouxFalls;True;False;1e-05;6000;1;2;20;50;200;-5;50;0.75;2;55;50;10;10;16;1109;1109
12428911;110;g_000;1;1;38;line_consecutive;0.5;1110;2;34;1-2;12;51140.24;51140.24000000041;51140.23999999839;51140.23999999839;4.147295840084553e-10;-2.0227162167429924e-09;-2.0227162167429924e-09;eev,integrated,separated,ws;lintim;SiouxFalls;SiouxFalls;True;False;1e-05;6000;1;2;20;50;200;-5;50;0.75;2;55;50;10;10;16;1110;1110
12428911;111;g_000;1;1;38;line_consecutive;0.5;1111;2;35;21-22;13;51402.15999999999;51664.08000000001;51710.22499999839;51710.22499999838;261.9200000000201;46.144999998381536;46.14499999837426;eev,integrated,separated,ws;lintim;SiouxFalls;SiouxFalls;True;False;1e-05;6000;1;2;20;50;200;-5;50;0.75;2;55;50;10;10;16;1111;1111
12428911;112;g_000;1;1;38;line_consecutive;0.5;1112;2;36;14-15;14;51307.5;51474.76;51600.3699999984;51600.3699999984;167.26000000000204;125.60999999839989;125.60999999839989;eev,integrated,separated,ws;lintim;SiouxFalls;SiouxFalls;True;False;1e-05;6000;1;2;20;50;200;-5;50;0.75;2;55;50;10;10;16;1112;1112
12428911;113;g_000;1;1;38;line_consecutive;0.5;1113;2;37;10-17;14;51307.5;51474.76;51600.3699999984;51600.3699999984;167.26000000000204;125.60999999839989;125.60999999839989;eev,integrated,separated,ws;lintim;SiouxFalls;SiouxFalls;True;False;1e-05;6000;1;2;20;50;200;-5;50;0.75;2;55;50;10;10;16;1113;1113
12428911;114;g_000;1;1;38;line_consecutive;0.5;1114;3;0;11-12;1,7,8;55805.34999999648;57063.36999999997;57437.59499999839;57437.59499999839;1258.0200000034963;374.22499999841966;374.22499999841966;eev,integrated,separated,ws;lintim;SiouxFalls;SiouxFalls;True;False;1e-05;6000;1;2;20;50;200;-5;100;0.75;2;55;50;10;10;16;1114;1114
12428911;115;g_000;1;1;38;line_consecutive;0.5;1115;3;1;10-11;1,7,10;55473.42;56734.27999999996;58044.30499999841;58044.30499703082;1260.8599999999642;1310.0249999984444;1310.0249970308578;eev,integrated,separated,ws;lintim;SiouxFalls;SiouxFalls;True;False;1e-05;6000;1;2;20;50;200;-5;100;0.75;2;55;50;10;10;16;1115;1115
12428911;116;g_000;1;1;38;line_consecutive;0.5;1116;3;2;10-16;1,10;53485.15999999999;54170.00500000001;55920.93999999839;55920.93999999839;684.845000000023;1750.9349999983751;1750.9349999983751;eev,integrated,separated,ws;lintim;SiouxFalls;SiouxFalls;True;False;1e-05;6000;1;2;20;50;200;-5;100;0.75;2;55;50;10;10;16;1116;1116
12428911;117;g_000;1;1;38;line_consecutive;0.5;1117;3;3;16-18;1;52748.67999999999;53521.445;55216.8299999984;55216.82999999841;772.7650000000067;1695.384999998401;1695.3849999984086;eev,integrated,separated,ws;lintim;SiouxFalls;SiouxFalls;True;False;1e-05;6000;1;2;20;50;200;-5;100;0.75;2;55;50;10;10;16;1117;1117
12428911;118;g_000;1;1;38;line_consecutive;0.5;1118;3;4;2-6;2;58921.55499999999;60801.62;61702.8099999984;61702.8099999984;1880.0650000000096;901.1899999983945;901.1899999983945;eev,integrated,separated,ws;lintim;SiouxFalls;SiouxFalls;True;False;1e-05;6000;1;2;20;50;200;-5;100;0.75;2;55;50;10;10;16;1118;1118
12428911;119;g_000;1;1;38;line_consecutive;0.5;1119;3;5;6-8;2;57269.425;58215.32999993777;58779.6399999984;58779.639999998406;945.9049999377676;564.3100000606282;564.3100000606355;eev,integrated,separated,ws;lintim;SiouxFalls;SiouxFalls;True;False;1e-05;6000;1;2;20;50;200;-5;100;0.75;2;55;50;10;10;16;1119;1119
12428911;120;g_000;1;1;38;line_consecutive;0.5;1120;3;6;8-16;2,10,13;57220.725;58362.380000000005;59573.35499999841;58810.01999998951;1141.655000000006;1210.974999998405;447.6399999895075;eev,integrated,separated,ws;lintim;SiouxFalls;SiouxFalls;True;False;1e-05;6000;1;2;20;50;200;-5;100;0.75;2;55;50;10;10;16;1120;1120
12428911;121;g_000;1;1;38;line_consecutive;0.5;1121;3;7;16-17;2,13;56436.240000000005;57344.130000000005;57945.21499999841;57889.19;907.8899999999994;601.0849999984057;545.0599999999977;eev,integrated,separated,ws;lintim;SiouxFalls;SiouxFalls;True;False;1e-05;6000;1;2;20;50;200;-5;100;0.75;2;55;50;10;10;16;1121;1121
12428911;122;g_000;1;1;38;line_consecutive;0.5;1122;3;8;17-19;2,13,14;60308.67499999999;60993.635;61877.7699999984;61414.105318349895;684.9600000000137;884.1349999984013;420.4703183498932;eev,integrated,separated,ws;lintim;SiouxFalls;SiouxFalls;True;False;1e-05;6000;1;2;20;50;200;-5;100;0.75;2;55;50;10;10;16;1122;1122
12428911;123;g_000;1;1;38;line_consecutive;0.5;1123;3;9;19-20;2;57616.29999999866;58598.405000000006;59162.7149999984;59162.7149999984;982.1050000013493;564.309999998397;564.309999998397;eev,integrated,separated,ws;lintim;SiouxFalls;SiouxFalls;True;False;1e-05;6000;1;2;20;50;200;-5;100;0.75;2;55;50;10;10;16;1123;1123
12428911;124;g_000;1;1;38;line_consecutive;0.5;1124;3;10;3-4;3,4;55065.45999999999;55980.80499999865;57075.834999986255;57075.83499998431;915.3449999986552;1095.029999987608;1095.0299999856652;eev,integrated,separated,ws;lintim;SiouxFalls;SiouxFalls;True;False;1e-05;6000;1;2;20;50;200;-5;100;0.75;2;55;50;10;10;16;1124;1124
12428911;125;g_000;1;1;38;line_consecutive;0.5;1125;3;11;4-5;3;51140.23999999999;51140.24000000339;51140.239999998405;51140.239999998405;3.3978722058236603e-09;-4.984030965715647e-09;-4.984030965715647e-09;eev,integrated,separated,ws;lintim;SiouxFalls;SiouxFalls;True;False;1e-05;6000;1;2;20;50;200;-5;100;0.75;2;55;50;10;10;16;1125;1125
12428911;126;g_000;1;1;38;line_consecutive;0.5;1126;3;12;5-9;3,9;51271.24;51402.240000000005;52420.239999998405;52420.239999998405;131.00000000000728;1017.9999999983992;1017.9999999983992;eev,integrated,separated,ws;lintim;SiouxFalls;SiouxFalls;True;False;1e-05;6000;1;2;20;50;200;-5;100;0.75;2;55;50;10;10;16;1126;1126
12428911;127;g_000;1;1;38;line_consecutive;0.5;1127;3;13;8-9;3,7;51140.23999999887;51140.239999999954;51140.239999998405;51140.239999998405;1.0841176845133303e-09;-1.5497789718210695e-09;-1.5497789718210695e-09;eev,integrated,separated,ws;lintim;SiouxFalls;SiouxFalls;True;False;1e-05;6000;1;2;20;50;200;-5;100;0.75;2;55;50;10;10;16;1127;1127
12428911;128;g_000;1;1;38;line_consecutive;0.5;1128;3;14;7-8;3,7,11;51140.24;51140.240000000005;51140.239999998405;51140.239999998405;7.275957614183426e-12;-1.6007106751203535e-09;-1.6007106751203535e-09;eev,integrated,separated,ws;lintim;SiouxFalls;SiouxFalls;True;False;1e-05;6000;1;2;20;50;200;-5;100;0.75;2;55;50;10;10;16;1128;1128
12428911;129;g_000;1;1;38;line_consecutive;0.5;1129;3;15;7-18;3,11;51140.23999999999;51140.24;51140.239999998405;51140.239999998405;7.275957614183426e-12;-1.5934347175061703e-09;-1.5934347175061703e-09;eev,integrated,separated,ws;lintim;SiouxFalls;SiouxFalls;True;False;1e-05;6000;1;2;20;50;200;-5;100;0.75;2;55;50;10;10;16;1129;1129
12428911;130;g_000;1;1;38;line_consecutive;0.5;1130;3;16;1-3;4,8,12;58395.62;58918.00000000001;59192.724999998405;59192.724999998405;522.3800000000047;274.72499999839783;274.72499999839783;eev,integrated,separated,ws;lintim;SiouxFalls;SiouxFalls;True;False;1e-05;6000;1;2;20;50;200;-5;100;0.75;2;55;50;10;10;16;1130;1130
12428911;131;g_000;1;1;38;line_consecutive;0.5;1131;3;17;4-11;4;54346.69;55250.215;55779.5349999984;55779.5349999984;903.5249999999942;529.3199999984063;529.3199999984063;eev,integrated,separated,ws;lintim;SiouxFalls;SiouxFalls;True;False;1e-05;6000;1;2;20;50;200;-5;100;0.75;2;55;50;10;10;16;1131;1131
12428911;132;g_000;1;1;38;line_consecutive;0.5;1132;3;18;11-14;4,8,10;55715.62999999999;56294.27999999999;57293.0299999984;57293.029999998405;578.6500000000015;998.7499999984066;998.7499999984138;eev,integrated,separated,ws;lintim;SiouxFalls;SiouxFalls;True;False;1e-05;6000;1;2;20;50;200;-5;100;0.75;2;55;50;10;10;16;1132;1132
12428911;133;g_000;1;1;38;line_consecutive;0.5;1133;3;19;14-23;4,10;54841.905;55396.175;56078.24499999841;56078.24499999841;554.2700000000041;682.0699999984063;682.0699999984063;eev,integrated,separated,ws;lintim;SiouxFalls;SiouxFalls;True;False;1e-05;6000;1;2;20;50;200;-5;100;0.75;2;55;50;10;10;16;1133;1133
12428911;134;g_000;1;1;38;line_consecutive;0.5;1134;3;20;23-24;4;54286.7;55198.03000007588;55588.29499999841;55588.29499999841;911.3300000758828;390.2649999225323;390.2649999225323;eev,integrated,separated,ws;lintim;SiouxFalls;SiouxFalls;True;False;1e-05;6000;1;2;20;50;200;-5;100;0.75;2;55;50;10;10;16;1134;1134
12428911;135;g_000;1;1;38;line_consecutive;0.5;1135;3;21;10-15;5,9;52049.835;52180.835000000014;53427.9549999984;53427.95499999841;131.00000000001455;1247.1199999983874;1247.1199999983946;eev,integrated,separated,ws;lintim;SiouxFalls;SiouxFalls;True;False;1e-05;6000;1;2;20;50;200;-5;100;0.75;2;55;50;10;10;16;1135;1135
12428911;136;g_000;1;1;38;line_consecutive;0.5;1136;3;22;15-22;5,13;53051.30999999998;53051.31000000623;53051.3099999984;53051.30999999841;6.250047590583563e-09;-7.836206350475551e-09;-7.821654435247183e-09;eev,integrated,separated,ws;lintim;SiouxFalls;SiouxFalls;True;False;1e-05;6000;1;2;20;50;200;-5;100;0.75;2;55;50;10;10;16;1136;1136
12428911;137;g_000;1;1;38;line_consecutive;0.5;1137;3;23;22-23;5;51792.38;51792.59500000001;51792.59499998055;51792.59499998055;0.2150000000110594;-1.945591066032648e-08;-1.945591066032648e-08;eev,integrated,separated,ws;lintim;SiouxFalls;SiouxFalls;True;False;1e-05;6000;1;2;20;50;200;-5;100;0.75;2;55;50;10;10;16;1137;1137
12428911;138;g_000;1;1;38;line_consecutive;0.5;1138;3;24;13-24;6;53437.67;54608.21;55260.4099999984;55260.40999999841;1170.5400000000009;652.1999999984037;652.1999999984109;eev,integrated,separated,ws;lintim;SiouxFalls;SiouxFalls;True;False;1e-05;6000;1;2;20;50;200;-5;100;0.75;2;55;50;10;10;16;1138;1138
12428911;139;g_000;1;1;38;line_consecutive;0.5;1139;3;25;21-24;6;52808.19;53127.14000000001;53648.71499999841;53648.71499999841;318.9500000000044;521.5749999984037;521.5749999984037;eev,integrated,separated,ws;lintim;SiouxFalls;SiouxFalls;True;False;1e-05;6000;1;2;20;50;200;-5;100;0.75;2;55;50;10;10;16;1139;1139
12428911;140;g_000;1;1;38;line_consecutive;0.5;1140;3;26;20-21;6;52734.39;53053.34000007013;53574.91499999841;53574.91499999841;318.95000007013005;521.574999928278;521.574999928278;eev,integrated,separated,ws;lintim;SiouxFalls;SiouxFalls;True;False;1e-05;6000;1;2;20;50;200;-5;100;0.75;2;55;50;10;10;16;1140;1140
12428911;141;g_000;1;1;38;line_consecutive;0.5;1141;3;27;9-10;7,9;51773.55;52406.86000000775;52726.5899999984;52726.58999993823;633.3100000077466;319.7299999906536;319.7299999304814;eev,integrated,separated,ws;lintim;SiouxFalls;SiouxFalls;True;False;1e-05;6000;1;2;20;50;200;-5;100;0.75;2;55;50;10;10;16;1141;1141
12428911;142;g_000;1;1;38;line_consecutive;0.5;1142;3;28;3-12;8,12;51140.24;51140.240000000005;51140.239999998405;51140.239999998405;7.275957614183426e-12;-1.6007106751203535e-09;-1.6007106751203535e-09;eev,integrated,separated,ws;lintim;SiouxFalls;SiouxFalls;True;False;1e-05;6000;1;2;20;50;200;-5;100;0.75;2;55;50;10;10;16;1142;1142
12428911;143;g_000;1;1;38;line_consecutive;0.5;1143;3;29;5-6;9;51271.24;51402.24000000001;52420.239999998405;52420.239999998405;131.00000000001455;1017.999999998392;1017.999999998392;eev,integrated,separated,ws;lintim;SiouxFalls;SiouxFalls;True;False;1e-05;6000;1;2;20;50;200;-5;100;0.75;2;55;50;10;10;16;1143;1143
12428911;144;g_000;1;1;38;line_consecutive;0.5;1144;3;30;15-19;9,13,14;51730.35;52320.459999997474;53741.71499999841;53741.71499999841;590.1099999974758;1421.255000000936;1421.255000000936;eev,integrated,separated,ws;lintim;SiouxFalls;SiouxFalls;True;False;1e-05;6000;1;2;20;50;200;-5;100;0.75;2;55;50;10;10;16;1144;1144
12428911;145;g_000;1;1;38;line_consecutive;0.5;1145;3;31;20-22;11;51140.23999999999;51140.24;51140.23999998171;51140.23999998171;7.275957614183426e-12;-1.8284481484442953e-08;-1.8284481484442953e-08;eev,integrated,separated,ws;lintim;SiouxFalls;SiouxFalls;True;False;1e-05;6000;1;2;20;50;200;-5;100;0.75;2;55;50;10;10;16;1145;1145
12428911;146;g_000;1;1;38;line_consecutive;0.5;1146;3;32;18-20;11;51140.240000000005;51140.24000000824;51140.23999998497;51140.23999998498;8.236384019255638e-09;-2.32685124501586e-08;-2.3261236492544413e-08;eev,integrated,separated,ws;lintim;SiouxFalls;SiouxFalls;True;False;1e-05;6000;1;2;20;50;200;-5;100;0.75;2;55;50;10;10;16;1146;1146
12428911;147;g_000;1;1;38;line_consecutive;0.5;1147;3;33;12-13;12;51140.24;51140.24000000001;51140.239999998405;51140.239999998405;1.4551915228366852e-11;-1.6079866327345371e-09;-1.6079866327345371e-09;eev,integrated,separated,ws;lintim;SiouxFalls;SiouxFalls;True;False;1e-05;6000;1;2;20;50;200;-5;100;0.75;2;55;50;10;10;16;1147;1147
12428911;148;g_000;1;1;38;line_consecutive;0.5;1148;3;34;1-2;12;51140.24;51140.24000000001;51140.239999998405;51140.239999998405;1.4551915228366852e-11;-1.6079866327345371e-09;-1.6079866327345371e-09;eev,integrated,separated,ws;lintim;SiouxFalls;SiouxFalls;True;False;1e-05;6000;1;2;20;50;200;-5;100;0.75;2;55;50;10;10;16;1148;1148
12428911;149;g_000;1;1;38;line_consecutive;0.5;1149;3;35;21-22;13;51402.15999999999;51664.08;51710.224999998405;51710.224999998405;261.9200000000128;46.14499999840336;46.14499999840336;eev,integrated,separated,ws;lintim;SiouxFalls;SiouxFalls;True;False;1e-05;6000;1;2;20;50;200;-5;100;0.75;2;55;50;10;10;16;1149;1149
12428911;150;g_000;1;1;38;line_consecutive;0.5;1150;3;36;14-15;14;51307.5;51474.76;51600.369999996125;51600.369999996125;167.26000000000204;125.6099999961225;125.6099999961225;eev,integrated,separated,ws;lintim;SiouxFalls;SiouxFalls;True;False;1e-05;6000;1;2;20;50;200;-5;100;0.75;2;55;50;10;10;16;1150;1150
12428911;151;g_000;1;1;38;line_consecutive;0.5;1151;3;37;10-17;14;51307.5;51474.76000000001;51600.36999999841;51600.36999999841;167.2600000000093;125.60999999839989;125.60999999839989;eev,integrated,separated,ws;lintim;SiouxFalls;SiouxFalls;True;False;1e-05;6000;1;2;20;50;200;-5;100;0.75;2;55;50;10;10;16;1151;1151
12428911;152;g_000;1;1;38;line_consecutive;0.5;1152;4;0;11-12;1,7,8;55805.34999999999;57142.30499999993;57478.3949999984;57478.3949999984;1336.9549999999365;336.08999999847583;336.08999999847583;eev,integrated,separated,ws;lintim;SiouxFalls;SiouxFalls;True;False;1e-05;6000;1;2;20;50;200;-5;200;0.75;2;55;50;10;10;16;1152;1152
12428911;153;g_000;1;1;38;line_consecutive;0.5;1153;4;1;10-11;1,7,10;55473.41999999999;56775.08000001768;58085.1049999984;58085.10499495351;1301.6600000176911;1310.0249999807202;1310.0249949358258;eev,integrated,separated,ws;lintim;SiouxFalls;SiouxFalls;True;False;1e-05;6000;1;2;20;50;200;-5;200;0.75;2;55;50;10;10;16;1153;1153
12428911;154;g_000;1;1;38;line_consecutive;0.5;1154;4;2;10-16;1,10;53485.16;54210.805000000015;55961.739999998405;55961.739999998405;725.6450000000114;1750.9349999983897;1750.9349999983897;eev,integrated,separated,ws;lintim;SiouxFalls;SiouxFalls;True;False;1e-05;6000;1;2;20;50;200;-5;200;0.75;2;55;50;10;10;16;1154;1154
12428911;155;g_000;1;1;38;line_consecutive;0.5;1155;4;3;16-18;1;52748.67999999999;53632.715;55257.6299999984;55257.6299999984;884.0350000000035;1624.9149999984002;1624.9149999984002;eev,integrated,separated,ws;lintim;SiouxFalls;SiouxFalls;True;False;1e-05;6000;1;2;20;50;200;-5;200;0.75;2;55;50;10;10;16;1155;1155
12428911;156;g_000;1;1;38;line_consecutive;0.5;1156;4;4;2-6;2;58921.55499999999;60921.82;61839.99999999841;61839.999999998414;2000.2650000000067;918.1799999984069;918.179999998414;eev,integrated,separated,ws;lintim;SiouxFalls;SiouxFalls;True;False;1e-05;6000;1;2;20;50;200;-5;200;0.75;2;55;50;10;10;16;1156;1156
12428911;157;g_000;1;1;38;line_consecutive;0.5;1157;4;5;6-8;2;57269.425;58215.33;58779.639999998406;58779.63999999841;945.9049999999988;564.3099999984042;564.3099999984115;eev,integrated,separated,ws;lintim;SiouxFalls;SiouxFalls;True;False;1e-05;6000;1;2;20;50;200;-5;200;0.75;2;55;50;10;10;16;1157;1157
12428911;158;g_000;1;1;38;line_consecutive;0.5;1158;4;6;8-16;2,10,13;57220.72499999999;58362.380000000005;59573.3549999984;58810.02;1141.6550000000134;1210.9749999983978;447.63999999999214;eev,integrated,separated,ws;lintim;SiouxFalls;SiouxFalls;True;False;1e-05;6000;1;2;20;50;200;-5;200;0.75;2;55;50;10;10;16;1158;1158
12428911;159;g_000;1;1;38;line_consecutive;0.5;1159;4;7;16-17;2,13;56436.23999999998;57344.13000000001;57945.21499999841;57889.19;907.8900000000284;601.0849999983984;545.0599999999904;eev,integrated,separated,ws;lintim;SiouxFalls;SiouxFalls;True;False;1e-05;6000;1;2;20;50;200;-5;200;0.75;2;55;50;10;10;16;1159;1159
12428911;160;g_000;1;1;38;line_consecutive;0.5;1160;4;8;17-19;2,13,14;60308.675;60993.635;61877.76999999841;61414.10544037583;684.9599999999991;884.1349999984086;420.4704403758296;eev,integrated,separated,ws;lintim;SiouxFalls;SiouxFalls;True;False;1e-05;6000;1;2;20;50;200;-5;200;0.75;2;55;50;10;10;16;1160;1160
12428911;161;g_000;1;1;38;line_consecutive;0.5;1161;4;9;19-20;2;57616.3;58598.40500000171;59162.7149999984;59162.71499999841;982.1050000017058;564.3099999966944;564.3099999967017;eev,integrated,separated,ws;lintim;SiouxFalls;SiouxFalls;True;False;1e-05;6000;1;2;20;50;200;-5;200;0.75;2;55;50;10;10;16;1161;1161
12428911;162;g_000;1;1;38;line_consecutive;0.5;1162;4;10;3-4;3,4;55065.45999999999;55980.805;57075.834999998406;57075.834999998406;915.3450000000084;1095.0299999984054;1095.0299999984054;eev,integrated,separated,ws;lintim;SiouxFalls;SiouxFalls;True;False;1e-05;6000;1;2;20;50;200;-5;200;0.75;2;55;50;10;10;16;1162;1162
12428911;163;g_000;1;1;38;line_consecutive;0.5;1163;4;11;4-5;3;51140.23999999999;51140.24000000001;51140.239999998405;51140.239999998405;2.182787284255028e-11;-1.6079866327345371e-09;-1.6079866327345371e-09;eev,integrated,separated,ws;lintim;SiouxFalls;SiouxFalls;True;False;1e-05;6000;1;2;20;50;200;-5;200;0.75;2;55;50;10;10;16;1163;1163
12428911;164;g_000;1;1;38;line_consecutive;0.5;1164;4;12;5-9;3,9;51271.23999999999;51402.24000000001;52420.239999998405;52420.239999998405;131.00000000002183;1017.999999998392;1017.999999998392;eev,integrated,separated,ws;lintim;SiouxFalls;SiouxFalls;True;False;1e-05;6000;1;2;20;50;200;-5;200;0.75;2;55;50;10;10;16;1164;1164
12428911;165;g_000;1;1;38;line_consecutive;0.5;1165;4;13;8-9;3,7;51140.23999999999;51140.23999997906;51140.239999998405;51140.239999998405;-2.093293005600572e-08;1.9346771296113733e-08;1.9346771296113733e-08;eev,integrated,separated,ws;lintim;SiouxFalls;SiouxFalls;True;False;1e-05;6000;1;2;20;50;200;-5;200;0.75;2;55;50;10;10;16;1165;1165
12428911;166;g_000;1;1;38;line_consecutive;0.5;1166;4;14;7-8;3,7,11;51140.23999999999;51140.24;51140.239999998405;51140.239999998405;7.275957614183426e-12;-1.5934347175061703e-09;-1.5934347175061703e-09;eev,integrated,separated,ws;lintim;SiouxFalls;SiouxFalls;True;False;1e-05;6000;1;2;20;50;200;-5;200;0.75;2;55;50;10;10;16;1166;1166
12428911;167;g_000;1;1;38;line_consecutive;0.5;1167;4;15;7-18;3,11;51140.23999999999;51140.24;51140.239999998405;51140.239999998405;7.275957614183426e-12;-1.5934347175061703e-09;-1.5934347175061703e-09;eev,integrated,separated,ws;lintim;SiouxFalls;SiouxFalls;True;False;1e-05;6000;1;2;20;50;200;-5;200;0.75;2;55;50;10;10;16;1167;1167
12428911;168;g_000;1;1;38;line_consecutive;0.5;1168;4;16;1-3;4,8,12;58395.62;58917.99999999974;59192.724999998405;59192.724999998405;522.3799999997354;274.72499999866704;274.72499999866704;eev,integrated,separated,ws;lintim;SiouxFalls;SiouxFalls;True;False;1e-05;6000;1;2;20;50;200;-5;200;0.75;2;55;50;10;10;16;1168;1168
12428911;169;g_000;1;1;38;line_consecutive;0.5;1169;4;17;4-11;4;54346.68999999999;55250.21499999993;55779.5349999984;55779.5349999984;903.5249999999432;529.3199999984718;529.3199999984718;eev,integrated,separated,ws;lintim;SiouxFalls;SiouxFalls;True;False;1e-05;6000;1;2;20;50;200;-5;200;0.75;2;55;50;10;10;16;1169;1169
12428911;170;g_000;1;1;38;line_consecutive;0.5;1170;4;18;11-14;4,8,10;55715.62999999999;56294.27999999865;57293.029999998405;57293.029999998405;578.6499999986627;998.7499999997526;998.7499999997526;eev,integrated,separated,ws;lintim;SiouxFalls;SiouxFalls;True;False;1e-05;6000;1;2;20;50;200;-5;200;0.75;2;55;50;10;10;16;1170;1170
12428911;171;g_000;1;1;38;line_consecutive;0.5;1171;4;19;14-23;4,10;54841.90499999999;55396.175;56078.24499999841;56078.24499999841;554.2700000000114;682.0699999984063;682.0699999984063;eev,integrated,separated,ws;lintim;SiouxFalls;SiouxFalls;True;False;1e-05;6000;1;2;20;50;200;-5;200;0.75;2;55;50;10;10;16;1171;1171
12428911;172;g_000;1;1;38;line_consecutive;0.5;1172;4;20;23-24;4;54286.7;55198.029999999904;55588.294999998405;55588.294999998405;911.3299999999072;390.26499999850057;390.26499999850057;eev,integrated,separated,ws;lintim;SiouxFalls;SiouxFalls;True;False;1e-05;6000;1;2;20;50;200;-5;200;0.75;2;55;50;10;10;16;1172;1172
12428911;173;g_000;1;1;38;line_consecutive;0.5;1173;4;21;10-15;5,9;52049.835;52180.835000000014;53427.9549999984;53427.9549999984;131.00000000001455;1247.1199999983874;1247.1199999983874;eev,integrated,separated,ws;lintim;SiouxFalls;SiouxFalls;True;False;1e-05;6000;1;2;20;50;200;-5;200;0.75;2;55;50;10;10;16;1173;1173
12428911;174;g_000;1;1;38;line_consecutive;0.5;1174;4;22;15-22;5,13;53051.30999999998;53051.31000000001;53051.3099999984;53051.30999999841;2.9103830456733704e-11;-1.6152625903487206e-09;-1.6007106751203535e-09;eev,integrated,separated,ws;lintim;SiouxFalls;SiouxFalls;True;False;1e-05;6000;1;2;20;50;200;-5;200;0.75;2;55;50;10;10;16;1174;1174
12428911;175;g_000;1;1;38;line_consecutive;0.5;1175;4;23;22-23;5;51792.37999999999;51792.59500000001;51792.59499999841;51792.594999998415;0.2150000000183354;-1.6007106751203535e-09;-1.5934347175061703e-09;eev,integrated,separated,ws;lintim;SiouxFalls;SiouxFalls;True;False;1e-05;6000;1;2;20;50;200;-5;200;0.75;2;55;50;10;10;16;1175;1175
12428911;176;g_000;1;1;38;line_consecutive;0.5;1176;4;24;13-24;6;53437.67;54608.21000000001;55260.4099999984;55260.40999999841;1170.540000000008;652.1999999983964;652.1999999984037;eev,integrated,separated,ws;lintim;SiouxFalls;SiouxFalls;True;False;1e-05;6000;1;2;20;50;200;-5;200;0.75;2;55;50;10;10;16;1176;1176
12428911;177;g_000;1;1;38;line_consecutive;0.5;1177;4;25;21-24;6;52808.19;53127.140000000014;53648.7149999984;53648.71499999841;318.95000000001164;521.5749999983891;521.5749999983964;eev,integrated,separated,ws;lintim;SiouxFalls;SiouxFalls;True;False;1e-05;6000;1;2;20;50;200;-5;200;0.75;2;55;50;10;10;16;1177;1177
12428911;178;g_000;1;1;38;line_consecutive;0.5;1178;4;26;20-21;6;52734.38999999999;53053.34000007075;53574.91499999841;53574.91499999841;318.9500000707558;521.5749999276595;521.5749999276595;eev,integrated,separated,ws;lintim;SiouxFalls;SiouxFalls;True;False;1e-05;6000;1;2;20;50;200;-5;200;0.75;2;55;50;10;10;16;1178;1178
12428911;179;g_000;1;1;38;line_consecutive;0.5;1179;4;27;9-10;7,9;51773.55;52406.86000000001;52726.58999999841;52726.5899999984;633.310000000005;319.7299999984025;319.7299999983952;eev,integrated,separated,ws;lintim;SiouxFalls;SiouxFalls;True;False;1e-05;6000;1;2;20;50;200;-5;200;0.75;2;55;50;10;10;16;1179;1179
12428911;180;g_000;1;1;38;line_consecutive;0.5;1180;4;28;3-12;8,12;51140.23999999999;51140.24000000415;51140.239999998405;51140.239999998405;4.1618477553129204e-09;-5.748006515204906e-09;-5.748006515204906e-09;eev,integrated,separated,ws;lintim;SiouxFalls;SiouxFalls;True;False;1e-05;6000;1;2;20;50;200;-5;200;0.75;2;55;50;10;10;16;1180;1180
12428911;181;g_000;1;1;38;line_consecutive;0.5;1181;4;29;5-6;9;51271.23999999999;51402.24;52420.239999998405;52420.239999998405;131.00000000000728;1017.9999999984066;1017.9999999984066;eev,integrated,separated,ws;lintim;SiouxFalls;SiouxFalls;True;False;1e-05;6000;1;2;20;50;200;-5;200;0.75;2;55;50;10;10;16;1181;1181
12428911;182;g_000;1;1;38;line_consecutive;0.5;1182;4;30;15-19;9,13,14;51730.34999999999;52320.46000000001;53741.71500000384;53741.71500000384;590.1100000000151;1421.2550000038318;1421.2550000038318;eev,integrated,separated,ws;lintim;SiouxFalls;SiouxFalls;True;False;1e-05;6000;1;2;20;50;200;-5;200;0.75;2;55;50;10;10;16;1182;1182
12428911;183;g_000;1;1;38;line_consecutive;0.5;1183;4;31;20-22;11;51140.23999999999;51140.24000000001;51140.23999998167;51140.23999998167;2.182787284255028e-11;-1.8342689145356417e-08;-1.8342689145356417e-08;eev,integrated,separated,ws;lintim;SiouxFalls;SiouxFalls;True;False;1e-05;6000;1;2;20;50;200;-5;200;0.75;2;55;50;10;10;16;1183;1183
12428911;184;g_000;1;1;38;line_consecutive;0.5;1184;4;32;18-20;11;51140.23999999999;51140.24000000001;51140.23999998483;51140.23999998483;2.182787284255028e-11;-1.518492354080081e-08;-1.518492354080081e-08;eev,integrated,separated,ws;lintim;SiouxFalls;SiouxFalls;True;False;1e-05;6000;1;2;20;50;200;-5;200;0.75;2;55;50;10;10;16;1184;1184
12428911;185;g_000;1;1;38;line_consecutive;0.5;1185;4;33;12-13;12;51140.23999999999;51140.24000000001;51140.239999998405;51140.239999998405;2.182787284255028e-11;-1.6079866327345371e-09;-1.6079866327345371e-09;eev,integrated,separated,ws;lintim;SiouxFalls;SiouxFalls;True;False;1e-05;6000;1;2;20;50;200;-5;200;0.75;2;55;50;10;10;16;1185;1185
12428911;186;g_000;1;1;38;line_consecutive;0.5;1186;4;34;1-2;12;51140.23999999999;51140.23999998385;51140.239999998405;51140.239999998405;-1.6138073988258842e-08;1.4551915228366852e-08;1.4551915228366852e-08;eev,integrated,separated,ws;lintim;SiouxFalls;SiouxFalls;True;False;1e-05;6000;1;2;20;50;200;-5;200;0.75;2;55;50;10;10;16;1186;1186
12428911;187;g_000;1;1;38;line_consecutive;0.5;1187;4;35;21-22;13;51402.15999999999;51664.07999999995;51710.224999998405;51710.224999998405;261.9199999999619;46.144999998454296;46.144999998454296;eev,integrated,separated,ws;lintim;SiouxFalls;SiouxFalls;True;False;1e-05;6000;1;2;20;50;200;-5;200;0.75;2;55;50;10;10;16;1187;1187
12428911;188;g_000;1;1;38;line_consecutive;0.5;1188;4;36;14-15;14;51307.5;51474.76000000001;51600.36999999841;51600.3699999984;167.2600000000093;125.60999999839989;125.6099999983926;eev,integrated,separated,ws;lintim;SiouxFalls;SiouxFalls;True;False;1e-05;6000;1;2;20;50;200;-5;200;0.75;2;55;50;10;10;16;1188;1188
12428911;189;g_000;1;1;38;line_consecutive;0.5;1189;4;37;10-17;14;51307.5;51474.76;51600.36999999841;51600.3699999984;167.26000000000204;125.60999999840716;125.60999999839989;eev,integrated,separated,ws;lintim;SiouxFalls;SiouxFalls;True;False;1e-05;6000;1;2;20;50;200;-5;200;0.75;2;55;50;10;10;16;1189;1189
12428911;190;g_000;2;1;42;line_consecutive;0.5;1190;5;0;10-11,11-12;1,7;53757.192;54230.132000000034;54882.3069999992;54882.30699999946;472.9400000000314;652.1749999991662;652.1749999994281;eev,integrated,separated,ws;lintim;SiouxFalls;SiouxFalls;True;False;1e-05;6000;1;2;20;50;200;-5;10;0.75;2;55;50;10;10;16;1190;1190
12428911;191;g_000;2;1;42;line_consecutive;0.5;1191;5;1;10-11,10-16;1,10;54514.11499999999;55226.02000000001;56165.72199999973;56165.722;711.9050000000207;939.701999999721;939.7019999999902;eev,integrated,separated,ws;lintim;SiouxFalls;SiouxFalls;True;False;1e-05;6000;1;2;20;50;200;-5;10;0.75;2;55;50;10;10;16;1191;1191
12428911;192;g_000;2;1;42;line_consecutive;0.5;1192;5;2;10-16,16-18;1;52975.765;53837.22000000001;55286.14498594973;55286.144985949984;861.455000000009;1448.9249859497213;1448.924985949976;eev,integrated,separated,ws;lintim;SiouxFalls;SiouxFalls;True;False;1e-05;6000;1;2;20;50;200;-5;10;0.75;2;55;50;10;10;16;1192;1192
12428911;193;g_000;2;1;42;line_consecutive;0.5;1193;5;3;2-6,6-8;2;52094.34;52720.29499999991;54378.68499999973;54378.685;625.9549999999144;1658.3899999998175;1658.3900000000867;eev,integrated,separated,ws;lintim;SiouxFalls;SiouxFalls;True;False;1e-05;6000;1;2;20;50;200;-5;10;0.75;2;55;50;10;10;16;1193;1193
12428911;194;g_000;2;1;42;line_consecutive;0.5;1194;5;4;6-8,8-16;2;53941.76999999999;54333.50000000001;54734.774999999725;54734.775;391.73000000001775;401.2749999997177;401.2749999999942;eev,integrated,separated,ws;lintim;SiouxFalls;SiouxFalls;True;False;1e-05;6000;1;2;20;50;200;-5;10;0.75;2;55;50;10;10;16;1194;1194
12428911;195;g_000;2;1;42;line_consecutive;0.5;1195;5;5;8-16,16-17;2,13;53941.77;54333.50000000001;54734.77499999973;54734.775;391.7300000000105;401.27499999972497;401.2749999999942;eev,integrated,separated,ws;lintim;SiouxFalls;SiouxFalls;True;False;1e-05;6000;1;2;20;50;200;-5;10;0.75;2;55;50;10;10;16;1195;1195
12428911;196;g_000;2;1;42;line_consecutive;0.5;1196;5;6;16-17,17-19;2,13;54504.56;54907.210000000014;55956.48999999973;55524.15499999948;402.650000000016;1049.279999999715;616.9449999994686;eev,integrated,separated,ws;lintim;SiouxFalls;SiouxFalls;True;False;1e-05;6000;1;2;20;50;200;-5;10;0.75;2;55;50;10;10;16;1196;1196
12428911;197;g_000;2;1;42;line_consecutive;0.5;1197;5;7;17-19,19-20;2;54147.56999999999;54476.04000000001;55250.17499999973;55250.175;328.4700000000157;774.1349999997183;774.1349999999948;eev,integrated,separated,ws;lintim;SiouxFalls;SiouxFalls;True;False;1e-05;6000;1;2;20;50;200;-5;10;0.75;2;55;50;10;10;16;1197;1197
12428911;198;g_000;2;1;42;line_consecutive;0.5;1198;5;8;3-4,4-5;3;55103.821;55561.6295;56441.07549999973;56008.7405;457.8084999999992;879.4459999997271;447.1109999999972;eev,integrated,separated,ws;lintim;SiouxFalls;SiouxFalls;True;False;1e-05;6000;1;2;20;50;200;-5;10;0.75;2;55;50;10;10;16;1198;1198
12428911;199;g_000;2;1;42;line_consecutive;0.5;1199;5;9;4-5,5-9;3;53941.76999999999;54333.5;54734.77499999973;54734.775;391.7300000000105;401.2749999997322;401.2750000000015;eev,integrated,separated,ws;lintim;SiouxFalls;SiouxFalls;True;False;1e-05;6000;1;2;20;50;200;-5;10;0.75;2;55;50;10;10;16;1199;1199
12428911;200;g_000;2;1;42;line_consecutive;0.5;1200;5;10;5-9,8-9;3;53084.14499999821;53880.670000000006;54726.67499999973;54726.67499999999;796.5250000017986;846.0049999997209;846.0049999999828;eev,integrated,separated,ws;lintim;SiouxFalls;SiouxFalls;True;False;1e-05;6000;1;2;20;50;200;-5;10;0.75;2;55;50;10;10;16;1200;1200
12428911;201;g_000;2;1;42;line_consecutive;0.5;1201;5;11;7-8,8-9;3,7;50928.38;50928.379999999735;50928.37999999973;50928.37999999999;-2.6193447411060333e-10;-7.275957614183426e-12;2.5465851649641985e-10;eev,integrated,separated,ws;lintim;SiouxFalls;SiouxFalls;True;False;1e-05;6000;1;2;20;50;200;-5;10;0.75;2;55;50;10;10;16;1201;1201
12428911;202;g_000;2;1;42;line_consecutive;0.5;1202;5;12;7-8,7-18;3,11;51019.12;51109.86000000001;51547.63999999973;51547.64;90.74000000000524;437.7799999997224;437.7799999999916;eev,integrated,separated,ws;lintim;SiouxFalls;SiouxFalls;True;False;1e-05;6000;1;2;20;50;200;-5;10;0.75;2;55;50;10;10;16;1202;1202
12428911;203;g_000;2;1;42;line_consecutive;0.5;1203;5;13;1-3,3-4;4;50928.37999999981;50928.38;50928.37999999973;50928.37999999999;1.8917489796876907e-10;-2.692104317247868e-10;-7.275957614183426e-12;eev,integrated,separated,ws;lintim;SiouxFalls;SiouxFalls;True;False;1e-05;6000;1;2;20;50;200;-5;10;0.75;2;55;50;10;10;16;1203;1203
12428911;204;g_000;2;1;42;line_consecutive;0.5;1204;5;14;3-4,4-11;4;50928.37999999999;50928.380000000005;50928.37999999973;50928.37999999999;1.4551915228366852e-11;-2.764863893389702e-10;-1.4551915228366852e-11;eev,integrated,separated,ws;lintim;SiouxFalls;SiouxFalls;True;False;1e-05;6000;1;2;20;50;200;-5;10;0.75;2;55;50;10;10;16;1204;1204
12428911;205;g_000;2;1;42;line_consecutive;0.5;1205;5;15;4-11,11-14;4;50928.37999999999;50928.380000000005;50928.37999999973;50928.38000000059;1.4551915228366852e-11;-2.764863893389702e-10;5.820766091346741e-10;eev,integrated,separated,ws;lintim;SiouxFalls;SiouxFalls;True;False;1e-05;6000;1;2;20;50;200;-5;10;0.75;2;55;50;10;10;16;1205;1205
12428911;206;g_000;2;1;42;line_consecutive;0.5;1206;5;16;11-14,14-23;4,10;55105.995;55592.88000000001;55809.21499999972;55809.21499999972;486.8850000000093;216.3349999997081;216.3349999997081;eev,integrated,separated,ws;lintim;SiouxFalls;SiouxFalls;True;False;1e-05;6000;1;2;20;50;200;-5;10;0.75;2;55;50;10;10;16;1206;1206
12428911;207;g_000;2;1;42;line_consecutive;0.5;1207;5;17;14-23,23-24;4;53010.76999999999;53880.669999999554;54726.67499999973;54726.67499999967;869.8999999995649;846.005000000172;846.0050000001138;eev,integrated,separated,ws;lintim;SiouxFalls;SiouxFalls;True;False;1e-05;6000;1;2;20;50;200;-5;10;0.75;2;55;50;10;10;16;1207;1207
12428911;208;g_000;2;1;42;line_consecutive;0.5;1208;5;18;10-15,15-22;5;54541.92999999999;55187.40000000001;56283.34999999973;56283.34999999999;645.4700000000157;1095.9499999997206;1095.9499999999823;eev,integrated,separated,ws;lintim;SiouxFalls;SiouxFalls;True;False;1e-05;6000;1;2;20;50;200;-5;10;0.75;2;55;50;10;10;16;1208;1208
12428911;209;g_000;2;1;42;line_consecutive;0.5;1209;5;19;15-22,22-23;5;53531.34999999999;54383.405000000006;55239.439999999726;55239.44;852.0550000000148;856.0349999997197;856.0349999999962;eev,integrated,separated,ws;lintim;SiouxFalls;SiouxFalls;True;False;1e-05;6000;1;2;20;50;200;-5;10;0.75;2;55;50;10;10;16;1209;1209
12428911;210;g_000;2;1;42;line_consecutive;0.5;1210;5;20;13-24,21-24;6;53010.77000000001;53880.67000000001;54665.32499999973;54665.32499999966;869.9000000000015;784.6549999997151;784.6549999996496;eev,integrated,separated,ws;lintim;SiouxFalls;SiouxFalls;True;False;1e-05;6000;1;2;20;50;200;-5;10;0.75;2;55;50;10;10;16;1210;1210
12428911;211;g_000;2;1;42;line_consecutive;0.5;1211;5;21;20-21,21-24;6;51635.45;51727.72;52142.82499999973;52142.824999999735;92.27000000000407;415.1049999997267;415.104999999734;eev,integrated,separated,ws;lintim;SiouxFalls;SiouxFalls;True;False;1e-05;6000;1;2;20;50;200;-5;10;0.75;2;55;50;10;10;16;1211;1211
12428911;212;g_000;2;1;42;line_consecutive;0.5;1212;5;22;9-10,10-11;7;51710.00499999999;51712.55500000001;52144.88999999973;52144.89;2.5500000000174623;432.3349999997226;432.3349999999919;eev,integrated,separated,ws;lintim;SiouxFalls;SiouxFalls;True;False;1e-05;6000;1;2;20;50;200;-5;10;0.75;2;55;50;10;10;16;1212;1212
12428911;213;g_000;2;1;42;line_consecutive;0.5;1213;5;23;8-9,9-10;7;51282.01;51387.49000000597;51391.35499999973;51391.355;105.48000000596949;3.864999993755191;3.8649999940316775;eev,integrated,separated,ws;lintim;SiouxFalls;SiouxFalls;True;False;1e-05;6000;1;2;20;50;200;-5;10;0.75;2;55;50;10;10;16;1213;1213
12428911;214;g_000;2;1;42;line_consecutive;0.5;1214;5;24;1-3,3-12;8,12;51965.37999999999;51965.38000000001;51965.37999999973;51965.37999999997;2.182787284255028e-11;-2.8376234695315356e-10;-4.365574568510056e-11;eev,integrated,separated,ws;lintim;SiouxFalls;SiouxFalls;True;False;1e-05;6000;1;2;20;50;200;-5;10;0.75;2;55;50;10;10;16;1214;1214
12428911;215;g_000;2;1;42;line_consecutive;0.5;1215;5;25;3-12,11-12;8;51965.37999999999;51965.38000003431;51965.37999999973;51965.37999999997;3.432069206610322e-08;-3.4582626540213823e-08;-3.434251993894577e-08;eev,integrated,separated,ws;lintim;SiouxFalls;SiouxFalls;True;False;1e-05;6000;1;2;20;50;200;-5;10;0.75;2;55;50;10;10;16;1215;1215
12428911;216;g_000;2;1;42;line_consecutive;0.5;1216;5;26;11-12,11-14;8;51965.37999999999;51965.38000000008;51965.37999999973;51965.37999999997;8.731149137020111e-11;-3.4924596548080444e-10;-1.0913936421275139e-10;eev,integrated,separated,ws;lintim;SiouxFalls;SiouxFalls;True;False;1e-05;6000;1;2;20;50;200;-5;10;0.75;2;55;50;10;10;16;1216;1216
12428911;217;g_000;2;1;42;line_consecutive;0.5;1217;5;27;5-6,5-9;9;51266.89999999983;51547.63999999967;51547.63999999973;51547.64;280.7399999998452;5.820766091346741e-11;3.2741809263825417e-10;eev,integrated,separated,ws;lintim;SiouxFalls;SiouxFalls;True;False;1e-05;6000;1;2;20;50;200;-5;10;0.75;2;55;50;10;10;16;1217;1217
12428911;218;g_000;2;1;42;line_consecutive;0.5;1218;5;28;5-9,9-10;9;50928.38000001554;50928.37999969554;50928.37999999883;50928.3799999991;-3.199966158717871e-07;3.032910171896219e-07;3.035602276213467e-07;eev,integrated,separated,ws;lintim;SiouxFalls;SiouxFalls;True;False;1e-05;6000;1;2;20;50;200;-5;10;0.75;2;55;50;10;10;16;1218;1218
12428911;219;g_000;2;1;42;line_consecutive;0.5;1219;5;29;9-10,10-15;9;51019.12;51109.86000000001;51547.63999999973;51547.63999999999;90.74000000000524;437.7799999997224;437.7799999999843;eev,integrated,separated,ws;lintim;SiouxFalls;SiouxFalls;True;False;1e-05;6000;1;2;20;50;200;-5;10;0.75;2;55;50;10;10;16;1219;1219
12428911;220;g_000;2;1;42;line_consecutive;0.5;1220;5;30;10-15,15-19;9;51215.66;51502.94;52448.88499999973;52448.885;287.27999999999884;945.9449999997304;945.9449999999996;eev,integrated,separated,ws;lintim;SiouxFalls;SiouxFalls;True;False;1e-05;6000;1;2;20;50;200;-5;10;0.75;2;55;50;10;10;16;1220;1220
12428911;221;g_000;2;1;42;line_consecutive;0.5;1221;5;31;8-16,10-16;10;50928.37999999999;50928.380000000005;50928.37999999973;50928.37999999999;1.4551915228366852e-11;-2.764863893389702e-10;-1.4551915228366852e-11;eev,integrated,separated,ws;lintim;SiouxFalls;SiouxFalls;True;False;1e-05;6000;1;2;20;50;200;-5;10;0.75;2;55;50;10;10;16;1221;1221
12428911;222;g_000;2;1;42;line_consecutive;0.5;1222;5;32;10-11,11-14;10;50928.38000000072;50928.38000000002;50928.37999999973;50928.37999999999;-6.984919309616089e-10;-2.9103830456733704e-10;-2.9103830456733704e-11;eev,integrated,separated,ws;lintim;SiouxFalls;SiouxFalls;True;False;1e-05;6000;1;2;20;50;200;-5;10;0.75;2;55;50;10;10;16;1222;1222
12428911;223;g_000;2;1;42;line_consecutive;0.5;1223;5;33;18-20,20-22;11;50928.37999999999;50928.38;50928.37999999973;50928.38;7.275957614183426e-12;-2.692104317247868e-10;0.0;eev,integrated,separated,ws;lintim;SiouxFalls;SiouxFalls;True;False;1e-05;6000;1;2;20;50;200;-5;10;0.75;2;55;50;10;10;16;1223;1223
12428911;224;g_000;2;1;42;line_consecutive;0.5;1224;5;34;7-18,18-20;11;50928.37999999999;50928.379999999735;50928.379999999335;50928.37999999961;-2.5465851649641985e-10;-4.0017766878008837e-10;-1.2369127944111824e-10;eev,integrated,separated,ws;lintim;SiouxFalls;SiouxFalls;True;False;1e-05;6000;1;2;20;50;200;-5;10;0.75;2;55;50;10;10;16;1224;1224
12428911;225;g_000;2;1;42;line_consecutive;0.5;1225;5;35;3-12,12-13;12;50930.92999999999;50933.48000000556;51365.814999999726;51365.815;2.550000005569018;432.3349999941638;432.3349999944403;eev,integrated,separated,ws;lintim;SiouxFalls;SiouxFalls;True;False;1e-05;6000;1;2;20;50;200;-5;10;0.75;2;55;50;10;10;16;1225;1225
12428911;226;g_000;2;1;42;line_consecutive;0.5;1226;5;36;1-2,1-3;12;51058.85999999999;51189.34;51394.40999999973;51394.41;130.4800000000032;205.0699999997305;205.07000000000696;eev,integrated,separated,ws;lintim;SiouxFalls;SiouxFalls;True;False;1e-05;6000;1;2;20;50;200;-5;10;0.75;2;55;50;10;10;16;1226;1226
12428911;227;g_000;2;1;42;line_consecutive;0.5;1227;5;37;15-19,17-19;13,14;51058.85999999999;51189.34;51394.40999999896;51394.40999999922;130.4800000000032;205.06999999896647;205.0699999992212;eev,integrated,separated,ws;lintim;SiouxFalls;SiouxFalls;True;False;1e-05;6000;1;2;20;50;200;-5;10;0.75;2;55;50;10;10;16;1227;1227
12428911;228;g_000;2;1;42;line_consecutive;0.5;1228;5;38;15-19,15-22;13;53757.192;54230.132000000034;54882.3069999992;54882.30699999946;472.9400000000314;652.1749999991662;652.1749999994281;eev,integrated,separated,ws;lintim;SiouxFalls;SiouxFalls;True;False;1e-05;6000;1;2;20;50;200;-5;10;0.75;2;55;50;10;10;16;1228;1228
12428911;229;g_000;2;1;42;line_consecutive;0.5;1229;5;39;15-22,21-22;13;54514.11499999999;55226.02000000001;56165.72199999973;56165.722;711.9050000000207;939.701999999721;939.7019999999902;eev,integrated,separated,ws;lintim;SiouxFalls;SiouxFalls;True;False;1e-05;6000;1;2;20;50;200;-5;10;0.75;2;55;50;10;10;16;1229;1229
12428911;230;g_000;2;1;42;line_consecutive;0.5;1230;5;40;14-15,15-19;14;52975.765;53837.22000000001;55286.14498594973;55286.144985949984;861.455000000009;1448.9249859497213;1448.924985949976;eev,integrated,separated,ws;lintim;SiouxFalls;SiouxFalls;True;False;1e-05;6000;1;2;20;50;200;-5;10;0.75;2;55;50;10;10;16;1230;1230
12428911;231;g_000;2;1;42;line_consecutive;0.5;1231;5;41;10-17,17-19;14;52094.34;52720.29499999991;54378.68499999973;54378.685;625.9549999999144;1658.3899999998175;1658.3900000000867;eev,integrated,separated,ws;lintim;SiouxFalls;SiouxFalls;True;False;1e-05;6000;1;2;20;50;200;-5;10;0.75;2;55;50;10;10;16;1231;1231
12428911;232;g_000;2;1;42;line_consecutive;0.5;1232;6;0;10-11,11-12;1,7;57150.70999999999;58083.34;58667.62999999522;58667.62999999523;932.6300000000048;584.2899999952206;584.2899999952351;eev,integrated,separated,ws;lintim;SiouxFalls;SiouxFalls;True;False;1e-05;6000;1;2;20;50;200;-5;20;0.75;2;55;50;10;10;16;1232;1232
12428911;233;g_000;2;1;42;line_consecutive;0.5;1233;6;1;10-11,10-16;1,10;56399.84999999999;56839.81000000047;57306.309999995225;57306.309999995225;439.96000000047934;466.499999994754;466.499999994754;eev,integrated,separated,ws;lintim;SiouxFalls;SiouxFalls;True;False;1e-05;6000;1;2;20;50;200;-5;20;0.75;2;55;50;10;10;16;1233;1233
12428911;234;g_000;2;1;42;line_consecutive;0.5;1234;6;2;10-16,16-18;1;56827.14999999999;57644.36;58796.58999999522;58116.91;817.2100000000137;1152.229999995223;472.5500000000029;eev,integrated,separated,ws;lintim;SiouxFalls;SiouxFalls;True;False;1e-05;6000;1;2;20;50;200;-5;20;0.75;2;55;50;10;10;16;1234;1234
12428911;235;g_000;2;1;42;line_consecutive;0.5;1235;6;3;2-6,6-8;2;56029.73499999999;56839.01500000089;57426.80499999523;56897.09;809.2800000008938;587.7899999943402;58.07499999910942;eev,integrated,separated,ws;lintim;SiouxFalls;SiouxFalls;True;False;1e-05;6000;1;2;20;50;200;-5;20;0.75;2;55;50;10;10;16;1235;1235
12428911;236;g_000;2;1;42;line_consecutive;0.5;1236;6;4;6-8,8-16;2;58942.23499999999;59665.68499999999;60584.029999995226;60141.25499999994;723.4499999999971;918.3449999952354;475.5699999999488;eev,integrated,separated,ws;lintim;SiouxFalls;SiouxFalls;True;False;1e-05;6000;1;2;20;50;200;-5;20;0.75;2;55;50;10;10;16;1236;1236
12428911;237;g_000;2;1;42;line_consecutive;0.5;1237;6;5;8-16,16-17;2,13;56708.87499999999;57192.34500000001;57776.63499999522;57776.63499999523;483.4700000000157;584.2899999952133;584.2899999952206;eev,integrated,separated,ws;lintim;SiouxFalls;SiouxFalls;True;False;1e-05;6000;1;2;20;50;200;-5;20;0.75;2;55;50;10;10;16;1237;1237
12428911;238;g_000;2;1;42;line_consecutive;0.5;1238;6;6;16-17,17-19;2,13;54817.61499999998;55591.80000000003;56004.29999999523;56004.29999999523;774.1850000000486;412.49999999519787;412.49999999519787;eev,integrated,separated,ws;lintim;SiouxFalls;SiouxFalls;True;False;1e-05;6000;1;2;20;50;200;-5;20;0.75;2;55;50;10;10;16;1238;1238
12428911;239;g_000;2;1;42;line_consecutive;0.5;1239;6;7;17-19,19-20;2;51140.23999999999;51140.240000000005;51140.239999995225;51140.239999995225;1.4551915228366852e-11;-4.780304152518511e-09;-4.780304152518511e-09;eev,integrated,separated,ws;lintim;SiouxFalls;SiouxFalls;True;False;1e-05;6000;1;2;20;50;200;-5;20;0.75;2;55;50;10;10;16;1239;1239
12428911;240;g_000;2;1;42;line_consecutive;0.5;1240;6;8;3-4,4-5;3;51271.23999999999;51402.240000000005;52238.51999999522;52238.51999999522;131.00000000001455;836.2799999952113;836.2799999952113;eev,integrated,separated,ws;lintim;SiouxFalls;SiouxFalls;True;False;1e-05;6000;1;2;20;50;200;-5;20;0.75;2;55;50;10;10;16;1240;1240
12428911;241;g_000;2;1;42;line_consecutive;0.5;1241;6;9;4-5,5-9;3;51140.23999999999;51140.239999999714;51140.239999995225;51140.239999995225;-2.764863893389702e-10;-4.489265847951174e-09;-4.489265847951174e-09;eev,integrated,separated,ws;lintim;SiouxFalls;SiouxFalls;True;False;1e-05;6000;1;2;20;50;200;-5;20;0.75;2;55;50;10;10;16;1241;1241
12428911;242;g_000;2;1;42;line_consecutive;0.5;1242;6;10;5-9,8-9;3;51140.23999999999;51140.240000000005;51140.239999995225;51140.239999995225;1.4551915228366852e-11;-4.780304152518511e-09;-4.780304152518511e-09;eev,integrated,separated,ws;lintim;SiouxFalls;SiouxFalls;True;False;1e-05;6000;1;2;20;50;200;-5;20;0.75;2;55;50;10;10;16;1242;1242
12428911;243;g_000;2;1;42;line_consecutive;0.5;1243;6;11;7-8,8-9;3,7;51140.23999999999;51140.240000000005;51140.239999995225;51140.23999999522;1.4551915228366852e-11;-4.780304152518511e-09;-4.787580110132694e-09;eev,integrated,separated,ws;lintim;SiouxFalls;SiouxFalls;True;False;1e-05;6000;1;2;20;50;200;-5;20;0.75;2;55;50;10;10;16;1243;1243
12428911;244;g_000;2;1;42;line_consecutive;0.5;1244;6;12;7-8,7-18;3,11;57675.42999999984;58199.49499999986;58776.03499999522;58776.03499999522;524.0650000000169;576.5399999953661;576.5399999953661;eev,integrated,separated,ws;lintim;SiouxFalls;SiouxFalls;True;False;1e-05;6000;1;2;20;50;200;-5;20;0.75;2;55;50;10;10;16;1244;1244
12428911;245;g_000;2;1;42;line_consecutive;0.5;1245;6;13;1-3,3-4;4;54208.095;55067.66;55779.53499999523;55779.53499999523;859.5650000000023;711.874999995227;711.874999995227;eev,integrated,separated,ws;lintim;SiouxFalls;SiouxFalls;True;False;1e-05;6000;1;2;20;50;200;-5;20;0.75;2;55;50;10;10;16;1245;1245
12428911;246;g_000;2;1;42;line_consecutive;0.5;1246;6;14;3-4,4-11;4;55437.22499999999;56091.94499999988;57261.13499999522;57261.13499999522;654.719999999892;1169.1899999953384;1169.1899999953384;eev,integrated,separated,ws;lintim;SiouxFalls;SiouxFalls;True;False;1e-05;6000;1;2;20;50;200;-5;20;0.75;2;55;50;10;10;16;1246;1246
12428911;247;g_000;2;1;42;line_consecutive;0.5;1247;6;15;4-11,11-14;4;54746.42;55303.49500002499;55927.49499999522;55927.49499999522;557.07500002499;623.9999999702341;623.9999999702341;eev,integrated,separated,ws;lintim;SiouxFalls;SiouxFalls;True;False;1e-05;6000;1;2;20;50;200;-5;20;0.75;2;55;50;10;10;16;1247;1247
12428911;248;g_000;2;1;42;line_consecutive;0.5;1248;6;16;11-14,14-23;4,10;54208.095;54940.48;55584.74499999522;55584.74499999522;732.385000000002;644.2649999952191;644.2649999952191;eev,integrated,separated,ws;lintim;SiouxFalls;SiouxFalls;True;False;1e-05;6000;1;2;20;50;200;-5;20;0.75;2;55;50;10;10;16;1248;1248
12428911;249;g_000;2;1;42;line_consecutive;0.5;1249;6;17;14-23,23-24;4;52049.83499999999;52180.835000356805;53008.72999999522;53008.72999999522;131.00000035681296;827.8949996384181;827.8949996384181;eev,integrated,separated,ws;lintim;SiouxFalls;SiouxFalls;True;False;1e-05;6000;1;2;20;50;200;-5;20;0.75;2;55;50;10;10;16;1249;1249
12428911;250;g_000;2;1;42;line_consecutive;0.5;1250;6;18;10-15,15-22;5;52885.31999999999;52885.32000000001;52885.31999999523;52885.31999999523;1.4551915228366852e-11;-4.780304152518511e-09;-4.780304152518511e-09;eev,integrated,separated,ws;lintim;SiouxFalls;SiouxFalls;True;False;1e-05;6000;1;2;20;50;200;-5;20;0.75;2;55;50;10;10;16;1250;1250
12428911;251;g_000;2;1;42;line_consecutive;0.5;1251;6;19;15-22,22-23;5;51781.765;51781.765000000014;51781.76499999523;51781.76499999523;1.4551915228366852e-11;-4.787580110132694e-09;-4.787580110132694e-09;eev,integrated,separated,ws;lintim;SiouxFalls;SiouxFalls;True;False;1e-05;6000;1;2;20;50;200;-5;20;0.75;2;55;50;10;10;16;1251;1251
12428911;252;g_000;2;1;42;line_consecutive;0.5;1252;6;20;13-24,21-24;6;52836.62999999999;53155.58000000001;53677.154999995226;53677.154999995226;318.9500000000189;521.5749999952168;521.5749999952168;eev,integrated,separated,ws;lintim;SiouxFalls;SiouxFalls;True;False;1e-05;6000;1;2;20;50;200;-5;20;0.75;2;55;50;10;10;16;1252;1252
12428911;253;g_000;2;1;42;line_consecutive;0.5;1253;6;21;20-21,21-24;6;52808.19;52936.46999999998;52936.46999999523;52936.46999999523;128.279999999977;-4.751200322061777e-09;-4.751200322061777e-09;eev,integrated,separated,ws;lintim;SiouxFalls;SiouxFalls;True;False;1e-05;6000;1;2;20;50;200;-5;20;0.75;2;55;50;10;10;16;1253;1253
12428911;254;g_000;2;1;42;line_consecutive;0.5;1254;6;22;9-10,10-11;7;52734.39;52871.715;52871.71499999522;52871.71499999522;137.3249999999971;-4.773028194904327e-09;-4.773028194904327e-09;eev,integrated,separated,ws;lintim;SiouxFalls;SiouxFalls;True;False;1e-05;6000;1;2;20;50;200;-5;20;0.75;2;55;50;10;10;16;1254;1254
12428911;255;g_000;2;1;42;line_consecutive;0.5;1255;6;23;8-9,9-10;7;51765.87;52238.52000000001;52238.51999999522;52238.51999999522;472.65000000000873;-4.794856067746878e-09;-4.794856067746878e-09;eev,integrated,separated,ws;lintim;SiouxFalls;SiouxFalls;True;False;1e-05;6000;1;2;20;50;200;-5;20;0.75;2;55;50;10;10;16;1255;1255
12428911;256;g_000;2;1;42;line_consecutive;0.5;1256;6;24;1-3,3-12;8,12;51140.240000000005;51140.240000000005;51140.239999995225;51140.239999995225;0.0;-4.780304152518511e-09;-4.780304152518511e-09;eev,integrated,separated,ws;lintim;SiouxFalls;SiouxFalls;True;False;1e-05;6000;1;2;20;50;200;-5;20;0.75;2;55;50;10;10;16;1256;1256
12428911;257;g_000;2;1;42;line_consecutive;0.5;1257;6;25;3-12,11-12;8;51271.23999999999;51402.240000000005;52238.51999999522;52238.51999999523;131.00000000001455;836.2799999952113;836.2799999952258;eev,integrated,separated,ws;lintim;SiouxFalls;SiouxFalls;True;False;1e-05;6000;1;2;20;50;200;-5;20;0.75;2;55;50;10;10;16;1257;1257
12428911;258;g_000;2;1;42;line_consecutive;0.5;1258;6;26;11-12,11-14;8;51687.74999999999;52235.26;53382.81999999523;53382.81999999523;547.5100000000093;1147.5599999952246;1147.5599999952246;eev,integrated,separated,ws;lintim;SiouxFalls;SiouxFalls;True;False;1e-05;6000;1;2;20;50;200;-5;20;0.75;2;55;50;10;10;16;1258;1258
12428911;259;g_000;2;1;42;line_consecutive;0.5;1259;6;27;5-6,5-9;9;51140.23999999999;51140.24000000001;51140.23999997848;51140.23999997848;2.182787284255028e-11;-2.152955858036876e-08;-2.152955858036876e-08;eev,integrated,separated,ws;lintim;SiouxFalls;SiouxFalls;True;False;1e-05;6000;1;2;20;50;200;-5;20;0.75;2;55;50;10;10;16;1259;1259
12428911;260;g_000;2;1;42;line_consecutive;0.5;1260;6;28;5-9,9-10;9;51140.24;51140.240000000005;51140.23999998193;51140.23999998193;7.275957614183426e-12;-1.807347871363163e-08;-1.807347871363163e-08;eev,integrated,separated,ws;lintim;SiouxFalls;SiouxFalls;True;False;1e-05;6000;1;2;20;50;200;-5;20;0.75;2;55;50;10;10;16;1260;1260
12428911;261;g_000;2;1;42;line_consecutive;0.5;1261;6;29;9-10,10-15;9;51140.23999999999;51140.24000003309;51140.239999995225;51140.239999995225;3.3098331186920404e-08;-3.7864083424210555e-08;-3.7864083424210555e-08;eev,integrated,separated,ws;lintim;SiouxFalls;SiouxFalls;True;False;1e-05;6000;1;2;20;50;200;-5;20;0.75;2;55;50;10;10;16;1261;1261
12428911;262;g_000;2;1;42;line_consecutive;0.5;1262;6;30;10-15,15-19;9;51140.24;51140.24000000138;51140.239999995225;51140.239999995225;1.382431946694851e-09;-6.155460141599178e-09;-6.155460141599178e-09;eev,integrated,separated,ws;lintim;SiouxFalls;SiouxFalls;True;False;1e-05;6000;1;2;20;50;200;-5;20;0.75;2;55;50;10;10;16;1262;1262
12428911;263;g_000;2;1;42;line_consecutive;0.5;1263;6;31;8-16,10-16;10;51388.19;51636.14000000001;51694.21499999522;51694.21499999522;247.9500000000044;58.07499999521679;58.07499999521679;eev,integrated,separated,ws;lintim;SiouxFalls;SiouxFalls;True;False;1e-05;6000;1;2;20;50;200;-5;20;0.75;2;55;50;10;10;16;1263;1263
12428911;264;g_000;2;1;42;line_consecutive;0.5;1264;6;32;10-11,11-14;10;51307.49999999999;51474.76;51600.36999999523;51600.36999999523;167.2600000000093;125.60999999522755;125.60999999522755;eev,integrated,separated,ws;lintim;SiouxFalls;SiouxFalls;True;False;1e-05;6000;1;2;20;50;200;-5;20;0.75;2;55;50;10;10;16;1264;1264
12428911;265;g_000;2;1;42;line_consecutive;0.5;1265;6;33;18-20,20-22;11;51307.49999999999;51474.76000000001;51600.36999999522;51600.36999999522;167.2600000000166;125.609999995213;125.609999995213;eev,integrated,separated,ws;lintim;SiouxFalls;SiouxFalls;True;False;1e-05;6000;1;2;20;50;200;-5;20;0.75;2;55;50;10;10;16;1265;1265
12428911;266;g_000;2;1;42;line_consecutive;0.5;1266;6;34;7-18,18-20;11;55189.86999999998;56177.26500000012;56722.05499999521;56722.054999995205;987.3950000001424;544.7899999950896;544.7899999950823;eev,integrated,separated,ws;lintim;SiouxFalls;SiouxFalls;True;False;1e-05;6000;1;2;20;50;200;-5;20;0.75;2;55;50;10;10;16;1266;1266
12428911;267;g_000;2;1;42;line_consecutive;0.5;1267;6;35;3-12,12-13;12;55467.35499999998;56695.805;57887.86999999522;57887.86999999522;1228.450000000019;1192.064999995222;1192.064999995222;eev,integrated,separated,ws;lintim;SiouxFalls;SiouxFalls;True;False;1e-05;6000;1;2;20;50;200;-5;20;0.75;2;55;50;10;10;16;1267;1267
12428911;268;g_000;2;1;42;line_consecutive;0.5;1268;6;36;1-2,1-3;12;53259.16499999999;54137.36500000001;55762.52499999522;55762.52499999522;878.2000000000189;1625.1599999952086;1625.1599999952086;eev,integrated,separated,ws;lintim;SiouxFalls;SiouxFalls;True;False;1e-05;6000;1;2;20;50;200;-5;20;0.75;2;55;50;10;10;16;1268;1268
12428911;269;g_000;2;1;42;line_consecutive;0.5;1269;6;37;15-19,17-19;13,14;52509.31999999999;53205.605;54903.38999999523;54903.38999999523;696.2850000000108;1697.7849999952232;1697.7849999952232;eev,integrated,separated,ws;lintim;SiouxFalls;SiouxFalls;True;False;1e-05;6000;1;2;20;50;200;-5;20;0.75;2;55;50;10;10;16;1269;1269
12428911;270;g_000;2;1;42;line_consecutive;0.5;1270;6;38;15-19,15-22;13;57150.70999999999;58083.34;58667.62999999522;58667.62999999523;932.6300000000048;584.2899999952206;584.2899999952351;eev,integrated,separated,ws;lintim;SiouxFalls;SiouxFalls;True;False;1e-05;6000;1;2;20;50;200;-5;20;0.75;2;55;50;10;10;16;1270;1270
12428911;271;g_000;2;1;42;line_consecutive;0.5;1271;6;39;15-22,21-22;13;56399.84999999999;56839.81000000047;57306.309999995225;57306.309999995225;439.96000000047934;466.499999994754;466.499999994754;eev,integrated,separated,ws;lintim;SiouxFalls;SiouxFalls;True;False;1e-05;6000;1;2;20;50;200;-5;20;0.75;2;55;50;10;10;16;1271;1271
12428911;272;g_000;2;1;42;line_consecutive;0.5;1272;6;40;14-15,15-19;14;56827.14999999999;57644.36;58796.58999999522;58116.91;817.2100000000137;1152.229999995223;472.5500000000029;eev,integrated,separated,ws;lintim;SiouxFalls;SiouxFalls;True;False;1e-05;6000;1;2;20;50;200;-5;20;0.75;2;55;50;10;10;16;1272;1272
12428911;273;g_000;2;1;42;line_consecutive;0.5;1273;6;41;10-17,17-19;14;56029.73499999999;56839.01500000089;57426.80499999523;56897.09;809.2800000008938;587.7899999943402;58.07499999910942;eev,integrated,separated,ws;lintim;SiouxFalls;SiouxFalls;True;False;1e-05;6000;1;2;20;50;200;-5;20;0.75;2;55;50;10;10;16;1273;1273
12428911;274;g_000;2;1;42;line_consecutive;0.5;1274;7;0;10-11,11-12;1,7;60308.675;60993.63499999944;61877.76999999839;61414.10544037583;684.9599999994389;884.134999998947;420.4704403763899;eev,integrated,separated,ws;lintim;SiouxFalls;SiouxFalls;True;False;1e-05;6000;1;2;20;50;200;-5;50;0.75;2;55;50;10;10;16;1274;1274
12428911;275;g_000;2;1;42;line_consecutive;0.5;1275;7;1;10-11,10-16;1,10;57520.875;58598.405000000006;59162.71499999838;59162.71499999839;1077.530000000006;564.3099999983751;564.3099999983824;eev,integrated,separated,ws;lintim;SiouxFalls;SiouxFalls;True;False;1e-05;6000;1;2;20;50;200;-5;50;0.75;2;55;50;10;10;16;1275;1275
12428911;276;g_000;2;1;42;line_consecutive;0.5;1276;7;2;10-16,16-18;1;55065.45999999999;55980.80500000001;57075.83499999839;57075.83499999839;915.3450000000156;1095.0299999983836;1095.0299999983836;eev,integrated,separated,ws;lintim;SiouxFalls;SiouxFalls;True;False;1e-05;6000;1;2;20;50;200;-5;50;0.75;2;55;50;10;10;16;1276;1276
12428911;277;g_000;2;1;42;line_consecutive;0.5;1277;7;3;2-6,6-8;2;51140.24;51140.24000002087;51140.23999999839;51140.2399999984;2.0874722395092252e-08;-2.2482709027826783e-08;-2.2475433070212606e-08;eev,integrated,separated,ws;lintim;SiouxFalls;SiouxFalls;True;False;1e-05;6000;1;2;20;50;200;-5;50;0.75;2;55;50;10;10;16;1277;1277
12428911;278;g_000;2;1;42;line_consecutive;0.5;1278;7;4;6-8,8-16;2;51271.24;51402.240000000005;52420.23999999839;52420.239999998405;131.00000000000728;1017.9999999983849;1017.9999999983992;eev,integrated,separated,ws;lintim;SiouxFalls;SiouxFalls;True;False;1e-05;6000;1;2;20;50;200;-5;50;0.75;2;55;50;10;10;16;1278;1278
12428911;279;g_000;2;1;42;line_consecutive;0.5;1279;7;5;8-16,16-17;2,13;51140.240000000005;51140.23999999955;51140.23999999839;51140.23999999839;-4.5838532969355583e-10;-1.1568772606551647e-09;-1.1568772606551647e-09;eev,integrated,separated,ws;lintim;SiouxFalls;SiouxFalls;True;False;1e-05;6000;1;2;20;50;200;-5;50;0.75;2;55;50;10;10;16;1279;1279
12428911;280;g_000;2;1;42;line_consecutive;0.5;1280;7;6;16-17,17-19;2,13;51140.23999999999;51140.240000000005;51140.23999999839;51140.2399999984;1.4551915228366852e-11;-1.6152625903487206e-09;-1.6079866327345371e-09;eev,integrated,separated,ws;lintim;SiouxFalls;SiouxFalls;True;False;1e-05;6000;1;2;20;50;200;-5;50;0.75;2;55;50;10;10;16;1280;1280
12428911;281;g_000;2;1;42;line_consecutive;0.5;1281;7;7;17-19,19-20;2;51140.23999999999;51140.24000000001;51140.23999999839;51140.23999999839;2.182787284255028e-11;-1.622538547962904e-09;-1.622538547962904e-09;eev,integrated,separated,ws;lintim;SiouxFalls;SiouxFalls;True;False;1e-05;6000;1;2;20;50;200;-5;50;0.75;2;55;50;10;10;16;1281;1281
12428911;282;g_000;2;1;42;line_consecutive;0.5;1282;7;8;3-4,4-5;3;58391.91000000008;58918.000000000015;59192.72499999839;59192.7249999984;526.089999999931;274.724999998376;274.7249999983833;eev,integrated,separated,ws;lintim;SiouxFalls;SiouxFalls;True;False;1e-05;6000;1;2;20;50;200;-5;50;0.75;2;55;50;10;10;16;1282;1282
12428911;283;g_000;2;1;42;line_consecutive;0.5;1283;7;9;4-5,5-9;3;54346.68999999999;55250.21499999997;55779.53499999839;55779.5349999984;903.5249999999796;529.3199999984208;529.3199999984354;eev,integrated,separated,ws;lintim;SiouxFalls;SiouxFalls;True;False;1e-05;6000;1;2;20;50;200;-5;50;0.75;2;55;50;10;10;16;1283;1283
12428911;284;g_000;2;1;42;line_consecutive;0.5;1284;7;10;5-9,8-9;3;55715.62999999999;56294.27999999999;57293.02999999839;57293.0299999984;578.6500000000015;998.7499999983992;998.7499999984066;eev,integrated,separated,ws;lintim;SiouxFalls;SiouxFalls;True;False;1e-05;6000;1;2;20;50;200;-5;50;0.75;2;55;50;10;10;16;1284;1284
12428911;285;g_000;2;1;42;line_consecutive;0.5;1285;7;11;7-8,8-9;3,7;54841.905;55396.175;56078.2449999984;56078.2449999984;554.2700000000041;682.069999998399;682.069999998399;eev,integrated,separated,ws;lintim;SiouxFalls;SiouxFalls;True;False;1e-05;6000;1;2;20;50;200;-5;50;0.75;2;55;50;10;10;16;1285;1285
12428911;286;g_000;2;1;42;line_consecutive;0.5;1286;7;12;7-8,7-18;3,11;54286.7;55198.02999992916;55588.29499999839;55588.2949999984;911.329999929163;390.26500006923015;390.26500006923743;eev,integrated,separated,ws;lintim;SiouxFalls;SiouxFalls;True;False;1e-05;6000;1;2;20;50;200;-5;50;0.75;2;55;50;10;10;16;1286;1286
12428911;287;g_000;2;1;42;line_consecutive;0.5;1287;7;13;1-3,3-4;4;52049.83500000001;52180.835000000014;53427.95499999839;53427.9549999984;131.00000000000728;1247.1199999983728;1247.1199999983874;eev,integrated,separated,ws;lintim;SiouxFalls;SiouxFalls;True;False;1e-05;6000;1;2;20;50;200;-5;50;0.75;2;55;50;10;10;16;1287;1287
12428911;288;g_000;2;1;42;line_consecutive;0.5;1288;7;14;3-4,4-11;4;53051.31;53051.31000000001;53051.30999999839;53051.3099999984;1.4551915228366852e-11;-1.622538547962904e-09;-1.6152625903487206e-09;eev,integrated,separated,ws;lintim;SiouxFalls;SiouxFalls;True;False;1e-05;6000;1;2;20;50;200;-5;50;0.75;2;55;50;10;10;16;1288;1288
12428911;289;g_000;2;1;42;line_consecutive;0.5;1289;7;15;4-11,11-14;4;51792.37999999999;51792.595000000016;51792.59499999839;51792.59499999839;0.2150000000256113;-1.622538547962904e-09;-1.622538547962904e-09;eev,integrated,separated,ws;lintim;SiouxFalls;SiouxFalls;True;False;1e-05;6000;1;2;20;50;200;-5;50;0.75;2;55;50;10;10;16;1289;1289
12428911;290;g_000;2;1;42;line_consecutive;0.5;1290;7;16;11-14,14-23;4,10;53437.67;53966.72;54488.29499999839;54488.2949999984;529.0500000000029;521.5749999983891;521.5749999983964;eev,integrated,separated,ws;lintim;SiouxFalls;SiouxFalls;True;False;1e-05;6000;1;2;20;50;200;-5;50;0.75;2;55;50;10;10;16;1290;1290
12428911;291;g_000;2;1;42;line_consecutive;0.5;1291;7;17;14-23,23-24;4;52808.19;53127.14000000001;53497.5899999984;53497.5899999984;318.9500000000044;370.4499999983964;370.4499999983964;eev,integrated,separated,ws;lintim;SiouxFalls;SiouxFalls;True;False;1e-05;6000;1;2;20;50;200;-5;50;0.75;2;55;50;10;10;16;1291;1291
12428911;292;g_000;2;1;42;line_consecutive;0.5;1292;7;18;10-15,15-22;5;52734.38999999999;53053.34;53432.83499999839;53432.83499999839;318.9500000000044;379.4949999983946;379.4949999983946;eev,integrated,separated,ws;lintim;SiouxFalls;SiouxFalls;True;False;1e-05;6000;1;2;20;50;200;-5;50;0.75;2;55;50;10;10;16;1292;1292
12428911;293;g_000;2;1;42;line_consecutive;0.5;1293;7;19;15-22,22-23;5;51773.55;52406.859999992805;52726.58999999839;52726.5899999984;633.3099999928017;319.73000000558386;319.7300000055984;eev,integrated,separated,ws;lintim;SiouxFalls;SiouxFalls;True;False;1e-05;6000;1;2;20;50;200;-5;50;0.75;2;55;50;10;10;16;1293;1293
12428911;294;g_000;2;1;42;line_consecutive;0.5;1294;7;20;13-24,21-24;6;51140.239999996375;51140.24000000001;51140.23999999839;51140.23999999839;3.637978807091713e-09;-1.622538547962904e-09;-1.622538547962904e-09;eev,integrated,separated,ws;lintim;SiouxFalls;SiouxFalls;True;False;1e-05;6000;1;2;20;50;200;-5;50;0.75;2;55;50;10;10;16;1294;1294
12428911;295;g_000;2;1;42;line_consecutive;0.5;1295;7;21;20-21,21-24;6;51271.24;51402.240000000005;52420.23999999839;52420.23999999839;131.00000000000728;1017.9999999983849;1017.9999999983849;eev,integrated,separated,ws;lintim;SiouxFalls;SiouxFalls;True;False;1e-05;6000;1;2;20;50;200;-5;50;0.75;2;55;50;10;10;16;1295;1295
12428911;296;g_000;2;1;42;line_consecutive;0.5;1296;7;22;9-10,10-11;7;51730.34999999999;52320.46000000001;53741.714999998265;53741.714999998265;590.1100000000151;1421.2549999982584;1421.2549999982584;eev,integrated,separated,ws;lintim;SiouxFalls;SiouxFalls;True;False;1e-05;6000;1;2;20;50;200;-5;50;0.75;2;55;50;10;10;16;1296;1296
12428911;297;g_000;2;1;42;line_consecutive;0.5;1297;7;23;8-9,9-10;7;51140.23999999999;51140.24000000001;51140.23999998155;51140.23999998155;2.182787284255028e-11;-1.845910446718335e-08;-1.845910446718335e-08;eev,integrated,separated,ws;lintim;SiouxFalls;SiouxFalls;True;False;1e-05;6000;1;2;20;50;200;-5;50;0.75;2;55;50;10;10;16;1297;1297
12428911;298;g_000;2;1;42;line_consecutive;0.5;1298;7;24;1-3,3-12;8,12;51140.24;51140.24000000485;51140.23999998507;51140.23999998508;4.853063728660345e-09;-1.9783328752964732e-08;-1.9768776837736368e-08;eev,integrated,separated,ws;lintim;SiouxFalls;SiouxFalls;True;False;1e-05;6000;1;2;20;50;200;-5;50;0.75;2;55;50;10;10;16;1298;1298
12428911;299;g_000;2;1;42;line_consecutive;0.5;1299;7;25;3-12,11-12;8;51140.23999999999;51140.24000000001;51140.23999999839;51140.23999999839;2.182787284255028e-11;-1.622538547962904e-09;-1.622538547962904e-09;eev,integrated,separated,ws;lintim;SiouxFalls;SiouxFalls;True;False;1e-05;6000;1;2;20;50;200;-5;50;0.75;2;55;50;10;10;16;1299;1299
12428911;300;g_000;2;1;42;line_consecutive;0.5;1300;7;26;11-12,11-14;8;51140.24;51140.24000000041;51140.23999999839;51140.23999999839;4.147295840084553e-10;-2.0227162167429924e-09;-2.0227162167429924e-09;eev,integrated,separated,ws;lintim;SiouxFalls;SiouxFalls;True;False;1e-05;6000;1;2;20;50;200;-5;50;0.75;2;55;50;10;10;16;1300;1300
12428911;301;g_000;2;1;42;line_consecutive;0.5;1301;7;27;5-6,5-9;9;51402.15999999999;51664.08000000001;51710.22499999839;51710.22499999838;261.9200000000201;46.144999998381536;46.14499999837426;eev,integrated,separated,ws;lintim;SiouxFalls;SiouxFalls;True;False;1e-05;6000;1;2;20;50;200;-5;50;0.75;2;55;50;10;10;16;1301;1301
12428911;302;g_000;2;1;42;line_consecutive;0.5;1302;7;28;5-9,9-10;9;51307.5;51474.76;51600.3699999984;51600.3699999984;167.26000000000204;125.60999999839989;125.60999999839989;eev,integrated,separated,ws;lintim;SiouxFalls;SiouxFalls;True;False;1e-05;6000;1;2;20;50;200;-5;50;0.75;2;55;50;10;10;16;1302;1302
12428911;303;g_000;2;1;42;line_consecutive;0.5;1303;7;29;9-10,10-15;9;51307.5;51474.76;51600.3699999984;51600.3699999984;167.26000000000204;125.60999999839989;125.60999999839989;eev,integrated,separated,ws;lintim;SiouxFalls;SiouxFalls;True;False;1e-05;6000;1;2;20;50;200;-5;50;0.75;2;55;50;10;10;16;1303;1303
12428911;304;g_000;2;1;42;line_consecutive;0.5;1304;7;30;10-15,15-19;9;55805.34999999999;56860.90999999957;57296.33499999839;57296.3349999984;1055.5599999995757;435.4249999988242;435.4249999988315;eev,integrated,separated,ws;lintim;SiouxFalls;SiouxFalls;True;False;1e-05;6000;1;2;20;50;200;-5;50;0.75;2;55;50;10;10;16;1304;1304
12428911;305;g_000;2;1;42;line_consecutive;0.5;1305;7;31;8-16,10-16;10;55473.42;56713.88000000002;58023.90499999839;58023.90499703081;1240.460000000021;1310.0249999983716;1310.0249970307923;eev,integrated,separated,ws;lintim;SiouxFalls;SiouxFalls;True;False;1e-05;6000;1;2;20;50;200;-5;50;0.75;2;55;50;10;10;16;1305;1305
12428911;306;g_000;2;1;42;line_consecutive;0.5;1306;7;32;10-11,11-14;10;53377.605;54149.60500000002;55900.32999999838;55900.32999999839;772.0000000000146;1750.7249999983617;1750.7249999983687;eev,integrated,separated,ws;lintim;SiouxFalls;SiouxFalls;True;False;1e-05;6000;1;2;20;50;200;-5;50;0.75;2;55;50;10;10;16;1306;1306
12428911;307;g_000;2;1;42;line_consecutive;0.5;1307;7;33;18-20,20-22;11;52659.84999999999;53324.045000000006;55021.82999999839;55021.82999999839;664.1950000000143;1697.784999998381;1697.784999998381;eev,integrated,separated,ws;lintim;SiouxFalls;SiouxFalls;True;False;1e-05;6000;1;2;20;50;200;-5;50;0.75;2;55;50;10;10;16;1307;1307
12428911;308;g_000;2;1;42;line_consecutive;0.5;1308;7;34;7-18,18-20;11;58649.21999999999;60364.61000000001;61235.3099999984;61235.3099999984;1715.3900000000212;870.6999999983891;870.6999999983891;eev,integrated,separated,ws;lintim;SiouxFalls;SiouxFalls;True;False;1e-05;6000;1;2;20;50;200;-5;50;0.75;2;55;50;10;10;16;1308;1308
12428911;309;g_000;2;1;42;line_consecutive;0.5;1309;7;35;3-12,12-13;12;57174.70999999999;58215.33000000001;58779.639999998384;58779.63999999839;1040.6200000000172;564.3099999983751;564.3099999983824;eev,integrated,separated,ws;lintim;SiouxFalls;SiouxFalls;True;False;1e-05;6000;1;2;20;50;200;-5;50;0.75;2;55;50;10;10;16;1309;1309
12428911;310;g_000;2;1;42;line_consecutive;0.5;1310;7;36;1-2,1-3;12;57078.68999999999;58362.380000000034;59573.35499999838;58810.01999999999;1283.690000000046;1210.974999998347;447.63999999995576;eev,integrated,separated,ws;lintim;SiouxFalls;SiouxFalls;True;False;1e-05;6000;1;2;20;50;200;-5;50;0.75;2;55;50;10;10;16;1310;1310
12428911;311;g_000;2;1;42;line_consecutive;0.5;1311;7;37;15-19,17-19;13,14;56436.240000000005;57344.130000000005;57945.2149999984;57889.19;907.8899999999994;601.0849999983984;545.0599999999977;eev,integrated,separated,ws;lintim;SiouxFalls;SiouxFalls;True;False;1e-05;6000;1;2;20;50;200;-5;50;0.75;2;55;50;10;10;16;1311;1311
12428911;312;g_000;2;1;42;line_consecutive;0.5;1312;7;38;15-19,15-22;13;60308.675;60993.63499999944;61877.76999999839;61414.10544037583;684.9599999994389;884.134999998947;420.4704403763899;eev,integrated,separated,ws;lintim;SiouxFalls;SiouxFalls;True;False;1e-05;6000;1;2;20;50;200;-5;50;0.75;2;55;50;10;10;16;1312;1312
12428911;313;g_000;2;1;42;line_consecutive;0.5;1313;7;39;15-22,21-22;13;57520.875;58598.405000000006;59162.71499999838;59162.71499999839;1077.530000000006;564.3099999983751;564.3099999983824;eev,integrated,separated,ws;lintim;SiouxFalls;SiouxFalls;True;False;1e-05;6000;1;2;20;50;200;-5;50;0.75;2;55;50;10;10;16;1313;1313
12428911;314;g_000;2;1;42;line_consecutive;0.5;1314;7;40;14-15,15-19;14;55065.45999999999;55980.80500000001;57075.83499999839;57075.83499999839;915.3450000000156;1095.0299999983836;1095.0299999983836;eev,integrated,separated,ws;lintim;SiouxFalls;SiouxFalls;True;False;1e-05;6000;1;2;20;50;200;-5;50;0.75;2;55;50;10;10;16;1314;1314
12428911;315;g_000;2;1;42;line_consecutive;0.5;1315;7;41;10-17,17-19;14;51140.24;51140.24000002087;51140.23999999839;51140.2399999984;2.0874722395092252e-08;-2.2482709027826783e-08;-2.2475433070212606e-08;eev,integrated,separated,ws;lintim;SiouxFalls;SiouxFalls;True;False;1e-05;6000;1;2;20;50;200;-5;50;0.75;2;55;50;10;10;16;1315;1315
12428911;316;g_000;2;1;42;line_consecutive;0.5;1316;8;0;10-11,11-12;1,7;51271.24;51402.240000000005;52420.239999998405;52420.239999998405;131.00000000000728;1017.9999999983992;1017.9999999983992;eev,integrated,separated,ws;lintim;SiouxFalls;SiouxFalls;True;False;1e-05;6000;1;2;20;50;200;-5;100;0.75;2;55;50;10;10;16;1316;1316
12428911;317;g_000;2;1;42;line_consecutive;0.5;1317;8;1;10-11,10-16;1,10;51140.23999999887;51140.239999999954;51140.239999998405;51140.239999998405;1.0841176845133303e-09;-1.5497789718210695e-09;-1.5497789718210695e-09;eev,integrated,separated,ws;lintim;SiouxFalls;SiouxFalls;True;False;1e-05;6000;1;2;20;50;200;-5;100;0.75;2;55;50;10;10;16;1317;1317
12428911;318;g_000;2;1;42;line_consecutive;0.5;1318;8;2;10-16,16-18;1;51140.24;51140.240000000005;51140.239999998405;51140.239999998405;7.275957614183426e-12;-1.6007106751203535e-09;-1.6007106751203535e-09;eev,integrated,separated,ws;lintim;SiouxFalls;SiouxFalls;True;False;1e-05;6000;1;2;20;50;200;-5;100;0.75;2;55;50;10;10;16;1318;1318
12428911;319;g_000;2;1;42;line_consecutive;0.5;1319;8;3;2-6,6-8;2;51140.23999999999;51140.24;51140.239999998405;51140.239999998405;7.275957614183426e-12;-1.5934347175061703e-09;-1.5934347175061703e-09;eev,integrated,separated,ws;lintim;SiouxFalls;SiouxFalls;True;False;1e-05;6000;1;2;20;50;200;-5;100;0.75;2;55;50;10;10;16;1319;1319
12428911;320;g_000;2;1;42;line_consecutive;0.5;1320;8;4;6-8,8-16;2;58395.62;58918.00000000001;59192.724999998405;59192.724999998405;522.3800000000047;274.72499999839783;274.72499999839783;eev,integrated,separated,ws;lintim;SiouxFalls;SiouxFalls;True;False;1e-05;6000;1;2;20;50;200;-5;100;0.75;2;55;50;10;10;16;1320;1320
12428911;321;g_000;2;1;42;line_consecutive;0.5;1321;8;5;8-16,16-17;2,13;54346.69;55250.215;55779.5349999984;55779.5349999984;903.5249999999942;529.3199999984063;529.3199999984063;eev,integrated,separated,ws;lintim;SiouxFalls;SiouxFalls;True;False;1e-05;6000;1;2;20;50;200;-5;100;0.75;2;55;50;10;10;16;1321;1321
12428911;322;g_000;2;1;42;line_consecutive;0.5;1322;8;6;16-17,17-19;2,13;55715.62999999999;56294.27999999999;57293.0299999984;57293.029999998405;578.6500000000015;998.7499999984066;998.7499999984138;eev,integrated,separated,ws;lintim;SiouxFalls;SiouxFalls;True;False;1e-05;6000;1;2;20;50;200;-5;100;0.75;2;55;50;10;10;16;1322;1322
12428911;323;g_000;2;1;42;line_consecutive;0.5;1323;8;7;17-19,19-20;2;54841.905;55396.175;56078.24499999841;56078.24499999841;554.2700000000041;682.0699999984063;682.0699999984063;eev,integrated,separated,ws;lintim;SiouxFalls;SiouxFalls;True;False;1e-05;6000;1;2;20;50;200;-5;100;0.75;2;55;50;10;10;16;1323;1323
12428911;324;g_000;2;1;42;line_consecutive;0.5;1324;8;8;3-4,4-5;3;54286.7;55198.03000007588;55588.29499999841;55588.29499999841;911.3300000758828;390.2649999225323;390.2649999225323;eev,integrated,separated,ws;lintim;SiouxFalls;SiouxFalls;True;False;1e-05;6000;1;2;20;50;200;-5;100;0.75;2;55;50;10;10;16;1324;1324
12428911;325;g_000;2;1;42;line_consecutive;0.5;1325;8;9;4-5,5-9;3;52049.835;52180.835000000014;53427.9549999984;53427.95499999841;131.00000000001455;1247.1199999983874;1247.1199999983946;eev,integrated,separated,ws;lintim;SiouxFalls;SiouxFalls;True;False;1e-05;6000;1;2;20;50;200;-5;100;0.75;2;55;50;10;10;16;1325;1325
12428911;326;g_000;2;1;42;line_consecutive;0.5;1326;8;10;5-9,8-9;3;53051.30999999998;53051.31000000623;53051.3099999984;53051.30999999841;6.250047590583563e-09;-7.836206350475551e-09;-7.821654435247183e-09;eev,integrated,separated,ws;lintim;SiouxFalls;SiouxFalls;True;False;1e-05;6000;1;2;20;50;200;-5;100;0.75;2;55;50;10;10;16;1326;1326
12428911;327;g_000;2;1;42;line_consecutive;0.5;1327;8;11;7-8,8-9;3,7;51792.38;51792.59500000001;51792.59499998055;51792.59499998055;0.2150000000110594;-1.945591066032648e-08;-1.945591066032648e-08;eev,integrated,separated,ws;lintim;SiouxFalls;SiouxFalls;True;False;1e-05;6000;1;2;20;50;200;-5;100;0.75;2;55;50;10;10;16;1327;1327
12428911;328;g_000;2;1;42;line_consecutive;0.5;1328;8;12;7-8,7-18;3,11;53437.67;54608.21;55260.4099999984;55260.40999999841;1170.5400000000009;652.1999999984037;652.1999999984109;eev,integrated,separated,ws;lintim;SiouxFalls;SiouxFalls;True;False;1e-05;6000;1;2;20;50;200;-5;100;0.75;2;55;50;10;10;16;1328;1328
12428911;329;g_000;2;1;42;line_consecutive;0.5;1329;8;13;1-3,3-4;4;52808.19;53127.14000000001;53648.71499999841;53648.71499999841;318.9500000000044;521.5749999984037;521.5749999984037;eev,integrated,separated,ws;lintim;SiouxFalls;SiouxFalls;True;False;1e-05;6000;1;2;20;50;200;-5;100;0.75;2;55;50;10;10;16;1329;1329
12428911;330;g_000;2;1;42;line_consecutive;0.5;1330;8;14;3-4,4-11;4;52734.39;53053.34000007013;53574.91499999841;53574.91499999841;318.95000007013005;521.574999928278;521.574999928278;eev,integrated,separated,ws;lintim;SiouxFalls;SiouxFalls;True;False;1e-05;6000;1;2;20;50;200;-5;100;0.75;2;55;50;10;10;16;1330;1330
12428911;331;g_000;2;1;42;line_consecutive;0.5;1331;8;15;4-11,11-14;4;51773.55;52406.86000000775;52726.5899999984;52726.58999993823;633.3100000077466;319.7299999906536;319.7299999304814;eev,integrated,separated,ws;lintim;SiouxFalls;SiouxFalls;True;False;1e-05;6000;1;2;20;50;200;-5;100;0.75;2;55;50;10;10;16;1331;1331
12428911;332;g_000;2;1;42;line_consecutive;0.5;1332;8;16;11-14,14-23;4,10;51140.24;51140.240000000005;51140.239999998405;51140.239999998405;7.275957614183426e-12;-1.6007106751203535e-09;-1.6007106751203535e-09;eev,integrated,separated,ws;lintim;SiouxFalls;SiouxFalls;True;False;1e-05;6000;1;2;20;50;200;-5;100;0.75;2;55;50;10;10;16;1332;1332
12428911;333;g_000;2;1;42;line_consecutive;0.5;1333;8;17;14-23,23-24;4;51271.24;51402.24000000001;52420.239999998405;52420.239999998405;131.00000000001455;1017.999999998392;1017.999999998392;eev,integrated,separated,ws;lintim;SiouxFalls;SiouxFalls;True;False;1e-05;6000;1;2;20;50;200;-5;100;0.75;2;55;50;10;10;16;1333;1333
12428911;334;g_000;2;1;42;line_consecutive;0.5;1334;8;18;10-15,15-22;5;51730.35;52320.459999997474;53741.71499999841;53741.71499999841;590.1099999974758;1421.255000000936;1421.255000000936;eev,integrated,separated,ws;lintim;SiouxFalls;SiouxFalls;True;False;1e-05;6000;1;2;20;50;200;-5;100;0.75;2;55;50;10;10;16;1334;1334
12428911;335;g_000;2;1;42;line_consecutive;0.5;1335;8;19;15-22,22-23;5;51140.23999999999;51140.24;51140.23999998171;51140.23999998171;7.275957614183426e-12;-1.8284481484442953e-08;-1.8284481484442953e-08;eev,integrated,separated,ws;lintim;SiouxFalls;SiouxFalls;True;False;1e-05;6000;1;2;20;50;200;-5;100;0.75;2;55;50;10;10;16;1335;1335
12428911;336;g_000;2;1;42;line_consecutive;0.5;1336;8;20;13-24,21-24;6;51140.240000000005;51140.24000000824;51140.23999998497;51140.23999998498;8.236384019255638e-09;-2.32685124501586e-08;-2.3261236492544413e-08;eev,integrated,separated,ws;lintim;SiouxFalls;SiouxFalls;True;False;1e-05;6000;1;2;20;50;200;-5;100;0.75;2;55;50;10;10;16;1336;1336
12428911;337;g_000;2;1;42;line_consecutive;0.5;1337;8;21;20-21,21-24;6;51140.24;51140.24000000001;51140.239999998405;51140.239999998405;1.4551915228366852e-11;-1.6079866327345371e-09;-1.6079866327345371e-09;eev,integrated,separated,ws;lintim;SiouxFalls;SiouxFalls;True;False;1e-05;6000;1;2;20;50;200;-5;100;0.75;2;55;50;10;10;16;1337;1337
12428911;338;g_000;2;1;42;line_consecutive;0.5;1338;8;22;9-10,10-11;7;51140.24;51140.24000000001;51140.239999998405;51140.239999998405;1.4551915228366852e-11;-1.6079866327345371e-09;-1.6079866327345371e-09;eev,integrated,separated,ws;lintim;SiouxFalls;SiouxFalls;True;False;1e-05;6000;1;2;20;50;200;-5;100;0.75;2;55;50;10;10;16;1338;1338
12428911;339;g_000;2;1;42;line_consecutive;0.5;1339;8;23;8-9,9-10;7;51402.15999999999;51664.08;51710.224999998405;51710.224999998405;261.9200000000128;46.14499999840336;46.14499999840336;eev,integrated,separated,ws;lintim;SiouxFalls;SiouxFalls;True;False;1e-05;6000;1;2;20;50;200;-5;100;0.75;2;55;50;10;10;16;1339;1339
12428911;340;g_000;2;1;42;line_consecutive;0.5;1340;8;24;1-3,3-12;8,12;51307.5;51474.76;51600.369999996125;51600.369999996125;167.26000000000204;125.6099999961225;125.6099999961225;eev,integrated,separated,ws;lintim;SiouxFalls;SiouxFalls;True;False;1e-05;6000;1;2;20;50;200;-5;100;0.75;2;55;50;10;10;16;1340;1340
12428911;341;g_000;2;1;42;line_consecutive;0.5;1341;8;25;3-12,11-12;8;51307.5;51474.76000000001;51600.36999999841;51600.36999999841;167.2600000000093;125.60999999839989;125.60999999839989;eev,integrated,separated,ws;lintim;SiouxFalls;SiouxFalls;True;False;1e-05;6000;1;2;20;50;200;-5;100;0.75;2;55;50;10;10;16;1341;1341
12428911;342;g_000;2;1;42;line_consecutive;0.5;1342;8;26;11-12,11-14;8;59537.43799999367;60159.301;62475.47899999966;60917.38499999997;621.8630000063276;2316.177999999658;758.0839999999735;eev,integrated,separated,ws;lintim;SiouxFalls;SiouxFalls;True;False;1e-05;6000;1;2;20;50;200;-5;100;0.75;2;55;50;10;10;16;1342;1342
12428911;343;g_000;2;1;42;line_consecutive;0.5;1343;8;27;5-6,5-9;9;58939.96400000001;59255.13799999842;63567.55699999967;59752.79800000001;315.1739999984129;4312.419000001253;497.6600000015897;eev,integrated,separated,ws;lintim;SiouxFalls;SiouxFalls;True;False;1e-05;6000;1;2;20;50;200;-5;100;0.75;2;55;50;10;10;16;1343;1343
12428911;344;g_000;2;1;42;line_consecutive;0.5;1344;8;28;5-9,9-10;9;55361.09599999999;55563.954;59745.49999999964;55563.954;202.85800000000745;4181.545999999646;0.0;eev,integrated,separated,ws;lintim;SiouxFalls;SiouxFalls;True;False;1e-05;6000;1;2;20;50;200;-5;100;0.75;2;55;50;10;10;16;1344;1344
12428911;345;g_000;2;1;42;line_consecutive;0.5;1345;8;29;9-10,10-15;9;54035.43199999999;54284.85500000001;58478.10199999968;54950.988;249.42300000001703;4193.246999999668;666.1329999999871;eev,integrated,separated,ws;lintim;SiouxFalls;SiouxFalls;True;False;1e-05;6000;1;2;20;50;200;-5;100;0.75;2;55;50;10;10;16;1345;1345
12428911;346;g_000;2;1;42;line_consecutive;0.5;1346;8;30;10-15,15-19;9;65146.60699999999;65939.69200000027;70152.86599999967;67393.347;793.0850000002829;4213.173999999402;1453.6549999997223;eev,integrated,separated,ws;lintim;SiouxFalls;SiouxFalls;True;False;1e-05;6000;1;2;20;50;200;-5;100;0.75;2;55;50;10;10;16;1346;1346
12428911;347;g_000;2;1;42;line_consecutive;0.5;1347;8;31;8-16,10-16;10;62172.77299999999;62503.96099999999;64891.15999999967;64526.082;331.1880000000019;2387.1989999996804;2022.1210000000135;eev,integrated,separated,ws;lintim;SiouxFalls;SiouxFalls;True;False;1e-05;6000;1;2;20;50;200;-5;100;0.75;2;55;50;10;10;16;1347;1347
12428911;348;g_000;2;1;42;line_consecutive;0.5;1348;8;32;10-11,11-14;10;62085.113;62507.81899999968;66319.84699999967;65554.31099999999;422.7059999996855;3812.027999999991;3046.492000000304;eev,integrated,separated,ws;lintim;SiouxFalls;SiouxFalls;True;False;1e-05;6000;1;2;20;50;200;-5;100;0.75;2;55;50;10;10;16;1348;1348
12428911;349;g_000;2;1;42;line_consecutive;0.5;1349;8;33;18-20,20-22;11;60673.03999999999;60972.12;63389.19499999967;65338.18399999999;299.080000000009;2417.0749999996697;4366.063999999984;eev,integrated,separated,ws;lintim;SiouxFalls;SiouxFalls;True;False;1e-05;6000;1;2;20;50;200;-5;100;0.75;2;55;50;10;10;16;1349;1349
12428911;350;g_000;2;1;42;line_consecutive;0.5;1350;8;34;7-18,18-20;11;67643.42299999998;67780.41500000001;70467.79399999967;88871.89000000001;136.99200000002747;2687.378999999666;21091.47500000001;eev,integrated,separated,ws;lintim;SiouxFalls;SiouxFalls;True;False;1e-05;6000;1;2;20;50;200;-5;100;0.75;2;55;50;10;10;16;1350;1350
12428911;351;g_000;2;1;42;line_consecutive;0.5;1351;8;35;3-12,12-13;12;62797.1479999976;63128.33599999997;65580.69499999967;64990.527;331.1880000023666;2452.3589999997057;1862.1910000000355;eev,integrated,separated,ws;lintim;SiouxFalls;SiouxFalls;True;False;1e-05;6000;1;2;20;50;200;-5;100;0.75;2;55;50;10;10;16;1351;1351
12428911;352;g_000;2;1;42;line_consecutive;0.5;1352;8;36;1-2,1-3;12;58205.635999999984;58492.27799999999;61824.31099997781;58492.27800000027;286.6420000000071;3332.0329999778187;2.764863893389702e-10;eev,integrated,separated,ws;lintim;SiouxFalls;SiouxFalls;True;False;1e-05;6000;1;2;20;50;200;-5;100;0.75;2;55;50;10;10;16;1352;1352
12428911;353;g_000;2;1;42;line_consecutive;0.5;1353;8;37;15-19,17-19;13,14;51140.239999999976;51140.24;51140.23999999968;51140.239999999685;2.182787284255028e-11;-3.2014213502407074e-10;-3.1286617740988726e-10;eev,integrated,separated,ws;lintim;SiouxFalls;SiouxFalls;True;False;1e-05;6000;1;2;20;50;200;-5;100;0.75;2;55;50;10;10;16;1353;1353
12428911;354;g_000;2;1;42;line_consecutive;0.5;1354;8;38;15-19,15-22;13;51376.03999999999;51402.23999999999;53444.23999999967;53444.23999999968;26.19999999999709;2041.99999999968;2041.9999999996871;eev,integrated,separated,ws;lintim;SiouxFalls;SiouxFalls;True;False;1e-05;6000;1;2;20;50;200;-5;100;0.75;2;55;50;10;10;16;1354;1354
12428911;355;g_000;2;1;42;line_consecutive;0.5;1355;8;39;15-22,21-22;13;51140.23999999797;51140.23999999999;51140.23999999968;51140.239999999685;2.0227162167429924e-09;-3.1286617740988726e-10;-3.055902197957039e-10;eev,integrated,separated,ws;lintim;SiouxFalls;SiouxFalls;True;False;1e-05;6000;1;2;20;50;200;-5;100;0.75;2;55;50;10;10;16;1355;1355
12428911;356;g_000;2;1;42;line_consecutive;0.5;1356;8;40;14-15,15-19;14;51140.23999999999;51140.23999999999;51140.23999999967;51140.239999999685;0.0;-3.2014213502407074e-10;-3.055902197957039e-10;eev,integrated,separated,ws;lintim;SiouxFalls;SiouxFalls;True;False;1e-05;6000;1;2;20;50;200;-5;100;0.75;2;55;50;10;10;16;1356;1356
12428911;357;g_000;2;1;42;line_consecutive;0.5;1357;8;41;10-17,17-19;14;51140.23999999999;51140.24;51140.23999999967;51140.23999999967;7.275957614183426e-12;-3.2741809263825417e-10;-3.2741809263825417e-10;eev,integrated,separated,ws;lintim;SiouxFalls;SiouxFalls;True;False;1e-05;6000;1;2;20;50;200;-5;100;0.75;2;55;50;10;10;16;1357;1357
12428911;358;g_000;2;1;42;line_consecutive;0.5;1358;9;0;10-11,11-12;1,7;64199.924;64304.40000000008;65634.71299999967;73498.861;104.47600000008242;1330.3129999995872;9194.460999999925;eev,integrated,separated,ws;lintim;SiouxFalls;SiouxFalls;True;False;1e-05;6000;1;2;20;50;200;-5;200;0.75;2;55;50;10;10;16;1358;1358
12428911;359;g_000;2;1;42;line_consecutive;0.5;1359;9;1;10-11,10-16;1,10;56911.84999999998;57198.491999999984;59490.97099999968;57198.49199999999;286.6420000000071;2292.4789999996938;7.275957614183426e-12;eev,integrated,separated,ws;lintim;SiouxFalls;SiouxFalls;True;False;1e-05;6000;1;2;20;50;200;-5;200;0.75;2;55;50;10;10;16;1359;1359
12428911;360;g_000;2;1;42;line_consecutive;0.5;1360;9;2;10-16,16-18;1;59375.94199999998;59530.54899999999;62215.26199999968;60039.182;154.60700000001088;2684.7129999996905;508.6330000000089;eev,integrated,separated,ws;lintim;SiouxFalls;SiouxFalls;True;False;1e-05;6000;1;2;20;50;200;-5;200;0.75;2;55;50;10;10;16;1360;1360
12428911;361;g_000;2;1;42;line_consecutive;0.5;1361;9;3;2-6,6-8;2;57803.237;57914.09099999999;60028.64899999968;58667.41999999999;110.85399999999208;2114.5579999996844;753.3289999999979;eev,integrated,separated,ws;lintim;SiouxFalls;SiouxFalls;True;False;1e-05;6000;1;2;20;50;200;-5;200;0.75;2;55;50;10;10;16;1361;1361
12428911;362;g_000;2;1;42;line_consecutive;0.5;1362;9;4;6-8,8-16;2;56803.86799999999;57090.50999999998;59146.73899999968;57090.50999999999;286.6419999999925;2056.228999999701;7.275957614183426e-12;eev,integrated,separated,ws;lintim;SiouxFalls;SiouxFalls;True;False;1e-05;6000;1;2;20;50;200;-5;200;0.75;2;55;50;10;10;16;1362;1362
12428911;363;g_000;2;1;42;line_consecutive;0.5;1363;9;5;8-16,16-17;2,13;52777.511;52803.71099999999;55258.12699999967;52803.711;26.199999999989814;2454.4159999996846;1.4551915228366852e-11;eev,integrated,separated,ws;lintim;SiouxFalls;SiouxFalls;True;False;1e-05;6000;1;2;20;50;200;-5;200;0.75;2;55;50;10;10;16;1363;1363
12428911;364;g_000;2;1;42;line_consecutive;0.5;1364;9;6;16-17,17-19;2,13;54580.16599999998;54580.16600000426;54580.16599999968;55652.16100000095;4.278263077139854e-09;-4.583853296935558e-09;1071.994999996692;eev,integrated,separated,ws;lintim;SiouxFalls;SiouxFalls;True;False;1e-05;6000;1;2;20;50;200;-5;200;0.75;2;55;50;10;10;16;1364;1364
12428911;365;g_000;2;1;42;line_consecutive;0.5;1365;9;7;17-19,19-20;2;52314.09199999999;52314.479;52314.47899999969;52314.47899999968;0.3870000000097207;-3.1286617740988726e-10;-3.2014213502407074e-10;eev,integrated,separated,ws;lintim;SiouxFalls;SiouxFalls;True;False;1e-05;6000;1;2;20;50;200;-5;200;0.75;2;55;50;10;10;16;1365;1365
12428911;366;g_000;2;1;42;line_consecutive;0.5;1366;9;8;3-4,4-5;3;55275.614;55556.122;58556.54599999968;57107.39099999999;280.50800000000163;3000.423999999679;1551.2689999999857;eev,integrated,separated,ws;lintim;SiouxFalls;SiouxFalls;True;False;1e-05;6000;1;2;20;50;200;-5;200;0.75;2;55;50;10;10;16;1366;1366
12428911;367;g_000;2;1;42;line_consecutive;0.5;1367;9;9;4-5,5-9;3;54142.54999999999;54206.33999999999;55655.49499999968;54206.33999999999;63.79000000000087;1449.1549999996932;0.0;eev,integrated,separated,ws;lintim;SiouxFalls;SiouxFalls;True;False;1e-05;6000;1;2;20;50;200;-5;200;0.75;2;55;50;10;10;16;1367;1367
12428911;368;g_000;2;1;42;line_consecutive;0.5;1368;9;10;5-9,8-9;3;54009.70999999999;54073.50000000001;55522.65499999968;54073.49999999999;63.79000000001543;1449.1549999996714;-1.4551915228366852e-11;eev,integrated,separated,ws;lintim;SiouxFalls;SiouxFalls;True;False;1e-05;6000;1;2;20;50;200;-5;200;0.75;2;55;50;10;10;16;1368;1368
12428911;369;g_000;2;1;42;line_consecutive;0.5;1369;9;11;7-8,8-9;3,7;52280.19799999999;52406.85999999999;53995.66999999968;53995.66999999968;126.6620000000039;1588.8099999996848;1588.8099999996848;eev,integrated,separated,ws;lintim;SiouxFalls;SiouxFalls;True;False;1e-05;6000;1;2;20;50;200;-5;200;0.75;2;55;50;10;10;16;1369;1369
12428911;370;g_000;2;1;42;line_consecutive;0.5;1370;9;12;7-8,7-18;3,11;51140.23999999999;51140.23999999999;51140.23999999968;51140.23999999968;0.0;-3.1286617740988726e-10;-3.1286617740988726e-10;eev,integrated,separated,ws;lintim;SiouxFalls;SiouxFalls;True;False;1e-05;6000;1;2;20;50;200;-5;200;0.75;2;55;50;10;10;16;1370;1370
12428911;371;g_000;2;1;42;line_consecutive;0.5;1371;9;13;1-3,3-4;4;51376.03999999999;51402.24;53444.23999999968;53444.23999999968;26.20000000000437;2041.99999999968;2041.99999999968;eev,integrated,separated,ws;lintim;SiouxFalls;SiouxFalls;True;False;1e-05;6000;1;2;20;50;200;-5;200;0.75;2;55;50;10;10;16;1371;1371
12428911;372;g_000;2;1;42;line_consecutive;0.5;1372;9;14;3-4,4-11;4;52202.438;52320.459999998246;55822.895000009456;53191.033;118.0219999982437;3502.43500001121;870.5730000017575;eev,integrated,separated,ws;lintim;SiouxFalls;SiouxFalls;True;False;1e-05;6000;1;2;20;50;200;-5;200;0.75;2;55;50;10;10;16;1372;1372
12428911;373;g_000;2;1;42;line_consecutive;0.5;1373;9;15;4-11,11-14;4;51140.23999999999;51140.23999999999;51140.23999996956;51140.23999996956;0.0;-3.0428054742515094e-08;-3.0428054742515094e-08;eev,integrated,separated,ws;lintim;SiouxFalls;SiouxFalls;True;False;1e-05;6000;1;2;20;50;200;-5;200;0.75;2;55;50;10;10;16;1373;1373
12428911;374;g_000;2;1;42;line_consecutive;0.5;1374;9;16;11-14,14-23;4,10;51140.23999999999;51140.24;51140.23999997524;51140.23999997524;7.275957614183426e-12;-2.47600837610662e-08;-2.47600837610662e-08;eev,integrated,separated,ws;lintim;SiouxFalls;SiouxFalls;True;False;1e-05;6000;1;2;20;50;200;-5;200;0.75;2;55;50;10;10;16;1374;1374
12428911;375;g_000;2;1;42;line_consecutive;0.5;1375;9;17;14-23,23-24;4;51140.23999999999;51140.23999999999;51140.23999999968;51140.23999999968;0.0;-3.1286617740988726e-10;-3.1286617740988726e-10;eev,integrated,separated,ws;lintim;SiouxFalls;SiouxFalls;True;False;1e-05;6000;1;2;20;50;200;-5;200;0.75;2;55;50;10;10;16;1375;1375
12428911;376;g_000;2;1;42;line_consecutive;0.5;1376;9;18;10-15,15-22;5;51140.23999999999;51140.23999999999;51140.23999999968;51140.23999999968;0.0;-3.1286617740988726e-10;-3.1286617740988726e-10;eev,integrated,separated,ws;lintim;SiouxFalls;SiouxFalls;True;False;1e-05;6000;1;2;20;50;200;-5;200;0.75;2;55;50;10;10;16;1376;1376
12428911;377;g_000;2;1;42;line_consecutive;0.5;1377;9;19;15-22,22-23;5;51611.69599999998;51664.08;52166.21299999968;52166.21299999968;52.38400000002002;502.1329999996815;502.1329999996815;eev,integrated,separated,ws;lintim;SiouxFalls;SiouxFalls;True;False;1e-05;6000;1;2;20;50;200;-5;200;0.75;2;55;50;10;10;16;1377;1377
12428911;378;g_000;2;1;42;line_consecutive;0.5;1378;9;20;13-24,21-24;6;51441.30799999999;51474.76;51968.47399999968;51968.47399999968;33.45200000001205;493.7139999996798;493.7139999996798;eev,integrated,separated,ws;lintim;SiouxFalls;SiouxFalls;True;False;1e-05;6000;1;2;20;50;200;-5;200;0.75;2;55;50;10;10;16;1378;1378
12428911;379;g_000;2;1;42;line_consecutive;0.5;1379;9;21;20-21,21-24;6;51441.30799999999;51474.76;51968.47399999968;51968.47399999968;33.45200000001205;493.7139999996798;493.7139999996798;eev,integrated,separated,ws;lintim;SiouxFalls;SiouxFalls;True;False;1e-05;6000;1;2;20;50;200;-5;200;0.75;2;55;50;10;10;16;1379;1379
12428911;380;g_000;2;1;42;line_consecutive;0.5;1380;9;22;9-10,10-11;7;60003.949;60340.696;63182.734499999824;61202.26399999998;336.747000000003;2842.0384999998205;861.5679999999775;eev,integrated,separated,ws;lintim;SiouxFalls;SiouxFalls;True;False;1e-05;6000;1;2;20;50;200;-5;200;0.75;2;55;50;10;10;16;1380;1380
12428911;381;g_000;2;1;42;line_consecutive;0.5;1381;9;23;8-9,9-10;7;59373.28199999999;59530.869;64335.48349999984;62021.3465;157.5870000000068;4804.614499999843;2490.477500000001;eev,integrated,separated,ws;lintim;SiouxFalls;SiouxFalls;True;False;1e-05;6000;1;2;20;50;200;-5;200;0.75;2;55;50;10;10;16;1381;1381
12428911;382;g_000;2;1;42;line_consecutive;0.5;1382;9;24;1-3,3-12;8,12;55595.588;55697.01699999999;60301.08999999984;56454.70150000359;101.42899999998916;4604.072999999844;757.6845000035973;eev,integrated,separated,ws;lintim;SiouxFalls;SiouxFalls;True;False;1e-05;6000;1;2;20;50;200;-5;200;0.75;2;55;50;10;10;16;1382;1382
12428911;383;g_000;2;1;42;line_consecutive;0.5;1383;9;25;3-12,11-12;8;54196.276;54357.12000000001;58963.28099999984;54357.12;160.84400000001187;4606.160999999833;-7.275957614183426e-12;eev,integrated,separated,ws;lintim;SiouxFalls;SiouxFalls;True;False;1e-05;6000;1;2;20;50;200;-5;200;0.75;2;55;50;10;10;16;1383;1383
12428911;384;g_000;2;1;42;line_consecutive;0.5;1384;9;26;11-12,11-14;8;65924.73849999999;66376.12149999998;71469.78399999984;68876.99349999998;451.3829999999871;5093.66249999986;2500.872000000003;eev,integrated,separated,ws;lintim;SiouxFalls;SiouxFalls;True;False;1e-05;6000;1;2;20;50;200;-5;200;0.75;2;55;50;10;10;16;1384;1384
12428911;385;g_000;2;1;42;line_consecutive;0.5;1385;9;27;5-6,5-9;9;62785.6915;62951.2855;65655.09999999983;68876.99349999998;165.59399999999732;2703.814499999833;5925.707999999984;eev,integrated,separated,ws;lintim;SiouxFalls;SiouxFalls;True;False;1e-05;6000;1;2;20;50;200;-5;200;0.75;2;55;50;10;10;16;1385;1385
12428911;386;g_000;2;1;42;line_consecutive;0.5;1386;9;28;5-9,9-10;9;62693.1615;62904.51449999977;67163.15849999984;72666.386;211.35299999977;4258.644000000073;9761.871500000228;eev,integrated,separated,ws;lintim;SiouxFalls;SiouxFalls;True;False;1e-05;6000;1;2;20;50;200;-5;200;0.75;2;55;50;10;10;16;1386;1386
12428911;387;g_000;2;1;42;line_consecutive;0.5;1387;9;29;9-10,10-15;9;61202.63999999998;61352.18;64069.69249999985;71658.2525;149.5400000000227;2717.512499999852;10306.072500000002;eev,integrated,separated,ws;lintim;SiouxFalls;SiouxFalls;True;False;1e-05;6000;1;2;20;50;200;-5;200;0.75;2;55;50;10;10;16;1387;1387
12428911;388;g_000;2;1;42;line_consecutive;0.5;1388;9;30;10-15,15-19;9;68560.2665;68628.7625;71541.54699999985;137146.98;68.49599999999919;2912.784499999849;68518.21750000001;eev,integrated,separated,ws;lintim;SiouxFalls;SiouxFalls;True;False;1e-05;6000;1;2;20;50;200;-5;200;0.75;2;55;50;10;10;16;1388;1388
12428911;389;g_000;2;1;42;line_consecutive;0.5;1389;9;31;8-16,10-16;10;63444.754;63610.34799999998;66382.94249999983;68876.99349999998;165.59399999998277;2772.5944999998464;5266.645499999999;eev,integrated,separated,ws;lintim;SiouxFalls;SiouxFalls;True;False;1e-05;6000;1;2;20;50;200;-5;200;0.75;2;55;50;10;10;16;1389;1389
12428911;390;g_000;2;1;42;line_consecutive;0.5;1390;9;32;10-11,11-14;10;58598.15799999998;58741.479;62417.87049999983;83898.9345;143.3210000000181;3676.391499999831;25157.455500000004;eev,integrated,separated,ws;lintim;SiouxFalls;SiouxFalls;True;False;1e-05;6000;1;2;20;50;200;-5;200;0.75;2;55;50;10;10;16;1390;1390
12428911;391;g_000;2;1;42;line_consecutive;0.5;1391;9;33;18-20,20-22;11;51140.24;51140.23999999999;51140.239999999845;51140.239999999845;-7.275957614183426e-12;-1.4551915228366852e-10;-1.4551915228366852e-10;eev,integrated,separated,ws;lintim;SiouxFalls;SiouxFalls;True;False;1e-05;6000;1;2;20;50;200;-5;200;0.75;2;55;50;10;10;16;1391;1391
12428911;392;g_000;2;1;42;line_consecutive;0.5;1392;9;34;7-18,18-20;11;51389.13999999999;51402.23999999999;53572.23999999984;51402.23999999999;13.099999999998545;2169.999999999847;0.0;eev,integrated,separated,ws;lintim;SiouxFalls;SiouxFalls;True;False;1e-05;6000;1;2;20;50;200;-5;200;0.75;2;55;50;10;10;16;1392;1392
12428911;393;g_000;2;1;42;line_consecutive;0.5;1393;9;35;3-12,12-13;12;51140.24;51140.23999999999;51140.239999999845;51140.23999999984;-7.275957614183426e-12;-1.4551915228366852e-10;-1.5279510989785194e-10;eev,integrated,separated,ws;lintim;SiouxFalls;SiouxFalls;True;False;1e-05;6000;1;2;20;50;200;-5;200;0.75;2;55;50;10;10;16;1393;1393
12428911;394;g_000;2;1;42;line_consecutive;0.5;1394;9;36;1-2,1-3;12;51140.24;51140.23999998792;51140.23999999984;51140.23999999984;-1.2078089639544489e-08;1.1918018572032452e-08;1.1918018572032452e-08;eev,integrated,separated,ws;lintim;SiouxFalls;SiouxFalls;True;False;1e-05;6000;1;2;20;50;200;-5;200;0.75;2;55;50;10;10;16;1394;1394
12428911;395;g_000;2;1;42;line_consecutive;0.5;1395;9;37;15-19,17-19;13,14;51140.24;51140.23999999996;51140.23999999984;51140.23999999984;-3.637978807091713e-11;-1.2369127944111824e-10;-1.2369127944111824e-10;eev,integrated,separated,ws;lintim;SiouxFalls;SiouxFalls;True;False;1e-05;6000;1;2;20;50;200;-5;200;0.75;2;55;50;10;10;16;1395;1395
12428911;396;g_000;2;1;42;line_consecutive;0.5;1396;9;38;15-19,15-22;13;64925.462;64977.7;66439.96149999983;187834.72300000003;52.23799999999756;1462.2614999998332;122857.02300000004;eev,integrated,separated,ws;lintim;SiouxFalls;SiouxFalls;True;False;1e-05;6000;1;2;20;50;200;-5;200;0.75;2;55;50;10;10;16;1396;1396
12428911;397;g_000;2;1;42;line_consecutive;0.5;1397;9;39;15-22,21-22;13;57232.49499999999;57375.81600006842;59954.90049999984;58126.1565;143.32100006843393;2579.0844999314213;750.3404999315753;eev,integrated,separated,ws;lintim;SiouxFalls;SiouxFalls;True;False;1e-05;6000;1;2;20;50;200;-5;200;0.75;2;55;50;10;10;16;1397;1397
12428911;398;g_000;2;1;42;line_consecutive;0.5;1398;9;40;14-15,15-19;14;59833.48099999999;59925.9795;62830.54099999984;66063.1495;92.4985000000088;2904.561499999836;6137.169999999998;eev,integrated,separated,ws;lintim;SiouxFalls;SiouxFalls;True;False;1e-05;6000;1;2;20;50;200;-5;200;0.75;2;55;50;10;10;16;1398;1398
12428911;399;g_000;2;1;42;line_consecutive;0.5;1399;9;41;10-17,17-19;14;58173.40349999999;58228.8305;60522.44949999984;61851.19249999999;55.42700000000332;2293.618999999846;3622.3619999999937;eev,integrated,separated,ws;lintim;SiouxFalls;SiouxFalls;True;False;1e-05;6000;1;2;20;50;200;-5;200;0.75;2;55;50;10;10;16;1399;1399
