array_job_id;task_id;run_group_id;case_k;case_per_run;case_variants;case_selection;case_p_fail;case_id;case_sweep_row;case_variant_idx;case_edges;case_lines;WS;RP;EEV_nom;EEV_mean;EVPI;VSS_nom;VSS_mean;procedures_present;source;network;scenario_line_data;routing_agg;waiting_time_frequency;gap;time_limit;travel_time_cost_mult;waiting_time_cost_mult;line_operation_cost_mult;cost_repl_freq;cost_repl_line;repl_budget;bypass_multiplier;overdemand_threshold;overdemand_multiplier;num_od;train_capacity;infrastructure_capacity;max_frequency;threads;demand_scale;scenario_infra_id;scenario_prob_id
14050635;0;g_000;1;1;30;line_consecutive;0.5;1000;0;0;12-13;12;129318.65794399998;129318.6579440024;129318.65793787153;129318.65793787154;2.4301698431372643e-09;-6.130881956778467e-06;-6.130867404863238e-06;eev,integrated,separated,ws;lintim;SiouxFalls;SiouxFalls;True;False;1e-05;12000;1;2;20;50;200;-5;10;0.75;2;50;50;10;10;16;2.7866;1000;1000
14050635;1;g_000;1;1;30;line_consecutive;0.5;1001;0;1;20-21;6;131580.81401499998;131644.910166;131644.91016599996;131644.91016599996;64.0961510000052;-2.9103830456733704e-11;-2.9103830456733704e-11;eev,integrated,separated,ws;lintim;SiouxFalls;SiouxFalls;True;False;1e-05;12000;1;2;20;50;200;-5;10;0.75;2;50;50;10;10;16;2.7866;1001;1001
14050635;2;g_000;1;1;30;line_consecutive;0.5;1002;0;2;14-23;4,10;137439.64161;138526.527027;139510.51609999995;139313.61357999998;1086.8854170000122;983.989072999946;787.0865529999719;eev,integrated,separated,ws;lintim;SiouxFalls;SiouxFalls;True;False;1e-05;12000;1;2;20;50;200;-5;10;0.75;2;50;50;10;10;16;2.7866;1002;1002
14050635;3;g_000;1;1;30;line_consecutive;0.5;1003;0;3;22-23;5;131354.25054299997;131454.73536100003;131898.999685;131898.999685;100.48481800005538;444.2643239999597;444.2643239999597;eev,integrated,separated,ws;lintim;SiouxFalls;SiouxFalls;True;False;1e-05;12000;1;2;20;50;200;-5;10;0.75;2;50;50;10;10;16;2.7866;1003;1003
14050635;4;g_000;1;1;30;line_consecutive;0.5;1004;0;4;11-14;4,8,10;140240.410476;141922.31542700002;142566.28954499995;143037.357795;1681.9049510000332;643.9741179999255;1115.0423679999658;eev,integrated,separated,ws;lintim;SiouxFalls;SiouxFalls;True;False;1e-05;12000;1;2;20;50;200;-5;10;0.75;2;50;50;10;10;16;2.7866;1004;1004
14050635;5;g_000;1;1;30;line_consecutive;0.5;1005;0;5;4-5;3;129334.35010999996;129350.04227599972;129918.39189800524;129918.39189800524;15.692165999760618;568.349622005524;568.349622005524;eev,integrated,separated,ws;lintim;SiouxFalls;SiouxFalls;True;False;1e-05;12000;1;2;20;50;200;-5;10;0.75;2;50;50;10;10;16;2.7866;1005;1005
14050635;6;g_000;1;1;30;line_consecutive;0.5;1006;0;6;1-2;12;129318.657944;129318.65794399998;129318.65794399996;129318.65794399998;-2.9103830456733704e-11;-1.4551915228366852e-11;0.0;eev,integrated,separated,ws;lintim;SiouxFalls;SiouxFalls;True;False;1e-05;12000;1;2;20;50;200;-5;10;0.75;2;50;50;10;10;16;2.7866;1006;1006
14050635;7;g_000;1;1;30;line_consecutive;0.5;1007;0;7;4-11;4;135879.5698170033;138558.681771;139055.13489099997;138644.88303499998;2679.111953996704;496.4531199999619;86.20126399997389;eev,integrated,separated,ws;lintim;SiouxFalls;SiouxFalls;True;False;1e-05;12000;1;2;20;50;200;-5;10;0.75;2;50;50;10;10;16;2.7866;1007;1007
14050635;8;g_000;1;1;30;line_consecutive;0.5;1008;0;8;16-17;2,13;137931.102419;138622.25776699997;139514.02747799997;140349.7708829592;691.1553479999711;891.7697110000008;1727.5131159592129;eev,integrated,separated,ws;lintim;SiouxFalls;SiouxFalls;True;False;1e-05;12000;1;2;20;50;200;-5;10;0.75;2;50;50;10;10;16;2.7866;1008;1008
14050635;9;g_000;1;1;30;line_consecutive;0.5;1009;0;9;10-11;1,7,10;140063.28266799997;140998.2387001;141255.54420219996;143685.749952;934.9560321000172;257.30550209997455;2687.511251900025;eev,integrated,separated,ws;lintim;SiouxFalls;SiouxFalls;True;False;1e-05;12000;1;2;20;50;200;-5;10;0.75;2;50;50;10;10;16;2.7866;1009;1009
14050635;10;g_000;1;1;30;line_consecutive;0.5;1010;0;10;7-18;3,11;129334.35010999998;129350.04227599992;129918.39189799996;129918.39189799996;15.69216599993524;568.3496220000379;568.3496220000379;eev,integrated,separated,ws;lintim;SiouxFalls;SiouxFalls;True;False;1e-05;12000;1;2;20;50;200;-5;10;0.75;2;50;50;10;10;16;2.7866;1010;1010
14050635;11;g_000;1;1;30;line_consecutive;0.5;1011;0;11;13-24;6;131668.33586199995;131829.87938799875;131829.8798068816;131829.8798068816;161.54352599880076;0.0004188828461337;0.0004188828461337;eev,integrated,separated,ws;lintim;SiouxFalls;SiouxFalls;True;False;1e-05;12000;1;2;20;50;200;-5;10;0.75;2;50;50;10;10;16;2.7866;1011;1011
14050635;12;g_000;1;1;30;line_consecutive;0.5;1012;0;12;1-3;4,8,12;140334.96796399998;141094.38579700002;141233.46484299997;141694.96671399998;759.4178330000432;139.07904599994072;600.5809169999557;eev,integrated,separated,ws;lintim;SiouxFalls;SiouxFalls;True;False;1e-05;12000;1;2;20;50;200;-5;10;0.75;2;50;50;10;10;16;2.7866;1012;1012
14050635;13;g_000;1;1;30;line_consecutive;0.5;1013;0;13;18-20;11;129318.657944;129318.65794399996;129318.65794399996;129318.65794399998;-4.365574568510056e-11;0.0;1.4551915228366852e-11;eev,integrated,separated,ws;lintim;SiouxFalls;SiouxFalls;True;False;1e-05;12000;1;2;20;50;200;-5;10;0.75;2;50;50;10;10;16;2.7866;1013;1013
14050635;14;g_000;1;1;30;line_consecutive;0.5;1014;0;14;23-24;4;135632.025523;137334.310135;138128.36297899997;137334.31013499998;1702.2846120000177;794.0528439999616;-2.9103830456733704e-11;eev,integrated,separated,ws;lintim;SiouxFalls;SiouxFalls;True;False;1e-05;12000;1;2;20;50;200;-5;10;0.75;2;50;50;10;10;16;2.7866;1014;1014
14050635;15;g_000;1;1;30;line_consecutive;0.5;1015;0;15;21-24;6;131668.33586199998;131829.87938800006;131829.87938799994;131829.87938799994;161.54352600008133;-1.1641532182693479e-10;-1.1641532182693479e-10;eev,integrated,separated,ws;lintim;SiouxFalls;SiouxFalls;True;False;1e-05;12000;1;2;20;50;200;-5;10;0.75;2;50;50;10;10;16;2.7866;1015;1015
14050635;16;g_000;1;1;30;line_consecutive;0.5;1016;0;16;17-19;2,13,14;140573.76857909997;141304.45960059998;141330.83570859997;144778.5155121;730.6910215000098;26.376107999996748;3474.055911500036;eev,integrated,separated,ws;lintim;SiouxFalls;SiouxFalls;True;False;1e-05;12000;1;2;20;50;200;-5;10;0.75;2;50;50;10;10;16;2.7866;1016;1016
14050635;17;g_000;1;1;30;line_consecutive;0.5;1017;0;17;21-22;13;129318.65794399992;129318.65794399998;129318.65794399996;129318.65794399998;5.820766091346741e-11;-1.4551915228366852e-11;0.0;eev,integrated,separated,ws;lintim;SiouxFalls;SiouxFalls;True;False;1e-05;12000;1;2;20;50;200;-5;10;0.75;2;50;50;10;10;16;2.7866;1017;1017
14050635;18;g_000;1;1;30;line_consecutive;0.5;1018;0;18;16-18;1;133226.68734;134977.16324799412;137213.54366649996;135477.67237450002;1750.475907994114;2236.38041850584;500.5091265059018;eev,integrated,separated,ws;lintim;SiouxFalls;SiouxFalls;True;False;1e-05;12000;1;2;20;50;200;-5;10;0.75;2;50;50;10;10;16;2.7866;1018;1018
14050635;19;g_000;1;1;30;line_consecutive;0.5;1019;0;19;5-9;3,9;130088.63091800224;130628.83350799828;131692.032884;131692.032884;540.2025899960427;1063.1993760017067;1063.1993760017067;eev,integrated,separated,ws;lintim;SiouxFalls;SiouxFalls;True;False;1e-05;12000;1;2;20;50;200;-5;10;0.75;2;50;50;10;10;16;2.7866;1019;1019
14050635;20;g_000;1;1;30;line_consecutive;0.5;1020;0;20;19-20;2;137576.740294;138933.96363399996;139497.04414969997;139799.586222;1357.2233399999675;563.0805157000141;865.6225880000566;eev,integrated,separated,ws;lintim;SiouxFalls;SiouxFalls;True;False;1e-05;12000;1;2;20;50;200;-5;10;0.75;2;50;50;10;10;16;2.7866;1020;1020
14050635;21;g_000;1;1;30;line_consecutive;0.5;1021;0;21;8-9;3,7;129384.673678;129450.68941199998;129918.39189799996;129918.39189799996;66.01573399997142;467.7024859999801;467.7024859999801;eev,integrated,separated,ws;lintim;SiouxFalls;SiouxFalls;True;False;1e-05;12000;1;2;20;50;200;-5;10;0.75;2;50;50;10;10;16;2.7866;1021;1021
14050635;22;g_000;1;1;30;line_consecutive;0.5;1022;0;22;10-15;5,9;132169.99051899998;132828.57704699677;133788.85770599998;133217.33493298423;658.5865279967838;960.2806590032123;388.7578859874629;eev,integrated,separated,ws;lintim;SiouxFalls;SiouxFalls;True;False;1e-05;12000;1;2;20;50;200;-5;10;0.75;2;50;50;10;10;16;2.7866;1022;1022
14050635;23;g_000;1;1;30;line_consecutive;0.5;1023;0;23;2-6;2;137576.740294;138933.96363399984;139497.04414969997;139799.586222;1357.2233399998513;563.0805157001305;865.622588000173;eev,integrated,separated,ws;lintim;SiouxFalls;SiouxFalls;True;False;1e-05;12000;1;2;20;50;200;-5;10;0.75;2;50;50;10;10;16;2.7866;1023;1023
14050635;24;g_000;1;1;30;line_consecutive;0.5;1024;0;24;6-8;2;137576.740294;138664.05599499997;139237.95691669994;139529.678583;1087.315700999985;573.9009216999693;865.6225880000275;eev,integrated,separated,ws;lintim;SiouxFalls;SiouxFalls;True;False;1e-05;12000;1;2;20;50;200;-5;10;0.75;2;50;50;10;10;16;2.7866;1024;1024
14050635;25;g_000;1;1;30;line_consecutive;0.5;1025;0;25;15-19;9,13,14;131279.492068;132022.46422149998;132607.12581439997;132607.12581439997;742.9721534999844;584.6615928999963;584.6615928999963;eev,integrated,separated,ws;lintim;SiouxFalls;SiouxFalls;True;False;1e-05;12000;1;2;20;50;200;-5;10;0.75;2;50;50;10;10;16;2.7866;1025;1025
14050635;26;g_000;1;1;30;line_consecutive;0.5;1026;0;26;9-10;7,9;130231.95565;130954.69618799984;131199.05679699997;131199.05679699985;722.7405379998381;244.36060900012671;244.3606090000103;eev,integrated,separated,ws;lintim;SiouxFalls;SiouxFalls;True;False;1e-05;12000;1;2;20;50;200;-5;10;0.75;2;50;50;10;10;16;2.7866;1026;1026
14050635;27;g_000;1;1;30;line_consecutive;0.5;1027;0;27;14-15;14;130367.09930799998;130668.43983599763;130716.09817049996;130716.0981705;301.3405279976578;47.65833450232458;47.65833450236824;eev,integrated,separated,ws;lintim;SiouxFalls;SiouxFalls;True;False;1e-05;12000;1;2;20;50;200;-5;10;0.75;2;50;50;10;10;16;2.7866;1027;1027
14050635;28;g_000;1;1;30;line_consecutive;0.5;1028;0;28;15-22;5,13;131354.25054299994;131454.73536100003;131898.99968498066;131898.99968498066;100.48481800008447;444.2643239806348;444.2643239806348;eev,integrated,separated,ws;lintim;SiouxFalls;SiouxFalls;True;False;1e-05;12000;1;2;20;50;200;-5;10;0.75;2;50;50;10;10;16;2.7866;1028;1028
14050635;29;g_000;1;1;30;line_consecutive;0.5;1029;0;29;10-17;14;130367.099308;130668.43983599958;130716.09817050028;130716.0981705003;301.3405279995786;47.65833450069477;47.65833450072387;eev,integrated,separated,ws;lintim;SiouxFalls;SiouxFalls;True;False;1e-05;12000;1;2;20;50;200;-5;10;0.75;2;50;50;10;10;16;2.7866;1029;1029
14050635;30;g_000;2;1;30;line_consecutive;0.5;1030;1;0;9-10,10-15;9;132246.99051899998;133040.19897722566;133788.85770599998;133966.6625629841;793.2084582256794;748.6587287743168;926.4635857584362;eev,integrated,separated,ws;lintim;SiouxFalls;SiouxFalls;True;False;1e-05;12000;1;2;20;50;200;-5;10;0.75;2;50;50;10;10;16;2.7866;1030;1030
14050635;31;g_000;2;1;30;line_consecutive;0.5;1031;1;1;13-24,21-24;6;131668.335862;131829.87938799983;131829.87938799994;131829.87938799994;161.5435259998194;1.1641532182693479e-10;1.1641532182693479e-10;eev,integrated,separated,ws;lintim;SiouxFalls;SiouxFalls;True;False;1e-05;12000;1;2;20;50;200;-5;10;0.75;2;50;50;10;10;16;2.7866;1031;1031
14050635;32;g_000;2;1;30;line_consecutive;0.5;1032;1;2;10-15,15-22;5;132169.99051899998;132828.57704700087;133788.85770598927;133217.3349329841;658.5865280008875;960.2806589883984;388.7578859832138;eev,integrated,separated,ws;lintim;SiouxFalls;SiouxFalls;True;False;1e-05;12000;1;2;20;50;200;-5;10;0.75;2;50;50;10;10;16;2.7866;1032;1032
14050635;33;g_000;2;1;30;line_consecutive;0.5;1033;1;3;8-9,9-10;7;130231.9556500412;130954.69618799996;131692.0328840004;131692.0328840004;722.7405379587581;737.336696000435;737.336696000435;eev,integrated,separated,ws;lintim;SiouxFalls;SiouxFalls;True;False;1e-05;12000;1;2;20;50;200;-5;10;0.75;2;50;50;10;10;16;2.7866;1033;1033
14050635;34;g_000;2;1;30;line_consecutive;0.5;1034;1;4;15-19,17-19;13,14;142972.19780009988;144077.5905786;144546.1514556;147993.8312591;1105.3927785001288;468.5608769999817;3916.240680499992;eev,integrated,separated,ws;lintim;SiouxFalls;SiouxFalls;True;False;1e-05;12000;1;2;20;50;200;-5;10;0.75;2;50;50;10;10;16;2.7866;1034;1034
14050635;35;g_000;2;1;30;line_consecutive;0.5;1035;1;5;17-19,19-20;2;140573.7685791;141304.4596005084;141330.83570859997;144778.5155121;730.691021408391;26.376108091586502;3474.0559115916258;eev,integrated,separated,ws;lintim;SiouxFalls;SiouxFalls;True;False;1e-05;12000;1;2;20;50;200;-5;10;0.75;2;50;50;10;10;16;2.7866;1035;1035
14050635;36;g_000;2;1;30;line_consecutive;0.5;1036;1;6;2-6,6-8;2;137576.740294;138933.96363399987;139497.04414969997;139799.58622199844;1357.2233399998804;563.0805157001014;865.6225879985723;eev,integrated,separated,ws;lintim;SiouxFalls;SiouxFalls;True;False;1e-05;12000;1;2;20;50;200;-5;10;0.75;2;50;50;10;10;16;2.7866;1036;1036
14050635;37;g_000;2;1;30;line_consecutive;0.5;1037;1;7;8-16,10-16;10;144560.695621;146830.52466499998;149482.30971999996;148640.560214;2269.829043999984;2651.7850549999857;1810.035549000022;eev,integrated,separated,ws;lintim;SiouxFalls;SiouxFalls;True;False;1e-05;12000;1;2;20;50;200;-5;10;0.75;2;50;50;10;10;16;2.7866;1037;1037
14050635;38;g_000;2;1;30;line_consecutive;0.5;1038;1;8;5-9,8-9;3;130231.9556500412;130954.69618799996;131692.0328840004;131692.0328840004;722.7405379587581;737.336696000435;737.336696000435;eev,integrated,separated,ws;lintim;SiouxFalls;SiouxFalls;True;False;1e-05;12000;1;2;20;50;200;-5;10;0.75;2;50;50;10;10;16;2.7866;1038;1038
14050635;39;g_000;2;1;30;line_consecutive;0.5;1039;1;9;8-16,16-17;2,13;138658.47543799996;139631.29938199933;141233.07761200098;141070.43472397025;972.8239439993632;1601.7782300016552;1439.1353419709194;eev,integrated,separated,ws;lintim;SiouxFalls;SiouxFalls;True;False;1e-05;12000;1;2;20;50;200;-5;10;0.75;2;50;50;10;10;16;2.7866;1039;1039
14050635;40;g_000;2;1;30;line_consecutive;0.5;1040;1;10;14-15,15-19;14;131279.4920679999;132022.46422149992;132607.12581439933;132607.12581439936;742.9721535000135;584.6615928994142;584.6615928994433;eev,integrated,separated,ws;lintim;SiouxFalls;SiouxFalls;True;False;1e-05;12000;1;2;20;50;200;-5;10;0.75;2;50;50;10;10;16;2.7866;1040;1040
14050635;41;g_000;2;1;30;line_consecutive;0.5;1041;1;11;15-22,22-23;5;131354.250543;131454.73536099863;131898.999685;131898.999685;100.4848179986293;444.2643240013567;444.2643240013567;eev,integrated,separated,ws;lintim;SiouxFalls;SiouxFalls;True;False;1e-05;12000;1;2;20;50;200;-5;10;0.75;2;50;50;10;10;16;2.7866;1041;1041
14050635;42;g_000;2;1;30;line_consecutive;0.5;1042;1;12;9-10,10-11;7;142017.1576961;143298.79469520517;143954.25090717553;146335.78581190002;1281.6369991051615;655.4562119703623;3036.991116694844;eev,integrated,separated,ws;lintim;SiouxFalls;SiouxFalls;True;False;1e-05;12000;1;2;20;50;200;-5;10;0.75;2;50;50;10;10;16;2.7866;1042;1042
14050635;43;g_000;2;1;30;line_consecutive;0.5;1043;1;13;10-11,10-16;1,10;140063.28266799997;141115.9065212;141433.62351719994;143685.749952;1052.623853200028;317.71699599994463;2569.843430800014;eev,integrated,separated,ws;lintim;SiouxFalls;SiouxFalls;True;False;1e-05;12000;1;2;20;50;200;-5;10;0.75;2;50;50;10;10;16;2.7866;1043;1043
14050635;44;g_000;2;1;30;line_consecutive;0.5;1044;1;14;10-16,16-18;1;135639.530898;137654.861023;139724.21815099998;137750.27297249984;2015.330125000008;2069.357127999974;95.41194949983036;eev,integrated,separated,ws;lintim;SiouxFalls;SiouxFalls;True;False;1e-05;12000;1;2;20;50;200;-5;10;0.75;2;50;50;10;10;16;2.7866;1044;1044
14050635;45;g_000;2;1;30;line_consecutive;0.5;1045;1;15;1-2,1-3;12;140334.96796399998;141298.18530700004;141448.46380699746;141897.465678;963.2173430000548;150.27849999742466;599.2803709999716;eev,integrated,separated,ws;lintim;SiouxFalls;SiouxFalls;True;False;1e-05;12000;1;2;20;50;200;-5;10;0.75;2;50;50;10;10;16;2.7866;1045;1045
14050635;46;g_000;2;1;30;line_consecutive;0.5;1046;1;16;1-3,3-4;4;140711.03636099998;141498.274261;141747.58639299998;143238.74193599995;787.2379000000365;249.31213199996276;1740.4676749999344;eev,integrated,separated,ws;lintim;SiouxFalls;SiouxFalls;True;False;1e-05;12000;1;2;20;50;200;-5;10;0.75;2;50;50;10;10;16;2.7866;1046;1046
14050635;47;g_000;2;1;30;line_consecutive;0.5;1047;1;17;16-17,17-19;2,13;140573.7685791;141304.45960059928;141330.83570859997;144778.51551209998;730.6910214992822;26.37610800069524;3474.0559115007054;eev,integrated,separated,ws;lintim;SiouxFalls;SiouxFalls;True;False;1e-05;12000;1;2;20;50;200;-5;10;0.75;2;50;50;10;10;16;2.7866;1047;1047
14050635;48;g_000;2;1;30;line_consecutive;0.5;1048;1;18;10-15,15-19;9;133893.736908;134823.1100475;135597.31264939997;135217.68262328423;929.3731395000068;774.202601899975;394.5725757842301;eev,integrated,separated,ws;lintim;SiouxFalls;SiouxFalls;True;False;1e-05;12000;1;2;20;50;200;-5;10;0.75;2;50;50;10;10;16;2.7866;1048;1048
14050635;49;g_000;2;1;30;line_consecutive;0.5;1049;1;19;5-6,5-9;9;130088.63091799998;130628.83350799998;131692.032884;131692.032884;540.2025900000008;1063.199376000004;1063.199376000004;eev,integrated,separated,ws;lintim;SiouxFalls;SiouxFalls;True;False;1e-05;12000;1;2;20;50;200;-5;10;0.75;2;50;50;10;10;16;2.7866;1049;1049
14050635;50;g_000;2;1;30;line_consecutive;0.5;1050;1;20;10-17,17-19;14;140573.7685791;141304.45960059928;141330.83570859997;144778.51551209998;730.6910214992822;26.37610800069524;3474.0559115007054;eev,integrated,separated,ws;lintim;SiouxFalls;SiouxFalls;True;False;1e-05;12000;1;2;20;50;200;-5;10;0.75;2;50;50;10;10;16;2.7866;1050;1050
14050635;51;g_000;2;1;30;line_consecutive;0.5;1051;1;21;14-23,23-24;4;138913.3082179999;141082.43122300002;142090.63687899994;142610.97128999996;2169.1230050001177;1008.2056559999182;1528.5400669999362;eev,integrated,separated,ws;lintim;SiouxFalls;SiouxFalls;True;False;1e-05;12000;1;2;20;50;200;-5;10;0.75;2;50;50;10;10;16;2.7866;1051;1051
14050635;52;g_000;2;1;30;line_consecutive;0.5;1052;1;22;15-19,15-22;13;133893.736908;134823.11004749985;135597.31264939642;135597.3126494002;929.3731394998612;774.2026018965698;774.2026019003533;eev,integrated,separated,ws;lintim;SiouxFalls;SiouxFalls;True;False;1e-05;12000;1;2;20;50;200;-5;10;0.75;2;50;50;10;10;16;2.7866;1052;1052
14050635;53;g_000;2;1;30;line_consecutive;0.5;1053;1;23;18-20,20-22;11;129318.657944;129318.65794399998;129318.65794399996;129318.65794399998;-2.9103830456733704e-11;-1.4551915228366852e-11;0.0;eev,integrated,separated,ws;lintim;SiouxFalls;SiouxFalls;True;False;1e-05;12000;1;2;20;50;200;-5;10;0.75;2;50;50;10;10;16;2.7866;1053;1053
14050635;54;g_000;2;1;30;line_consecutive;0.5;1054;1;24;4-5,5-9;3;130088.63091799998;130628.83350799998;131692.032884;131692.032884;540.2025900000008;1063.199376000004;1063.199376000004;eev,integrated,separated,ws;lintim;SiouxFalls;SiouxFalls;True;False;1e-05;12000;1;2;20;50;200;-5;10;0.75;2;50;50;10;10;16;2.7866;1054;1054
14050635;55;g_000;2;1;30;line_consecutive;0.5;1055;1;25;10-11,11-12;1,7;141011.43078621727;141547.6684942;141554.84999415217;145470.8360792;536.237707982742;7.181499952159356;3923.167584999988;eev,integrated,separated,ws;lintim;SiouxFalls;SiouxFalls;True;False;1e-05;12000;1;2;20;50;200;-5;10;0.75;2;50;50;10;10;16;2.7866;1055;1055
14050635;56;g_000;2;1;30;line_consecutive;0.5;1056;1;26;20-21,21-24;6;131668.3358620002;131829.879388;131829.87938799994;131829.87938799994;161.5435259997903;-5.820766091346741e-11;-5.820766091346741e-11;eev,integrated,separated,ws;lintim;SiouxFalls;SiouxFalls;True;False;1e-05;12000;1;2;20;50;200;-5;10;0.75;2;50;50;10;10;16;2.7866;1056;1056
14050635;57;g_000;2;1;30;line_consecutive;0.5;1057;1;27;7-8,8-9;3,7;129384.673678;129450.68941199998;129918.39189799996;129918.39189799996;66.01573399997142;467.7024859999801;467.7024859999801;eev,integrated,separated,ws;lintim;SiouxFalls;SiouxFalls;True;False;1e-05;12000;1;2;20;50;200;-5;10;0.75;2;50;50;10;10;16;2.7866;1057;1057
14050635;58;g_000;2;1;30;line_consecutive;0.5;1058;1;28;3-4,4-5;3;136822.166191;139226.66325800002;139972.13313499995;139394.897225;2404.4970670000184;745.4698769999377;168.2339669999783;eev,integrated,separated,ws;lintim;SiouxFalls;SiouxFalls;True;False;1e-05;12000;1;2;20;50;200;-5;10;0.75;2;50;50;10;10;16;2.7866;1058;1058
14050635;59;g_000;2;1;30;line_consecutive;0.5;1059;1;29;3-4,4-11;4;136822.166191;139226.66325800002;139972.13313499995;139394.897225;2404.4970670000184;745.4698769999377;168.2339669999783;eev,integrated,separated,ws;lintim;SiouxFalls;SiouxFalls;True;False;1e-05;12000;1;2;20;50;200;-5;10;0.75;2;50;50;10;10;16;2.7866;1059;1059
14050635;60;g_000;1;1;30;line_consecutive;0.5;1060;2;0;16-17;2,13;146161.621109;147948.03633899998;150176.903871;153020.49815780274;1786.415229999984;2228.867532000004;5072.4618188027525;eev,integrated,separated,ws;lintim;SiouxFalls;SiouxFalls;True;False;1e-05;12000;1;2;20;50;200;-5;20;0.75;2;50;50;10;10;16;2.7866;1060;1060
14050635;61;g_000;1;1;30;line_consecutive;0.5;1061;2;1;6-8;2;146708.87601999508;147342.15003000002;147805.73624999548;152070.2627;633.2740100049414;463.5862199954572;4728.112669999973;eev,integrated,separated,ws;lintim;SiouxFalls;SiouxFalls;True;False;1e-05;12000;1;2;20;50;200;-5;20;0.75;2;50;50;10;10;16;2.7866;1061;1061
14050635;62;g_000;1;1;30;line_consecutive;0.5;1062;2;2;19-20;2;148164.293298;148461.072798;148648.48061399968;154842.48384799997;296.7795000000042;187.4078159996716;6381.411049999966;eev,integrated,separated,ws;lintim;SiouxFalls;SiouxFalls;True;False;1e-05;12000;1;2;20;50;200;-5;20;0.75;2;50;50;10;10;16;2.7866;1062;1062
14050635;63;g_000;1;1;30;line_consecutive;0.5;1063;2;3;7-8;3,7,11;133738.5159599971;133789.61000400002;134539.47166782108;134539.4716678211;51.09404400290805;749.861663821066;749.8616638210951;eev,integrated,separated,ws;lintim;SiouxFalls;SiouxFalls;True;False;1e-05;12000;1;2;20;50;200;-5;20;0.75;2;50;50;10;10;16;2.7866;1063;1063
14050635;64;g_000;1;1;30;line_consecutive;0.5;1064;2;4;21-22;13;133687.42191599795;133687.42191599932;133687.42191599996;133687.42191600008;1.367880031466484e-09;6.402842700481415e-10;7.566995918750762e-10;eev,integrated,separated,ws;lintim;SiouxFalls;SiouxFalls;True;False;1e-05;12000;1;2;20;50;200;-5;20;0.75;2;50;50;10;10;16;2.7866;1064;1064
14050635;65;g_000;1;1;30;line_consecutive;0.5;1065;2;5;7-18;3,11;133687.421916;133687.42191599894;133687.42191599996;133687.42191599996;-1.0477378964424131e-09;1.0186340659856794e-09;1.0186340659856794e-09;eev,integrated,separated,ws;lintim;SiouxFalls;SiouxFalls;True;False;1e-05;12000;1;2;20;50;200;-5;20;0.75;2;50;50;10;10;16;2.7866;1065;1065
14050635;66;g_000;1;1;30;line_consecutive;0.5;1066;2;6;11-14;4,8,10;151973.801202;153213.7853299988;154105.639983;156829.562775;1239.9841279987886;891.85465300121;3615.777445001208;eev,integrated,separated,ws;lintim;SiouxFalls;SiouxFalls;True;False;1e-05;12000;1;2;20;50;200;-5;20;0.75;2;50;50;10;10;16;2.7866;1066;1066
14050635;67;g_000;1;1;30;line_consecutive;0.5;1067;2;7;5-9;3,9;136501.92372000002;136706.10323799966;136706.10323799998;136706.10323799995;204.17951799964067;3.2014213502407074e-10;2.9103830456733704e-10;eev,integrated,separated,ws;lintim;SiouxFalls;SiouxFalls;True;False;1e-05;12000;1;2;20;50;200;-5;20;0.75;2;50;50;10;10;16;2.7866;1067;1067
14050635;68;g_000;1;1;30;line_consecutive;0.5;1068;2;8;10-16;1,10;142478.51310899993;144465.47402699996;146516.92604799996;144760.01707899998;1986.960918000026;2051.4520210000046;294.5430520000227;eev,integrated,separated,ws;lintim;SiouxFalls;SiouxFalls;True;False;1e-05;12000;1;2;20;50;200;-5;20;0.75;2;50;50;10;10;16;2.7866;1068;1068
14050635;69;g_000;1;1;30;line_consecutive;0.5;1069;2;9;4-5;3;133687.421916;133687.42191599976;133687.42191599996;133687.42191599996;-2.3283064365386963e-10;2.0372681319713595e-10;2.0372681319713595e-10;eev,integrated,separated,ws;lintim;SiouxFalls;SiouxFalls;True;False;1e-05;12000;1;2;20;50;200;-5;20;0.75;2;50;50;10;10;16;2.7866;1069;1069
14050635;70;g_000;1;1;30;line_consecutive;0.5;1070;2;10;10-11;1,7,10;149798.47220100003;151458.707198;153003.45061399997;155130.92733599996;1660.2349969999632;1544.743415999983;3672.220137999975;eev,integrated,separated,ws;lintim;SiouxFalls;SiouxFalls;True;False;1e-05;12000;1;2;20;50;200;-5;20;0.75;2;50;50;10;10;16;2.7866;1070;1070
14050635;71;g_000;1;1;30;line_consecutive;0.5;1071;2;11;1-3;4,8,12;151974.314229;153889.15541099972;155935.38245099998;155573.87297099998;1914.8411819997127;2046.22704000026;1684.717560000252;eev,integrated,separated,ws;lintim;SiouxFalls;SiouxFalls;True;False;1e-05;12000;1;2;20;50;200;-5;20;0.75;2;50;50;10;10;16;2.7866;1071;1071
14050635;72;g_000;1;1;30;line_consecutive;0.5;1072;2;12;2-6;2;150277.10666299402;151742.36157399998;152273.52608399646;155965.882207;1465.2549110059626;531.1645099964808;4223.520633000007;eev,integrated,separated,ws;lintim;SiouxFalls;SiouxFalls;True;False;1e-05;12000;1;2;20;50;200;-5;20;0.75;2;50;50;10;10;16;2.7866;1072;1072
14050635;73;g_000;1;1;30;line_consecutive;0.5;1073;2;13;11-12;1,7,8;147354.5653019583;149303.943188;151346.88919099703;153524.15563;1949.377886041708;2042.9460029970212;4220.212441999989;eev,integrated,separated,ws;lintim;SiouxFalls;SiouxFalls;True;False;1e-05;12000;1;2;20;50;200;-5;20;0.75;2;50;50;10;10;16;2.7866;1073;1073
14050635;74;g_000;1;1;30;line_consecutive;0.5;1074;2;14;9-10;7,9;137083.404522;137359.45135099997;138008.552762;138008.552762;276.0468289999699;649.1014110000397;649.1014110000397;eev,integrated,separated,ws;lintim;SiouxFalls;SiouxFalls;True;False;1e-05;12000;1;2;20;50;200;-5;20;0.75;2;50;50;10;10;16;2.7866;1074;1074
14050635;75;g_000;1;1;30;line_consecutive;0.5;1075;2;15;3-4;3,4;149012.94458399998;150664.22003099998;151586.946157;152252.643371;1651.2754469999927;922.7261260000232;1588.4233400000376;eev,integrated,separated,ws;lintim;SiouxFalls;SiouxFalls;True;False;1e-05;12000;1;2;20;50;200;-5;20;0.75;2;50;50;10;10;16;2.7866;1075;1075
14050635;76;g_000;1;1;30;line_consecutive;0.5;1076;2;16;10-15;5,9;142315.15460199997;143077.45830398024;143168.74265099998;143267.39024799882;762.3037019802723;91.28434701974038;189.9319440185791;eev,integrated,separated,ws;lintim;SiouxFalls;SiouxFalls;True;False;1e-05;12000;1;2;20;50;200;-5;20;0.75;2;50;50;10;10;16;2.7866;1076;1076
14050635;77;g_000;1;1;30;line_consecutive;0.5;1077;2;17;16-18;1;140446.672492;142462.23892700003;145415.98012999998;142769.825671;2015.5664350000152;2953.741202999954;307.5867439999711;eev,integrated,separated,ws;lintim;SiouxFalls;SiouxFalls;True;False;1e-05;12000;1;2;20;50;200;-5;20;0.75;2;50;50;10;10;16;2.7866;1077;1077
14050635;78;g_000;1;1;30;line_consecutive;0.5;1078;2;18;8-9;3,7;133738.51596;133789.610004;134539.47166799998;134539.47166474315;51.09404399999767;749.8616639999964;749.8616607431613;eev,integrated,separated,ws;lintim;SiouxFalls;SiouxFalls;True;False;1e-05;12000;1;2;20;50;200;-5;20;0.75;2;50;50;10;10;16;2.7866;1078;1078
14050635;79;g_000;1;1;30;line_consecutive;0.5;1079;2;19;8-16;2,10,13;148323.729857;149792.42072999998;151204.0530320355;154581.75199003448;1468.690872999985;1411.6323020355194;4789.331260034494;eev,integrated,separated,ws;lintim;SiouxFalls;SiouxFalls;True;False;1e-05;12000;1;2;20;50;200;-5;20;0.75;2;50;50;10;10;16;2.7866;1079;1079
14050635;80;g_000;1;1;30;line_consecutive;0.5;1080;2;20;1-2;12;133687.42191599874;133687.42191599944;133687.4219159995;133687.4219159995;6.984919309616089e-10;5.820766091346741e-11;5.820766091346741e-11;eev,integrated,separated,ws;lintim;SiouxFalls;SiouxFalls;True;False;1e-05;12000;1;2;20;50;200;-5;20;0.75;2;50;50;10;10;16;2.7866;1080;1080
14050635;81;g_000;1;1;30;line_consecutive;0.5;1081;2;21;14-15;14;134010.55156599998;134333.68121599953;134712.53464499998;134712.534645;323.1296499995515;378.8534290004464;378.8534290004754;eev,integrated,separated,ws;lintim;SiouxFalls;SiouxFalls;True;False;1e-05;12000;1;2;20;50;200;-5;20;0.75;2;50;50;10;10;16;2.7866;1081;1081
14050635;82;g_000;1;1;30;line_consecutive;0.5;1082;2;22;23-24;4;143670.00002300672;144242.59700099882;145280.62874018488;146063.56222099997;572.5969779920997;1038.031739186059;1820.965220001148;eev,integrated,separated,ws;lintim;SiouxFalls;SiouxFalls;True;False;1e-05;12000;1;2;20;50;200;-5;20;0.75;2;50;50;10;10;16;2.7866;1082;1082
14050635;83;g_000;1;1;30;line_consecutive;0.5;1083;2;23;20-22;11;133687.421916;133687.42191599964;133687.42191599993;133687.42191599993;-3.4924596548080444e-10;2.9103830456733704e-10;2.9103830456733704e-10;eev,integrated,separated,ws;lintim;SiouxFalls;SiouxFalls;True;False;1e-05;12000;1;2;20;50;200;-5;20;0.75;2;50;50;10;10;16;2.7866;1083;1083
14050635;84;g_000;1;1;30;line_consecutive;0.5;1084;2;24;3-12;8,12;133687.421916;133687.421916;133687.421916;133687.421916;0.0;0.0;0.0;eev,integrated,separated,ws;lintim;SiouxFalls;SiouxFalls;True;False;1e-05;12000;1;2;20;50;200;-5;20;0.75;2;50;50;10;10;16;2.7866;1084;1084
14050635;85;g_000;1;1;30;line_consecutive;0.5;1085;2;25;15-19;9,13,14;137287.2647086;137713.25291099853;138034.02714899997;138034.02714899997;425.9882023985265;320.7742380014388;320.7742380014388;eev,integrated,separated,ws;lintim;SiouxFalls;SiouxFalls;True;False;1e-05;12000;1;2;20;50;200;-5;20;0.75;2;50;50;10;10;16;2.7866;1085;1085
14050635;86;g_000;1;1;30;line_consecutive;0.5;1086;2;26;5-6;9;136501.92372;136706.103238;136706.10323799998;136706.10323799998;204.17951800001904;-2.9103830456733704e-11;-2.9103830456733704e-11;eev,integrated,separated,ws;lintim;SiouxFalls;SiouxFalls;True;False;1e-05;12000;1;2;20;50;200;-5;20;0.75;2;50;50;10;10;16;2.7866;1086;1086
14050635;87;g_000;1;1;30;line_consecutive;0.5;1087;2;27;13-24;6;139547.039576;140023.56686599908;140064.19579;140064.19579;476.52728999906685;40.62892400092096;40.62892400092096;eev,integrated,separated,ws;lintim;SiouxFalls;SiouxFalls;True;False;1e-05;12000;1;2;20;50;200;-5;20;0.75;2;50;50;10;10;16;2.7866;1087;1087
14050635;88;g_000;1;1;30;line_consecutive;0.5;1088;2;28;18-20;11;133687.42191599985;133687.421916;133687.42191599996;133687.42191599996;1.4551915228366852e-10;-2.9103830456733704e-11;-2.9103830456733704e-11;eev,integrated,separated,ws;lintim;SiouxFalls;SiouxFalls;True;False;1e-05;12000;1;2;20;50;200;-5;20;0.75;2;50;50;10;10;16;2.7866;1088;1088
14050635;89;g_000;1;1;30;line_consecutive;0.5;1089;2;29;20-21;6;136808.27657400002;136834.83711199963;136859.723049;136859.723049;26.56053799961228;24.8859370003629;24.8859370003629;eev,integrated,separated,ws;lintim;SiouxFalls;SiouxFalls;True;False;1e-05;12000;1;2;20;50;200;-5;20;0.75;2;50;50;10;10;16;2.7866;1089;1089
14050635;90;g_000;2;1;30;line_consecutive;0.5;1090;3;0;20-21,21-24;6;139547.039576;140023.56686599937;140064.19578999997;140064.19578999997;476.5272899993579;40.62892400060082;40.62892400060082;eev,integrated,separated,ws;lintim;SiouxFalls;SiouxFalls;True;False;1e-05;12000;1;2;20;50;200;-5;20;0.75;2;50;50;10;10;16;2.7866;1090;1090
14050635;91;g_000;2;1;30;line_consecutive;0.5;1091;3;1;13-24,21-24;6;139547.039576;140023.5668659999;140064.19579;140064.19579;476.52728999988176;40.62892400010605;40.62892400010605;eev,integrated,separated,ws;lintim;SiouxFalls;SiouxFalls;True;False;1e-05;12000;1;2;20;50;200;-5;20;0.75;2;50;50;10;10;16;2.7866;1091;1091
14050635;92;g_000;2;1;30;line_consecutive;0.5;1092;3;2;15-19,15-22;13;143102.41267899997;143569.57323955806;143927.82653259995;143927.82652934315;467.1605605580844;358.25329304189654;358.2532897850906;eev,integrated,separated,ws;lintim;SiouxFalls;SiouxFalls;True;False;1e-05;12000;1;2;20;50;200;-5;20;0.75;2;50;50;10;10;16;2.7866;1092;1092
14050635;93;g_000;2;1;30;line_consecutive;0.5;1093;3;3;9-10,10-15;9;142470.98259899992;143323.54868499955;143964.053627;144350.26638299943;852.5660859996278;640.5049420004361;1026.7176979998767;eev,integrated,separated,ws;lintim;SiouxFalls;SiouxFalls;True;False;1e-05;12000;1;2;20;50;200;-5;20;0.75;2;50;50;10;10;16;2.7866;1093;1093
14050635;94;g_000;2;1;30;line_consecutive;0.5;1094;3;4;10-17,17-19;14;157523.3577724;158024.51329119998;158497.67522499996;168404.81498469127;501.1555187999911;473.1619337999728;10380.301693491288;eev,integrated,separated,ws;lintim;SiouxFalls;SiouxFalls;True;False;1e-05;12000;1;2;20;50;200;-5;20;0.75;2;50;50;10;10;16;2.7866;1094;1094
14050635;95;g_000;2;1;30;line_consecutive;0.5;1095;3;5;4-11,11-14;4;154263.0407980394;156004.662938;156854.454133;158878.32243;1741.6221399605856;849.791194999998;2873.659492000006;eev,integrated,separated,ws;lintim;SiouxFalls;SiouxFalls;True;False;1e-05;12000;1;2;20;50;200;-5;20;0.75;2;50;50;10;10;16;2.7866;1095;1095
14050635;96;g_000;2;1;30;line_consecutive;0.5;1096;3;6;10-11,11-14;10;171433.30900103788;173804.0218470439;175354.420933;182954.87301383223;2370.712846006034;1550.399085956073;9150.851166788314;eev,integrated,separated,ws;lintim;SiouxFalls;SiouxFalls;True;False;1e-05;12000;1;2;20;50;200;-5;20;0.75;2;50;50;10;10;16;2.7866;1096;1096
14050635;97;g_000;2;1;30;line_consecutive;0.5;1097;3;7;5-9,8-9;3;137033.283469;137289.22451;138008.552762;138008.55275652165;255.9410410000128;719.3282520000066;719.3282465216471;eev,integrated,separated,ws;lintim;SiouxFalls;SiouxFalls;True;False;1e-05;12000;1;2;20;50;200;-5;20;0.75;2;50;50;10;10;16;2.7866;1097;1097
14050635;98;g_000;2;1;30;line_consecutive;0.5;1098;3;8;15-19,17-19;13,14;162546.680212;163114.60703660006;163445.09165719996;174918.19965588977;567.9268246000574;330.48462059989106;11803.592619289702;eev,integrated,separated,ws;lintim;SiouxFalls;SiouxFalls;True;False;1e-05;12000;1;2;20;50;200;-5;20;0.75;2;50;50;10;10;16;2.7866;1098;1098
14050635;99;g_000;2;1;30;line_consecutive;0.5;1099;3;9;6-8,8-16;2;149940.604666;151754.33085299996;153141.93728599997;156223.20235103444;1813.726186999964;1387.606433000008;4468.871498034481;eev,integrated,separated,ws;lintim;SiouxFalls;SiouxFalls;True;False;1e-05;12000;1;2;20;50;200;-5;20;0.75;2;50;50;10;10;16;2.7866;1099;1099
14050635;100;g_000;2;1;30;line_consecutive;0.5;1100;3;10;9-10,10-11;7;154334.31783799996;156118.13200853142;157820.80572873648;159756.91517795552;1783.8141705314629;1702.6737202050572;3638.783169424103;eev,integrated,separated,ws;lintim;SiouxFalls;SiouxFalls;True;False;1e-05;12000;1;2;20;50;200;-5;20;0.75;2;50;50;10;10;16;2.7866;1100;1100
14050635;101;g_000;2;1;30;line_consecutive;0.5;1101;3;11;11-14,14-23;4,10;155993.8461579997;158163.02040998478;159591.34269899997;161917.46407599995;2169.174251985067;1428.3222890151956;3754.4436660151696;eev,integrated,separated,ws;lintim;SiouxFalls;SiouxFalls;True;False;1e-05;12000;1;2;20;50;200;-5;20;0.75;2;50;50;10;10;16;2.7866;1101;1101
14050635;102;g_000;2;1;30;line_consecutive;0.5;1102;3;12;10-15,15-19;9;143338.23939200002;144113.44541;144456.38168999998;144281.6093329998;775.206017999968;342.93627999999444;168.1639229998109;eev,integrated,separated,ws;lintim;SiouxFalls;SiouxFalls;True;False;1e-05;12000;1;2;20;50;200;-5;20;0.75;2;50;50;10;10;16;2.7866;1102;1102
14050635;103;g_000;2;1;30;line_consecutive;0.5;1103;3;13;7-8,8-9;3,7;133738.51595999883;133789.61000396137;134539.471667822;134539.47166782204;51.09404396254104;749.8616638606472;749.8616638606763;eev,integrated,separated,ws;lintim;SiouxFalls;SiouxFalls;True;False;1e-05;12000;1;2;20;50;200;-5;20;0.75;2;50;50;10;10;16;2.7866;1103;1103
14050635;104;g_000;2;1;30;line_consecutive;0.5;1104;3;14;4-5,5-9;3;136501.92372;136706.103238;136706.10323799998;136706.10323799995;204.17951800001904;-2.9103830456733704e-11;-5.820766091346741e-11;eev,integrated,separated,ws;lintim;SiouxFalls;SiouxFalls;True;False;1e-05;12000;1;2;20;50;200;-5;20;0.75;2;50;50;10;10;16;2.7866;1104;1104
14050635;105;g_000;2;1;30;line_consecutive;0.5;1105;3;15;8-16,16-17;2,13;150248.157888;151142.52564599997;152546.0244439972;155999.81029303448;894.3677579999785;1403.4987979972211;4857.28464703451;eev,integrated,separated,ws;lintim;SiouxFalls;SiouxFalls;True;False;1e-05;12000;1;2;20;50;200;-5;20;0.75;2;50;50;10;10;16;2.7866;1105;1105
14050635;106;g_000;2;1;30;line_consecutive;0.5;1106;3;16;15-22,22-23;5;138774.022352;139416.2656540023;139540.27925099543;139540.27924773862;642.2433020022872;124.01359699314344;124.0135937363375;eev,integrated,separated,ws;lintim;SiouxFalls;SiouxFalls;True;False;1e-05;12000;1;2;20;50;200;-5;20;0.75;2;50;50;10;10;16;2.7866;1106;1106
14050635;107;g_000;2;1;30;line_consecutive;0.5;1107;3;17;17-19,19-20;2;157674.62076423492;158660.04289118937;159120.71584539997;168404.81498469127;985.4221269544504;460.6729542106041;9744.772093501902;eev,integrated,separated,ws;lintim;SiouxFalls;SiouxFalls;True;False;1e-05;12000;1;2;20;50;200;-5;20;0.75;2;50;50;10;10;16;2.7866;1107;1107
14050635;108;g_000;2;1;30;line_consecutive;0.5;1108;3;18;3-12,12-13;12;133687.421916;133687.42191599976;133687.42191599956;133687.42191599956;-2.3283064365386963e-10;-2.0372681319713595e-10;-2.0372681319713595e-10;eev,integrated,separated,ws;lintim;SiouxFalls;SiouxFalls;True;False;1e-05;12000;1;2;20;50;200;-5;20;0.75;2;50;50;10;10;16;2.7866;1108;1108
14050635;109;g_000;2;1;30;line_consecutive;0.5;1109;3;19;2-6,6-8;2;150277.10666299998;152066.369534;152935.76359899997;156026.213887;1789.2628710000135;869.3940649999713;3959.844352999993;eev,integrated,separated,ws;lintim;SiouxFalls;SiouxFalls;True;False;1e-05;12000;1;2;20;50;200;-5;20;0.75;2;50;50;10;10;16;2.7866;1109;1109
14050635;110;g_000;2;1;30;line_consecutive;0.5;1110;3;20;18-20,20-22;11;133687.421916;133687.4219159996;133687.421916;133687.421916;-3.7834979593753815e-10;3.7834979593753815e-10;3.7834979593753815e-10;eev,integrated,separated,ws;lintim;SiouxFalls;SiouxFalls;True;False;1e-05;12000;1;2;20;50;200;-5;20;0.75;2;50;50;10;10;16;2.7866;1110;1110
14050635;111;g_000;2;1;30;line_consecutive;0.5;1111;3;21;8-9,9-10;7;137033.283469;137289.22451;138008.552762;138008.552762;255.9410410000128;719.3282520000066;719.3282520000066;eev,integrated,separated,ws;lintim;SiouxFalls;SiouxFalls;True;False;1e-05;12000;1;2;20;50;200;-5;20;0.75;2;50;50;10;10;16;2.7866;1111;1111
14050635;112;g_000;2;1;30;line_consecutive;0.5;1112;3;22;10-11,10-16;1,10;152298.00467;154277.20802199934;155806.67599299998;157722.07141099998;1979.203351999342;1529.4679710006458;3444.863389000646;eev,integrated,separated,ws;lintim;SiouxFalls;SiouxFalls;True;False;1e-05;12000;1;2;20;50;200;-5;20;0.75;2;50;50;10;10;16;2.7866;1112;1112
14050635;113;g_000;2;1;30;line_consecutive;0.5;1113;3;23;7-8,7-18;3,11;133738.51596;133789.610004;134539.47166799998;134539.471668;51.09404399999767;749.8616639999964;749.8616640000255;eev,integrated,separated,ws;lintim;SiouxFalls;SiouxFalls;True;False;1e-05;12000;1;2;20;50;200;-5;20;0.75;2;50;50;10;10;16;2.7866;1113;1113
14050635;114;g_000;2;1;30;line_consecutive;0.5;1114;3;24;7-18,18-20;11;133687.421916;133687.4219159989;133687.421916;133687.421916;-1.1059455573558807e-09;1.1059455573558807e-09;1.1059455573558807e-09;eev,integrated,separated,ws;lintim;SiouxFalls;SiouxFalls;True;False;1e-05;12000;1;2;20;50;200;-5;20;0.75;2;50;50;10;10;16;2.7866;1114;1114
14050635;115;g_000;2;1;30;line_consecutive;0.5;1115;3;25;3-12,11-12;8;151705.75631240002;152542.0114164;154303.58795979997;158069.7941004;836.2551039999817;1761.5765433999768;5527.782684000005;eev,integrated,separated,ws;lintim;SiouxFalls;SiouxFalls;True;False;1e-05;12000;1;2;20;50;200;-5;20;0.75;2;50;50;10;10;16;2.7866;1115;1115
14050635;116;g_000;2;1;30;line_consecutive;0.5;1116;3;26;3-4,4-5;3;149012.94458399998;150664.22003100152;151586.94615699997;152252.643371;1651.2754470015352;922.7261259984516;1588.423339998495;eev,integrated,separated,ws;lintim;SiouxFalls;SiouxFalls;True;False;1e-05;12000;1;2;20;50;200;-5;20;0.75;2;50;50;10;10;16;2.7866;1116;1116
14050635;117;g_000;2;1;30;line_consecutive;0.5;1117;3;27;1-3,3-4;4;153710.88938399998;155133.4206150001;156649.49088799997;158193.84863699993;1422.5312310001173;1516.070272999874;3060.4280219998327;eev,integrated,separated,ws;lintim;SiouxFalls;SiouxFalls;True;False;1e-05;12000;1;2;20;50;200;-5;20;0.75;2;50;50;10;10;16;2.7866;1117;1117
14050635;118;g_000;2;1;30;line_consecutive;0.5;1118;3;28;10-15,15-22;5;142218.359268;143082.96487899972;143168.74265099998;143267.39024799952;864.6056109997153;85.77777200026321;184.4253689998004;eev,integrated,separated,ws;lintim;SiouxFalls;SiouxFalls;True;False;1e-05;12000;1;2;20;50;200;-5;20;0.75;2;50;50;10;10;16;2.7866;1118;1118
14050635;119;g_000;2;1;30;line_consecutive;0.5;1119;3;29;14-15,15-19;14;137287.2647086;137713.2529109992;138034.02714900015;138034.02714900015;425.9882023991959;320.774238000944;320.774238000944;eev,integrated,separated,ws;lintim;SiouxFalls;SiouxFalls;True;False;1e-05;12000;1;2;20;50;200;-5;20;0.75;2;50;50;10;10;16;2.7866;1119;1119
14050635;120;g_000;1;1;30;line_consecutive;0.5;1120;4;0;10-11;1,7,10;156104.901396;158244.95386700248;159990.38133799995;164904.55588099995;2140.0524710024765;1745.427470997471;6659.602013997472;eev,integrated,separated,ws;lintim;SiouxFalls;SiouxFalls;True;False;1e-05;12000;1;2;20;50;200;-5;50;0.75;2;50;50;10;10;16;2.7866;1120;1120
14050635;121;g_000;1;1;30;line_consecutive;0.5;1121;4;1;10-16;1,10;148364.35243599996;150129.82571399977;152448.13482899996;152068.545059;1765.4732779998158;2318.3091150001856;1938.7193450002237;eev,integrated,separated,ws;lintim;SiouxFalls;SiouxFalls;True;False;1e-05;12000;1;2;20;50;200;-5;50;0.75;2;50;50;10;10;16;2.7866;1121;1121
14050635;122;g_000;1;1;30;line_consecutive;0.5;1122;4;2;9-10;7,9;144352.806742;145176.147526;145758.96973499993;145176.14752596413;823.340784;582.8222089999472;-3.585591912269592e-08;eev,integrated,separated,ws;lintim;SiouxFalls;SiouxFalls;True;False;1e-05;12000;1;2;20;50;200;-5;50;0.75;2;50;50;10;10;16;2.7866;1122;1122
14050635;123;g_000;1;1;30;line_consecutive;0.5;1123;4;3;14-15;14;136644.633844;136644.633844;136644.63384399994;136644.633844;0.0;-5.820766091346741e-11;0.0;eev,integrated,separated,ws;lintim;SiouxFalls;SiouxFalls;True;False;1e-05;12000;1;2;20;50;200;-5;50;0.75;2;50;50;10;10;16;2.7866;1123;1123
14050635;124;g_000;1;1;30;line_consecutive;0.5;1124;4;4;6-8;2;154654.33731599996;156065.35254399996;156339.68719799997;164756.00188399968;1411.0152280000038;274.3346540000057;8690.649339999713;eev,integrated,separated,ws;lintim;SiouxFalls;SiouxFalls;True;False;1e-05;12000;1;2;20;50;200;-5;50;0.75;2;50;50;10;10;16;2.7866;1124;1124
14050635;125;g_000;1;1;30;line_consecutive;0.5;1125;4;5;7-8;3,7,11;137750.5876400064;138325.6930020029;139245.10858499995;139245.10858499998;575.1053619965096;919.415582997055;919.415582997084;eev,integrated,separated,ws;lintim;SiouxFalls;SiouxFalls;True;False;1e-05;12000;1;2;20;50;200;-5;50;0.75;2;50;50;10;10;16;2.7866;1125;1125
14050635;126;g_000;1;1;30;line_consecutive;0.5;1126;4;6;5-9;3,9;144259.38902499998;145153.249903999;145397.63018899993;146452.7598198594;893.8608789990249;244.3802850009233;1299.509915860399;eev,integrated,separated,ws;lintim;SiouxFalls;SiouxFalls;True;False;1e-05;12000;1;2;20;50;200;-5;50;0.75;2;50;50;10;10;16;2.7866;1126;1126
14050635;127;g_000;1;1;30;line_consecutive;0.5;1127;4;7;23-24;4;149382.2940340091;150241.78987199668;151399.88678799997;157515.63158899988;859.4958379875752;1158.0969160032982;7273.841717003204;eev,integrated,separated,ws;lintim;SiouxFalls;SiouxFalls;True;False;1e-05;12000;1;2;20;50;200;-5;50;0.75;2;50;50;10;10;16;2.7866;1127;1127
14050635;128;g_000;1;1;30;line_consecutive;0.5;1128;4;8;8-9;3,7;137750.58763999998;138202.34519400058;139245.10858498933;139245.1085849894;451.7575540005928;1042.7633909887518;1042.76339098881;eev,integrated,separated,ws;lintim;SiouxFalls;SiouxFalls;True;False;1e-05;12000;1;2;20;50;200;-5;50;0.75;2;50;50;10;10;16;2.7866;1128;1128
14050635;129;g_000;1;1;30;line_consecutive;0.5;1129;4;9;19-20;2;157156.324907;158514.345024;158758.91412299994;168568.20534199965;1358.0201170000073;244.56909899992752;10053.860317999644;eev,integrated,separated,ws;lintim;SiouxFalls;SiouxFalls;True;False;1e-05;12000;1;2;20;50;200;-5;50;0.75;2;50;50;10;10;16;2.7866;1129;1129
14050635;130;g_000;1;1;30;line_consecutive;0.5;1130;4;10;13-24;6;145629.903542;146726.555011;147656.23848199996;147656.2381791158;1096.651469000004;929.6834709999677;929.683168115822;eev,integrated,separated,ws;lintim;SiouxFalls;SiouxFalls;True;False;1e-05;12000;1;2;20;50;200;-5;50;0.75;2;50;50;10;10;16;2.7866;1130;1130
14050635;131;g_000;1;1;30;line_consecutive;0.5;1131;4;11;16-17;2,13;151461.24870499998;152866.84480899994;155849.45366199996;163416.0622149999;1405.5961039999677;2982.6088530000125;10549.217405999952;eev,integrated,separated,ws;lintim;SiouxFalls;SiouxFalls;True;False;1e-05;12000;1;2;20;50;200;-5;50;0.75;2;50;50;10;10;16;2.7866;1131;1131
14050635;132;g_000;1;1;30;line_consecutive;0.5;1132;4;12;7-18;3,11;137485.76616799994;138160.002347;138325.19784899996;138325.197849;674.2361790000577;165.19550199995865;165.19550199998775;eev,integrated,separated,ws;lintim;SiouxFalls;SiouxFalls;True;False;1e-05;12000;1;2;20;50;200;-5;50;0.75;2;50;50;10;10;16;2.7866;1132;1132
14050635;133;g_000;1;1;30;line_consecutive;0.5;1133;4;13;21-24;6;140669.54515199998;140995.16588;140995.16587999996;140995.16557711584;325.62072800000897;-2.9103830456733704e-11;-0.0003028841456398;eev,integrated,separated,ws;lintim;SiouxFalls;SiouxFalls;True;False;1e-05;12000;1;2;20;50;200;-5;50;0.75;2;50;50;10;10;16;2.7866;1133;1133
14050635;134;g_000;1;1;30;line_consecutive;0.5;1134;4;14;4-11;4;153497.19433600002;156572.91219200005;157426.70293899995;162443.4439799999;3075.717856000032;853.7907469999045;5870.531787999847;eev,integrated,separated,ws;lintim;SiouxFalls;SiouxFalls;True;False;1e-05;12000;1;2;20;50;200;-5;50;0.75;2;50;50;10;10;16;2.7866;1134;1134
14050635;135;g_000;1;1;30;line_consecutive;0.5;1135;4;15;22-23;5;142178.21360500017;142378.47753300003;143346.05554699997;143346.055547;200.2639279998548;967.5780139999406;967.5780139999696;eev,integrated,separated,ws;lintim;SiouxFalls;SiouxFalls;True;False;1e-05;12000;1;2;20;50;200;-5;50;0.75;2;50;50;10;10;16;2.7866;1135;1135
14050635;136;g_000;1;1;30;line_consecutive;0.5;1136;4;16;3-12;8,12;136644.633844;136644.633844;136644.63384399924;136644.63384399927;0.0;-7.566995918750762e-10;-7.275957614183425e-10;eev,integrated,separated,ws;lintim;SiouxFalls;SiouxFalls;True;False;1e-05;12000;1;2;20;50;200;-5;50;0.75;2;50;50;10;10;16;2.7866;1136;1136
14050635;137;g_000;1;1;30;line_consecutive;0.5;1137;4;17;20-22;11;136644.633844;136644.6338641831;136644.63384399994;136644.63384399997;2.018309896811843e-05;-2.0183157175779343e-05;-2.018312807194889e-05;eev,integrated,separated,ws;lintim;SiouxFalls;SiouxFalls;True;False;1e-05;12000;1;2;20;50;200;-5;50;0.75;2;50;50;10;10;16;2.7866;1137;1137
14050635;138;g_000;1;1;30;line_consecutive;0.5;1138;4;18;11-12;1,7,8;155704.17468299996;158849.337109;160799.61331599994;163320.20800400004;3145.1624260000244;1950.276206999959;4470.870895000058;eev,integrated,separated,ws;lintim;SiouxFalls;SiouxFalls;True;False;1e-05;12000;1;2;20;50;200;-5;50;0.75;2;50;50;10;10;16;2.7866;1138;1138
14050635;139;g_000;1;1;30;line_consecutive;0.5;1139;4;19;3-4;3,4;160135.38210699277;164355.69564899936;165286.13631099995;169047.95134799997;4220.313542006596;930.4406620005902;4692.255699000612;eev,integrated,separated,ws;lintim;SiouxFalls;SiouxFalls;True;False;1e-05;12000;1;2;20;50;200;-5;50;0.75;2;50;50;10;10;16;2.7866;1139;1139
14050635;140;g_000;1;1;30;line_consecutive;0.5;1140;4;20;14-23;4,10;149688.153646;149885.81772500003;149885.81772499997;159124.61977400002;197.66407900003836;-5.820766091346741e-11;9238.80204899999;eev,integrated,separated,ws;lintim;SiouxFalls;SiouxFalls;True;False;1e-05;12000;1;2;20;50;200;-5;50;0.75;2;50;50;10;10;16;2.7866;1140;1140
14050635;141;g_000;1;1;30;line_consecutive;0.5;1141;4;21;20-21;6;140324.88462799945;140445.07330699998;140445.07330699996;140445.07300411584;120.18867900053738;-2.9103830456733704e-11;-0.0003028841456398;eev,integrated,separated,ws;lintim;SiouxFalls;SiouxFalls;True;False;1e-05;12000;1;2;20;50;200;-5;50;0.75;2;50;50;10;10;16;2.7866;1141;1141
14050635;142;g_000;1;1;30;line_consecutive;0.5;1142;4;22;11-14;4,8,10;163807.287564;165855.655346;165883.74610999995;173403.110743;2048.367782000016;28.090763999935007;7547.455396999983;eev,integrated,separated,ws;lintim;SiouxFalls;SiouxFalls;True;False;1e-05;12000;1;2;20;50;200;-5;50;0.75;2;50;50;10;10;16;2.7866;1142;1142
14050635;143;g_000;1;1;30;line_consecutive;0.5;1143;4;23;1-3;4,8,12;164416.178103;165705.89605399998;166521.76431799994;172625.45620899997;1289.7179509999696;815.8682639999606;6919.560154999985;eev,integrated,separated,ws;lintim;SiouxFalls;SiouxFalls;True;False;1e-05;12000;1;2;20;50;200;-5;50;0.75;2;50;50;10;10;16;2.7866;1143;1143
14050635;144;g_000;1;1;30;line_consecutive;0.5;1144;4;24;15-19;9,13,14;144025.9840909998;144800.6220180001;144800.62201799994;144800.622018;774.6379270003235;-1.7462298274040222e-10;-1.1641532182693479e-10;eev,integrated,separated,ws;lintim;SiouxFalls;SiouxFalls;True;False;1e-05;12000;1;2;20;50;200;-5;50;0.75;2;50;50;10;10;16;2.7866;1144;1144
14050635;145;g_000;1;1;30;line_consecutive;0.5;1145;4;25;17-19;2,13,14;174015.736703;176584.91815099856;177068.02225899996;195596.218138;2569.1814479985624;483.1041080013965;19011.299987001432;eev,integrated,separated,ws;lintim;SiouxFalls;SiouxFalls;True;False;1e-05;12000;1;2;20;50;200;-5;50;0.75;2;50;50;10;10;16;2.7866;1145;1145
14050635;146;g_000;1;1;30;line_consecutive;0.5;1146;4;26;10-17;14;136644.633844;136644.63384400005;136644.63384399994;136644.633844;5.820766091346741e-11;-1.1641532182693479e-10;-5.820766091346741e-11;eev,integrated,separated,ws;lintim;SiouxFalls;SiouxFalls;True;False;1e-05;12000;1;2;20;50;200;-5;50;0.75;2;50;50;10;10;16;2.7866;1146;1146
14050635;147;g_000;1;1;30;line_consecutive;0.5;1147;4;27;21-22;13;136644.633844;136644.63384400005;136644.63384399936;136644.6338439994;5.820766091346741e-11;-6.984919309616089e-10;-6.402842700481415e-10;eev,integrated,separated,ws;lintim;SiouxFalls;SiouxFalls;True;False;1e-05;12000;1;2;20;50;200;-5;50;0.75;2;50;50;10;10;16;2.7866;1147;1147
14050635;148;g_000;1;1;30;line_consecutive;0.5;1148;4;28;2-6;2;162844.935563;164952.231582;165193.06081399997;173754.54160599964;2107.2960190000013;240.82923199996003;8802.310023999627;eev,integrated,separated,ws;lintim;SiouxFalls;SiouxFalls;True;False;1e-05;12000;1;2;20;50;200;-5;50;0.75;2;50;50;10;10;16;2.7866;1148;1148
14050635;149;g_000;1;1;30;line_consecutive;0.5;1149;4;29;4-5;3;137485.76616799994;138160.002347;138325.19784899993;138325.197849;674.2361790000577;165.19550199992955;165.19550199998775;eev,integrated,separated,ws;lintim;SiouxFalls;SiouxFalls;True;False;1e-05;12000;1;2;20;50;200;-5;50;0.75;2;50;50;10;10;16;2.7866;1149;1149
14050635;150;g_000;2;1;30;line_consecutive;0.5;1150;5;0;1-2,1-3;12;193875.421248;197842.929622;199060.467125;202673.99444597852;3967.508373999997;1217.5375029999996;4831.064823978551;eev,integrated,separated,ws;lintim;SiouxFalls;SiouxFalls;True;False;1e-05;12000;1;2;20;50;200;-5;50;0.75;2;50;50;10;10;16;2.7866;1150;1150
14050635;151;g_000;2;1;30;line_consecutive;0.5;1151;5;1;4-11,11-14;4;165976.56876499997;167532.614655;167532.61465499995;174864.5046670001;1556.0458900000376;-5.820766091346741e-11;7331.890012000076;eev,integrated,separated,ws;lintim;SiouxFalls;SiouxFalls;True;False;1e-05;12000;1;2;20;50;200;-5;50;0.75;2;50;50;10;10;16;2.7866;1151;1151
14050635;152;g_000;2;1;30;line_consecutive;0.5;1152;5;2;9-10,10-15;9;152810.94243500018;154482.358968;154965.46307598648;160089.75890699998;1671.4165329998068;483.10410798649536;5607.399938999995;eev,integrated,separated,ws;lintim;SiouxFalls;SiouxFalls;True;False;1e-05;12000;1;2;20;50;200;-5;50;0.75;2;50;50;10;10;16;2.7866;1152;1152
14050635;153;g_000;2;1;30;line_consecutive;0.5;1153;5;3;3-4,4-5;3;163425.28624;167572.894244;168478.0027929821;171572.20062199995;4147.608004000009;905.108548982098;3999.30637799995;eev,integrated,separated,ws;lintim;SiouxFalls;SiouxFalls;True;False;1e-05;12000;1;2;20;50;200;-5;50;0.75;2;50;50;10;10;16;2.7866;1153;1153
14050635;154;g_000;2;1;30;line_consecutive;0.5;1154;5;4;8-16,10-16;10;160825.387765;161693.18097099982;165207.9848749999;175360.066659;867.7932059998275;3514.803904000088;13666.885688000184;eev,integrated,separated,ws;lintim;SiouxFalls;SiouxFalls;True;False;1e-05;12000;1;2;20;50;200;-5;50;0.75;2;50;50;10;10;16;2.7866;1154;1154
14050635;155;g_000;2;1;30;line_consecutive;0.5;1155;5;5;10-11,10-16;1,10;160556.472494;163037.97120599996;163873.73399799995;169572.88014299996;2481.4987119999714;835.7627919999941;6534.908937;eev,integrated,separated,ws;lintim;SiouxFalls;SiouxFalls;True;False;1e-05;12000;1;2;20;50;200;-5;50;0.75;2;50;50;10;10;16;2.7866;1155;1155
14050635;156;g_000;2;1;30;line_consecutive;0.5;1156;5;6;14-23,23-24;4;166971.966027;169747.11692399997;170081.85019099998;176996.3481;2775.150896999985;334.73326700000325;7249.23117600003;eev,integrated,separated,ws;lintim;SiouxFalls;SiouxFalls;True;False;1e-05;12000;1;2;20;50;200;-5;50;0.75;2;50;50;10;10;16;2.7866;1156;1156
14050635;157;g_000;2;1;30;line_consecutive;0.5;1157;5;7;10-11,11-14;10;188548.8247409957;190289.721375;191265.500145;206714.262115;1740.8966340042823;975.7787699999752;16424.540739999997;eev,integrated,separated,ws;lintim;SiouxFalls;SiouxFalls;True;False;1e-05;12000;1;2;20;50;200;-5;50;0.75;2;50;50;10;10;16;2.7866;1157;1157
14050635;158;g_000;2;1;30;line_consecutive;0.5;1158;5;8;10-11,11-12;1,7;164352.01052500002;167109.72616199998;168952.97378799994;174573.72379095847;2757.715636999957;1843.247625999968;7463.997628958488;eev,integrated,separated,ws;lintim;SiouxFalls;SiouxFalls;True;False;1e-05;12000;1;2;20;50;200;-5;50;0.75;2;50;50;10;10;16;2.7866;1158;1158
14050635;159;g_000;2;1;30;line_consecutive;0.5;1159;5;9;4-5,5-9;3;144447.72375399998;145779.901024;146073.23189399997;146452.7598198593;1332.1772700000147;293.33086999997613;672.858795859298;eev,integrated,separated,ws;lintim;SiouxFalls;SiouxFalls;True;False;1e-05;12000;1;2;20;50;200;-5;50;0.75;2;50;50;10;10;16;2.7866;1159;1159
14050635;160;g_000;2;1;30;line_consecutive;0.5;1160;5;10;11-14,14-23;4,10;179439.22648399998;182574.34809599977;183407.162262;189907.809857;3135.1216119997844;832.8141660002002;7333.461761000217;eev,integrated,separated,ws;lintim;SiouxFalls;SiouxFalls;True;False;1e-05;12000;1;2;20;50;200;-5;50;0.75;2;50;50;10;10;16;2.7866;1160;1160
14050635;161;g_000;2;1;30;line_consecutive;0.5;1161;5;11;8-9,9-10;7;145388.71074002262;145904.02083499997;146993.56403899996;146389.79173099488;515.3100949773507;1089.5432039999869;485.77089599490864;eev,integrated,separated,ws;lintim;SiouxFalls;SiouxFalls;True;False;1e-05;12000;1;2;20;50;200;-5;50;0.75;2;50;50;10;10;16;2.7866;1161;1161
14050635;162;g_000;2;1;30;line_consecutive;0.5;1162;5;12;6-8,8-16;2;159933.519587;162774.753456;163457.43221099995;172825.03533999965;2841.233869000018;682.6787549999426;10050.281883999647;eev,integrated,separated,ws;lintim;SiouxFalls;SiouxFalls;True;False;1e-05;12000;1;2;20;50;200;-5;50;0.75;2;50;50;10;10;16;2.7866;1162;1162
14050635;163;g_000;2;1;30;line_consecutive;0.5;1163;5;13;20-21,21-24;6;146006.76895899998;147157.23086799955;147157.23086799996;147157.2305651158;1150.4619089995683;4.074536263942719e-10;-0.0003028837381862;eev,integrated,separated,ws;lintim;SiouxFalls;SiouxFalls;True;False;1e-05;12000;1;2;20;50;200;-5;50;0.75;2;50;50;10;10;16;2.7866;1163;1163
14050635;164;g_000;2;1;30;line_consecutive;0.5;1164;5;14;8-16,16-17;2,13;158330.67064000003;160556.85174198824;161356.75584999996;171479.79783099965;2226.1811019882152;799.9041080117167;10922.946089011411;eev,integrated,separated,ws;lintim;SiouxFalls;SiouxFalls;True;False;1e-05;12000;1;2;20;50;200;-5;50;0.75;2;50;50;10;10;16;2.7866;1164;1164
14050635;165;g_000;2;1;30;line_consecutive;0.5;1165;5;15;15-22,21-22;13;142876.121305;143902.7208779997;145979.24271399993;145979.242714;1026.599572999694;2076.5218360002327;2076.521836000291;eev,integrated,separated,ws;lintim;SiouxFalls;SiouxFalls;True;False;1e-05;12000;1;2;20;50;200;-5;50;0.75;2;50;50;10;10;16;2.7866;1165;1165
14050635;166;g_000;2;1;30;line_consecutive;0.5;1166;5;16;7-18,18-20;11;137485.766168;138160.002347;138325.19784899993;138325.197849;674.2361789999995;165.19550199992955;165.19550199998775;eev,integrated,separated,ws;lintim;SiouxFalls;SiouxFalls;True;False;1e-05;12000;1;2;20;50;200;-5;50;0.75;2;50;50;10;10;16;2.7866;1166;1166
14050635;167;g_000;2;1;30;line_consecutive;0.5;1167;5;17;5-9,9-10;9;145388.71074002262;145904.02083499997;146993.56403899996;147590.32693299995;515.3100949773507;1089.5432039999869;1686.3060979999718;eev,integrated,separated,ws;lintim;SiouxFalls;SiouxFalls;True;False;1e-05;12000;1;2;20;50;200;-5;50;0.75;2;50;50;10;10;16;2.7866;1167;1167
14050635;168;g_000;2;1;30;line_consecutive;0.5;1168;5;18;1-3,3-12;8,12;164416.17810301948;165705.8960539994;166521.76431799994;172625.45620899997;1289.717950979917;815.8682640005427;6919.560155000567;eev,integrated,separated,ws;lintim;SiouxFalls;SiouxFalls;True;False;1e-05;12000;1;2;20;50;200;-5;50;0.75;2;50;50;10;10;16;2.7866;1168;1168
14050635;169;g_000;2;1;30;line_consecutive;0.5;1169;5;19;5-6,5-9;9;144447.72375399998;145779.901024;146073.23189399997;146452.7598198593;1332.1772700000147;293.33086999997613;672.858795859298;eev,integrated,separated,ws;lintim;SiouxFalls;SiouxFalls;True;False;1e-05;12000;1;2;20;50;200;-5;50;0.75;2;50;50;10;10;16;2.7866;1169;1169
14050635;170;g_000;2;1;30;line_consecutive;0.5;1170;5;20;15-19,17-19;13,14;187191.544964;189315.3639139956;190671.02046;208447.647607;2123.8189499955624;1355.656546004437;19132.2836930044;eev,integrated,separated,ws;lintim;SiouxFalls;SiouxFalls;True;False;1e-05;12000;1;2;20;50;200;-5;50;0.75;2;50;50;10;10;16;2.7866;1170;1170
14050635;171;g_000;2;1;30;line_consecutive;0.5;1171;5;21;3-12,11-12;8;167236.67988500002;167761.291065;167821.19517299996;175961.75846500002;524.611179999978;59.9041079999588;8200.467400000023;eev,integrated,separated,ws;lintim;SiouxFalls;SiouxFalls;True;False;1e-05;12000;1;2;20;50;200;-5;50;0.75;2;50;50;10;10;16;2.7866;1171;1171
14050635;172;g_000;2;1;30;line_consecutive;0.5;1172;5;22;3-12,12-13;12;136644.633844;136644.63384399997;136644.63384399962;136644.63384399965;-2.9103830456733704e-11;-3.4924596548080444e-10;-3.2014213502407074e-10;eev,integrated,separated,ws;lintim;SiouxFalls;SiouxFalls;True;False;1e-05;12000;1;2;20;50;200;-5;50;0.75;2;50;50;10;10;16;2.7866;1172;1172
14050635;173;g_000;2;1;30;line_consecutive;0.5;1173;5;23;7-8,7-18;3,11;137750.58763999998;138325.693002;139245.10858499998;139245.108585;575.1053620000312;919.4155829999654;919.4155829999944;eev,integrated,separated,ws;lintim;SiouxFalls;SiouxFalls;True;False;1e-05;12000;1;2;20;50;200;-5;50;0.75;2;50;50;10;10;16;2.7866;1173;1173
14050635;174;g_000;2;1;30;line_consecutive;0.5;1174;5;24;13-24,21-24;6;146356.153542;147452.805011;148342.52294399988;148342.52264111576;1096.651469000004;889.7179329998908;889.7176301157742;eev,integrated,separated,ws;lintim;SiouxFalls;SiouxFalls;True;False;1e-05;12000;1;2;20;50;200;-5;50;0.75;2;50;50;10;10;16;2.7866;1174;1174
14050635;175;g_000;2;1;30;line_consecutive;0.5;1175;5;25;10-17,17-19;14;182060.749691;183988.74708199635;185592.4332339988;201601.02468099995;1927.9973909963448;1603.686152002425;17612.277599003603;eev,integrated,separated,ws;lintim;SiouxFalls;SiouxFalls;True;False;1e-05;12000;1;2;20;50;200;-5;50;0.75;2;50;50;10;10;16;2.7866;1175;1175
14050635;176;g_000;2;1;30;line_consecutive;0.5;1176;5;26;18-20,20-22;11;136644.633844;136644.633844;136644.63384399982;136644.63384399985;0.0;-1.7462298274040222e-10;-1.4551915228366852e-10;eev,integrated,separated,ws;lintim;SiouxFalls;SiouxFalls;True;False;1e-05;12000;1;2;20;50;200;-5;50;0.75;2;50;50;10;10;16;2.7866;1176;1176
14050635;177;g_000;2;1;30;line_consecutive;0.5;1177;5;27;17-19,19-20;2;179484.777908;181567.7365195;183088.9229815;199776.422398;2082.958611500013;1521.1864620000124;18208.685878499997;eev,integrated,separated,ws;lintim;SiouxFalls;SiouxFalls;True;False;1e-05;12000;1;2;20;50;200;-5;50;0.75;2;50;50;10;10;16;2.7866;1177;1177
14050635;178;g_000;2;1;30;line_consecutive;0.5;1178;5;28;11-12,11-14;8;176900.9949619997;178843.33893399854;179078.09361899993;194895.145375;1942.3439719988385;234.7546850013896;16051.806441001449;eev,integrated,separated,ws;lintim;SiouxFalls;SiouxFalls;True;False;1e-05;12000;1;2;20;50;200;-5;50;0.75;2;50;50;10;10;16;2.7866;1178;1178
14050635;179;g_000;2;1;30;line_consecutive;0.5;1179;5;29;10-15,15-19;9;152471.169438;154184.8044319881;154866.37285999994;159450.25583099996;1713.6349939880893;681.5684280118439;5265.451399011858;eev,integrated,separated,ws;lintim;SiouxFalls;SiouxFalls;True;False;1e-05;12000;1;2;20;50;200;-5;50;0.75;2;50;50;10;10;16;2.7866;1179;1179
14050635;180;g_000;1;1;30;line_consecutive;0.5;1180;6;0;9-10;7,9;147349.013326;149381.88368700002;149441.78779499995;149381.88368696743;2032.8703610000373;59.90410799992969;-3.2596290111541755e-08;eev,integrated,separated,ws;lintim;SiouxFalls;SiouxFalls;True;False;1e-05;12000;1;2;20;50;200;-5;100;0.75;2;50;50;10;10;16;2.7866;1180;1180
14050635;181;g_000;1;1;30;line_consecutive;0.5;1181;6;1;4-5;3;137485.76616799994;138208.55038494623;138406.76994899998;138406.769949;722.784216946282;198.21956405375383;198.21956405378296;eev,integrated,separated,ws;lintim;SiouxFalls;SiouxFalls;True;False;1e-05;12000;1;2;20;50;200;-5;100;0.75;2;50;50;10;10;16;2.7866;1181;1181
14050635;182;g_000;1;1;30;line_consecutive;0.5;1182;6;2;5-9;3,9;147385.85726400002;148878.64679799997;149043.29981799997;151189.10957643186;1492.7895339999525;164.65301999999792;2310.4627784318877;eev,integrated,separated,ws;lintim;SiouxFalls;SiouxFalls;True;False;1e-05;12000;1;2;20;50;200;-5;100;0.75;2;50;50;10;10;16;2.7866;1182;1182
14050635;183;g_000;1;1;30;line_consecutive;0.5;1183;6;3;7-18;3,11;137485.766168;138208.55038499998;138406.76994899998;138406.76994899998;722.7842169999785;198.21956399999908;198.21956399999908;eev,integrated,separated,ws;lintim;SiouxFalls;SiouxFalls;True;False;1e-05;12000;1;2;20;50;200;-5;100;0.75;2;50;50;10;10;16;2.7866;1183;1183
14050635;184;g_000;1;1;30;line_consecutive;0.5;1184;6;4;11-12;1,7,8;156637.929198;160186.8441340006;163196.06489799556;164657.715029;3548.9149360005977;3009.220763994963;4470.870894999418;eev,integrated,separated,ws;lintim;SiouxFalls;SiouxFalls;True;False;1e-05;12000;1;2;20;50;200;-5;100;0.75;2;50;50;10;10;16;2.7866;1184;1184
14050635;185;g_000;1;1;30;line_consecutive;0.5;1185;6;5;7-8;3,7,11;137750.58763999998;138353.866816;139326.6806850055;139326.68068500553;603.2791760000109;972.8138690055056;972.8138690055348;eev,integrated,separated,ws;lintim;SiouxFalls;SiouxFalls;True;False;1e-05;12000;1;2;20;50;200;-5;100;0.75;2;50;50;10;10;16;2.7866;1185;1185
14050635;186;g_000;1;1;30;line_consecutive;0.5;1186;6;6;14-23;4,10;150237.17324799957;151455.874311;151455.874311;166059.55920199963;1218.7010630004224;0.0;14603.684890999632;eev,integrated,separated,ws;lintim;SiouxFalls;SiouxFalls;True;False;1e-05;12000;1;2;20;50;200;-5;100;0.75;2;50;50;10;10;16;2.7866;1186;1186
14050635;187;g_000;1;1;30;line_consecutive;0.5;1187;6;7;1-2;12;136644.63384399988;136644.63384399607;136644.63384399793;136644.63384399796;-3.812601789832115e-09;1.862645149230957e-09;1.8917489796876907e-09;eev,integrated,separated,ws;lintim;SiouxFalls;SiouxFalls;True;False;1e-05;12000;1;2;20;50;200;-5;100;0.75;2;50;50;10;10;16;2.7866;1187;1187
14050635;188;g_000;1;1;30;line_consecutive;0.5;1188;6;8;8-9;3,7;137750.58763999998;138202.34519397575;139326.68068499997;139326.68068500003;451.7575539757672;1124.3354910242197;1124.335491024278;eev,integrated,separated,ws;lintim;SiouxFalls;SiouxFalls;True;False;1e-05;12000;1;2;20;50;200;-5;100;0.75;2;50;50;10;10;16;2.7866;1188;1188
14050635;189;g_000;1;1;30;line_consecutive;0.5;1189;6;9;3-4;3,4;163642.843442;168362.80381299998;170044.92135699996;174789.62052499998;4719.960370999965;1682.1175439999788;6426.816712;eev,integrated,separated,ws;lintim;SiouxFalls;SiouxFalls;True;False;1e-05;12000;1;2;20;50;200;-5;100;0.75;2;50;50;10;10;16;2.7866;1189;1189
14050635;190;g_000;1;1;30;line_consecutive;0.5;1190;6;10;19-20;2;161905.686033;164496.77497499998;164557.61540199997;174721.86307299964;2591.088941999973;60.84042699998827;10225.088097999658;eev,integrated,separated,ws;lintim;SiouxFalls;SiouxFalls;True;False;1e-05;12000;1;2;20;50;200;-5;100;0.75;2;50;50;10;10;16;2.7866;1190;1190
14050635;191;g_000;1;1;30;line_consecutive;0.5;1191;6;11;21-24;6;140669.481224;141107.48122400002;141107.48122399996;141107.48092111584;438.0000000000291;-5.820766091346741e-11;-0.0003028841747436;eev,integrated,separated,ws;lintim;SiouxFalls;SiouxFalls;True;False;1e-05;12000;1;2;20;50;200;-5;100;0.75;2;50;50;10;10;16;2.7866;1191;1191
14050635;192;g_000;1;1;30;line_consecutive;0.5;1192;6;12;15-22;5,13;143089.01306499977;144330.445818;145484.763308;145484.76330800002;1241.4327530002338;1154.3174899999867;1154.3174900000158;eev,integrated,separated,ws;lintim;SiouxFalls;SiouxFalls;True;False;1e-05;12000;1;2;20;50;200;-5;100;0.75;2;50;50;10;10;16;2.7866;1192;1192
14050635;193;g_000;1;1;30;line_consecutive;0.5;1193;6;13;1-3;4,8,12;173330.68365900003;173582.54212799997;174197.39305199997;184969.2752118572;251.85846899994067;614.8509239999985;11386.733083857223;eev,integrated,separated,ws;lintim;SiouxFalls;SiouxFalls;True;False;1e-05;12000;1;2;20;50;200;-5;100;0.75;2;50;50;10;10;16;2.7866;1193;1193
14050635;194;g_000;1;1;30;line_consecutive;0.5;1194;6;14;20-22;11;136644.633844;136644.633844;136644.6338439996;136644.63384399962;0.0;-4.074536263942719e-10;-3.7834979593753815e-10;eev,integrated,separated,ws;lintim;SiouxFalls;SiouxFalls;True;False;1e-05;12000;1;2;20;50;200;-5;100;0.75;2;50;50;10;10;16;2.7866;1194;1194
14050635;195;g_000;1;1;30;line_consecutive;0.5;1195;6;15;15-19;9,13,14;147488.717493;149471.23909999998;149471.23909999995;149471.2391;1982.5216069999733;-2.9103830456733704e-11;2.9103830456733704e-11;eev,integrated,separated,ws;lintim;SiouxFalls;SiouxFalls;True;False;1e-05;12000;1;2;20;50;200;-5;100;0.75;2;50;50;10;10;16;2.7866;1195;1195
14050635;196;g_000;1;1;30;line_consecutive;0.5;1196;6;16;13-24;6;146149.00461399998;147423.68582899994;148465.42403399997;148465.42373111582;1274.6812149999605;1041.7382050000306;1041.737902115885;eev,integrated,separated,ws;lintim;SiouxFalls;SiouxFalls;True;False;1e-05;12000;1;2;20;50;200;-5;100;0.75;2;50;50;10;10;16;2.7866;1196;1196
14050635;197;g_000;1;1;30;line_consecutive;0.5;1197;6;17;18-20;11;136644.6338439992;136644.633844;136644.63384400046;136644.6338440005;7.858034223318101e-10;4.656612873077393e-10;4.94765117764473e-10;eev,integrated,separated,ws;lintim;SiouxFalls;SiouxFalls;True;False;1e-05;12000;1;2;20;50;200;-5;100;0.75;2;50;50;10;10;16;2.7866;1197;1197
14050635;198;g_000;1;1;30;line_consecutive;0.5;1198;6;18;21-22;13;136644.633844;136644.63384463842;136644.63384399997;136644.63384400005;6.384216248989105e-07;-6.384507287293673e-07;-6.383634172379971e-07;eev,integrated,separated,ws;lintim;SiouxFalls;SiouxFalls;True;False;1e-05;12000;1;2;20;50;200;-5;100;0.75;2;50;50;10;10;16;2.7866;1198;1198
14050635;199;g_000;1;1;30;line_consecutive;0.5;1199;6;19;11-14;4,8,10;166550.558383;168817.74509;169214.36442099995;178401.52883399997;2267.1867070000158;396.6193309999362;9583.783743999957;eev,integrated,separated,ws;lintim;SiouxFalls;SiouxFalls;True;False;1e-05;12000;1;2;20;50;200;-5;100;0.75;2;50;50;10;10;16;2.7866;1199;1199
14050635;200;g_000;1;1;30;line_consecutive;0.5;1200;6;20;4-11;4;153763.859843;156999.09611100002;159279.54692799997;162892.30379299982;3235.236268000008;2280.4508169999463;5893.207681999804;eev,integrated,separated,ws;lintim;SiouxFalls;SiouxFalls;True;False;1e-05;12000;1;2;20;50;200;-5;100;0.75;2;50;50;10;10;16;2.7866;1200;1200
14050635;201;g_000;1;1;30;line_consecutive;0.5;1201;6;21;10-15;5,9;156042.517566;158380.412268;158802.26319199998;163518.109206;2337.8947019999905;421.8509239999985;5137.696938000008;eev,integrated,separated,ws;lintim;SiouxFalls;SiouxFalls;True;False;1e-05;12000;1;2;20;50;200;-5;100;0.75;2;50;50;10;10;16;2.7866;1201;1201
14050635;202;g_000;1;1;30;line_consecutive;0.5;1202;6;22;16-18;1;146902.59442799998;149976.69432999688;154157.63063999996;150815.19922490587;3074.099901996902;4180.936310003075;838.5048949089833;eev,integrated,separated,ws;lintim;SiouxFalls;SiouxFalls;True;False;1e-05;12000;1;2;20;50;200;-5;100;0.75;2;50;50;10;10;16;2.7866;1202;1202
14050635;203;g_000;1;1;30;line_consecutive;0.5;1203;6;23;10-17;14;136644.633844;136644.63384399298;136644.63384399997;136644.633844;-7.0140231400728226e-09;6.984919309616089e-09;7.0140231400728226e-09;eev,integrated,separated,ws;lintim;SiouxFalls;SiouxFalls;True;False;1e-05;12000;1;2;20;50;200;-5;100;0.75;2;50;50;10;10;16;2.7866;1203;1203
14050635;204;g_000;1;1;30;line_consecutive;0.5;1204;6;24;14-15;14;136644.633844;136644.633844;136644.63384399997;136644.633844;0.0;-2.9103830456733704e-11;0.0;eev,integrated,separated,ws;lintim;SiouxFalls;SiouxFalls;True;False;1e-05;12000;1;2;20;50;200;-5;100;0.75;2;50;50;10;10;16;2.7866;1204;1204
14050635;205;g_000;1;1;30;line_consecutive;0.5;1205;6;25;23-24;4;149382.52419399715;150572.9604239951;152567.44468999995;159108.00496299984;1190.4362299979548;1994.4842660048453;8535.044539004739;eev,integrated,separated,ws;lintim;SiouxFalls;SiouxFalls;True;False;1e-05;12000;1;2;20;50;200;-5;100;0.75;2;50;50;10;10;16;2.7866;1205;1205
14050635;206;g_000;1;1;30;line_consecutive;0.5;1206;6;26;12-13;12;136644.633844;136644.633844;136644.63384399997;136644.633844;0.0;-2.9103830456733704e-11;0.0;eev,integrated,separated,ws;lintim;SiouxFalls;SiouxFalls;True;False;1e-05;12000;1;2;20;50;200;-5;100;0.75;2;50;50;10;10;16;2.7866;1206;1206
14050635;207;g_000;1;1;30;line_consecutive;0.5;1207;6;27;17-19;2,13,14;183459.230381;186558.361724;187041.465832;216211.728406;3099.1313429999864;483.10410799999954;29653.36668200002;eev,integrated,separated,ws;lintim;SiouxFalls;SiouxFalls;True;False;1e-05;12000;1;2;20;50;200;-5;100;0.75;2;50;50;10;10;16;2.7866;1207;1207
14050635;208;g_000;1;1;30;line_consecutive;0.5;1208;6;28;20-21;6;140324.94855599818;140445.07330700004;140445.07330699998;140445.07300411584;120.1247510018584;-5.820766091346741e-11;-0.0003028842038474;eev,integrated,separated,ws;lintim;SiouxFalls;SiouxFalls;True;False;1e-05;12000;1;2;20;50;200;-5;100;0.75;2;50;50;10;10;16;2.7866;1208;1208
14050635;209;g_000;1;1;30;line_consecutive;0.5;1209;6;29;2-6;2;169661.732748;173252.484083;174037.37722199998;181969.7206499996;3590.751334999979;784.8931389999925;8717.236566999607;eev,integrated,separated,ws;lintim;SiouxFalls;SiouxFalls;True;False;1e-05;12000;1;2;20;50;200;-5;100;0.75;2;50;50;10;10;16;2.7866;1209;1209
14050635;210;g_000;2;1;30;line_consecutive;0.5;1210;7;0;13-24,21-24;6;146875.2546139966;148149.935829;149290.87037999995;149290.87007711583;1274.6812150033948;1140.9345509999548;1140.9342481158385;eev,integrated,separated,ws;lintim;SiouxFalls;SiouxFalls;True;False;1e-05;12000;1;2;20;50;200;-5;100;0.75;2;50;50;10;10;16;2.7866;1210;1210
14050635;211;g_000;2;1;30;line_consecutive;0.5;1211;7;1;8-16,10-16;10;161582.585256;163026.29547099982;166024.99003799993;182778.616879;1443.7102149998243;2998.694567000115;19752.321408000196;eev,integrated,separated,ws;lintim;SiouxFalls;SiouxFalls;True;False;1e-05;12000;1;2;20;50;200;-5;100;0.75;2;50;50;10;10;16;2.7866;1211;1211
14050635;212;g_000;2;1;30;line_consecutive;0.5;1212;7;2;10-11,11-12;1,7;169435.91190200002;172602.01787399835;173224.46712499997;180225.5405269977;3166.105971998332;622.4492510016134;7623.522652999352;eev,integrated,separated,ws;lintim;SiouxFalls;SiouxFalls;True;False;1e-05;12000;1;2;20;50;200;-5;100;0.75;2;50;50;10;10;16;2.7866;1212;1212
14050635;213;g_000;2;1;30;line_consecutive;0.5;1213;7;3;10-15,15-19;9;158490.015226;160342.7195669999;161174.22281199996;166200.50035999998;1852.704340999917;831.5032450000581;5857.780793000071;eev,integrated,separated,ws;lintim;SiouxFalls;SiouxFalls;True;False;1e-05;12000;1;2;20;50;200;-5;100;0.75;2;50;50;10;10;16;2.7866;1213;1213
14050635;214;g_000;2;1;30;line_consecutive;0.5;1214;7;4;3-4,4-5;3;175039.581103;179617.334489;181075.888126;185158.86914;4577.753385999997;1458.5536370000043;5541.5346509999945;eev,integrated,separated,ws;lintim;SiouxFalls;SiouxFalls;True;False;1e-05;12000;1;2;20;50;200;-5;100;0.75;2;50;50;10;10;16;2.7866;1214;1214
14050635;215;g_000;2;1;30;line_consecutive;0.5;1215;7;5;14-15,15-19;14;147488.717493;149471.2391;149471.23909999998;149471.23910000004;1982.5216070000024;-2.9103830456733704e-11;2.9103830456733704e-11;eev,integrated,separated,ws;lintim;SiouxFalls;SiouxFalls;True;False;1e-05;12000;1;2;20;50;200;-5;100;0.75;2;50;50;10;10;16;2.7866;1215;1215
14050635;216;g_000;2;1;30;line_consecutive;0.5;1216;7;6;8-9,9-10;7;150424.216548;151874.42987399996;152322.16890199995;152032.18988200178;1450.2133259999682;447.7390279999818;157.76000800181646;eev,integrated,separated,ws;lintim;SiouxFalls;SiouxFalls;True;False;1e-05;12000;1;2;20;50;200;-5;100;0.75;2;50;50;10;10;16;2.7866;1216;1216
14050635;217;g_000;2;1;30;line_consecutive;0.5;1217;7;7;4-11,11-14;4;167685.30734299996;169551.54237100002;169551.542371;179537.93214199995;1866.2350280000535;-2.9103830456733704e-11;9986.38977099993;eev,integrated,separated,ws;lintim;SiouxFalls;SiouxFalls;True;False;1e-05;12000;1;2;20;50;200;-5;100;0.75;2;50;50;10;10;16;2.7866;1217;1217
14050635;218;g_000;2;1;30;line_consecutive;0.5;1218;7;8;14-23,23-24;4;183403.825486;188520.98864400003;188948.18036;195245.7784459996;5117.163158000039;427.19171599994297;6724.789801999577;eev,integrated,separated,ws;lintim;SiouxFalls;SiouxFalls;True;False;1e-05;12000;1;2;20;50;200;-5;100;0.75;2;50;50;10;10;16;2.7866;1218;1218
14050635;219;g_000;2;1;30;line_consecutive;0.5;1219;7;9;10-15,15-22;5;157321.13624100015;160230.3850909995;160230.38509099995;164946.231105;2909.2488499993638;4.3655745685100555e-10;4715.8460140005045;eev,integrated,separated,ws;lintim;SiouxFalls;SiouxFalls;True;False;1e-05;12000;1;2;20;50;200;-5;100;0.75;2;50;50;10;10;16;2.7866;1219;1219
14050635;220;g_000;2;1;30;line_consecutive;0.5;1220;7;10;3-12,11-12;8;172514.782319;173076.02536186957;173076.02540499996;182208.80218500004;561.2430428695807;4.3130392441526055e-05;9132.776823130464;eev,integrated,separated,ws;lintim;SiouxFalls;SiouxFalls;True;False;1e-05;12000;1;2;20;50;200;-5;100;0.75;2;50;50;10;10;16;2.7866;1220;1220
14050635;221;g_000;2;1;30;line_consecutive;0.5;1221;7;11;3-4,4-11;4;175039.581103;179617.334489;181075.888126;185158.86914;4577.753385999997;1458.5536370000043;5541.5346509999945;eev,integrated,separated,ws;lintim;SiouxFalls;SiouxFalls;True;False;1e-05;12000;1;2;20;50;200;-5;100;0.75;2;50;50;10;10;16;2.7866;1221;1221
14050635;222;g_000;2;1;30;line_consecutive;0.5;1222;7;12;15-22,22-23;5;143883.024577;145720.1169779989;146659.525278;146659.52527800002;1837.092400998896;939.4083000010868;939.408300001116;eev,integrated,separated,ws;lintim;SiouxFalls;SiouxFalls;True;False;1e-05;12000;1;2;20;50;200;-5;100;0.75;2;50;50;10;10;16;2.7866;1222;1222
14050635;223;g_000;2;1;30;line_consecutive;0.5;1223;7;13;6-8,8-16;2;165778.22804299998;168668.5003939997;169290.54671099997;181980.945595;2890.2723509997304;622.0463170002622;13312.445201000286;eev,integrated,separated,ws;lintim;SiouxFalls;SiouxFalls;True;False;1e-05;12000;1;2;20;50;200;-5;100;0.75;2;50;50;10;10;16;2.7866;1223;1223
14050635;224;g_000;2;1;30;line_consecutive;0.5;1224;7;14;8-16,16-17;2,13;161981.712748;164970.4821080202;166107.101439;176563.57290600002;2988.769360020204;1136.6193309797964;11593.09079797982;eev,integrated,separated,ws;lintim;SiouxFalls;SiouxFalls;True;False;1e-05;12000;1;2;20;50;200;-5;100;0.75;2;50;50;10;10;16;2.7866;1224;1224
14050635;225;g_000;2;1;30;line_consecutive;0.5;1225;7;15;9-10,10-11;7;166355.84418800002;168754.53331488487;170731.87311;178644.300615;2398.689126884856;1977.3397951151128;9889.767300115112;eev,integrated,separated,ws;lintim;SiouxFalls;SiouxFalls;True;False;1e-05;12000;1;2;20;50;200;-5;100;0.75;2;50;50;10;10;16;2.7866;1225;1225
14050635;226;g_000;2;1;30;line_consecutive;0.5;1226;7;16;10-17,17-19;14;205812.5426870418;209094.185806;210934.257908;235355.577328;3281.6431189581926;1840.072102000005;26261.39152200002;eev,integrated,separated,ws;lintim;SiouxFalls;SiouxFalls;True;False;1e-05;12000;1;2;20;50;200;-5;100;0.75;2;50;50;10;10;16;2.7866;1226;1226
14050635;227;g_000;2;1;30;line_consecutive;0.5;1227;7;17;1-3,3-12;8,12;173330.68365899997;173582.542128;174197.39305199997;184969.2752118572;251.858469000028;614.8509239999694;11386.733083857194;eev,integrated,separated,ws;lintim;SiouxFalls;SiouxFalls;True;False;1e-05;12000;1;2;20;50;200;-5;100;0.75;2;50;50;10;10;16;2.7866;1227;1227
14050635;228;g_000;2;1;30;line_consecutive;0.5;1228;7;18;5-9,8-9;3;150424.216548;151874.42987399996;152322.16890199995;153837.78557099527;1450.2133259999682;447.7390279999818;1963.355696995306;eev,integrated,separated,ws;lintim;SiouxFalls;SiouxFalls;True;False;1e-05;12000;1;2;20;50;200;-5;100;0.75;2;50;50;10;10;16;2.7866;1228;1228
14050635;229;g_000;2;1;30;line_consecutive;0.5;1229;7;19;18-20,20-22;11;136644.633844;136644.63381919736;136644.63384399997;136644.633844;-2.4802633561193943e-05;2.480260445736349e-05;2.4802633561193943e-05;eev,integrated,separated,ws;lintim;SiouxFalls;SiouxFalls;True;False;1e-05;12000;1;2;20;50;200;-5;100;0.75;2;50;50;10;10;16;2.7866;1229;1229
14050635;230;g_000;2;1;30;line_consecutive;0.5;1230;7;20;4-5,5-9;3;148824.819142;150821.85084;150987.04634199996;151901.06699143187;1997.031698000006;165.19550199995865;1079.2161514318725;eev,integrated,separated,ws;lintim;SiouxFalls;SiouxFalls;True;False;1e-05;12000;1;2;20;50;200;-5;100;0.75;2;50;50;10;10;16;2.7866;1230;1230
14050635;231;g_000;2;1;30;line_consecutive;0.5;1231;7;21;15-19,15-22;13;157389.838676;160116.77468999632;160398.5974469983;160398.59744699835;2726.93601399631;281.82275700196624;281.82275700202445;eev,integrated,separated,ws;lintim;SiouxFalls;SiouxFalls;True;False;1e-05;12000;1;2;20;50;200;-5;100;0.75;2;50;50;10;10;16;2.7866;1231;1231
14050635;232;g_000;2;1;30;line_consecutive;0.5;1232;7;22;2-6,6-8;2;179402.03693;182728.1066219999;184802.957546;191979.4396499996;3326.0696919999027;2074.850924000086;9251.333027999704;eev,integrated,separated,ws;lintim;SiouxFalls;SiouxFalls;True;False;1e-05;12000;1;2;20;50;200;-5;100;0.75;2;50;50;10;10;16;2.7866;1232;1232
14050635;233;g_000;2;1;30;line_consecutive;0.5;1233;7;23;16-17,17-19;2,13;205812.5426870418;209094.185806;210934.257908;235355.577328;3281.6431189581926;1840.072102000005;26261.39152200002;eev,integrated,separated,ws;lintim;SiouxFalls;SiouxFalls;True;False;1e-05;12000;1;2;20;50;200;-5;100;0.75;2;50;50;10;10;16;2.7866;1233;1233
14050635;234;g_000;2;1;30;line_consecutive;0.5;1234;7;24;15-19,17-19;13,14;204659.157613;207502.506712;209191.93811999995;237873.6277259999;2843.3490990000137;1689.4314079999458;30371.121013999888;eev,integrated,separated,ws;lintim;SiouxFalls;SiouxFalls;True;False;1e-05;12000;1;2;20;50;200;-5;100;0.75;2;50;50;10;10;16;2.7866;1234;1234
14050635;235;g_000;2;1;30;line_consecutive;0.5;1235;7;25;5-6,5-9;9;148824.819142;150821.85084;150987.04634199996;151901.06699143187;1997.031698000006;165.19550199995865;1079.2161514318725;eev,integrated,separated,ws;lintim;SiouxFalls;SiouxFalls;True;False;1e-05;12000;1;2;20;50;200;-5;100;0.75;2;50;50;10;10;16;2.7866;1235;1235
14050635;236;g_000;2;1;30;line_consecutive;0.5;1236;7;26;9-10,10-15;9;157516.2171270603;159785.27637299997;160268.38048099278;164984.226495;2269.0592459396576;483.1041079928109;5198.950122000038;eev,integrated,separated,ws;lintim;SiouxFalls;SiouxFalls;True;False;1e-05;12000;1;2;20;50;200;-5;100;0.75;2;50;50;10;10;16;2.7866;1236;1236
14050635;237;g_000;2;1;30;line_consecutive;0.5;1237;7;27;11-14,14-23;4,10;195318.69892;200203.657762;201934.881466;207414.53535699984;4884.958841999993;1731.2237040000036;7210.877594999853;eev,integrated,separated,ws;lintim;SiouxFalls;SiouxFalls;True;False;1e-05;12000;1;2;20;50;200;-5;100;0.75;2;50;50;10;10;16;2.7866;1237;1237
14050635;238;g_000;2;1;30;line_consecutive;0.5;1238;7;28;7-18,18-20;11;137485.766168;138208.55038542877;138406.76994899998;138406.76994899998;722.7842174287653;198.21956357121235;198.21956357121235;eev,integrated,separated,ws;lintim;SiouxFalls;SiouxFalls;True;False;1e-05;12000;1;2;20;50;200;-5;100;0.75;2;50;50;10;10;16;2.7866;1238;1238
14050635;239;g_000;2;1;30;line_consecutive;0.5;1239;7;29;7-8,7-18;3,11;137750.58763999998;138353.866816;139326.68068499997;139326.68068500003;603.2791760000109;972.813868999976;972.8138690000342;eev,integrated,separated,ws;lintim;SiouxFalls;SiouxFalls;True;False;1e-05;12000;1;2;20;50;200;-5;100;0.75;2;50;50;10;10;16;2.7866;1239;1239
14050635;240;g_000;1;1;30;line_consecutive;0.5;1240;8;0;22-23;5;142372.61683499982;142918.4807629833;143908.57888299992;143908.57888299995;545.8639279834752;990.098120016628;990.098120016657;eev,integrated,separated,ws;lintim;SiouxFalls;SiouxFalls;True;False;1e-05;12000;1;2;20;50;200;-5;200;0.75;2;50;50;10;10;16;2.7866;1240;1240
14050635;241;g_000;1;1;30;line_consecutive;0.5;1241;8;1;4-5;3;137485.766168;138208.55038499998;138569.9141489999;138569.91414899996;722.7842169999785;361.3637639999215;361.3637639999797;eev,integrated,separated,ws;lintim;SiouxFalls;SiouxFalls;True;False;1e-05;12000;1;2;20;50;200;-5;200;0.75;2;50;50;10;10;16;2.7866;1241;1241
14050635;242;g_000;1;1;30;line_consecutive;0.5;1242;8;2;14-23;4,10;150237.63356799897;151456.33463099998;151456.33463099995;166582.431002;1218.7010630010045;-2.9103830456733704e-11;15126.09637100002;eev,integrated,separated,ws;lintim;SiouxFalls;SiouxFalls;True;False;1e-05;12000;1;2;20;50;200;-5;200;0.75;2;50;50;10;10;16;2.7866;1242;1242
14050635;243;g_000;1;1;30;line_consecutive;0.5;1243;8;3;4-11;4;153936.72547899402;157175.25983100003;159363.55032899993;162893.68475299957;3238.5343520060123;2188.2904979999003;5718.42492199954;eev,integrated,separated,ws;lintim;SiouxFalls;SiouxFalls;True;False;1e-05;12000;1;2;20;50;200;-5;200;0.75;2;50;50;10;10;16;2.7866;1243;1243
14050635;244;g_000;1;1;30;line_consecutive;0.5;1244;8;4;10-11;1,7,10;158094.193626;161072.35132698592;163317.3311669999;168797.23013299948;2978.157700985932;2244.9798400139844;7724.878806013556;eev,integrated,separated,ws;lintim;SiouxFalls;SiouxFalls;True;False;1e-05;12000;1;2;20;50;200;-5;200;0.75;2;50;50;10;10;16;2.7866;1244;1244
14050635;245;g_000;1;1;30;line_consecutive;0.5;1245;8;5;7-8;3,7,11;137750.58763999998;138353.866816;139489.82488499992;139489.82488499995;603.2791760000109;1135.9580689999275;1135.9580689999566;eev,integrated,separated,ws;lintim;SiouxFalls;SiouxFalls;True;False;1e-05;12000;1;2;20;50;200;-5;200;0.75;2;50;50;10;10;16;2.7866;1245;1245
14050635;246;g_000;1;1;30;line_consecutive;0.5;1246;8;6;7-18;3,11;137485.76616800233;138208.5503849341;138569.91414899993;138569.91414899996;722.7842169317591;361.3637640658417;361.3637640658708;eev,integrated,separated,ws;lintim;SiouxFalls;SiouxFalls;True;False;1e-05;12000;1;2;20;50;200;-5;200;0.75;2;50;50;10;10;16;2.7866;1246;1246
14050635;247;g_000;1;1;30;line_consecutive;0.5;1247;8;7;3-4;3,4;166164.130236;171610.699614;173461.5742749999;175979.26257199998;5446.569378000015;1850.8746609998925;4368.562957999966;eev,integrated,separated,ws;lintim;SiouxFalls;SiouxFalls;True;False;1e-05;12000;1;2;20;50;200;-5;200;0.75;2;50;50;10;10;16;2.7866;1247;1247
14050635;248;g_000;1;1;30;line_consecutive;0.5;1248;8;8;5-9;3,9;148111.774683;149775.13241000002;149775.13240999993;152649.1530543165;1663.3577270000242;-8.731149137020111e-11;2874.020644316479;eev,integrated,separated,ws;lintim;SiouxFalls;SiouxFalls;True;False;1e-05;12000;1;2;20;50;200;-5;200;0.75;2;50;50;10;10;16;2.7866;1248;1248
14050635;249;g_000;1;1;30;line_consecutive;0.5;1249;8;9;21-22;13;136644.633844;136644.6338437389;136644.63384399458;136644.6338439946;-2.610904630273581e-07;2.556771505624056e-07;2.557062543928623e-07;eev,integrated,separated,ws;lintim;SiouxFalls;SiouxFalls;True;False;1e-05;12000;1;2;20;50;200;-5;200;0.75;2;50;50;10;10;16;2.7866;1249;1249
14050635;250;g_000;1;1;30;line_consecutive;0.5;1250;8;10;1-2;12;136644.633844;136644.633844;136644.6338439968;136644.63384399682;0.0;-3.2014213502407074e-09;-3.1723175197839733e-09;eev,integrated,separated,ws;lintim;SiouxFalls;SiouxFalls;True;False;1e-05;12000;1;2;20;50;200;-5;200;0.75;2;50;50;10;10;16;2.7866;1250;1250
14050635;251;g_000;1;1;30;line_consecutive;0.5;1251;8;11;5-6;9;148781.43414000003;153405.63543699996;154660.65793599997;154660.65793599997;4624.201296999934;1255.022499000013;1255.022499000013;eev,integrated,separated,ws;lintim;SiouxFalls;SiouxFalls;True;False;1e-05;12000;1;2;20;50;200;-5;200;0.75;2;50;50;10;10;16;2.7866;1251;1251
14050635;252;g_000;1;1;30;line_consecutive;0.5;1252;8;12;20-21;6;140324.88462799936;140445.07330700007;140445.07330699993;140445.07300411578;120.188679000712;-1.4551915228366852e-10;-0.0003028842911589;eev,integrated,separated,ws;lintim;SiouxFalls;SiouxFalls;True;False;1e-05;12000;1;2;20;50;200;-5;200;0.75;2;50;50;10;10;16;2.7866;1252;1252
14050635;253;g_000;1;1;30;line_consecutive;0.5;1253;8;13;18-20;11;136644.6338439987;136644.633844;136644.63384399994;136644.63384399994;1.3096723705530167e-09;-5.820766091346741e-11;-5.820766091346741e-11;eev,integrated,separated,ws;lintim;SiouxFalls;SiouxFalls;True;False;1e-05;12000;1;2;20;50;200;-5;200;0.75;2;50;50;10;10;16;2.7866;1253;1253
14050635;254;g_000;1;1;30;line_consecutive;0.5;1254;8;14;12-13;12;136644.633844;136644.6338439937;136644.63384400043;136644.63384400046;-6.286427378654481e-09;6.722984835505485e-09;6.752088665962219e-09;eev,integrated,separated,ws;lintim;SiouxFalls;SiouxFalls;True;False;1e-05;12000;1;2;20;50;200;-5;200;0.75;2;50;50;10;10;16;2.7866;1254;1254
14050635;255;g_000;1;1;30;line_consecutive;0.5;1255;8;15;2-6;2;179276.860213;184031.766021;186024.810768;191600.9351969996;4754.905807999981;1993.044746999978;7569.169175999617;eev,integrated,separated,ws;lintim;SiouxFalls;SiouxFalls;True;False;1e-05;12000;1;2;20;50;200;-5;200;0.75;2;50;50;10;10;16;2.7866;1255;1255
14050635;256;g_000;1;1;30;line_consecutive;0.5;1256;8;16;20-22;11;136644.633844;136644.633844;136644.6338439999;136644.63384399994;0.0;-8.731149137020111e-11;-5.820766091346741e-11;eev,integrated,separated,ws;lintim;SiouxFalls;SiouxFalls;True;False;1e-05;12000;1;2;20;50;200;-5;200;0.75;2;50;50;10;10;16;2.7866;1256;1256
14050635;257;g_000;1;1;30;line_consecutive;0.5;1257;8;17;3-12;8,12;136644.633844;136644.633844;136644.6338439982;136644.63384399825;0.0;-1.8044374883174894e-09;-1.746229827404022e-09;eev,integrated,separated,ws;lintim;SiouxFalls;SiouxFalls;True;False;1e-05;12000;1;2;20;50;200;-5;200;0.75;2;50;50;10;10;16;2.7866;1257;1257
14050635;258;g_000;1;1;30;line_consecutive;0.5;1258;8;18;10-15;5,9;160218.24971499998;164154.00708600003;165226.9266499999;169943.69330399777;3935.7573710000433;1072.9195639998652;5789.686217997747;eev,integrated,separated,ws;lintim;SiouxFalls;SiouxFalls;True;False;1e-05;12000;1;2;20;50;200;-5;200;0.75;2;50;50;10;10;16;2.7866;1258;1258
14050635;259;g_000;1;1;30;line_consecutive;0.5;1259;8;19;11-14;4,8,10;166551.018703;168819.58636978106;169214.82474099993;179629.43430099997;2268.567666781048;395.2383712188748;10809.847931218916;eev,integrated,separated,ws;lintim;SiouxFalls;SiouxFalls;True;False;1e-05;12000;1;2;20;50;200;-5;200;0.75;2;50;50;10;10;16;2.7866;1259;1259
14050635;260;g_000;1;1;30;line_consecutive;0.5;1260;8;20;15-19;9,13,14;149998.82042;154224.58741099996;154660.65793599992;154660.65793599997;4225.766990999953;436.0705249999592;436.07052500001737;eev,integrated,separated,ws;lintim;SiouxFalls;SiouxFalls;True;False;1e-05;12000;1;2;20;50;200;-5;200;0.75;2;50;50;10;10;16;2.7866;1260;1260
14050635;261;g_000;1;1;30;line_consecutive;0.5;1261;8;21;8-16;2,10,13;159885.105492;162527.993291;165405.00170199992;177674.837005;2642.887798999989;2877.0084109999298;15146.843714000015;eev,integrated,separated,ws;lintim;SiouxFalls;SiouxFalls;True;False;1e-05;12000;1;2;20;50;200;-5;200;0.75;2;50;50;10;10;16;2.7866;1261;1261
14050635;262;g_000;1;1;30;line_consecutive;0.5;1262;8;22;11-12;1,7,8;156637.929198;160188.22509400002;163298.99104499992;164659.09598889883;3550.295896000025;3110.765950999892;4470.870894898806;eev,integrated,separated,ws;lintim;SiouxFalls;SiouxFalls;True;False;1e-05;12000;1;2;20;50;200;-5;200;0.75;2;50;50;10;10;16;2.7866;1262;1262
14050635;263;g_000;1;1;30;line_consecutive;0.5;1263;8;23;19-20;2;165079.627949;169557.103319;170331.22870099993;179836.90175199963;4477.47537;774.1253819999401;10279.79843299964;eev,integrated,separated,ws;lintim;SiouxFalls;SiouxFalls;True;False;1e-05;12000;1;2;20;50;200;-5;200;0.75;2;50;50;10;10;16;2.7866;1263;1263
14050635;264;g_000;1;1;30;line_consecutive;0.5;1264;8;24;17-19;2,13,14;198064.9257409998;200972.126376;201579.370302;238595.485304;2907.2006350001902;607.2439259999665;37623.358928;eev,integrated,separated,ws;lintim;SiouxFalls;SiouxFalls;True;False;1e-05;12000;1;2;20;50;200;-5;200;0.75;2;50;50;10;10;16;2.7866;1264;1264
14050635;265;g_000;1;1;30;line_consecutive;0.5;1265;8;25;1-3;4,8,12;188563.48775900004;188814.88590131467;189429.736832;206514.8096318589;251.3981423146324;614.850930685323;17699.923730544222;eev,integrated,separated,ws;lintim;SiouxFalls;SiouxFalls;True;False;1e-05;12000;1;2;20;50;200;-5;200;0.75;2;50;50;10;10;16;2.7866;1265;1265
14050635;266;g_000;1;1;30;line_consecutive;0.5;1266;8;26;10-16;1,10;148669.202308;151046.994393;153225.77181289523;153008.01459598832;2377.7920849999937;2178.7774198952247;1961.020202988322;eev,integrated,separated,ws;lintim;SiouxFalls;SiouxFalls;True;False;1e-05;12000;1;2;20;50;200;-5;200;0.75;2;50;50;10;10;16;2.7866;1266;1266
14050635;267;g_000;1;1;30;line_consecutive;0.5;1267;8;27;16-18;1;147096.819708;150170.91960999998;154764.44146599996;151530.33833530114;3074.099901999987;4593.521855999978;1359.4187253011623;eev,integrated,separated,ws;lintim;SiouxFalls;SiouxFalls;True;False;1e-05;12000;1;2;20;50;200;-5;200;0.75;2;50;50;10;10;16;2.7866;1267;1267
14050635;268;g_000;1;1;30;line_consecutive;0.5;1268;8;28;9-10;7,9;147875.23913499998;150526.47589;151147.54418099992;151087.64007296722;2651.23675500002;621.0682909999159;561.1641829672153;eev,integrated,separated,ws;lintim;SiouxFalls;SiouxFalls;True;False;1e-05;12000;1;2;20;50;200;-5;200;0.75;2;50;50;10;10;16;2.7866;1268;1268
14050635;269;g_000;1;1;30;line_consecutive;0.5;1269;8;29;15-22;5,13;143089.013065;144479.64633599282;145484.76330799994;145484.76330799994;1390.63327099281;1005.1169720071192;1005.1169720071192;eev,integrated,separated,ws;lintim;SiouxFalls;SiouxFalls;True;False;1e-05;12000;1;2;20;50;200;-5;200;0.75;2;50;50;10;10;16;2.7866;1269;1269
14050635;270;g_000;2;1;30;line_consecutive;0.5;1270;9;0;13-24,21-24;6;146875.254614;148297.9539978211;149314.68229399994;149314.6819911158;1422.6993838211056;1016.7282961788296;1016.727993294684;eev,integrated,separated,ws;lintim;SiouxFalls;SiouxFalls;True;False;1e-05;12000;1;2;20;50;200;-5;200;0.75;2;50;50;10;10;16;2.7866;1270;1270
14050635;271;g_000;2;1;30;line_consecutive;0.5;1271;9;1;6-8,8-16;2;173350.58649000002;177920.29609599974;179651.03882199991;189443.186155;4569.709605999728;1730.7427260001714;11522.89005900026;eev,integrated,separated,ws;lintim;SiouxFalls;SiouxFalls;True;False;1e-05;12000;1;2;20;50;200;-5;200;0.75;2;50;50;10;10;16;2.7866;1271;1271
14050635;272;g_000;2;1;30;line_consecutive;0.5;1272;9;2;5-9,8-9;3;154291.145517;155903.66998;155963.57408799994;158837.59474199562;1612.5244630000088;59.90410799992969;2933.924761995615;eev,integrated,separated,ws;lintim;SiouxFalls;SiouxFalls;True;False;1e-05;12000;1;2;20;50;200;-5;200;0.75;2;50;50;10;10;16;2.7866;1272;1272
14050635;273;g_000;2;1;30;line_consecutive;0.5;1273;9;3;9-10,10-11;7;167459.2366845946;169444.09899500012;172178.31740950025;178646.14189500455;1984.8623104055296;2734.218414500123;9202.042900004424;eev,integrated,separated,ws;lintim;SiouxFalls;SiouxFalls;True;False;1e-05;12000;1;2;20;50;200;-5;200;0.75;2;50;50;10;10;16;2.7866;1273;1273
14050635;274;g_000;2;1;30;line_consecutive;0.5;1274;9;4;11-12,11-14;8;183928.04639;184241.18978798008;185617.290712;206811.09120299752;313.1433979800786;1376.1009240198764;22569.901415017437;eev,integrated,separated,ws;lintim;SiouxFalls;SiouxFalls;True;False;1e-05;12000;1;2;20;50;200;-5;200;0.75;2;50;50;10;10;16;2.7866;1274;1274
14050635;275;g_000;2;1;30;line_consecutive;0.5;1275;9;5;3-4,4-11;4;191207.795275;195705.1343923809;198421.21033899992;203746.156536;4497.339117380907;2716.0759466190066;8041.022143619077;eev,integrated,separated,ws;lintim;SiouxFalls;SiouxFalls;True;False;1e-05;12000;1;2;20;50;200;-5;200;0.75;2;50;50;10;10;16;2.7866;1275;1275
14050635;276;g_000;2;1;30;line_consecutive;0.5;1276;9;6;7-18,18-20;11;137485.766168;138208.5503855062;138569.9141489999;138569.91414899993;722.7842175062106;361.3637634936895;361.3637634937186;eev,integrated,separated,ws;lintim;SiouxFalls;SiouxFalls;True;False;1e-05;12000;1;2;20;50;200;-5;200;0.75;2;50;50;10;10;16;2.7866;1276;1276
14050635;277;g_000;2;1;30;line_consecutive;0.5;1277;9;7;5-9,9-10;9;154291.145517;155903.66998;155963.57408799994;159137.32695;1612.5244630000088;59.90410799992969;3233.656969999982;eev,integrated,separated,ws;lintim;SiouxFalls;SiouxFalls;True;False;1e-05;12000;1;2;20;50;200;-5;200;0.75;2;50;50;10;10;16;2.7866;1277;1277
14050635;278;g_000;2;1;30;line_consecutive;0.5;1278;9;8;11-14,14-23;4,10;210779.708203;216783.7479129989;217998.8967619999;223479.47129300004;6004.039709998906;1215.1488490010088;6695.723380001145;eev,integrated,separated,ws;lintim;SiouxFalls;SiouxFalls;True;False;1e-05;12000;1;2;20;50;200;-5;200;0.75;2;50;50;10;10;16;2.7866;1278;1278
14050635;279;g_000;2;1;30;line_consecutive;0.5;1279;9;9;3-12,12-13;12;136644.633844;136644.63384399997;136644.63384399872;136644.63384399872;-2.9103830456733704e-11;-1.251464709639549e-09;-1.251464709639549e-09;eev,integrated,separated,ws;lintim;SiouxFalls;SiouxFalls;True;False;1e-05;12000;1;2;20;50;200;-5;200;0.75;2;50;50;10;10;16;2.7866;1279;1279
14050635;280;g_000;2;1;30;line_consecutive;0.5;1280;9;10;15-19,17-19;13,14;224520.36874;226976.457704;227226.67877;270544.80992;2456.088963999995;250.22106599996917;43568.35221600003;eev,integrated,separated,ws;lintim;SiouxFalls;SiouxFalls;True;False;1e-05;12000;1;2;20;50;200;-5;200;0.75;2;50;50;10;10;16;2.7866;1280;1280
14050635;281;g_000;2;1;30;line_consecutive;0.5;1281;9;11;17-19,19-20;2;219191.815318;220940.3504449817;221547.5943709999;260713.26892;1748.5351269817038;607.2439260181854;39772.91847501826;eev,integrated,separated,ws;lintim;SiouxFalls;SiouxFalls;True;False;1e-05;12000;1;2;20;50;200;-5;200;0.75;2;50;50;10;10;16;2.7866;1281;1281
14050635;282;g_000;2;1;30;line_consecutive;0.5;1282;9;12;4-11,11-14;4;167771.699082;169552.00269100003;169552.00269099994;181531.48203;1780.3036090000242;-8.731149137020111e-11;11979.479338999983;eev,integrated,separated,ws;lintim;SiouxFalls;SiouxFalls;True;False;1e-05;12000;1;2;20;50;200;-5;200;0.75;2;50;50;10;10;16;2.7866;1282;1282
14050635;283;g_000;2;1;30;line_consecutive;0.5;1283;9;13;10-15,15-19;9;164440.58903099998;169361.36463700002;170449.5408229999;175166.30747700002;4920.775606000039;1088.1761859998803;5804.942840000003;eev,integrated,separated,ws;lintim;SiouxFalls;SiouxFalls;True;False;1e-05;12000;1;2;20;50;200;-5;200;0.75;2;50;50;10;10;16;2.7866;1283;1283
14050635;284;g_000;2;1;30;line_consecutive;0.5;1284;9;14;10-11,10-16;1,10;162104.140431;165596.0821319998;166764.1644519999;172004.24278499946;3491.9417009998;1168.0823200001032;6408.16065299965;eev,integrated,separated,ws;lintim;SiouxFalls;SiouxFalls;True;False;1e-05;12000;1;2;20;50;200;-5;200;0.75;2;50;50;10;10;16;2.7866;1284;1284
14050635;285;g_000;2;1;30;line_consecutive;0.5;1285;9;15;10-11,11-14;10;192160.3500253508;192895.78470599648;194605.887139;213833.94540599952;735.4346806456742;1710.1024330034852;20938.160700003034;eev,integrated,separated,ws;lintim;SiouxFalls;SiouxFalls;True;False;1e-05;12000;1;2;20;50;200;-5;200;0.75;2;50;50;10;10;16;2.7866;1285;1285
14050635;286;g_000;2;1;30;line_consecutive;0.5;1286;9;16;20-21,21-24;6;147699.06889;150011.93829599975;150011.93829599992;150011.93799311575;2312.8694059997506;1.7462298274040222e-10;-0.0003028840001206;eev,integrated,separated,ws;lintim;SiouxFalls;SiouxFalls;True;False;1e-05;12000;1;2;20;50;200;-5;200;0.75;2;50;50;10;10;16;2.7866;1286;1286
14050635;287;g_000;2;1;30;line_consecutive;0.5;1287;9;17;5-6,5-9;9;153035.06334000002;156902.61004099905;157717.06046599994;158631.0811103165;3867.546700999024;814.4504250008904;1728.4710693174566;eev,integrated,separated,ws;lintim;SiouxFalls;SiouxFalls;True;False;1e-05;12000;1;2;20;50;200;-5;200;0.75;2;50;50;10;10;16;2.7866;1287;1287
14050635;288;g_000;2;1;30;line_consecutive;0.5;1288;9;18;1-3,3-4;4;185896.9501829196;186313.847443;188426.45155099995;232262.24591499823;416.8972600804118;2112.6041079999413;45948.39847199823;eev,integrated,separated,ws;lintim;SiouxFalls;SiouxFalls;True;False;1e-05;12000;1;2;20;50;200;-5;200;0.75;2;50;50;10;10;16;2.7866;1288;1288
14050635;289;g_000;2;1;30;line_consecutive;0.5;1289;9;19;10-16,16-18;1;151253.08986399998;154327.189766;158932.66845199993;158530.32253498834;3074.0999020000163;4605.478685999929;4203.132768988347;eev,integrated,separated,ws;lintim;SiouxFalls;SiouxFalls;True;False;1e-05;12000;1;2;20;50;200;-5;200;0.75;2;50;50;10;10;16;2.7866;1289;1289
14050635;290;g_000;2;1;30;line_consecutive;0.5;1290;9;20;15-22,21-22;13;143089.013065;144479.6463245473;146556.16817199992;146556.16817199992;1390.6332595472925;2076.521847452619;2076.521847452619;eev,integrated,separated,ws;lintim;SiouxFalls;SiouxFalls;True;False;1e-05;12000;1;2;20;50;200;-5;200;0.75;2;50;50;10;10;16;2.7866;1290;1290
14050635;291;g_000;2;1;30;line_consecutive;0.5;1291;9;21;10-17,17-19;14;243305.746421;248452.073018;250280.021223;280556.9214109999;5146.326597000007;1827.948204999964;32104.848392999906;eev,integrated,separated,ws;lintim;SiouxFalls;SiouxFalls;True;False;1e-05;12000;1;2;20;50;200;-5;200;0.75;2;50;50;10;10;16;2.7866;1291;1291
14050635;292;g_000;2;1;30;line_consecutive;0.5;1292;9;22;18-20,20-22;11;136644.633844;136644.63383779934;136644.63384399994;136644.63384399994;-6.200658390298486e-06;6.200600182637572e-06;6.200600182637572e-06;eev,integrated,separated,ws;lintim;SiouxFalls;SiouxFalls;True;False;1e-05;12000;1;2;20;50;200;-5;200;0.75;2;50;50;10;10;16;2.7866;1292;1292
14050635;293;g_000;2;1;30;line_consecutive;0.5;1293;9;23;3-4,4-5;3;191207.795275;195705.1343923809;198421.21033899992;203746.156536;4497.339117380907;2716.0759466190066;8041.022143619077;eev,integrated,separated,ws;lintim;SiouxFalls;SiouxFalls;True;False;1e-05;12000;1;2;20;50;200;-5;200;0.75;2;50;50;10;10;16;2.7866;1293;1293
14050635;294;g_000;2;1;30;line_consecutive;0.5;1294;9;24;8-16,16-17;2,13;162209.00291500002;166145.801931;167281.04030199992;177535.39390000002;3936.799015999976;1135.2383709999267;11389.59196900003;eev,integrated,separated,ws;lintim;SiouxFalls;SiouxFalls;True;False;1e-05;12000;1;2;20;50;200;-5;200;0.75;2;50;50;10;10;16;2.7866;1294;1294
14050635;295;g_000;2;1;30;line_consecutive;0.5;1295;9;25;1-2,1-3;12;301230.691574;304561.870781;305929.81047999987;322450.4985738589;3331.1792070000083;1367.939698999864;17888.627792858868;eev,integrated,separated,ws;lintim;SiouxFalls;SiouxFalls;True;False;1e-05;12000;1;2;20;50;200;-5;200;0.75;2;50;50;10;10;16;2.7866;1295;1295
14050635;296;g_000;2;1;30;line_consecutive;0.5;1296;9;26;4-5,5-9;3;153035.06334000002;156902.61004099905;157717.06046599994;158631.0811103165;3867.546700999024;814.4504250008904;1728.4710693174566;eev,integrated,separated,ws;lintim;SiouxFalls;SiouxFalls;True;False;1e-05;12000;1;2;20;50;200;-5;200;0.75;2;50;50;10;10;16;2.7866;1296;1296
14050635;297;g_000;2;1;30;line_consecutive;0.5;1297;9;27;7-8,7-18;3,11;137750.58763999998;138353.86681600002;139489.82488499992;139489.82488499995;603.27917600004;1135.9580689998984;1135.9580689999275;eev,integrated,separated,ws;lintim;SiouxFalls;SiouxFalls;True;False;1e-05;12000;1;2;20;50;200;-5;200;0.75;2;50;50;10;10;16;2.7866;1297;1297
14050635;298;g_000;2;1;30;line_consecutive;0.5;1298;9;28;8-16,10-16;10;161582.585256;163531.13419799926;166056.5748779999;185613.81171600003;1948.5489419992664;2525.44068000064;22082.677518000768;eev,integrated,separated,ws;lintim;SiouxFalls;SiouxFalls;True;False;1e-05;12000;1;2;20;50;200;-5;200;0.75;2;50;50;10;10;16;2.7866;1298;1298
14050635;299;g_000;2;1;30;line_consecutive;0.5;1299;9;29;2-6,6-8;2;200134.01665;204620.920489;206810.3330079999;212711.41936999964;4486.903839000006;2189.412518999889;8090.498880999628;eev,integrated,separated,ws;lintim;SiouxFalls;SiouxFalls;True;False;1e-05;12000;1;2;20;50;200;-5;200;0.75;2;50;50;10;10;16;2.7866;1299;1299
