array_job_id;task_id;run_group_id;case_k;case_per_run;case_variants;case_selection;case_p_fail;case_id;case_sweep_row;case_variant_idx;case_edges;case_lines;WS;RP;EEV_nom;EEV_mean;EVPI;VSS_nom;VSS_mean;procedures_present;source;network;scenario_line_data;routing_agg;waiting_time_frequency;gap;time_limit;travel_time_cost_mult;waiting_time_cost_mult;line_operation_cost_mult;cost_repl_freq;cost_repl_line;repl_budget;bypass_multiplier;overdemand_threshold;overdemand_multiplier;num_od;train_capacity;infrastructure_capacity;max_frequency;threads;demand_scale;scenario_infra_id;scenario_prob_id
14050712;0;g_000;1;1;60;line_consecutive;0.5;1000;0;0;2-25;1;107825.39199999996;108402.24800001788;109236.6879999994;109236.6879999994;576.8560000179132;834.4399999815214;834.4399999815214;eev,integrated,separated,ws;lintim;Mumford0;Mumford0;True;False;1e-05;12000;1;2;20;50;200;-5;50;0.75;2;50;50;10;10;16;0.0368;1000;1000
14050712;1;g_000;1;1;60;line_consecutive;0.5;1001;0;1;8-25;1;110801.30399999996;110801.304;110801.30399999904;110801.30399999904;4.365574568510056e-11;-9.60426405072212e-10;-9.60426405072212e-10;eev,integrated,separated,ws;lintim;Mumford0;Mumford0;True;False;1e-05;12000;1;2;20;50;200;-5;50;0.75;2;50;50;10;10;16;0.0368;1001;1001
14050712;2;g_000;1;1;60;line_consecutive;0.5;1002;0;2;8-11;1;108566.41599999995;108566.416;108566.416;108566.416;4.365574568510056e-11;0.0;0.0;eev,integrated,separated,ws;lintim;Mumford0;Mumford0;True;False;1e-05;12000;1;2;20;50;200;-5;50;0.75;2;50;50;10;10;16;0.0368;1002;1002
14050712;3;g_000;1;1;60;line_consecutive;0.5;1003;0;3;11-22;1;108965.07599999996;109270.432;109270.432;109270.432;305.3560000000434;0.0;0.0;eev,integrated,separated,ws;lintim;Mumford0;Mumford0;True;False;1e-05;12000;1;2;20;50;200;-5;50;0.75;2;50;50;10;10;16;0.0368;1003;1003
14050712;4;g_000;1;1;60;line_consecutive;0.5;1004;0;4;2-4;2;109859.27799999996;109859.27799999996;109859.27799999998;109859.27799999998;0.0;1.4551915228366852e-11;1.4551915228366852e-11;eev,integrated,separated,ws;lintim;Mumford0;Mumford0;True;False;1e-05;12000;1;2;20;50;200;-5;50;0.75;2;50;50;10;10;16;0.0368;1004;1004
14050712;5;g_000;1;1;60;line_consecutive;0.5;1005;0;5;4-12;2;110610.57599999996;110610.576;110610.576;110610.576;4.365574568510056e-11;0.0;0.0;eev,integrated,separated,ws;lintim;Mumford0;Mumford0;True;False;1e-05;12000;1;2;20;50;200;-5;50;0.75;2;50;50;10;10;16;0.0368;1005;1005
14050712;6;g_000;1;1;60;line_consecutive;0.5;1006;0;6;12-18;2,11;105133.53599999996;105133.536;105133.536;105133.536;2.9103830456733704e-11;0.0;0.0;eev,integrated,separated,ws;lintim;Mumford0;Mumford0;True;False;1e-05;12000;1;2;20;50;200;-5;50;0.75;2;50;50;10;10;16;0.0368;1006;1006
14050712;7;g_000;1;1;60;line_consecutive;0.5;1007;0;7;18-23;2,11;112944.21799999994;112944.21800000058;112944.21799999996;112944.21799999996;6.402842700481415e-10;-6.111804395914078e-10;-6.111804395914078e-10;eev,integrated,separated,ws;lintim;Mumford0;Mumford0;True;False;1e-05;12000;1;2;20;50;200;-5;50;0.75;2;50;50;10;10;16;0.0368;1007;1007
14050712;8;g_000;1;1;60;line_consecutive;0.5;1008;0;8;1-23;2;116153.14399999996;117981.92799999722;119711.372;118552.24000000002;1828.783999997264;1729.4440000027826;570.3120000027993;eev,integrated,separated,ws;lintim;Mumford0;Mumford0;True;False;1e-05;12000;1;2;20;50;200;-5;50;0.75;2;50;50;10;10;16;0.0368;1008;1008
14050712;9;g_000;1;1;60;line_consecutive;0.5;1009;0;9;1-14;2;109525.71199999996;109525.712;109525.712;109525.712;4.365574568510056e-11;0.0;0.0;eev,integrated,separated,ws;lintim;Mumford0;Mumford0;True;False;1e-05;12000;1;2;20;50;200;-5;50;0.75;2;50;50;10;10;16;0.0368;1009;1009
14050712;10;g_000;1;1;60;line_consecutive;0.5;1010;0;10;9-13;3;112216.63199999995;112216.632;112216.632;112216.632;4.365574568510056e-11;0.0;0.0;eev,integrated,separated,ws;lintim;Mumford0;Mumford0;True;False;1e-05;12000;1;2;20;50;200;-5;50;0.75;2;50;50;10;10;16;0.0368;1010;1010
14050712;11;g_000;1;1;60;line_consecutive;0.5;1011;0;11;1-13;3;107780.89199999996;108086.24799999998;108086.248;108086.248;305.3560000000143;2.9103830456733704e-11;2.9103830456733704e-11;eev,integrated,separated,ws;lintim;Mumford0;Mumford0;True;False;1e-05;12000;1;2;20;50;200;-5;50;0.75;2;50;50;10;10;16;0.0368;1011;1011
14050712;12;g_000;1;1;60;line_consecutive;0.5;1012;0;12;1-29;3;114033.62599999996;115336.44399999996;116029.632;115563.506;1302.8179999999993;693.1880000000383;227.0620000000345;eev,integrated,separated,ws;lintim;Mumford0;Mumford0;True;False;1e-05;12000;1;2;20;50;200;-5;50;0.75;2;50;50;10;10;16;0.0368;1012;1012
14050712;13;g_000;1;1;60;line_consecutive;0.5;1013;0;13;17-29;3;110133.16799999998;111369.53799999984;112543.468;112543.468;1236.3699999998644;1173.930000000153;1173.930000000153;eev,integrated,separated,ws;lintim;Mumford0;Mumford0;True;False;1e-05;12000;1;2;20;50;200;-5;50;0.75;2;50;50;10;10;16;0.0368;1013;1013
14050712;14;g_000;1;1;60;line_consecutive;0.5;1014;0;14;17-28;3;112218.82399999996;112218.824;112218.824;112218.82400000002;2.9103830456733704e-11;0.0;2.9103830456733704e-11;eev,integrated,separated,ws;lintim;Mumford0;Mumford0;True;False;1e-05;12000;1;2;20;50;200;-5;50;0.75;2;50;50;10;10;16;0.0368;1014;1014
14050712;15;g_000;1;1;60;line_consecutive;0.5;1015;0;15;28-30;3;111902.98399999995;111902.9840000656;111902.984;111902.984;6.564368959516288e-08;-6.560003384947778e-08;-6.560003384947778e-08;eev,integrated,separated,ws;lintim;Mumford0;Mumford0;True;False;1e-05;12000;1;2;20;50;200;-5;50;0.75;2;50;50;10;10;16;0.0368;1015;1015
14050712;16;g_000;1;1;60;line_consecutive;0.5;1016;0;16;6-7;4,10;107664.63199999998;108036.41599999944;108311.036;108311.036;371.7839999994612;274.6200000005483;274.6200000005483;eev,integrated,separated,ws;lintim;Mumford0;Mumford0;True;False;1e-05;12000;1;2;20;50;200;-5;50;0.75;2;50;50;10;10;16;0.0368;1016;1016
14050712;17;g_000;1;1;60;line_consecutive;0.5;1017;0;17;7-14;4;105133.53599999996;105133.536;105133.536;105133.536;2.9103830456733704e-11;0.0;0.0;eev,integrated,separated,ws;lintim;Mumford0;Mumford0;True;False;1e-05;12000;1;2;20;50;200;-5;50;0.75;2;50;50;10;10;16;0.0368;1017;1017
14050712;18;g_000;1;1;60;line_consecutive;0.5;1018;0;18;14-19;4;110126.14399999996;110126.144;110126.144;110126.144;4.365574568510056e-11;0.0;0.0;eev,integrated,separated,ws;lintim;Mumford0;Mumford0;True;False;1e-05;12000;1;2;20;50;200;-5;50;0.75;2;50;50;10;10;16;0.0368;1018;1018
14050712;19;g_000;1;1;60;line_consecutive;0.5;1019;0;19;19-20;4;111527.77999999996;111527.78;111527.78;111527.78;4.365574568510056e-11;0.0;0.0;eev,integrated,separated,ws;lintim;Mumford0;Mumford0;True;False;1e-05;12000;1;2;20;50;200;-5;50;0.75;2;50;50;10;10;16;0.0368;1019;1019
14050712;20;g_000;1;1;60;line_consecutive;0.5;1020;0;20;15-24;5;108950.59999999996;110074.53999999884;111789.364;111789.364;1123.9399999988818;1714.8240000011574;1714.8240000011574;eev,integrated,separated,ws;lintim;Mumford0;Mumford0;True;False;1e-05;12000;1;2;20;50;200;-5;50;0.75;2;50;50;10;10;16;0.0368;1020;1020
14050712;21;g_000;1;1;60;line_consecutive;0.5;1021;0;21;12-15;5,11;113590.14199989873;113590.14199999944;113590.142;113590.142;1.00713805295527e-07;5.675246939063071e-10;5.675246939063071e-10;eev,integrated,separated,ws;lintim;Mumford0;Mumford0;True;False;1e-05;12000;1;2;20;50;200;-5;50;0.75;2;50;50;10;10;16;0.0368;1021;1021
14050712;22;g_000;1;1;60;line_consecutive;0.5;1022;0;22;12-26;5;117775.27399999998;119648.64;122948.792;120114.07600000002;1873.366000000024;3300.152000000002;465.43600000001607;eev,integrated,separated,ws;lintim;Mumford0;Mumford0;True;False;1e-05;12000;1;2;20;50;200;-5;50;0.75;2;50;50;10;10;16;0.0368;1022;1022
14050712;23;g_000;1;1;60;line_consecutive;0.5;1023;0;23;3-8;6,12;107843.73599999998;108215.51999999996;108534.304;108534.304;371.7839999999851;318.7840000000433;318.7840000000433;eev,integrated,separated,ws;lintim;Mumford0;Mumford0;True;False;1e-05;12000;1;2;20;50;200;-5;50;0.75;2;50;50;10;10;16;0.0368;1023;1023
14050712;24;g_000;1;1;60;line_consecutive;0.5;1024;0;24;5-8;6;110190.21599999996;111579.03599999905;113597.776;113597.776;1388.8199999990902;2018.740000000951;2018.740000000951;eev,integrated,separated,ws;lintim;Mumford0;Mumford0;True;False;1e-05;12000;1;2;20;50;200;-5;50;0.75;2;50;50;10;10;16;0.0368;1024;1024
14050712;25;g_000;1;1;60;line_consecutive;0.5;1025;0;25;10-15;7;110649.47399999996;112363.48799999998;113955.304;113955.304;1714.014000000025;1591.8160000000207;1591.8160000000207;eev,integrated,separated,ws;lintim;Mumford0;Mumford0;True;False;1e-05;12000;1;2;20;50;200;-5;50;0.75;2;50;50;10;10;16;0.0368;1025;1025
14050712;26;g_000;1;1;60;line_consecutive;0.5;1026;0;26;15-21;7;105133.53599999996;105133.536;105133.536;105133.536;2.9103830456733704e-11;0.0;0.0;eev,integrated,separated,ws;lintim;Mumford0;Mumford0;True;False;1e-05;12000;1;2;20;50;200;-5;50;0.75;2;50;50;10;10;16;0.0368;1026;1026
14050712;27;g_000;1;1;60;line_consecutive;0.5;1027;0;27;6-16;8;117312.48999999998;117312.49;117312.49;117312.49000000002;2.9103830456733704e-11;0.0;1.4551915228366852e-11;eev,integrated,separated,ws;lintim;Mumford0;Mumford0;True;False;1e-05;12000;1;2;20;50;200;-5;50;0.75;2;50;50;10;10;16;0.0368;1027;1027
14050712;28;g_000;1;1;60;line_consecutive;0.5;1028;0;28;9-27;9;109403.44399999996;109403.44400000355;109403.444;109403.444;3.594323061406612e-09;-3.5506673157215123e-09;-3.5506673157215123e-09;eev,integrated,separated,ws;lintim;Mumford0;Mumford0;True;False;1e-05;12000;1;2;20;50;200;-5;50;0.75;2;50;50;10;10;16;0.0368;1028;1028
14050712;29;g_000;1;1;60;line_consecutive;0.5;1029;0;29;2-15;10;110698.06399999995;110698.064;110698.064;110698.064;4.365574568510056e-11;0.0;0.0;eev,integrated,separated,ws;lintim;Mumford0;Mumford0;True;False;1e-05;12000;1;2;20;50;200;-5;50;0.75;2;50;50;10;10;16;0.0368;1029;1029
14050712;30;g_000;1;1;60;line_consecutive;0.5;1030;0;30;8-15;10;143609.95399999997;143609.95400000003;143609.954;143609.954;5.820766091346741e-11;-2.9103830456733704e-11;-2.9103830456733704e-11;eev,integrated,separated,ws;lintim;Mumford0;Mumford0;True;False;1e-05;12000;1;2;20;50;200;-5;50;0.75;2;50;50;10;10;16;0.0368;1030;1030
14050712;31;g_000;1;1;60;line_consecutive;0.5;1031;0;31;8-17;10;115264.73199999996;115264.73200000385;115264.732;115264.732;3.885361365973949e-09;-3.841705620288849e-09;-3.841705620288849e-09;eev,integrated,separated,ws;lintim;Mumford0;Mumford0;True;False;1e-05;12000;1;2;20;50;200;-5;50;0.75;2;50;50;10;10;16;0.0368;1031;1031
14050712;32;g_000;1;1;60;line_consecutive;0.5;1032;0;32;7-17;10;137397.6059999999;137397.60599999997;137397.606;137397.606;5.820766091346741e-11;2.9103830456733704e-11;2.9103830456733704e-11;eev,integrated,separated,ws;lintim;Mumford0;Mumford0;True;False;1e-05;12000;1;2;20;50;200;-5;50;0.75;2;50;50;10;10;16;0.0368;1032;1032
14050712;33;g_000;1;1;60;line_consecutive;0.5;1033;0;33;19-23;11;124573.13999999996;125961.96;127980.7;127980.7;1388.8200000000506;2018.7399999999907;2018.7399999999907;eev,integrated,separated,ws;lintim;Mumford0;Mumford0;True;False;1e-05;12000;1;2;20;50;200;-5;50;0.75;2;50;50;10;10;16;0.0368;1033;1033
14050712;34;g_000;1;1;60;line_consecutive;0.5;1034;0;34;8-21;12;174834.63999999996;178688.846;181289.71;178885.91800000003;3854.2060000000342;2600.8640000000014;197.07200000004377;eev,integrated,separated,ws;lintim;Mumford0;Mumford0;True;False;1e-05;12000;1;2;20;50;200;-5;50;0.75;2;50;50;10;10;16;0.0368;1034;1034
14050712;35;g_000;1;1;60;line_consecutive;0.5;1035;0;35;21-24;12;160133.59599999996;162957.61199999996;165558.476;163154.684;2824.0160000000037;2600.8640000000305;197.07200000004377;eev,integrated,separated,ws;lintim;Mumford0;Mumford0;True;False;1e-05;12000;1;2;20;50;200;-5;50;0.75;2;50;50;10;10;16;0.0368;1035;1035
14050712;36;g_000;2;1;60;line_consecutive;0.5;1036;1;0;2-25,8-25;1;116153.14399999996;117981.92799999722;119711.372;118552.24000000002;1828.783999997264;1729.4440000027826;570.3120000027993;eev,integrated,separated,ws;lintim;Mumford0;Mumford0;True;False;1e-05;12000;1;2;20;50;200;-5;50;0.75;2;50;50;10;10;16;0.0368;1036;1036
14050712;37;g_000;2;1;60;line_consecutive;0.5;1037;1;1;8-11,8-25;1;112032.62599999996;113421.44600000004;115262.904;115262.904;1388.8200000000795;1841.457999999955;1841.457999999955;eev,integrated,separated,ws;lintim;Mumford0;Mumford0;True;False;1e-05;12000;1;2;20;50;200;-5;50;0.75;2;50;50;10;10;16;0.0368;1037;1037
14050712;38;g_000;2;1;60;line_consecutive;0.5;1038;1;2;8-11,11-22;1;160365.86999999994;160365.87;160365.87;160365.87;5.820766091346741e-11;0.0;0.0;eev,integrated,separated,ws;lintim;Mumford0;Mumford0;True;False;1e-05;12000;1;2;20;50;200;-5;50;0.75;2;50;50;10;10;16;0.0368;1038;1038
14050712;39;g_000;2;1;60;line_consecutive;0.5;1039;1;3;2-4,4-12;2;115414.43999999996;115414.44000003776;115414.44;115414.44;3.780587576329708e-08;-3.776222001761198e-08;-3.776222001761198e-08;eev,integrated,separated,ws;lintim;Mumford0;Mumford0;True;False;1e-05;12000;1;2;20;50;200;-5;50;0.75;2;50;50;10;10;16;0.0368;1039;1039
14050712;40;g_000;2;1;60;line_consecutive;0.5;1040;1;4;4-12,12-18;2;118408.55599999995;118408.55600000345;118408.556;118408.556;3.492459654808044e-09;-3.448803909122944e-09;-3.448803909122944e-09;eev,integrated,separated,ws;lintim;Mumford0;Mumford0;True;False;1e-05;12000;1;2;20;50;200;-5;50;0.75;2;50;50;10;10;16;0.0368;1040;1040
14050712;41;g_000;2;1;60;line_consecutive;0.5;1041;1;5;12-18,18-23;2,11;114418.63799999996;114418.638;114418.638;114418.638;4.365574568510056e-11;0.0;0.0;eev,integrated,separated,ws;lintim;Mumford0;Mumford0;True;False;1e-05;12000;1;2;20;50;200;-5;50;0.75;2;50;50;10;10;16;0.0368;1041;1041
14050712;42;g_000;2;1;60;line_consecutive;0.5;1042;1;6;1-23,18-23;2;130968.84399999998;130968.8436975388;130968.844;130968.844;-0.0003024611796718;0.0003024611942237;0.0003024611942237;eev,integrated,separated,ws;lintim;Mumford0;Mumford0;True;False;1e-05;12000;1;2;20;50;200;-5;50;0.75;2;50;50;10;10;16;0.0368;1042;1042
14050712;43;g_000;2;1;60;line_consecutive;0.5;1043;1;7;1-14,1-23;2;119546.62199999996;120482.02400000828;120796.364;120482.024;935.4020000083256;314.33999999171647;-8.280039764940739e-09;eev,integrated,separated,ws;lintim;Mumford0;Mumford0;True;False;1e-05;12000;1;2;20;50;200;-5;50;0.75;2;50;50;10;10;16;0.0368;1043;1043
14050712;44;g_000;2;1;60;line_consecutive;0.5;1044;1;8;1-13,9-13;3;112944.21799999994;112944.21800000058;112944.21799999996;112944.21799999996;6.402842700481415e-10;-6.111804395914078e-10;-6.111804395914078e-10;eev,integrated,separated,ws;lintim;Mumford0;Mumford0;True;False;1e-05;12000;1;2;20;50;200;-5;50;0.75;2;50;50;10;10;16;0.0368;1044;1044
14050712;45;g_000;2;1;60;line_consecutive;0.5;1045;1;9;1-13,1-29;3;111259.27799999992;111259.27920947332;111259.278;111259.278;0.0012094733974663;-0.0012094733101548;-0.0012094733101548;eev,integrated,separated,ws;lintim;Mumford0;Mumford0;True;False;1e-05;12000;1;2;20;50;200;-5;50;0.75;2;50;50;10;10;16;0.0368;1045;1045
14050712;46;g_000;2;1;60;line_consecutive;0.5;1046;1;10;1-29,17-29;3;117775.27399999998;119648.64;122948.792;120114.07600000002;1873.366000000024;3300.152000000002;465.43600000001607;eev,integrated,separated,ws;lintim;Mumford0;Mumford0;True;False;1e-05;12000;1;2;20;50;200;-5;50;0.75;2;50;50;10;10;16;0.0368;1046;1046
14050712;47;g_000;2;1;60;line_consecutive;0.5;1047;1;11;17-28,17-29;3;117544.23999999998;118601.096;121435.81199999998;118601.096;1056.8560000000289;2834.7159999999712;0.0;eev,integrated,separated,ws;lintim;Mumford0;Mumford0;True;False;1e-05;12000;1;2;20;50;200;-5;50;0.75;2;50;50;10;10;16;0.0368;1047;1047
14050712;48;g_000;2;1;60;line_consecutive;0.5;1048;1;12;17-28,28-30;3;110905.55199999997;111210.90799999904;111210.908;111210.908;305.35599999906844;9.60426405072212e-10;9.60426405072212e-10;eev,integrated,separated,ws;lintim;Mumford0;Mumford0;True;False;1e-05;12000;1;2;20;50;200;-5;50;0.75;2;50;50;10;10;16;0.0368;1048;1048
14050712;49;g_000;2;1;60;line_consecutive;0.5;1049;1;13;6-7,7-14;4;116008.13199999995;116008.13199999998;116008.132;116008.132;2.9103830456733704e-11;1.4551915228366852e-11;1.4551915228366852e-11;eev,integrated,separated,ws;lintim;Mumford0;Mumford0;True;False;1e-05;12000;1;2;20;50;200;-5;50;0.75;2;50;50;10;10;16;0.0368;1049;1049
14050712;50;g_000;2;1;60;line_consecutive;0.5;1050;1;14;7-14,14-19;4;112606.54199999996;114667.72;116523.46;116523.46;2061.1780000000435;1855.7400000000048;1855.7400000000048;eev,integrated,separated,ws;lintim;Mumford0;Mumford0;True;False;1e-05;12000;1;2;20;50;200;-5;50;0.75;2;50;50;10;10;16;0.0368;1050;1050
14050712;51;g_000;2;1;60;line_consecutive;0.5;1051;1;15;14-19,19-20;4;112977.59799999995;114693.70199999795;116802.856;116802.856;1716.1039999979985;2109.154000002047;2109.154000002047;eev,integrated,separated,ws;lintim;Mumford0;Mumford0;True;False;1e-05;12000;1;2;20;50;200;-5;50;0.75;2;50;50;10;10;16;0.0368;1051;1051
14050712;52;g_000;2;1;60;line_consecutive;0.5;1052;1;16;12-15,15-24;5;111540.94400000472;112814.81426794257;113988.744;113988.744;1273.8702679378475;1173.9297320574406;1173.9297320574406;eev,integrated,separated,ws;lintim;Mumford0;Mumford0;True;False;1e-05;12000;1;2;20;50;200;-5;50;0.75;2;50;50;10;10;16;0.0368;1052;1052
14050712;53;g_000;2;1;60;line_consecutive;0.5;1053;1;17;12-15,12-26;5;114755.09999999992;117177.92999999976;118252.884;117177.93;2422.8299999998417;1074.9540000002453;2.3283064365386963e-10;eev,integrated,separated,ws;lintim;Mumford0;Mumford0;True;False;1e-05;12000;1;2;20;50;200;-5;50;0.75;2;50;50;10;10;16;0.0368;1053;1053
14050712;54;g_000;2;1;60;line_consecutive;0.5;1054;1;18;3-8,5-8;6;126842.04399999998;129978.15985268143;131916.3120000001;130175.23200000002;3136.1158526814543;1938.1521473186583;197.07214731858403;eev,integrated,separated,ws;lintim;Mumford0;Mumford0;True;False;1e-05;12000;1;2;20;50;200;-5;50;0.75;2;50;50;10;10;16;0.0368;1054;1054
14050712;55;g_000;2;1;60;line_consecutive;0.5;1055;1;19;10-15,15-21;7;130000.43799999997;131133.37399999998;131718.166;131297.91000000003;1132.936000000016;584.7920000000158;164.536000000051;eev,integrated,separated,ws;lintim;Mumford0;Mumford0;True;False;1e-05;12000;1;2;20;50;200;-5;50;0.75;2;50;50;10;10;16;0.0368;1055;1055
14050712;56;g_000;2;1;60;line_consecutive;0.5;1056;1;20;2-15,8-15;10;108965.07599999996;109270.432;109270.432;109270.432;305.3560000000434;0.0;0.0;eev,integrated,separated,ws;lintim;Mumford0;Mumford0;True;False;1e-05;12000;1;2;20;50;200;-5;50;0.75;2;50;50;10;10;16;0.0368;1056;1056
14050712;57;g_000;2;1;60;line_consecutive;0.5;1057;1;21;8-15,8-17;10;105133.53599999998;105133.53599999998;105133.536;105133.536;0.0;1.4551915228366852e-11;1.4551915228366852e-11;eev,integrated,separated,ws;lintim;Mumford0;Mumford0;True;False;1e-05;12000;1;2;20;50;200;-5;50;0.75;2;50;50;10;10;16;0.0368;1057;1057
14050712;58;g_000;2;1;60;line_consecutive;0.5;1058;1;22;7-17,8-17;10;116153.14399999996;117981.92799999722;119711.372;118552.24000000002;1828.783999997264;1729.4440000027826;570.3120000027993;eev,integrated,separated,ws;lintim;Mumford0;Mumford0;True;False;1e-05;12000;1;2;20;50;200;-5;50;0.75;2;50;50;10;10;16;0.0368;1058;1058
14050712;59;g_000;2;1;60;line_consecutive;0.5;1059;1;23;6-7,7-17;10;110190.21599999996;111579.03599999905;113597.776;113597.776;1388.8199999990902;2018.740000000951;2018.740000000951;eev,integrated,separated,ws;lintim;Mumford0;Mumford0;True;False;1e-05;12000;1;2;20;50;200;-5;50;0.75;2;50;50;10;10;16;0.0368;1059;1059
14050712;60;g_000;2;1;60;line_consecutive;0.5;1060;1;24;12-15,12-18;11;108950.59999999996;110074.53999999884;111789.364;111789.364;1123.9399999988818;1714.8240000011574;1714.8240000011574;eev,integrated,separated,ws;lintim;Mumford0;Mumford0;True;False;1e-05;12000;1;2;20;50;200;-5;50;0.75;2;50;50;10;10;16;0.0368;1060;1060
14050712;61;g_000;2;1;60;line_consecutive;0.5;1061;1;25;18-23,19-23;11;111485.86399999996;111485.86399999767;111485.864;111485.864;-2.2846506908535957e-09;2.3283064365386963e-09;2.3283064365386963e-09;eev,integrated,separated,ws;lintim;Mumford0;Mumford0;True;False;1e-05;12000;1;2;20;50;200;-5;50;0.75;2;50;50;10;10;16;0.0368;1061;1061
14050712;62;g_000;2;1;60;line_consecutive;0.5;1062;1;26;3-8,8-21;12;105133.53599999996;105133.536;105133.536;105133.536;2.9103830456733704e-11;0.0;0.0;eev,integrated,separated,ws;lintim;Mumford0;Mumford0;True;False;1e-05;12000;1;2;20;50;200;-5;50;0.75;2;50;50;10;10;16;0.0368;1062;1062
14050712;63;g_000;2;1;60;line_consecutive;0.5;1063;1;27;8-21,21-24;12;112216.63199999995;112216.632;112216.632;112216.632;4.365574568510056e-11;0.0;0.0;eev,integrated,separated,ws;lintim;Mumford0;Mumford0;True;False;1e-05;12000;1;2;20;50;200;-5;50;0.75;2;50;50;10;10;16;0.0368;1063;1063
14050712;64;g_000;3;1;40;line_consecutive;0.5;1064;2;0;2-25,8-11,8-25;1;109859.27799999996;109859.27799999996;109859.27799999998;109859.27799999998;0.0;1.4551915228366852e-11;1.4551915228366852e-11;eev,integrated,separated,ws;lintim;Mumford0;Mumford0;True;False;1e-05;12000;1;2;20;50;200;-5;50;0.75;2;50;50;10;10;16;0.0368;1064;1064
14050712;65;g_000;3;1;40;line_consecutive;0.5;1065;2;1;8-11,8-25,11-22;1;111527.77999999996;111527.78;111527.78;111527.78;4.365574568510056e-11;0.0;0.0;eev,integrated,separated,ws;lintim;Mumford0;Mumford0;True;False;1e-05;12000;1;2;20;50;200;-5;50;0.75;2;50;50;10;10;16;0.0368;1065;1065
14050712;66;g_000;3;1;40;line_consecutive;0.5;1066;2;2;2-4,4-12,12-18;2;110888.43199999996;110888.432;110888.432;110888.432;4.365574568510056e-11;0.0;0.0;eev,integrated,separated,ws;lintim;Mumford0;Mumford0;True;False;1e-05;12000;1;2;20;50;200;-5;50;0.75;2;50;50;10;10;16;0.0368;1066;1066
14050712;67;g_000;3;1;40;line_consecutive;0.5;1067;2;3;4-12,12-18,18-23;2;110610.57599999996;110610.576;110610.576;110610.576;4.365574568510056e-11;0.0;0.0;eev,integrated,separated,ws;lintim;Mumford0;Mumford0;True;False;1e-05;12000;1;2;20;50;200;-5;50;0.75;2;50;50;10;10;16;0.0368;1067;1067
14050712;68;g_000;3;1;40;line_consecutive;0.5;1068;2;4;1-23,12-18,18-23;2;109525.71199999996;109525.712;109525.712;109525.712;4.365574568510056e-11;0.0;0.0;eev,integrated,separated,ws;lintim;Mumford0;Mumford0;True;False;1e-05;12000;1;2;20;50;200;-5;50;0.75;2;50;50;10;10;16;0.0368;1068;1068
14050712;69;g_000;3;1;40;line_consecutive;0.5;1069;2;5;1-14,1-23,18-23;2;114033.62599999996;115336.44399999996;116029.632;115563.506;1302.8179999999993;693.1880000000383;227.0620000000345;eev,integrated,separated,ws;lintim;Mumford0;Mumford0;True;False;1e-05;12000;1;2;20;50;200;-5;50;0.75;2;50;50;10;10;16;0.0368;1069;1069
14050712;70;g_000;3;1;40;line_consecutive;0.5;1070;2;6;1-13,1-29,9-13;3;107843.73599999998;108215.51999999996;108534.304;108534.304;371.7839999999851;318.7840000000433;318.7840000000433;eev,integrated,separated,ws;lintim;Mumford0;Mumford0;True;False;1e-05;12000;1;2;20;50;200;-5;50;0.75;2;50;50;10;10;16;0.0368;1070;1070
14050712;71;g_000;3;1;40;line_consecutive;0.5;1071;2;7;1-13,1-29,17-29;3;109403.44399999996;109403.44400000355;109403.444;109403.444;3.594323061406612e-09;-3.5506673157215123e-09;-3.5506673157215123e-09;eev,integrated,separated,ws;lintim;Mumford0;Mumford0;True;False;1e-05;12000;1;2;20;50;200;-5;50;0.75;2;50;50;10;10;16;0.0368;1071;1071
14050712;72;g_000;3;1;40;line_consecutive;0.5;1072;2;8;1-29,17-28,17-29;3;105133.53599999996;105133.536;105133.536;105133.536;2.9103830456733704e-11;0.0;0.0;eev,integrated,separated,ws;lintim;Mumford0;Mumford0;True;False;1e-05;12000;1;2;20;50;200;-5;50;0.75;2;50;50;10;10;16;0.0368;1072;1072
14050712;73;g_000;3;1;40;line_consecutive;0.5;1073;2;9;17-28,17-29,28-30;3;110698.06399999995;110698.064;110698.064;110698.064;4.365574568510056e-11;0.0;0.0;eev,integrated,separated,ws;lintim;Mumford0;Mumford0;True;False;1e-05;12000;1;2;20;50;200;-5;50;0.75;2;50;50;10;10;16;0.0368;1073;1073
14050712;74;g_000;3;1;40;line_consecutive;0.5;1074;2;10;6-7,7-14,14-19;4;117775.27399999998;119648.64;122948.792;120114.07600000002;1873.366000000024;3300.152000000002;465.43600000001607;eev,integrated,separated,ws;lintim;Mumford0;Mumford0;True;False;1e-05;12000;1;2;20;50;200;-5;50;0.75;2;50;50;10;10;16;0.0368;1074;1074
14050712;75;g_000;3;1;40;line_consecutive;0.5;1075;2;11;7-14,14-19,19-20;4;110126.14399999996;110126.144;110126.144;110126.144;4.365574568510056e-11;0.0;0.0;eev,integrated,separated,ws;lintim;Mumford0;Mumford0;True;False;1e-05;12000;1;2;20;50;200;-5;50;0.75;2;50;50;10;10;16;0.0368;1075;1075
14050712;76;g_000;3;1;40;line_consecutive;0.5;1076;2;12;12-15,12-26,15-24;5;113590.14199989873;113590.14199999944;113590.142;113590.142;1.00713805295527e-07;5.675246939063071e-10;5.675246939063071e-10;eev,integrated,separated,ws;lintim;Mumford0;Mumford0;True;False;1e-05;12000;1;2;20;50;200;-5;50;0.75;2;50;50;10;10;16;0.0368;1076;1076
14050712;77;g_000;3;1;40;line_consecutive;0.5;1077;2;13;2-15,8-15,8-17;10;160133.59599999996;162957.61199999996;165558.476;163154.684;2824.0160000000037;2600.8640000000305;197.07200000004377;eev,integrated,separated,ws;lintim;Mumford0;Mumford0;True;False;1e-05;12000;1;2;20;50;200;-5;50;0.75;2;50;50;10;10;16;0.0368;1077;1077
14050712;78;g_000;3;1;40;line_consecutive;0.5;1078;2;14;7-17,8-15,8-17;10;105133.53599999996;105133.536;105133.536;105133.536;2.9103830456733704e-11;0.0;0.0;eev,integrated,separated,ws;lintim;Mumford0;Mumford0;True;False;1e-05;12000;1;2;20;50;200;-5;50;0.75;2;50;50;10;10;16;0.0368;1078;1078
14050712;79;g_000;3;1;40;line_consecutive;0.5;1079;2;15;6-7,7-17,8-17;10;112218.82399999996;112218.824;112218.824;112218.82400000002;2.9103830456733704e-11;0.0;2.9103830456733704e-11;eev,integrated,separated,ws;lintim;Mumford0;Mumford0;True;False;1e-05;12000;1;2;20;50;200;-5;50;0.75;2;50;50;10;10;16;0.0368;1079;1079
14050712;80;g_000;3;1;40;line_consecutive;0.5;1080;2;16;12-15,12-18,18-23;11;110722.73599999998;112436.202;114343.33;114343.33;1713.4660000000297;1907.127999999997;1907.127999999997;eev,integrated,separated,ws;lintim;Mumford0;Mumford0;True;False;1e-05;12000;1;2;20;50;200;-5;50;0.75;2;50;50;10;10;16;0.0368;1080;1080
14050712;81;g_000;3;1;40;line_consecutive;0.5;1081;2;17;12-18,18-23,19-23;11;105133.53599999996;105133.53600000004;105133.536;105133.536;7.275957614183426e-11;-4.365574568510056e-11;-4.365574568510056e-11;eev,integrated,separated,ws;lintim;Mumford0;Mumford0;True;False;1e-05;12000;1;2;20;50;200;-5;50;0.75;2;50;50;10;10;16;0.0368;1081;1081
14050712;82;g_000;3;1;40;line_consecutive;0.5;1082;2;18;3-8,8-21,21-24;12;110649.47399999996;112363.48799999998;113955.304;113955.304;1714.014000000025;1591.8160000000207;1591.8160000000207;eev,integrated,separated,ws;lintim;Mumford0;Mumford0;True;False;1e-05;12000;1;2;20;50;200;-5;50;0.75;2;50;50;10;10;16;0.0368;1082;1082
14050712;83;g_000;4;1;30;line_consecutive;0.5;1083;3;0;2-25,8-11,8-25,11-22;1;110599.87599999996;112297.39579388412;113912.198;113912.198;1697.5197938841593;1614.8022061158845;1614.8022061158845;eev,integrated,separated,ws;lintim;Mumford0;Mumford0;True;False;1e-05;12000;1;2;20;50;200;-5;50;0.75;2;50;50;10;10;16;0.0368;1083;1083
14050712;84;g_000;4;1;30;line_consecutive;0.5;1084;3;1;2-4,4-12,12-18,18-23;2;107780.89199999996;108086.24799999998;108086.248;108086.248;305.3560000000143;2.9103830456733704e-11;2.9103830456733704e-11;eev,integrated,separated,ws;lintim;Mumford0;Mumford0;True;False;1e-05;12000;1;2;20;50;200;-5;50;0.75;2;50;50;10;10;16;0.0368;1084;1084
14050712;85;g_000;4;1;30;line_consecutive;0.5;1085;3;2;1-23,4-12,12-18,18-23;2;110133.16799999998;111369.53799999984;112543.468;112543.468;1236.3699999998644;1173.930000000153;1173.930000000153;eev,integrated,separated,ws;lintim;Mumford0;Mumford0;True;False;1e-05;12000;1;2;20;50;200;-5;50;0.75;2;50;50;10;10;16;0.0368;1085;1085
14050712;86;g_000;4;1;30;line_consecutive;0.5;1086;3;3;1-14,1-23,12-18,18-23;2;110801.30399999996;110801.304;110801.30399999904;110801.30399999904;4.365574568510056e-11;-9.60426405072212e-10;-9.60426405072212e-10;eev,integrated,separated,ws;lintim;Mumford0;Mumford0;True;False;1e-05;12000;1;2;20;50;200;-5;50;0.75;2;50;50;10;10;16;0.0368;1086;1086
14050712;87;g_000;4;1;30;line_consecutive;0.5;1087;3;4;1-13,1-29,9-13,17-29;3;107664.63199999998;108036.41599999944;108311.036;108311.036;371.7839999994612;274.6200000005483;274.6200000005483;eev,integrated,separated,ws;lintim;Mumford0;Mumford0;True;False;1e-05;12000;1;2;20;50;200;-5;50;0.75;2;50;50;10;10;16;0.0368;1087;1087
14050712;88;g_000;4;1;30;line_consecutive;0.5;1088;3;5;1-13,1-29,17-28,17-29;3;143609.95399999997;143609.95400000003;143609.954;143609.954;5.820766091346741e-11;-2.9103830456733704e-11;-2.9103830456733704e-11;eev,integrated,separated,ws;lintim;Mumford0;Mumford0;True;False;1e-05;12000;1;2;20;50;200;-5;50;0.75;2;50;50;10;10;16;0.0368;1088;1088
14050712;89;g_000;4;1;30;line_consecutive;0.5;1089;3;6;1-29,17-28,17-29,28-30;3;115264.73199999996;115264.73200000385;115264.732;115264.732;3.885361365973949e-09;-3.841705620288849e-09;-3.841705620288849e-09;eev,integrated,separated,ws;lintim;Mumford0;Mumford0;True;False;1e-05;12000;1;2;20;50;200;-5;50;0.75;2;50;50;10;10;16;0.0368;1089;1089
14050712;90;g_000;4;1;30;line_consecutive;0.5;1090;3;7;6-7,7-14,14-19,19-20;4;137397.6059999999;137397.60599999997;137397.606;137397.606;5.820766091346741e-11;2.9103830456733704e-11;2.9103830456733704e-11;eev,integrated,separated,ws;lintim;Mumford0;Mumford0;True;False;1e-05;12000;1;2;20;50;200;-5;50;0.75;2;50;50;10;10;16;0.0368;1090;1090
14050712;91;g_000;4;1;30;line_consecutive;0.5;1091;3;8;2-15,7-17,8-15,8-17;10;124573.13999999996;125961.96;127980.7;127980.7;1388.8200000000506;2018.7399999999907;2018.7399999999907;eev,integrated,separated,ws;lintim;Mumford0;Mumford0;True;False;1e-05;12000;1;2;20;50;200;-5;50;0.75;2;50;50;10;10;16;0.0368;1091;1091
14050712;92;g_000;4;1;30;line_consecutive;0.5;1092;3;9;6-7,7-17,8-15,8-17;10;174834.63999999996;178688.846;181289.71;178885.91800000003;3854.2060000000342;2600.8640000000014;197.07200000004377;eev,integrated,separated,ws;lintim;Mumford0;Mumford0;True;False;1e-05;12000;1;2;20;50;200;-5;50;0.75;2;50;50;10;10;16;0.0368;1092;1092
14050712;93;g_000;4;1;30;line_consecutive;0.5;1093;3;10;12-15,12-18,18-23,19-23;11;160133.59599999996;162957.61199999996;165558.476;163154.684;2824.0160000000037;2600.8640000000305;197.07200000004377;eev,integrated,separated,ws;lintim;Mumford0;Mumford0;True;False;1e-05;12000;1;2;20;50;200;-5;50;0.75;2;50;50;10;10;16;0.0368;1093;1093
14050712;94;g_000;1;2;30;line_consecutive;0.5;1094;4;0;8-25|8-11;1|1;116153.14399999996;117981.92799999722;119711.372;118552.24000000002;1828.783999997264;1729.4440000027826;570.3120000027993;eev,integrated,separated,ws;lintim;Mumford0;Mumford0;True;False;1e-05;12000;1;2;20;50;200;-5;50;0.75;2;50;50;10;10;16;0.0368;1094;1094
14050712;95;g_000;1;2;30;line_consecutive;0.5;1095;4;1;6-16|4-12;8|2;112032.62599999996;113421.44600000004;115262.904;115262.904;1388.8200000000795;1841.457999999955;1841.457999999955;eev,integrated,separated,ws;lintim;Mumford0;Mumford0;True;False;1e-05;12000;1;2;20;50;200;-5;50;0.75;2;50;50;10;10;16;0.0368;1095;1095
14050712;96;g_000;1;2;30;line_consecutive;0.5;1096;4;2;17-28|1-29;3|3;160365.86999999994;160365.87;160365.87;160365.87;5.820766091346741e-11;0.0;0.0;eev,integrated,separated,ws;lintim;Mumford0;Mumford0;True;False;1e-05;12000;1;2;20;50;200;-5;50;0.75;2;50;50;10;10;16;0.0368;1096;1096
14050712;97;g_000;1;2;30;line_consecutive;0.5;1097;4;3;15-24|17-29;5|3;115414.43999999996;115414.44000003776;115414.44;115414.44;3.780587576329708e-08;-3.776222001761198e-08;-3.776222001761198e-08;eev,integrated,separated,ws;lintim;Mumford0;Mumford0;True;False;1e-05;12000;1;2;20;50;200;-5;50;0.75;2;50;50;10;10;16;0.0368;1097;1097
14050712;98;g_000;1;2;30;line_consecutive;0.5;1098;4;4;8-25|1-14;1|2;118408.55599999995;118408.55600000345;118408.556;118408.556;3.492459654808044e-09;-3.448803909122944e-09;-3.448803909122944e-09;eev,integrated,separated,ws;lintim;Mumford0;Mumford0;True;False;1e-05;12000;1;2;20;50;200;-5;50;0.75;2;50;50;10;10;16;0.0368;1098;1098
14050712;99;g_000;1;2;30;line_consecutive;0.5;1099;4;5;15-24|5-8;5|6;114418.63799999996;114418.638;114418.638;114418.638;4.365574568510056e-11;0.0;0.0;eev,integrated,separated,ws;lintim;Mumford0;Mumford0;True;False;1e-05;12000;1;2;20;50;200;-5;50;0.75;2;50;50;10;10;16;0.0368;1099;1099
14050712;100;g_000;1;2;30;line_consecutive;0.5;1100;4;6;18-23|28-30;2,11|3;130968.84399999998;130968.8436975388;130968.844;130968.844;-0.0003024611796718;0.0003024611942237;0.0003024611942237;eev,integrated,separated,ws;lintim;Mumford0;Mumford0;True;False;1e-05;12000;1;2;20;50;200;-5;50;0.75;2;50;50;10;10;16;0.0368;1100;1100
14050712;101;g_000;1;2;30;line_consecutive;0.5;1101;4;7;10-15|7-14;7|4;119546.62199999996;120482.02400000828;120796.364;120482.024;935.4020000083256;314.33999999171647;-8.280039764940739e-09;eev,integrated,separated,ws;lintim;Mumford0;Mumford0;True;False;1e-05;12000;1;2;20;50;200;-5;50;0.75;2;50;50;10;10;16;0.0368;1101;1101
14050712;102;g_000;1;2;30;line_consecutive;0.5;1102;4;8;3-8|1-14;6,12|2;112944.21799999994;112944.21800000058;112944.21799999996;112944.21799999996;6.402842700481415e-10;-6.111804395914078e-10;-6.111804395914078e-10;eev,integrated,separated,ws;lintim;Mumford0;Mumford0;True;False;1e-05;12000;1;2;20;50;200;-5;50;0.75;2;50;50;10;10;16;0.0368;1102;1102
14050712;103;g_000;1;2;30;line_consecutive;0.5;1103;4;9;9-27|5-8;9|6;111259.27799999992;111259.27920947332;111259.278;111259.278;0.0012094733974663;-0.0012094733101548;-0.0012094733101548;eev,integrated,separated,ws;lintim;Mumford0;Mumford0;True;False;1e-05;12000;1;2;20;50;200;-5;50;0.75;2;50;50;10;10;16;0.0368;1103;1103
14050712;104;g_000;1;2;30;line_consecutive;0.5;1104;4;10;8-17|2-25;10|1;117775.27399999998;119648.64;122948.792;120114.07600000002;1873.366000000024;3300.152000000002;465.43600000001607;eev,integrated,separated,ws;lintim;Mumford0;Mumford0;True;False;1e-05;12000;1;2;20;50;200;-5;50;0.75;2;50;50;10;10;16;0.0368;1104;1104
14050712;105;g_000;1;2;30;line_consecutive;0.5;1105;4;11;9-13|3-8;3|6,12;117544.23999999998;118601.096;121435.81199999998;118601.096;1056.8560000000289;2834.7159999999712;0.0;eev,integrated,separated,ws;lintim;Mumford0;Mumford0;True;False;1e-05;12000;1;2;20;50;200;-5;50;0.75;2;50;50;10;10;16;0.0368;1105;1105
14050712;106;g_000;1;2;30;line_consecutive;0.5;1106;4;12;2-25|19-20;1|4;110905.55199999997;111210.90799999904;111210.908;111210.908;305.35599999906844;9.60426405072212e-10;9.60426405072212e-10;eev,integrated,separated,ws;lintim;Mumford0;Mumford0;True;False;1e-05;12000;1;2;20;50;200;-5;50;0.75;2;50;50;10;10;16;0.0368;1106;1106
14050712;107;g_000;1;2;30;line_consecutive;0.5;1107;4;13;19-20|9-27;4|9;116008.13199999995;116008.13199999998;116008.132;116008.132;2.9103830456733704e-11;1.4551915228366852e-11;1.4551915228366852e-11;eev,integrated,separated,ws;lintim;Mumford0;Mumford0;True;False;1e-05;12000;1;2;20;50;200;-5;50;0.75;2;50;50;10;10;16;0.0368;1107;1107
14050712;108;g_000;1;2;30;line_consecutive;0.5;1108;4;14;15-21|7-14;7|4;112606.54199999996;114667.72;116523.46;116523.46;2061.1780000000435;1855.7400000000048;1855.7400000000048;eev,integrated,separated,ws;lintim;Mumford0;Mumford0;True;False;1e-05;12000;1;2;20;50;200;-5;50;0.75;2;50;50;10;10;16;0.0368;1108;1108
14050712;109;g_000;1;2;30;line_consecutive;0.5;1109;4;15;9-27|14-19;9|4;112977.59799999995;114693.70199999795;116802.856;116802.856;1716.1039999979985;2109.154000002047;2109.154000002047;eev,integrated,separated,ws;lintim;Mumford0;Mumford0;True;False;1e-05;12000;1;2;20;50;200;-5;50;0.75;2;50;50;10;10;16;0.0368;1109;1109
14050712;110;g_000;1;2;30;line_consecutive;0.5;1110;4;16;6-7|8-15;4,10|10;111540.94400000472;112814.81426794257;113988.744;113988.744;1273.8702679378475;1173.9297320574406;1173.9297320574406;eev,integrated,separated,ws;lintim;Mumford0;Mumford0;True;False;1e-05;12000;1;2;20;50;200;-5;50;0.75;2;50;50;10;10;16;0.0368;1110;1110
14050712;111;g_000;1;2;30;line_consecutive;0.5;1111;4;17;1-23|1-14;2|2;114755.09999999992;117177.92999999976;118252.884;117177.93;2422.8299999998417;1074.9540000002453;2.3283064365386963e-10;eev,integrated,separated,ws;lintim;Mumford0;Mumford0;True;False;1e-05;12000;1;2;20;50;200;-5;50;0.75;2;50;50;10;10;16;0.0368;1111;1111
14050712;112;g_000;1;2;30;line_consecutive;0.5;1112;4;18;5-8|17-28;6|3;126842.04399999998;129978.15985268143;131916.3120000001;130175.23200000002;3136.1158526814543;1938.1521473186583;197.07214731858403;eev,integrated,separated,ws;lintim;Mumford0;Mumford0;True;False;1e-05;12000;1;2;20;50;200;-5;50;0.75;2;50;50;10;10;16;0.0368;1112;1112
14050712;113;g_000;1;2;30;line_consecutive;0.5;1113;4;19;9-27|21-24;9|12;130000.43799999997;131133.37399999998;131718.166;131297.91000000003;1132.936000000016;584.7920000000158;164.536000000051;eev,integrated,separated,ws;lintim;Mumford0;Mumford0;True;False;1e-05;12000;1;2;20;50;200;-5;50;0.75;2;50;50;10;10;16;0.0368;1113;1113
14050712;114;g_000;1;2;30;line_consecutive;0.5;1114;4;20;19-20|9-13;4|3;108965.07599999996;109270.432;109270.432;109270.432;305.3560000000434;0.0;0.0;eev,integrated,separated,ws;lintim;Mumford0;Mumford0;True;False;1e-05;12000;1;2;20;50;200;-5;50;0.75;2;50;50;10;10;16;0.0368;1114;1114
14050712;115;g_000;1;2;30;line_consecutive;0.5;1115;4;21;15-24|2-4;5|2;105133.53599999998;105133.53599999998;105133.536;105133.536;0.0;1.4551915228366852e-11;1.4551915228366852e-11;eev,integrated,separated,ws;lintim;Mumford0;Mumford0;True;False;1e-05;12000;1;2;20;50;200;-5;50;0.75;2;50;50;10;10;16;0.0368;1115;1115
14050712;116;g_000;1;2;30;line_consecutive;0.5;1116;4;22;1-13|2-25;3|1;109525.71199999996;109525.712;109525.712;109525.712;4.365574568510056e-11;0.0;0.0;eev,integrated,separated,ws;lintim;Mumford0;Mumford0;True;False;1e-05;12000;1;2;20;50;200;-5;50;0.75;2;50;50;10;10;16;0.0368;1116;1116
14050712;117;g_000;1;2;30;line_consecutive;0.5;1117;4;23;5-8|7-14;6|4;110888.43199999996;110888.432;110888.432;110888.432;4.365574568510056e-11;0.0;0.0;eev,integrated,separated,ws;lintim;Mumford0;Mumford0;True;False;1e-05;12000;1;2;20;50;200;-5;50;0.75;2;50;50;10;10;16;0.0368;1117;1117
14050712;118;g_000;1;2;30;line_consecutive;0.5;1118;4;24;6-7|4-12;4,10|2;105133.53599999996;105133.536;105133.536;105133.536;2.9103830456733704e-11;0.0;0.0;eev,integrated,separated,ws;lintim;Mumford0;Mumford0;True;False;1e-05;12000;1;2;20;50;200;-5;50;0.75;2;50;50;10;10;16;0.0368;1118;1118
14050712;119;g_000;1;2;30;line_consecutive;0.5;1119;4;25;1-14|1-29;2|3;110190.21599999996;111579.03599999905;113597.776;113597.776;1388.8199999990902;2018.740000000951;2018.740000000951;eev,integrated,separated,ws;lintim;Mumford0;Mumford0;True;False;1e-05;12000;1;2;20;50;200;-5;50;0.75;2;50;50;10;10;16;0.0368;1119;1119
14050712;120;g_000;1;2;30;line_consecutive;0.5;1120;4;26;1-29|9-27;3|9;111485.86399999996;111485.86399999767;111485.864;111485.864;-2.2846506908535957e-09;2.3283064365386963e-09;2.3283064365386963e-09;eev,integrated,separated,ws;lintim;Mumford0;Mumford0;True;False;1e-05;12000;1;2;20;50;200;-5;50;0.75;2;50;50;10;10;16;0.0368;1120;1120
14050712;121;g_000;1;2;30;line_consecutive;0.5;1121;4;27;2-4|28-30;2|3;111527.77999999996;111527.78;111527.78;111527.78;4.365574568510056e-11;0.0;0.0;eev,integrated,separated,ws;lintim;Mumford0;Mumford0;True;False;1e-05;12000;1;2;20;50;200;-5;50;0.75;2;50;50;10;10;16;0.0368;1121;1121
14050712;122;g_000;1;2;30;line_consecutive;0.5;1122;4;28;15-21|6-7;7|4,10;112218.82399999996;112218.824;112218.824;112218.82400000002;2.9103830456733704e-11;0.0;2.9103830456733704e-11;eev,integrated,separated,ws;lintim;Mumford0;Mumford0;True;False;1e-05;12000;1;2;20;50;200;-5;50;0.75;2;50;50;10;10;16;0.0368;1122;1122
14050712;123;g_000;1;2;30;line_consecutive;0.5;1123;4;29;7-17|18-23;10|2,11;113590.14199989873;113590.14199999944;113590.142;113590.142;1.00713805295527e-07;5.675246939063071e-10;5.675246939063071e-10;eev,integrated,separated,ws;lintim;Mumford0;Mumford0;True;False;1e-05;12000;1;2;20;50;200;-5;50;0.75;2;50;50;10;10;16;0.0368;1123;1123
14050712;124;g_000;1;3;30;line_consecutive;0.5;1124;5;0;28-30|2-15|1-23;3|10|2;108950.59999999996;110074.53999999884;111789.364;111789.364;1123.9399999988818;1714.8240000011574;1714.8240000011574;eev,integrated,separated,ws;lintim;Mumford0;Mumford0;True;False;1e-05;12000;1;2;20;50;200;-5;50;0.75;2;50;50;10;10;16;0.0368;1124;1124
14050712;125;g_000;1;3;30;line_consecutive;0.5;1125;5;1;1-23|8-17|8-25;2|10|1;107780.89199999996;108086.24799999998;108086.248;108086.248;305.3560000000143;2.9103830456733704e-11;2.9103830456733704e-11;eev,integrated,separated,ws;lintim;Mumford0;Mumford0;True;False;1e-05;12000;1;2;20;50;200;-5;50;0.75;2;50;50;10;10;16;0.0368;1125;1125
14050712;126;g_000;1;3;30;line_consecutive;0.5;1126;5;2;7-14|7-17|2-25;4|10|1;116153.14399999996;117981.92799999722;119711.372;118552.24000000002;1828.783999997264;1729.4440000027826;570.3120000027993;eev,integrated,separated,ws;lintim;Mumford0;Mumford0;True;False;1e-05;12000;1;2;20;50;200;-5;50;0.75;2;50;50;10;10;16;0.0368;1126;1126
14050712;127;g_000;1;3;30;line_consecutive;0.5;1127;5;3;1-23|1-14|6-7;2|2|4,10;112216.63199999995;112216.632;112216.632;112216.632;4.365574568510056e-11;0.0;0.0;eev,integrated,separated,ws;lintim;Mumford0;Mumford0;True;False;1e-05;12000;1;2;20;50;200;-5;50;0.75;2;50;50;10;10;16;0.0368;1127;1127
14050712;128;g_000;1;3;30;line_consecutive;0.5;1128;5;4;3-8|2-4|2-15;6,12|2|10;111902.98399999995;111902.9840000656;111902.984;111902.984;6.564368959516288e-08;-6.560003384947778e-08;-6.560003384947778e-08;eev,integrated,separated,ws;lintim;Mumford0;Mumford0;True;False;1e-05;12000;1;2;20;50;200;-5;50;0.75;2;50;50;10;10;16;0.0368;1128;1128
14050712;129;g_000;1;3;30;line_consecutive;0.5;1129;5;5;12-15|4-12|8-21;5,11|2|12;112944.21799999994;112944.21800000058;112944.21799999996;112944.21799999996;6.402842700481415e-10;-6.111804395914078e-10;-6.111804395914078e-10;eev,integrated,separated,ws;lintim;Mumford0;Mumford0;True;False;1e-05;12000;1;2;20;50;200;-5;50;0.75;2;50;50;10;10;16;0.0368;1129;1129
14050712;130;g_000;1;3;30;line_consecutive;0.5;1130;5;6;28-30|9-27|4-12;3|9|2;108965.07599999996;109270.432;109270.432;109270.432;305.3560000000434;0.0;0.0;eev,integrated,separated,ws;lintim;Mumford0;Mumford0;True;False;1e-05;12000;1;2;20;50;200;-5;50;0.75;2;50;50;10;10;16;0.0368;1130;1130
14050712;131;g_000;1;3;30;line_consecutive;0.5;1131;5;7;2-25|5-8|3-8;1|6|6,12;105133.53599999996;105133.53600000004;105133.536;105133.536;7.275957614183426e-11;-4.365574568510056e-11;-4.365574568510056e-11;eev,integrated,separated,ws;lintim;Mumford0;Mumford0;True;False;1e-05;12000;1;2;20;50;200;-5;50;0.75;2;50;50;10;10;16;0.0368;1131;1131
14050712;132;g_000;1;3;30;line_consecutive;0.5;1132;5;8;6-16|10-15|21-24;8|7|12;110722.73599999998;112436.202;114343.33;114343.33;1713.4660000000297;1907.127999999997;1907.127999999997;eev,integrated,separated,ws;lintim;Mumford0;Mumford0;True;False;1e-05;12000;1;2;20;50;200;-5;50;0.75;2;50;50;10;10;16;0.0368;1132;1132
14050712;133;g_000;1;3;30;line_consecutive;0.5;1133;5;9;1-29|2-4|9-27;3|2|9;109403.44399999996;109403.44400000355;109403.444;109403.444;3.594323061406612e-09;-3.5506673157215123e-09;-3.5506673157215123e-09;eev,integrated,separated,ws;lintim;Mumford0;Mumford0;True;False;1e-05;12000;1;2;20;50;200;-5;50;0.75;2;50;50;10;10;16;0.0368;1133;1133
14050712;134;g_000;1;3;30;line_consecutive;0.5;1134;5;10;1-23|6-7|15-24;2|4,10|5;110698.06399999995;110698.064;110698.064;110698.064;4.365574568510056e-11;0.0;0.0;eev,integrated,separated,ws;lintim;Mumford0;Mumford0;True;False;1e-05;12000;1;2;20;50;200;-5;50;0.75;2;50;50;10;10;16;0.0368;1134;1134
14050712;135;g_000;1;3;30;line_consecutive;0.5;1135;5;11;2-15|5-8|6-7;10|6|4,10;108566.41599999995;108566.416;108566.416;108566.416;4.365574568510056e-11;0.0;0.0;eev,integrated,separated,ws;lintim;Mumford0;Mumford0;True;False;1e-05;12000;1;2;20;50;200;-5;50;0.75;2;50;50;10;10;16;0.0368;1135;1135
14050712;136;g_000;1;3;30;line_consecutive;0.5;1136;5;12;19-23|18-23|15-21;11|2,11|7;110801.30399999996;110801.304;110801.30399999904;110801.30399999904;4.365574568510056e-11;-9.60426405072212e-10;-9.60426405072212e-10;eev,integrated,separated,ws;lintim;Mumford0;Mumford0;True;False;1e-05;12000;1;2;20;50;200;-5;50;0.75;2;50;50;10;10;16;0.0368;1136;1136
14050712;137;g_000;1;3;30;line_consecutive;0.5;1137;5;13;2-4|8-15|1-13;2|10|3;109859.27799999996;109859.27799999996;109859.27799999998;109859.27799999998;0.0;1.4551915228366852e-11;1.4551915228366852e-11;eev,integrated,separated,ws;lintim;Mumford0;Mumford0;True;False;1e-05;12000;1;2;20;50;200;-5;50;0.75;2;50;50;10;10;16;0.0368;1137;1137
14050712;138;g_000;1;3;30;line_consecutive;0.5;1138;5;14;8-25|19-23|12-26;1|11|5;114033.62599999996;115336.44399999996;116029.632;115563.506;1302.8179999999993;693.1880000000383;227.0620000000345;eev,integrated,separated,ws;lintim;Mumford0;Mumford0;True;False;1e-05;12000;1;2;20;50;200;-5;50;0.75;2;50;50;10;10;16;0.0368;1138;1138
14050712;139;g_000;1;3;30;line_consecutive;0.5;1139;5;15;2-25|15-21|8-15;1|7|10;110649.47399999996;112363.48799999998;113955.304;113955.304;1714.014000000025;1591.8160000000207;1591.8160000000207;eev,integrated,separated,ws;lintim;Mumford0;Mumford0;True;False;1e-05;12000;1;2;20;50;200;-5;50;0.75;2;50;50;10;10;16;0.0368;1139;1139
14050712;140;g_000;1;3;30;line_consecutive;0.5;1140;5;16;12-15|8-25|2-25;5,11|1|1;107664.63199999998;108036.41599999944;108311.036;108311.036;371.7839999994612;274.6200000005483;274.6200000005483;eev,integrated,separated,ws;lintim;Mumford0;Mumford0;True;False;1e-05;12000;1;2;20;50;200;-5;50;0.75;2;50;50;10;10;16;0.0368;1140;1140
14050712;141;g_000;1;3;30;line_consecutive;0.5;1141;5;17;1-23|11-22|14-19;2|1|4;105133.53599999996;105133.536;105133.536;105133.536;2.9103830456733704e-11;0.0;0.0;eev,integrated,separated,ws;lintim;Mumford0;Mumford0;True;False;1e-05;12000;1;2;20;50;200;-5;50;0.75;2;50;50;10;10;16;0.0368;1141;1141
14050712;142;g_000;1;3;30;line_consecutive;0.5;1142;5;18;1-13|1-14|12-15;3|2|5,11;107843.73599999998;108215.51999999996;108534.304;108534.304;371.7839999999851;318.7840000000433;318.7840000000433;eev,integrated,separated,ws;lintim;Mumford0;Mumford0;True;False;1e-05;12000;1;2;20;50;200;-5;50;0.75;2;50;50;10;10;16;0.0368;1142;1142
14050712;143;g_000;1;3;30;line_consecutive;0.5;1143;5;19;1-13|9-27|2-25;3|9|1;110610.57599999996;110610.576;110610.576;110610.576;4.365574568510056e-11;0.0;0.0;eev,integrated,separated,ws;lintim;Mumford0;Mumford0;True;False;1e-05;12000;1;2;20;50;200;-5;50;0.75;2;50;50;10;10;16;0.0368;1143;1143
14050712;144;g_000;1;3;30;line_consecutive;0.5;1144;5;20;28-30|3-8|2-4;3|6,12|2;110133.16799999998;111369.53799999984;112543.468;112543.468;1236.3699999998644;1173.930000000153;1173.930000000153;eev,integrated,separated,ws;lintim;Mumford0;Mumford0;True;False;1e-05;12000;1;2;20;50;200;-5;50;0.75;2;50;50;10;10;16;0.0368;1144;1144
14050712;145;g_000;1;3;30;line_consecutive;0.5;1145;5;21;7-17|8-15|9-27;10|10|9;107825.39199999996;108402.24800001788;109236.6879999994;109236.6879999994;576.8560000179132;834.4399999815214;834.4399999815214;eev,integrated,separated,ws;lintim;Mumford0;Mumford0;True;False;1e-05;12000;1;2;20;50;200;-5;50;0.75;2;50;50;10;10;16;0.0368;1145;1145
14050712;146;g_000;1;3;30;line_consecutive;0.5;1146;5;22;2-15|3-8|17-28;10|6,12|3;143609.95399999997;143609.95400000003;143609.954;143609.954;5.820766091346741e-11;-2.9103830456733704e-11;-2.9103830456733704e-11;eev,integrated,separated,ws;lintim;Mumford0;Mumford0;True;False;1e-05;12000;1;2;20;50;200;-5;50;0.75;2;50;50;10;10;16;0.0368;1146;1146
14050712;147;g_000;1;3;30;line_consecutive;0.5;1147;5;23;19-23|6-16|2-25;11|8|1;115264.73199999996;115264.73200000385;115264.732;115264.732;3.885361365973949e-09;-3.841705620288849e-09;-3.841705620288849e-09;eev,integrated,separated,ws;lintim;Mumford0;Mumford0;True;False;1e-05;12000;1;2;20;50;200;-5;50;0.75;2;50;50;10;10;16;0.0368;1147;1147
14050712;148;g_000;1;3;30;line_consecutive;0.5;1148;5;24;19-23|7-14|8-25;11|4|1;137397.6059999999;137397.60599999997;137397.606;137397.606;5.820766091346741e-11;2.9103830456733704e-11;2.9103830456733704e-11;eev,integrated,separated,ws;lintim;Mumford0;Mumford0;True;False;1e-05;12000;1;2;20;50;200;-5;50;0.75;2;50;50;10;10;16;0.0368;1148;1148
14050712;149;g_000;1;3;30;line_consecutive;0.5;1149;5;25;7-14|2-15|28-30;4|10|3;124573.13999999996;125961.96;127980.7;127980.7;1388.8200000000506;2018.7399999999907;2018.7399999999907;eev,integrated,separated,ws;lintim;Mumford0;Mumford0;True;False;1e-05;12000;1;2;20;50;200;-5;50;0.75;2;50;50;10;10;16;0.0368;1149;1149
14050712;150;g_000;1;3;30;line_consecutive;0.5;1150;5;26;2-15|5-8|7-14;10|6|4;174834.63999999996;178688.846;181289.71;178885.91800000003;3854.2060000000342;2600.8640000000014;197.07200000004377;eev,integrated,separated,ws;lintim;Mumford0;Mumford0;True;False;1e-05;12000;1;2;20;50;200;-5;50;0.75;2;50;50;10;10;16;0.0368;1150;1150
14050712;151;g_000;1;3;30;line_consecutive;0.5;1151;5;27;9-13|1-29|12-15;3|3|5,11;160133.59599999996;162957.61199999996;165558.476;163154.684;2824.0160000000037;2600.8640000000305;197.07200000004377;eev,integrated,separated,ws;lintim;Mumford0;Mumford0;True;False;1e-05;12000;1;2;20;50;200;-5;50;0.75;2;50;50;10;10;16;0.0368;1151;1151
14050712;152;g_000;1;3;30;line_consecutive;0.5;1152;5;28;8-25|6-7|10-15;1|4,10|7;116153.14399999996;117981.92799999722;119711.372;118552.24000000002;1828.783999997264;1729.4440000027826;570.3120000027993;eev,integrated,separated,ws;lintim;Mumford0;Mumford0;True;False;1e-05;12000;1;2;20;50;200;-5;50;0.75;2;50;50;10;10;16;0.0368;1152;1152
14050712;153;g_000;1;3;30;line_consecutive;0.5;1153;5;29;10-15|19-23|12-15;7|11|5,11;112032.62599999996;113421.44600000004;115262.904;115262.904;1388.8200000000795;1841.457999999955;1841.457999999955;eev,integrated,separated,ws;lintim;Mumford0;Mumford0;True;False;1e-05;12000;1;2;20;50;200;-5;50;0.75;2;50;50;10;10;16;0.0368;1153;1153
14050712;154;g_000;1;5;30;line_consecutive;0.5;1154;6;0;6-16|1-13|1-29|28-30|2-25;8|3|3|3|1;160365.86999999994;160365.87;160365.87;160365.87;5.820766091346741e-11;0.0;0.0;eev,integrated,separated,ws;lintim;Mumford0;Mumford0;True;False;1e-05;12000;1;2;20;50;200;-5;50;0.75;2;50;50;10;10;16;0.0368;1154;1154
14050712;155;g_000;1;5;30;line_consecutive;0.5;1155;6;1;17-28|19-20|8-21|2-25|17-29;3|4|12|1|3;115414.43999999996;115414.44000003776;115414.44;115414.44;3.780587576329708e-08;-3.776222001761198e-08;-3.776222001761198e-08;eev,integrated,separated,ws;lintim;Mumford0;Mumford0;True;False;1e-05;12000;1;2;20;50;200;-5;50;0.75;2;50;50;10;10;16;0.0368;1155;1155
14050712;156;g_000;1;5;30;line_consecutive;0.5;1156;6;2;9-13|1-14|8-21|6-16|2-25;3|2|12|8|1;118408.55599999995;118408.55600000345;118408.556;118408.556;3.492459654808044e-09;-3.448803909122944e-09;-3.448803909122944e-09;eev,integrated,separated,ws;lintim;Mumford0;Mumford0;True;False;1e-05;12000;1;2;20;50;200;-5;50;0.75;2;50;50;10;10;16;0.0368;1156;1156
14050712;157;g_000;1;5;30;line_consecutive;0.5;1157;6;3;6-16|10-15|1-29|12-26|8-21;8|7|3|5|12;114418.63799999996;114418.638;114418.638;114418.638;4.365574568510056e-11;0.0;0.0;eev,integrated,separated,ws;lintim;Mumford0;Mumford0;True;False;1e-05;12000;1;2;20;50;200;-5;50;0.75;2;50;50;10;10;16;0.0368;1157;1157
14050712;158;g_000;1;5;30;line_consecutive;0.5;1158;6;4;6-16|6-7|8-17|8-15|5-8;8|4,10|10|10|6;130968.84399999998;130968.8436975388;130968.844;130968.844;-0.0003024611796718;0.0003024611942237;0.0003024611942237;eev,integrated,separated,ws;lintim;Mumford0;Mumford0;True;False;1e-05;12000;1;2;20;50;200;-5;50;0.75;2;50;50;10;10;16;0.0368;1158;1158
14050712;159;g_000;1;5;30;line_consecutive;0.5;1159;6;5;7-17|21-24|28-30|14-19|7-14;10|12|3|4|4;119546.62199999996;120482.02400000828;120796.364;120482.024;935.4020000083256;314.33999999171647;-8.280039764940739e-09;eev,integrated,separated,ws;lintim;Mumford0;Mumford0;True;False;1e-05;12000;1;2;20;50;200;-5;50;0.75;2;50;50;10;10;16;0.0368;1159;1159
14050712;160;g_000;1;5;30;line_consecutive;0.5;1160;6;6;2-25|9-13|1-13|12-15|10-15;1|3|3|5,11|7;112944.21799999994;112944.21800000058;112944.21799999996;112944.21799999996;6.402842700481415e-10;-6.111804395914078e-10;-6.111804395914078e-10;eev,integrated,separated,ws;lintim;Mumford0;Mumford0;True;False;1e-05;12000;1;2;20;50;200;-5;50;0.75;2;50;50;10;10;16;0.0368;1160;1160
14050712;161;g_000;1;5;30;line_consecutive;0.5;1161;6;7;11-22|19-20|8-21|10-15|5-8;1|4|12|7|6;111259.27799999992;111259.27920947332;111259.278;111259.278;0.0012094733974663;-0.0012094733101548;-0.0012094733101548;eev,integrated,separated,ws;lintim;Mumford0;Mumford0;True;False;1e-05;12000;1;2;20;50;200;-5;50;0.75;2;50;50;10;10;16;0.0368;1161;1161
14050712;162;g_000;1;5;30;line_consecutive;0.5;1162;6;8;12-15|15-24|6-16|9-13|2-25;5,11|5|8|3|1;117775.27399999998;119648.64;122948.792;120114.07600000002;1873.366000000024;3300.152000000002;465.43600000001607;eev,integrated,separated,ws;lintim;Mumford0;Mumford0;True;False;1e-05;12000;1;2;20;50;200;-5;50;0.75;2;50;50;10;10;16;0.0368;1162;1162
14050712;163;g_000;1;5;30;line_consecutive;0.5;1163;6;9;6-7|19-23|1-23|15-21|2-4;4,10|11|2|7|2;117544.23999999998;118601.096;121435.81199999998;118601.096;1056.8560000000289;2834.7159999999712;0.0;eev,integrated,separated,ws;lintim;Mumford0;Mumford0;True;False;1e-05;12000;1;2;20;50;200;-5;50;0.75;2;50;50;10;10;16;0.0368;1163;1163
14050712;164;g_000;1;5;30;line_consecutive;0.5;1164;6;10;14-19|5-8|8-21|19-23|1-29;4|6|12|11|3;110905.55199999997;111210.90799999904;111210.908;111210.908;305.35599999906844;9.60426405072212e-10;9.60426405072212e-10;eev,integrated,separated,ws;lintim;Mumford0;Mumford0;True;False;1e-05;12000;1;2;20;50;200;-5;50;0.75;2;50;50;10;10;16;0.0368;1164;1164
14050712;165;g_000;1;5;30;line_consecutive;0.5;1165;6;11;1-23|28-30|8-21|18-23|6-16;2|3|12|2,11|8;116008.13199999995;116008.13199999998;116008.132;116008.132;2.9103830456733704e-11;1.4551915228366852e-11;1.4551915228366852e-11;eev,integrated,separated,ws;lintim;Mumford0;Mumford0;True;False;1e-05;12000;1;2;20;50;200;-5;50;0.75;2;50;50;10;10;16;0.0368;1165;1165
14050712;166;g_000;1;5;30;line_consecutive;0.5;1166;6;12;8-17|4-12|1-14|10-15|5-8;10|2|2|7|6;112606.54199999996;114667.72;116523.46;116523.46;2061.1780000000435;1855.7400000000048;1855.7400000000048;eev,integrated,separated,ws;lintim;Mumford0;Mumford0;True;False;1e-05;12000;1;2;20;50;200;-5;50;0.75;2;50;50;10;10;16;0.0368;1166;1166
14050712;167;g_000;1;5;30;line_consecutive;0.5;1167;6;13;9-27|14-19|19-23|7-17|12-15;9|4|11|10|5,11;112977.59799999995;114693.70199999795;116802.856;116802.856;1716.1039999979985;2109.154000002047;2109.154000002047;eev,integrated,separated,ws;lintim;Mumford0;Mumford0;True;False;1e-05;12000;1;2;20;50;200;-5;50;0.75;2;50;50;10;10;16;0.0368;1167;1167
14050712;168;g_000;1;5;30;line_consecutive;0.5;1168;6;14;7-14|19-23|9-13|17-29|14-19;4|11|3|3|4;111540.94400000472;112814.81426794257;113988.744;113988.744;1273.8702679378475;1173.9297320574406;1173.9297320574406;eev,integrated,separated,ws;lintim;Mumford0;Mumford0;True;False;1e-05;12000;1;2;20;50;200;-5;50;0.75;2;50;50;10;10;16;0.0368;1168;1168
14050712;169;g_000;1;5;30;line_consecutive;0.5;1169;6;15;10-15|14-19|8-17|8-15|5-8;7|4|10|10|6;114755.09999999992;117177.92999999976;118252.884;117177.93;2422.8299999998417;1074.9540000002453;2.3283064365386963e-10;eev,integrated,separated,ws;lintim;Mumford0;Mumford0;True;False;1e-05;12000;1;2;20;50;200;-5;50;0.75;2;50;50;10;10;16;0.0368;1169;1169
14050712;170;g_000;1;5;30;line_consecutive;0.5;1170;6;16;12-18|6-7|11-22|2-4|12-26;2,11|4,10|1|2|5;126842.04399999998;129978.15985268143;131916.3120000001;130175.23200000002;3136.1158526814543;1938.1521473186583;197.07214731858403;eev,integrated,separated,ws;lintim;Mumford0;Mumford0;True;False;1e-05;12000;1;2;20;50;200;-5;50;0.75;2;50;50;10;10;16;0.0368;1170;1170
14050712;171;g_000;1;5;30;line_consecutive;0.5;1171;6;17;8-21|10-15|8-11|12-26|17-28;12|7|1|5|3;130000.43799999997;131133.37399999998;131718.166;131297.91000000003;1132.936000000016;584.7920000000158;164.536000000051;eev,integrated,separated,ws;lintim;Mumford0;Mumford0;True;False;1e-05;12000;1;2;20;50;200;-5;50;0.75;2;50;50;10;10;16;0.0368;1171;1171
14050712;172;g_000;1;5;30;line_consecutive;0.5;1172;6;18;19-20|15-24|1-23|6-7|21-24;4|5|2|4,10|12;108965.07599999996;109270.432;109270.432;109270.432;305.3560000000434;0.0;0.0;eev,integrated,separated,ws;lintim;Mumford0;Mumford0;True;False;1e-05;12000;1;2;20;50;200;-5;50;0.75;2;50;50;10;10;16;0.0368;1172;1172
14050712;173;g_000;1;5;30;line_consecutive;0.5;1173;6;19;12-26|8-17|15-24|9-27|7-14;5|10|5|9|4;105133.53599999998;105133.53599999998;105133.536;105133.536;0.0;1.4551915228366852e-11;1.4551915228366852e-11;eev,integrated,separated,ws;lintim;Mumford0;Mumford0;True;False;1e-05;12000;1;2;20;50;200;-5;50;0.75;2;50;50;10;10;16;0.0368;1173;1173
14050712;174;g_000;1;5;30;line_consecutive;0.5;1174;6;20;12-18|8-17|12-26|2-25|11-22;2,11|10|5|1|1;105133.53599999996;105133.536;105133.536;105133.536;2.9103830456733704e-11;0.0;0.0;eev,integrated,separated,ws;lintim;Mumford0;Mumford0;True;False;1e-05;12000;1;2;20;50;200;-5;50;0.75;2;50;50;10;10;16;0.0368;1174;1174
14050712;175;g_000;1;5;30;line_consecutive;0.5;1175;6;21;2-25|14-19|21-24|28-30|2-15;1|4|12|3|10;110610.57599999996;110610.576;110610.576;110610.576;4.365574568510056e-11;0.0;0.0;eev,integrated,separated,ws;lintim;Mumford0;Mumford0;True;False;1e-05;12000;1;2;20;50;200;-5;50;0.75;2;50;50;10;10;16;0.0368;1175;1175
14050712;176;g_000;1;5;30;line_consecutive;0.5;1176;6;22;10-15|7-14|14-19|6-16|12-26;7|4|4|8|5;111527.77999999996;111527.78;111527.78;111527.78;4.365574568510056e-11;0.0;0.0;eev,integrated,separated,ws;lintim;Mumford0;Mumford0;True;False;1e-05;12000;1;2;20;50;200;-5;50;0.75;2;50;50;10;10;16;0.0368;1176;1176
14050712;177;g_000;1;5;30;line_consecutive;0.5;1177;6;23;8-11|15-21|17-29|21-24|6-16;1|7|3|12|8;112216.63199999995;112216.632;112216.632;112216.632;4.365574568510056e-11;0.0;0.0;eev,integrated,separated,ws;lintim;Mumford0;Mumford0;True;False;1e-05;12000;1;2;20;50;200;-5;50;0.75;2;50;50;10;10;16;0.0368;1177;1177
14050712;178;g_000;1;5;30;line_consecutive;0.5;1178;6;24;1-29|6-7|28-30|10-15|2-25;3|4,10|3|7|1;109403.44399999996;109403.44400000355;109403.444;109403.444;3.594323061406612e-09;-3.5506673157215123e-09;-3.5506673157215123e-09;eev,integrated,separated,ws;lintim;Mumford0;Mumford0;True;False;1e-05;12000;1;2;20;50;200;-5;50;0.75;2;50;50;10;10;16;0.0368;1178;1178
14050712;179;g_000;1;5;30;line_consecutive;0.5;1179;6;25;15-24|12-15|8-11|17-29|5-8;5|5,11|1|3|6;111485.86399999996;111485.86399999767;111485.864;111485.864;-2.2846506908535957e-09;2.3283064365386963e-09;2.3283064365386963e-09;eev,integrated,separated,ws;lintim;Mumford0;Mumford0;True;False;1e-05;12000;1;2;20;50;200;-5;50;0.75;2;50;50;10;10;16;0.0368;1179;1179
14050712;180;g_000;1;5;30;line_consecutive;0.5;1180;6;26;19-23|18-23|9-13|17-29|1-13;11|2,11|3|3|3;108566.41599999995;108566.416;108566.416;108566.416;4.365574568510056e-11;0.0;0.0;eev,integrated,separated,ws;lintim;Mumford0;Mumford0;True;False;1e-05;12000;1;2;20;50;200;-5;50;0.75;2;50;50;10;10;16;0.0368;1180;1180
14050712;181;g_000;1;5;30;line_consecutive;0.5;1181;6;27;17-29|5-8|15-21|1-13|2-25;3|6|7|3|1;105133.53599999996;105133.536;105133.536;105133.536;2.9103830456733704e-11;0.0;0.0;eev,integrated,separated,ws;lintim;Mumford0;Mumford0;True;False;1e-05;12000;1;2;20;50;200;-5;50;0.75;2;50;50;10;10;16;0.0368;1181;1181
14050712;182;g_000;1;5;30;line_consecutive;0.5;1182;6;28;12-18|6-16|10-15|19-20|1-29;2,11|8|7|4|3;113590.14199989873;113590.14199999944;113590.142;113590.142;1.00713805295527e-07;5.675246939063071e-10;5.675246939063071e-10;eev,integrated,separated,ws;lintim;Mumford0;Mumford0;True;False;1e-05;12000;1;2;20;50;200;-5;50;0.75;2;50;50;10;10;16;0.0368;1182;1182
14050712;183;g_000;1;5;30;line_consecutive;0.5;1183;6;29;19-23|5-8|3-8|8-25|28-30;11|6|6,12|1|3;110698.06399999995;110698.064;110698.064;110698.064;4.365574568510056e-11;0.0;0.0;eev,integrated,separated,ws;lintim;Mumford0;Mumford0;True;False;1e-05;12000;1;2;20;50;200;-5;50;0.75;2;50;50;10;10;16;0.0368;1183;1183
14050712;184;g_000;1;8;30;line_consecutive;0.5;1184;7;0;15-24|8-17|2-25|8-15|1-23|21-24|1-13|18-23;5|10|1|10|2|12|3|2,11;108950.59999999996;110074.53999999884;111789.364;111789.364;1123.9399999988818;1714.8240000011574;1714.8240000011574;eev,integrated,separated,ws;lintim;Mumford0;Mumford0;True;False;1e-05;12000;1;2;20;50;200;-5;50;0.75;2;50;50;10;10;16;0.0368;1184;1184
14050712;185;g_000;1;8;30;line_consecutive;0.5;1185;7;1;7-14|1-23|14-19|15-24|10-15|12-15|9-27|18-23;4|2|4|5|7|5,11|9|2,11;111902.98399999995;111902.9840000656;111902.984;111902.984;6.564368959516288e-08;-6.560003384947778e-08;-6.560003384947778e-08;eev,integrated,separated,ws;lintim;Mumford0;Mumford0;True;False;1e-05;12000;1;2;20;50;200;-5;50;0.75;2;50;50;10;10;16;0.0368;1185;1185
14050712;186;g_000;1;8;30;line_consecutive;0.5;1186;7;2;8-15|19-20|14-19|8-21|2-4|8-11|9-27|1-14;10|4|4|12|2|1|9|2;117312.48999999998;117312.49;117312.49;117312.49000000002;2.9103830456733704e-11;0.0;1.4551915228366852e-11;eev,integrated,separated,ws;lintim;Mumford0;Mumford0;True;False;1e-05;12000;1;2;20;50;200;-5;50;0.75;2;50;50;10;10;16;0.0368;1186;1186
14050712;187;g_000;1;8;30;line_consecutive;0.5;1187;7;3;4-12|3-8|12-26|5-8|8-21|21-24|6-7|2-4;2|6,12|5|6|12|12|4,10|2;114033.62599999996;115336.44399999996;116029.632;115563.506;1302.8179999999993;693.1880000000383;227.0620000000345;eev,integrated,separated,ws;lintim;Mumford0;Mumford0;True;False;1e-05;12000;1;2;20;50;200;-5;50;0.75;2;50;50;10;10;16;0.0368;1187;1187
14050712;188;g_000;1;8;30;line_consecutive;0.5;1188;7;4;11-22|19-20|17-28|12-18|8-15|17-29|4-12|15-21;1|4|3|2,11|10|3|2|7;110722.73599999998;112436.202;114343.33;114343.33;1713.4660000000297;1907.127999999997;1907.127999999997;eev,integrated,separated,ws;lintim;Mumford0;Mumford0;True;False;1e-05;12000;1;2;20;50;200;-5;50;0.75;2;50;50;10;10;16;0.0368;1188;1188
14050712;189;g_000;1;8;30;line_consecutive;0.5;1189;7;5;17-28|2-15|12-18|3-8|9-13|1-23|15-21|8-15;3|10|2,11|6,12|3|2|7|10;110649.47399999996;112363.48799999998;113955.304;113955.304;1714.014000000025;1591.8160000000207;1591.8160000000207;eev,integrated,separated,ws;lintim;Mumford0;Mumford0;True;False;1e-05;12000;1;2;20;50;200;-5;50;0.75;2;50;50;10;10;16;0.0368;1189;1189
14050712;190;g_000;1;8;30;line_consecutive;0.5;1190;7;6;8-21|1-29|7-14|8-17|4-12|2-25|8-15|7-17;12|3|4|10|2|1|10|10;107780.89199999996;108086.24799999998;108086.248;108086.248;305.3560000000143;2.9103830456733704e-11;2.9103830456733704e-11;eev,integrated,separated,ws;lintim;Mumford0;Mumford0;True;False;1e-05;12000;1;2;20;50;200;-5;50;0.75;2;50;50;10;10;16;0.0368;1190;1190
14050712;191;g_000;1;8;30;line_consecutive;0.5;1191;7;7;17-28|2-15|8-11|15-21|7-17|8-25|2-25|8-17;3|10|1|7|10|1|1|10;110133.16799999998;111369.53799999984;112543.468;112543.468;1236.3699999998644;1173.930000000153;1173.930000000153;eev,integrated,separated,ws;lintim;Mumford0;Mumford0;True;False;1e-05;12000;1;2;20;50;200;-5;50;0.75;2;50;50;10;10;16;0.0368;1191;1191
14050712;192;g_000;1;8;30;line_consecutive;0.5;1192;7;8;17-28|4-12|12-15|12-18|8-15|6-7|1-29|3-8;3|2|5,11|2,11|10|4,10|3|6,12;105133.53599999996;105133.536;105133.536;105133.536;2.9103830456733704e-11;0.0;0.0;eev,integrated,separated,ws;lintim;Mumford0;Mumford0;True;False;1e-05;12000;1;2;20;50;200;-5;50;0.75;2;50;50;10;10;16;0.0368;1192;1192
14050712;193;g_000;1;8;30;line_consecutive;0.5;1193;7;9;11-22|6-7|7-14|2-4|15-21|9-27|2-25|12-15;1|4,10|4|2|7|9|1|5,11;109859.27799999996;109859.27799999996;109859.27799999998;109859.27799999998;0.0;1.4551915228366852e-11;1.4551915228366852e-11;eev,integrated,separated,ws;lintim;Mumford0;Mumford0;True;False;1e-05;12000;1;2;20;50;200;-5;50;0.75;2;50;50;10;10;16;0.0368;1193;1193
14050712;194;g_000;1;8;30;line_consecutive;0.5;1194;7;10;2-15|8-11|5-8|3-8|21-24|12-18|12-15|1-13;10|1|6|6,12|12|2,11|5,11|3;112944.21799999994;112944.21800000058;112944.21799999996;112944.21799999996;6.402842700481415e-10;-6.111804395914078e-10;-6.111804395914078e-10;eev,integrated,separated,ws;lintim;Mumford0;Mumford0;True;False;1e-05;12000;1;2;20;50;200;-5;50;0.75;2;50;50;10;10;16;0.0368;1194;1194
14050712;195;g_000;1;8;30;line_consecutive;0.5;1195;7;11;8-21|6-7|12-15|3-8|1-29|12-18|2-4|7-14;12|4,10|5,11|6,12|3|2,11|2|4;117775.27399999998;119648.64;122948.792;120114.07600000002;1873.366000000024;3300.152000000002;465.43600000001607;eev,integrated,separated,ws;lintim;Mumford0;Mumford0;True;False;1e-05;12000;1;2;20;50;200;-5;50;0.75;2;50;50;10;10;16;0.0368;1195;1195
14050712;196;g_000;1;8;30;line_consecutive;0.5;1196;7;12;1-13|8-21|8-11|8-25|9-27|3-8|6-7|7-17;3|12|1|1|9|6,12|4,10|10;110126.14399999996;110126.144;110126.144;110126.144;4.365574568510056e-11;0.0;0.0;eev,integrated,separated,ws;lintim;Mumford0;Mumford0;True;False;1e-05;12000;1;2;20;50;200;-5;50;0.75;2;50;50;10;10;16;0.0368;1196;1196
14050712;197;g_000;1;8;30;line_consecutive;0.5;1197;7;13;2-4|8-25|18-23|11-22|12-15|9-27|17-29|1-23;2|1|2,11|1|5,11|9|3|2;112218.82399999996;112218.824;112218.824;112218.82400000002;2.9103830456733704e-11;0.0;2.9103830456733704e-11;eev,integrated,separated,ws;lintim;Mumford0;Mumford0;True;False;1e-05;12000;1;2;20;50;200;-5;50;0.75;2;50;50;10;10;16;0.0368;1197;1197
14050712;198;g_000;1;8;30;line_consecutive;0.5;1198;7;14;28-30|17-29|9-13|18-23|12-18|8-21|12-15|8-11;3|3|3|2,11|2,11|12|5,11|1;107825.39199999996;108402.24800001788;109236.6879999994;109236.6879999994;576.8560000179132;834.4399999815214;834.4399999815214;eev,integrated,separated,ws;lintim;Mumford0;Mumford0;True;False;1e-05;12000;1;2;20;50;200;-5;50;0.75;2;50;50;10;10;16;0.0368;1198;1198
14050712;199;g_000;1;8;30;line_consecutive;0.5;1199;7;15;2-4|19-20|17-29|14-19|8-21|9-13|10-15|12-15;2|4|3|4|12|3|7|5,11;107664.63199999998;108036.41599999944;108311.036;108311.036;371.7839999994612;274.6200000005483;274.6200000005483;eev,integrated,separated,ws;lintim;Mumford0;Mumford0;True;False;1e-05;12000;1;2;20;50;200;-5;50;0.75;2;50;50;10;10;16;0.0368;1199;1199
14050712;200;g_000;1;8;30;line_consecutive;0.5;1200;7;16;28-30|12-15|12-18|2-15|1-23|18-23|8-15|8-17;3|5,11|2,11|10|2|2,11|10|10;110801.30399999996;110801.304;110801.30399999904;110801.30399999904;4.365574568510056e-11;-9.60426405072212e-10;-9.60426405072212e-10;eev,integrated,separated,ws;lintim;Mumford0;Mumford0;True;False;1e-05;12000;1;2;20;50;200;-5;50;0.75;2;50;50;10;10;16;0.0368;1200;1200
14050712;201;g_000;1;8;30;line_consecutive;0.5;1201;7;17;19-23|14-19|7-17|17-28|2-4|17-29|8-11|8-17;11|4|10|3|2|3|1|10;107843.73599999998;108215.51999999996;108534.304;108534.304;371.7839999999851;318.7840000000433;318.7840000000433;eev,integrated,separated,ws;lintim;Mumford0;Mumford0;True;False;1e-05;12000;1;2;20;50;200;-5;50;0.75;2;50;50;10;10;16;0.0368;1201;1201
14050712;202;g_000;1;8;30;line_consecutive;0.5;1202;7;18;8-21|14-19|28-30|2-25|12-15|11-22|4-12|1-14;12|4|3|1|5,11|1|2|2;116153.14399999996;117981.92799999722;119711.372;118552.24000000002;1828.783999997264;1729.4440000027826;570.3120000027993;eev,integrated,separated,ws;lintim;Mumford0;Mumford0;True;False;1e-05;12000;1;2;20;50;200;-5;50;0.75;2;50;50;10;10;16;0.0368;1202;1202
14050712;203;g_000;1;8;30;line_consecutive;0.5;1203;7;19;10-15|12-15|14-19|7-17|19-23|1-14|28-30|5-8;7|5,11|4|10|11|2|3|6;110190.21599999996;111579.03599999905;113597.776;113597.776;1388.8199999990902;2018.740000000951;2018.740000000951;eev,integrated,separated,ws;lintim;Mumford0;Mumford0;True;False;1e-05;12000;1;2;20;50;200;-5;50;0.75;2;50;50;10;10;16;0.0368;1203;1203
14050712;204;g_000;1;8;30;line_consecutive;0.5;1204;7;20;7-14|15-21|1-29|21-24|2-4|8-15|14-19|19-23;4|7|3|12|2|10|4|11;143609.95399999997;143609.95400000003;143609.954;143609.954;5.820766091346741e-11;-2.9103830456733704e-11;-2.9103830456733704e-11;eev,integrated,separated,ws;lintim;Mumford0;Mumford0;True;False;1e-05;12000;1;2;20;50;200;-5;50;0.75;2;50;50;10;10;16;0.0368;1204;1204
14050712;205;g_000;1;8;30;line_consecutive;0.5;1205;7;21;19-23|12-26|7-17|1-29|6-7|9-13|1-14|8-17;11|5|10|3|4,10|3|2|10;115264.73199999996;115264.73200000385;115264.732;115264.732;3.885361365973949e-09;-3.841705620288849e-09;-3.841705620288849e-09;eev,integrated,separated,ws;lintim;Mumford0;Mumford0;True;False;1e-05;12000;1;2;20;50;200;-5;50;0.75;2;50;50;10;10;16;0.0368;1205;1205
14050712;206;g_000;1;8;30;line_consecutive;0.5;1206;7;22;1-13|5-8|18-23|14-19|15-21|12-18|7-17|1-29;3|6|2,11|4|7|2,11|10|3;137397.6059999999;137397.60599999997;137397.606;137397.606;5.820766091346741e-11;2.9103830456733704e-11;2.9103830456733704e-11;eev,integrated,separated,ws;lintim;Mumford0;Mumford0;True;False;1e-05;12000;1;2;20;50;200;-5;50;0.75;2;50;50;10;10;16;0.0368;1206;1206
14050712;207;g_000;1;8;30;line_consecutive;0.5;1207;7;23;8-21|2-25|19-20|2-4|9-13|15-21|8-17|2-15;12|1|4|2|3|7|10|10;124573.13999999996;125961.96;127980.7;127980.7;1388.8200000000506;2018.7399999999907;2018.7399999999907;eev,integrated,separated,ws;lintim;Mumford0;Mumford0;True;False;1e-05;12000;1;2;20;50;200;-5;50;0.75;2;50;50;10;10;16;0.0368;1207;1207
14050712;208;g_000;1;8;30;line_consecutive;0.5;1208;7;24;28-30|8-21|2-15|5-8|1-29|3-8|18-23|11-22;3|12|10|6|3|6,12|2,11|1;174834.63999999996;178688.846;181289.71;178885.91800000003;3854.2060000000342;2600.8640000000014;197.07200000004377;eev,integrated,separated,ws;lintim;Mumford0;Mumford0;True;False;1e-05;12000;1;2;20;50;200;-5;50;0.75;2;50;50;10;10;16;0.0368;1208;1208
14050712;209;g_000;1;8;30;line_consecutive;0.5;1209;7;25;1-14|2-15|28-30|17-29|19-20|21-24|5-8|8-11;2|10|3|3|4|12|6|1;160133.59599999996;162957.61199999996;165558.476;163154.684;2824.0160000000037;2600.8640000000305;197.07200000004377;eev,integrated,separated,ws;lintim;Mumford0;Mumford0;True;False;1e-05;12000;1;2;20;50;200;-5;50;0.75;2;50;50;10;10;16;0.0368;1209;1209
14050712;210;g_000;1;8;30;line_consecutive;0.5;1210;7;26;8-21|8-17|4-12|17-28|1-29|14-19|3-8|6-16;12|10|2|3|3|4|6,12|8;116153.14399999996;117981.92799999722;119711.372;118552.24000000002;1828.783999997264;1729.4440000027826;570.3120000027993;eev,integrated,separated,ws;lintim;Mumford0;Mumford0;True;False;1e-05;12000;1;2;20;50;200;-5;50;0.75;2;50;50;10;10;16;0.0368;1210;1210
14050712;211;g_000;1;8;30;line_consecutive;0.5;1211;7;27;6-7|8-15|7-17|9-13|8-11|1-23|2-4|4-12;4,10|10|10|3|1|2|2|2;112032.62599999996;113421.44600000004;115262.904;115262.904;1388.8200000000795;1841.457999999955;1841.457999999955;eev,integrated,separated,ws;lintim;Mumford0;Mumford0;True;False;1e-05;12000;1;2;20;50;200;-5;50;0.75;2;50;50;10;10;16;0.0368;1211;1211
14050712;212;g_000;1;8;30;line_consecutive;0.5;1212;7;28;9-13|7-14|8-25|2-15|12-18|19-23|9-27|1-23;3|4|1|10|2,11|11|9|2;160365.86999999994;160365.87;160365.87;160365.87;5.820766091346741e-11;0.0;0.0;eev,integrated,separated,ws;lintim;Mumford0;Mumford0;True;False;1e-05;12000;1;2;20;50;200;-5;50;0.75;2;50;50;10;10;16;0.0368;1212;1212
14050712;213;g_000;1;8;30;line_consecutive;0.5;1213;7;29;8-11|12-26|2-4|19-23|10-15|1-29|28-30|7-14;1|5|2|11|7|3|3|4;115414.43999999996;115414.44000003776;115414.44;115414.44;3.780587576329708e-08;-3.776222001761198e-08;-3.776222001761198e-08;eev,integrated,separated,ws;lintim;Mumford0;Mumford0;True;False;1e-05;12000;1;2;20;50;200;-5;50;0.75;2;50;50;10;10;16;0.0368;1213;1213
14050712;214;g_000;1;1;30;line_all;0.5;1214;8;0;3-8;6,12;118408.55599999995;118408.55600000345;118408.556;118408.556;3.492459654808044e-09;-3.448803909122944e-09;-3.448803909122944e-09;eev,integrated,separated,ws;lintim;Mumford0;Mumford0;True;False;1e-05;12000;1;2;20;50;200;-5;50;0.75;2;50;50;10;10;16;0.0368;1214;1214
14050712;215;g_000;1;1;30;line_all;0.5;1215;8;1;1-13;3;114418.63799999996;114418.638;114418.638;114418.638;4.365574568510056e-11;0.0;0.0;eev,integrated,separated,ws;lintim;Mumford0;Mumford0;True;False;1e-05;12000;1;2;20;50;200;-5;50;0.75;2;50;50;10;10;16;0.0368;1215;1215
14050712;216;g_000;1;1;30;line_all;0.5;1216;8;2;19-20;4;130968.84399999998;130968.8436975388;130968.844;130968.844;-0.0003024611796718;0.0003024611942237;0.0003024611942237;eev,integrated,separated,ws;lintim;Mumford0;Mumford0;True;False;1e-05;12000;1;2;20;50;200;-5;50;0.75;2;50;50;10;10;16;0.0368;1216;1216
14050712;217;g_000;1;1;30;line_all;0.5;1217;8;3;7-14;4;119546.62199999996;120482.02400000828;120796.364;120482.024;935.4020000083256;314.33999999171647;-8.280039764940739e-09;eev,integrated,separated,ws;lintim;Mumford0;Mumford0;True;False;1e-05;12000;1;2;20;50;200;-5;50;0.75;2;50;50;10;10;16;0.0368;1217;1217
14050712;218;g_000;1;1;30;line_all;0.5;1218;8;4;8-25;1;112944.21799999994;112944.21800000058;112944.21799999996;112944.21799999996;6.402842700481415e-10;-6.111804395914078e-10;-6.111804395914078e-10;eev,integrated,separated,ws;lintim;Mumford0;Mumford0;True;False;1e-05;12000;1;2;20;50;200;-5;50;0.75;2;50;50;10;10;16;0.0368;1218;1218
14050712;219;g_000;1;1;30;line_all;0.5;1219;8;5;17-28;3;111259.27799999992;111259.27920947332;111259.278;111259.278;0.0012094733974663;-0.0012094733101548;-0.0012094733101548;eev,integrated,separated,ws;lintim;Mumford0;Mumford0;True;False;1e-05;12000;1;2;20;50;200;-5;50;0.75;2;50;50;10;10;16;0.0368;1219;1219
14050712;220;g_000;1;1;30;line_all;0.5;1220;8;6;28-30;3;117775.27399999998;119648.64;122948.792;120114.07600000002;1873.366000000024;3300.152000000002;465.43600000001607;eev,integrated,separated,ws;lintim;Mumford0;Mumford0;True;False;1e-05;12000;1;2;20;50;200;-5;50;0.75;2;50;50;10;10;16;0.0368;1220;1220
14050712;221;g_000;1;1;30;line_all;0.5;1221;8;7;9-13;3;117544.23999999998;118601.096;121435.81199999998;118601.096;1056.8560000000289;2834.7159999999712;0.0;eev,integrated,separated,ws;lintim;Mumford0;Mumford0;True;False;1e-05;12000;1;2;20;50;200;-5;50;0.75;2;50;50;10;10;16;0.0368;1221;1221
14050712;222;g_000;1;1;30;line_all;0.5;1222;8;8;1-29;3;110905.55199999997;111210.90799999904;111210.908;111210.908;305.35599999906844;9.60426405072212e-10;9.60426405072212e-10;eev,integrated,separated,ws;lintim;Mumford0;Mumford0;True;False;1e-05;12000;1;2;20;50;200;-5;50;0.75;2;50;50;10;10;16;0.0368;1222;1222
14050712;223;g_000;1;1;30;line_all;0.5;1223;8;9;21-24;12;116008.13199999995;116008.13199999998;116008.132;116008.132;2.9103830456733704e-11;1.4551915228366852e-11;1.4551915228366852e-11;eev,integrated,separated,ws;lintim;Mumford0;Mumford0;True;False;1e-05;12000;1;2;20;50;200;-5;50;0.75;2;50;50;10;10;16;0.0368;1223;1223
14050712;224;g_000;1;1;30;line_all;0.5;1224;8;10;8-21;12;112606.54199999996;114667.72;116523.46;116523.46;2061.1780000000435;1855.7400000000048;1855.7400000000048;eev,integrated,separated,ws;lintim;Mumford0;Mumford0;True;False;1e-05;12000;1;2;20;50;200;-5;50;0.75;2;50;50;10;10;16;0.0368;1224;1224
14050712;225;g_000;1;1;30;line_all;0.5;1225;8;11;2-15;10;112977.59799999995;114693.70199999795;116802.856;116802.856;1716.1039999979985;2109.154000002047;2109.154000002047;eev,integrated,separated,ws;lintim;Mumford0;Mumford0;True;False;1e-05;12000;1;2;20;50;200;-5;50;0.75;2;50;50;10;10;16;0.0368;1225;1225
14050712;226;g_000;1;1;30;line_all;0.5;1226;8;12;15-21;7;111540.94400000472;112814.81426794257;113988.744;113988.744;1273.8702679378475;1173.9297320574406;1173.9297320574406;eev,integrated,separated,ws;lintim;Mumford0;Mumford0;True;False;1e-05;12000;1;2;20;50;200;-5;50;0.75;2;50;50;10;10;16;0.0368;1226;1226
14050712;227;g_000;1;1;30;line_all;0.5;1227;8;13;7-17;10;114755.09999999992;117177.92999999976;118252.884;117177.93;2422.8299999998417;1074.9540000002453;2.3283064365386963e-10;eev,integrated,separated,ws;lintim;Mumford0;Mumford0;True;False;1e-05;12000;1;2;20;50;200;-5;50;0.75;2;50;50;10;10;16;0.0368;1227;1227
14050712;228;g_000;1;1;30;line_all;0.5;1228;8;14;19-23;11;126842.04399999998;129978.15985268143;131916.3120000001;130175.23200000002;3136.1158526814543;1938.1521473186583;197.07214731858403;eev,integrated,separated,ws;lintim;Mumford0;Mumford0;True;False;1e-05;12000;1;2;20;50;200;-5;50;0.75;2;50;50;10;10;16;0.0368;1228;1228
14050712;229;g_000;1;1;30;line_all;0.5;1229;8;15;2-4;2;130000.43799999997;131133.37399999998;131718.166;131297.91000000003;1132.936000000016;584.7920000000158;164.536000000051;eev,integrated,separated,ws;lintim;Mumford0;Mumford0;True;False;1e-05;12000;1;2;20;50;200;-5;50;0.75;2;50;50;10;10;16;0.0368;1229;1229
14050712;230;g_000;1;1;30;line_all;0.5;1230;8;16;8-17;10;108965.07599999996;109270.432;109270.432;109270.432;305.3560000000434;0.0;0.0;eev,integrated,separated,ws;lintim;Mumford0;Mumford0;True;False;1e-05;12000;1;2;20;50;200;-5;50;0.75;2;50;50;10;10;16;0.0368;1230;1230
14050712;231;g_000;1;1;30;line_all;0.5;1231;8;17;9-27;9;105133.53599999998;105133.53599999998;105133.536;105133.536;0.0;1.4551915228366852e-11;1.4551915228366852e-11;eev,integrated,separated,ws;lintim;Mumford0;Mumford0;True;False;1e-05;12000;1;2;20;50;200;-5;50;0.75;2;50;50;10;10;16;0.0368;1231;1231
14050712;232;g_000;1;1;30;line_all;0.5;1232;8;18;12-15;5,11;108965.07599999996;109270.432;109270.432;109270.432;305.3560000000434;0.0;0.0;eev,integrated,separated,ws;lintim;Mumford0;Mumford0;True;False;1e-05;12000;1;2;20;50;200;-5;50;0.75;2;50;50;10;10;16;0.0368;1232;1232
14050712;233;g_000;1;1;30;line_all;0.5;1233;8;19;14-19;4;110610.57599999996;110610.576;110610.576;110610.576;4.365574568510056e-11;0.0;0.0;eev,integrated,separated,ws;lintim;Mumford0;Mumford0;True;False;1e-05;12000;1;2;20;50;200;-5;50;0.75;2;50;50;10;10;16;0.0368;1233;1233
14050712;234;g_000;1;1;30;line_all;0.5;1234;8;20;8-15;10;108566.41599999995;108566.416;108566.416;108566.416;4.365574568510056e-11;0.0;0.0;eev,integrated,separated,ws;lintim;Mumford0;Mumford0;True;False;1e-05;12000;1;2;20;50;200;-5;50;0.75;2;50;50;10;10;16;0.0368;1234;1234
14050712;235;g_000;1;1;30;line_all;0.5;1235;8;21;12-18;2,11;112944.21799999994;112944.21800000058;112944.21799999996;112944.21799999996;6.402842700481415e-10;-6.111804395914078e-10;-6.111804395914078e-10;eev,integrated,separated,ws;lintim;Mumford0;Mumford0;True;False;1e-05;12000;1;2;20;50;200;-5;50;0.75;2;50;50;10;10;16;0.0368;1235;1235
14050712;236;g_000;1;1;30;line_all;0.5;1236;8;22;2-25;1;109525.71199999996;109525.712;109525.712;109525.712;4.365574568510056e-11;0.0;0.0;eev,integrated,separated,ws;lintim;Mumford0;Mumford0;True;False;1e-05;12000;1;2;20;50;200;-5;50;0.75;2;50;50;10;10;16;0.0368;1236;1236
14050712;237;g_000;1;1;30;line_all;0.5;1237;8;23;1-14;2;111485.86399999996;111485.86399999767;111485.864;111485.864;-2.2846506908535957e-09;2.3283064365386963e-09;2.3283064365386963e-09;eev,integrated,separated,ws;lintim;Mumford0;Mumford0;True;False;1e-05;12000;1;2;20;50;200;-5;50;0.75;2;50;50;10;10;16;0.0368;1237;1237
14050712;238;g_000;1;1;30;line_all;0.5;1238;8;24;1-23;2;112216.63199999995;112216.632;112216.632;112216.632;4.365574568510056e-11;0.0;0.0;eev,integrated,separated,ws;lintim;Mumford0;Mumford0;True;False;1e-05;12000;1;2;20;50;200;-5;50;0.75;2;50;50;10;10;16;0.0368;1238;1238
14050712;239;g_000;1;1;30;line_all;0.5;1239;8;25;6-7;4,10;110698.06399999995;110698.064;110698.064;110698.064;4.365574568510056e-11;0.0;0.0;eev,integrated,separated,ws;lintim;Mumford0;Mumford0;True;False;1e-05;12000;1;2;20;50;200;-5;50;0.75;2;50;50;10;10;16;0.0368;1239;1239
14050712;240;g_000;1;1;30;line_all;0.5;1240;8;26;8-11;1;111527.77999999996;111527.78;111527.78;111527.78;4.365574568510056e-11;0.0;0.0;eev,integrated,separated,ws;lintim;Mumford0;Mumford0;True;False;1e-05;12000;1;2;20;50;200;-5;50;0.75;2;50;50;10;10;16;0.0368;1240;1240
14050712;241;g_000;1;1;30;line_all;0.5;1241;8;27;11-22;1;105133.53599999996;105133.536;105133.536;105133.536;2.9103830456733704e-11;0.0;0.0;eev,integrated,separated,ws;lintim;Mumford0;Mumford0;True;False;1e-05;12000;1;2;20;50;200;-5;50;0.75;2;50;50;10;10;16;0.0368;1241;1241
14050712;242;g_000;1;1;30;line_all;0.5;1242;8;28;6-16;8;105133.53599999996;105133.536;105133.536;105133.536;2.9103830456733704e-11;0.0;0.0;eev,integrated,separated,ws;lintim;Mumford0;Mumford0;True;False;1e-05;12000;1;2;20;50;200;-5;50;0.75;2;50;50;10;10;16;0.0368;1242;1242
14050712;243;g_000;1;1;30;line_all;0.5;1243;8;29;12-26;5;110599.87599999996;112297.39579388412;113912.198;113912.198;1697.5197938841593;1614.8022061158845;1614.8022061158845;eev,integrated,separated,ws;lintim;Mumford0;Mumford0;True;False;1e-05;12000;1;2;20;50;200;-5;50;0.75;2;50;50;10;10;16;0.0368;1243;1243
14050712;244;g_000;2;1;30;line_all;0.5;1244;9;0;7-14,19-20;4;110801.30399999996;110801.304;110801.30399999904;110801.30399999904;4.365574568510056e-11;-9.60426405072212e-10;-9.60426405072212e-10;eev,integrated,separated,ws;lintim;Mumford0;Mumford0;True;False;1e-05;12000;1;2;20;50;200;-5;50;0.75;2;50;50;10;10;16;0.0368;1244;1244
14050712;245;g_000;2;1;30;line_all;0.5;1245;9;1;1-23,2-4;2;110133.16799999998;111369.53799999984;112543.468;112543.468;1236.3699999998644;1173.930000000153;1173.930000000153;eev,integrated,separated,ws;lintim;Mumford0;Mumford0;True;False;1e-05;12000;1;2;20;50;200;-5;50;0.75;2;50;50;10;10;16;0.0368;1245;1245
14050712;246;g_000;2;1;30;line_all;0.5;1246;9;2;1-14,1-23;2;107825.39199999996;108402.24800001788;109236.6879999994;109236.6879999994;576.8560000179132;834.4399999815214;834.4399999815214;eev,integrated,separated,ws;lintim;Mumford0;Mumford0;True;False;1e-05;12000;1;2;20;50;200;-5;50;0.75;2;50;50;10;10;16;0.0368;1246;1246
14050712;247;g_000;2;1;30;line_all;0.5;1247;9;3;3-8,5-8;6;107843.73599999998;108215.51999999996;108534.304;108534.304;371.7839999999851;318.7840000000433;318.7840000000433;eev,integrated,separated,ws;lintim;Mumford0;Mumford0;True;False;1e-05;12000;1;2;20;50;200;-5;50;0.75;2;50;50;10;10;16;0.0368;1247;1247
14050712;248;g_000;2;1;30;line_all;0.5;1248;9;4;7-17,8-15;10;110722.73599999998;112436.202;114343.33;114343.33;1713.4660000000297;1907.127999999997;1907.127999999997;eev,integrated,separated,ws;lintim;Mumford0;Mumford0;True;False;1e-05;12000;1;2;20;50;200;-5;50;0.75;2;50;50;10;10;16;0.0368;1248;1248
14050712;249;g_000;2;1;30;line_all;0.5;1249;9;5;1-13,17-28;3;105133.53599999996;105133.53600000004;105133.536;105133.536;7.275957614183426e-11;-4.365574568510056e-11;-4.365574568510056e-11;eev,integrated,separated,ws;lintim;Mumford0;Mumford0;True;False;1e-05;12000;1;2;20;50;200;-5;50;0.75;2;50;50;10;10;16;0.0368;1249;1249
14050712;250;g_000;2;1;30;line_all;0.5;1250;9;6;6-7,7-17;10;117775.27399999998;119648.64;122948.792;120114.07600000002;1873.366000000024;3300.152000000002;465.43600000001607;eev,integrated,separated,ws;lintim;Mumford0;Mumford0;True;False;1e-05;12000;1;2;20;50;200;-5;50;0.75;2;50;50;10;10;16;0.0368;1250;1250
14050712;251;g_000;2;1;30;line_all;0.5;1251;9;7;17-28,17-29;3;109859.27799999996;109859.27799999996;109859.27799999998;109859.27799999998;0.0;1.4551915228366852e-11;1.4551915228366852e-11;eev,integrated,separated,ws;lintim;Mumford0;Mumford0;True;False;1e-05;12000;1;2;20;50;200;-5;50;0.75;2;50;50;10;10;16;0.0368;1251;1251
14050712;252;g_000;2;1;30;line_all;0.5;1252;9;8;12-18,18-23;2,11;110649.47399999996;112363.48799999998;113955.304;113955.304;1714.014000000025;1591.8160000000207;1591.8160000000207;eev,integrated,separated,ws;lintim;Mumford0;Mumford0;True;False;1e-05;12000;1;2;20;50;200;-5;50;0.75;2;50;50;10;10;16;0.0368;1252;1252
14050712;253;g_000;2;1;30;line_all;0.5;1253;9;9;1-29,17-28;3;160133.59599999996;162957.61199999996;165558.476;163154.684;2824.0160000000037;2600.8640000000305;197.07200000004377;eev,integrated,separated,ws;lintim;Mumford0;Mumford0;True;False;1e-05;12000;1;2;20;50;200;-5;50;0.75;2;50;50;10;10;16;0.0368;1253;1253
14050712;254;g_000;2;1;30;line_all;0.5;1254;9;10;12-18,19-23;11;109403.44399999996;109403.44400000355;109403.444;109403.444;3.594323061406612e-09;-3.5506673157215123e-09;-3.5506673157215123e-09;eev,integrated,separated,ws;lintim;Mumford0;Mumford0;True;False;1e-05;12000;1;2;20;50;200;-5;50;0.75;2;50;50;10;10;16;0.0368;1254;1254
14050712;255;g_000;2;1;30;line_all;0.5;1255;9;11;8-11,8-25;1;108950.59999999996;110074.53999999884;111789.364;111789.364;1123.9399999988818;1714.8240000011574;1714.8240000011574;eev,integrated,separated,ws;lintim;Mumford0;Mumford0;True;False;1e-05;12000;1;2;20;50;200;-5;50;0.75;2;50;50;10;10;16;0.0368;1255;1255
14050712;256;g_000;2;1;30;line_all;0.5;1256;9;12;8-21,21-24;12;107664.63199999998;108036.41599999944;108311.036;108311.036;371.7839999994612;274.6200000005483;274.6200000005483;eev,integrated,separated,ws;lintim;Mumford0;Mumford0;True;False;1e-05;12000;1;2;20;50;200;-5;50;0.75;2;50;50;10;10;16;0.0368;1256;1256
14050712;257;g_000;2;1;30;line_all;0.5;1257;9;13;12-15,15-24;5;114033.62599999996;115336.44399999996;116029.632;115563.506;1302.8179999999993;693.1880000000383;227.0620000000345;eev,integrated,separated,ws;lintim;Mumford0;Mumford0;True;False;1e-05;12000;1;2;20;50;200;-5;50;0.75;2;50;50;10;10;16;0.0368;1257;1257
14050712;258;g_000;2;1;30;line_all;0.5;1258;9;14;6-7,8-17;10;110888.43199999996;110888.432;110888.432;110888.432;4.365574568510056e-11;0.0;0.0;eev,integrated,separated,ws;lintim;Mumford0;Mumford0;True;False;1e-05;12000;1;2;20;50;200;-5;50;0.75;2;50;50;10;10;16;0.0368;1258;1258
14050712;259;g_000;2;1;30;line_all;0.5;1259;9;15;1-13,17-29;3;110126.14399999996;110126.144;110126.144;110126.144;4.365574568510056e-11;0.0;0.0;eev,integrated,separated,ws;lintim;Mumford0;Mumford0;True;False;1e-05;12000;1;2;20;50;200;-5;50;0.75;2;50;50;10;10;16;0.0368;1259;1259
14050712;260;g_000;2;1;30;line_all;0.5;1260;9;16;8-11,11-22;1;105133.53599999996;105133.536;105133.536;105133.536;2.9103830456733704e-11;0.0;0.0;eev,integrated,separated,ws;lintim;Mumford0;Mumford0;True;False;1e-05;12000;1;2;20;50;200;-5;50;0.75;2;50;50;10;10;16;0.0368;1260;1260
14050712;261;g_000;2;1;30;line_all;0.5;1261;9;17;2-4,18-23;2;117312.48999999998;117312.49;117312.49;117312.49000000002;2.9103830456733704e-11;0.0;1.4551915228366852e-11;eev,integrated,separated,ws;lintim;Mumford0;Mumford0;True;False;1e-05;12000;1;2;20;50;200;-5;50;0.75;2;50;50;10;10;16;0.0368;1261;1261
14050712;262;g_000;2;1;30;line_all;0.5;1262;9;18;1-14,12-18;2;143609.95399999997;143609.95400000003;143609.954;143609.954;5.820766091346741e-11;-2.9103830456733704e-11;-2.9103830456733704e-11;eev,integrated,separated,ws;lintim;Mumford0;Mumford0;True;False;1e-05;12000;1;2;20;50;200;-5;50;0.75;2;50;50;10;10;16;0.0368;1262;1262
14050712;263;g_000;2;1;30;line_all;0.5;1263;9;19;4-12,12-18;2;115264.73199999996;115264.73200000385;115264.732;115264.732;3.885361365973949e-09;-3.841705620288849e-09;-3.841705620288849e-09;eev,integrated,separated,ws;lintim;Mumford0;Mumford0;True;False;1e-05;12000;1;2;20;50;200;-5;50;0.75;2;50;50;10;10;16;0.0368;1263;1263
14050712;264;g_000;2;1;30;line_all;0.5;1264;9;20;1-14,4-12;2;137397.6059999999;137397.60599999997;137397.606;137397.606;5.820766091346741e-11;2.9103830456733704e-11;2.9103830456733704e-11;eev,integrated,separated,ws;lintim;Mumford0;Mumford0;True;False;1e-05;12000;1;2;20;50;200;-5;50;0.75;2;50;50;10;10;16;0.0368;1264;1264
14050712;265;g_000;2;1;30;line_all;0.5;1265;9;21;1-13,1-29;3;124573.13999999996;125961.96;127980.7;127980.7;1388.8200000000506;2018.7399999999907;2018.7399999999907;eev,integrated,separated,ws;lintim;Mumford0;Mumford0;True;False;1e-05;12000;1;2;20;50;200;-5;50;0.75;2;50;50;10;10;16;0.0368;1265;1265
14050712;266;g_000;2;1;30;line_all;0.5;1266;9;22;1-23,18-23;2;174834.63999999996;178688.846;181289.71;178885.91800000003;3854.2060000000342;2600.8640000000014;197.07200000004377;eev,integrated,separated,ws;lintim;Mumford0;Mumford0;True;False;1e-05;12000;1;2;20;50;200;-5;50;0.75;2;50;50;10;10;16;0.0368;1266;1266
14050712;267;g_000;2;1;30;line_all;0.5;1267;9;23;1-13,28-30;3;160133.59599999996;162957.61199999996;165558.476;163154.684;2824.0160000000037;2600.8640000000305;197.07200000004377;eev,integrated,separated,ws;lintim;Mumford0;Mumford0;True;False;1e-05;12000;1;2;20;50;200;-5;50;0.75;2;50;50;10;10;16;0.0368;1267;1267
14050712;268;g_000;2;1;30;line_all;0.5;1268;9;24;9-13,17-28;3;116153.14399999996;117981.92799999722;119711.372;118552.24000000002;1828.783999997264;1729.4440000027826;570.3120000027993;eev,integrated,separated,ws;lintim;Mumford0;Mumford0;True;False;1e-05;12000;1;2;20;50;200;-5;50;0.75;2;50;50;10;10;16;0.0368;1268;1268
14050712;269;g_000;2;1;30;line_all;0.5;1269;9;25;3-8,8-21;12;112032.62599999996;113421.44600000004;115262.904;115262.904;1388.8200000000795;1841.457999999955;1841.457999999955;eev,integrated,separated,ws;lintim;Mumford0;Mumford0;True;False;1e-05;12000;1;2;20;50;200;-5;50;0.75;2;50;50;10;10;16;0.0368;1269;1269
14050712;270;g_000;2;1;30;line_all;0.5;1270;9;26;2-4,4-12;2;160365.86999999994;160365.87;160365.87;160365.87;5.820766091346741e-11;0.0;0.0;eev,integrated,separated,ws;lintim;Mumford0;Mumford0;True;False;1e-05;12000;1;2;20;50;200;-5;50;0.75;2;50;50;10;10;16;0.0368;1270;1270
14050712;271;g_000;2;1;30;line_all;0.5;1271;9;27;7-14,14-19;4;115414.43999999996;115414.44000003776;115414.44;115414.44;3.780587576329708e-08;-3.776222001761198e-08;-3.776222001761198e-08;eev,integrated,separated,ws;lintim;Mumford0;Mumford0;True;False;1e-05;12000;1;2;20;50;200;-5;50;0.75;2;50;50;10;10;16;0.0368;1271;1271
14050712;272;g_000;2;1;30;line_all;0.5;1272;9;28;2-15,8-15;10;118408.55599999995;118408.55600000345;118408.556;118408.556;3.492459654808044e-09;-3.448803909122944e-09;-3.448803909122944e-09;eev,integrated,separated,ws;lintim;Mumford0;Mumford0;True;False;1e-05;12000;1;2;20;50;200;-5;50;0.75;2;50;50;10;10;16;0.0368;1272;1272
14050712;273;g_000;2;1;30;line_all;0.5;1273;9;29;1-13,9-13;3;114418.63799999996;114418.638;114418.638;114418.638;4.365574568510056e-11;0.0;0.0;eev,integrated,separated,ws;lintim;Mumford0;Mumford0;True;False;1e-05;12000;1;2;20;50;200;-5;50;0.75;2;50;50;10;10;16;0.0368;1273;1273
14050712;274;g_000;3;1;30;line_all;0.5;1274;10;0;4-12,12-18,18-23;2;130968.84399999998;130968.8436975388;130968.844;130968.844;-0.0003024611796718;0.0003024611942237;0.0003024611942237;eev,integrated,separated,ws;lintim;Mumford0;Mumford0;True;False;1e-05;12000;1;2;20;50;200;-5;50;0.75;2;50;50;10;10;16;0.0368;1274;1274
14050712;275;g_000;3;1;30;line_all;0.5;1275;10;1;6-7,7-17,8-15;10;119546.62199999996;120482.02400000828;120796.364;120482.024;935.4020000083256;314.33999999171647;-8.280039764940739e-09;eev,integrated,separated,ws;lintim;Mumford0;Mumford0;True;False;1e-05;12000;1;2;20;50;200;-5;50;0.75;2;50;50;10;10;16;0.0368;1275;1275
14050712;276;g_000;3;1;30;line_all;0.5;1276;10;2;8-11,8-25,11-22;1;112944.21799999994;112944.21800000058;112944.21799999996;112944.21799999996;6.402842700481415e-10;-6.111804395914078e-10;-6.111804395914078e-10;eev,integrated,separated,ws;lintim;Mumford0;Mumford0;True;False;1e-05;12000;1;2;20;50;200;-5;50;0.75;2;50;50;10;10;16;0.0368;1276;1276
14050712;277;g_000;3;1;30;line_all;0.5;1277;10;3;1-14,4-12,18-23;2;111259.27799999992;111259.27920947332;111259.278;111259.278;0.0012094733974663;-0.0012094733101548;-0.0012094733101548;eev,integrated,separated,ws;lintim;Mumford0;Mumford0;True;False;1e-05;12000;1;2;20;50;200;-5;50;0.75;2;50;50;10;10;16;0.0368;1277;1277
14050712;278;g_000;3;1;30;line_all;0.5;1278;10;4;12-15,12-18,18-23;11;117775.27399999998;119648.64;122948.792;120114.07600000002;1873.366000000024;3300.152000000002;465.43600000001607;eev,integrated,separated,ws;lintim;Mumford0;Mumford0;True;False;1e-05;12000;1;2;20;50;200;-5;50;0.75;2;50;50;10;10;16;0.0368;1278;1278
14050712;279;g_000;3;1;30;line_all;0.5;1279;10;5;17-28,17-29,28-30;3;117544.23999999998;118601.096;121435.81199999998;118601.096;1056.8560000000289;2834.7159999999712;0.0;eev,integrated,separated,ws;lintim;Mumford0;Mumford0;True;False;1e-05;12000;1;2;20;50;200;-5;50;0.75;2;50;50;10;10;16;0.0368;1279;1279
14050712;280;g_000;3;1;30;line_all;0.5;1280;10;6;12-15,12-26,15-24;5;110905.55199999997;111210.90799999904;111210.908;111210.908;305.35599999906844;9.60426405072212e-10;9.60426405072212e-10;eev,integrated,separated,ws;lintim;Mumford0;Mumford0;True;False;1e-05;12000;1;2;20;50;200;-5;50;0.75;2;50;50;10;10;16;0.0368;1280;1280
14050712;281;g_000;3;1;30;line_all;0.5;1281;10;7;12-18,18-23,19-23;11;116008.13199999995;116008.13199999998;116008.132;116008.132;2.9103830456733704e-11;1.4551915228366852e-11;1.4551915228366852e-11;eev,integrated,separated,ws;lintim;Mumford0;Mumford0;True;False;1e-05;12000;1;2;20;50;200;-5;50;0.75;2;50;50;10;10;16;0.0368;1281;1281
14050712;282;g_000;3;1;30;line_all;0.5;1282;10;8;1-14,1-23,4-12;2;112606.54199999996;114667.72;116523.46;116523.46;2061.1780000000435;1855.7400000000048;1855.7400000000048;eev,integrated,separated,ws;lintim;Mumford0;Mumford0;True;False;1e-05;12000;1;2;20;50;200;-5;50;0.75;2;50;50;10;10;16;0.0368;1282;1282
14050712;283;g_000;3;1;30;line_all;0.5;1283;10;9;1-13,1-29,9-13;3;112977.59799999995;114693.70199999795;116802.856;116802.856;1716.1039999979985;2109.154000002047;2109.154000002047;eev,integrated,separated,ws;lintim;Mumford0;Mumford0;True;False;1e-05;12000;1;2;20;50;200;-5;50;0.75;2;50;50;10;10;16;0.0368;1283;1283
14050712;284;g_000;3;1;30;line_all;0.5;1284;10;10;2-15,6-7,7-17;10;111540.94400000472;112814.81426794257;113988.744;113988.744;1273.8702679378475;1173.9297320574406;1173.9297320574406;eev,integrated,separated,ws;lintim;Mumford0;Mumford0;True;False;1e-05;12000;1;2;20;50;200;-5;50;0.75;2;50;50;10;10;16;0.0368;1284;1284
14050712;285;g_000;3;1;30;line_all;0.5;1285;10;11;1-29,9-13,17-28;3;114755.09999999992;117177.92999999976;118252.884;117177.93;2422.8299999998417;1074.9540000002453;2.3283064365386963e-10;eev,integrated,separated,ws;lintim;Mumford0;Mumford0;True;False;1e-05;12000;1;2;20;50;200;-5;50;0.75;2;50;50;10;10;16;0.0368;1285;1285
14050712;286;g_000;3;1;30;line_all;0.5;1286;10;12;1-14,2-4,12-18;2;126842.04399999998;129978.15985268143;131916.3120000001;130175.23200000002;3136.1158526814543;1938.1521473186583;197.07214731858403;eev,integrated,separated,ws;lintim;Mumford0;Mumford0;True;False;1e-05;12000;1;2;20;50;200;-5;50;0.75;2;50;50;10;10;16;0.0368;1286;1286
14050712;287;g_000;3;1;30;line_all;0.5;1287;10;13;1-23,4-12,18-23;2;130000.43799999997;131133.37399999998;131718.166;131297.91000000003;1132.936000000016;584.7920000000158;164.536000000051;eev,integrated,separated,ws;lintim;Mumford0;Mumford0;True;False;1e-05;12000;1;2;20;50;200;-5;50;0.75;2;50;50;10;10;16;0.0368;1287;1287
14050712;288;g_000;3;1;30;line_all;0.5;1288;10;14;9-13,17-29,28-30;3;108965.07599999996;109270.432;109270.432;109270.432;305.3560000000434;0.0;0.0;eev,integrated,separated,ws;lintim;Mumford0;Mumford0;True;False;1e-05;12000;1;2;20;50;200;-5;50;0.75;2;50;50;10;10;16;0.0368;1288;1288
14050712;289;g_000;3;1;30;line_all;0.5;1289;10;15;1-29,17-29,28-30;3;105133.53599999998;105133.53599999998;105133.536;105133.536;0.0;1.4551915228366852e-11;1.4551915228366852e-11;eev,integrated,separated,ws;lintim;Mumford0;Mumford0;True;False;1e-05;12000;1;2;20;50;200;-5;50;0.75;2;50;50;10;10;16;0.0368;1289;1289
14050712;290;g_000;3;1;30;line_all;0.5;1290;10;16;1-13,17-28,17-29;3;116153.14399999996;117981.92799999722;119711.372;118552.24000000002;1828.783999997264;1729.4440000027826;570.3120000027993;eev,integrated,separated,ws;lintim;Mumford0;Mumford0;True;False;1e-05;12000;1;2;20;50;200;-5;50;0.75;2;50;50;10;10;16;0.0368;1290;1290
14050712;291;g_000;3;1;30;line_all;0.5;1291;10;17;7-14,14-19,19-20;4;105133.53599999996;105133.53600000004;105133.536;105133.536;7.275957614183426e-11;-4.365574568510056e-11;-4.365574568510056e-11;eev,integrated,separated,ws;lintim;Mumford0;Mumford0;True;False;1e-05;12000;1;2;20;50;200;-5;50;0.75;2;50;50;10;10;16;0.0368;1291;1291
14050712;292;g_000;3;1;30;line_all;0.5;1292;10;18;6-7,7-14,14-19;4;109525.71199999996;109525.712;109525.712;109525.712;4.365574568510056e-11;0.0;0.0;eev,integrated,separated,ws;lintim;Mumford0;Mumford0;True;False;1e-05;12000;1;2;20;50;200;-5;50;0.75;2;50;50;10;10;16;0.0368;1292;1292
14050712;293;g_000;3;1;30;line_all;0.5;1293;10;19;7-17,8-15,8-17;10;108950.59999999996;110074.53999999884;111789.364;111789.364;1123.9399999988818;1714.8240000011574;1714.8240000011574;eev,integrated,separated,ws;lintim;Mumford0;Mumford0;True;False;1e-05;12000;1;2;20;50;200;-5;50;0.75;2;50;50;10;10;16;0.0368;1293;1293
14050712;294;g_000;3;1;30;line_all;0.5;1294;10;20;1-29,9-13,17-29;3;105133.53599999996;105133.536;105133.536;105133.536;2.9103830456733704e-11;0.0;0.0;eev,integrated,separated,ws;lintim;Mumford0;Mumford0;True;False;1e-05;12000;1;2;20;50;200;-5;50;0.75;2;50;50;10;10;16;0.0368;1294;1294
14050712;295;g_000;3;1;30;line_all;0.5;1295;10;21;2-4,4-12,12-18;2;110599.87599999996;112297.39579388412;113912.198;113912.198;1697.5197938841593;1614.8022061158845;1614.8022061158845;eev,integrated,separated,ws;lintim;Mumford0;Mumford0;True;False;1e-05;12000;1;2;20;50;200;-5;50;0.75;2;50;50;10;10;16;0.0368;1295;1295
14050712;296;g_000;3;1;30;line_all;0.5;1296;10;22;2-4,4-12,18-23;2;117775.27399999998;119648.64;122948.792;120114.07600000002;1873.366000000024;3300.152000000002;465.43600000001607;eev,integrated,separated,ws;lintim;Mumford0;Mumford0;True;False;1e-05;12000;1;2;20;50;200;-5;50;0.75;2;50;50;10;10;16;0.0368;1296;1296
14050712;297;g_000;3;1;30;line_all;0.5;1297;10;23;2-25,8-11,8-25;1;105133.53599999996;105133.536;105133.536;105133.536;2.9103830456733704e-11;0.0;0.0;eev,integrated,separated,ws;lintim;Mumford0;Mumford0;True;False;1e-05;12000;1;2;20;50;200;-5;50;0.75;2;50;50;10;10;16;0.0368;1297;1297
14050712;298;g_000;3;1;30;line_all;0.5;1298;10;24;1-13,1-29,17-28;3;107780.89199999996;108086.24799999998;108086.248;108086.248;305.3560000000143;2.9103830456733704e-11;2.9103830456733704e-11;eev,integrated,separated,ws;lintim;Mumford0;Mumford0;True;False;1e-05;12000;1;2;20;50;200;-5;50;0.75;2;50;50;10;10;16;0.0368;1298;1298
14050712;299;g_000;3;1;30;line_all;0.5;1299;10;25;1-14,2-4,4-12;2;110722.73599999998;112436.202;114343.33;114343.33;1713.4660000000297;1907.127999999997;1907.127999999997;eev,integrated,separated,ws;lintim;Mumford0;Mumford0;True;False;1e-05;12000;1;2;20;50;200;-5;50;0.75;2;50;50;10;10;16;0.0368;1299;1299
14050712;300;g_000;3;1;30;line_all;0.5;1300;10;26;3-8,8-21,21-24;12;111527.77999999996;111527.78;111527.78;111527.78;4.365574568510056e-11;0.0;0.0;eev,integrated,separated,ws;lintim;Mumford0;Mumford0;True;False;1e-05;12000;1;2;20;50;200;-5;50;0.75;2;50;50;10;10;16;0.0368;1300;1300
14050712;301;g_000;3;1;30;line_all;0.5;1301;10;27;2-25,8-25,11-22;1;105133.53599999996;105133.536;105133.536;105133.536;2.9103830456733704e-11;0.0;0.0;eev,integrated,separated,ws;lintim;Mumford0;Mumford0;True;False;1e-05;12000;1;2;20;50;200;-5;50;0.75;2;50;50;10;10;16;0.0368;1301;1301
14050712;302;g_000;3;1;30;line_all;0.5;1302;10;28;1-13,1-29,28-30;3;111485.86399999996;111485.86399999767;111485.864;111485.864;-2.2846506908535957e-09;2.3283064365386963e-09;2.3283064365386963e-09;eev,integrated,separated,ws;lintim;Mumford0;Mumford0;True;False;1e-05;12000;1;2;20;50;200;-5;50;0.75;2;50;50;10;10;16;0.0368;1302;1302
14050712;303;g_000;3;1;30;line_all;0.5;1303;10;29;2-4,12-18,18-23;2;110190.21599999996;111579.03599999905;113597.776;113597.776;1388.8199999990902;2018.740000000951;2018.740000000951;eev,integrated,separated,ws;lintim;Mumford0;Mumford0;True;False;1e-05;12000;1;2;20;50;200;-5;50;0.75;2;50;50;10;10;16;0.0368;1303;1303
14050712;304;g_000;1;1;30;share_stop;0.5;1304;11;0;1-19;;107664.63199999998;108036.41599999944;108311.036;108311.036;371.7839999994612;274.6200000005483;274.6200000005483;eev,integrated,separated,ws;lintim;Mumford0;Mumford0;True;False;1e-05;12000;1;2;20;50;200;-5;50;0.75;2;50;50;10;10;16;0.0368;1304;1304
14050712;305;g_000;1;1;30;share_stop;0.5;1305;11;1;9-13;;114033.62599999996;115336.44399999996;116029.632;115563.506;1302.8179999999993;693.1880000000383;227.0620000000345;eev,integrated,separated,ws;lintim;Mumford0;Mumford0;True;False;1e-05;12000;1;2;20;50;200;-5;50;0.75;2;50;50;10;10;16;0.0368;1305;1305
14050712;306;g_000;1;1;30;share_stop;0.5;1306;11;2;4-15;;112218.82399999996;112218.824;112218.824;112218.82400000002;2.9103830456733704e-11;0.0;2.9103830456733704e-11;eev,integrated,separated,ws;lintim;Mumford0;Mumford0;True;False;1e-05;12000;1;2;20;50;200;-5;50;0.75;2;50;50;10;10;16;0.0368;1306;1306
14050712;307;g_000;1;1;30;share_stop;0.5;1307;11;3;15-21;;109859.27799999996;109859.27799999996;109859.27799999998;109859.27799999998;0.0;1.4551915228366852e-11;1.4551915228366852e-11;eev,integrated,separated,ws;lintim;Mumford0;Mumford0;True;False;1e-05;12000;1;2;20;50;200;-5;50;0.75;2;50;50;10;10;16;0.0368;1307;1307
14050712;308;g_000;1;1;30;share_stop;0.5;1308;11;4;11-22;;108965.07599999996;109270.432;109270.432;109270.432;305.3560000000434;0.0;0.0;eev,integrated,separated,ws;lintim;Mumford0;Mumford0;True;False;1e-05;12000;1;2;20;50;200;-5;50;0.75;2;50;50;10;10;16;0.0368;1308;1308
14050712;309;g_000;1;1;30;share_stop;0.5;1309;11;5;4-12;;117312.48999999998;117312.49;117312.49;117312.49000000002;2.9103830456733704e-11;0.0;1.4551915228366852e-11;eev,integrated,separated,ws;lintim;Mumford0;Mumford0;True;False;1e-05;12000;1;2;20;50;200;-5;50;0.75;2;50;50;10;10;16;0.0368;1309;1309
14050712;310;g_000;1;1;30;share_stop;0.5;1310;11;6;6-7;;110888.43199999996;110888.432;110888.432;110888.432;4.365574568510056e-11;0.0;0.0;eev,integrated,separated,ws;lintim;Mumford0;Mumford0;True;False;1e-05;12000;1;2;20;50;200;-5;50;0.75;2;50;50;10;10;16;0.0368;1310;1310
14050712;311;g_000;1;1;30;share_stop;0.5;1311;11;7;18-20;;109403.44399999996;109403.44400000355;109403.444;109403.444;3.594323061406612e-09;-3.5506673157215123e-09;-3.5506673157215123e-09;eev,integrated,separated,ws;lintim;Mumford0;Mumford0;True;False;1e-05;12000;1;2;20;50;200;-5;50;0.75;2;50;50;10;10;16;0.0368;1311;1311
14050712;312;g_000;1;1;30;share_stop;0.5;1312;11;8;3-28;;112944.21799999994;112944.21800000058;112944.21799999996;112944.21799999996;6.402842700481415e-10;-6.111804395914078e-10;-6.111804395914078e-10;eev,integrated,separated,ws;lintim;Mumford0;Mumford0;True;False;1e-05;12000;1;2;20;50;200;-5;50;0.75;2;50;50;10;10;16;0.0368;1312;1312
14050712;313;g_000;1;1;30;share_stop;0.5;1313;11;9;21-24;;110126.14399999996;110126.144;110126.144;110126.144;4.365574568510056e-11;0.0;0.0;eev,integrated,separated,ws;lintim;Mumford0;Mumford0;True;False;1e-05;12000;1;2;20;50;200;-5;50;0.75;2;50;50;10;10;16;0.0368;1313;1313
14050712;314;g_000;1;1;30;share_stop;0.5;1314;11;10;8-15;;107843.73599999998;108215.51999999996;108534.304;108534.304;371.7839999999851;318.7840000000433;318.7840000000433;eev,integrated,separated,ws;lintim;Mumford0;Mumford0;True;False;1e-05;12000;1;2;20;50;200;-5;50;0.75;2;50;50;10;10;16;0.0368;1314;1314
14050712;315;g_000;1;1;30;share_stop;0.5;1315;11;11;9-20;;112216.63199999995;112216.632;112216.632;112216.632;4.365574568510056e-11;0.0;0.0;eev,integrated,separated,ws;lintim;Mumford0;Mumford0;True;False;1e-05;12000;1;2;20;50;200;-5;50;0.75;2;50;50;10;10;16;0.0368;1315;1315
14050712;316;g_000;1;1;30;share_stop;0.5;1316;11;12;12-18;;108566.41599999995;108566.416;108566.416;108566.416;4.365574568510056e-11;0.0;0.0;eev,integrated,separated,ws;lintim;Mumford0;Mumford0;True;False;1e-05;12000;1;2;20;50;200;-5;50;0.75;2;50;50;10;10;16;0.0368;1316;1316
14050712;317;g_000;1;1;30;share_stop;0.5;1317;11;13;7-22;;110649.47399999996;112363.48799999998;113955.304;113955.304;1714.014000000025;1591.8160000000207;1591.8160000000207;eev,integrated,separated,ws;lintim;Mumford0;Mumford0;True;False;1e-05;12000;1;2;20;50;200;-5;50;0.75;2;50;50;10;10;16;0.0368;1317;1317
14050712;318;g_000;1;1;30;share_stop;0.5;1318;11;14;3-7;;110698.06399999995;110698.064;110698.064;110698.064;4.365574568510056e-11;0.0;0.0;eev,integrated,separated,ws;lintim;Mumford0;Mumford0;True;False;1e-05;12000;1;2;20;50;200;-5;50;0.75;2;50;50;10;10;16;0.0368;1318;1318
14050712;319;g_000;1;1;30;share_stop;0.5;1319;11;15;2-5;;113590.14199989873;113590.14199999944;113590.142;113590.142;1.00713805295527e-07;5.675246939063071e-10;5.675246939063071e-10;eev,integrated,separated,ws;lintim;Mumford0;Mumford0;True;False;1e-05;12000;1;2;20;50;200;-5;50;0.75;2;50;50;10;10;16;0.0368;1319;1319
14050712;320;g_000;1;1;30;share_stop;0.5;1320;11;16;16-22;;143609.95399999997;143609.95400000003;143609.954;143609.954;5.820766091346741e-11;-2.9103830456733704e-11;-2.9103830456733704e-11;eev,integrated,separated,ws;lintim;Mumford0;Mumford0;True;False;1e-05;12000;1;2;20;50;200;-5;50;0.75;2;50;50;10;10;16;0.0368;1320;1320
14050712;321;g_000;1;1;30;share_stop;0.5;1321;11;17;1-29;;115264.73199999996;115264.73200000385;115264.732;115264.732;3.885361365973949e-09;-3.841705620288849e-09;-3.841705620288849e-09;eev,integrated,separated,ws;lintim;Mumford0;Mumford0;True;False;1e-05;12000;1;2;20;50;200;-5;50;0.75;2;50;50;10;10;16;0.0368;1321;1321
14050712;322;g_000;1;1;30;share_stop;0.5;1322;11;18;18-19;;137397.6059999999;137397.60599999997;137397.606;137397.606;5.820766091346741e-11;2.9103830456733704e-11;2.9103830456733704e-11;eev,integrated,separated,ws;lintim;Mumford0;Mumford0;True;False;1e-05;12000;1;2;20;50;200;-5;50;0.75;2;50;50;10;10;16;0.0368;1322;1322
14050712;323;g_000;1;1;30;share_stop;0.5;1323;11;19;19-23;;124573.13999999996;125961.96;127980.7;127980.7;1388.8200000000506;2018.7399999999907;2018.7399999999907;eev,integrated,separated,ws;lintim;Mumford0;Mumford0;True;False;1e-05;12000;1;2;20;50;200;-5;50;0.75;2;50;50;10;10;16;0.0368;1323;1323
14050712;324;g_000;1;1;30;share_stop;0.5;1324;11;20;1-18;;174834.63999999996;178688.846;181289.71;178885.91800000003;3854.2060000000342;2600.8640000000014;197.07200000004377;eev,integrated,separated,ws;lintim;Mumford0;Mumford0;True;False;1e-05;12000;1;2;20;50;200;-5;50;0.75;2;50;50;10;10;16;0.0368;1324;1324
14050712;325;g_000;1;1;30;share_stop;0.5;1325;11;21;3-22;;160133.59599999996;162957.61199999996;165558.476;163154.684;2824.0160000000037;2600.8640000000305;197.07200000004377;eev,integrated,separated,ws;lintim;Mumford0;Mumford0;True;False;1e-05;12000;1;2;20;50;200;-5;50;0.75;2;50;50;10;10;16;0.0368;1325;1325
14050712;326;g_000;1;1;30;share_stop;0.5;1326;11;22;3-30;;116153.14399999996;117981.92799999722;119711.372;118552.24000000002;1828.783999997264;1729.4440000027826;570.3120000027993;eev,integrated,separated,ws;lintim;Mumford0;Mumford0;True;False;1e-05;12000;1;2;20;50;200;-5;50;0.75;2;50;50;10;10;16;0.0368;1326;1326
14050712;327;g_000;1;1;30;share_stop;0.5;1327;11;23;1-20;;112032.62599999996;113421.44600000004;115262.904;115262.904;1388.8200000000795;1841.457999999955;1841.457999999955;eev,integrated,separated,ws;lintim;Mumford0;Mumford0;True;False;1e-05;12000;1;2;20;50;200;-5;50;0.75;2;50;50;10;10;16;0.0368;1327;1327
14050712;328;g_000;1;1;30;share_stop;0.5;1328;11;24;2-25;;160365.86999999994;160365.87;160365.87;160365.87;5.820766091346741e-11;0.0;0.0;eev,integrated,separated,ws;lintim;Mumford0;Mumford0;True;False;1e-05;12000;1;2;20;50;200;-5;50;0.75;2;50;50;10;10;16;0.0368;1328;1328
14050712;329;g_000;1;1;30;share_stop;0.5;1329;11;25;4-5;;115414.43999999996;115414.44000003776;115414.44;115414.44;3.780587576329708e-08;-3.776222001761198e-08;-3.776222001761198e-08;eev,integrated,separated,ws;lintim;Mumford0;Mumford0;True;False;1e-05;12000;1;2;20;50;200;-5;50;0.75;2;50;50;10;10;16;0.0368;1329;1329
14050712;330;g_000;1;1;30;share_stop;0.5;1330;11;26;6-22;;118408.55599999995;118408.55600000345;118408.556;118408.556;3.492459654808044e-09;-3.448803909122944e-09;-3.448803909122944e-09;eev,integrated,separated,ws;lintim;Mumford0;Mumford0;True;False;1e-05;12000;1;2;20;50;200;-5;50;0.75;2;50;50;10;10;16;0.0368;1330;1330
14050712;331;g_000;1;1;30;share_stop;0.5;1331;11;27;7-11;;114418.63799999996;114418.638;114418.638;114418.638;4.365574568510056e-11;0.0;0.0;eev,integrated,separated,ws;lintim;Mumford0;Mumford0;True;False;1e-05;12000;1;2;20;50;200;-5;50;0.75;2;50;50;10;10;16;0.0368;1331;1331
14050712;332;g_000;1;1;30;share_stop;0.5;1332;11;28;5-15;;130968.84399999998;130968.8436975388;130968.844;130968.844;-0.0003024611796718;0.0003024611942237;0.0003024611942237;eev,integrated,separated,ws;lintim;Mumford0;Mumford0;True;False;1e-05;12000;1;2;20;50;200;-5;50;0.75;2;50;50;10;10;16;0.0368;1332;1332
14050712;333;g_000;1;1;30;share_stop;0.5;1333;11;29;7-14;;119546.62199999996;120482.02400000828;120796.364;120482.024;935.4020000083256;314.33999999171647;-8.280039764940739e-09;eev,integrated,separated,ws;lintim;Mumford0;Mumford0;True;False;1e-05;12000;1;2;20;50;200;-5;50;0.75;2;50;50;10;10;16;0.0368;1333;1333
14050712;334;g_000;2;1;30;share_stop;0.5;1334;12;0;8-21,15-21;;112944.21799999994;112944.21800000058;112944.21799999996;112944.21799999996;6.402842700481415e-10;-6.111804395914078e-10;-6.111804395914078e-10;eev,integrated,separated,ws;lintim;Mumford0;Mumford0;True;False;1e-05;12000;1;2;20;50;200;-5;50;0.75;2;50;50;10;10;16;0.0368;1334;1334
14050712;335;g_000;2;1;30;share_stop;0.5;1335;12;1;2-25,5-25;;111259.27799999992;111259.27920947332;111259.278;111259.278;0.0012094733974663;-0.0012094733101548;-0.0012094733101548;eev,integrated,separated,ws;lintim;Mumford0;Mumford0;True;False;1e-05;12000;1;2;20;50;200;-5;50;0.75;2;50;50;10;10;16;0.0368;1335;1335
14050712;336;g_000;2;1;30;share_stop;0.5;1336;12;2;5-15,5-21;;117775.27399999998;119648.64;122948.792;120114.07600000002;1873.366000000024;3300.152000000002;465.43600000001607;eev,integrated,separated,ws;lintim;Mumford0;Mumford0;True;False;1e-05;12000;1;2;20;50;200;-5;50;0.75;2;50;50;10;10;16;0.0368;1336;1336
14050712;337;g_000;2;1;30;share_stop;0.5;1337;12;3;8-15,8-28;;117544.23999999998;118601.096;121435.81199999998;118601.096;1056.8560000000289;2834.7159999999712;0.0;eev,integrated,separated,ws;lintim;Mumford0;Mumford0;True;False;1e-05;12000;1;2;20;50;200;-5;50;0.75;2;50;50;10;10;16;0.0368;1337;1337
14050712;338;g_000;2;1;30;share_stop;0.5;1338;12;4;6-22,7-22;;110905.55199999997;111210.90799999904;111210.908;111210.908;305.35599999906844;9.60426405072212e-10;9.60426405072212e-10;eev,integrated,separated,ws;lintim;Mumford0;Mumford0;True;False;1e-05;12000;1;2;20;50;200;-5;50;0.75;2;50;50;10;10;16;0.0368;1338;1338
14050712;339;g_000;2;1;30;share_stop;0.5;1339;12;5;1-14,1-18;;116008.13199999995;116008.13199999998;116008.132;116008.132;2.9103830456733704e-11;1.4551915228366852e-11;1.4551915228366852e-11;eev,integrated,separated,ws;lintim;Mumford0;Mumford0;True;False;1e-05;12000;1;2;20;50;200;-5;50;0.75;2;50;50;10;10;16;0.0368;1339;1339
14050712;340;g_000;2;1;30;share_stop;0.5;1340;12;6;3-30,28-30;;112606.54199999996;114667.72;116523.46;116523.46;2061.1780000000435;1855.7400000000048;1855.7400000000048;eev,integrated,separated,ws;lintim;Mumford0;Mumford0;True;False;1e-05;12000;1;2;20;50;200;-5;50;0.75;2;50;50;10;10;16;0.0368;1340;1340
14050712;341;g_000;2;1;30;share_stop;0.5;1341;12;7;1-20,19-20;;112977.59799999995;114693.70199999795;116802.856;116802.856;1716.1039999979985;2109.154000002047;2109.154000002047;eev,integrated,separated,ws;lintim;Mumford0;Mumford0;True;False;1e-05;12000;1;2;20;50;200;-5;50;0.75;2;50;50;10;10;16;0.0368;1341;1341
14050712;342;g_000;2;1;30;share_stop;0.5;1342;12;8;6-22,16-22;;111540.94400000472;112814.81426794257;113988.744;113988.744;1273.8702679378475;1173.9297320574406;1173.9297320574406;eev,integrated,separated,ws;lintim;Mumford0;Mumford0;True;False;1e-05;12000;1;2;20;50;200;-5;50;0.75;2;50;50;10;10;16;0.0368;1342;1342
14050712;343;g_000;2;1;30;share_stop;0.5;1343;12;9;5-15,15-25;;114755.09999999992;117177.92999999976;118252.884;117177.93;2422.8299999998417;1074.9540000002453;2.3283064365386963e-10;eev,integrated,separated,ws;lintim;Mumford0;Mumford0;True;False;1e-05;12000;1;2;20;50;200;-5;50;0.75;2;50;50;10;10;16;0.0368;1343;1343
14050712;344;g_000;2;1;30;share_stop;0.5;1344;12;10;11-28,11-30;;126842.04399999998;129978.15985268143;131916.3120000001;130175.23200000002;3136.1158526814543;1938.1521473186583;197.07214731858403;eev,integrated,separated,ws;lintim;Mumford0;Mumford0;True;False;1e-05;12000;1;2;20;50;200;-5;50;0.75;2;50;50;10;10;16;0.0368;1344;1344
14050712;345;g_000;2;1;30;share_stop;0.5;1345;12;11;2-15,15-25;;130000.43799999997;131133.37399999998;131718.166;131297.91000000003;1132.936000000016;584.7920000000158;164.536000000051;eev,integrated,separated,ws;lintim;Mumford0;Mumford0;True;False;1e-05;12000;1;2;20;50;200;-5;50;0.75;2;50;50;10;10;16;0.0368;1345;1345
14050712;346;g_000;2;1;30;share_stop;0.5;1346;12;12;9-20,20-23;;108965.07599999996;109270.432;109270.432;109270.432;305.3560000000434;0.0;0.0;eev,integrated,separated,ws;lintim;Mumford0;Mumford0;True;False;1e-05;12000;1;2;20;50;200;-5;50;0.75;2;50;50;10;10;16;0.0368;1346;1346
14050712;347;g_000;2;1;30;share_stop;0.5;1347;12;13;2-4,4-12;;105133.53599999998;105133.53599999998;105133.536;105133.536;0.0;1.4551915228366852e-11;1.4551915228366852e-11;eev,integrated,separated,ws;lintim;Mumford0;Mumford0;True;False;1e-05;12000;1;2;20;50;200;-5;50;0.75;2;50;50;10;10;16;0.0368;1347;1347
14050712;348;g_000;2;1;30;share_stop;0.5;1348;12;14;3-16,16-17;;105133.53599999996;105133.536;105133.536;105133.536;2.9103830456733704e-11;0.0;0.0;eev,integrated,separated,ws;lintim;Mumford0;Mumford0;True;False;1e-05;12000;1;2;20;50;200;-5;50;0.75;2;50;50;10;10;16;0.0368;1348;1348
14050712;349;g_000;2;1;30;share_stop;0.5;1349;12;15;5-8,5-25;;111902.98399999995;111902.9840000656;111902.984;111902.984;6.564368959516288e-08;-6.560003384947778e-08;-6.560003384947778e-08;eev,integrated,separated,ws;lintim;Mumford0;Mumford0;True;False;1e-05;12000;1;2;20;50;200;-5;50;0.75;2;50;50;10;10;16;0.0368;1349;1349
14050712;350;g_000;2;1;30;share_stop;0.5;1350;12;16;18-19,18-23;;116153.14399999996;117981.92799999722;119711.372;118552.24000000002;1828.783999997264;1729.4440000027826;570.3120000027993;eev,integrated,separated,ws;lintim;Mumford0;Mumford0;True;False;1e-05;12000;1;2;20;50;200;-5;50;0.75;2;50;50;10;10;16;0.0368;1350;1350
14050712;351;g_000;2;1;30;share_stop;0.5;1351;12;17;1-13,1-14;;110190.21599999996;111579.03599999905;113597.776;113597.776;1388.8199999990902;2018.740000000951;2018.740000000951;eev,integrated,separated,ws;lintim;Mumford0;Mumford0;True;False;1e-05;12000;1;2;20;50;200;-5;50;0.75;2;50;50;10;10;16;0.0368;1351;1351
14050712;352;g_000;2;1;30;share_stop;0.5;1352;12;18;4-24,5-24;;112218.82399999996;112218.824;112218.824;112218.82400000002;2.9103830456733704e-11;0.0;2.9103830456733704e-11;eev,integrated,separated,ws;lintim;Mumford0;Mumford0;True;False;1e-05;12000;1;2;20;50;200;-5;50;0.75;2;50;50;10;10;16;0.0368;1352;1352
14050712;353;g_000;2;1;30;share_stop;0.5;1353;12;19;3-17,3-22;;105133.53599999996;105133.536;105133.536;105133.536;2.9103830456733704e-11;0.0;0.0;eev,integrated,separated,ws;lintim;Mumford0;Mumford0;True;False;1e-05;12000;1;2;20;50;200;-5;50;0.75;2;50;50;10;10;16;0.0368;1353;1353
14050712;354;g_000;2;1;30;share_stop;0.5;1354;12;20;2-4,2-10;;113590.14199989873;113590.14199999944;113590.142;113590.142;1.00713805295527e-07;5.675246939063071e-10;5.675246939063071e-10;eev,integrated,separated,ws;lintim;Mumford0;Mumford0;True;False;1e-05;12000;1;2;20;50;200;-5;50;0.75;2;50;50;10;10;16;0.0368;1354;1354
14050712;355;g_000;2;1;30;share_stop;0.5;1355;12;21;13-19,13-20;;105133.53599999996;105133.536;105133.536;105133.536;2.9103830456733704e-11;0.0;0.0;eev,integrated,separated,ws;lintim;Mumford0;Mumford0;True;False;1e-05;12000;1;2;20;50;200;-5;50;0.75;2;50;50;10;10;16;0.0368;1355;1355
14050712;356;g_000;2;1;30;share_stop;0.5;1356;12;22;4-5,4-25;;111485.86399999996;111485.86399999767;111485.864;111485.864;-2.2846506908535957e-09;2.3283064365386963e-09;2.3283064365386963e-09;eev,integrated,separated,ws;lintim;Mumford0;Mumford0;True;False;1e-05;12000;1;2;20;50;200;-5;50;0.75;2;50;50;10;10;16;0.0368;1356;1356
14050712;357;g_000;2;1;30;share_stop;0.5;1357;12;23;18-20,18-23;;110888.43199999996;110888.432;110888.432;110888.432;4.365574568510056e-11;0.0;0.0;eev,integrated,separated,ws;lintim;Mumford0;Mumford0;True;False;1e-05;12000;1;2;20;50;200;-5;50;0.75;2;50;50;10;10;16;0.0368;1357;1357
14050712;358;g_000;2;1;30;share_stop;0.5;1358;12;24;6-16,11-16;;107664.63199999998;108036.41599999944;108311.036;108311.036;371.7839999994612;274.6200000005483;274.6200000005483;eev,integrated,separated,ws;lintim;Mumford0;Mumford0;True;False;1e-05;12000;1;2;20;50;200;-5;50;0.75;2;50;50;10;10;16;0.0368;1358;1358
14050712;359;g_000;2;1;30;share_stop;0.5;1359;12;25;3-8,8-29;;107825.39199999996;108402.24800001788;109236.6879999994;109236.6879999994;576.8560000179132;834.4399999815214;834.4399999815214;eev,integrated,separated,ws;lintim;Mumford0;Mumford0;True;False;1e-05;12000;1;2;20;50;200;-5;50;0.75;2;50;50;10;10;16;0.0368;1359;1359
14050712;360;g_000;2;1;30;share_stop;0.5;1360;12;26;3-8,5-8;;109859.27799999996;109859.27799999996;109859.27799999998;109859.27799999998;0.0;1.4551915228366852e-11;1.4551915228366852e-11;eev,integrated,separated,ws;lintim;Mumford0;Mumford0;True;False;1e-05;12000;1;2;20;50;200;-5;50;0.75;2;50;50;10;10;16;0.0368;1360;1360
14050712;361;g_000;2;1;30;share_stop;0.5;1361;12;27;8-21,8-25;;110722.73599999998;112436.202;114343.33;114343.33;1713.4660000000297;1907.127999999997;1907.127999999997;eev,integrated,separated,ws;lintim;Mumford0;Mumford0;True;False;1e-05;12000;1;2;20;50;200;-5;50;0.75;2;50;50;10;10;16;0.0368;1361;1361
14050712;362;g_000;2;1;30;share_stop;0.5;1362;12;28;8-29,18-29;;107843.73599999998;108215.51999999996;108534.304;108534.304;371.7839999999851;318.7840000000433;318.7840000000433;eev,integrated,separated,ws;lintim;Mumford0;Mumford0;True;False;1e-05;12000;1;2;20;50;200;-5;50;0.75;2;50;50;10;10;16;0.0368;1362;1362
14050712;363;g_000;2;1;30;share_stop;0.5;1363;12;29;2-5,5-25;;114033.62599999996;115336.44399999996;116029.632;115563.506;1302.8179999999993;693.1880000000383;227.0620000000345;eev,integrated,separated,ws;lintim;Mumford0;Mumford0;True;False;1e-05;12000;1;2;20;50;200;-5;50;0.75;2;50;50;10;10;16;0.0368;1363;1363
14050712;364;g_000;3;1;30;share_stop;0.5;1364;13;0;5-21,21-24,21-25;;112216.63199999995;112216.632;112216.632;112216.632;4.365574568510056e-11;0.0;0.0;eev,integrated,separated,ws;lintim;Mumford0;Mumford0;True;False;1e-05;12000;1;2;20;50;200;-5;50;0.75;2;50;50;10;10;16;0.0368;1364;1364
14050712;365;g_000;3;1;30;share_stop;0.5;1365;13;1;8-15,8-17,8-25;;112944.21799999994;112944.21800000058;112944.21799999996;112944.21799999996;6.402842700481415e-10;-6.111804395914078e-10;-6.111804395914078e-10;eev,integrated,separated,ws;lintim;Mumford0;Mumford0;True;False;1e-05;12000;1;2;20;50;200;-5;50;0.75;2;50;50;10;10;16;0.0368;1365;1365
14050712;366;g_000;3;1;30;share_stop;0.5;1366;13;2;3-11,11-22,11-28;;108965.07599999996;109270.432;109270.432;109270.432;305.3560000000434;0.0;0.0;eev,integrated,separated,ws;lintim;Mumford0;Mumford0;True;False;1e-05;12000;1;2;20;50;200;-5;50;0.75;2;50;50;10;10;16;0.0368;1366;1366
14050712;367;g_000;3;1;30;share_stop;0.5;1367;13;3;3-8,8-11,8-17;;108950.59999999996;110074.53999999884;111789.364;111789.364;1123.9399999988818;1714.8240000011574;1714.8240000011574;eev,integrated,separated,ws;lintim;Mumford0;Mumford0;True;False;1e-05;12000;1;2;20;50;200;-5;50;0.75;2;50;50;10;10;16;0.0368;1367;1367
14050712;368;g_000;3;1;30;share_stop;0.5;1368;13;4;7-16,11-16,16-30;;110599.87599999996;112297.39579388412;113912.198;113912.198;1697.5197938841593;1614.8022061158845;1614.8022061158845;eev,integrated,separated,ws;lintim;Mumford0;Mumford0;True;False;1e-05;12000;1;2;20;50;200;-5;50;0.75;2;50;50;10;10;16;0.0368;1368;1368
14050712;369;g_000;3;1;30;share_stop;0.5;1369;13;5;1-18,18-19,18-29;;109403.44399999996;109403.44400000355;109403.444;109403.444;3.594323061406612e-09;-3.5506673157215123e-09;-3.5506673157215123e-09;eev,integrated,separated,ws;lintim;Mumford0;Mumford0;True;False;1e-05;12000;1;2;20;50;200;-5;50;0.75;2;50;50;10;10;16;0.0368;1369;1369
14050712;370;g_000;3;1;30;share_stop;0.5;1370;13;6;7-17,11-17,17-29;;110610.57599999996;110610.576;110610.576;110610.576;4.365574568510056e-11;0.0;0.0;eev,integrated,separated,ws;lintim;Mumford0;Mumford0;True;False;1e-05;12000;1;2;20;50;200;-5;50;0.75;2;50;50;10;10;16;0.0368;1370;1370
14050712;371;g_000;3;1;30;share_stop;0.5;1371;13;7;5-25,8-25,15-25;;160133.59599999996;162957.61199999996;165558.476;163154.684;2824.0160000000037;2600.8640000000305;197.07200000004377;eev,integrated,separated,ws;lintim;Mumford0;Mumford0;True;False;1e-05;12000;1;2;20;50;200;-5;50;0.75;2;50;50;10;10;16;0.0368;1371;1371
14050712;372;g_000;3;1;30;share_stop;0.5;1372;13;8;4-24,15-24,21-24;;111527.77999999996;111527.78;111527.78;111527.78;4.365574568510056e-11;0.0;0.0;eev,integrated,separated,ws;lintim;Mumford0;Mumford0;True;False;1e-05;12000;1;2;20;50;200;-5;50;0.75;2;50;50;10;10;16;0.0368;1372;1372
14050712;373;g_000;3;1;30;share_stop;0.5;1373;13;9;3-17,8-17,17-28;;117775.27399999998;119648.64;122948.792;120114.07600000002;1873.366000000024;3300.152000000002;465.43600000001607;eev,integrated,separated,ws;lintim;Mumford0;Mumford0;True;False;1e-05;12000;1;2;20;50;200;-5;50;0.75;2;50;50;10;10;16;0.0368;1373;1373
14050712;374;g_000;3;1;30;share_stop;0.5;1374;13;10;6-7,7-16,7-17;;110649.47399999996;112363.48799999998;113955.304;113955.304;1714.014000000025;1591.8160000000207;1591.8160000000207;eev,integrated,separated,ws;lintim;Mumford0;Mumford0;True;False;1e-05;12000;1;2;20;50;200;-5;50;0.75;2;50;50;10;10;16;0.0368;1374;1374
14050712;375;g_000;3;1;30;share_stop;0.5;1375;13;11;2-25,4-25,8-25;;108566.41599999995;108566.416;108566.416;108566.416;4.365574568510056e-11;0.0;0.0;eev,integrated,separated,ws;lintim;Mumford0;Mumford0;True;False;1e-05;12000;1;2;20;50;200;-5;50;0.75;2;50;50;10;10;16;0.0368;1375;1375
14050712;376;g_000;3;1;30;share_stop;0.5;1376;13;12;8-17,8-25,8-26;;110133.16799999998;111369.53799999984;112543.468;112543.468;1236.3699999998644;1173.930000000153;1173.930000000153;eev,integrated,separated,ws;lintim;Mumford0;Mumford0;True;False;1e-05;12000;1;2;20;50;200;-5;50;0.75;2;50;50;10;10;16;0.0368;1376;1376
14050712;377;g_000;3;1;30;share_stop;0.5;1377;13;13;6-7,7-11,7-17;;105133.53599999996;105133.53600000004;105133.536;105133.536;7.275957614183426e-11;-4.365574568510056e-11;-4.365574568510056e-11;eev,integrated,separated,ws;lintim;Mumford0;Mumford0;True;False;1e-05;12000;1;2;20;50;200;-5;50;0.75;2;50;50;10;10;16;0.0368;1377;1377
14050712;378;g_000;3;1;30;share_stop;0.5;1378;13;14;1-19,13-19,14-19;;143609.95399999997;143609.95400000003;143609.954;143609.954;5.820766091346741e-11;-2.9103830456733704e-11;-2.9103830456733704e-11;eev,integrated,separated,ws;lintim;Mumford0;Mumford0;True;False;1e-05;12000;1;2;20;50;200;-5;50;0.75;2;50;50;10;10;16;0.0368;1378;1378
14050712;379;g_000;3;1;30;share_stop;0.5;1379;13;15;1-18,12-18,18-20;;115264.73199999996;115264.73200000385;115264.732;115264.732;3.885361365973949e-09;-3.841705620288849e-09;-3.841705620288849e-09;eev,integrated,separated,ws;lintim;Mumford0;Mumford0;True;False;1e-05;12000;1;2;20;50;200;-5;50;0.75;2;50;50;10;10;16;0.0368;1379;1379
14050712;380;g_000;3;1;30;share_stop;0.5;1380;13;16;3-28,8-28,11-28;;137397.6059999999;137397.60599999997;137397.606;137397.606;5.820766091346741e-11;2.9103830456733704e-11;2.9103830456733704e-11;eev,integrated,separated,ws;lintim;Mumford0;Mumford0;True;False;1e-05;12000;1;2;20;50;200;-5;50;0.75;2;50;50;10;10;16;0.0368;1380;1380
14050712;381;g_000;3;1;30;share_stop;0.5;1381;13;17;1-13,1-23,1-29;;124573.13999999996;125961.96;127980.7;127980.7;1388.8200000000506;2018.7399999999907;2018.7399999999907;eev,integrated,separated,ws;lintim;Mumford0;Mumford0;True;False;1e-05;12000;1;2;20;50;200;-5;50;0.75;2;50;50;10;10;16;0.0368;1381;1381
14050712;382;g_000;3;1;30;share_stop;0.5;1382;13;18;1-23,20-23,23-26;;174834.63999999996;178688.846;181289.71;178885.91800000003;3854.2060000000342;2600.8640000000014;197.07200000004377;eev,integrated,separated,ws;lintim;Mumford0;Mumford0;True;False;1e-05;12000;1;2;20;50;200;-5;50;0.75;2;50;50;10;10;16;0.0368;1382;1382
14050712;383;g_000;3;1;30;share_stop;0.5;1383;13;19;1-18,1-19,1-26;;160133.59599999996;162957.61199999996;165558.476;163154.684;2824.0160000000037;2600.8640000000305;197.07200000004377;eev,integrated,separated,ws;lintim;Mumford0;Mumford0;True;False;1e-05;12000;1;2;20;50;200;-5;50;0.75;2;50;50;10;10;16;0.0368;1383;1383
14050712;384;g_000;3;1;30;share_stop;0.5;1384;13;20;1-20,1-23,1-29;;116153.14399999996;117981.92799999722;119711.372;118552.24000000002;1828.783999997264;1729.4440000027826;570.3120000027993;eev,integrated,separated,ws;lintim;Mumford0;Mumford0;True;False;1e-05;12000;1;2;20;50;200;-5;50;0.75;2;50;50;10;10;16;0.0368;1384;1384
14050712;385;g_000;3;1;30;share_stop;0.5;1385;13;21;2-25,15-25,21-25;;112032.62599999996;113421.44600000004;115262.904;115262.904;1388.8200000000795;1841.457999999955;1841.457999999955;eev,integrated,separated,ws;lintim;Mumford0;Mumford0;True;False;1e-05;12000;1;2;20;50;200;-5;50;0.75;2;50;50;10;10;16;0.0368;1385;1385
14050712;386;g_000;3;1;30;share_stop;0.5;1386;13;22;8-25,21-25,24-25;;160365.86999999994;160365.87;160365.87;160365.87;5.820766091346741e-11;0.0;0.0;eev,integrated,separated,ws;lintim;Mumford0;Mumford0;True;False;1e-05;12000;1;2;20;50;200;-5;50;0.75;2;50;50;10;10;16;0.0368;1386;1386
14050712;387;g_000;3;1;30;share_stop;0.5;1387;13;23;2-4,2-15,2-25;;115414.43999999996;115414.44000003776;115414.44;115414.44;3.780587576329708e-08;-3.776222001761198e-08;-3.776222001761198e-08;eev,integrated,separated,ws;lintim;Mumford0;Mumford0;True;False;1e-05;12000;1;2;20;50;200;-5;50;0.75;2;50;50;10;10;16;0.0368;1387;1387
14050712;388;g_000;3;1;30;share_stop;0.5;1388;13;24;3-7,7-16,7-22;;118408.55599999995;118408.55600000345;118408.556;118408.556;3.492459654808044e-09;-3.448803909122944e-09;-3.448803909122944e-09;eev,integrated,separated,ws;lintim;Mumford0;Mumford0;True;False;1e-05;12000;1;2;20;50;200;-5;50;0.75;2;50;50;10;10;16;0.0368;1388;1388
14050712;389;g_000;3;1;30;share_stop;0.5;1389;13;25;2-25,15-25,24-25;;114418.63799999996;114418.638;114418.638;114418.638;4.365574568510056e-11;0.0;0.0;eev,integrated,separated,ws;lintim;Mumford0;Mumford0;True;False;1e-05;12000;1;2;20;50;200;-5;50;0.75;2;50;50;10;10;16;0.0368;1389;1389
14050712;390;g_000;3;1;30;share_stop;0.5;1390;13;26;8-25,8-26,8-29;;130968.84399999998;130968.8436975388;130968.844;130968.844;-0.0003024611796718;0.0003024611942237;0.0003024611942237;eev,integrated,separated,ws;lintim;Mumford0;Mumford0;True;False;1e-05;12000;1;2;20;50;200;-5;50;0.75;2;50;50;10;10;16;0.0368;1390;1390
14050712;391;g_000;3;1;30;share_stop;0.5;1391;13;27;2-25,5-25,15-25;;119546.62199999996;120482.02400000828;120796.364;120482.024;935.4020000083256;314.33999999171647;-8.280039764940739e-09;eev,integrated,separated,ws;lintim;Mumford0;Mumford0;True;False;1e-05;12000;1;2;20;50;200;-5;50;0.75;2;50;50;10;10;16;0.0368;1391;1391
14050712;392;g_000;3;1;30;share_stop;0.5;1392;13;28;8-25,15-25,24-25;;112944.21799999994;112944.21800000058;112944.21799999996;112944.21799999996;6.402842700481415e-10;-6.111804395914078e-10;-6.111804395914078e-10;eev,integrated,separated,ws;lintim;Mumford0;Mumford0;True;False;1e-05;12000;1;2;20;50;200;-5;50;0.75;2;50;50;10;10;16;0.0368;1392;1392
14050712;393;g_000;3;1;30;share_stop;0.5;1393;13;29;1-14,1-20,1-23;;111259.27799999992;111259.27920947332;111259.278;111259.278;0.0012094733974663;-0.0012094733101548;-0.0012094733101548;eev,integrated,separated,ws;lintim;Mumford0;Mumford0;True;False;1e-05;12000;1;2;20;50;200;-5;50;0.75;2;50;50;10;10;16;0.0368;1393;1393
14050712;394;g_000;1;1;30;random;0.5;1394;14;0;13-20;;117775.27399999998;119648.64;122948.792;120114.07600000002;1873.366000000024;3300.152000000002;465.43600000001607;eev,integrated,separated,ws;lintim;Mumford0;Mumford0;True;False;1e-05;12000;1;2;20;50;200;-5;50;0.75;2;50;50;10;10;16;0.0368;1394;1394
14050712;395;g_000;1;1;30;random;0.5;1395;14;1;3-17;;117544.23999999998;118601.096;121435.81199999998;118601.096;1056.8560000000289;2834.7159999999712;0.0;eev,integrated,separated,ws;lintim;Mumford0;Mumford0;True;False;1e-05;12000;1;2;20;50;200;-5;50;0.75;2;50;50;10;10;16;0.0368;1395;1395
14050712;396;g_000;1;1;30;random;0.5;1396;14;2;5-21;;110905.55199999997;111210.90799999904;111210.908;111210.908;305.35599999906844;9.60426405072212e-10;9.60426405072212e-10;eev,integrated,separated,ws;lintim;Mumford0;Mumford0;True;False;1e-05;12000;1;2;20;50;200;-5;50;0.75;2;50;50;10;10;16;0.0368;1396;1396
14050712;397;g_000;1;1;30;random;0.5;1397;14;3;2-5;;116008.13199999995;116008.13199999998;116008.132;116008.132;2.9103830456733704e-11;1.4551915228366852e-11;1.4551915228366852e-11;eev,integrated,separated,ws;lintim;Mumford0;Mumford0;True;False;1e-05;12000;1;2;20;50;200;-5;50;0.75;2;50;50;10;10;16;0.0368;1397;1397
14050712;398;g_000;1;1;30;random;0.5;1398;14;4;2-24;;112606.54199999996;114667.72;116523.46;116523.46;2061.1780000000435;1855.7400000000048;1855.7400000000048;eev,integrated,separated,ws;lintim;Mumford0;Mumford0;True;False;1e-05;12000;1;2;20;50;200;-5;50;0.75;2;50;50;10;10;16;0.0368;1398;1398
14050712;399;g_000;1;1;30;random;0.5;1399;14;5;6-16;;112977.59799999995;114693.70199999795;116802.856;116802.856;1716.1039999979985;2109.154000002047;2109.154000002047;eev,integrated,separated,ws;lintim;Mumford0;Mumford0;True;False;1e-05;12000;1;2;20;50;200;-5;50;0.75;2;50;50;10;10;16;0.0368;1399;1399
14050712;400;g_000;1;1;30;random;0.5;1400;14;6;8-21;;111540.94400000472;112814.81426794257;113988.744;113988.744;1273.8702679378475;1173.9297320574406;1173.9297320574406;eev,integrated,separated,ws;lintim;Mumford0;Mumford0;True;False;1e-05;12000;1;2;20;50;200;-5;50;0.75;2;50;50;10;10;16;0.0368;1400;1400
14050712;401;g_000;1;1;30;random;0.5;1401;14;7;9-20;;114755.09999999992;117177.92999999976;118252.884;117177.93;2422.8299999998417;1074.9540000002453;2.3283064365386963e-10;eev,integrated,separated,ws;lintim;Mumford0;Mumford0;True;False;1e-05;12000;1;2;20;50;200;-5;50;0.75;2;50;50;10;10;16;0.0368;1401;1401
14050712;402;g_000;1;1;30;random;0.5;1402;14;8;10-24;;126842.04399999998;129978.15985268143;131916.3120000001;130175.23200000002;3136.1158526814543;1938.1521473186583;197.07214731858403;eev,integrated,separated,ws;lintim;Mumford0;Mumford0;True;False;1e-05;12000;1;2;20;50;200;-5;50;0.75;2;50;50;10;10;16;0.0368;1402;1402
14050712;403;g_000;1;1;30;random;0.5;1403;14;9;4-24;;130000.43799999997;131133.37399999998;131718.166;131297.91000000003;1132.936000000016;584.7920000000158;164.536000000051;eev,integrated,separated,ws;lintim;Mumford0;Mumford0;True;False;1e-05;12000;1;2;20;50;200;-5;50;0.75;2;50;50;10;10;16;0.0368;1403;1403
14050712;404;g_000;1;1;30;random;0.5;1404;14;10;1-29;;108965.07599999996;109270.432;109270.432;109270.432;305.3560000000434;0.0;0.0;eev,integrated,separated,ws;lintim;Mumford0;Mumford0;True;False;1e-05;12000;1;2;20;50;200;-5;50;0.75;2;50;50;10;10;16;0.0368;1404;1404
14050712;405;g_000;1;1;30;random;0.5;1405;14;11;5-25;;105133.53599999998;105133.53599999998;105133.536;105133.536;0.0;1.4551915228366852e-11;1.4551915228366852e-11;eev,integrated,separated,ws;lintim;Mumford0;Mumford0;True;False;1e-05;12000;1;2;20;50;200;-5;50;0.75;2;50;50;10;10;16;0.0368;1405;1405
14050712;406;g_000;1;1;30;random;0.5;1406;14;12;3-22;;110190.21599999996;111579.03599999905;113597.776;113597.776;1388.8199999990902;2018.740000000951;2018.740000000951;eev,integrated,separated,ws;lintim;Mumford0;Mumford0;True;False;1e-05;12000;1;2;20;50;200;-5;50;0.75;2;50;50;10;10;16;0.0368;1406;1406
14050712;407;g_000;1;1;30;random;0.5;1407;14;13;8-15;;108965.07599999996;109270.432;109270.432;109270.432;305.3560000000434;0.0;0.0;eev,integrated,separated,ws;lintim;Mumford0;Mumford0;True;False;1e-05;12000;1;2;20;50;200;-5;50;0.75;2;50;50;10;10;16;0.0368;1407;1407
14050712;408;g_000;1;1;30;random;0.5;1408;14;14;12-15;;114033.62599999996;115336.44399999996;116029.632;115563.506;1302.8179999999993;693.1880000000383;227.0620000000345;eev,integrated,separated,ws;lintim;Mumford0;Mumford0;True;False;1e-05;12000;1;2;20;50;200;-5;50;0.75;2;50;50;10;10;16;0.0368;1408;1408
14050712;409;g_000;1;1;30;random;0.5;1409;14;15;6-7;;109859.27799999996;109859.27799999996;109859.27799999998;109859.27799999998;0.0;1.4551915228366852e-11;1.4551915228366852e-11;eev,integrated,separated,ws;lintim;Mumford0;Mumford0;True;False;1e-05;12000;1;2;20;50;200;-5;50;0.75;2;50;50;10;10;16;0.0368;1409;1409
14050712;410;g_000;1;1;30;random;0.5;1410;14;16;16-28;;111902.98399999995;111902.9840000656;111902.984;111902.984;6.564368959516288e-08;-6.560003384947778e-08;-6.560003384947778e-08;eev,integrated,separated,ws;lintim;Mumford0;Mumford0;True;False;1e-05;12000;1;2;20;50;200;-5;50;0.75;2;50;50;10;10;16;0.0368;1410;1410
14050712;411;g_000;1;1;30;random;0.5;1411;14;17;2-15;;107843.73599999998;108215.51999999996;108534.304;108534.304;371.7839999999851;318.7840000000433;318.7840000000433;eev,integrated,separated,ws;lintim;Mumford0;Mumford0;True;False;1e-05;12000;1;2;20;50;200;-5;50;0.75;2;50;50;10;10;16;0.0368;1411;1411
14050712;412;g_000;1;1;30;random;0.5;1412;14;18;21-25;;107825.39199999996;108402.24800001788;109236.6879999994;109236.6879999994;576.8560000179132;834.4399999815214;834.4399999815214;eev,integrated,separated,ws;lintim;Mumford0;Mumford0;True;False;1e-05;12000;1;2;20;50;200;-5;50;0.75;2;50;50;10;10;16;0.0368;1412;1412
14050712;413;g_000;1;1;30;random;0.5;1413;14;19;1-18;;113590.14199989873;113590.14199999944;113590.142;113590.142;1.00713805295527e-07;5.675246939063071e-10;5.675246939063071e-10;eev,integrated,separated,ws;lintim;Mumford0;Mumford0;True;False;1e-05;12000;1;2;20;50;200;-5;50;0.75;2;50;50;10;10;16;0.0368;1413;1413
14050712;414;g_000;1;1;30;random;0.5;1414;14;20;7-11;;107780.89199999996;108086.24799999998;108086.248;108086.248;305.3560000000143;2.9103830456733704e-11;2.9103830456733704e-11;eev,integrated,separated,ws;lintim;Mumford0;Mumford0;True;False;1e-05;12000;1;2;20;50;200;-5;50;0.75;2;50;50;10;10;16;0.0368;1414;1414
14050712;415;g_000;1;1;30;random;0.5;1415;14;21;12-18;;110801.30399999996;110801.304;110801.30399999904;110801.30399999904;4.365574568510056e-11;-9.60426405072212e-10;-9.60426405072212e-10;eev,integrated,separated,ws;lintim;Mumford0;Mumford0;True;False;1e-05;12000;1;2;20;50;200;-5;50;0.75;2;50;50;10;10;16;0.0368;1415;1415
14050712;416;g_000;1;1;30;random;0.5;1416;14;22;15-25;;105133.53599999996;105133.53600000004;105133.536;105133.536;7.275957614183426e-11;-4.365574568510056e-11;-4.365574568510056e-11;eev,integrated,separated,ws;lintim;Mumford0;Mumford0;True;False;1e-05;12000;1;2;20;50;200;-5;50;0.75;2;50;50;10;10;16;0.0368;1416;1416
14050712;417;g_000;1;1;30;random;0.5;1417;14;23;9-27;;109525.71199999996;109525.712;109525.712;109525.712;4.365574568510056e-11;0.0;0.0;eev,integrated,separated,ws;lintim;Mumford0;Mumford0;True;False;1e-05;12000;1;2;20;50;200;-5;50;0.75;2;50;50;10;10;16;0.0368;1417;1417
14050712;418;g_000;1;1;30;random;0.5;1418;14;24;8-29;;112216.63199999995;112216.632;112216.632;112216.632;4.365574568510056e-11;0.0;0.0;eev,integrated,separated,ws;lintim;Mumford0;Mumford0;True;False;1e-05;12000;1;2;20;50;200;-5;50;0.75;2;50;50;10;10;16;0.0368;1418;1418
14050712;419;g_000;1;1;30;random;0.5;1419;14;25;18-20;;107664.63199999998;108036.41599999944;108311.036;108311.036;371.7839999994612;274.6200000005483;274.6200000005483;eev,integrated,separated,ws;lintim;Mumford0;Mumford0;True;False;1e-05;12000;1;2;20;50;200;-5;50;0.75;2;50;50;10;10;16;0.0368;1419;1419
14050712;420;g_000;1;1;30;random;0.5;1420;14;26;7-14;;110888.43199999996;110888.432;110888.432;110888.432;4.365574568510056e-11;0.0;0.0;eev,integrated,separated,ws;lintim;Mumford0;Mumford0;True;False;1e-05;12000;1;2;20;50;200;-5;50;0.75;2;50;50;10;10;16;0.0368;1420;1420
14050712;421;g_000;1;1;30;random;0.5;1421;14;27;1-20;;160133.59599999996;162957.61199999996;165558.476;163154.684;2824.0160000000037;2600.8640000000305;197.07200000004377;eev,integrated,separated,ws;lintim;Mumford0;Mumford0;True;False;1e-05;12000;1;2;20;50;200;-5;50;0.75;2;50;50;10;10;16;0.0368;1421;1421
14050712;422;g_000;1;1;30;random;0.5;1422;14;28;19-20;;110722.73599999998;112436.202;114343.33;114343.33;1713.4660000000297;1907.127999999997;1907.127999999997;eev,integrated,separated,ws;lintim;Mumford0;Mumford0;True;False;1e-05;12000;1;2;20;50;200;-5;50;0.75;2;50;50;10;10;16;0.0368;1422;1422
14050712;423;g_000;1;1;30;random;0.5;1423;14;29;1-19;;110610.57599999996;110610.576;110610.576;110610.576;4.365574568510056e-11;0.0;0.0;eev,integrated,separated,ws;lintim;Mumford0;Mumford0;True;False;1e-05;12000;1;2;20;50;200;-5;50;0.75;2;50;50;10;10;16;0.0368;1423;1423
14050712;424;g_000;2;1;30;random;0.5;1424;15;0;13-18,14-19;;109403.44399999996;109403.44400000355;109403.444;109403.444;3.594323061406612e-09;-3.5506673157215123e-09;-3.5506673157215123e-09;eev,integrated,separated,ws;lintim;Mumford0;Mumford0;True;False;1e-05;12000;1;2;20;50;200;-5;50;0.75;2;50;50;10;10;16;0.0368;1424;1424
14050712;425;g_000;2;1;30;random;0.5;1425;15;1;2-5,12-15;;105133.53599999996;105133.536;105133.536;105133.536;2.9103830456733704e-11;0.0;0.0;eev,integrated,separated,ws;lintim;Mumford0;Mumford0;True;False;1e-05;12000;1;2;20;50;200;-5;50;0.75;2;50;50;10;10;16;0.0368;1425;1425
14050712;426;g_000;2;1;30;random;0.5;1426;15;2;5-8,8-17;;110599.87599999996;112297.39579388412;113912.198;113912.198;1697.5197938841593;1614.8022061158845;1614.8022061158845;eev,integrated,separated,ws;lintim;Mumford0;Mumford0;True;False;1e-05;12000;1;2;20;50;200;-5;50;0.75;2;50;50;10;10;16;0.0368;1426;1426
14050712;427;g_000;2;1;30;random;0.5;1427;15;3;6-16,8-21;;110126.14399999996;110126.144;110126.144;110126.144;4.365574568510056e-11;0.0;0.0;eev,integrated,separated,ws;lintim;Mumford0;Mumford0;True;False;1e-05;12000;1;2;20;50;200;-5;50;0.75;2;50;50;10;10;16;0.0368;1427;1427
14050712;428;g_000;2;1;30;random;0.5;1428;15;4;11-28,16-28;;108566.41599999995;108566.416;108566.416;108566.416;4.365574568510056e-11;0.0;0.0;eev,integrated,separated,ws;lintim;Mumford0;Mumford0;True;False;1e-05;12000;1;2;20;50;200;-5;50;0.75;2;50;50;10;10;16;0.0368;1428;1428
14050712;429;g_000;2;1;30;random;0.5;1429;15;5;1-19,11-16;;110133.16799999998;111369.53799999984;112543.468;112543.468;1236.3699999998644;1173.930000000153;1173.930000000153;eev,integrated,separated,ws;lintim;Mumford0;Mumford0;True;False;1e-05;12000;1;2;20;50;200;-5;50;0.75;2;50;50;10;10;16;0.0368;1429;1429
14050712;430;g_000;2;1;30;random;0.5;1430;15;6;7-17,12-26;;105133.53599999996;105133.536;105133.536;105133.536;2.9103830456733704e-11;0.0;0.0;eev,integrated,separated,ws;lintim;Mumford0;Mumford0;True;False;1e-05;12000;1;2;20;50;200;-5;50;0.75;2;50;50;10;10;16;0.0368;1430;1430
14050712;431;g_000;2;1;30;random;0.5;1431;15;7;7-16,15-25;;112218.82399999996;112218.824;112218.824;112218.82400000002;2.9103830456733704e-11;0.0;2.9103830456733704e-11;eev,integrated,separated,ws;lintim;Mumford0;Mumford0;True;False;1e-05;12000;1;2;20;50;200;-5;50;0.75;2;50;50;10;10;16;0.0368;1431;1431
14050712;432;g_000;2;1;30;random;0.5;1432;15;8;2-5,18-20;;111485.86399999996;111485.86399999767;111485.864;111485.864;-2.2846506908535957e-09;2.3283064365386963e-09;2.3283064365386963e-09;eev,integrated,separated,ws;lintim;Mumford0;Mumford0;True;False;1e-05;12000;1;2;20;50;200;-5;50;0.75;2;50;50;10;10;16;0.0368;1432;1432
14050712;433;g_000;2;1;30;random;0.5;1433;15;9;8-17,21-25;;108950.59999999996;110074.53999999884;111789.364;111789.364;1123.9399999988818;1714.8240000011574;1714.8240000011574;eev,integrated,separated,ws;lintim;Mumford0;Mumford0;True;False;1e-05;12000;1;2;20;50;200;-5;50;0.75;2;50;50;10;10;16;0.0368;1433;1433
14050712;434;g_000;2;1;30;random;0.5;1434;15;10;2-15,3-17;;110649.47399999996;112363.48799999998;113955.304;113955.304;1714.014000000025;1591.8160000000207;1591.8160000000207;eev,integrated,separated,ws;lintim;Mumford0;Mumford0;True;False;1e-05;12000;1;2;20;50;200;-5;50;0.75;2;50;50;10;10;16;0.0368;1434;1434
14050712;435;g_000;2;1;30;random;0.5;1435;15;11;3-30,15-21;;110698.06399999995;110698.064;110698.064;110698.064;4.365574568510056e-11;0.0;0.0;eev,integrated,separated,ws;lintim;Mumford0;Mumford0;True;False;1e-05;12000;1;2;20;50;200;-5;50;0.75;2;50;50;10;10;16;0.0368;1435;1435
14050712;436;g_000;2;1;30;random;0.5;1436;15;12;12-18,16-22;;143609.95399999997;143609.95400000003;143609.954;143609.954;5.820766091346741e-11;-2.9103830456733704e-11;-2.9103830456733704e-11;eev,integrated,separated,ws;lintim;Mumford0;Mumford0;True;False;1e-05;12000;1;2;20;50;200;-5;50;0.75;2;50;50;10;10;16;0.0368;1436;1436
14050712;437;g_000;2;1;30;random;0.5;1437;15;13;4-15,8-21;;115264.73199999996;115264.73200000385;115264.732;115264.732;3.885361365973949e-09;-3.841705620288849e-09;-3.841705620288849e-09;eev,integrated,separated,ws;lintim;Mumford0;Mumford0;True;False;1e-05;12000;1;2;20;50;200;-5;50;0.75;2;50;50;10;10;16;0.0368;1437;1437
14050712;438;g_000;2;1;30;random;0.5;1438;15;14;1-29,9-20;;137397.6059999999;137397.60599999997;137397.606;137397.606;5.820766091346741e-11;2.9103830456733704e-11;2.9103830456733704e-11;eev,integrated,separated,ws;lintim;Mumford0;Mumford0;True;False;1e-05;12000;1;2;20;50;200;-5;50;0.75;2;50;50;10;10;16;0.0368;1438;1438
14050712;439;g_000;2;1;30;random;0.5;1439;15;15;3-22,5-15;;124573.13999999996;125961.96;127980.7;127980.7;1388.8200000000506;2018.7399999999907;2018.7399999999907;eev,integrated,separated,ws;lintim;Mumford0;Mumford0;True;False;1e-05;12000;1;2;20;50;200;-5;50;0.75;2;50;50;10;10;16;0.0368;1439;1439
14050712;440;g_000;2;1;30;random;0.5;1440;15;16;1-27,8-17;;174834.63999999996;178688.846;181289.71;178885.91800000003;3854.2060000000342;2600.8640000000014;197.07200000004377;eev,integrated,separated,ws;lintim;Mumford0;Mumford0;True;False;1e-05;12000;1;2;20;50;200;-5;50;0.75;2;50;50;10;10;16;0.0368;1440;1440
14050712;441;g_000;2;1;30;random;0.5;1441;15;17;3-16,5-24;;160133.59599999996;162957.61199999996;165558.476;163154.684;2824.0160000000037;2600.8640000000305;197.07200000004377;eev,integrated,separated,ws;lintim;Mumford0;Mumford0;True;False;1e-05;12000;1;2;20;50;200;-5;50;0.75;2;50;50;10;10;16;0.0368;1441;1441
14050712;442;g_000;2;1;30;random;0.5;1442;15;18;8-29,18-20;;116153.14399999996;117981.92799999722;119711.372;118552.24000000002;1828.783999997264;1729.4440000027826;570.3120000027993;eev,integrated,separated,ws;lintim;Mumford0;Mumford0;True;False;1e-05;12000;1;2;20;50;200;-5;50;0.75;2;50;50;10;10;16;0.0368;1442;1442
14050712;443;g_000;2;1;30;random;0.5;1443;15;19;1-20,13-23;;112032.62599999996;113421.44600000004;115262.904;115262.904;1388.8200000000795;1841.457999999955;1841.457999999955;eev,integrated,separated,ws;lintim;Mumford0;Mumford0;True;False;1e-05;12000;1;2;20;50;200;-5;50;0.75;2;50;50;10;10;16;0.0368;1443;1443
14050712;444;g_000;2;1;30;random;0.5;1444;15;20;1-14,1-27;;160365.86999999994;160365.87;160365.87;160365.87;5.820766091346741e-11;0.0;0.0;eev,integrated,separated,ws;lintim;Mumford0;Mumford0;True;False;1e-05;12000;1;2;20;50;200;-5;50;0.75;2;50;50;10;10;16;0.0368;1444;1444
14050712;445;g_000;2;1;30;random;0.5;1445;15;21;8-29,13-18;;115414.43999999996;115414.44000003776;115414.44;115414.44;3.780587576329708e-08;-3.776222001761198e-08;-3.776222001761198e-08;eev,integrated,separated,ws;lintim;Mumford0;Mumford0;True;False;1e-05;12000;1;2;20;50;200;-5;50;0.75;2;50;50;10;10;16;0.0368;1445;1445
14050712;446;g_000;2;1;30;random;0.5;1446;15;22;1-23,11-22;;118408.55599999995;118408.55600000345;118408.556;118408.556;3.492459654808044e-09;-3.448803909122944e-09;-3.448803909122944e-09;eev,integrated,separated,ws;lintim;Mumford0;Mumford0;True;False;1e-05;12000;1;2;20;50;200;-5;50;0.75;2;50;50;10;10;16;0.0368;1446;1446
14050712;447;g_000;2;1;30;random;0.5;1447;15;23;2-25,23-26;;114418.63799999996;114418.638;114418.638;114418.638;4.365574568510056e-11;0.0;0.0;eev,integrated,separated,ws;lintim;Mumford0;Mumford0;True;False;1e-05;12000;1;2;20;50;200;-5;50;0.75;2;50;50;10;10;16;0.0368;1447;1447
14050712;448;g_000;2;1;30;random;0.5;1448;15;24;7-11,9-20;;130968.84399999998;130968.8436975388;130968.844;130968.844;-0.0003024611796718;0.0003024611942237;0.0003024611942237;eev,integrated,separated,ws;lintim;Mumford0;Mumford0;True;False;1e-05;12000;1;2;20;50;200;-5;50;0.75;2;50;50;10;10;16;0.0368;1448;1448
14050712;449;g_000;2;1;30;random;0.5;1449;15;25;4-25,7-17;;119546.62199999996;120482.02400000828;120796.364;120482.024;935.4020000083256;314.33999999171647;-8.280039764940739e-09;eev,integrated,separated,ws;lintim;Mumford0;Mumford0;True;False;1e-05;12000;1;2;20;50;200;-5;50;0.75;2;50;50;10;10;16;0.0368;1449;1449
14050712;450;g_000;2;1;30;random;0.5;1450;15;26;7-16,13-20;;112944.21799999994;112944.21800000058;112944.21799999996;112944.21799999996;6.402842700481415e-10;-6.111804395914078e-10;-6.111804395914078e-10;eev,integrated,separated,ws;lintim;Mumford0;Mumford0;True;False;1e-05;12000;1;2;20;50;200;-5;50;0.75;2;50;50;10;10;16;0.0368;1450;1450
14050712;451;g_000;2;1;30;random;0.5;1451;15;27;2-25,9-13;;111259.27799999992;111259.27920947332;111259.278;111259.278;0.0012094733974663;-0.0012094733101548;-0.0012094733101548;eev,integrated,separated,ws;lintim;Mumford0;Mumford0;True;False;1e-05;12000;1;2;20;50;200;-5;50;0.75;2;50;50;10;10;16;0.0368;1451;1451
14050712;452;g_000;2;1;30;random;0.5;1452;15;28;1-18,12-26;;117775.27399999998;119648.64;122948.792;120114.07600000002;1873.366000000024;3300.152000000002;465.43600000001607;eev,integrated,separated,ws;lintim;Mumford0;Mumford0;True;False;1e-05;12000;1;2;20;50;200;-5;50;0.75;2;50;50;10;10;16;0.0368;1452;1452
14050712;453;g_000;2;1;30;random;0.5;1453;15;29;7-17,26-29;;117544.23999999998;118601.096;121435.81199999998;118601.096;1056.8560000000289;2834.7159999999712;0.0;eev,integrated,separated,ws;lintim;Mumford0;Mumford0;True;False;1e-05;12000;1;2;20;50;200;-5;50;0.75;2;50;50;10;10;16;0.0368;1453;1453
14050712;454;g_000;3;1;30;random;0.5;1454;16;0;7-11,7-14,8-11;;110905.55199999997;111210.90799999904;111210.908;111210.908;305.35599999906844;9.60426405072212e-10;9.60426405072212e-10;eev,integrated,separated,ws;lintim;Mumford0;Mumford0;True;False;1e-05;12000;1;2;20;50;200;-5;50;0.75;2;50;50;10;10;16;0.0368;1454;1454
14050712;455;g_000;3;1;30;random;0.5;1455;16;1;1-18,4-25,7-16;;116008.13199999995;116008.13199999998;116008.132;116008.132;2.9103830456733704e-11;1.4551915228366852e-11;1.4551915228366852e-11;eev,integrated,separated,ws;lintim;Mumford0;Mumford0;True;False;1e-05;12000;1;2;20;50;200;-5;50;0.75;2;50;50;10;10;16;0.0368;1455;1455
14050712;456;g_000;3;1;30;random;0.5;1456;16;2;3-30,7-11,16-22;;112606.54199999996;114667.72;116523.46;116523.46;2061.1780000000435;1855.7400000000048;1855.7400000000048;eev,integrated,separated,ws;lintim;Mumford0;Mumford0;True;False;1e-05;12000;1;2;20;50;200;-5;50;0.75;2;50;50;10;10;16;0.0368;1456;1456
14050712;457;g_000;3;1;30;random;0.5;1457;16;3;10-24,13-23,19-23;;112977.59799999995;114693.70199999795;116802.856;116802.856;1716.1039999979985;2109.154000002047;2109.154000002047;eev,integrated,separated,ws;lintim;Mumford0;Mumford0;True;False;1e-05;12000;1;2;20;50;200;-5;50;0.75;2;50;50;10;10;16;0.0368;1457;1457
14050712;458;g_000;3;1;30;random;0.5;1458;16;4;5-25,8-25,10-15;;111540.94400000472;112814.81426794257;113988.744;113988.744;1273.8702679378475;1173.9297320574406;1173.9297320574406;eev,integrated,separated,ws;lintim;Mumford0;Mumford0;True;False;1e-05;12000;1;2;20;50;200;-5;50;0.75;2;50;50;10;10;16;0.0368;1458;1458
14050712;459;g_000;3;1;30;random;0.5;1459;16;5;2-24,2-25,19-23;;114755.09999999992;117177.92999999976;118252.884;117177.93;2422.8299999998417;1074.9540000002453;2.3283064365386963e-10;eev,integrated,separated,ws;lintim;Mumford0;Mumford0;True;False;1e-05;12000;1;2;20;50;200;-5;50;0.75;2;50;50;10;10;16;0.0368;1459;1459
14050712;460;g_000;3;1;30;random;0.5;1460;16;6;1-14,3-7,5-21;;126842.04399999998;129978.15985268143;131916.3120000001;130175.23200000002;3136.1158526814543;1938.1521473186583;197.07214731858403;eev,integrated,separated,ws;lintim;Mumford0;Mumford0;True;False;1e-05;12000;1;2;20;50;200;-5;50;0.75;2;50;50;10;10;16;0.0368;1460;1460
14050712;461;g_000;3;1;30;random;0.5;1461;16;7;2-5,18-29,21-25;;130000.43799999997;131133.37399999998;131718.166;131297.91000000003;1132.936000000016;584.7920000000158;164.536000000051;eev,integrated,separated,ws;lintim;Mumford0;Mumford0;True;False;1e-05;12000;1;2;20;50;200;-5;50;0.75;2;50;50;10;10;16;0.0368;1461;1461
14050712;462;g_000;3;1;30;random;0.5;1462;16;8;3-28,8-11,15-21;;108965.07599999996;109270.432;109270.432;109270.432;305.3560000000434;0.0;0.0;eev,integrated,separated,ws;lintim;Mumford0;Mumford0;True;False;1e-05;12000;1;2;20;50;200;-5;50;0.75;2;50;50;10;10;16;0.0368;1462;1462
14050712;463;g_000;3;1;30;random;0.5;1463;16;9;1-27,3-16,18-29;;105133.53599999998;105133.53599999998;105133.536;105133.536;0.0;1.4551915228366852e-11;1.4551915228366852e-11;eev,integrated,separated,ws;lintim;Mumford0;Mumford0;True;False;1e-05;12000;1;2;20;50;200;-5;50;0.75;2;50;50;10;10;16;0.0368;1463;1463
14050712;464;g_000;3;1;30;random;0.5;1464;16;10;2-10,2-15,15-24;;107664.63199999998;108036.41599999944;108311.036;108311.036;371.7839999994612;274.6200000005483;274.6200000005483;eev,integrated,separated,ws;lintim;Mumford0;Mumford0;True;False;1e-05;12000;1;2;20;50;200;-5;50;0.75;2;50;50;10;10;16;0.0368;1464;1464
14050712;465;g_000;3;1;30;random;0.5;1465;16;11;3-17,18-19,21-25;;112216.63199999995;112216.632;112216.632;112216.632;4.365574568510056e-11;0.0;0.0;eev,integrated,separated,ws;lintim;Mumford0;Mumford0;True;False;1e-05;12000;1;2;20;50;200;-5;50;0.75;2;50;50;10;10;16;0.0368;1465;1465
14050712;466;g_000;3;1;30;random;0.5;1466;16;12;3-8,5-15,9-20;;112944.21799999994;112944.21800000058;112944.21799999996;112944.21799999996;6.402842700481415e-10;-6.111804395914078e-10;-6.111804395914078e-10;eev,integrated,separated,ws;lintim;Mumford0;Mumford0;True;False;1e-05;12000;1;2;20;50;200;-5;50;0.75;2;50;50;10;10;16;0.0368;1466;1466
14050712;467;g_000;3;1;30;random;0.5;1467;16;13;11-17,13-19,17-28;;108950.59999999996;110074.53999999884;111789.364;111789.364;1123.9399999988818;1714.8240000011574;1714.8240000011574;eev,integrated,separated,ws;lintim;Mumford0;Mumford0;True;False;1e-05;12000;1;2;20;50;200;-5;50;0.75;2;50;50;10;10;16;0.0368;1467;1467
14050712;468;g_000;3;1;30;random;0.5;1468;16;14;2-24,7-17,21-24;;113590.14199989873;113590.14199999944;113590.142;113590.142;1.00713805295527e-07;5.675246939063071e-10;5.675246939063071e-10;eev,integrated,separated,ws;lintim;Mumford0;Mumford0;True;False;1e-05;12000;1;2;20;50;200;-5;50;0.75;2;50;50;10;10;16;0.0368;1468;1468
14050712;469;g_000;3;1;30;random;0.5;1469;16;15;3-16,9-20,11-16;;108965.07599999996;109270.432;109270.432;109270.432;305.3560000000434;0.0;0.0;eev,integrated,separated,ws;lintim;Mumford0;Mumford0;True;False;1e-05;12000;1;2;20;50;200;-5;50;0.75;2;50;50;10;10;16;0.0368;1469;1469
14050712;470;g_000;3;1;30;random;0.5;1470;16;16;1-26,2-25,24-25;;105133.53599999996;105133.536;105133.536;105133.536;2.9103830456733704e-11;0.0;0.0;eev,integrated,separated,ws;lintim;Mumford0;Mumford0;True;False;1e-05;12000;1;2;20;50;200;-5;50;0.75;2;50;50;10;10;16;0.0368;1470;1470
14050712;471;g_000;3;1;30;random;0.5;1471;16;17;3-28,12-18,28-30;;110698.06399999995;110698.064;110698.064;110698.064;4.365574568510056e-11;0.0;0.0;eev,integrated,separated,ws;lintim;Mumford0;Mumford0;True;False;1e-05;12000;1;2;20;50;200;-5;50;0.75;2;50;50;10;10;16;0.0368;1471;1471
14050712;472;g_000;3;1;30;random;0.5;1472;16;18;1-19,11-30,18-29;;110801.30399999996;110801.304;110801.30399999904;110801.30399999904;4.365574568510056e-11;-9.60426405072212e-10;-9.60426405072212e-10;eev,integrated,separated,ws;lintim;Mumford0;Mumford0;True;False;1e-05;12000;1;2;20;50;200;-5;50;0.75;2;50;50;10;10;16;0.0368;1472;1472
14050712;473;g_000;3;1;30;random;0.5;1473;16;19;1-14,12-15,28-30;;110126.14399999996;110126.144;110126.144;110126.144;4.365574568510056e-11;0.0;0.0;eev,integrated,separated,ws;lintim;Mumford0;Mumford0;True;False;1e-05;12000;1;2;20;50;200;-5;50;0.75;2;50;50;10;10;16;0.0368;1473;1473
14050712;474;g_000;3;1;30;random;0.5;1474;16;20;5-8,6-22,10-15;;112218.82399999996;112218.824;112218.824;112218.82400000002;2.9103830456733704e-11;0.0;2.9103830456733704e-11;eev,integrated,separated,ws;lintim;Mumford0;Mumford0;True;False;1e-05;12000;1;2;20;50;200;-5;50;0.75;2;50;50;10;10;16;0.0368;1474;1474
14050712;475;g_000;3;1;30;random;0.5;1475;16;21;8-25,12-15,12-18;;117775.27399999998;119648.64;122948.792;120114.07600000002;1873.366000000024;3300.152000000002;465.43600000001607;eev,integrated,separated,ws;lintim;Mumford0;Mumford0;True;False;1e-05;12000;1;2;20;50;200;-5;50;0.75;2;50;50;10;10;16;0.0368;1475;1475
14050712;476;g_000;3;1;30;random;0.5;1476;16;22;5-15,13-18,15-21;;111527.77999999996;111527.78;111527.78;111527.78;4.365574568510056e-11;0.0;0.0;eev,integrated,separated,ws;lintim;Mumford0;Mumford0;True;False;1e-05;12000;1;2;20;50;200;-5;50;0.75;2;50;50;10;10;16;0.0368;1476;1476
14050712;477;g_000;3;1;30;random;0.5;1477;16;23;9-13,18-19,18-23;;109859.27799999996;109859.27799999996;109859.27799999998;109859.27799999998;0.0;1.4551915228366852e-11;1.4551915228366852e-11;eev,integrated,separated,ws;lintim;Mumford0;Mumford0;True;False;1e-05;12000;1;2;20;50;200;-5;50;0.75;2;50;50;10;10;16;0.0368;1477;1477
14050712;478;g_000;3;1;30;random;0.5;1478;16;24;9-20,18-19,20-23;;105133.53599999996;105133.536;105133.536;105133.536;2.9103830456733704e-11;0.0;0.0;eev,integrated,separated,ws;lintim;Mumford0;Mumford0;True;False;1e-05;12000;1;2;20;50;200;-5;50;0.75;2;50;50;10;10;16;0.0368;1478;1478
14050712;479;g_000;3;1;30;random;0.5;1479;16;25;2-24,2-25,4-24;;160133.59599999996;162957.61199999996;165558.476;163154.684;2824.0160000000037;2600.8640000000305;197.07200000004377;eev,integrated,separated,ws;lintim;Mumford0;Mumford0;True;False;1e-05;12000;1;2;20;50;200;-5;50;0.75;2;50;50;10;10;16;0.0368;1479;1479
14050712;480;g_000;3;1;30;random;0.5;1480;16;26;1-13,9-27,11-22;;107843.73599999998;108215.51999999996;108534.304;108534.304;371.7839999999851;318.7840000000433;318.7840000000433;eev,integrated,separated,ws;lintim;Mumford0;Mumford0;True;False;1e-05;12000;1;2;20;50;200;-5;50;0.75;2;50;50;10;10;16;0.0368;1480;1480
14050712;481;g_000;3;1;30;random;0.5;1481;16;27;1-23,9-13,18-29;;110649.47399999996;112363.48799999998;113955.304;113955.304;1714.014000000025;1591.8160000000207;1591.8160000000207;eev,integrated,separated,ws;lintim;Mumford0;Mumford0;True;False;1e-05;12000;1;2;20;50;200;-5;50;0.75;2;50;50;10;10;16;0.0368;1481;1481
14050712;482;g_000;3;1;30;random;0.5;1482;16;28;4-15,9-27,21-24;;110888.43199999996;110888.432;110888.432;110888.432;4.365574568510056e-11;0.0;0.0;eev,integrated,separated,ws;lintim;Mumford0;Mumford0;True;False;1e-05;12000;1;2;20;50;200;-5;50;0.75;2;50;50;10;10;16;0.0368;1482;1482
14050712;483;g_000;3;1;30;random;0.5;1483;16;29;5-15,8-26,12-26;;105133.53599999996;105133.53600000004;105133.536;105133.536;7.275957614183426e-11;-4.365574568510056e-11;-4.365574568510056e-11;eev,integrated,separated,ws;lintim;Mumford0;Mumford0;True;False;1e-05;12000;1;2;20;50;200;-5;50;0.75;2;50;50;10;10;16;0.0368;1483;1483
