array_job_id;task_id;run_group_id;case_k;case_per_run;case_variants;case_selection;case_p_fail;case_id;case_sweep_row;case_variant_idx;case_edges;case_lines;WS;RP;EEV_nom;EEV_mean;EVPI;VSS_nom;VSS_mean;procedures_present;source;network;scenario_line_data;routing_agg;waiting_time_frequency;gap;time_limit;travel_time_cost_mult;waiting_time_cost_mult;line_operation_cost_mult;cost_repl_freq;cost_repl_line;repl_budget;bypass_multiplier;overdemand_threshold;overdemand_multiplier;num_od;train_capacity;infrastructure_capacity;max_frequency;threads;demand_scale;scenario_infra_id;scenario_prob_id
14050634;0;g_000;1;1;60;line_consecutive;0.5;1000;0;0;11-12;1,7,8;136644.633844;136644.633844;136644.63384399994;136644.633844;0.0;-5.820766091346741e-11;0.0;eev,integrated,separated,ws;lintim;SiouxFalls;SiouxFalls;True;False;1e-05;12000;1;2;20;50;200;-5;50;0.75;2;50;50;10;10;16;2.7866;1000;1000
14050634;1;g_000;1;1;60;line_consecutive;0.5;1001;0;1;10-11;1,7,10;140324.88462799945;140445.07330699998;140445.07330699996;140445.07300411584;120.18867900053738;-2.9103830456733704e-11;-0.0003028841456398;eev,integrated,separated,ws;lintim;SiouxFalls;SiouxFalls;True;False;1e-05;12000;1;2;20;50;200;-5;50;0.75;2;50;50;10;10;16;2.7866;1001;1001
14050634;2;g_000;1;1;60;line_consecutive;0.5;1002;0;2;10-16;1,10;149688.153646;149885.81772500003;149885.81772499997;159124.61977400002;197.66407900003836;-5.820766091346741e-11;9238.80204899999;eev,integrated,separated,ws;lintim;SiouxFalls;SiouxFalls;True;False;1e-05;12000;1;2;20;50;200;-5;50;0.75;2;50;50;10;10;16;2.7866;1002;1002
14050634;3;g_000;1;1;60;line_consecutive;0.5;1003;0;3;16-18;1;142178.21360500017;142378.47753300003;143346.05554699997;143346.055547;200.2639279998548;967.5780139999406;967.5780139999696;eev,integrated,separated,ws;lintim;SiouxFalls;SiouxFalls;True;False;1e-05;12000;1;2;20;50;200;-5;50;0.75;2;50;50;10;10;16;2.7866;1003;1003
14050634;4;g_000;1;1;60;line_consecutive;0.5;1004;0;4;2-6;2;163807.287564;165855.655346;165883.74610999995;173403.110743;2048.367782000016;28.090763999935007;7547.455396999983;eev,integrated,separated,ws;lintim;SiouxFalls;SiouxFalls;True;False;1e-05;12000;1;2;20;50;200;-5;50;0.75;2;50;50;10;10;16;2.7866;1004;1004
14050634;5;g_000;1;1;60;line_consecutive;0.5;1005;0;5;6-8;2;137485.76616799994;138160.002347;138325.19784899993;138325.197849;674.2361790000577;165.19550199992955;165.19550199998775;eev,integrated,separated,ws;lintim;SiouxFalls;SiouxFalls;True;False;1e-05;12000;1;2;20;50;200;-5;50;0.75;2;50;50;10;10;16;2.7866;1005;1005
14050634;6;g_000;1;1;60;line_consecutive;0.5;1006;0;6;8-16;2,10,13;136644.69777199998;136644.633844;136644.6338439987;136644.63384399872;-0.0639279999886639;-1.3096723705530167e-09;-1.280568540096283e-09;eev,integrated,separated,ws;lintim;SiouxFalls;SiouxFalls;True;False;1e-05;12000;1;2;20;50;200;-5;50;0.75;2;50;50;10;10;16;2.7866;1006;1006
14050634;7;g_000;1;1;60;line_consecutive;0.5;1007;0;7;16-17;2,13;153497.19433600002;156572.91219200005;157426.70293899995;162443.4439799999;3075.717856000032;853.7907469999045;5870.531787999847;eev,integrated,separated,ws;lintim;SiouxFalls;SiouxFalls;True;False;1e-05;12000;1;2;20;50;200;-5;50;0.75;2;50;50;10;10;16;2.7866;1007;1007
14050634;8;g_000;1;1;60;line_consecutive;0.5;1008;0;8;17-19;2,13,14;151461.24870499998;152866.84480899994;155849.45366199996;163416.0622149999;1405.5961039999677;2982.6088530000125;10549.217405999952;eev,integrated,separated,ws;lintim;SiouxFalls;SiouxFalls;True;False;1e-05;12000;1;2;20;50;200;-5;50;0.75;2;50;50;10;10;16;2.7866;1008;1008
14050634;9;g_000;1;1;60;line_consecutive;0.5;1009;0;9;19-20;2;156104.901396;158244.95386700248;159990.38133799995;164904.55588099995;2140.0524710024765;1745.427470997471;6659.602013997472;eev,integrated,separated,ws;lintim;SiouxFalls;SiouxFalls;True;False;1e-05;12000;1;2;20;50;200;-5;50;0.75;2;50;50;10;10;16;2.7866;1009;1009
14050634;10;g_000;1;1;60;line_consecutive;0.5;1010;0;10;3-4;3,4;137485.76616799994;138160.002347;138325.19784899996;138325.197849;674.2361790000577;165.19550199995865;165.19550199998775;eev,integrated,separated,ws;lintim;SiouxFalls;SiouxFalls;True;False;1e-05;12000;1;2;20;50;200;-5;50;0.75;2;50;50;10;10;16;2.7866;1010;1010
14050634;11;g_000;1;1;60;line_consecutive;0.5;1011;0;11;4-5;3;145629.903542;146726.555011;147656.23848199996;147656.2381791158;1096.651469000004;929.6834709999677;929.683168115822;eev,integrated,separated,ws;lintim;SiouxFalls;SiouxFalls;True;False;1e-05;12000;1;2;20;50;200;-5;50;0.75;2;50;50;10;10;16;2.7866;1011;1011
14050634;12;g_000;1;1;60;line_consecutive;0.5;1012;0;12;5-9;3,9;164416.178103;165705.89605399998;166521.76431799994;172625.45620899997;1289.7179509999696;815.8682639999606;6919.560154999985;eev,integrated,separated,ws;lintim;SiouxFalls;SiouxFalls;True;False;1e-05;12000;1;2;20;50;200;-5;50;0.75;2;50;50;10;10;16;2.7866;1012;1012
14050634;13;g_000;1;1;60;line_consecutive;0.5;1013;0;13;8-9;3,7;136644.63384399892;136644.633844;136644.63384399994;136644.633844;1.076841726899147e-09;-5.820766091346741e-11;0.0;eev,integrated,separated,ws;lintim;SiouxFalls;SiouxFalls;True;False;1e-05;12000;1;2;20;50;200;-5;50;0.75;2;50;50;10;10;16;2.7866;1013;1013
14050634;14;g_000;1;1;60;line_consecutive;0.5;1014;0;14;7-8;3,7,11;149382.2940340091;150241.78987199668;151399.88678799997;157515.63158899988;859.4958379875752;1158.0969160032982;7273.841717003204;eev,integrated,separated,ws;lintim;SiouxFalls;SiouxFalls;True;False;1e-05;12000;1;2;20;50;200;-5;50;0.75;2;50;50;10;10;16;2.7866;1014;1014
14050634;15;g_000;1;1;60;line_consecutive;0.5;1015;0;15;7-18;3,11;140669.54515199998;140995.16588;140995.16587999996;140995.16557711584;325.62072800000897;-2.9103830456733704e-11;-0.0003028841456398;eev,integrated,separated,ws;lintim;SiouxFalls;SiouxFalls;True;False;1e-05;12000;1;2;20;50;200;-5;50;0.75;2;50;50;10;10;16;2.7866;1015;1015
14050634;16;g_000;1;1;60;line_consecutive;0.5;1016;0;16;1-3;4,8,12;174015.736703;176584.91815099856;177068.02225899996;195596.218138;2569.1814479985624;483.1041080013965;19011.299987001432;eev,integrated,separated,ws;lintim;SiouxFalls;SiouxFalls;True;False;1e-05;12000;1;2;20;50;200;-5;50;0.75;2;50;50;10;10;16;2.7866;1016;1016
14050634;17;g_000;1;1;60;line_consecutive;0.5;1017;0;17;4-11;4;136644.633844;136644.63384400005;136644.63384399936;136644.6338439994;5.820766091346741e-11;-6.984919309616089e-10;-6.402842700481415e-10;eev,integrated,separated,ws;lintim;SiouxFalls;SiouxFalls;True;False;1e-05;12000;1;2;20;50;200;-5;50;0.75;2;50;50;10;10;16;2.7866;1017;1017
14050634;18;g_000;1;1;60;line_consecutive;0.5;1018;0;18;11-14;4,8,10;146262.16537;148829.19410400002;152163.91480499014;149169.77466342755;2567.0287340000214;3334.7207009901176;340.5805594275298;eev,integrated,separated,ws;lintim;SiouxFalls;SiouxFalls;True;False;1e-05;12000;1;2;20;50;200;-5;50;0.75;2;50;50;10;10;16;2.7866;1018;1018
14050634;19;g_000;1;1;60;line_consecutive;0.5;1019;0;19;14-23;4,10;144259.38902499998;145153.249903999;145397.63018899993;146452.7598198594;893.8608789990249;244.3802850009233;1299.509915860399;eev,integrated,separated,ws;lintim;SiouxFalls;SiouxFalls;True;False;1e-05;12000;1;2;20;50;200;-5;50;0.75;2;50;50;10;10;16;2.7866;1019;1019
14050634;20;g_000;1;1;60;line_consecutive;0.5;1020;0;20;23-24;4;157156.324907;158514.345024;158758.91412299994;168568.20534199965;1358.0201170000073;244.56909899992752;10053.860317999644;eev,integrated,separated,ws;lintim;SiouxFalls;SiouxFalls;True;False;1e-05;12000;1;2;20;50;200;-5;50;0.75;2;50;50;10;10;16;2.7866;1020;1020
14050634;21;g_000;1;1;60;line_consecutive;0.5;1021;0;21;10-15;5,9;137750.58763999998;138202.34519400058;139245.10858498933;139245.1085849894;451.7575540005928;1042.7633909887518;1042.76339098881;eev,integrated,separated,ws;lintim;SiouxFalls;SiouxFalls;True;False;1e-05;12000;1;2;20;50;200;-5;50;0.75;2;50;50;10;10;16;2.7866;1021;1021
14050634;22;g_000;1;1;60;line_consecutive;0.5;1022;0;22;15-22;5,13;151383.172612;153353.0050989576;153774.85602299997;158008.58759399998;1969.832486957603;421.85092404237366;4655.582495042385;eev,integrated,separated,ws;lintim;SiouxFalls;SiouxFalls;True;False;1e-05;12000;1;2;20;50;200;-5;50;0.75;2;50;50;10;10;16;2.7866;1022;1022
14050634;23;g_000;1;1;60;line_consecutive;0.5;1023;0;23;22-23;5;162844.935563;164952.231582;165193.06081399997;173754.54160599964;2107.2960190000013;240.82923199996003;8802.310023999627;eev,integrated,separated,ws;lintim;SiouxFalls;SiouxFalls;True;False;1e-05;12000;1;2;20;50;200;-5;50;0.75;2;50;50;10;10;16;2.7866;1023;1023
14050634;24;g_000;1;1;60;line_consecutive;0.5;1024;0;24;13-24;6;154654.33731599996;156065.35254399996;156339.68719799997;164756.00188399968;1411.0152280000038;274.3346540000057;8690.649339999713;eev,integrated,separated,ws;lintim;SiouxFalls;SiouxFalls;True;False;1e-05;12000;1;2;20;50;200;-5;50;0.75;2;50;50;10;10;16;2.7866;1024;1024
14050634;25;g_000;1;1;60;line_consecutive;0.5;1025;0;25;21-24;6;144025.9840909998;144800.6220180001;144800.62201799994;144800.622018;774.6379270003235;-1.7462298274040222e-10;-1.1641532182693479e-10;eev,integrated,separated,ws;lintim;SiouxFalls;SiouxFalls;True;False;1e-05;12000;1;2;20;50;200;-5;50;0.75;2;50;50;10;10;16;2.7866;1025;1025
14050634;26;g_000;1;1;60;line_consecutive;0.5;1026;0;26;20-21;6;144352.806742;145176.147526;145758.96973499993;145176.14752596413;823.340784;582.8222089999472;-3.585591912269592e-08;eev,integrated,separated,ws;lintim;SiouxFalls;SiouxFalls;True;False;1e-05;12000;1;2;20;50;200;-5;50;0.75;2;50;50;10;10;16;2.7866;1026;1026
14050634;27;g_000;1;1;60;line_consecutive;0.5;1027;0;27;9-10;7,9;136644.633844;136644.633844;136644.63384399994;136644.633844;0.0;-5.820766091346741e-11;0.0;eev,integrated,separated,ws;lintim;SiouxFalls;SiouxFalls;True;False;1e-05;12000;1;2;20;50;200;-5;50;0.75;2;50;50;10;10;16;2.7866;1027;1027
14050634;28;g_000;1;1;60;line_consecutive;0.5;1028;0;28;3-12;8,12;142876.12130499998;143902.72087820346;145061.33765000082;145061.33765000087;1026.599573203479;1158.6167717973583;1158.6167717974167;eev,integrated,separated,ws;lintim;SiouxFalls;SiouxFalls;True;False;1e-05;12000;1;2;20;50;200;-5;50;0.75;2;50;50;10;10;16;2.7866;1028;1028
14050634;29;g_000;1;1;60;line_consecutive;0.5;1029;0;29;5-6;9;136644.633844;136644.63384400005;136644.63384399994;136644.633844;5.820766091346741e-11;-1.1641532182693479e-10;-5.820766091346741e-11;eev,integrated,separated,ws;lintim;SiouxFalls;SiouxFalls;True;False;1e-05;12000;1;2;20;50;200;-5;50;0.75;2;50;50;10;10;16;2.7866;1029;1029
14050634;30;g_000;1;1;60;line_consecutive;0.5;1030;0;30;15-19;9,13,14;152810.94243500018;154482.358968;154965.46307598648;160089.75890699998;1671.4165329998068;483.10410798649536;5607.399938999995;eev,integrated,separated,ws;lintim;SiouxFalls;SiouxFalls;True;False;1e-05;12000;1;2;20;50;200;-5;50;0.75;2;50;50;10;10;16;2.7866;1030;1030
14050634;31;g_000;1;1;60;line_consecutive;0.5;1031;0;31;20-22;11;146356.153542;147452.805011;148342.52294399988;148342.52264111576;1096.651469000004;889.7179329998908;889.7176301157742;eev,integrated,separated,ws;lintim;SiouxFalls;SiouxFalls;True;False;1e-05;12000;1;2;20;50;200;-5;50;0.75;2;50;50;10;10;16;2.7866;1031;1031
14050634;32;g_000;1;1;60;line_consecutive;0.5;1032;0;32;18-20;11;152195.30240799987;153998.322539;154006.96918599994;157811.071857;1803.020131000114;8.646646999957738;3812.749318000017;eev,integrated,separated,ws;lintim;SiouxFalls;SiouxFalls;True;False;1e-05;12000;1;2;20;50;200;-5;50;0.75;2;50;50;10;10;16;2.7866;1032;1032
14050634;33;g_000;1;1;60;line_consecutive;0.5;1033;0;33;12-13;12;145388.71074002262;145904.02083499997;146993.56403899996;146389.79173099488;515.3100949773507;1089.5432039999869;485.77089599490864;eev,integrated,separated,ws;lintim;SiouxFalls;SiouxFalls;True;False;1e-05;12000;1;2;20;50;200;-5;50;0.75;2;50;50;10;10;16;2.7866;1033;1033
14050634;34;g_000;1;1;60;line_consecutive;0.5;1034;0;34;1-2;12;187191.544964;189315.3639139956;190671.02046;208447.647607;2123.8189499955624;1355.656546004437;19132.2836930044;eev,integrated,separated,ws;lintim;SiouxFalls;SiouxFalls;True;False;1e-05;12000;1;2;20;50;200;-5;50;0.75;2;50;50;10;10;16;2.7866;1034;1034
14050634;35;g_000;1;1;60;line_consecutive;0.5;1035;0;35;21-22;13;179484.777908;181567.7365195;183088.9229815;199776.422398;2082.958611500013;1521.1864620000124;18208.685878499997;eev,integrated,separated,ws;lintim;SiouxFalls;SiouxFalls;True;False;1e-05;12000;1;2;20;50;200;-5;50;0.75;2;50;50;10;10;16;2.7866;1035;1035
14050634;36;g_000;1;1;60;line_consecutive;0.5;1036;0;36;14-15;14;166738.41361699998;169472.088741;170267.68345899996;177968.50795399965;2733.6751240000303;795.5947179999494;8496.419212999637;eev,integrated,separated,ws;lintim;SiouxFalls;SiouxFalls;True;False;1e-05;12000;1;2;20;50;200;-5;50;0.75;2;50;50;10;10;16;2.7866;1036;1036
14050634;37;g_000;1;1;60;line_consecutive;0.5;1037;0;37;10-17;14;160825.387765;161693.18097099982;165207.9848749999;175360.066659;867.7932059998275;3514.803904000088;13666.885688000184;eev,integrated,separated,ws;lintim;SiouxFalls;SiouxFalls;True;False;1e-05;12000;1;2;20;50;200;-5;50;0.75;2;50;50;10;10;16;2.7866;1037;1037
14050634;38;g_000;2;1;60;line_consecutive;0.5;1038;1;0;10-11,11-12;1,7;145388.71074002262;145904.02083499997;146993.56403899996;148105.70785999956;515.3100949773507;1089.5432039999869;2201.6870249995845;eev,integrated,separated,ws;lintim;SiouxFalls;SiouxFalls;True;False;1e-05;12000;1;2;20;50;200;-5;50;0.75;2;50;50;10;10;16;2.7866;1038;1038
14050634;39;g_000;2;1;60;line_consecutive;0.5;1039;1;1;10-11,10-16;1,10;158330.67064000003;160556.85174198824;161356.75584999996;171479.79783099965;2226.1811019882152;799.9041080117167;10922.946089011411;eev,integrated,separated,ws;lintim;SiouxFalls;SiouxFalls;True;False;1e-05;12000;1;2;20;50;200;-5;50;0.75;2;50;50;10;10;16;2.7866;1039;1039
14050634;40;g_000;2;1;60;line_consecutive;0.5;1040;1;2;10-16,16-18;1;144025.984091;144800.622018;144800.62201799994;144800.622018;774.6379270000034;-5.820766091346741e-11;0.0;eev,integrated,separated,ws;lintim;SiouxFalls;SiouxFalls;True;False;1e-05;12000;1;2;20;50;200;-5;50;0.75;2;50;50;10;10;16;2.7866;1040;1040
14050634;41;g_000;2;1;60;line_consecutive;0.5;1041;1;3;2-6,6-8;2;143650.5543829999;145403.74362999885;146057.26989599995;146057.26989599998;1753.1892469989543;653.5262660011067;653.5262660011358;eev,integrated,separated,ws;lintim;SiouxFalls;SiouxFalls;True;False;1e-05;12000;1;2;20;50;200;-5;50;0.75;2;50;50;10;10;16;2.7866;1041;1041
14050634;42;g_000;2;1;60;line_consecutive;0.5;1042;1;4;6-8,8-16;2;165541.66492701095;166908.1820249998;168366.12101099995;175399.07097900004;1366.5170979888644;1457.9389860001393;8490.888954000227;eev,integrated,separated,ws;lintim;SiouxFalls;SiouxFalls;True;False;1e-05;12000;1;2;20;50;200;-5;50;0.75;2;50;50;10;10;16;2.7866;1042;1042
14050634;43;g_000;2;1;60;line_consecutive;0.5;1043;1;5;8-16,16-17;2,13;160556.472494;163037.97120599996;163873.73399799995;169572.88014299996;2481.4987119999714;835.7627919999941;6534.908937;eev,integrated,separated,ws;lintim;SiouxFalls;SiouxFalls;True;False;1e-05;12000;1;2;20;50;200;-5;50;0.75;2;50;50;10;10;16;2.7866;1043;1043
14050634;44;g_000;2;1;60;line_consecutive;0.5;1044;1;6;16-17,17-19;2,13;150411.71167600004;152993.716432;155448.84865999213;155046.502743;2582.004755999951;2455.132227992144;2052.7863110000035;eev,integrated,separated,ws;lintim;SiouxFalls;SiouxFalls;True;False;1e-05;12000;1;2;20;50;200;-5;50;0.75;2;50;50;10;10;16;2.7866;1044;1044
14050634;45;g_000;2;1;60;line_consecutive;0.5;1045;1;7;17-19,19-20;2;193875.421248;197842.929622;199060.467125;202673.99444597852;3967.508373999997;1217.5375029999996;4831.064823978551;eev,integrated,separated,ws;lintim;SiouxFalls;SiouxFalls;True;False;1e-05;12000;1;2;20;50;200;-5;50;0.75;2;50;50;10;10;16;2.7866;1045;1045
14050634;46;g_000;2;1;60;line_consecutive;0.5;1046;1;8;3-4,4-5;3;166538.00730300002;167731.25694324565;168834.43153999996;179453.5643439811;1193.2496402456309;1103.1745967543102;11722.307400735444;eev,integrated,separated,ws;lintim;SiouxFalls;SiouxFalls;True;False;1e-05;12000;1;2;20;50;200;-5;50;0.75;2;50;50;10;10;16;2.7866;1046;1046
14050634;47;g_000;2;1;60;line_consecutive;0.5;1047;1;9;4-5,5-9;3;182060.749691;183988.74708199635;185592.4332339988;201601.02468099995;1927.9973909963448;1603.686152002425;17612.277599003603;eev,integrated,separated,ws;lintim;SiouxFalls;SiouxFalls;True;False;1e-05;12000;1;2;20;50;200;-5;50;0.75;2;50;50;10;10;16;2.7866;1047;1047
14050634;48;g_000;2;1;60;line_consecutive;0.5;1048;1;10;5-9,8-9;3;152471.169438;154184.8044319881;154866.37285999994;159450.25583099996;1713.6349939880893;681.5684280118439;5265.451399011858;eev,integrated,separated,ws;lintim;SiouxFalls;SiouxFalls;True;False;1e-05;12000;1;2;20;50;200;-5;50;0.75;2;50;50;10;10;16;2.7866;1048;1048
14050634;49;g_000;2;1;60;line_consecutive;0.5;1049;1;11;7-8,8-9;3,7;144447.72375399998;145779.901024;146073.23189399997;146452.7598198593;1332.1772700000147;293.33086999997613;672.858795859298;eev,integrated,separated,ws;lintim;SiouxFalls;SiouxFalls;True;False;1e-05;12000;1;2;20;50;200;-5;50;0.75;2;50;50;10;10;16;2.7866;1049;1049
14050634;50;g_000;2;1;60;line_consecutive;0.5;1050;1;12;7-8,7-18;3,11;182060.749691;183988.74708199635;185592.4332339988;201601.02468099995;1927.9973909963448;1603.686152002425;17612.277599003603;eev,integrated,separated,ws;lintim;SiouxFalls;SiouxFalls;True;False;1e-05;12000;1;2;20;50;200;-5;50;0.75;2;50;50;10;10;16;2.7866;1050;1050
14050634;51;g_000;2;1;60;line_consecutive;0.5;1051;1;13;1-3,3-4;4;166971.966027;169747.11692399997;170081.85019099998;176996.3481;2775.150896999985;334.73326700000325;7249.23117600003;eev,integrated,separated,ws;lintim;SiouxFalls;SiouxFalls;True;False;1e-05;12000;1;2;20;50;200;-5;50;0.75;2;50;50;10;10;16;2.7866;1051;1051
14050634;52;g_000;2;1;60;line_consecutive;0.5;1052;1;14;3-4,4-11;4;151819.32942198738;153534.77918598443;153939.59697899997;153939.596979;1715.4497639970505;404.81779301553615;404.81779301556526;eev,integrated,separated,ws;lintim;SiouxFalls;SiouxFalls;True;False;1e-05;12000;1;2;20;50;200;-5;50;0.75;2;50;50;10;10;16;2.7866;1052;1052
14050634;53;g_000;2;1;60;line_consecutive;0.5;1053;1;15;4-11,11-14;4;136644.633844;136644.633844;136644.63384399982;136644.63384399985;0.0;-1.7462298274040222e-10;-1.4551915228366852e-10;eev,integrated,separated,ws;lintim;SiouxFalls;SiouxFalls;True;False;1e-05;12000;1;2;20;50;200;-5;50;0.75;2;50;50;10;10;16;2.7866;1053;1053
14050634;54;g_000;2;1;60;line_consecutive;0.5;1054;1;16;11-14,14-23;4,10;144447.72375399998;145779.901024;146073.23189399997;146452.7598198593;1332.1772700000147;293.33086999997613;672.858795859298;eev,integrated,separated,ws;lintim;SiouxFalls;SiouxFalls;True;False;1e-05;12000;1;2;20;50;200;-5;50;0.75;2;50;50;10;10;16;2.7866;1054;1054
14050634;55;g_000;2;1;60;line_consecutive;0.5;1055;1;17;14-23,23-24;4;164352.01052500002;167109.72616199998;168952.97378799994;174573.72379095847;2757.715636999957;1843.247625999968;7463.997628958488;eev,integrated,separated,ws;lintim;SiouxFalls;SiouxFalls;True;False;1e-05;12000;1;2;20;50;200;-5;50;0.75;2;50;50;10;10;16;2.7866;1055;1055
14050634;56;g_000;2;1;60;line_consecutive;0.5;1056;1;18;10-15,15-22;5;146006.76895899998;147157.23086799955;147157.23086799996;147157.2305651158;1150.4619089995683;4.074536263942719e-10;-0.0003028837381862;eev,integrated,separated,ws;lintim;SiouxFalls;SiouxFalls;True;False;1e-05;12000;1;2;20;50;200;-5;50;0.75;2;50;50;10;10;16;2.7866;1056;1056
14050634;57;g_000;2;1;60;line_consecutive;0.5;1057;1;19;15-22,22-23;5;137750.58763999987;138325.693002;139245.10858499998;139245.108585;575.1053620001476;919.4155829999654;919.4155829999944;eev,integrated,separated,ws;lintim;SiouxFalls;SiouxFalls;True;False;1e-05;12000;1;2;20;50;200;-5;50;0.75;2;50;50;10;10;16;2.7866;1057;1057
14050634;58;g_000;2;1;60;line_consecutive;0.5;1058;1;20;13-24,21-24;6;163425.28624;167572.894244;168478.0027929821;171572.20062199995;4147.608004000009;905.108548982098;3999.30637799995;eev,integrated,separated,ws;lintim;SiouxFalls;SiouxFalls;True;False;1e-05;12000;1;2;20;50;200;-5;50;0.75;2;50;50;10;10;16;2.7866;1058;1058
14050634;59;g_000;2;1;60;line_consecutive;0.5;1059;1;21;20-21,21-24;6;163425.28624;167572.894244;168478.0027929821;171572.20062199995;4147.608004000009;905.108548982098;3999.30637799995;eev,integrated,separated,ws;lintim;SiouxFalls;SiouxFalls;True;False;1e-05;12000;1;2;20;50;200;-5;50;0.75;2;50;50;10;10;16;2.7866;1059;1059
14050634;60;g_000;2;1;60;line_consecutive;0.5;1060;1;22;9-10,10-11;7;151461.24870499998;152866.84480899994;155849.45366199996;163416.0622149999;1405.5961039999677;2982.6088530000125;10549.217405999952;eev,integrated,separated,ws;lintim;SiouxFalls;SiouxFalls;True;False;1e-05;12000;1;2;20;50;200;-5;50;0.75;2;50;50;10;10;16;2.7866;1060;1060
14050634;61;g_000;2;1;60;line_consecutive;0.5;1061;1;23;8-9,9-10;7;154654.33731599996;156065.35254399996;156339.68719799997;164756.00188399968;1411.0152280000038;274.3346540000057;8690.649339999713;eev,integrated,separated,ws;lintim;SiouxFalls;SiouxFalls;True;False;1e-05;12000;1;2;20;50;200;-5;50;0.75;2;50;50;10;10;16;2.7866;1061;1061
14050634;62;g_000;2;1;60;line_consecutive;0.5;1062;1;24;1-3,3-12;8,12;157156.324907;158514.345024;158758.91412299994;168568.20534199965;1358.0201170000073;244.56909899992752;10053.860317999644;eev,integrated,separated,ws;lintim;SiouxFalls;SiouxFalls;True;False;1e-05;12000;1;2;20;50;200;-5;50;0.75;2;50;50;10;10;16;2.7866;1062;1062
14050634;63;g_000;2;1;60;line_consecutive;0.5;1063;1;25;3-12,11-12;8;137750.5876400064;138325.6930020029;139245.10858499995;139245.10858499998;575.1053619965096;919.415582997055;919.415582997084;eev,integrated,separated,ws;lintim;SiouxFalls;SiouxFalls;True;False;1e-05;12000;1;2;20;50;200;-5;50;0.75;2;50;50;10;10;16;2.7866;1063;1063
14050634;64;g_000;2;1;60;line_consecutive;0.5;1064;1;26;11-12,11-14;8;136644.633844;136644.63384400005;136644.63384399936;136644.6338439994;5.820766091346741e-11;-6.984919309616089e-10;-6.402842700481415e-10;eev,integrated,separated,ws;lintim;SiouxFalls;SiouxFalls;True;False;1e-05;12000;1;2;20;50;200;-5;50;0.75;2;50;50;10;10;16;2.7866;1064;1064
14050634;65;g_000;2;1;60;line_consecutive;0.5;1065;1;27;5-6,5-9;9;137485.76616799994;138160.002347;138325.19784899996;138325.197849;674.2361790000577;165.19550199995865;165.19550199998775;eev,integrated,separated,ws;lintim;SiouxFalls;SiouxFalls;True;False;1e-05;12000;1;2;20;50;200;-5;50;0.75;2;50;50;10;10;16;2.7866;1065;1065
14050634;66;g_000;2;1;60;line_consecutive;0.5;1066;1;28;5-9,9-10;9;163807.287564;165855.655346;165883.74610999995;173403.110743;2048.367782000016;28.090763999935007;7547.455396999983;eev,integrated,separated,ws;lintim;SiouxFalls;SiouxFalls;True;False;1e-05;12000;1;2;20;50;200;-5;50;0.75;2;50;50;10;10;16;2.7866;1066;1066
14050634;67;g_000;2;1;60;line_consecutive;0.5;1067;1;29;9-10,10-15;9;144259.38902499998;145153.249903999;145397.63018899993;146452.7598198594;893.8608789990249;244.3802850009233;1299.509915860399;eev,integrated,separated,ws;lintim;SiouxFalls;SiouxFalls;True;False;1e-05;12000;1;2;20;50;200;-5;50;0.75;2;50;50;10;10;16;2.7866;1067;1067
14050634;68;g_000;2;1;60;line_consecutive;0.5;1068;1;30;10-15,15-19;9;148364.35243599996;150129.82571399977;152448.13482899996;152068.545059;1765.4732779998158;2318.3091150001856;1938.7193450002237;eev,integrated,separated,ws;lintim;SiouxFalls;SiouxFalls;True;False;1e-05;12000;1;2;20;50;200;-5;50;0.75;2;50;50;10;10;16;2.7866;1068;1068
14050634;69;g_000;2;1;60;line_consecutive;0.5;1069;1;31;8-16,10-16;10;137485.76616799994;138160.002347;138325.19784899993;138325.197849;674.2361790000577;165.19550199992955;165.19550199998775;eev,integrated,separated,ws;lintim;SiouxFalls;SiouxFalls;True;False;1e-05;12000;1;2;20;50;200;-5;50;0.75;2;50;50;10;10;16;2.7866;1069;1069
14050634;70;g_000;2;1;60;line_consecutive;0.5;1070;1;32;10-11,11-14;10;156104.901396;158244.95386700248;159990.38133799995;164904.55588099995;2140.0524710024765;1745.427470997471;6659.602013997472;eev,integrated,separated,ws;lintim;SiouxFalls;SiouxFalls;True;False;1e-05;12000;1;2;20;50;200;-5;50;0.75;2;50;50;10;10;16;2.7866;1070;1070
14050634;71;g_000;2;1;60;line_consecutive;0.5;1071;1;33;18-20,20-22;11;164416.178103;165705.89605399998;166521.76431799994;172625.45620899997;1289.7179509999696;815.8682639999606;6919.560154999985;eev,integrated,separated,ws;lintim;SiouxFalls;SiouxFalls;True;False;1e-05;12000;1;2;20;50;200;-5;50;0.75;2;50;50;10;10;16;2.7866;1071;1071
14050634;72;g_000;2;1;60;line_consecutive;0.5;1072;1;34;7-18,18-20;11;162844.935563;164952.231582;165193.06081399997;173754.54160599964;2107.2960190000013;240.82923199996003;8802.310023999627;eev,integrated,separated,ws;lintim;SiouxFalls;SiouxFalls;True;False;1e-05;12000;1;2;20;50;200;-5;50;0.75;2;50;50;10;10;16;2.7866;1072;1072
14050634;73;g_000;2;1;60;line_consecutive;0.5;1073;1;35;3-12,12-13;12;155704.17468299996;158849.337109;160799.61331599994;163320.20800400004;3145.1624260000244;1950.276206999959;4470.870895000058;eev,integrated,separated,ws;lintim;SiouxFalls;SiouxFalls;True;False;1e-05;12000;1;2;20;50;200;-5;50;0.75;2;50;50;10;10;16;2.7866;1073;1073
14050634;74;g_000;2;1;60;line_consecutive;0.5;1074;1;36;1-2,1-3;12;144352.806742;145176.147526;145758.96973499993;145176.14752596413;823.340784;582.8222089999472;-3.585591912269592e-08;eev,integrated,separated,ws;lintim;SiouxFalls;SiouxFalls;True;False;1e-05;12000;1;2;20;50;200;-5;50;0.75;2;50;50;10;10;16;2.7866;1074;1074
14050634;75;g_000;2;1;60;line_consecutive;0.5;1075;1;37;15-19,17-19;13,14;160135.38210699277;164355.69564899936;165286.13631099995;169047.95134799997;4220.313542006596;930.4406620005902;4692.255699000612;eev,integrated,separated,ws;lintim;SiouxFalls;SiouxFalls;True;False;1e-05;12000;1;2;20;50;200;-5;50;0.75;2;50;50;10;10;16;2.7866;1075;1075
14050634;76;g_000;2;1;60;line_consecutive;0.5;1076;1;38;15-19,15-22;13;151383.172612;153353.0050989576;153774.85602299997;158008.58759399998;1969.832486957603;421.85092404237366;4655.582495042385;eev,integrated,separated,ws;lintim;SiouxFalls;SiouxFalls;True;False;1e-05;12000;1;2;20;50;200;-5;50;0.75;2;50;50;10;10;16;2.7866;1076;1076
14050634;77;g_000;2;1;60;line_consecutive;0.5;1077;1;39;15-22,21-22;13;146262.16537;148829.19410400002;152163.91480499014;149169.77466342755;2567.0287340000214;3334.7207009901176;340.5805594275298;eev,integrated,separated,ws;lintim;SiouxFalls;SiouxFalls;True;False;1e-05;12000;1;2;20;50;200;-5;50;0.75;2;50;50;10;10;16;2.7866;1077;1077
14050634;78;g_000;2;1;60;line_consecutive;0.5;1078;1;40;14-15,15-19;14;137750.58763999998;138202.34519400058;139245.10858498933;139245.1085849894;451.7575540005928;1042.7633909887518;1042.76339098881;eev,integrated,separated,ws;lintim;SiouxFalls;SiouxFalls;True;False;1e-05;12000;1;2;20;50;200;-5;50;0.75;2;50;50;10;10;16;2.7866;1078;1078
14050634;79;g_000;2;1;60;line_consecutive;0.5;1079;1;41;10-17,17-19;14;155863.428123;157109.01484499997;159247.97648699995;167604.11882899964;1245.5867219999782;2138.96164199998;10495.103983999668;eev,integrated,separated,ws;lintim;SiouxFalls;SiouxFalls;True;False;1e-05;12000;1;2;20;50;200;-5;50;0.75;2;50;50;10;10;16;2.7866;1079;1079
14050634;80;g_000;3;1;40;line_consecutive;0.5;1080;2;0;10-11,10-16,11-12;1;136644.69777199998;136644.633844;136644.6338439987;136644.63384399872;-0.0639279999886639;-1.3096723705530167e-09;-1.280568540096283e-09;eev,integrated,separated,ws;lintim;SiouxFalls;SiouxFalls;True;False;1e-05;12000;1;2;20;50;200;-5;50;0.75;2;50;50;10;10;16;2.7866;1080;1080
14050634;81;g_000;3;1;40;line_consecutive;0.5;1081;2;1;10-11,10-16,16-18;1;136644.633844;136644.633844;136644.63384399994;136644.633844;0.0;-5.820766091346741e-11;0.0;eev,integrated,separated,ws;lintim;SiouxFalls;SiouxFalls;True;False;1e-05;12000;1;2;20;50;200;-5;50;0.75;2;50;50;10;10;16;2.7866;1081;1081
14050634;82;g_000;3;1;40;line_consecutive;0.5;1082;2;2;2-6,6-8,8-16;2;149382.2940340091;150241.78987199668;151399.88678799997;157515.63158899988;859.4958379875752;1158.0969160032982;7273.841717003204;eev,integrated,separated,ws;lintim;SiouxFalls;SiouxFalls;True;False;1e-05;12000;1;2;20;50;200;-5;50;0.75;2;50;50;10;10;16;2.7866;1082;1082
14050634;83;g_000;3;1;40;line_consecutive;0.5;1083;2;3;6-8,8-16,16-17;2;136644.633844;136644.6338641831;136644.63384399994;136644.63384399997;2.018309896811843e-05;-2.0183157175779343e-05;-2.018312807194889e-05;eev,integrated,separated,ws;lintim;SiouxFalls;SiouxFalls;True;False;1e-05;12000;1;2;20;50;200;-5;50;0.75;2;50;50;10;10;16;2.7866;1083;1083
14050634;84;g_000;3;1;40;line_consecutive;0.5;1084;2;4;8-16,16-17,17-19;2,13;136644.633844;136644.633844;136644.63384399924;136644.63384399927;0.0;-7.566995918750762e-10;-7.275957614183425e-10;eev,integrated,separated,ws;lintim;SiouxFalls;SiouxFalls;True;False;1e-05;12000;1;2;20;50;200;-5;50;0.75;2;50;50;10;10;16;2.7866;1084;1084
14050634;85;g_000;3;1;40;line_consecutive;0.5;1085;2;5;16-17,17-19,19-20;2;144025.9840909998;144800.6220180001;144800.62201799994;144800.622018;774.6379270003235;-1.7462298274040222e-10;-1.1641532182693479e-10;eev,integrated,separated,ws;lintim;SiouxFalls;SiouxFalls;True;False;1e-05;12000;1;2;20;50;200;-5;50;0.75;2;50;50;10;10;16;2.7866;1085;1085
14050634;86;g_000;3;1;40;line_consecutive;0.5;1086;2;6;3-4,4-5,5-9;3;144025.984091;144800.622018;144800.62201799994;144800.622018;774.6379270000034;-5.820766091346741e-11;0.0;eev,integrated,separated,ws;lintim;SiouxFalls;SiouxFalls;True;False;1e-05;12000;1;2;20;50;200;-5;50;0.75;2;50;50;10;10;16;2.7866;1086;1086
14050634;87;g_000;3;1;40;line_consecutive;0.5;1087;2;7;4-5,5-9,8-9;3;145629.903542;146726.555011;147656.23848199996;147656.2381791158;1096.651469000004;929.6834709999677;929.683168115822;eev,integrated,separated,ws;lintim;SiouxFalls;SiouxFalls;True;False;1e-05;12000;1;2;20;50;200;-5;50;0.75;2;50;50;10;10;16;2.7866;1087;1087
14050634;88;g_000;3;1;40;line_consecutive;0.5;1088;2;8;5-9,7-8,8-9;3;136644.63384399892;136644.633844;136644.63384399994;136644.633844;1.076841726899147e-09;-5.820766091346741e-11;0.0;eev,integrated,separated,ws;lintim;SiouxFalls;SiouxFalls;True;False;1e-05;12000;1;2;20;50;200;-5;50;0.75;2;50;50;10;10;16;2.7866;1088;1088
14050634;89;g_000;3;1;40;line_consecutive;0.5;1089;2;9;7-8,7-18,8-9;3;140324.88462799945;140445.07330699998;140445.07330699996;140445.07300411584;120.18867900053738;-2.9103830456733704e-11;-0.0003028841456398;eev,integrated,separated,ws;lintim;SiouxFalls;SiouxFalls;True;False;1e-05;12000;1;2;20;50;200;-5;50;0.75;2;50;50;10;10;16;2.7866;1089;1089
14050634;90;g_000;3;1;40;line_consecutive;0.5;1090;2;10;1-3,3-4,4-11;4;146006.76895899998;147157.23086799955;147157.23086799996;147157.2305651158;1150.4619089995683;4.074536263942719e-10;-0.0003028837381862;eev,integrated,separated,ws;lintim;SiouxFalls;SiouxFalls;True;False;1e-05;12000;1;2;20;50;200;-5;50;0.75;2;50;50;10;10;16;2.7866;1090;1090
14050634;91;g_000;3;1;40;line_consecutive;0.5;1091;2;11;3-4,4-11,11-14;4;146356.153542;147452.805011;148342.52294399988;148342.52264111576;1096.651469000004;889.7179329998908;889.7176301157742;eev,integrated,separated,ws;lintim;SiouxFalls;SiouxFalls;True;False;1e-05;12000;1;2;20;50;200;-5;50;0.75;2;50;50;10;10;16;2.7866;1091;1091
14050634;92;g_000;3;1;40;line_consecutive;0.5;1092;2;12;4-11,11-14,14-23;4;151819.32942198738;153534.77918598443;153939.59697899997;153939.596979;1715.4497639970505;404.81779301553615;404.81779301556526;eev,integrated,separated,ws;lintim;SiouxFalls;SiouxFalls;True;False;1e-05;12000;1;2;20;50;200;-5;50;0.75;2;50;50;10;10;16;2.7866;1092;1092
14050634;93;g_000;3;1;40;line_consecutive;0.5;1093;2;13;11-14,14-23,23-24;4;152810.94243500018;154482.358968;154965.46307598648;160089.75890699998;1671.4165329998068;483.10410798649536;5607.399938999995;eev,integrated,separated,ws;lintim;SiouxFalls;SiouxFalls;True;False;1e-05;12000;1;2;20;50;200;-5;50;0.75;2;50;50;10;10;16;2.7866;1093;1093
14050634;94;g_000;3;1;40;line_consecutive;0.5;1094;2;14;10-15,15-22,22-23;5;182060.749691;183988.74708199635;185592.4332339988;201601.02468099995;1927.9973909963448;1603.686152002425;17612.277599003603;eev,integrated,separated,ws;lintim;SiouxFalls;SiouxFalls;True;False;1e-05;12000;1;2;20;50;200;-5;50;0.75;2;50;50;10;10;16;2.7866;1094;1094
14050634;95;g_000;3;1;40;line_consecutive;0.5;1095;2;15;13-24,20-21,21-24;6;165976.56876499997;167532.614655;167532.61465499995;174864.5046670001;1556.0458900000376;-5.820766091346741e-11;7331.890012000076;eev,integrated,separated,ws;lintim;SiouxFalls;SiouxFalls;True;False;1e-05;12000;1;2;20;50;200;-5;50;0.75;2;50;50;10;10;16;2.7866;1095;1095
14050634;96;g_000;3;1;40;line_consecutive;0.5;1096;2;16;9-10,10-11,11-12;7;188548.8247409957;190289.721375;191265.500145;206714.262115;1740.8966340042823;975.7787699999752;16424.540739999997;eev,integrated,separated,ws;lintim;SiouxFalls;SiouxFalls;True;False;1e-05;12000;1;2;20;50;200;-5;50;0.75;2;50;50;10;10;16;2.7866;1096;1096
14050634;97;g_000;3;1;40;line_consecutive;0.5;1097;2;17;8-9,9-10,10-11;7;145388.71074002262;145904.02083499997;146993.56403899996;148105.70785999956;515.3100949773507;1089.5432039999869;2201.6870249995845;eev,integrated,separated,ws;lintim;SiouxFalls;SiouxFalls;True;False;1e-05;12000;1;2;20;50;200;-5;50;0.75;2;50;50;10;10;16;2.7866;1097;1097
14050634;98;g_000;3;1;40;line_consecutive;0.5;1098;2;18;7-8,8-9,9-10;7;187191.544964;189315.3639139956;190671.02046;208447.647607;2123.8189499955624;1355.656546004437;19132.2836930044;eev,integrated,separated,ws;lintim;SiouxFalls;SiouxFalls;True;False;1e-05;12000;1;2;20;50;200;-5;50;0.75;2;50;50;10;10;16;2.7866;1098;1098
14050634;99;g_000;3;1;40;line_consecutive;0.5;1099;2;19;1-3,3-12,11-12;8;159933.519587;162774.753456;163457.43221099995;172825.03533999965;2841.233869000018;682.6787549999426;10050.281883999647;eev,integrated,separated,ws;lintim;SiouxFalls;SiouxFalls;True;False;1e-05;12000;1;2;20;50;200;-5;50;0.75;2;50;50;10;10;16;2.7866;1099;1099
14050634;100;g_000;3;1;40;line_consecutive;0.5;1100;2;20;3-12,11-12,11-14;8;165541.66492701095;166908.1820249998;168366.12101099995;175399.07097900004;1366.5170979888644;1457.9389860001393;8490.888954000227;eev,integrated,separated,ws;lintim;SiouxFalls;SiouxFalls;True;False;1e-05;12000;1;2;20;50;200;-5;50;0.75;2;50;50;10;10;16;2.7866;1100;1100
14050634;101;g_000;3;1;40;line_consecutive;0.5;1101;2;21;5-6,5-9,9-10;9;179439.22648399998;182574.3480959997;183407.162262;189907.809857;3135.121611999726;832.8141660002584;7333.461761000275;eev,integrated,separated,ws;lintim;SiouxFalls;SiouxFalls;True;False;1e-05;12000;1;2;20;50;200;-5;50;0.75;2;50;50;10;10;16;2.7866;1101;1101
14050634;102;g_000;3;1;40;line_consecutive;0.5;1102;2;22;5-9,9-10,10-15;9;152471.169438;154184.8044319881;154866.37285999994;159450.25583099996;1713.6349939880893;681.5684280118439;5265.451399011858;eev,integrated,separated,ws;lintim;SiouxFalls;SiouxFalls;True;False;1e-05;12000;1;2;20;50;200;-5;50;0.75;2;50;50;10;10;16;2.7866;1102;1102
14050634;103;g_000;3;1;40;line_consecutive;0.5;1103;2;23;9-10,10-15,15-19;9;137750.58763999987;138325.693002;139245.10858499998;139245.108585;575.1053620001476;919.4155829999654;919.4155829999944;eev,integrated,separated,ws;lintim;SiouxFalls;SiouxFalls;True;False;1e-05;12000;1;2;20;50;200;-5;50;0.75;2;50;50;10;10;16;2.7866;1103;1103
14050634;104;g_000;3;1;40;line_consecutive;0.5;1104;2;24;8-16,10-11,10-16;10;144447.72375399998;145779.901024;146073.23189399997;146452.7598198593;1332.1772700000147;293.33086999997613;672.858795859298;eev,integrated,separated,ws;lintim;SiouxFalls;SiouxFalls;True;False;1e-05;12000;1;2;20;50;200;-5;50;0.75;2;50;50;10;10;16;2.7866;1104;1104
14050634;105;g_000;3;1;40;line_consecutive;0.5;1105;2;25;10-11,10-16,11-14;10;158330.67064000003;160556.85174198824;161356.75584999996;171479.79783099965;2226.1811019882152;799.9041080117167;10922.946089011411;eev,integrated,separated,ws;lintim;SiouxFalls;SiouxFalls;True;False;1e-05;12000;1;2;20;50;200;-5;50;0.75;2;50;50;10;10;16;2.7866;1105;1105
14050634;106;g_000;3;1;40;line_consecutive;0.5;1106;2;26;10-11,11-14,14-23;10;143650.5543829999;145403.74362999885;146057.26989599995;146057.26989599998;1753.1892469989543;653.5262660011067;653.5262660011358;eev,integrated,separated,ws;lintim;SiouxFalls;SiouxFalls;True;False;1e-05;12000;1;2;20;50;200;-5;50;0.75;2;50;50;10;10;16;2.7866;1106;1106
14050634;107;g_000;3;1;40;line_consecutive;0.5;1107;2;27;7-18,18-20,20-22;11;179484.777908;181567.7365195;183088.9229815;199776.422398;2082.958611500013;1521.1864620000124;18208.685878499997;eev,integrated,separated,ws;lintim;SiouxFalls;SiouxFalls;True;False;1e-05;12000;1;2;20;50;200;-5;50;0.75;2;50;50;10;10;16;2.7866;1107;1107
14050634;108;g_000;3;1;40;line_consecutive;0.5;1108;2;28;7-8,7-18,18-20;11;136644.633844;136644.63384399997;136644.63384399962;136644.63384399965;-2.9103830456733704e-11;-3.4924596548080444e-10;-3.2014213502407074e-10;eev,integrated,separated,ws;lintim;SiouxFalls;SiouxFalls;True;False;1e-05;12000;1;2;20;50;200;-5;50;0.75;2;50;50;10;10;16;2.7866;1108;1108
14050634;109;g_000;3;1;40;line_consecutive;0.5;1109;2;29;1-3,3-12,12-13;12;166738.41361699998;169472.088741;170267.68345899996;177968.50795399965;2733.6751240000303;795.5947179999494;8496.419212999637;eev,integrated,separated,ws;lintim;SiouxFalls;SiouxFalls;True;False;1e-05;12000;1;2;20;50;200;-5;50;0.75;2;50;50;10;10;16;2.7866;1109;1109
14050634;110;g_000;3;1;40;line_consecutive;0.5;1110;2;30;1-2,1-3,3-12;12;136644.633844;136644.633844;136644.63384399982;136644.63384399985;0.0;-1.7462298274040222e-10;-1.4551915228366852e-10;eev,integrated,separated,ws;lintim;SiouxFalls;SiouxFalls;True;False;1e-05;12000;1;2;20;50;200;-5;50;0.75;2;50;50;10;10;16;2.7866;1110;1110
14050634;111;g_000;3;1;40;line_consecutive;0.5;1111;2;31;15-19,16-17,17-19;13;145388.71074002262;145904.02083499997;146993.56403899996;146389.79173099488;515.3100949773507;1089.5432039999869;485.77089599490864;eev,integrated,separated,ws;lintim;SiouxFalls;SiouxFalls;True;False;1e-05;12000;1;2;20;50;200;-5;50;0.75;2;50;50;10;10;16;2.7866;1111;1111
14050634;112;g_000;3;1;40;line_consecutive;0.5;1112;2;32;15-19,15-22,17-19;13;160556.472494;163037.97120599996;163873.73399799995;169572.88014299996;2481.4987119999714;835.7627919999941;6534.908937;eev,integrated,separated,ws;lintim;SiouxFalls;SiouxFalls;True;False;1e-05;12000;1;2;20;50;200;-5;50;0.75;2;50;50;10;10;16;2.7866;1112;1112
14050634;113;g_000;3;1;40;line_consecutive;0.5;1113;2;33;15-19,15-22,21-22;13;137750.58763999998;138325.693002;139245.10858499998;139245.108585;575.1053620000312;919.4155829999654;919.4155829999944;eev,integrated,separated,ws;lintim;SiouxFalls;SiouxFalls;True;False;1e-05;12000;1;2;20;50;200;-5;50;0.75;2;50;50;10;10;16;2.7866;1113;1113
14050634;114;g_000;3;1;40;line_consecutive;0.5;1114;2;34;14-15,15-19,17-19;14;137485.766168;138160.002347;138325.19784899993;138325.197849;674.2361789999995;165.19550199992955;165.19550199998775;eev,integrated,separated,ws;lintim;SiouxFalls;SiouxFalls;True;False;1e-05;12000;1;2;20;50;200;-5;50;0.75;2;50;50;10;10;16;2.7866;1114;1114
14050634;115;g_000;3;1;40;line_consecutive;0.5;1115;2;35;10-17,15-19,17-19;14;167236.67988500002;167761.291065;167821.19517299996;175961.75846500002;524.611179999978;59.9041079999588;8200.467400000023;eev,integrated,separated,ws;lintim;SiouxFalls;SiouxFalls;True;False;1e-05;12000;1;2;20;50;200;-5;50;0.75;2;50;50;10;10;16;2.7866;1115;1115
14050634;116;g_000;4;1;30;line_consecutive;0.5;1116;3;0;10-11,10-16,11-12,16-18;1;163425.28624;167572.894244;168478.0027929821;171572.20062199995;4147.608004000009;905.108548982098;3999.30637799995;eev,integrated,separated,ws;lintim;SiouxFalls;SiouxFalls;True;False;1e-05;12000;1;2;20;50;200;-5;50;0.75;2;50;50;10;10;16;2.7866;1116;1116
14050634;117;g_000;4;1;30;line_consecutive;0.5;1117;3;1;2-6,6-8,8-16,16-17;2;166538.00730300002;167731.25694324565;168834.43153999996;179453.5643439811;1193.2496402456309;1103.1745967543102;11722.307400735444;eev,integrated,separated,ws;lintim;SiouxFalls;SiouxFalls;True;False;1e-05;12000;1;2;20;50;200;-5;50;0.75;2;50;50;10;10;16;2.7866;1117;1117
14050634;118;g_000;4;1;30;line_consecutive;0.5;1118;3;2;6-8,8-16,16-17,17-19;2;152195.30240799987;153998.322539;154006.96918599994;157811.071857;1803.020131000114;8.646646999957738;3812.749318000017;eev,integrated,separated,ws;lintim;SiouxFalls;SiouxFalls;True;False;1e-05;12000;1;2;20;50;200;-5;50;0.75;2;50;50;10;10;16;2.7866;1118;1118
14050634;119;g_000;4;1;30;line_consecutive;0.5;1119;3;3;8-16,16-17,17-19,19-20;2;144025.984091;144800.622018;144800.62201799994;144800.622018;774.6379270000034;-5.820766091346741e-11;0.0;eev,integrated,separated,ws;lintim;SiouxFalls;SiouxFalls;True;False;1e-05;12000;1;2;20;50;200;-5;50;0.75;2;50;50;10;10;16;2.7866;1119;1119
14050634;120;g_000;4;1;30;line_consecutive;0.5;1120;3;4;3-4,4-5,5-9,8-9;3;156104.901396;158244.95386700248;159990.38133799995;164904.55588099995;2140.0524710024765;1745.427470997471;6659.602013997472;eev,integrated,separated,ws;lintim;SiouxFalls;SiouxFalls;True;False;1e-05;12000;1;2;20;50;200;-5;50;0.75;2;50;50;10;10;16;2.7866;1120;1120
14050634;121;g_000;4;1;30;line_consecutive;0.5;1121;3;5;4-5,5-9,7-8,8-9;3;148364.35243599996;150129.82571399977;152448.13482899996;152068.545059;1765.4732779998158;2318.3091150001856;1938.7193450002237;eev,integrated,separated,ws;lintim;SiouxFalls;SiouxFalls;True;False;1e-05;12000;1;2;20;50;200;-5;50;0.75;2;50;50;10;10;16;2.7866;1121;1121
14050634;122;g_000;4;1;30;line_consecutive;0.5;1122;3;6;5-9,7-8,7-18,8-9;3;144352.806742;145176.147526;145758.96973499993;145176.14752596413;823.340784;582.8222089999472;-3.585591912269592e-08;eev,integrated,separated,ws;lintim;SiouxFalls;SiouxFalls;True;False;1e-05;12000;1;2;20;50;200;-5;50;0.75;2;50;50;10;10;16;2.7866;1122;1122
14050634;123;g_000;4;1;30;line_consecutive;0.5;1123;3;7;1-3,3-4,4-11,11-14;4;136644.633844;136644.633844;136644.63384399994;136644.633844;0.0;-5.820766091346741e-11;0.0;eev,integrated,separated,ws;lintim;SiouxFalls;SiouxFalls;True;False;1e-05;12000;1;2;20;50;200;-5;50;0.75;2;50;50;10;10;16;2.7866;1123;1123
14050634;124;g_000;4;1;30;line_consecutive;0.5;1124;3;8;3-4,4-11,11-14,14-23;4;154654.33731599996;156065.35254399996;156339.68719799997;164756.00188399968;1411.0152280000038;274.3346540000057;8690.649339999713;eev,integrated,separated,ws;lintim;SiouxFalls;SiouxFalls;True;False;1e-05;12000;1;2;20;50;200;-5;50;0.75;2;50;50;10;10;16;2.7866;1124;1124
14050634;125;g_000;4;1;30;line_consecutive;0.5;1125;3;9;4-11,11-14,14-23,23-24;4;137750.5876400064;138325.6930020029;139245.10858499995;139245.10858499998;575.1053619965096;919.415582997055;919.415582997084;eev,integrated,separated,ws;lintim;SiouxFalls;SiouxFalls;True;False;1e-05;12000;1;2;20;50;200;-5;50;0.75;2;50;50;10;10;16;2.7866;1125;1125
14050634;126;g_000;4;1;30;line_consecutive;0.5;1126;3;10;8-9,9-10,10-11,11-12;7;144259.38902499998;145153.249903999;145397.63018899993;146452.7598198594;893.8608789990249;244.3802850009233;1299.509915860399;eev,integrated,separated,ws;lintim;SiouxFalls;SiouxFalls;True;False;1e-05;12000;1;2;20;50;200;-5;50;0.75;2;50;50;10;10;16;2.7866;1126;1126
14050634;127;g_000;4;1;30;line_consecutive;0.5;1127;3;11;7-8,8-9,9-10,10-11;7;149382.2940340091;150241.78987199668;151399.88678799997;157515.63158899988;859.4958379875752;1158.0969160032982;7273.841717003204;eev,integrated,separated,ws;lintim;SiouxFalls;SiouxFalls;True;False;1e-05;12000;1;2;20;50;200;-5;50;0.75;2;50;50;10;10;16;2.7866;1127;1127
14050634;128;g_000;4;1;30;line_consecutive;0.5;1128;3;12;1-3,3-12,11-12,11-14;8;137750.58763999998;138202.34519400058;139245.10858498933;139245.1085849894;451.7575540005928;1042.7633909887518;1042.76339098881;eev,integrated,separated,ws;lintim;SiouxFalls;SiouxFalls;True;False;1e-05;12000;1;2;20;50;200;-5;50;0.75;2;50;50;10;10;16;2.7866;1128;1128
14050634;129;g_000;4;1;30;line_consecutive;0.5;1129;3;13;5-6,5-9,9-10,10-15;9;157156.324907;158514.345024;158758.91412299994;168568.20534199965;1358.0201170000073;244.56909899992752;10053.860317999644;eev,integrated,separated,ws;lintim;SiouxFalls;SiouxFalls;True;False;1e-05;12000;1;2;20;50;200;-5;50;0.75;2;50;50;10;10;16;2.7866;1129;1129
14050634;130;g_000;4;1;30;line_consecutive;0.5;1130;3;14;5-9,9-10,10-15,15-19;9;145629.903542;146726.555011;147656.23848199996;147656.2381791158;1096.651469000004;929.6834709999677;929.683168115822;eev,integrated,separated,ws;lintim;SiouxFalls;SiouxFalls;True;False;1e-05;12000;1;2;20;50;200;-5;50;0.75;2;50;50;10;10;16;2.7866;1130;1130
14050634;131;g_000;4;1;30;line_consecutive;0.5;1131;3;15;8-16,10-11,10-16,11-14;10;151461.24870499998;152866.84480899994;155849.45366199996;163416.0622149999;1405.5961039999677;2982.6088530000125;10549.217405999952;eev,integrated,separated,ws;lintim;SiouxFalls;SiouxFalls;True;False;1e-05;12000;1;2;20;50;200;-5;50;0.75;2;50;50;10;10;16;2.7866;1131;1131
14050634;132;g_000;4;1;30;line_consecutive;0.5;1132;3;16;10-11,10-16,11-14,14-23;10;137485.76616799994;138160.002347;138325.19784899996;138325.197849;674.2361790000577;165.19550199995865;165.19550199998775;eev,integrated,separated,ws;lintim;SiouxFalls;SiouxFalls;True;False;1e-05;12000;1;2;20;50;200;-5;50;0.75;2;50;50;10;10;16;2.7866;1132;1132
14050634;133;g_000;4;1;30;line_consecutive;0.5;1133;3;17;7-8,7-18,18-20,20-22;11;140669.54515199998;140995.16588;140995.16587999996;140995.16557711584;325.62072800000897;-2.9103830456733704e-11;-0.0003028841456398;eev,integrated,separated,ws;lintim;SiouxFalls;SiouxFalls;True;False;1e-05;12000;1;2;20;50;200;-5;50;0.75;2;50;50;10;10;16;2.7866;1133;1133
14050634;134;g_000;4;1;30;line_consecutive;0.5;1134;3;18;1-2,1-3,3-12,12-13;12;153497.19433600002;156572.91219200005;157426.70293899995;162443.4439799999;3075.717856000032;853.7907469999045;5870.531787999847;eev,integrated,separated,ws;lintim;SiouxFalls;SiouxFalls;True;False;1e-05;12000;1;2;20;50;200;-5;50;0.75;2;50;50;10;10;16;2.7866;1134;1134
14050634;135;g_000;4;1;30;line_consecutive;0.5;1135;3;19;8-16,15-19,16-17,17-19;13;142178.21360500017;142378.47753300003;143346.05554699997;143346.055547;200.2639279998548;967.5780139999406;967.5780139999696;eev,integrated,separated,ws;lintim;SiouxFalls;SiouxFalls;True;False;1e-05;12000;1;2;20;50;200;-5;50;0.75;2;50;50;10;10;16;2.7866;1135;1135
14050634;136;g_000;4;1;30;line_consecutive;0.5;1136;3;20;15-19,15-22,16-17,17-19;13;136644.633844;136644.633844;136644.63384399924;136644.63384399927;0.0;-7.566995918750762e-10;-7.275957614183425e-10;eev,integrated,separated,ws;lintim;SiouxFalls;SiouxFalls;True;False;1e-05;12000;1;2;20;50;200;-5;50;0.75;2;50;50;10;10;16;2.7866;1136;1136
14050634;137;g_000;4;1;30;line_consecutive;0.5;1137;3;21;15-19,15-22,17-19,21-22;13;136644.633844;136644.6338641831;136644.63384399994;136644.63384399997;2.018309896811843e-05;-2.0183157175779343e-05;-2.018312807194889e-05;eev,integrated,separated,ws;lintim;SiouxFalls;SiouxFalls;True;False;1e-05;12000;1;2;20;50;200;-5;50;0.75;2;50;50;10;10;16;2.7866;1137;1137
14050634;138;g_000;4;1;30;line_consecutive;0.5;1138;3;22;10-17,14-15,15-19,17-19;14;155704.17468299996;158849.337109;160799.61331599994;163320.20800400004;3145.1624260000244;1950.276206999959;4470.870895000058;eev,integrated,separated,ws;lintim;SiouxFalls;SiouxFalls;True;False;1e-05;12000;1;2;20;50;200;-5;50;0.75;2;50;50;10;10;16;2.7866;1138;1138
14050634;139;g_000;1;2;30;line_consecutive;0.5;1139;4;0;10-11|10-16;1,7,10|1,10;160135.38210699277;164355.69564899936;165286.13631099995;169047.95134799997;4220.313542006596;930.4406620005902;4692.255699000612;eev,integrated,separated,ws;lintim;SiouxFalls;SiouxFalls;True;False;1e-05;12000;1;2;20;50;200;-5;50;0.75;2;50;50;10;10;16;2.7866;1139;1139
14050634;140;g_000;1;2;30;line_consecutive;0.5;1140;4;1;9-10|14-15;7,9|14;149688.153646;149885.81772500003;149885.81772499997;159124.61977400002;197.66407900003836;-5.820766091346741e-11;9238.80204899999;eev,integrated,separated,ws;lintim;SiouxFalls;SiouxFalls;True;False;1e-05;12000;1;2;20;50;200;-5;50;0.75;2;50;50;10;10;16;2.7866;1140;1140
14050634;141;g_000;1;2;30;line_consecutive;0.5;1141;4;2;6-8|7-8;2|3,7,11;140324.88462799945;140445.07330699998;140445.07330699996;140445.07300411584;120.18867900053738;-2.9103830456733704e-11;-0.0003028841456398;eev,integrated,separated,ws;lintim;SiouxFalls;SiouxFalls;True;False;1e-05;12000;1;2;20;50;200;-5;50;0.75;2;50;50;10;10;16;2.7866;1141;1141
14050634;142;g_000;1;2;30;line_consecutive;0.5;1142;4;3;5-9|23-24;3,9|4;163807.287564;165855.655346;165883.74610999995;173403.110743;2048.367782000016;28.090763999935007;7547.455396999983;eev,integrated,separated,ws;lintim;SiouxFalls;SiouxFalls;True;False;1e-05;12000;1;2;20;50;200;-5;50;0.75;2;50;50;10;10;16;2.7866;1142;1142
14050634;143;g_000;1;2;30;line_consecutive;0.5;1143;4;4;8-9|10-11;3,7|1,7,10;164416.178103;165705.89605399998;166521.76431799994;172625.45620899997;1289.7179509999696;815.8682639999606;6919.560154999985;eev,integrated,separated,ws;lintim;SiouxFalls;SiouxFalls;True;False;1e-05;12000;1;2;20;50;200;-5;50;0.75;2;50;50;10;10;16;2.7866;1143;1143
14050634;144;g_000;1;2;30;line_consecutive;0.5;1144;4;5;19-20|23-24;2|4;144025.9840909998;144800.6220180001;144800.62201799994;144800.622018;774.6379270003235;-1.7462298274040222e-10;-1.1641532182693479e-10;eev,integrated,separated,ws;lintim;SiouxFalls;SiouxFalls;True;False;1e-05;12000;1;2;20;50;200;-5;50;0.75;2;50;50;10;10;16;2.7866;1144;1144
14050634;145;g_000;1;2;30;line_consecutive;0.5;1145;4;6;13-24|16-17;6|2,13;174015.736703;176584.91815099856;177068.02225899996;195596.218138;2569.1814479985624;483.1041080013965;19011.299987001432;eev,integrated,separated,ws;lintim;SiouxFalls;SiouxFalls;True;False;1e-05;12000;1;2;20;50;200;-5;50;0.75;2;50;50;10;10;16;2.7866;1145;1145
14050634;146;g_000;1;2;30;line_consecutive;0.5;1146;4;7;7-18|21-24;3,11|6;136644.633844;136644.63384400005;136644.63384399994;136644.633844;5.820766091346741e-11;-1.1641532182693479e-10;-5.820766091346741e-11;eev,integrated,separated,ws;lintim;SiouxFalls;SiouxFalls;True;False;1e-05;12000;1;2;20;50;200;-5;50;0.75;2;50;50;10;10;16;2.7866;1146;1146
14050634;147;g_000;1;2;30;line_consecutive;0.5;1147;4;8;4-11|22-23;4|5;136644.633844;136644.63384400005;136644.63384399936;136644.6338439994;5.820766091346741e-11;-6.984919309616089e-10;-6.402842700481415e-10;eev,integrated,separated,ws;lintim;SiouxFalls;SiouxFalls;True;False;1e-05;12000;1;2;20;50;200;-5;50;0.75;2;50;50;10;10;16;2.7866;1147;1147
14050634;148;g_000;1;2;30;line_consecutive;0.5;1148;4;9;19-20|3-12;2|8,12;162844.935563;164952.231582;165193.06081399997;173754.54160599964;2107.2960190000013;240.82923199996003;8802.310023999627;eev,integrated,separated,ws;lintim;SiouxFalls;SiouxFalls;True;False;1e-05;12000;1;2;20;50;200;-5;50;0.75;2;50;50;10;10;16;2.7866;1148;1148
14050634;149;g_000;1;2;30;line_consecutive;0.5;1149;4;10;13-24|20-22;6|11;137485.76616799994;138160.002347;138325.19784899993;138325.197849;674.2361790000577;165.19550199992955;165.19550199998775;eev,integrated,separated,ws;lintim;SiouxFalls;SiouxFalls;True;False;1e-05;12000;1;2;20;50;200;-5;50;0.75;2;50;50;10;10;16;2.7866;1149;1149
14050634;150;g_000;1;2;30;line_consecutive;0.5;1150;4;11;11-12|3-4;1,7,8|3,4;193875.421248;197842.929622;199060.467125;202673.99444597852;3967.508373999997;1217.5375029999996;4831.064823978551;eev,integrated,separated,ws;lintim;SiouxFalls;SiouxFalls;True;False;1e-05;12000;1;2;20;50;200;-5;50;0.75;2;50;50;10;10;16;2.7866;1150;1150
14050634;151;g_000;1;2;30;line_consecutive;0.5;1151;4;12;22-23|11-12;5|1,7,8;165976.56876499997;167532.614655;167532.61465499995;174864.5046670001;1556.0458900000376;-5.820766091346741e-11;7331.890012000076;eev,integrated,separated,ws;lintim;SiouxFalls;SiouxFalls;True;False;1e-05;12000;1;2;20;50;200;-5;50;0.75;2;50;50;10;10;16;2.7866;1151;1151
14050634;152;g_000;1;2;30;line_consecutive;0.5;1152;4;13;14-23|3-12;4,10|8,12;152810.94243500018;154482.358968;154965.46307598648;160089.75890699998;1671.4165329998068;483.10410798649536;5607.399938999995;eev,integrated,separated,ws;lintim;SiouxFalls;SiouxFalls;True;False;1e-05;12000;1;2;20;50;200;-5;50;0.75;2;50;50;10;10;16;2.7866;1152;1152
14050634;153;g_000;1;2;30;line_consecutive;0.5;1153;4;14;20-21|4-11;6|4;163425.28624;167572.894244;168478.0027929821;171572.20062199995;4147.608004000009;905.108548982098;3999.30637799995;eev,integrated,separated,ws;lintim;SiouxFalls;SiouxFalls;True;False;1e-05;12000;1;2;20;50;200;-5;50;0.75;2;50;50;10;10;16;2.7866;1153;1153
14050634;154;g_000;1;2;30;line_consecutive;0.5;1154;4;15;3-12|11-14;8,12|4,8,10;160825.387765;161693.18097099982;165207.9848749999;175360.066659;867.7932059998275;3514.803904000088;13666.885688000184;eev,integrated,separated,ws;lintim;SiouxFalls;SiouxFalls;True;False;1e-05;12000;1;2;20;50;200;-5;50;0.75;2;50;50;10;10;16;2.7866;1154;1154
14050634;155;g_000;1;2;30;line_consecutive;0.5;1155;4;16;1-3|15-19;4,8,12|9,13,14;160556.472494;163037.97120599996;163873.73399799995;169572.88014299996;2481.4987119999714;835.7627919999941;6534.908937;eev,integrated,separated,ws;lintim;SiouxFalls;SiouxFalls;True;False;1e-05;12000;1;2;20;50;200;-5;50;0.75;2;50;50;10;10;16;2.7866;1155;1155
14050634;156;g_000;1;2;30;line_consecutive;0.5;1156;4;17;17-19|19-20;2,13,14|2;166971.966027;169747.11692399997;170081.85019099998;176996.3481;2775.150896999985;334.73326700000325;7249.23117600003;eev,integrated,separated,ws;lintim;SiouxFalls;SiouxFalls;True;False;1e-05;12000;1;2;20;50;200;-5;50;0.75;2;50;50;10;10;16;2.7866;1156;1156
14050634;157;g_000;1;2;30;line_consecutive;0.5;1157;4;18;13-24|7-8;6|3,7,11;188548.8247409957;190289.721375;191265.500145;206714.262115;1740.8966340042823;975.7787699999752;16424.540739999997;eev,integrated,separated,ws;lintim;SiouxFalls;SiouxFalls;True;False;1e-05;12000;1;2;20;50;200;-5;50;0.75;2;50;50;10;10;16;2.7866;1157;1157
14050634;158;g_000;1;2;30;line_consecutive;0.5;1158;4;19;10-17|3-12;14|8,12;164352.01052500002;167109.72616199998;168952.97378799994;174573.72379095847;2757.715636999957;1843.247625999968;7463.997628958488;eev,integrated,separated,ws;lintim;SiouxFalls;SiouxFalls;True;False;1e-05;12000;1;2;20;50;200;-5;50;0.75;2;50;50;10;10;16;2.7866;1158;1158
14050634;159;g_000;1;2;30;line_consecutive;0.5;1159;4;20;21-22|14-23;13|4,10;144447.72375399998;145779.901024;146073.23189399997;146452.7598198593;1332.1772700000147;293.33086999997613;672.858795859298;eev,integrated,separated,ws;lintim;SiouxFalls;SiouxFalls;True;False;1e-05;12000;1;2;20;50;200;-5;50;0.75;2;50;50;10;10;16;2.7866;1159;1159
14050634;160;g_000;1;2;30;line_consecutive;0.5;1160;4;21;3-4|23-24;3,4|4;179439.22648399998;182574.34809599977;183407.162262;189907.809857;3135.1216119997844;832.8141660002002;7333.461761000217;eev,integrated,separated,ws;lintim;SiouxFalls;SiouxFalls;True;False;1e-05;12000;1;2;20;50;200;-5;50;0.75;2;50;50;10;10;16;2.7866;1160;1160
14050634;161;g_000;1;2;30;line_consecutive;0.5;1161;4;22;10-17|2-6;14|2;145388.71074002262;145904.02083499997;146993.56403899996;146389.79173099488;515.3100949773507;1089.5432039999869;485.77089599490864;eev,integrated,separated,ws;lintim;SiouxFalls;SiouxFalls;True;False;1e-05;12000;1;2;20;50;200;-5;50;0.75;2;50;50;10;10;16;2.7866;1161;1161
14050634;162;g_000;1;2;30;line_consecutive;0.5;1162;4;23;4-5|11-12;3|1,7,8;159933.519587;162774.753456;163457.43221099995;172825.03533999965;2841.233869000018;682.6787549999426;10050.281883999647;eev,integrated,separated,ws;lintim;SiouxFalls;SiouxFalls;True;False;1e-05;12000;1;2;20;50;200;-5;50;0.75;2;50;50;10;10;16;2.7866;1162;1162
14050634;163;g_000;1;2;30;line_consecutive;0.5;1163;4;24;13-24|4-11;6|4;146006.76895899998;147157.23086799955;147157.23086799996;147157.2305651158;1150.4619089995683;4.074536263942719e-10;-0.0003028837381862;eev,integrated,separated,ws;lintim;SiouxFalls;SiouxFalls;True;False;1e-05;12000;1;2;20;50;200;-5;50;0.75;2;50;50;10;10;16;2.7866;1163;1163
14050634;164;g_000;1;2;30;line_consecutive;0.5;1164;4;25;1-3|6-8;4,8,12|2;158330.67064000003;160556.85174198824;161356.75584999996;171479.79783099965;2226.1811019882152;799.9041080117167;10922.946089011411;eev,integrated,separated,ws;lintim;SiouxFalls;SiouxFalls;True;False;1e-05;12000;1;2;20;50;200;-5;50;0.75;2;50;50;10;10;16;2.7866;1164;1164
14050634;165;g_000;1;2;30;line_consecutive;0.5;1165;4;26;19-20|5-9;2|3,9;142876.121305;143902.7208779997;145979.24271399993;145979.242714;1026.599572999694;2076.5218360002327;2076.521836000291;eev,integrated,separated,ws;lintim;SiouxFalls;SiouxFalls;True;False;1e-05;12000;1;2;20;50;200;-5;50;0.75;2;50;50;10;10;16;2.7866;1165;1165
14050634;166;g_000;1;2;30;line_consecutive;0.5;1166;4;27;5-9|3-12;3,9|8,12;137485.766168;138160.002347;138325.19784899993;138325.197849;674.2361789999995;165.19550199992955;165.19550199998775;eev,integrated,separated,ws;lintim;SiouxFalls;SiouxFalls;True;False;1e-05;12000;1;2;20;50;200;-5;50;0.75;2;50;50;10;10;16;2.7866;1166;1166
14050634;167;g_000;1;2;30;line_consecutive;0.5;1167;4;28;2-6|7-18;2|3,11;145388.71074002262;145904.02083499997;146993.56403899996;147590.32693299995;515.3100949773507;1089.5432039999869;1686.3060979999718;eev,integrated,separated,ws;lintim;SiouxFalls;SiouxFalls;True;False;1e-05;12000;1;2;20;50;200;-5;50;0.75;2;50;50;10;10;16;2.7866;1167;1167
14050634;168;g_000;1;2;30;line_consecutive;0.5;1168;4;29;20-21|1-3;6|4,8,12;164416.17810301948;165705.8960539994;166521.76431799994;172625.45620899997;1289.717950979917;815.8682640005427;6919.560155000567;eev,integrated,separated,ws;lintim;SiouxFalls;SiouxFalls;True;False;1e-05;12000;1;2;20;50;200;-5;50;0.75;2;50;50;10;10;16;2.7866;1168;1168
14050634;169;g_000;1;3;30;line_consecutive;0.5;1169;5;0;14-15|7-18|5-6;14|3,11|9;144447.72375399998;145779.901024;146073.23189399997;146452.7598198593;1332.1772700000147;293.33086999997613;672.858795859298;eev,integrated,separated,ws;lintim;SiouxFalls;SiouxFalls;True;False;1e-05;12000;1;2;20;50;200;-5;50;0.75;2;50;50;10;10;16;2.7866;1169;1169
14050634;170;g_000;1;3;30;line_consecutive;0.5;1170;5;1;17-19|20-22|14-15;2,13,14|11|14;187191.544964;189315.3639139956;190671.02046;208447.647607;2123.8189499955624;1355.656546004437;19132.2836930044;eev,integrated,separated,ws;lintim;SiouxFalls;SiouxFalls;True;False;1e-05;12000;1;2;20;50;200;-5;50;0.75;2;50;50;10;10;16;2.7866;1170;1170
14050634;171;g_000;1;3;30;line_consecutive;0.5;1171;5;2;10-11|4-11|18-20;1,7,10|4|11;167236.67988500002;167761.291065;167821.19517299996;175961.75846500002;524.611179999978;59.9041079999588;8200.467400000023;eev,integrated,separated,ws;lintim;SiouxFalls;SiouxFalls;True;False;1e-05;12000;1;2;20;50;200;-5;50;0.75;2;50;50;10;10;16;2.7866;1171;1171
14050634;172;g_000;1;3;30;line_consecutive;0.5;1172;5;3;11-12|17-19|19-20;1,7,8|2,13,14|2;136644.633844;136644.63384399997;136644.63384399962;136644.63384399965;-2.9103830456733704e-11;-3.4924596548080444e-10;-3.2014213502407074e-10;eev,integrated,separated,ws;lintim;SiouxFalls;SiouxFalls;True;False;1e-05;12000;1;2;20;50;200;-5;50;0.75;2;50;50;10;10;16;2.7866;1172;1172
14050634;173;g_000;1;3;30;line_consecutive;0.5;1173;5;4;1-3|22-23|2-6;4,8,12|5|2;137750.58763999998;138325.693002;139245.10858499998;139245.108585;575.1053620000312;919.4155829999654;919.4155829999944;eev,integrated,separated,ws;lintim;SiouxFalls;SiouxFalls;True;False;1e-05;12000;1;2;20;50;200;-5;50;0.75;2;50;50;10;10;16;2.7866;1173;1173
14050634;174;g_000;1;3;30;line_consecutive;0.5;1174;5;5;5-6|10-15|6-8;9|5,9|2;146356.153542;147452.805011;148342.52294399988;148342.52264111576;1096.651469000004;889.7179329998908;889.7176301157742;eev,integrated,separated,ws;lintim;SiouxFalls;SiouxFalls;True;False;1e-05;12000;1;2;20;50;200;-5;50;0.75;2;50;50;10;10;16;2.7866;1174;1174
14050634;175;g_000;1;3;30;line_consecutive;0.5;1175;5;6;10-15|1-2|7-18;5,9|12|3,11;182060.749691;183988.74708199635;185592.4332339988;201601.02468099995;1927.9973909963448;1603.686152002425;17612.277599003603;eev,integrated,separated,ws;lintim;SiouxFalls;SiouxFalls;True;False;1e-05;12000;1;2;20;50;200;-5;50;0.75;2;50;50;10;10;16;2.7866;1175;1175
14050634;176;g_000;1;3;30;line_consecutive;0.5;1176;5;7;3-12|6-8|11-12;8,12|2|1,7,8;136644.633844;136644.633844;136644.63384399982;136644.63384399985;0.0;-1.7462298274040222e-10;-1.4551915228366852e-10;eev,integrated,separated,ws;lintim;SiouxFalls;SiouxFalls;True;False;1e-05;12000;1;2;20;50;200;-5;50;0.75;2;50;50;10;10;16;2.7866;1176;1176
14050634;177;g_000;1;3;30;line_consecutive;0.5;1177;5;8;13-24|22-23|9-10;6|5|7,9;179484.777908;181567.7365195;183088.9229815;199776.422398;2082.958611500013;1521.1864620000124;18208.685878499997;eev,integrated,separated,ws;lintim;SiouxFalls;SiouxFalls;True;False;1e-05;12000;1;2;20;50;200;-5;50;0.75;2;50;50;10;10;16;2.7866;1177;1177
14050634;178;g_000;1;3;30;line_consecutive;0.5;1178;5;9;10-17|9-10|21-24;14|7,9|6;176900.9949488963;178843.338934;179078.09361899993;194895.145375;1942.343985103711;234.7546849999344;16051.806440999992;eev,integrated,separated,ws;lintim;SiouxFalls;SiouxFalls;True;False;1e-05;12000;1;2;20;50;200;-5;50;0.75;2;50;50;10;10;16;2.7866;1178;1178
14050634;179;g_000;1;3;30;line_consecutive;0.5;1179;5;10;21-22|5-9|2-6;13|3,9|2;152471.169438;154184.8044319881;154866.37285999994;159450.25583099996;1713.6349939880893;681.5684280118439;5265.451399011858;eev,integrated,separated,ws;lintim;SiouxFalls;SiouxFalls;True;False;1e-05;12000;1;2;20;50;200;-5;50;0.75;2;50;50;10;10;16;2.7866;1179;1179
14050634;180;g_000;1;3;30;line_consecutive;0.5;1180;5;11;3-12|17-19|14-15;8,12|2,13,14|14;144352.806742;145176.147526;145758.96973499993;145176.14752596413;823.340784;582.8222089999472;-3.585591912269592e-08;eev,integrated,separated,ws;lintim;SiouxFalls;SiouxFalls;True;False;1e-05;12000;1;2;20;50;200;-5;50;0.75;2;50;50;10;10;16;2.7866;1180;1180
14050634;181;g_000;1;3;30;line_consecutive;0.5;1181;5;12;1-3|23-24|5-6;4,8,12|4|9;137485.76616799994;138160.002347;138325.19784899993;138325.197849;674.2361790000577;165.19550199992955;165.19550199998775;eev,integrated,separated,ws;lintim;SiouxFalls;SiouxFalls;True;False;1e-05;12000;1;2;20;50;200;-5;50;0.75;2;50;50;10;10;16;2.7866;1181;1181
14050634;182;g_000;1;3;30;line_consecutive;0.5;1182;5;13;13-24|1-3|12-13;6|4,8,12|12;144259.38902499998;145153.249903999;145397.63018899993;146452.7598198594;893.8608789990249;244.3802850009233;1299.509915860399;eev,integrated,separated,ws;lintim;SiouxFalls;SiouxFalls;True;False;1e-05;12000;1;2;20;50;200;-5;50;0.75;2;50;50;10;10;16;2.7866;1182;1182
14050634;183;g_000;1;3;30;line_consecutive;0.5;1183;5;14;16-17|20-21|2-6;2,13|6|2;137485.76616799994;138160.002347;138325.19784899996;138325.197849;674.2361790000577;165.19550199995865;165.19550199998775;eev,integrated,separated,ws;lintim;SiouxFalls;SiouxFalls;True;False;1e-05;12000;1;2;20;50;200;-5;50;0.75;2;50;50;10;10;16;2.7866;1183;1183
14050634;184;g_000;1;3;30;line_consecutive;0.5;1184;5;15;15-19|4-5|10-11;9,13,14|3|1,7,10;155704.17468299996;158849.337109;160799.61331599994;163320.20800400004;3145.1624260000244;1950.276206999959;4470.870895000058;eev,integrated,separated,ws;lintim;SiouxFalls;SiouxFalls;True;False;1e-05;12000;1;2;20;50;200;-5;50;0.75;2;50;50;10;10;16;2.7866;1184;1184
14050634;185;g_000;1;3;30;line_consecutive;0.5;1185;5;16;12-13|15-22|11-12;12|5,13|1,7,8;137750.5876400064;138325.6930020029;139245.10858499995;139245.10858499998;575.1053619965096;919.415582997055;919.415582997084;eev,integrated,separated,ws;lintim;SiouxFalls;SiouxFalls;True;False;1e-05;12000;1;2;20;50;200;-5;50;0.75;2;50;50;10;10;16;2.7866;1185;1185
14050634;186;g_000;1;3;30;line_consecutive;0.5;1186;5;17;20-21|15-19|10-15;6|9,13,14|5,9;149688.153646;149885.81772500003;149885.81772499997;159124.61977400002;197.66407900003836;-5.820766091346741e-11;9238.80204899999;eev,integrated,separated,ws;lintim;SiouxFalls;SiouxFalls;True;False;1e-05;12000;1;2;20;50;200;-5;50;0.75;2;50;50;10;10;16;2.7866;1186;1186
14050634;187;g_000;1;3;30;line_consecutive;0.5;1187;5;18;10-11|11-12|17-19;1,7,10|1,7,8|2,13,14;136644.69777199998;136644.633844;136644.6338439987;136644.63384399872;-0.0639279999886639;-1.3096723705530167e-09;-1.280568540096283e-09;eev,integrated,separated,ws;lintim;SiouxFalls;SiouxFalls;True;False;1e-05;12000;1;2;20;50;200;-5;50;0.75;2;50;50;10;10;16;2.7866;1187;1187
14050634;188;g_000;1;3;30;line_consecutive;0.5;1188;5;19;16-18|10-17|11-14;1|14|4,8,10;137750.58763999998;138202.34519400058;139245.10858498933;139245.1085849894;451.7575540005928;1042.7633909887518;1042.76339098881;eev,integrated,separated,ws;lintim;SiouxFalls;SiouxFalls;True;False;1e-05;12000;1;2;20;50;200;-5;50;0.75;2;50;50;10;10;16;2.7866;1188;1188
14050634;189;g_000;1;3;30;line_consecutive;0.5;1189;5;20;4-5|19-20|10-15;3|2|5,9;160135.38210699277;164355.69564899936;165286.13631099995;169047.95134799997;4220.313542006596;930.4406620005902;4692.255699000612;eev,integrated,separated,ws;lintim;SiouxFalls;SiouxFalls;True;False;1e-05;12000;1;2;20;50;200;-5;50;0.75;2;50;50;10;10;16;2.7866;1189;1189
14050634;190;g_000;1;3;30;line_consecutive;0.5;1190;5;21;14-15|4-5|3-12;14|3|8,12;157156.324907;158514.345024;158758.91412299994;168568.20534199965;1358.0201170000073;244.56909899992752;10053.860317999644;eev,integrated,separated,ws;lintim;SiouxFalls;SiouxFalls;True;False;1e-05;12000;1;2;20;50;200;-5;50;0.75;2;50;50;10;10;16;2.7866;1190;1190
14050634;191;g_000;1;3;30;line_consecutive;0.5;1191;5;22;11-12|7-18|22-23;1,7,8|3,11|5;140669.54515199998;140995.16588;140995.16587999996;140995.16557711584;325.62072800000897;-2.9103830456733704e-11;-0.0003028841456398;eev,integrated,separated,ws;lintim;SiouxFalls;SiouxFalls;True;False;1e-05;12000;1;2;20;50;200;-5;50;0.75;2;50;50;10;10;16;2.7866;1191;1191
14050634;192;g_000;1;3;30;line_consecutive;0.5;1192;5;23;2-6|18-20|15-19;2|11|9,13,14;142876.12130499998;143902.72087820346;145061.33765000082;145061.33765000087;1026.599573203479;1158.6167717973583;1158.6167717974167;eev,integrated,separated,ws;lintim;SiouxFalls;SiouxFalls;True;False;1e-05;12000;1;2;20;50;200;-5;50;0.75;2;50;50;10;10;16;2.7866;1192;1192
14050634;193;g_000;1;3;30;line_consecutive;0.5;1193;5;24;3-12|5-6|22-23;8,12|9|5;164416.178103;165705.89605399998;166521.76431799994;172625.45620899997;1289.7179509999696;815.8682639999606;6919.560154999985;eev,integrated,separated,ws;lintim;SiouxFalls;SiouxFalls;True;False;1e-05;12000;1;2;20;50;200;-5;50;0.75;2;50;50;10;10;16;2.7866;1193;1193
14050634;194;g_000;1;3;30;line_consecutive;0.5;1194;5;25;7-8|12-13|9-10;3,7,11|12|7,9;136644.633844;136644.6338641831;136644.63384399994;136644.63384399997;2.018309896811843e-05;-2.0183157175779343e-05;-2.018312807194889e-05;eev,integrated,separated,ws;lintim;SiouxFalls;SiouxFalls;True;False;1e-05;12000;1;2;20;50;200;-5;50;0.75;2;50;50;10;10;16;2.7866;1194;1194
14050634;195;g_000;1;3;30;line_consecutive;0.5;1195;5;26;11-12|12-13|4-11;1,7,8|12|4;144025.9840909998;144800.6220180001;144800.62201799994;144800.622018;774.6379270003235;-1.7462298274040222e-10;-1.1641532182693479e-10;eev,integrated,separated,ws;lintim;SiouxFalls;SiouxFalls;True;False;1e-05;12000;1;2;20;50;200;-5;50;0.75;2;50;50;10;10;16;2.7866;1195;1195
14050634;196;g_000;1;3;30;line_consecutive;0.5;1196;5;27;10-11|4-11|5-6;1,7,10|4|9;145629.903542;146726.555011;147656.23848199996;147656.2381791158;1096.651469000004;929.6834709999677;929.683168115822;eev,integrated,separated,ws;lintim;SiouxFalls;SiouxFalls;True;False;1e-05;12000;1;2;20;50;200;-5;50;0.75;2;50;50;10;10;16;2.7866;1196;1196
14050634;197;g_000;1;3;30;line_consecutive;0.5;1197;5;28;7-18|5-6|13-24;3,11|9|6;136644.63384399892;136644.633844;136644.63384399994;136644.633844;1.076841726899147e-09;-5.820766091346741e-11;0.0;eev,integrated,separated,ws;lintim;SiouxFalls;SiouxFalls;True;False;1e-05;12000;1;2;20;50;200;-5;50;0.75;2;50;50;10;10;16;2.7866;1197;1197
14050634;198;g_000;1;3;30;line_consecutive;0.5;1198;5;29;4-11|3-4|5-9;4|3,4|3,9;136644.633844;136644.63384400005;136644.63384399936;136644.6338439994;5.820766091346741e-11;-6.984919309616089e-10;-6.402842700481415e-10;eev,integrated,separated,ws;lintim;SiouxFalls;SiouxFalls;True;False;1e-05;12000;1;2;20;50;200;-5;50;0.75;2;50;50;10;10;16;2.7866;1198;1198
14050634;199;g_000;1;5;30;line_consecutive;0.5;1199;6;0;9-10|4-5|5-9|7-18|11-12;7,9|3|3,9|3,11|1,7,8;163807.287564;165855.655346;165883.74610999995;173403.110743;2048.367782000016;28.090763999935007;7547.455396999983;eev,integrated,separated,ws;lintim;SiouxFalls;SiouxFalls;True;False;1e-05;12000;1;2;20;50;200;-5;50;0.75;2;50;50;10;10;16;2.7866;1199;1199
14050634;200;g_000;1;5;30;line_consecutive;0.5;1200;6;1;7-8|14-23|1-2|11-12|8-9;3,7,11|4,10|12|1,7,8|3,7;153497.19433600002;156572.91219200005;157426.70293899995;162443.4439799999;3075.717856000032;853.7907469999045;5870.531787999847;eev,integrated,separated,ws;lintim;SiouxFalls;SiouxFalls;True;False;1e-05;12000;1;2;20;50;200;-5;50;0.75;2;50;50;10;10;16;2.7866;1200;1200
14050634;201;g_000;1;5;30;line_consecutive;0.5;1201;6;2;3-4|19-20|1-2|9-10|11-12;3,4|2|12|7,9|1,7,8;151383.172612;153353.0050989576;153774.85602299997;158008.58759399998;1969.832486957603;421.85092404237366;4655.582495042385;eev,integrated,separated,ws;lintim;SiouxFalls;SiouxFalls;True;False;1e-05;12000;1;2;20;50;200;-5;50;0.75;2;50;50;10;10;16;2.7866;1201;1201
14050634;202;g_000;1;5;30;line_consecutive;0.5;1202;6;3;9-10|21-24|5-9|15-22|1-2;7,9|6|3,9|5,13|12;146262.16537;148829.19410400002;152163.91480499014;149169.77466342755;2567.0287340000214;3334.7207009901176;340.5805594275298;eev,integrated,separated,ws;lintim;SiouxFalls;SiouxFalls;True;False;1e-05;12000;1;2;20;50;200;-5;50;0.75;2;50;50;10;10;16;2.7866;1202;1202
14050634;203;g_000;1;5;30;line_consecutive;0.5;1203;6;4;9-10|1-3|20-22|15-19|13-24;7,9|4,8,12|11|9,13,14|6;136644.633844;136644.63384400005;136644.63384399994;136644.633844;5.820766091346741e-11;-1.1641532182693479e-10;-5.820766091346741e-11;eev,integrated,separated,ws;lintim;SiouxFalls;SiouxFalls;True;False;1e-05;12000;1;2;20;50;200;-5;50;0.75;2;50;50;10;10;16;2.7866;1203;1203
14050634;204;g_000;1;5;30;line_consecutive;0.5;1204;6;5;18-20|21-22|7-18|11-14|4-11;11|13|3,11|4,8,10|4;136644.633844;136644.633844;136644.63384399994;136644.633844;0.0;-5.820766091346741e-11;0.0;eev,integrated,separated,ws;lintim;SiouxFalls;SiouxFalls;True;False;1e-05;12000;1;2;20;50;200;-5;50;0.75;2;50;50;10;10;16;2.7866;1204;1204
14050634;205;g_000;1;5;30;line_consecutive;0.5;1205;6;6;11-12|3-4|4-5|10-15|21-24;1,7,8|3,4|3|5,9|6;149382.2940340091;150241.78987199668;151399.88678799997;157515.63158899988;859.4958379875752;1158.0969160032982;7273.841717003204;eev,integrated,separated,ws;lintim;SiouxFalls;SiouxFalls;True;False;1e-05;12000;1;2;20;50;200;-5;50;0.75;2;50;50;10;10;16;2.7866;1205;1205
14050634;206;g_000;1;5;30;line_consecutive;0.5;1206;6;7;16-18|14-23|1-2|21-24|10-17;1|4,10|12|6|14;136644.633844;136644.633844;136644.63384399994;136644.633844;0.0;-5.820766091346741e-11;0.0;eev,integrated,separated,ws;lintim;SiouxFalls;SiouxFalls;True;False;1e-05;12000;1;2;20;50;200;-5;50;0.75;2;50;50;10;10;16;2.7866;1206;1206
14050634;207;g_000;1;5;30;line_consecutive;0.5;1207;6;8;13-24|10-15|14-15|23-24|9-10;6|5,9|14|4|7,9;174015.736703;176584.91815099856;177068.02225899996;195596.218138;2569.1814479985624;483.1041080013965;19011.299987001432;eev,integrated,separated,ws;lintim;SiouxFalls;SiouxFalls;True;False;1e-05;12000;1;2;20;50;200;-5;50;0.75;2;50;50;10;10;16;2.7866;1207;1207
14050634;208;g_000;1;5;30;line_consecutive;0.5;1208;6;9;3-4|11-12|1-3|12-13|17-19;3,4|1,7,8|4,8,12|12|2,13,14;140324.88462799945;140445.07330699998;140445.07330699996;140445.07300411584;120.18867900053738;-2.9103830456733704e-11;-0.0003028841456398;eev,integrated,separated,ws;lintim;SiouxFalls;SiouxFalls;True;False;1e-05;12000;1;2;20;50;200;-5;50;0.75;2;50;50;10;10;16;2.7866;1208;1208
14050634;209;g_000;1;5;30;line_consecutive;0.5;1209;6;10;20-21|2-6|11-14|13-24|1-2;6|2|4,8,10|6|12;162844.935563;164952.231582;165193.06081399997;173754.54160599964;2107.2960190000013;240.82923199996003;8802.310023999627;eev,integrated,separated,ws;lintim;SiouxFalls;SiouxFalls;True;False;1e-05;12000;1;2;20;50;200;-5;50;0.75;2;50;50;10;10;16;2.7866;1209;1209
14050634;210;g_000;1;5;30;line_consecutive;0.5;1210;6;11;12-13|5-9|17-19|7-18|1-2;12|3,9|2,13,14|3,11|12;146356.153542;147452.805011;148342.52294399988;148342.52264111576;1096.651469000004;889.7179329998908;889.7176301157742;eev,integrated,separated,ws;lintim;SiouxFalls;SiouxFalls;True;False;1e-05;12000;1;2;20;50;200;-5;50;0.75;2;50;50;10;10;16;2.7866;1210;1210
14050634;211;g_000;1;5;30;line_consecutive;0.5;1211;6;12;16-17|9-10|14-15|20-22|10-17;2,13|7,9|14|11|14;160825.387765;161693.18097099982;165207.9848749999;175360.066659;867.7932059998275;3514.803904000088;13666.885688000184;eev,integrated,separated,ws;lintim;SiouxFalls;SiouxFalls;True;False;1e-05;12000;1;2;20;50;200;-5;50;0.75;2;50;50;10;10;16;2.7866;1211;1211
14050634;212;g_000;1;5;30;line_consecutive;0.5;1212;6;13;6-8|19-20|20-22|21-24|13-24;2|2|11|6|6;164352.01052500002;167109.72616199998;168952.97378799994;174573.72379095847;2757.715636999957;1843.247625999968;7463.997628958488;eev,integrated,separated,ws;lintim;SiouxFalls;SiouxFalls;True;False;1e-05;12000;1;2;20;50;200;-5;50;0.75;2;50;50;10;10;16;2.7866;1212;1212
14050634;213;g_000;1;5;30;line_consecutive;0.5;1213;6;14;3-12|11-14|12-13|18-20|10-15;8,12|4,8,10|12|11|5,9;152471.169438;154184.8044319881;154866.37285999994;159450.25583099996;1713.6349939880893;681.5684280118439;5265.451399011858;eev,integrated,separated,ws;lintim;SiouxFalls;SiouxFalls;True;False;1e-05;12000;1;2;20;50;200;-5;50;0.75;2;50;50;10;10;16;2.7866;1213;1213
14050634;214;g_000;1;5;30;line_consecutive;0.5;1214;6;15;4-11|12-13|3-4|8-9|11-14;4|12|3,4|3,7|4,8,10;163425.28624;167572.894244;168478.0027929821;171572.20062199995;4147.608004000009;905.108548982098;3999.30637799995;eev,integrated,separated,ws;lintim;SiouxFalls;SiouxFalls;True;False;1e-05;12000;1;2;20;50;200;-5;50;0.75;2;50;50;10;10;16;2.7866;1214;1214
14050634;215;g_000;1;5;30;line_consecutive;0.5;1215;6;16;21-24|11-14|20-22|15-19|13-24;6|4,8,10|11|9,13,14|6;144025.984091;144800.622018;144800.62201799994;144800.622018;774.6379270000034;-5.820766091346741e-11;0.0;eev,integrated,separated,ws;lintim;SiouxFalls;SiouxFalls;True;False;1e-05;12000;1;2;20;50;200;-5;50;0.75;2;50;50;10;10;16;2.7866;1215;1215
14050634;216;g_000;1;5;30;line_consecutive;0.5;1216;6;17;8-16|1-3|16-18|2-6|15-22;2,10,13|4,8,12|1|2|5,13;145388.71074002262;145904.02083499997;146993.56403899996;146389.79173099488;515.3100949773507;1089.5432039999869;485.77089599490864;eev,integrated,separated,ws;lintim;SiouxFalls;SiouxFalls;True;False;1e-05;12000;1;2;20;50;200;-5;50;0.75;2;50;50;10;10;16;2.7866;1216;1216
14050634;217;g_000;1;5;30;line_consecutive;0.5;1217;6;18;1-2|14-15|21-24|10-16|15-22;12|14|6|1,10|5,13;165976.56876499997;167532.614655;167532.61465499995;174864.5046670001;1556.0458900000376;-5.820766091346741e-11;7331.890012000076;eev,integrated,separated,ws;lintim;SiouxFalls;SiouxFalls;True;False;1e-05;12000;1;2;20;50;200;-5;50;0.75;2;50;50;10;10;16;2.7866;1217;1217
14050634;218;g_000;1;5;30;line_consecutive;0.5;1218;6;19;7-8|14-23|23-24|17-19|1-3;3,7,11|4,10|4|2,13,14|4,8,12;166971.966027;169747.11692399997;170081.85019099998;176996.3481;2775.150896999985;334.73326700000325;7249.23117600003;eev,integrated,separated,ws;lintim;SiouxFalls;SiouxFalls;True;False;1e-05;12000;1;2;20;50;200;-5;50;0.75;2;50;50;10;10;16;2.7866;1218;1218
14050634;219;g_000;1;5;30;line_consecutive;0.5;1219;6;20;14-15|21-22|15-22|20-22|23-24;14|13|5,13|11|4;152195.30240799987;153998.322539;154006.96918599994;157811.071857;1803.020131000114;8.646646999957738;3812.749318000017;eev,integrated,separated,ws;lintim;SiouxFalls;SiouxFalls;True;False;1e-05;12000;1;2;20;50;200;-5;50;0.75;2;50;50;10;10;16;2.7866;1219;1219
14050634;220;g_000;1;5;30;line_consecutive;0.5;1220;6;21;3-12|4-11|8-16|20-22|15-22;8,12|4|2,10,13|11|5,13;167236.67988500002;167761.291065;167821.19517299996;175961.75846500002;524.611179999978;59.9041079999588;8200.467400000023;eev,integrated,separated,ws;lintim;SiouxFalls;SiouxFalls;True;False;1e-05;12000;1;2;20;50;200;-5;50;0.75;2;50;50;10;10;16;2.7866;1220;1220
14050634;221;g_000;1;5;30;line_consecutive;0.5;1221;6;22;11-12|20-22|10-17|16-18|11-14;1,7,8|11|14|1|4,8,10;163425.28624;167572.894244;168478.0027929821;171572.20062199995;4147.608004000009;905.108548982098;3999.30637799995;eev,integrated,separated,ws;lintim;SiouxFalls;SiouxFalls;True;False;1e-05;12000;1;2;20;50;200;-5;50;0.75;2;50;50;10;10;16;2.7866;1221;1221
14050634;222;g_000;1;5;30;line_consecutive;0.5;1222;6;23;21-22|7-18|5-6|21-24|4-11;13|3,11|9|6|4;143650.5543829999;145403.74362999885;146057.26989599995;146057.26989599998;1753.1892469989543;653.5262660011067;653.5262660011358;eev,integrated,separated,ws;lintim;SiouxFalls;SiouxFalls;True;False;1e-05;12000;1;2;20;50;200;-5;50;0.75;2;50;50;10;10;16;2.7866;1222;1222
14050634;223;g_000;1;5;30;line_consecutive;0.5;1223;6;24;11-14|9-10|21-24|15-22|10-16;4,8,10|7,9|6|5,13|1,10;159933.519587;162774.753456;163457.43221099995;172825.03533999965;2841.233869000018;682.6787549999426;10050.281883999647;eev,integrated,separated,ws;lintim;SiouxFalls;SiouxFalls;True;False;1e-05;12000;1;2;20;50;200;-5;50;0.75;2;50;50;10;10;16;2.7866;1223;1223
14050634;224;g_000;1;5;30;line_consecutive;0.5;1224;6;25;20-21|8-9|10-16|21-22|9-10;6|3,7|1,10|13|7,9;158330.67064000003;160556.85174198824;161356.75584999996;171479.79783099965;2226.1811019882152;799.9041080117167;10922.946089011411;eev,integrated,separated,ws;lintim;SiouxFalls;SiouxFalls;True;False;1e-05;12000;1;2;20;50;200;-5;50;0.75;2;50;50;10;10;16;2.7866;1224;1224
14050634;225;g_000;1;5;30;line_consecutive;0.5;1225;6;26;5-9|1-3|7-18|21-24|11-12;3,9|4,8,12|3,11|6|1,7,8;165541.66492701095;166908.1820249998;168366.12101099995;175399.07097900004;1366.5170979888644;1457.9389860001393;8490.888954000227;eev,integrated,separated,ws;lintim;SiouxFalls;SiouxFalls;True;False;1e-05;12000;1;2;20;50;200;-5;50;0.75;2;50;50;10;10;16;2.7866;1225;1225
14050634;226;g_000;1;5;30;line_consecutive;0.5;1226;6;27;23-24|10-15|10-16|8-9|13-24;4|5,9|1,10|3,7|6;182060.749691;183988.74708199635;185592.4332339988;201601.02468099995;1927.9973909963448;1603.686152002425;17612.277599003603;eev,integrated,separated,ws;lintim;SiouxFalls;SiouxFalls;True;False;1e-05;12000;1;2;20;50;200;-5;50;0.75;2;50;50;10;10;16;2.7866;1226;1226
14050634;227;g_000;1;5;30;line_consecutive;0.5;1227;6;28;12-13|16-17|3-4|8-9|4-5;12|2,13|3,4|3,7|3;164416.17810301948;165705.8960539994;166521.76431799994;172625.45620899997;1289.717950979917;815.8682640005427;6919.560155000567;eev,integrated,separated,ws;lintim;SiouxFalls;SiouxFalls;True;False;1e-05;12000;1;2;20;50;200;-5;50;0.75;2;50;50;10;10;16;2.7866;1227;1227
14050634;228;g_000;1;5;30;line_consecutive;0.5;1228;6;29;8-9|13-24|20-21|4-5|11-12;3,7|6|6|3|1,7,8;145388.71074002262;145904.02083499997;146993.56403899996;148105.70785999956;515.3100949773507;1089.5432039999869;2201.6870249995845;eev,integrated,separated,ws;lintim;SiouxFalls;SiouxFalls;True;False;1e-05;12000;1;2;20;50;200;-5;50;0.75;2;50;50;10;10;16;2.7866;1228;1228
14050634;229;g_000;1;8;30;line_consecutive;0.5;1229;7;0;23-24|20-22|11-12|15-19|17-19|22-23|7-18|12-13;4|11|1,7,8|9,13,14|2,13,14|5|3,11|12;136644.633844;136644.633844;136644.63384399982;136644.63384399985;0.0;-1.7462298274040222e-10;-1.4551915228366852e-10;eev,integrated,separated,ws;lintim;SiouxFalls;SiouxFalls;True;False;1e-05;12000;1;2;20;50;200;-5;50;0.75;2;50;50;10;10;16;2.7866;1229;1229
14050634;230;g_000;1;8;30;line_consecutive;0.5;1230;7;1;17-19|11-14|23-24|21-24|7-8|15-19|14-23|19-20;2,13,14|4,8,10|4|6|3,7,11|9,13,14|4,10|2;144447.72375399998;145779.901024;146073.23189399997;146452.7598198593;1332.1772700000147;293.33086999997613;672.858795859298;eev,integrated,separated,ws;lintim;SiouxFalls;SiouxFalls;True;False;1e-05;12000;1;2;20;50;200;-5;50;0.75;2;50;50;10;10;16;2.7866;1230;1230
14050634;231;g_000;1;8;30;line_consecutive;0.5;1231;7;2;14-23|2-6|14-15|10-17|6-8|22-23|15-22|23-24;4,10|2|14|14|2|5|5,13|4;151819.32942198738;153534.77918598443;153939.59697899997;153939.596979;1715.4497639970505;404.81779301553615;404.81779301556526;eev,integrated,separated,ws;lintim;SiouxFalls;SiouxFalls;True;False;1e-05;12000;1;2;20;50;200;-5;50;0.75;2;50;50;10;10;16;2.7866;1231;1231
14050634;232;g_000;1;8;30;line_consecutive;0.5;1232;7;3;13-24|22-23|3-4|12-13|19-20|16-18|14-23|14-15;6|5|3,4|12|2|1|4,10|14;166738.41361699998;169472.088741;170267.68345899996;177968.50795399965;2733.6751240000303;795.5947179999494;8496.419212999637;eev,integrated,separated,ws;lintim;SiouxFalls;SiouxFalls;True;False;1e-05;12000;1;2;20;50;200;-5;50;0.75;2;50;50;10;10;16;2.7866;1232;1232
14050634;233;g_000;1;8;30;line_consecutive;0.5;1233;7;4;7-8|8-16|15-19|9-10|3-4|10-17|5-6|16-18;3,7,11|2,10,13|9,13,14|7,9|3,4|14|9|1;182060.749691;183988.74708199635;185592.4332339988;201601.02468099995;1927.9973909963448;1603.686152002425;17612.277599003603;eev,integrated,separated,ws;lintim;SiouxFalls;SiouxFalls;True;False;1e-05;12000;1;2;20;50;200;-5;50;0.75;2;50;50;10;10;16;2.7866;1233;1233
14050634;234;g_000;1;8;30;line_consecutive;0.5;1234;7;5;22-23|3-4|1-3|4-11|5-9|1-2|20-22|10-16;5|3,4|4,8,12|4|3,9|12|11|1,10;187191.544964;189315.3639139956;190671.02046;208447.647607;2123.8189499955624;1355.656546004437;19132.2836930044;eev,integrated,separated,ws;lintim;SiouxFalls;SiouxFalls;True;False;1e-05;12000;1;2;20;50;200;-5;50;0.75;2;50;50;10;10;16;2.7866;1234;1234
14050634;235;g_000;1;8;30;line_consecutive;0.5;1235;7;6;10-11|10-17|3-4|7-8|5-6|10-16|20-21|23-24;1,7,10|14|3,4|3,7,11|9|1,10|6|4;144447.72375399998;145779.901024;146073.23189399997;146452.7598198593;1332.1772700000147;293.33086999997613;672.858795859298;eev,integrated,separated,ws;lintim;SiouxFalls;SiouxFalls;True;False;1e-05;12000;1;2;20;50;200;-5;50;0.75;2;50;50;10;10;16;2.7866;1235;1235
14050634;236;g_000;1;8;30;line_consecutive;0.5;1236;7;7;20-21|16-18|11-12|7-8|6-8|10-15|8-16|3-12;6|1|1,7,8|3,7,11|2|5,9|2,10,13|8,12;152810.94243500018;154482.358968;154965.46307598648;160089.75890699998;1671.4165329998068;483.10410798649536;5607.399938999995;eev,integrated,separated,ws;lintim;SiouxFalls;SiouxFalls;True;False;1e-05;12000;1;2;20;50;200;-5;50;0.75;2;50;50;10;10;16;2.7866;1236;1236
14050634;237;g_000;1;8;30;line_consecutive;0.5;1237;7;8;15-19|18-20|13-24|16-18|1-3|4-11|2-6|20-21;9,13,14|11|6|1|4,8,12|4|2|6;179439.22648399998;182574.34809599977;183407.162262;189907.809857;3135.1216119997844;832.8141660002002;7333.461761000217;eev,integrated,separated,ws;lintim;SiouxFalls;SiouxFalls;True;False;1e-05;12000;1;2;20;50;200;-5;50;0.75;2;50;50;10;10;16;2.7866;1237;1237
14050634;238;g_000;1;8;30;line_consecutive;0.5;1238;7;9;20-21|11-12|5-6|10-16|13-24|22-23|21-22|8-16;6|1,7,8|9|1,10|6|5|13|2,10,13;137485.766168;138160.002347;138325.19784899993;138325.197849;674.2361789999995;165.19550199992955;165.19550199998775;eev,integrated,separated,ws;lintim;SiouxFalls;SiouxFalls;True;False;1e-05;12000;1;2;20;50;200;-5;50;0.75;2;50;50;10;10;16;2.7866;1238;1238
14050634;239;g_000;1;8;30;line_consecutive;0.5;1239;7;10;22-23|1-2|1-3|10-15|10-17|5-9|18-20|2-6;5|12|4,8,12|5,9|14|3,9|11|2;137750.58763999998;138325.693002;139245.10858499998;139245.108585;575.1053620000312;919.4155829999654;919.4155829999944;eev,integrated,separated,ws;lintim;SiouxFalls;SiouxFalls;True;False;1e-05;12000;1;2;20;50;200;-5;50;0.75;2;50;50;10;10;16;2.7866;1239;1239
14050634;240;g_000;1;8;30;line_consecutive;0.5;1240;7;11;21-22|4-5|1-2|10-16|10-11|3-12|16-18|10-17;13|3|12|1,10|1,7,10|8,12|1|14;142178.21360500017;142378.47753300003;143346.05554699997;143346.055547;200.2639279998548;967.5780139999406;967.5780139999696;eev,integrated,separated,ws;lintim;SiouxFalls;SiouxFalls;True;False;1e-05;12000;1;2;20;50;200;-5;50;0.75;2;50;50;10;10;16;2.7866;1240;1240
14050634;241;g_000;1;8;30;line_consecutive;0.5;1241;7;12;10-11|16-17|16-18|10-15|9-10|4-11|7-18|8-16;1,7,10|2,13|1|5,9|7,9|4|3,11|2,10,13;137485.76616799994;138160.002347;138325.19784899993;138325.197849;674.2361790000577;165.19550199992955;165.19550199998775;eev,integrated,separated,ws;lintim;SiouxFalls;SiouxFalls;True;False;1e-05;12000;1;2;20;50;200;-5;50;0.75;2;50;50;10;10;16;2.7866;1241;1241
14050634;242;g_000;1;8;30;line_consecutive;0.5;1242;7;13;3-4|16-17|8-16|20-21|6-8|2-6|14-23|23-24;3,4|2,13|2,10,13|6|2|2|4,10|4;149688.153646;149885.81772500003;149885.81772499997;159124.61977400002;197.66407900003836;-5.820766091346741e-11;9238.80204899999;eev,integrated,separated,ws;lintim;SiouxFalls;SiouxFalls;True;False;1e-05;12000;1;2;20;50;200;-5;50;0.75;2;50;50;10;10;16;2.7866;1242;1242
14050634;243;g_000;1;8;30;line_consecutive;0.5;1243;7;14;8-9|11-14|14-23|23-24|7-18|10-15|8-16|7-8;3,7|4,8,10|4,10|4|3,11|5,9|2,10,13|3,7,11;153497.19433600002;156572.91219200005;157426.70293899995;162443.4439799999;3075.717856000032;853.7907469999045;5870.531787999847;eev,integrated,separated,ws;lintim;SiouxFalls;SiouxFalls;True;False;1e-05;12000;1;2;20;50;200;-5;50;0.75;2;50;50;10;10;16;2.7866;1243;1243
14050634;244;g_000;1;8;30;line_consecutive;0.5;1244;7;15;17-19|7-18|7-8|1-3|12-13|11-14|21-22|21-24;2,13,14|3,11|3,7,11|4,8,12|12|4,8,10|13|6;156104.901396;158244.95386700248;159990.38133799995;164904.55588099995;2140.0524710024765;1745.427470997471;6659.602013997472;eev,integrated,separated,ws;lintim;SiouxFalls;SiouxFalls;True;False;1e-05;12000;1;2;20;50;200;-5;50;0.75;2;50;50;10;10;16;2.7866;1244;1244
14050634;245;g_000;1;8;30;line_consecutive;0.5;1245;7;16;14-15|2-6|9-10|6-8|19-20|11-14|7-18|11-12;14|2|7,9|2|2|4,8,10|3,11|1,7,8;137750.5876400064;138325.6930020029;139245.10858499995;139245.10858499998;575.1053619965096;919.415582997055;919.415582997084;eev,integrated,separated,ws;lintim;SiouxFalls;SiouxFalls;True;False;1e-05;12000;1;2;20;50;200;-5;50;0.75;2;50;50;10;10;16;2.7866;1245;1245
14050634;246;g_000;1;8;30;line_consecutive;0.5;1246;7;17;10-15|8-16|3-4|11-14|21-24|10-17|1-2|14-23;5,9|2,10,13|3,4|4,8,10|6|14|12|4,10;137485.76616799994;138160.002347;138325.19784899996;138325.197849;674.2361790000577;165.19550199995865;165.19550199998775;eev,integrated,separated,ws;lintim;SiouxFalls;SiouxFalls;True;False;1e-05;12000;1;2;20;50;200;-5;50;0.75;2;50;50;10;10;16;2.7866;1246;1246
14050634;247;g_000;1;8;30;line_consecutive;0.5;1247;7;18;18-20|12-13|11-14|14-23|20-22|4-11|20-21|14-15;11|12|4,8,10|4,10|11|4|6|14;160135.38210699277;164355.69564899936;165286.13631099995;169047.95134799997;4220.313542006596;930.4406620005902;4692.255699000612;eev,integrated,separated,ws;lintim;SiouxFalls;SiouxFalls;True;False;1e-05;12000;1;2;20;50;200;-5;50;0.75;2;50;50;10;10;16;2.7866;1247;1247
14050634;248;g_000;1;8;30;line_consecutive;0.5;1248;7;19;5-9|4-11|18-20|2-6|21-24|15-22|10-17|15-19;3,9|4|11|2|6|5,13|14|9,13,14;144259.38902499998;145153.249903999;145397.63018899993;146452.7598198594;893.8608789990249;244.3802850009233;1299.509915860399;eev,integrated,separated,ws;lintim;SiouxFalls;SiouxFalls;True;False;1e-05;12000;1;2;20;50;200;-5;50;0.75;2;50;50;10;10;16;2.7866;1248;1248
14050634;249;g_000;1;8;30;line_consecutive;0.5;1249;7;20;1-3|10-15|11-14|18-20|4-5|13-24|16-17|19-20;4,8,12|5,9|4,8,10|11|3|6|2,13|2;136644.633844;136644.63384400005;136644.63384399936;136644.6338439994;5.820766091346741e-11;-6.984919309616089e-10;-6.402842700481415e-10;eev,integrated,separated,ws;lintim;SiouxFalls;SiouxFalls;True;False;1e-05;12000;1;2;20;50;200;-5;50;0.75;2;50;50;10;10;16;2.7866;1249;1249
14050634;250;g_000;1;8;30;line_consecutive;0.5;1250;7;21;10-17|20-21|8-9|13-24|11-12|14-23|2-6|6-8;14|6|3,7|6|1,7,8|4,10|2|2;136644.69777199998;136644.633844;136644.6338439987;136644.63384399872;-0.0639279999886639;-1.3096723705530167e-09;-1.280568540096283e-09;eev,integrated,separated,ws;lintim;SiouxFalls;SiouxFalls;True;False;1e-05;12000;1;2;20;50;200;-5;50;0.75;2;50;50;10;10;16;2.7866;1250;1250
14050634;251;g_000;1;8;30;line_consecutive;0.5;1251;7;22;23-24|10-15|7-18|1-2|5-6|13-24|5-9|22-23;4|5,9|3,11|12|9|6|3,9|5;144025.984091;144800.622018;144800.62201799994;144800.622018;774.6379270000034;-5.820766091346741e-11;0.0;eev,integrated,separated,ws;lintim;SiouxFalls;SiouxFalls;True;False;1e-05;12000;1;2;20;50;200;-5;50;0.75;2;50;50;10;10;16;2.7866;1251;1251
14050634;252;g_000;1;8;30;line_consecutive;0.5;1252;7;23;7-18|16-17|19-20|5-6|10-17|8-9|14-23|21-22;3,11|2,13|2|9|14|3,7|4,10|13;140324.88462799945;140445.07330699998;140445.07330699996;140445.07300411584;120.18867900053738;-2.9103830456733704e-11;-0.0003028841456398;eev,integrated,separated,ws;lintim;SiouxFalls;SiouxFalls;True;False;1e-05;12000;1;2;20;50;200;-5;50;0.75;2;50;50;10;10;16;2.7866;1252;1252
14050634;253;g_000;1;8;30;line_consecutive;0.5;1253;7;24;6-8|1-2|20-22|10-17|7-8|5-9|1-3|7-18;2|12|11|14|3,7,11|3,9|4,8,12|3,11;136644.63384399892;136644.633844;136644.63384399994;136644.633844;1.076841726899147e-09;-5.820766091346741e-11;0.0;eev,integrated,separated,ws;lintim;SiouxFalls;SiouxFalls;True;False;1e-05;12000;1;2;20;50;200;-5;50;0.75;2;50;50;10;10;16;2.7866;1253;1253
14050634;254;g_000;1;8;30;line_consecutive;0.5;1254;7;25;18-20|3-4|12-13|10-16|4-11|17-19|4-5|5-6;11|3,4|12|1,10|4|2,13,14|3|9;136644.633844;136644.633844;136644.63384399994;136644.633844;0.0;-5.820766091346741e-11;0.0;eev,integrated,separated,ws;lintim;SiouxFalls;SiouxFalls;True;False;1e-05;12000;1;2;20;50;200;-5;50;0.75;2;50;50;10;10;16;2.7866;1254;1254
14050634;255;g_000;1;8;30;line_consecutive;0.5;1255;7;26;3-4|4-11|10-11|5-6|8-16|16-18|14-15|21-22;3,4|4|1,7,10|9|2,10,13|1|14|13;162844.935563;164952.231582;165193.06081399997;173754.54160599964;2107.2960190000013;240.82923199996003;8802.310023999627;eev,integrated,separated,ws;lintim;SiouxFalls;SiouxFalls;True;False;1e-05;12000;1;2;20;50;200;-5;50;0.75;2;50;50;10;10;16;2.7866;1255;1255
14050634;256;g_000;1;8;30;line_consecutive;0.5;1256;7;27;15-22|2-6|1-2|14-15|21-24|13-24|20-22|4-11;5,13|2|12|14|6|6|11|4;136644.633844;136644.6338641831;136644.63384399994;136644.63384399997;2.018309896811843e-05;-2.0183157175779343e-05;-2.018312807194889e-05;eev,integrated,separated,ws;lintim;SiouxFalls;SiouxFalls;True;False;1e-05;12000;1;2;20;50;200;-5;50;0.75;2;50;50;10;10;16;2.7866;1256;1256
14050634;257;g_000;1;8;30;line_consecutive;0.5;1257;7;28;16-18|12-13|7-8|16-17|8-9|3-12|21-22|20-22;1|12|3,7,11|2,13|3,7|8,12|13|11;136644.633844;136644.633844;136644.63384399924;136644.63384399927;0.0;-7.566995918750762e-10;-7.275957614183425e-10;eev,integrated,separated,ws;lintim;SiouxFalls;SiouxFalls;True;False;1e-05;12000;1;2;20;50;200;-5;50;0.75;2;50;50;10;10;16;2.7866;1257;1257
14050634;258;g_000;1;8;30;line_consecutive;0.5;1258;7;29;22-23|15-22|15-19|8-16|14-23|7-18|21-22|20-22;5|5,13|9,13,14|2,10,13|4,10|3,11|13|11;151383.172612;153353.0050989576;153774.85602299997;158008.58759399998;1969.832486957603;421.85092404237366;4655.582495042385;eev,integrated,separated,ws;lintim;SiouxFalls;SiouxFalls;True;False;1e-05;12000;1;2;20;50;200;-5;50;0.75;2;50;50;10;10;16;2.7866;1258;1258
14050634;259;g_000;1;1;30;line_all;0.5;1259;8;0;22-23;5;163807.287564;165855.655346;165883.74610999995;173403.110743;2048.367782000016;28.090763999935007;7547.455396999983;eev,integrated,separated,ws;lintim;SiouxFalls;SiouxFalls;True;False;1e-05;12000;1;2;20;50;200;-5;50;0.75;2;50;50;10;10;16;2.7866;1259;1259
14050634;260;g_000;1;1;30;line_all;0.5;1260;8;1;4-5;3;144025.9840909998;144800.6220180001;144800.62201799994;144800.622018;774.6379270003235;-1.7462298274040222e-10;-1.1641532182693479e-10;eev,integrated,separated,ws;lintim;SiouxFalls;SiouxFalls;True;False;1e-05;12000;1;2;20;50;200;-5;50;0.75;2;50;50;10;10;16;2.7866;1260;1260
14050634;261;g_000;1;1;30;line_all;0.5;1261;8;2;14-23;4,10;155863.428123;157109.01484499997;159247.97648699995;167604.11882899964;1245.5867219999782;2138.96164199998;10495.103983999668;eev,integrated,separated,ws;lintim;SiouxFalls;SiouxFalls;True;False;1e-05;12000;1;2;20;50;200;-5;50;0.75;2;50;50;10;10;16;2.7866;1261;1261
14050634;262;g_000;1;1;30;line_all;0.5;1262;8;3;4-11;4;155704.17468299996;158849.337109;160799.61331599994;163320.20800400004;3145.1624260000244;1950.276206999959;4470.870895000058;eev,integrated,separated,ws;lintim;SiouxFalls;SiouxFalls;True;False;1e-05;12000;1;2;20;50;200;-5;50;0.75;2;50;50;10;10;16;2.7866;1262;1262
14050634;263;g_000;1;1;30;line_all;0.5;1263;8;4;10-11;1,7,10;157156.324907;158514.345024;158758.91412299994;168568.20534199965;1358.0201170000073;244.56909899992752;10053.860317999644;eev,integrated,separated,ws;lintim;SiouxFalls;SiouxFalls;True;False;1e-05;12000;1;2;20;50;200;-5;50;0.75;2;50;50;10;10;16;2.7866;1263;1263
14050634;264;g_000;1;1;30;line_all;0.5;1264;8;5;7-8;3,7,11;174015.736703;176584.91815099856;177068.02225899996;195596.218138;2569.1814479985624;483.1041080013965;19011.299987001432;eev,integrated,separated,ws;lintim;SiouxFalls;SiouxFalls;True;False;1e-05;12000;1;2;20;50;200;-5;50;0.75;2;50;50;10;10;16;2.7866;1264;1264
14050634;265;g_000;1;1;30;line_all;0.5;1265;8;6;7-18;3,11;164416.178103;165705.89605399998;166521.76431799994;172625.45620899997;1289.7179509999696;815.8682639999606;6919.560154999985;eev,integrated,separated,ws;lintim;SiouxFalls;SiouxFalls;True;False;1e-05;12000;1;2;20;50;200;-5;50;0.75;2;50;50;10;10;16;2.7866;1265;1265
14050634;266;g_000;1;1;30;line_all;0.5;1266;8;7;3-4;3,4;148364.35243599996;150129.82571399977;152448.13482899996;152068.545059;1765.4732779998158;2318.3091150001856;1938.7193450002237;eev,integrated,separated,ws;lintim;SiouxFalls;SiouxFalls;True;False;1e-05;12000;1;2;20;50;200;-5;50;0.75;2;50;50;10;10;16;2.7866;1266;1266
14050634;267;g_000;1;1;30;line_all;0.5;1267;8;8;5-9;3,9;146262.16537;148829.19410400002;152163.91480499014;149169.77466342755;2567.0287340000214;3334.7207009901176;340.5805594275298;eev,integrated,separated,ws;lintim;SiouxFalls;SiouxFalls;True;False;1e-05;12000;1;2;20;50;200;-5;50;0.75;2;50;50;10;10;16;2.7866;1267;1267
14050634;268;g_000;1;1;30;line_all;0.5;1268;8;9;21-22;13;144352.806742;145176.147526;145758.96973499993;145176.14752596413;823.340784;582.8222089999472;-3.585591912269592e-08;eev,integrated,separated,ws;lintim;SiouxFalls;SiouxFalls;True;False;1e-05;12000;1;2;20;50;200;-5;50;0.75;2;50;50;10;10;16;2.7866;1268;1268
14050634;269;g_000;1;1;30;line_all;0.5;1269;8;10;1-2;12;142876.12130499998;143902.72087820346;145061.33765000082;145061.33765000087;1026.599573203479;1158.6167717973583;1158.6167717974167;eev,integrated,separated,ws;lintim;SiouxFalls;SiouxFalls;True;False;1e-05;12000;1;2;20;50;200;-5;50;0.75;2;50;50;10;10;16;2.7866;1269;1269
14050634;270;g_000;1;1;30;line_all;0.5;1270;8;11;5-6;9;146356.153542;147452.805011;148342.52294399988;148342.52264111576;1096.651469000004;889.7179329998908;889.7176301157742;eev,integrated,separated,ws;lintim;SiouxFalls;SiouxFalls;True;False;1e-05;12000;1;2;20;50;200;-5;50;0.75;2;50;50;10;10;16;2.7866;1270;1270
14050634;271;g_000;1;1;30;line_all;0.5;1271;8;12;20-21;6;159933.519587;162774.753456;163457.43221099995;172825.03533999965;2841.233869000018;682.6787549999426;10050.281883999647;eev,integrated,separated,ws;lintim;SiouxFalls;SiouxFalls;True;False;1e-05;12000;1;2;20;50;200;-5;50;0.75;2;50;50;10;10;16;2.7866;1271;1271
14050634;272;g_000;1;1;30;line_all;0.5;1272;8;13;18-20;11;145388.71074002262;145904.02083499997;146993.56403899996;148105.70785999956;515.3100949773507;1089.5432039999869;2201.6870249995845;eev,integrated,separated,ws;lintim;SiouxFalls;SiouxFalls;True;False;1e-05;12000;1;2;20;50;200;-5;50;0.75;2;50;50;10;10;16;2.7866;1272;1272
14050634;273;g_000;1;1;30;line_all;0.5;1273;8;14;12-13;12;165541.66492701095;166908.1820249998;168366.12101099995;175399.07097900004;1366.5170979888644;1457.9389860001393;8490.888954000227;eev,integrated,separated,ws;lintim;SiouxFalls;SiouxFalls;True;False;1e-05;12000;1;2;20;50;200;-5;50;0.75;2;50;50;10;10;16;2.7866;1273;1273
14050634;274;g_000;1;1;30;line_all;0.5;1274;8;15;2-6;2;176900.9949488963;178843.33888749505;179078.09361899993;194895.145375;1942.3439385987583;234.75473150488688;16051.806487504946;eev,integrated,separated,ws;lintim;SiouxFalls;SiouxFalls;True;False;1e-05;12000;1;2;20;50;200;-5;50;0.75;2;50;50;10;10;16;2.7866;1274;1274
14050634;275;g_000;1;1;30;line_all;0.5;1275;8;16;20-22;11;163425.28624;167572.894244;168478.0027929821;171572.20062199995;4147.608004000009;905.108548982098;3999.30637799995;eev,integrated,separated,ws;lintim;SiouxFalls;SiouxFalls;True;False;1e-05;12000;1;2;20;50;200;-5;50;0.75;2;50;50;10;10;16;2.7866;1275;1275
14050634;276;g_000;1;1;30;line_all;0.5;1276;8;17;3-12;8,12;137485.766168;138160.002347;138325.19784899993;138325.197849;674.2361789999995;165.19550199992955;165.19550199998775;eev,integrated,separated,ws;lintim;SiouxFalls;SiouxFalls;True;False;1e-05;12000;1;2;20;50;200;-5;50;0.75;2;50;50;10;10;16;2.7866;1276;1276
14050634;277;g_000;1;1;30;line_all;0.5;1277;8;18;10-15;5,9;145388.71074002262;145904.02083499997;146993.56403899996;147590.32693299995;515.3100949773507;1089.5432039999869;1686.3060979999718;eev,integrated,separated,ws;lintim;SiouxFalls;SiouxFalls;True;False;1e-05;12000;1;2;20;50;200;-5;50;0.75;2;50;50;10;10;16;2.7866;1277;1277
14050634;278;g_000;1;1;30;line_all;0.5;1278;8;19;11-14;4,8,10;179439.22648399998;182574.3480959997;183407.162262;189907.809857;3135.121611999726;832.8141660002584;7333.461761000275;eev,integrated,separated,ws;lintim;SiouxFalls;SiouxFalls;True;False;1e-05;12000;1;2;20;50;200;-5;50;0.75;2;50;50;10;10;16;2.7866;1278;1278
14050634;279;g_000;1;1;30;line_all;0.5;1279;8;20;15-19;9,13,14;136644.633844;136644.63384399997;136644.63384399962;136644.63384399965;-2.9103830456733704e-11;-3.4924596548080444e-10;-3.2014213502407074e-10;eev,integrated,separated,ws;lintim;SiouxFalls;SiouxFalls;True;False;1e-05;12000;1;2;20;50;200;-5;50;0.75;2;50;50;10;10;16;2.7866;1279;1279
14050634;280;g_000;1;1;30;line_all;0.5;1280;8;21;8-16;2,10,13;187191.544964;189315.3639139956;190671.02046;208447.647607;2123.8189499955624;1355.656546004437;19132.2836930044;eev,integrated,separated,ws;lintim;SiouxFalls;SiouxFalls;True;False;1e-05;12000;1;2;20;50;200;-5;50;0.75;2;50;50;10;10;16;2.7866;1280;1280
14050634;281;g_000;1;1;30;line_all;0.5;1281;8;22;11-12;1,7,8;179484.777908;181567.7365195;183088.9229815;199776.422398;2082.958611500013;1521.1864620000124;18208.685878499997;eev,integrated,separated,ws;lintim;SiouxFalls;SiouxFalls;True;False;1e-05;12000;1;2;20;50;200;-5;50;0.75;2;50;50;10;10;16;2.7866;1281;1281
14050634;282;g_000;1;1;30;line_all;0.5;1282;8;23;19-20;2;165976.56876499997;167532.614655;167532.61465499995;174864.5046670001;1556.0458900000376;-5.820766091346741e-11;7331.890012000076;eev,integrated,separated,ws;lintim;SiouxFalls;SiouxFalls;True;False;1e-05;12000;1;2;20;50;200;-5;50;0.75;2;50;50;10;10;16;2.7866;1282;1282
14050634;283;g_000;1;1;30;line_all;0.5;1283;8;24;17-19;2,13,14;152471.169438;154184.8044319881;154866.37285999994;159450.25583099996;1713.6349939880893;681.5684280118439;5265.451399011858;eev,integrated,separated,ws;lintim;SiouxFalls;SiouxFalls;True;False;1e-05;12000;1;2;20;50;200;-5;50;0.75;2;50;50;10;10;16;2.7866;1283;1283
14050634;284;g_000;1;1;30;line_all;0.5;1284;8;25;1-3;4,8,12;160556.472494;163037.97120599996;163873.73399799995;169572.88014299996;2481.4987119999714;835.7627919999941;6534.908937;eev,integrated,separated,ws;lintim;SiouxFalls;SiouxFalls;True;False;1e-05;12000;1;2;20;50;200;-5;50;0.75;2;50;50;10;10;16;2.7866;1284;1284
14050634;285;g_000;1;1;30;line_all;0.5;1285;8;26;10-16;1,10;188548.8247409957;190289.721375;191265.500145;206714.262115;1740.8966340042823;975.7787699999752;16424.540739999997;eev,integrated,separated,ws;lintim;SiouxFalls;SiouxFalls;True;False;1e-05;12000;1;2;20;50;200;-5;50;0.75;2;50;50;10;10;16;2.7866;1285;1285
14050634;286;g_000;1;1;30;line_all;0.5;1286;8;27;16-18;1;146006.76895899998;147157.23086799955;147157.23086799996;147157.2305651158;1150.4619089995683;4.074536263942719e-10;-0.0003028837381862;eev,integrated,separated,ws;lintim;SiouxFalls;SiouxFalls;True;False;1e-05;12000;1;2;20;50;200;-5;50;0.75;2;50;50;10;10;16;2.7866;1286;1286
14050634;287;g_000;1;1;30;line_all;0.5;1287;8;28;9-10;7,9;144447.72375399998;145779.901024;146073.23189399997;146452.7598198593;1332.1772700000147;293.33086999997613;672.858795859298;eev,integrated,separated,ws;lintim;SiouxFalls;SiouxFalls;True;False;1e-05;12000;1;2;20;50;200;-5;50;0.75;2;50;50;10;10;16;2.7866;1287;1287
14050634;288;g_000;1;1;30;line_all;0.5;1288;8;29;15-22;5,13;166538.00730300002;167731.25694324565;168834.43153999996;179453.5643439811;1193.2496402456309;1103.1745967543102;11722.307400735444;eev,integrated,separated,ws;lintim;SiouxFalls;SiouxFalls;True;False;1e-05;12000;1;2;20;50;200;-5;50;0.75;2;50;50;10;10;16;2.7866;1288;1288
14050634;289;g_000;2;1;30;line_all;0.5;1289;9;0;18-20,20-22;11;150411.71167600004;152993.716432;155448.84865999213;155046.502743;2582.004755999951;2455.132227992144;2052.7863110000035;eev,integrated,separated,ws;lintim;SiouxFalls;SiouxFalls;True;False;1e-05;12000;1;2;20;50;200;-5;50;0.75;2;50;50;10;10;16;2.7866;1289;1289
14050634;290;g_000;2;1;30;line_all;0.5;1290;9;1;1-3,23-24;4;142876.121305;143902.7208779997;145979.24271399993;145979.242714;1026.599572999694;2076.5218360002327;2076.521836000291;eev,integrated,separated,ws;lintim;SiouxFalls;SiouxFalls;True;False;1e-05;12000;1;2;20;50;200;-5;50;0.75;2;50;50;10;10;16;2.7866;1290;1290
14050634;291;g_000;2;1;30;line_all;0.5;1291;9;2;2-6,17-19;2;182060.749691;183988.74708199635;185592.4332339988;201601.02468099995;1927.9973909963448;1603.686152002425;17612.277599003603;eev,integrated,separated,ws;lintim;SiouxFalls;SiouxFalls;True;False;1e-05;12000;1;2;20;50;200;-5;50;0.75;2;50;50;10;10;16;2.7866;1291;1291
14050634;292;g_000;2;1;30;line_all;0.5;1292;9;3;7-18,18-20;11;136644.633844;136644.633844;136644.63384399982;136644.63384399985;0.0;-1.7462298274040222e-10;-1.4551915228366852e-10;eev,integrated,separated,ws;lintim;SiouxFalls;SiouxFalls;True;False;1e-05;12000;1;2;20;50;200;-5;50;0.75;2;50;50;10;10;16;2.7866;1292;1292
14050634;293;g_000;2;1;30;line_all;0.5;1293;9;4;17-19,19-20;2;163425.28624;167572.894244;168478.0027929821;171572.20062199995;4147.608004000009;905.108548982098;3999.30637799995;eev,integrated,separated,ws;lintim;SiouxFalls;SiouxFalls;True;False;1e-05;12000;1;2;20;50;200;-5;50;0.75;2;50;50;10;10;16;2.7866;1293;1293
14050634;294;g_000;2;1;30;line_all;0.5;1294;9;5;4-11,11-14;4;158330.67064000003;160556.85174198824;161356.75584999996;171479.79783099965;2226.1811019882152;799.9041080117167;10922.946089011411;eev,integrated,separated,ws;lintim;SiouxFalls;SiouxFalls;True;False;1e-05;12000;1;2;20;50;200;-5;50;0.75;2;50;50;10;10;16;2.7866;1294;1294
14050634;295;g_000;2;1;30;line_all;0.5;1295;9;6;10-15,22-23;5;193875.421248;197842.929622;199060.467125;202673.99444597852;3967.508373999997;1217.5375029999996;4831.064823978551;eev,integrated,separated,ws;lintim;SiouxFalls;SiouxFalls;True;False;1e-05;12000;1;2;20;50;200;-5;50;0.75;2;50;50;10;10;16;2.7866;1295;1295
14050634;296;g_000;2;1;30;line_all;0.5;1296;9;7;7-18,20-22;11;144447.72375399998;145779.901024;146073.23189399997;146452.7598198593;1332.1772700000147;293.33086999997613;672.858795859298;eev,integrated,separated,ws;lintim;SiouxFalls;SiouxFalls;True;False;1e-05;12000;1;2;20;50;200;-5;50;0.75;2;50;50;10;10;16;2.7866;1296;1296
14050634;297;g_000;2;1;30;line_all;0.5;1297;9;8;4-5,7-8;3;137750.58763999998;138325.693002;139245.10858499998;139245.108585;575.1053620000312;919.4155829999654;919.4155829999944;eev,integrated,separated,ws;lintim;SiouxFalls;SiouxFalls;True;False;1e-05;12000;1;2;20;50;200;-5;50;0.75;2;50;50;10;10;16;2.7866;1297;1297
14050634;298;g_000;2;1;30;line_all;0.5;1298;9;9;3-12,11-14;8;160825.387765;161693.18097099982;165207.9848749999;175360.066659;867.7932059998275;3514.803904000088;13666.885688000184;eev,integrated,separated,ws;lintim;SiouxFalls;SiouxFalls;True;False;1e-05;12000;1;2;20;50;200;-5;50;0.75;2;50;50;10;10;16;2.7866;1298;1298
14050634;299;g_000;2;1;30;line_all;0.5;1299;9;10;3-12,12-13;12;166738.41361699998;169472.088741;170267.68345899996;177968.50795399965;2733.6751240000303;795.5947179999494;8496.419212999637;eev,integrated,separated,ws;lintim;SiouxFalls;SiouxFalls;True;False;1e-05;12000;1;2;20;50;200;-5;50;0.75;2;50;50;10;10;16;2.7866;1299;1299
14050634;300;g_000;2;1;30;line_all;0.5;1300;9;11;20-21,21-24;6;151461.24870499998;152866.84480899994;155849.45366199996;163416.0622149999;1405.5961039999677;2982.6088530000125;10549.217405999952;eev,integrated,separated,ws;lintim;SiouxFalls;SiouxFalls;True;False;1e-05;12000;1;2;20;50;200;-5;50;0.75;2;50;50;10;10;16;2.7866;1300;1300
14050634;301;g_000;2;1;30;line_all;0.5;1301;9;12;7-8,8-9;3,7;136644.633844;136644.633844;136644.63384399924;136644.63384399927;0.0;-7.566995918750762e-10;-7.275957614183425e-10;eev,integrated,separated,ws;lintim;SiouxFalls;SiouxFalls;True;False;1e-05;12000;1;2;20;50;200;-5;50;0.75;2;50;50;10;10;16;2.7866;1301;1301
14050634;302;g_000;2;1;30;line_all;0.5;1302;9;13;5-6,5-9;9;156104.901396;158244.95386700248;159990.38133799995;164904.55588099995;2140.0524710024765;1745.427470997471;6659.602013997472;eev,integrated,separated,ws;lintim;SiouxFalls;SiouxFalls;True;False;1e-05;12000;1;2;20;50;200;-5;50;0.75;2;50;50;10;10;16;2.7866;1302;1302
14050634;303;g_000;2;1;30;line_all;0.5;1303;9;14;10-11,11-14;10;157156.324907;158514.345024;158758.91412299994;168568.20534199965;1358.0201170000073;244.56909899992752;10053.860317999644;eev,integrated,separated,ws;lintim;SiouxFalls;SiouxFalls;True;False;1e-05;12000;1;2;20;50;200;-5;50;0.75;2;50;50;10;10;16;2.7866;1303;1303
14050634;304;g_000;2;1;30;line_all;0.5;1304;9;15;5-9,9-10;9;136644.633844;136644.63384400005;136644.63384399936;136644.6338439994;5.820766091346741e-11;-6.984919309616089e-10;-6.402842700481415e-10;eev,integrated,separated,ws;lintim;SiouxFalls;SiouxFalls;True;False;1e-05;12000;1;2;20;50;200;-5;50;0.75;2;50;50;10;10;16;2.7866;1304;1304
14050634;305;g_000;2;1;30;line_all;0.5;1305;9;16;8-16,16-17;2,13;144025.984091;144800.622018;144800.62201799994;144800.622018;774.6379270000034;-5.820766091346741e-11;0.0;eev,integrated,separated,ws;lintim;SiouxFalls;SiouxFalls;True;False;1e-05;12000;1;2;20;50;200;-5;50;0.75;2;50;50;10;10;16;2.7866;1305;1305
14050634;306;g_000;2;1;30;line_all;0.5;1306;9;17;5-9,7-8;3;151383.172612;153353.0050989576;153774.85602299997;158008.58759399998;1969.832486957603;421.85092404237366;4655.582495042385;eev,integrated,separated,ws;lintim;SiouxFalls;SiouxFalls;True;False;1e-05;12000;1;2;20;50;200;-5;50;0.75;2;50;50;10;10;16;2.7866;1306;1306
14050634;307;g_000;2;1;30;line_all;0.5;1307;9;18;9-10,10-11;7;136644.69777199998;136644.633844;136644.6338439987;136644.63384399872;-0.0639279999886639;-1.3096723705530167e-09;-1.280568540096283e-09;eev,integrated,separated,ws;lintim;SiouxFalls;SiouxFalls;True;False;1e-05;12000;1;2;20;50;200;-5;50;0.75;2;50;50;10;10;16;2.7866;1307;1307
14050634;308;g_000;2;1;30;line_all;0.5;1308;9;19;10-16,11-14;10;145629.903542;146726.555011;147656.23848199996;147656.2381791158;1096.651469000004;929.6834709999677;929.683168115822;eev,integrated,separated,ws;lintim;SiouxFalls;SiouxFalls;True;False;1e-05;12000;1;2;20;50;200;-5;50;0.75;2;50;50;10;10;16;2.7866;1308;1308
14050634;309;g_000;2;1;30;line_all;0.5;1309;9;20;10-11,10-16;1,10;136644.633844;136644.6338641831;136644.63384399994;136644.63384399997;2.018309896811843e-05;-2.0183157175779343e-05;-2.018312807194889e-05;eev,integrated,separated,ws;lintim;SiouxFalls;SiouxFalls;True;False;1e-05;12000;1;2;20;50;200;-5;50;0.75;2;50;50;10;10;16;2.7866;1309;1309
14050634;310;g_000;2;1;30;line_all;0.5;1310;9;21;7-8,9-10;7;144259.38902499998;145153.249903999;145397.63018899993;146452.7598198594;893.8608789990249;244.3802850009233;1299.509915860399;eev,integrated,separated,ws;lintim;SiouxFalls;SiouxFalls;True;False;1e-05;12000;1;2;20;50;200;-5;50;0.75;2;50;50;10;10;16;2.7866;1310;1310
14050634;311;g_000;2;1;30;line_all;0.5;1311;9;22;3-4,11-14;4;144352.806742;145176.147526;145758.96973499993;145176.14752596413;823.340784;582.8222089999472;-3.585591912269592e-08;eev,integrated,separated,ws;lintim;SiouxFalls;SiouxFalls;True;False;1e-05;12000;1;2;20;50;200;-5;50;0.75;2;50;50;10;10;16;2.7866;1311;1311
14050634;312;g_000;2;1;30;line_all;0.5;1312;9;23;13-24,20-21;6;137750.5876400064;138325.6930020029;139245.10858499995;139245.10858499998;575.1053619965096;919.415582997055;919.415582997084;eev,integrated,separated,ws;lintim;SiouxFalls;SiouxFalls;True;False;1e-05;12000;1;2;20;50;200;-5;50;0.75;2;50;50;10;10;16;2.7866;1312;1312
14050634;313;g_000;2;1;30;line_all;0.5;1313;9;24;4-5,8-9;3;154654.33731599996;156065.35254399996;156339.68719799997;164756.00188399968;1411.0152280000038;274.3346540000057;8690.649339999713;eev,integrated,separated,ws;lintim;SiouxFalls;SiouxFalls;True;False;1e-05;12000;1;2;20;50;200;-5;50;0.75;2;50;50;10;10;16;2.7866;1313;1313
14050634;314;g_000;2;1;30;line_all;0.5;1314;9;25;17-19,21-22;13;174015.736703;176584.91815099856;177068.02225899996;195596.218138;2569.1814479985624;483.1041080013965;19011.299987001432;eev,integrated,separated,ws;lintim;SiouxFalls;SiouxFalls;True;False;1e-05;12000;1;2;20;50;200;-5;50;0.75;2;50;50;10;10;16;2.7866;1314;1314
14050634;315;g_000;2;1;30;line_all;0.5;1315;9;26;10-16,16-18;1;164416.178103;165705.89605399998;166521.76431799994;172625.45620899997;1289.7179509999696;815.8682639999606;6919.560154999985;eev,integrated,separated,ws;lintim;SiouxFalls;SiouxFalls;True;False;1e-05;12000;1;2;20;50;200;-5;50;0.75;2;50;50;10;10;16;2.7866;1315;1315
14050634;316;g_000;2;1;30;line_all;0.5;1316;9;27;2-6,16-17;2;136644.633844;136644.63384400005;136644.63384399994;136644.633844;5.820766091346741e-11;-1.1641532182693479e-10;-5.820766091346741e-11;eev,integrated,separated,ws;lintim;SiouxFalls;SiouxFalls;True;False;1e-05;12000;1;2;20;50;200;-5;50;0.75;2;50;50;10;10;16;2.7866;1316;1316
14050634;317;g_000;2;1;30;line_all;0.5;1317;9;28;10-15,15-19;9;149382.2940340091;150241.78987199668;151399.88678799997;157515.63158899988;859.4958379875752;1158.0969160032982;7273.841717003204;eev,integrated,separated,ws;lintim;SiouxFalls;SiouxFalls;True;False;1e-05;12000;1;2;20;50;200;-5;50;0.75;2;50;50;10;10;16;2.7866;1317;1317
14050634;318;g_000;2;1;30;line_all;0.5;1318;9;29;10-17,14-15;14;163807.287564;165855.655346;165883.74610999995;173403.110743;2048.367782000016;28.090763999935007;7547.455396999983;eev,integrated,separated,ws;lintim;SiouxFalls;SiouxFalls;True;False;1e-05;12000;1;2;20;50;200;-5;50;0.75;2;50;50;10;10;16;2.7866;1318;1318
14050634;319;g_000;3;1;30;line_all;0.5;1319;10;0;3-4,5-9,7-8;3;142178.21360500017;142378.47753300003;143346.05554699997;143346.055547;200.2639279998548;967.5780139999406;967.5780139999696;eev,integrated,separated,ws;lintim;SiouxFalls;SiouxFalls;True;False;1e-05;12000;1;2;20;50;200;-5;50;0.75;2;50;50;10;10;16;2.7866;1319;1319
14050634;320;g_000;3;1;30;line_all;0.5;1320;10;1;8-16,15-19,21-22;13;142876.12130499998;143902.72087820346;145061.33765000082;145061.33765000087;1026.599573203479;1158.6167717973583;1158.6167717974167;eev,integrated,separated,ws;lintim;SiouxFalls;SiouxFalls;True;False;1e-05;12000;1;2;20;50;200;-5;50;0.75;2;50;50;10;10;16;2.7866;1320;1320
14050634;321;g_000;3;1;30;line_all;0.5;1321;10;2;2-6,6-8,19-20;2;148364.35243599996;150129.82571399977;152448.13482899996;152068.545059;1765.4732779998158;2318.3091150001856;1938.7193450002237;eev,integrated,separated,ws;lintim;SiouxFalls;SiouxFalls;True;False;1e-05;12000;1;2;20;50;200;-5;50;0.75;2;50;50;10;10;16;2.7866;1321;1321
14050634;322;g_000;3;1;30;line_all;0.5;1322;10;3;4-5,7-8,8-9;3;136644.633844;136644.633844;136644.63384399994;136644.633844;0.0;-5.820766091346741e-11;0.0;eev,integrated,separated,ws;lintim;SiouxFalls;SiouxFalls;True;False;1e-05;12000;1;2;20;50;200;-5;50;0.75;2;50;50;10;10;16;2.7866;1322;1322
14050634;323;g_000;3;1;30;line_all;0.5;1323;10;4;15-22,16-17,17-19;13;155704.17468299996;158849.337109;160799.61331599994;163320.20800400004;3145.1624260000244;1950.276206999959;4470.870895000058;eev,integrated,separated,ws;lintim;SiouxFalls;SiouxFalls;True;False;1e-05;12000;1;2;20;50;200;-5;50;0.75;2;50;50;10;10;16;2.7866;1323;1323
14050634;324;g_000;3;1;30;line_all;0.5;1324;10;5;5-9,9-10,10-15;9;153497.19433600002;156572.91219200005;157426.70293899995;162443.4439799999;3075.717856000032;853.7907469999045;5870.531787999847;eev,integrated,separated,ws;lintim;SiouxFalls;SiouxFalls;True;False;1e-05;12000;1;2;20;50;200;-5;50;0.75;2;50;50;10;10;16;2.7866;1324;1324
14050634;325;g_000;3;1;30;line_all;0.5;1325;10;6;10-11,10-16,11-14;10;146262.16537;148829.19410400002;152163.91480499014;149169.77466342755;2567.0287340000214;3334.7207009901176;340.5805594275298;eev,integrated,separated,ws;lintim;SiouxFalls;SiouxFalls;True;False;1e-05;12000;1;2;20;50;200;-5;50;0.75;2;50;50;10;10;16;2.7866;1325;1325
14050634;326;g_000;3;1;30;line_all;0.5;1326;10;7;15-22,17-19,21-22;13;162844.935563;164952.231582;165193.06081399997;173754.54160599964;2107.2960190000013;240.82923199996003;8802.310023999627;eev,integrated,separated,ws;lintim;SiouxFalls;SiouxFalls;True;False;1e-05;12000;1;2;20;50;200;-5;50;0.75;2;50;50;10;10;16;2.7866;1326;1326
14050634;327;g_000;3;1;30;line_all;0.5;1327;10;8;4-5,7-18,8-9;3;137485.76616799994;138160.002347;138325.19784899996;138325.197849;674.2361790000577;165.19550199995865;165.19550199998775;eev,integrated,separated,ws;lintim;SiouxFalls;SiouxFalls;True;False;1e-05;12000;1;2;20;50;200;-5;50;0.75;2;50;50;10;10;16;2.7866;1327;1327
14050634;328;g_000;3;1;30;line_all;0.5;1328;10;9;1-3,4-11,14-23;4;149688.153646;149885.81772500003;149885.81772499997;159124.61977400002;197.66407900003836;-5.820766091346741e-11;9238.80204899999;eev,integrated,separated,ws;lintim;SiouxFalls;SiouxFalls;True;False;1e-05;12000;1;2;20;50;200;-5;50;0.75;2;50;50;10;10;16;2.7866;1328;1328
14050634;329;g_000;3;1;30;line_all;0.5;1329;10;10;8-16,15-19,16-17;13;144025.9840909998;144800.6220180001;144800.62201799994;144800.622018;774.6379270003235;-1.7462298274040222e-10;-1.1641532182693479e-10;eev,integrated,separated,ws;lintim;SiouxFalls;SiouxFalls;True;False;1e-05;12000;1;2;20;50;200;-5;50;0.75;2;50;50;10;10;16;2.7866;1329;1329
14050634;330;g_000;3;1;30;line_all;0.5;1330;10;11;3-4,14-23,23-24;4;160556.472494;163037.97120599996;163873.73399799995;169572.88014299996;2481.4987119999714;835.7627919999941;6534.908937;eev,integrated,separated,ws;lintim;SiouxFalls;SiouxFalls;True;False;1e-05;12000;1;2;20;50;200;-5;50;0.75;2;50;50;10;10;16;2.7866;1330;1330
14050634;331;g_000;3;1;30;line_all;0.5;1331;10;12;8-16,16-17,17-19;2,13;167236.67988500002;167761.291065;167821.19517299996;175961.75846500002;524.611179999978;59.9041079999588;8200.467400000023;eev,integrated,separated,ws;lintim;SiouxFalls;SiouxFalls;True;False;1e-05;12000;1;2;20;50;200;-5;50;0.75;2;50;50;10;10;16;2.7866;1331;1331
14050634;332;g_000;3;1;30;line_all;0.5;1332;10;13;4-5,5-9,7-8;3;166538.00730300002;167731.25694324565;168834.43153999996;179453.5643439811;1193.2496402456309;1103.1745967543102;11722.307400735444;eev,integrated,separated,ws;lintim;SiouxFalls;SiouxFalls;True;False;1e-05;12000;1;2;20;50;200;-5;50;0.75;2;50;50;10;10;16;2.7866;1332;1332
14050634;333;g_000;3;1;30;line_all;0.5;1333;10;14;13-24,20-21,21-24;6;137485.766168;138160.002347;138325.19784899993;138325.197849;674.2361789999995;165.19550199992955;165.19550199998775;eev,integrated,separated,ws;lintim;SiouxFalls;SiouxFalls;True;False;1e-05;12000;1;2;20;50;200;-5;50;0.75;2;50;50;10;10;16;2.7866;1333;1333
14050634;334;g_000;3;1;30;line_all;0.5;1334;10;15;5-6,5-9,15-19;9;145388.71074002262;145904.02083499997;146993.56403899996;147590.32693299995;515.3100949773507;1089.5432039999869;1686.3060979999718;eev,integrated,separated,ws;lintim;SiouxFalls;SiouxFalls;True;False;1e-05;12000;1;2;20;50;200;-5;50;0.75;2;50;50;10;10;16;2.7866;1334;1334
14050634;335;g_000;3;1;30;line_all;0.5;1335;10;16;7-8,8-9,9-10;7;137750.58763999998;138325.693002;139245.10858499998;139245.108585;575.1053620000312;919.4155829999654;919.4155829999944;eev,integrated,separated,ws;lintim;SiouxFalls;SiouxFalls;True;False;1e-05;12000;1;2;20;50;200;-5;50;0.75;2;50;50;10;10;16;2.7866;1335;1335
14050634;336;g_000;3;1;30;line_all;0.5;1336;10;17;8-16,10-11,14-23;10;166971.966027;169747.11692399997;170081.85019099998;176996.3481;2775.150896999985;334.73326700000325;7249.23117600003;eev,integrated,separated,ws;lintim;SiouxFalls;SiouxFalls;True;False;1e-05;12000;1;2;20;50;200;-5;50;0.75;2;50;50;10;10;16;2.7866;1336;1336
14050634;337;g_000;3;1;30;line_all;0.5;1337;10;18;5-9,10-15,15-19;9;142876.121305;143902.7208779997;145979.24271399993;145979.242714;1026.599572999694;2076.5218360002327;2076.521836000291;eev,integrated,separated,ws;lintim;SiouxFalls;SiouxFalls;True;False;1e-05;12000;1;2;20;50;200;-5;50;0.75;2;50;50;10;10;16;2.7866;1337;1337
14050634;338;g_000;3;1;30;line_all;0.5;1338;10;19;8-16,16-17,21-22;13;145388.71074002262;145904.02083499997;146993.56403899996;148105.70785999956;515.3100949773507;1089.5432039999869;2201.6870249995845;eev,integrated,separated,ws;lintim;SiouxFalls;SiouxFalls;True;False;1e-05;12000;1;2;20;50;200;-5;50;0.75;2;50;50;10;10;16;2.7866;1338;1338
14050634;339;g_000;3;1;30;line_all;0.5;1339;10;20;3-4,11-14,14-23;4;146006.76895899998;147157.23086799955;147157.23086799996;147157.2305651158;1150.4619089995683;4.074536263942719e-10;-0.0003028837381862;eev,integrated,separated,ws;lintim;SiouxFalls;SiouxFalls;True;False;1e-05;12000;1;2;20;50;200;-5;50;0.75;2;50;50;10;10;16;2.7866;1339;1339
14050634;340;g_000;3;1;30;line_all;0.5;1340;10;21;2-6,8-16,16-17;2;152471.169438;154184.8044319881;154866.37285999994;159450.25583099996;1713.6349939880893;681.5684280118439;5265.451399011858;eev,integrated,separated,ws;lintim;SiouxFalls;SiouxFalls;True;False;1e-05;12000;1;2;20;50;200;-5;50;0.75;2;50;50;10;10;16;2.7866;1340;1340
14050634;341;g_000;3;1;30;line_all;0.5;1341;10;22;2-6,8-16,17-19;2;146356.153542;147452.805011;148342.52294399988;148342.52264111576;1096.651469000004;889.7179329998908;889.7176301157742;eev,integrated,separated,ws;lintim;SiouxFalls;SiouxFalls;True;False;1e-05;12000;1;2;20;50;200;-5;50;0.75;2;50;50;10;10;16;2.7866;1341;1341
14050634;342;g_000;3;1;30;line_all;0.5;1342;10;23;4-5,7-8,7-18;3;179484.777908;181567.7365195;183088.9229815;199776.422398;2082.958611500013;1521.1864620000124;18208.685878499997;eev,integrated,separated,ws;lintim;SiouxFalls;SiouxFalls;True;False;1e-05;12000;1;2;20;50;200;-5;50;0.75;2;50;50;10;10;16;2.7866;1342;1342
14050634;343;g_000;3;1;30;line_all;0.5;1343;10;24;2-6,16-17,17-19;2;158330.67064000003;160556.85174198824;161356.75584999996;171479.79783099965;2226.1811019882152;799.9041080117167;10922.946089011411;eev,integrated,separated,ws;lintim;SiouxFalls;SiouxFalls;True;False;1e-05;12000;1;2;20;50;200;-5;50;0.75;2;50;50;10;10;16;2.7866;1343;1343
14050634;344;g_000;3;1;30;line_all;0.5;1344;10;25;3-4,11-14,23-24;4;193875.421248;197842.929622;199060.467125;202673.99444597852;3967.508373999997;1217.5375029999996;4831.064823978551;eev,integrated,separated,ws;lintim;SiouxFalls;SiouxFalls;True;False;1e-05;12000;1;2;20;50;200;-5;50;0.75;2;50;50;10;10;16;2.7866;1344;1344
14050634;345;g_000;3;1;30;line_all;0.5;1345;10;26;10-11,11-12,16-18;1;159933.519587;162774.753456;163457.43221099995;172825.03533999965;2841.233869000018;682.6787549999426;10050.281883999647;eev,integrated,separated,ws;lintim;SiouxFalls;SiouxFalls;True;False;1e-05;12000;1;2;20;50;200;-5;50;0.75;2;50;50;10;10;16;2.7866;1345;1345
14050634;346;g_000;3;1;30;line_all;0.5;1346;10;27;7-8,8-9,11-12;7;151819.32942198738;153534.77918598443;153939.59697899997;153939.596979;1715.4497639970505;404.81779301553615;404.81779301556526;eev,integrated,separated,ws;lintim;SiouxFalls;SiouxFalls;True;False;1e-05;12000;1;2;20;50;200;-5;50;0.75;2;50;50;10;10;16;2.7866;1346;1346
14050634;347;g_000;3;1;30;line_all;0.5;1347;10;28;6-8,8-16,17-19;2;182060.749691;183988.74708199635;185592.4332339988;201601.02468099995;1927.9973909963448;1603.686152002425;17612.277599003603;eev,integrated,separated,ws;lintim;SiouxFalls;SiouxFalls;True;False;1e-05;12000;1;2;20;50;200;-5;50;0.75;2;50;50;10;10;16;2.7866;1347;1347
14050634;348;g_000;3;1;30;line_all;0.5;1348;10;29;15-19,15-22,21-22;13;137750.58763999987;138325.693002;139245.10858499998;139245.108585;575.1053620001476;919.4155829999654;919.4155829999944;eev,integrated,separated,ws;lintim;SiouxFalls;SiouxFalls;True;False;1e-05;12000;1;2;20;50;200;-5;50;0.75;2;50;50;10;10;16;2.7866;1348;1348
14050634;349;g_000;1;1;30;share_stop;0.5;1349;11;0;1-3;;150411.71167600004;152993.716432;155448.84865999213;155046.502743;2582.004755999951;2455.132227992144;2052.7863110000035;eev,integrated,separated,ws;lintim;SiouxFalls;SiouxFalls;True;False;1e-05;12000;1;2;20;50;200;-5;50;0.75;2;50;50;10;10;16;2.7866;1349;1349
14050634;350;g_000;1;1;30;share_stop;0.5;1350;11;1;15-19;;152195.30240799987;153998.322539;154006.96918599994;157811.071857;1803.020131000114;8.646646999957738;3812.749318000017;eev,integrated,separated,ws;lintim;SiouxFalls;SiouxFalls;True;False;1e-05;12000;1;2;20;50;200;-5;50;0.75;2;50;50;10;10;16;2.7866;1350;1350
14050634;351;g_000;1;1;30;share_stop;0.5;1351;11;2;8-16;;165976.56876499997;167532.614655;167532.61465499995;174864.5046670001;1556.0458900000376;-5.820766091346741e-11;7331.890012000076;eev,integrated,separated,ws;lintim;SiouxFalls;SiouxFalls;True;False;1e-05;12000;1;2;20;50;200;-5;50;0.75;2;50;50;10;10;16;2.7866;1351;1351
14050634;352;g_000;1;1;30;share_stop;0.5;1352;11;3;21-22;;143650.5543829999;145403.74362999885;146057.26989599995;146057.26989599998;1753.1892469989543;653.5262660011067;653.5262660011358;eev,integrated,separated,ws;lintim;SiouxFalls;SiouxFalls;True;False;1e-05;12000;1;2;20;50;200;-5;50;0.75;2;50;50;10;10;16;2.7866;1352;1352
14050634;353;g_000;1;1;30;share_stop;0.5;1353;11;4;16-18;;163425.28624;167572.894244;168478.0027929821;171572.20062199995;4147.608004000009;905.108548982098;3999.30637799995;eev,integrated,separated,ws;lintim;SiouxFalls;SiouxFalls;True;False;1e-05;12000;1;2;20;50;200;-5;50;0.75;2;50;50;10;10;16;2.7866;1353;1353
14050634;354;g_000;1;1;30;share_stop;0.5;1354;11;5;8-9;;176900.9949488963;178843.338934;179078.09361899993;194895.145375;1942.343985103711;234.7546849999344;16051.806440999992;eev,integrated,separated,ws;lintim;SiouxFalls;SiouxFalls;True;False;1e-05;12000;1;2;20;50;200;-5;50;0.75;2;50;50;10;10;16;2.7866;1354;1354
14050634;355;g_000;1;1;30;share_stop;0.5;1355;11;6;10-16;;165541.66492701095;166908.1820249998;168366.12101099995;175399.07097900004;1366.5170979888644;1457.9389860001393;8490.888954000227;eev,integrated,separated,ws;lintim;SiouxFalls;SiouxFalls;True;False;1e-05;12000;1;2;20;50;200;-5;50;0.75;2;50;50;10;10;16;2.7866;1355;1355
14050634;356;g_000;1;1;30;share_stop;0.5;1356;11;7;7-8;;188548.8247409957;190289.721375;191265.500145;206714.262115;1740.8966340042823;975.7787699999752;16424.540739999997;eev,integrated,separated,ws;lintim;SiouxFalls;SiouxFalls;True;False;1e-05;12000;1;2;20;50;200;-5;50;0.75;2;50;50;10;10;16;2.7866;1356;1356
14050634;357;g_000;1;1;30;share_stop;0.5;1357;11;8;13-24;;182060.749691;183988.74708199635;185592.4332339988;201601.02468099995;1927.9973909963448;1603.686152002425;17612.277599003603;eev,integrated,separated,ws;lintim;SiouxFalls;SiouxFalls;True;False;1e-05;12000;1;2;20;50;200;-5;50;0.75;2;50;50;10;10;16;2.7866;1357;1357
14050634;358;g_000;1;1;30;share_stop;0.5;1358;11;9;18-20;;164416.17810301948;165705.8960539994;166521.76431799994;172625.45620899997;1289.717950979917;815.8682640005427;6919.560155000567;eev,integrated,separated,ws;lintim;SiouxFalls;SiouxFalls;True;False;1e-05;12000;1;2;20;50;200;-5;50;0.75;2;50;50;10;10;16;2.7866;1358;1358
14050634;359;g_000;1;1;30;share_stop;0.5;1359;11;10;12-13;;163425.28624;167572.894244;168478.0027929821;171572.20062199995;4147.608004000009;905.108548982098;3999.30637799995;eev,integrated,separated,ws;lintim;SiouxFalls;SiouxFalls;True;False;1e-05;12000;1;2;20;50;200;-5;50;0.75;2;50;50;10;10;16;2.7866;1359;1359
14050634;360;g_000;1;1;30;share_stop;0.5;1360;11;11;5-6;;136644.69777199998;136644.633844;136644.6338439987;136644.63384399872;-0.0639279999886639;-1.3096723705530167e-09;-1.280568540096283e-09;eev,integrated,separated,ws;lintim;SiouxFalls;SiouxFalls;True;False;1e-05;12000;1;2;20;50;200;-5;50;0.75;2;50;50;10;10;16;2.7866;1360;1360
14050634;361;g_000;1;1;30;share_stop;0.5;1361;11;12;4-5;;136644.633844;136644.633844;136644.63384399994;136644.633844;0.0;-5.820766091346741e-11;0.0;eev,integrated,separated,ws;lintim;SiouxFalls;SiouxFalls;True;False;1e-05;12000;1;2;20;50;200;-5;50;0.75;2;50;50;10;10;16;2.7866;1361;1361
14050634;362;g_000;1;1;30;share_stop;0.5;1362;11;13;22-23;;140669.54515199998;140995.16588;140995.16587999996;140995.16557711584;325.62072800000897;-2.9103830456733704e-11;-0.0003028841456398;eev,integrated,separated,ws;lintim;SiouxFalls;SiouxFalls;True;False;1e-05;12000;1;2;20;50;200;-5;50;0.75;2;50;50;10;10;16;2.7866;1362;1362
14050634;363;g_000;1;1;30;share_stop;0.5;1363;11;14;3-12;;151461.24870499998;152866.84480899994;155849.45366199996;163416.0622149999;1405.5961039999677;2982.6088530000125;10549.217405999952;eev,integrated,separated,ws;lintim;SiouxFalls;SiouxFalls;True;False;1e-05;12000;1;2;20;50;200;-5;50;0.75;2;50;50;10;10;16;2.7866;1363;1363
14050634;364;g_000;1;1;30;share_stop;0.5;1364;11;15;7-18;;154654.33731599996;156065.35254399996;156339.68719799997;164756.00188399968;1411.0152280000038;274.3346540000057;8690.649339999713;eev,integrated,separated,ws;lintim;SiouxFalls;SiouxFalls;True;False;1e-05;12000;1;2;20;50;200;-5;50;0.75;2;50;50;10;10;16;2.7866;1364;1364
14050634;365;g_000;1;1;30;share_stop;0.5;1365;11;16;2-6;;149382.2940340091;150241.78987199668;151399.88678799997;157515.63158899988;859.4958379875752;1158.0969160032982;7273.841717003204;eev,integrated,separated,ws;lintim;SiouxFalls;SiouxFalls;True;False;1e-05;12000;1;2;20;50;200;-5;50;0.75;2;50;50;10;10;16;2.7866;1365;1365
14050634;366;g_000;1;1;30;share_stop;0.5;1366;11;17;10-17;;136644.633844;136644.63384400005;136644.63384399936;136644.6338439994;5.820766091346741e-11;-6.984919309616089e-10;-6.402842700481415e-10;eev,integrated,separated,ws;lintim;SiouxFalls;SiouxFalls;True;False;1e-05;12000;1;2;20;50;200;-5;50;0.75;2;50;50;10;10;16;2.7866;1366;1366
14050634;367;g_000;1;1;30;share_stop;0.5;1367;11;18;10-11;;137750.58763999998;138202.34519400058;139245.10858498933;139245.1085849894;451.7575540005928;1042.7633909887518;1042.76339098881;eev,integrated,separated,ws;lintim;SiouxFalls;SiouxFalls;True;False;1e-05;12000;1;2;20;50;200;-5;50;0.75;2;50;50;10;10;16;2.7866;1367;1367
14050634;368;g_000;1;1;30;share_stop;0.5;1368;11;19;11-12;;144352.806742;145176.147526;145758.96973499993;145176.14752596413;823.340784;582.8222089999472;-3.585591912269592e-08;eev,integrated,separated,ws;lintim;SiouxFalls;SiouxFalls;True;False;1e-05;12000;1;2;20;50;200;-5;50;0.75;2;50;50;10;10;16;2.7866;1368;1368
14050634;369;g_000;1;1;30;share_stop;0.5;1369;11;20;5-9;;137750.5876400064;138325.6930020029;139245.10858499995;139245.10858499998;575.1053619965096;919.415582997055;919.415582997084;eev,integrated,separated,ws;lintim;SiouxFalls;SiouxFalls;True;False;1e-05;12000;1;2;20;50;200;-5;50;0.75;2;50;50;10;10;16;2.7866;1369;1369
14050634;370;g_000;1;1;30;share_stop;0.5;1370;11;21;15-22;;148364.35243599996;150129.82571399977;152448.13482899996;152068.545059;1765.4732779998158;2318.3091150001856;1938.7193450002237;eev,integrated,separated,ws;lintim;SiouxFalls;SiouxFalls;True;False;1e-05;12000;1;2;20;50;200;-5;50;0.75;2;50;50;10;10;16;2.7866;1370;1370
14050634;371;g_000;1;1;30;share_stop;0.5;1371;11;22;11-14;;174015.736703;176584.91815099856;177068.02225899996;195596.218138;2569.1814479985624;483.1041080013965;19011.299987001432;eev,integrated,separated,ws;lintim;SiouxFalls;SiouxFalls;True;False;1e-05;12000;1;2;20;50;200;-5;50;0.75;2;50;50;10;10;16;2.7866;1371;1371
14050634;372;g_000;1;1;30;share_stop;0.5;1372;11;23;20-21;;136644.633844;136644.633844;136644.63384399994;136644.633844;0.0;-5.820766091346741e-11;0.0;eev,integrated,separated,ws;lintim;SiouxFalls;SiouxFalls;True;False;1e-05;12000;1;2;20;50;200;-5;50;0.75;2;50;50;10;10;16;2.7866;1372;1372
14050634;373;g_000;1;1;30;share_stop;0.5;1373;11;24;4-11;;163807.287564;165855.655346;165883.74610999995;173403.110743;2048.367782000016;28.090763999935007;7547.455396999983;eev,integrated,separated,ws;lintim;SiouxFalls;SiouxFalls;True;False;1e-05;12000;1;2;20;50;200;-5;50;0.75;2;50;50;10;10;16;2.7866;1373;1373
14050634;374;g_000;1;1;30;share_stop;0.5;1374;11;25;14-23;;136644.633844;136644.6338641831;136644.63384399994;136644.63384399997;2.018309896811843e-05;-2.0183157175779343e-05;-2.018312807194889e-05;eev,integrated,separated,ws;lintim;SiouxFalls;SiouxFalls;True;False;1e-05;12000;1;2;20;50;200;-5;50;0.75;2;50;50;10;10;16;2.7866;1374;1374
14050634;375;g_000;1;1;30;share_stop;0.5;1375;11;26;9-10;;162844.935563;164952.231582;165193.06081399997;173754.54160599964;2107.2960190000013;240.82923199996003;8802.310023999627;eev,integrated,separated,ws;lintim;SiouxFalls;SiouxFalls;True;False;1e-05;12000;1;2;20;50;200;-5;50;0.75;2;50;50;10;10;16;2.7866;1375;1375
14050634;376;g_000;1;1;30;share_stop;0.5;1376;11;27;17-19;;164416.178103;165705.89605399998;166521.76431799994;172625.45620899997;1289.7179509999696;815.8682639999606;6919.560154999985;eev,integrated,separated,ws;lintim;SiouxFalls;SiouxFalls;True;False;1e-05;12000;1;2;20;50;200;-5;50;0.75;2;50;50;10;10;16;2.7866;1376;1376
14050634;377;g_000;1;1;30;share_stop;0.5;1377;11;28;1-2;;137485.76616799994;138160.002347;138325.19784899996;138325.197849;674.2361790000577;165.19550199995865;165.19550199998775;eev,integrated,separated,ws;lintim;SiouxFalls;SiouxFalls;True;False;1e-05;12000;1;2;20;50;200;-5;50;0.75;2;50;50;10;10;16;2.7866;1377;1377
14050634;378;g_000;1;1;30;share_stop;0.5;1378;11;29;20-22;;153497.19433600002;156572.91219200005;157426.70293899995;162443.4439799999;3075.717856000032;853.7907469999045;5870.531787999847;eev,integrated,separated,ws;lintim;SiouxFalls;SiouxFalls;True;False;1e-05;12000;1;2;20;50;200;-5;50;0.75;2;50;50;10;10;16;2.7866;1378;1378
14050634;379;g_000;2;1;30;share_stop;0.5;1379;12;0;15-22,20-22;;136644.633844;136644.63384400005;136644.63384399994;136644.633844;5.820766091346741e-11;-1.1641532182693479e-10;-5.820766091346741e-11;eev,integrated,separated,ws;lintim;SiouxFalls;SiouxFalls;True;False;1e-05;12000;1;2;20;50;200;-5;50;0.75;2;50;50;10;10;16;2.7866;1379;1379
14050634;380;g_000;2;1;30;share_stop;0.5;1380;12;1;4-5,5-9;;142178.21360500017;142378.47753300003;143346.05554699997;143346.055547;200.2639279998548;967.5780139999406;967.5780139999696;eev,integrated,separated,ws;lintim;SiouxFalls;SiouxFalls;True;False;1e-05;12000;1;2;20;50;200;-5;50;0.75;2;50;50;10;10;16;2.7866;1380;1380
14050634;381;g_000;2;1;30;share_stop;0.5;1381;12;2;9-10,10-17;;157156.324907;158514.345024;158758.91412299994;168568.20534199965;1358.0201170000073;244.56909899992752;10053.860317999644;eev,integrated,separated,ws;lintim;SiouxFalls;SiouxFalls;True;False;1e-05;12000;1;2;20;50;200;-5;50;0.75;2;50;50;10;10;16;2.7866;1381;1381
14050634;382;g_000;2;1;30;share_stop;0.5;1382;12;3;10-15,14-15;;144025.984091;144800.622018;144800.62201799994;144800.622018;774.6379270000034;-5.820766091346741e-11;0.0;eev,integrated,separated,ws;lintim;SiouxFalls;SiouxFalls;True;False;1e-05;12000;1;2;20;50;200;-5;50;0.75;2;50;50;10;10;16;2.7866;1382;1382
14050634;383;g_000;2;1;30;share_stop;0.5;1383;12;4;3-4,4-5;;155704.17468299996;158849.337109;160799.61331599994;163320.20800400004;3145.1624260000244;1950.276206999959;4470.870895000058;eev,integrated,separated,ws;lintim;SiouxFalls;SiouxFalls;True;False;1e-05;12000;1;2;20;50;200;-5;50;0.75;2;50;50;10;10;16;2.7866;1383;1383
14050634;384;g_000;2;1;30;share_stop;0.5;1384;12;5;5-9,8-9;;137485.76616799994;138160.002347;138325.19784899993;138325.197849;674.2361790000577;165.19550199992955;165.19550199998775;eev,integrated,separated,ws;lintim;SiouxFalls;SiouxFalls;True;False;1e-05;12000;1;2;20;50;200;-5;50;0.75;2;50;50;10;10;16;2.7866;1384;1384
14050634;385;g_000;2;1;30;share_stop;0.5;1385;12;6;3-12,12-13;;155863.428123;157109.01484499997;159247.97648699995;167604.11882899964;1245.5867219999782;2138.96164199998;10495.103983999668;eev,integrated,separated,ws;lintim;SiouxFalls;SiouxFalls;True;False;1e-05;12000;1;2;20;50;200;-5;50;0.75;2;50;50;10;10;16;2.7866;1385;1385
14050634;386;g_000;2;1;30;share_stop;0.5;1386;12;7;6-8,8-16;;144259.38902499998;145153.249903999;145397.63018899993;146452.7598198594;893.8608789990249;244.3802850009233;1299.509915860399;eev,integrated,separated,ws;lintim;SiouxFalls;SiouxFalls;True;False;1e-05;12000;1;2;20;50;200;-5;50;0.75;2;50;50;10;10;16;2.7866;1386;1386
14050634;387;g_000;2;1;30;share_stop;0.5;1387;12;8;9-10,10-11;;151383.172612;153353.0050989576;153774.85602299997;158008.58759399998;1969.832486957603;421.85092404237366;4655.582495042385;eev,integrated,separated,ws;lintim;SiouxFalls;SiouxFalls;True;False;1e-05;12000;1;2;20;50;200;-5;50;0.75;2;50;50;10;10;16;2.7866;1387;1387
14050634;388;g_000;2;1;30;share_stop;0.5;1388;12;9;15-19,17-19;;144025.9840909998;144800.6220180001;144800.62201799994;144800.622018;774.6379270003235;-1.7462298274040222e-10;-1.1641532182693479e-10;eev,integrated,separated,ws;lintim;SiouxFalls;SiouxFalls;True;False;1e-05;12000;1;2;20;50;200;-5;50;0.75;2;50;50;10;10;16;2.7866;1388;1388
14050634;389;g_000;2;1;30;share_stop;0.5;1389;12;10;15-22,22-23;;149688.153646;149885.81772500003;149885.81772499997;159124.61977400002;197.66407900003836;-5.820766091346741e-11;9238.80204899999;eev,integrated,separated,ws;lintim;SiouxFalls;SiouxFalls;True;False;1e-05;12000;1;2;20;50;200;-5;50;0.75;2;50;50;10;10;16;2.7866;1389;1389
14050634;390;g_000;2;1;30;share_stop;0.5;1390;12;11;3-4,4-11;;182060.749691;183988.74708199635;185592.4332339988;201601.02468099995;1927.9973909963448;1603.686152002425;17612.277599003603;eev,integrated,separated,ws;lintim;SiouxFalls;SiouxFalls;True;False;1e-05;12000;1;2;20;50;200;-5;50;0.75;2;50;50;10;10;16;2.7866;1390;1390
14050634;391;g_000;2;1;30;share_stop;0.5;1391;12;12;19-20,20-21;;166538.00730300002;167731.25694324565;168834.43153999996;179453.5643439811;1193.2496402456309;1103.1745967543102;11722.307400735444;eev,integrated,separated,ws;lintim;SiouxFalls;SiouxFalls;True;False;1e-05;12000;1;2;20;50;200;-5;50;0.75;2;50;50;10;10;16;2.7866;1391;1391
14050634;392;g_000;2;1;30;share_stop;0.5;1392;12;13;3-4,3-12;;159933.519587;162774.753456;163457.43221099995;172825.03533999965;2841.233869000018;682.6787549999426;10050.281883999647;eev,integrated,separated,ws;lintim;SiouxFalls;SiouxFalls;True;False;1e-05;12000;1;2;20;50;200;-5;50;0.75;2;50;50;10;10;16;2.7866;1392;1392
14050634;393;g_000;2;1;30;share_stop;0.5;1393;12;14;17-19,19-20;;193875.421248;197842.929622;199060.467125;202673.99444597852;3967.508373999997;1217.5375029999996;4831.064823978551;eev,integrated,separated,ws;lintim;SiouxFalls;SiouxFalls;True;False;1e-05;12000;1;2;20;50;200;-5;50;0.75;2;50;50;10;10;16;2.7866;1393;1393
14050634;394;g_000;2;1;30;share_stop;0.5;1394;12;15;4-11,10-11;;179439.22648399998;182574.3480959997;183407.162262;189907.809857;3135.121611999726;832.8141660002584;7333.461761000275;eev,integrated,separated,ws;lintim;SiouxFalls;SiouxFalls;True;False;1e-05;12000;1;2;20;50;200;-5;50;0.75;2;50;50;10;10;16;2.7866;1394;1394
14050634;395;g_000;2;1;30;share_stop;0.5;1395;12;16;7-18,18-20;;137750.58763999998;138325.693002;139245.10858499998;139245.108585;575.1053620000312;919.4155829999654;919.4155829999944;eev,integrated,separated,ws;lintim;SiouxFalls;SiouxFalls;True;False;1e-05;12000;1;2;20;50;200;-5;50;0.75;2;50;50;10;10;16;2.7866;1395;1395
14050634;396;g_000;2;1;30;share_stop;0.5;1396;12;17;14-23,23-24;;144447.72375399998;145779.901024;146073.23189399997;146452.7598198593;1332.1772700000147;293.33086999997613;672.858795859298;eev,integrated,separated,ws;lintim;SiouxFalls;SiouxFalls;True;False;1e-05;12000;1;2;20;50;200;-5;50;0.75;2;50;50;10;10;16;2.7866;1396;1396
14050634;397;g_000;2;1;30;share_stop;0.5;1397;12;18;8-16,16-18;;150411.71167600004;152993.716432;155448.84865999213;155046.502743;2582.004755999951;2455.132227992144;2052.7863110000035;eev,integrated,separated,ws;lintim;SiouxFalls;SiouxFalls;True;False;1e-05;12000;1;2;20;50;200;-5;50;0.75;2;50;50;10;10;16;2.7866;1397;1397
14050634;398;g_000;2;1;30;share_stop;0.5;1398;12;19;8-9,9-10;;143650.5543829999;145403.74362999885;146057.26989599995;146057.26989599998;1753.1892469989543;653.5262660011067;653.5262660011358;eev,integrated,separated,ws;lintim;SiouxFalls;SiouxFalls;True;False;1e-05;12000;1;2;20;50;200;-5;50;0.75;2;50;50;10;10;16;2.7866;1398;1398
14050634;399;g_000;2;1;30;share_stop;0.5;1399;12;20;9-10,10-16;;158330.67064000003;160556.85174198824;161356.75584999996;171479.79783099965;2226.1811019882152;799.9041080117167;10922.946089011411;eev,integrated,separated,ws;lintim;SiouxFalls;SiouxFalls;True;False;1e-05;12000;1;2;20;50;200;-5;50;0.75;2;50;50;10;10;16;2.7866;1399;1399
14050634;400;g_000;2;1;30;share_stop;0.5;1400;12;21;18-20,20-22;;144447.72375399998;145779.901024;146073.23189399997;146452.7598198593;1332.1772700000147;293.33086999997613;672.858795859298;eev,integrated,separated,ws;lintim;SiouxFalls;SiouxFalls;True;False;1e-05;12000;1;2;20;50;200;-5;50;0.75;2;50;50;10;10;16;2.7866;1400;1400
14050634;401;g_000;2;1;30;share_stop;0.5;1401;12;22;14-15,14-23;;144025.984091;144800.622018;144800.62201799994;144800.622018;774.6379270000034;-5.820766091346741e-11;0.0;eev,integrated,separated,ws;lintim;SiouxFalls;SiouxFalls;True;False;1e-05;12000;1;2;20;50;200;-5;50;0.75;2;50;50;10;10;16;2.7866;1401;1401
14050634;402;g_000;2;1;30;share_stop;0.5;1402;12;23;10-16,16-17;;136644.633844;136644.63384399997;136644.63384399962;136644.63384399965;-2.9103830456733704e-11;-3.4924596548080444e-10;-3.2014213502407074e-10;eev,integrated,separated,ws;lintim;SiouxFalls;SiouxFalls;True;False;1e-05;12000;1;2;20;50;200;-5;50;0.75;2;50;50;10;10;16;2.7866;1402;1402
14050634;403;g_000;2;1;30;share_stop;0.5;1403;12;24;9-10,10-15;;165976.56876499997;167532.614655;167532.61465499995;174864.5046670001;1556.0458900000376;-5.820766091346741e-11;7331.890012000076;eev,integrated,separated,ws;lintim;SiouxFalls;SiouxFalls;True;False;1e-05;12000;1;2;20;50;200;-5;50;0.75;2;50;50;10;10;16;2.7866;1403;1403
14050634;404;g_000;2;1;30;share_stop;0.5;1404;12;25;14-23,22-23;;163425.28624;167572.894244;168478.0027929821;171572.20062199995;4147.608004000009;905.108548982098;3999.30637799995;eev,integrated,separated,ws;lintim;SiouxFalls;SiouxFalls;True;False;1e-05;12000;1;2;20;50;200;-5;50;0.75;2;50;50;10;10;16;2.7866;1404;1404
14050634;405;g_000;2;1;30;share_stop;0.5;1405;12;26;21-22,21-24;;187191.544964;189315.3639139956;190671.02046;208447.647607;2123.8189499955624;1355.656546004437;19132.2836930044;eev,integrated,separated,ws;lintim;SiouxFalls;SiouxFalls;True;False;1e-05;12000;1;2;20;50;200;-5;50;0.75;2;50;50;10;10;16;2.7866;1405;1405
14050634;406;g_000;2;1;30;share_stop;0.5;1406;12;27;1-3,3-4;;160825.387765;161693.18097099982;165207.9848749999;175360.066659;867.7932059998275;3514.803904000088;13666.885688000184;eev,integrated,separated,ws;lintim;SiouxFalls;SiouxFalls;True;False;1e-05;12000;1;2;20;50;200;-5;50;0.75;2;50;50;10;10;16;2.7866;1406;1406
14050634;407;g_000;2;1;30;share_stop;0.5;1407;12;28;12-13,13-24;;182060.749691;183988.74708199635;185592.4332339988;201601.02468099995;1927.9973909963448;1603.686152002425;17612.277599003603;eev,integrated,separated,ws;lintim;SiouxFalls;SiouxFalls;True;False;1e-05;12000;1;2;20;50;200;-5;50;0.75;2;50;50;10;10;16;2.7866;1407;1407
14050634;408;g_000;2;1;30;share_stop;0.5;1408;12;29;21-24,23-24;;152810.94243500018;154482.358968;154965.46307598648;160089.75890699998;1671.4165329998068;483.10410798649536;5607.399938999995;eev,integrated,separated,ws;lintim;SiouxFalls;SiouxFalls;True;False;1e-05;12000;1;2;20;50;200;-5;50;0.75;2;50;50;10;10;16;2.7866;1408;1408
14050634;409;g_000;3;1;30;share_stop;0.5;1409;13;0;10-15,14-15,15-19;;163425.28624;167572.894244;168478.0027929821;171572.20062199995;4147.608004000009;905.108548982098;3999.30637799995;eev,integrated,separated,ws;lintim;SiouxFalls;SiouxFalls;True;False;1e-05;12000;1;2;20;50;200;-5;50;0.75;2;50;50;10;10;16;2.7866;1409;1409
14050634;410;g_000;3;1;30;share_stop;0.5;1410;13;1;14-15,15-19,15-22;;165541.66492701095;166908.1820249998;168366.12101099995;175399.07097900004;1366.5170979888644;1457.9389860001393;8490.888954000227;eev,integrated,separated,ws;lintim;SiouxFalls;SiouxFalls;True;False;1e-05;12000;1;2;20;50;200;-5;50;0.75;2;50;50;10;10;16;2.7866;1410;1410
14050634;411;g_000;3;1;30;share_stop;0.5;1411;13;2;6-8,7-8,8-9;;145388.71074002262;145904.02083499997;146993.56403899996;147590.32693299995;515.3100949773507;1089.5432039999869;1686.3060979999718;eev,integrated,separated,ws;lintim;SiouxFalls;SiouxFalls;True;False;1e-05;12000;1;2;20;50;200;-5;50;0.75;2;50;50;10;10;16;2.7866;1411;1411
14050634;412;g_000;3;1;30;share_stop;0.5;1412;13;3;10-15,14-15,15-22;;164352.01052500002;167109.72616199998;168952.97378799994;174573.72379095847;2757.715636999957;1843.247625999968;7463.997628958488;eev,integrated,separated,ws;lintim;SiouxFalls;SiouxFalls;True;False;1e-05;12000;1;2;20;50;200;-5;50;0.75;2;50;50;10;10;16;2.7866;1412;1412
14050634;413;g_000;3;1;30;share_stop;0.5;1413;13;4;18-20,19-20,20-21;;136644.633844;136644.633844;136644.63384399982;136644.63384399985;0.0;-1.7462298274040222e-10;-1.4551915228366852e-10;eev,integrated,separated,ws;lintim;SiouxFalls;SiouxFalls;True;False;1e-05;12000;1;2;20;50;200;-5;50;0.75;2;50;50;10;10;16;2.7866;1413;1413
14050634;414;g_000;3;1;30;share_stop;0.5;1414;13;5;9-10,10-15,10-16;;151819.32942198738;153534.77918598443;153939.59697899997;153939.596979;1715.4497639970505;404.81779301553615;404.81779301556526;eev,integrated,separated,ws;lintim;SiouxFalls;SiouxFalls;True;False;1e-05;12000;1;2;20;50;200;-5;50;0.75;2;50;50;10;10;16;2.7866;1414;1414
14050634;415;g_000;3;1;30;share_stop;0.5;1415;13;6;4-11,10-11,11-12;;167236.67988500002;167761.291065;167821.19517299996;175961.75846500002;524.611179999978;59.9041079999588;8200.467400000023;eev,integrated,separated,ws;lintim;SiouxFalls;SiouxFalls;True;False;1e-05;12000;1;2;20;50;200;-5;50;0.75;2;50;50;10;10;16;2.7866;1415;1415
14050634;416;g_000;3;1;30;share_stop;0.5;1416;13;7;6-8,8-9,8-16;;166738.41361699998;169472.088741;170267.68345899996;177968.50795399965;2733.6751240000303;795.5947179999494;8496.419212999637;eev,integrated,separated,ws;lintim;SiouxFalls;SiouxFalls;True;False;1e-05;12000;1;2;20;50;200;-5;50;0.75;2;50;50;10;10;16;2.7866;1416;1416
14050634;417;g_000;3;1;30;share_stop;0.5;1417;13;8;18-20,20-21,20-22;;160556.472494;163037.97120599996;163873.73399799995;169572.88014299996;2481.4987119999714;835.7627919999941;6534.908937;eev,integrated,separated,ws;lintim;SiouxFalls;SiouxFalls;True;False;1e-05;12000;1;2;20;50;200;-5;50;0.75;2;50;50;10;10;16;2.7866;1417;1417
14050634;418;g_000;3;1;30;share_stop;0.5;1418;13;9;8-16,16-17,16-18;;142876.121305;143902.7208779997;145979.24271399993;145979.242714;1026.599572999694;2076.5218360002327;2076.521836000291;eev,integrated,separated,ws;lintim;SiouxFalls;SiouxFalls;True;False;1e-05;12000;1;2;20;50;200;-5;50;0.75;2;50;50;10;10;16;2.7866;1418;1418
14050634;419;g_000;3;1;30;share_stop;0.5;1419;13;10;9-10,10-16,10-17;;176900.9949488963;178843.33893399854;179078.09361899993;194895.145375;1942.343985102256;234.7546850013896;16051.806441001449;eev,integrated,separated,ws;lintim;SiouxFalls;SiouxFalls;True;False;1e-05;12000;1;2;20;50;200;-5;50;0.75;2;50;50;10;10;16;2.7866;1419;1419
14050634;420;g_000;3;1;30;share_stop;0.5;1420;13;11;6-8,7-8,8-16;;154654.33731599996;156065.35254399996;156339.68719799997;164756.00188399968;1411.0152280000038;274.3346540000057;8690.649339999713;eev,integrated,separated,ws;lintim;SiouxFalls;SiouxFalls;True;False;1e-05;12000;1;2;20;50;200;-5;50;0.75;2;50;50;10;10;16;2.7866;1420;1420
14050634;421;g_000;3;1;30;share_stop;0.5;1421;13;12;9-10,10-11,10-15;;142178.21360500017;142378.47753300003;143346.05554699997;143346.055547;200.2639279998548;967.5780139999406;967.5780139999696;eev,integrated,separated,ws;lintim;SiouxFalls;SiouxFalls;True;False;1e-05;12000;1;2;20;50;200;-5;50;0.75;2;50;50;10;10;16;2.7866;1421;1421
14050634;422;g_000;3;1;30;share_stop;0.5;1422;13;13;10-11,10-16,10-17;;136644.633844;136644.63384400005;136644.63384399994;136644.633844;5.820766091346741e-11;-1.1641532182693479e-10;-5.820766091346741e-11;eev,integrated,separated,ws;lintim;SiouxFalls;SiouxFalls;True;False;1e-05;12000;1;2;20;50;200;-5;50;0.75;2;50;50;10;10;16;2.7866;1422;1422
14050634;423;g_000;3;1;30;share_stop;0.5;1423;13;14;8-16,10-16,16-17;;136644.633844;136644.633844;136644.63384399994;136644.633844;0.0;-5.820766091346741e-11;0.0;eev,integrated,separated,ws;lintim;SiouxFalls;SiouxFalls;True;False;1e-05;12000;1;2;20;50;200;-5;50;0.75;2;50;50;10;10;16;2.7866;1423;1423
14050634;424;g_000;3;1;30;share_stop;0.5;1424;13;15;9-10,10-11,10-17;;164416.178103;165705.89605399998;166521.76431799994;172625.45620899997;1289.7179509999696;815.8682639999606;6919.560154999985;eev,integrated,separated,ws;lintim;SiouxFalls;SiouxFalls;True;False;1e-05;12000;1;2;20;50;200;-5;50;0.75;2;50;50;10;10;16;2.7866;1424;1424
14050634;425;g_000;3;1;30;share_stop;0.5;1425;13;16;14-23,22-23,23-24;;163807.287564;165855.655346;165883.74610999995;173403.110743;2048.367782000016;28.090763999935007;7547.455396999983;eev,integrated,separated,ws;lintim;SiouxFalls;SiouxFalls;True;False;1e-05;12000;1;2;20;50;200;-5;50;0.75;2;50;50;10;10;16;2.7866;1425;1425
14050634;426;g_000;3;1;30;share_stop;0.5;1426;13;17;7-18,16-18,18-20;;140669.54515199998;140995.16588;140995.16587999996;140995.16557711584;325.62072800000897;-2.9103830456733704e-11;-0.0003028841456398;eev,integrated,separated,ws;lintim;SiouxFalls;SiouxFalls;True;False;1e-05;12000;1;2;20;50;200;-5;50;0.75;2;50;50;10;10;16;2.7866;1426;1426
14050634;427;g_000;3;1;30;share_stop;0.5;1427;13;18;3-4,4-5,4-11;;162844.935563;164952.231582;165193.06081399997;173754.54160599964;2107.2960190000013;240.82923199996003;8802.310023999627;eev,integrated,separated,ws;lintim;SiouxFalls;SiouxFalls;True;False;1e-05;12000;1;2;20;50;200;-5;50;0.75;2;50;50;10;10;16;2.7866;1427;1427
14050634;428;g_000;3;1;30;share_stop;0.5;1428;13;19;15-19,17-19,19-20;;136644.633844;136644.633844;136644.63384399994;136644.633844;0.0;-5.820766091346741e-11;0.0;eev,integrated,separated,ws;lintim;SiouxFalls;SiouxFalls;True;False;1e-05;12000;1;2;20;50;200;-5;50;0.75;2;50;50;10;10;16;2.7866;1428;1428
14050634;429;g_000;3;1;30;share_stop;0.5;1429;13;20;10-16,16-17,16-18;;137750.58763999998;138202.34519400058;139245.10858498933;139245.1085849894;451.7575540005928;1042.7633909887518;1042.76339098881;eev,integrated,separated,ws;lintim;SiouxFalls;SiouxFalls;True;False;1e-05;12000;1;2;20;50;200;-5;50;0.75;2;50;50;10;10;16;2.7866;1429;1429
14050634;430;g_000;3;1;30;share_stop;0.5;1430;13;21;15-22,20-22,22-23;;145629.903542;146726.555011;147656.23848199996;147656.2381791158;1096.651469000004;929.6834709999677;929.683168115822;eev,integrated,separated,ws;lintim;SiouxFalls;SiouxFalls;True;False;1e-05;12000;1;2;20;50;200;-5;50;0.75;2;50;50;10;10;16;2.7866;1430;1430
14050634;431;g_000;3;1;30;share_stop;0.5;1431;13;22;8-16,10-16,16-18;;140324.88462799945;140445.07330699998;140445.07330699996;140445.07300411584;120.18867900053738;-2.9103830456733704e-11;-0.0003028841456398;eev,integrated,separated,ws;lintim;SiouxFalls;SiouxFalls;True;False;1e-05;12000;1;2;20;50;200;-5;50;0.75;2;50;50;10;10;16;2.7866;1431;1431
14050634;432;g_000;3;1;30;share_stop;0.5;1432;13;23;1-3,3-4,3-12;;136644.633844;136644.633844;136644.63384399924;136644.63384399927;0.0;-7.566995918750762e-10;-7.275957614183425e-10;eev,integrated,separated,ws;lintim;SiouxFalls;SiouxFalls;True;False;1e-05;12000;1;2;20;50;200;-5;50;0.75;2;50;50;10;10;16;2.7866;1432;1432
14050634;433;g_000;3;1;30;share_stop;0.5;1433;13;24;5-9,8-9,9-10;;156104.901396;158244.95386700248;159990.38133799995;164904.55588099995;2140.0524710024765;1745.427470997471;6659.602013997472;eev,integrated,separated,ws;lintim;SiouxFalls;SiouxFalls;True;False;1e-05;12000;1;2;20;50;200;-5;50;0.75;2;50;50;10;10;16;2.7866;1433;1433
14050634;434;g_000;3;1;30;share_stop;0.5;1434;13;25;19-20,20-21,20-22;;137485.76616799994;138160.002347;138325.19784899996;138325.197849;674.2361790000577;165.19550199995865;165.19550199998775;eev,integrated,separated,ws;lintim;SiouxFalls;SiouxFalls;True;False;1e-05;12000;1;2;20;50;200;-5;50;0.75;2;50;50;10;10;16;2.7866;1434;1434
14050634;435;g_000;3;1;30;share_stop;0.5;1435;13;26;18-20,19-20,20-22;;174015.736703;176584.91815099856;177068.02225899996;195596.218138;2569.1814479985624;483.1041080013965;19011.299987001432;eev,integrated,separated,ws;lintim;SiouxFalls;SiouxFalls;True;False;1e-05;12000;1;2;20;50;200;-5;50;0.75;2;50;50;10;10;16;2.7866;1435;1435
14050634;436;g_000;3;1;30;share_stop;0.5;1436;13;27;10-11,10-15,10-16;;148364.35243599996;150129.82571399977;152448.13482899996;152068.545059;1765.4732779998158;2318.3091150001856;1938.7193450002237;eev,integrated,separated,ws;lintim;SiouxFalls;SiouxFalls;True;False;1e-05;12000;1;2;20;50;200;-5;50;0.75;2;50;50;10;10;16;2.7866;1436;1436
14050634;437;g_000;3;1;30;share_stop;0.5;1437;13;28;10-15,15-19,15-22;;155863.428123;157109.01484499997;159247.97648699995;167604.11882899964;1245.5867219999782;2138.96164199998;10495.103983999668;eev,integrated,separated,ws;lintim;SiouxFalls;SiouxFalls;True;False;1e-05;12000;1;2;20;50;200;-5;50;0.75;2;50;50;10;10;16;2.7866;1437;1437
14050634;438;g_000;3;1;30;share_stop;0.5;1438;13;29;15-22,21-22,22-23;;136644.633844;136644.6338641831;136644.63384399994;136644.63384399997;2.018309896811843e-05;-2.0183157175779343e-05;-2.018312807194889e-05;eev,integrated,separated,ws;lintim;SiouxFalls;SiouxFalls;True;False;1e-05;12000;1;2;20;50;200;-5;50;0.75;2;50;50;10;10;16;2.7866;1438;1438
14050634;439;g_000;1;1;30;random;0.5;1439;14;0;4-5;;137485.76616799994;138160.002347;138325.19784899993;138325.197849;674.2361790000577;165.19550199992955;165.19550199998775;eev,integrated,separated,ws;lintim;SiouxFalls;SiouxFalls;True;False;1e-05;12000;1;2;20;50;200;-5;50;0.75;2;50;50;10;10;16;2.7866;1439;1439
14050634;440;g_000;1;1;30;random;0.5;1440;14;1;14-15;;155704.17468299996;158849.337109;160799.61331599994;163320.20800400004;3145.1624260000244;1950.276206999959;4470.870895000058;eev,integrated,separated,ws;lintim;SiouxFalls;SiouxFalls;True;False;1e-05;12000;1;2;20;50;200;-5;50;0.75;2;50;50;10;10;16;2.7866;1440;1440
14050634;441;g_000;1;1;30;random;0.5;1441;14;2;23-24;;136644.633844;136644.63384400005;136644.63384399936;136644.6338439994;5.820766091346741e-11;-6.984919309616089e-10;-6.402842700481415e-10;eev,integrated,separated,ws;lintim;SiouxFalls;SiouxFalls;True;False;1e-05;12000;1;2;20;50;200;-5;50;0.75;2;50;50;10;10;16;2.7866;1441;1441
14050634;442;g_000;1;1;30;random;0.5;1442;14;3;22-23;;144025.984091;144800.622018;144800.62201799994;144800.622018;774.6379270000034;-5.820766091346741e-11;0.0;eev,integrated,separated,ws;lintim;SiouxFalls;SiouxFalls;True;False;1e-05;12000;1;2;20;50;200;-5;50;0.75;2;50;50;10;10;16;2.7866;1442;1442
14050634;443;g_000;1;1;30;random;0.5;1443;14;4;10-15;;146262.16537;148829.19410400002;152163.91480499014;149169.77466342755;2567.0287340000214;3334.7207009901176;340.5805594275298;eev,integrated,separated,ws;lintim;SiouxFalls;SiouxFalls;True;False;1e-05;12000;1;2;20;50;200;-5;50;0.75;2;50;50;10;10;16;2.7866;1443;1443
14050634;444;g_000;1;1;30;random;0.5;1444;14;5;10-17;;149688.153646;149885.81772500003;149885.81772499997;159124.61977400002;197.66407900003836;-5.820766091346741e-11;9238.80204899999;eev,integrated,separated,ws;lintim;SiouxFalls;SiouxFalls;True;False;1e-05;12000;1;2;20;50;200;-5;50;0.75;2;50;50;10;10;16;2.7866;1444;1444
14050634;445;g_000;1;1;30;random;0.5;1445;14;6;15-19;;136644.63384399892;136644.633844;136644.63384399994;136644.633844;1.076841726899147e-09;-5.820766091346741e-11;0.0;eev,integrated,separated,ws;lintim;SiouxFalls;SiouxFalls;True;False;1e-05;12000;1;2;20;50;200;-5;50;0.75;2;50;50;10;10;16;2.7866;1445;1445
14050634;446;g_000;1;1;30;random;0.5;1446;14;7;3-12;;144352.806742;145176.147526;145758.96973499993;145176.14752596413;823.340784;582.8222089999472;-3.585591912269592e-08;eev,integrated,separated,ws;lintim;SiouxFalls;SiouxFalls;True;False;1e-05;12000;1;2;20;50;200;-5;50;0.75;2;50;50;10;10;16;2.7866;1446;1446
14050634;447;g_000;1;1;30;random;0.5;1447;14;8;20-22;;149382.2940340091;150241.78987199668;151399.88678799997;157515.63158899988;859.4958379875752;1158.0969160032982;7273.841717003204;eev,integrated,separated,ws;lintim;SiouxFalls;SiouxFalls;True;False;1e-05;12000;1;2;20;50;200;-5;50;0.75;2;50;50;10;10;16;2.7866;1447;1447
14050634;448;g_000;1;1;30;random;0.5;1448;14;9;8-16;;137750.5876400064;138325.6930020029;139245.10858499995;139245.10858499998;575.1053619965096;919.415582997055;919.415582997084;eev,integrated,separated,ws;lintim;SiouxFalls;SiouxFalls;True;False;1e-05;12000;1;2;20;50;200;-5;50;0.75;2;50;50;10;10;16;2.7866;1448;1448
14050634;449;g_000;1;1;30;random;0.5;1449;14;10;14-23;;157156.324907;158514.345024;158758.91412299994;168568.20534199965;1358.0201170000073;244.56909899992752;10053.860317999644;eev,integrated,separated,ws;lintim;SiouxFalls;SiouxFalls;True;False;1e-05;12000;1;2;20;50;200;-5;50;0.75;2;50;50;10;10;16;2.7866;1449;1449
14050634;450;g_000;1;1;30;random;0.5;1450;14;11;15-22;;167236.67988500002;167761.291065;167821.19517299996;175961.75846500002;524.611179999978;59.9041079999588;8200.467400000023;eev,integrated,separated,ws;lintim;SiouxFalls;SiouxFalls;True;False;1e-05;12000;1;2;20;50;200;-5;50;0.75;2;50;50;10;10;16;2.7866;1450;1450
14050634;451;g_000;1;1;30;random;0.5;1451;14;12;16-18;;165976.56876499997;167532.614655;167532.61465499995;174864.5046670001;1556.0458900000376;-5.820766091346741e-11;7331.890012000076;eev,integrated,separated,ws;lintim;SiouxFalls;SiouxFalls;True;False;1e-05;12000;1;2;20;50;200;-5;50;0.75;2;50;50;10;10;16;2.7866;1451;1451
14050634;452;g_000;1;1;30;random;0.5;1452;14;13;1-3;;146006.76895899998;147157.23086799955;147157.23086799996;147157.2305651158;1150.4619089995683;4.074536263942719e-10;-0.0003028837381862;eev,integrated,separated,ws;lintim;SiouxFalls;SiouxFalls;True;False;1e-05;12000;1;2;20;50;200;-5;50;0.75;2;50;50;10;10;16;2.7866;1452;1452
14050634;453;g_000;1;1;30;random;0.5;1453;14;14;10-11;;158330.67064000003;160556.85174198824;161356.75584999996;171479.79783099965;2226.1811019882152;799.9041080117167;10922.946089011411;eev,integrated,separated,ws;lintim;SiouxFalls;SiouxFalls;True;False;1e-05;12000;1;2;20;50;200;-5;50;0.75;2;50;50;10;10;16;2.7866;1453;1453
14050634;454;g_000;1;1;30;random;0.5;1454;14;15;5-9;;146356.153542;147452.805011;148342.52294399988;148342.52264111576;1096.651469000004;889.7179329998908;889.7176301157742;eev,integrated,separated,ws;lintim;SiouxFalls;SiouxFalls;True;False;1e-05;12000;1;2;20;50;200;-5;50;0.75;2;50;50;10;10;16;2.7866;1454;1454
14050634;455;g_000;1;1;30;random;0.5;1455;14;16;2-6;;188548.8247409957;190289.721375;191265.500145;206714.262115;1740.8966340042823;975.7787699999752;16424.540739999997;eev,integrated,separated,ws;lintim;SiouxFalls;SiouxFalls;True;False;1e-05;12000;1;2;20;50;200;-5;50;0.75;2;50;50;10;10;16;2.7866;1455;1455
14050634;456;g_000;1;1;30;random;0.5;1456;14;17;4-11;;159933.519587;162774.753456;163457.43221099995;172825.03533999965;2841.233869000018;682.6787549999426;10050.281883999647;eev,integrated,separated,ws;lintim;SiouxFalls;SiouxFalls;True;False;1e-05;12000;1;2;20;50;200;-5;50;0.75;2;50;50;10;10;16;2.7866;1456;1456
14050634;457;g_000;1;1;30;random;0.5;1457;14;18;19-20;;144447.72375399998;145779.901024;146073.23189399997;146452.7598198593;1332.1772700000147;293.33086999997613;672.858795859298;eev,integrated,separated,ws;lintim;SiouxFalls;SiouxFalls;True;False;1e-05;12000;1;2;20;50;200;-5;50;0.75;2;50;50;10;10;16;2.7866;1457;1457
14050634;458;g_000;1;1;30;random;0.5;1458;14;19;7-18;;137750.58763999998;138325.693002;139245.10858499998;139245.108585;575.1053620000312;919.4155829999654;919.4155829999944;eev,integrated,separated,ws;lintim;SiouxFalls;SiouxFalls;True;False;1e-05;12000;1;2;20;50;200;-5;50;0.75;2;50;50;10;10;16;2.7866;1458;1458
14050634;459;g_000;1;1;30;random;0.5;1459;14;20;1-2;;136644.633844;136644.633844;136644.63384399982;136644.63384399985;0.0;-1.7462298274040222e-10;-1.4551915228366852e-10;eev,integrated,separated,ws;lintim;SiouxFalls;SiouxFalls;True;False;1e-05;12000;1;2;20;50;200;-5;50;0.75;2;50;50;10;10;16;2.7866;1459;1459
14050634;460;g_000;1;1;30;random;0.5;1460;14;21;21-24;;144447.72375399998;145779.901024;146073.23189399997;146452.7598198593;1332.1772700000147;293.33086999997613;672.858795859298;eev,integrated,separated,ws;lintim;SiouxFalls;SiouxFalls;True;False;1e-05;12000;1;2;20;50;200;-5;50;0.75;2;50;50;10;10;16;2.7866;1460;1460
14050634;461;g_000;1;1;30;random;0.5;1461;14;22;17-19;;145388.71074002262;145904.02083499997;146993.56403899996;146389.79173099488;515.3100949773507;1089.5432039999869;485.77089599490864;eev,integrated,separated,ws;lintim;SiouxFalls;SiouxFalls;True;False;1e-05;12000;1;2;20;50;200;-5;50;0.75;2;50;50;10;10;16;2.7866;1461;1461
14050634;462;g_000;1;1;30;random;0.5;1462;14;23;3-4;;150411.71167600004;152993.716432;155448.84865999213;155046.502743;2582.004755999951;2455.132227992144;2052.7863110000035;eev,integrated,separated,ws;lintim;SiouxFalls;SiouxFalls;True;False;1e-05;12000;1;2;20;50;200;-5;50;0.75;2;50;50;10;10;16;2.7866;1462;1462
14050634;463;g_000;1;1;30;random;0.5;1463;14;24;11-12;;166538.00730300002;167731.25694324565;168834.43153999996;179453.5643439811;1193.2496402456309;1103.1745967543102;11722.307400735444;eev,integrated,separated,ws;lintim;SiouxFalls;SiouxFalls;True;False;1e-05;12000;1;2;20;50;200;-5;50;0.75;2;50;50;10;10;16;2.7866;1463;1463
14050634;464;g_000;1;1;30;random;0.5;1464;14;25;20-21;;137485.766168;138160.002347;138325.19784899993;138325.197849;674.2361789999995;165.19550199992955;165.19550199998775;eev,integrated,separated,ws;lintim;SiouxFalls;SiouxFalls;True;False;1e-05;12000;1;2;20;50;200;-5;50;0.75;2;50;50;10;10;16;2.7866;1464;1464
14050634;465;g_000;1;1;30;random;0.5;1465;14;26;16-17;;193875.421248;197842.929622;199060.467125;202673.99444597852;3967.508373999997;1217.5375029999996;4831.064823978551;eev,integrated,separated,ws;lintim;SiouxFalls;SiouxFalls;True;False;1e-05;12000;1;2;20;50;200;-5;50;0.75;2;50;50;10;10;16;2.7866;1465;1465
14050634;466;g_000;1;1;30;random;0.5;1466;14;27;12-13;;176900.9949619997;178843.338934;179078.09361899993;194895.145375;1942.3439720002932;234.7546849999344;16051.806440999992;eev,integrated,separated,ws;lintim;SiouxFalls;SiouxFalls;True;False;1e-05;12000;1;2;20;50;200;-5;50;0.75;2;50;50;10;10;16;2.7866;1466;1466
14050634;467;g_000;1;1;30;random;0.5;1467;14;28;9-10;;187191.544964;189315.3639139956;190671.02046;208447.647607;2123.8189499955624;1355.656546004437;19132.2836930044;eev,integrated,separated,ws;lintim;SiouxFalls;SiouxFalls;True;False;1e-05;12000;1;2;20;50;200;-5;50;0.75;2;50;50;10;10;16;2.7866;1467;1467
14050634;468;g_000;1;1;30;random;0.5;1468;14;29;6-8;;163425.28624;167572.894244;168478.0027929821;171572.20062199995;4147.608004000009;905.108548982098;3999.30637799995;eev,integrated,separated,ws;lintim;SiouxFalls;SiouxFalls;True;False;1e-05;12000;1;2;20;50;200;-5;50;0.75;2;50;50;10;10;16;2.7866;1468;1468
14050634;469;g_000;2;1;30;random;0.5;1469;15;0;4-5,10-11;;143650.5543829999;145403.74362999885;146057.26989599995;146057.26989599998;1753.1892469989543;653.5262660011067;653.5262660011358;eev,integrated,separated,ws;lintim;SiouxFalls;SiouxFalls;True;False;1e-05;12000;1;2;20;50;200;-5;50;0.75;2;50;50;10;10;16;2.7866;1469;1469
14050634;470;g_000;2;1;30;random;0.5;1470;15;1;1-2,20-22;;137750.58763999987;138325.693002;139245.10858499998;139245.108585;575.1053620001476;919.4155829999654;919.4155829999944;eev,integrated,separated,ws;lintim;SiouxFalls;SiouxFalls;True;False;1e-05;12000;1;2;20;50;200;-5;50;0.75;2;50;50;10;10;16;2.7866;1470;1470
14050634;471;g_000;2;1;30;random;0.5;1471;15;2;10-16,11-14;;152471.169438;154184.8044319881;154866.37285999994;159450.25583099996;1713.6349939880893;681.5684280118439;5265.451399011858;eev,integrated,separated,ws;lintim;SiouxFalls;SiouxFalls;True;False;1e-05;12000;1;2;20;50;200;-5;50;0.75;2;50;50;10;10;16;2.7866;1471;1471
14050634;472;g_000;2;1;30;random;0.5;1472;15;3;10-17,15-19;;144025.984091;144800.622018;144800.62201799994;144800.622018;774.6379270000034;-5.820766091346741e-11;0.0;eev,integrated,separated,ws;lintim;SiouxFalls;SiouxFalls;True;False;1e-05;12000;1;2;20;50;200;-5;50;0.75;2;50;50;10;10;16;2.7866;1472;1472
14050634;473;g_000;2;1;30;random;0.5;1473;15;4;18-20,22-23;;145388.71074002262;145904.02083499997;146993.56403899996;147590.32693299995;515.3100949773507;1089.5432039999869;1686.3060979999718;eev,integrated,separated,ws;lintim;SiouxFalls;SiouxFalls;True;False;1e-05;12000;1;2;20;50;200;-5;50;0.75;2;50;50;10;10;16;2.7866;1473;1473
14050634;474;g_000;2;1;30;random;0.5;1474;15;5;10-11,12-13;;160825.387765;161693.18097099982;165207.9848749999;175360.066659;867.7932059998275;3514.803904000088;13666.885688000184;eev,integrated,separated,ws;lintim;SiouxFalls;SiouxFalls;True;False;1e-05;12000;1;2;20;50;200;-5;50;0.75;2;50;50;10;10;16;2.7866;1474;1474
14050634;475;g_000;2;1;30;random;0.5;1475;15;6;2-6,19-20;;160556.472494;163037.97120599996;163873.73399799995;169572.88014299996;2481.4987119999714;835.7627919999941;6534.908937;eev,integrated,separated,ws;lintim;SiouxFalls;SiouxFalls;True;False;1e-05;12000;1;2;20;50;200;-5;50;0.75;2;50;50;10;10;16;2.7866;1475;1475
14050634;476;g_000;2;1;30;random;0.5;1476;15;7;1-2,11-14;;166738.41361699998;169472.088741;170267.68345899996;177968.50795399965;2733.6751240000303;795.5947179999494;8496.419212999637;eev,integrated,separated,ws;lintim;SiouxFalls;SiouxFalls;True;False;1e-05;12000;1;2;20;50;200;-5;50;0.75;2;50;50;10;10;16;2.7866;1476;1476
14050634;477;g_000;2;1;30;random;0.5;1477;15;8;13-24,18-20;;164352.01052500002;167109.72616199998;168952.97378799994;174573.72379095847;2757.715636999957;1843.247625999968;7463.997628958488;eev,integrated,separated,ws;lintim;SiouxFalls;SiouxFalls;True;False;1e-05;12000;1;2;20;50;200;-5;50;0.75;2;50;50;10;10;16;2.7866;1477;1477
14050634;478;g_000;2;1;30;random;0.5;1478;15;9;7-8,10-11;;142876.121305;143902.7208779997;145979.24271399993;145979.242714;1026.599572999694;2076.5218360002327;2076.521836000291;eev,integrated,separated,ws;lintim;SiouxFalls;SiouxFalls;True;False;1e-05;12000;1;2;20;50;200;-5;50;0.75;2;50;50;10;10;16;2.7866;1478;1478
14050634;479;g_000;2;1;30;random;0.5;1479;15;10;3-4,3-12;;163425.28624;167572.894244;168478.0027929821;171572.20062199995;4147.608004000009;905.108548982098;3999.30637799995;eev,integrated,separated,ws;lintim;SiouxFalls;SiouxFalls;True;False;1e-05;12000;1;2;20;50;200;-5;50;0.75;2;50;50;10;10;16;2.7866;1479;1479
14050634;480;g_000;2;1;30;random;0.5;1480;15;11;1-3,19-20;;174015.736703;176584.91815099856;177068.02225899996;195596.218138;2569.1814479985624;483.1041080013965;19011.299987001432;eev,integrated,separated,ws;lintim;SiouxFalls;SiouxFalls;True;False;1e-05;12000;1;2;20;50;200;-5;50;0.75;2;50;50;10;10;16;2.7866;1480;1480
14050634;481;g_000;2;1;30;random;0.5;1481;15;12;5-9,8-9;;137485.76616799994;138160.002347;138325.19784899996;138325.197849;674.2361790000577;165.19550199995865;165.19550199998775;eev,integrated,separated,ws;lintim;SiouxFalls;SiouxFalls;True;False;1e-05;12000;1;2;20;50;200;-5;50;0.75;2;50;50;10;10;16;2.7866;1481;1481
14050634;482;g_000;2;1;30;random;0.5;1482;15;13;19-20,20-22;;153497.19433600002;156572.91219200005;157426.70293899995;162443.4439799999;3075.717856000032;853.7907469999045;5870.531787999847;eev,integrated,separated,ws;lintim;SiouxFalls;SiouxFalls;True;False;1e-05;12000;1;2;20;50;200;-5;50;0.75;2;50;50;10;10;16;2.7866;1482;1482
14050634;483;g_000;2;1;30;random;0.5;1483;15;14;13-24,20-21;;157156.324907;158514.345024;158758.91412299994;168568.20534199965;1358.0201170000073;244.56909899992752;10053.860317999644;eev,integrated,separated,ws;lintim;SiouxFalls;SiouxFalls;True;False;1e-05;12000;1;2;20;50;200;-5;50;0.75;2;50;50;10;10;16;2.7866;1483;1483
14050634;484;g_000;2;1;30;random;0.5;1484;15;15;1-2,4-5;;137750.58763999998;138202.34519400058;139245.10858498933;139245.1085849894;451.7575540005928;1042.7633909887518;1042.76339098881;eev,integrated,separated,ws;lintim;SiouxFalls;SiouxFalls;True;False;1e-05;12000;1;2;20;50;200;-5;50;0.75;2;50;50;10;10;16;2.7866;1484;1484
14050634;485;g_000;2;1;30;random;0.5;1485;15;16;10-15,15-19;;142178.21360500017;142378.47753300003;143346.05554699997;143346.055547;200.2639279998548;967.5780139999406;967.5780139999696;eev,integrated,separated,ws;lintim;SiouxFalls;SiouxFalls;True;False;1e-05;12000;1;2;20;50;200;-5;50;0.75;2;50;50;10;10;16;2.7866;1485;1485
14050634;486;g_000;2;1;30;random;0.5;1486;15;17;7-18,21-22;;136644.69777199998;136644.633844;136644.6338439987;136644.63384399872;-0.0639279999886639;-1.3096723705530167e-09;-1.280568540096283e-09;eev,integrated,separated,ws;lintim;SiouxFalls;SiouxFalls;True;False;1e-05;12000;1;2;20;50;200;-5;50;0.75;2;50;50;10;10;16;2.7866;1486;1486
14050634;487;g_000;2;1;30;random;0.5;1487;15;18;11-12,20-21;;136644.633844;136644.63384400005;136644.63384399994;136644.633844;5.820766091346741e-11;-1.1641532182693479e-10;-5.820766091346741e-11;eev,integrated,separated,ws;lintim;SiouxFalls;SiouxFalls;True;False;1e-05;12000;1;2;20;50;200;-5;50;0.75;2;50;50;10;10;16;2.7866;1487;1487
14050634;488;g_000;2;1;30;random;0.5;1488;15;19;4-5,17-19;;160135.38210699277;164355.69564899936;165286.13631099995;169047.95134799997;4220.313542006596;930.4406620005902;4692.255699000612;eev,integrated,separated,ws;lintim;SiouxFalls;SiouxFalls;True;False;1e-05;12000;1;2;20;50;200;-5;50;0.75;2;50;50;10;10;16;2.7866;1488;1488
14050634;489;g_000;2;1;30;random;0.5;1489;15;20;10-11,19-20;;140324.88462799945;140445.07330699998;140445.07330699996;140445.07300411584;120.18867900053738;-2.9103830456733704e-11;-0.0003028841456398;eev,integrated,separated,ws;lintim;SiouxFalls;SiouxFalls;True;False;1e-05;12000;1;2;20;50;200;-5;50;0.75;2;50;50;10;10;16;2.7866;1489;1489
14050634;490;g_000;2;1;30;random;0.5;1490;15;21;14-23,19-20;;146262.16537;148829.19410400002;152163.91480499014;149169.77466342755;2567.0287340000214;3334.7207009901176;340.5805594275298;eev,integrated,separated,ws;lintim;SiouxFalls;SiouxFalls;True;False;1e-05;12000;1;2;20;50;200;-5;50;0.75;2;50;50;10;10;16;2.7866;1490;1490
14050634;491;g_000;2;1;30;random;0.5;1491;15;22;14-15,22-23;;149382.2940340091;150241.78987199668;151399.88678799997;157515.63158899988;859.4958379875752;1158.0969160032982;7273.841717003204;eev,integrated,separated,ws;lintim;SiouxFalls;SiouxFalls;True;False;1e-05;12000;1;2;20;50;200;-5;50;0.75;2;50;50;10;10;16;2.7866;1491;1491
14050634;492;g_000;2;1;30;random;0.5;1492;15;23;6-8,14-15;;151383.172612;153353.0050989576;153774.85602299997;158008.58759399998;1969.832486957603;421.85092404237366;4655.582495042385;eev,integrated,separated,ws;lintim;SiouxFalls;SiouxFalls;True;False;1e-05;12000;1;2;20;50;200;-5;50;0.75;2;50;50;10;10;16;2.7866;1492;1492
14050634;493;g_000;2;1;30;random;0.5;1493;15;24;11-12,21-24;;144259.38902499998;145153.249903999;145397.63018899993;146452.7598198594;893.8608789990249;244.3802850009233;1299.509915860399;eev,integrated,separated,ws;lintim;SiouxFalls;SiouxFalls;True;False;1e-05;12000;1;2;20;50;200;-5;50;0.75;2;50;50;10;10;16;2.7866;1493;1493
14050634;494;g_000;2;1;30;random;0.5;1494;15;25;21-22,21-24;;163807.287564;165855.655346;165883.74610999995;173403.110743;2048.367782000016;28.090763999935007;7547.455396999983;eev,integrated,separated,ws;lintim;SiouxFalls;SiouxFalls;True;False;1e-05;12000;1;2;20;50;200;-5;50;0.75;2;50;50;10;10;16;2.7866;1494;1494
14050634;495;g_000;2;1;30;random;0.5;1495;15;26;7-8,19-20;;136644.633844;136644.63384400005;136644.63384399936;136644.6338439994;5.820766091346741e-11;-6.984919309616089e-10;-6.402842700481415e-10;eev,integrated,separated,ws;lintim;SiouxFalls;SiouxFalls;True;False;1e-05;12000;1;2;20;50;200;-5;50;0.75;2;50;50;10;10;16;2.7866;1495;1495
14050634;496;g_000;2;1;30;random;0.5;1496;15;27;3-4,13-24;;155863.428123;157109.01484499997;159247.97648699995;167604.11882899964;1245.5867219999782;2138.96164199998;10495.103983999668;eev,integrated,separated,ws;lintim;SiouxFalls;SiouxFalls;True;False;1e-05;12000;1;2;20;50;200;-5;50;0.75;2;50;50;10;10;16;2.7866;1496;1496
14050634;497;g_000;2;1;30;random;0.5;1497;15;28;7-8,11-12;;136644.633844;136644.633844;136644.63384399994;136644.633844;0.0;-5.820766091346741e-11;0.0;eev,integrated,separated,ws;lintim;SiouxFalls;SiouxFalls;True;False;1e-05;12000;1;2;20;50;200;-5;50;0.75;2;50;50;10;10;16;2.7866;1497;1497
14050634;498;g_000;2;1;30;random;0.5;1498;15;29;17-19,21-24;;162844.935563;164952.231582;165193.06081399997;173754.54160599964;2107.2960190000013;240.82923199996003;8802.310023999627;eev,integrated,separated,ws;lintim;SiouxFalls;SiouxFalls;True;False;1e-05;12000;1;2;20;50;200;-5;50;0.75;2;50;50;10;10;16;2.7866;1498;1498
14050634;499;g_000;3;1;30;random;0.5;1499;16;0;1-2,5-6,10-11;;144025.9840909998;144800.6220180001;144800.62201799994;144800.622018;774.6379270003235;-1.7462298274040222e-10;-1.1641532182693479e-10;eev,integrated,separated,ws;lintim;SiouxFalls;SiouxFalls;True;False;1e-05;12000;1;2;20;50;200;-5;50;0.75;2;50;50;10;10;16;2.7866;1499;1499
14050634;500;g_000;3;1;30;random;0.5;1500;16;1;5-6,10-11,20-22;;148364.35243599996;150129.82571399977;152448.13482899996;152068.545059;1765.4732779998158;2318.3091150001856;1938.7193450002237;eev,integrated,separated,ws;lintim;SiouxFalls;SiouxFalls;True;False;1e-05;12000;1;2;20;50;200;-5;50;0.75;2;50;50;10;10;16;2.7866;1500;1500
14050634;501;g_000;3;1;30;random;0.5;1501;16;2;1-2,4-5,20-22;;136644.633844;136644.633844;136644.63384399924;136644.63384399927;0.0;-7.566995918750762e-10;-7.275957614183425e-10;eev,integrated,separated,ws;lintim;SiouxFalls;SiouxFalls;True;False;1e-05;12000;1;2;20;50;200;-5;50;0.75;2;50;50;10;10;16;2.7866;1501;1501
14050634;502;g_000;3;1;30;random;0.5;1502;16;3;3-12,9-10,15-19;;145629.903542;146726.555011;147656.23848199996;147656.2381791158;1096.651469000004;929.6834709999677;929.683168115822;eev,integrated,separated,ws;lintim;SiouxFalls;SiouxFalls;True;False;1e-05;12000;1;2;20;50;200;-5;50;0.75;2;50;50;10;10;16;2.7866;1502;1502
14050634;503;g_000;3;1;30;random;0.5;1503;16;4;1-3,6-8,19-20;;156104.901396;158244.95386700248;159990.38133799995;164904.55588099995;2140.0524710024765;1745.427470997471;6659.602013997472;eev,integrated,separated,ws;lintim;SiouxFalls;SiouxFalls;True;False;1e-05;12000;1;2;20;50;200;-5;50;0.75;2;50;50;10;10;16;2.7866;1503;1503
14050634;504;g_000;3;1;30;random;0.5;1504;16;5;1-2,9-10,13-24;;136644.633844;136644.633844;136644.63384399994;136644.633844;0.0;-5.820766091346741e-11;0.0;eev,integrated,separated,ws;lintim;SiouxFalls;SiouxFalls;True;False;1e-05;12000;1;2;20;50;200;-5;50;0.75;2;50;50;10;10;16;2.7866;1504;1504
14050634;505;g_000;3;1;30;random;0.5;1505;16;6;3-12,5-6,11-12;;137485.76616799994;138160.002347;138325.19784899993;138325.197849;674.2361790000577;165.19550199992955;165.19550199998775;eev,integrated,separated,ws;lintim;SiouxFalls;SiouxFalls;True;False;1e-05;12000;1;2;20;50;200;-5;50;0.75;2;50;50;10;10;16;2.7866;1505;1505
14050634;506;g_000;3;1;30;random;0.5;1506;16;7;10-16,20-21,21-22;;142876.12130499998;143902.72087820346;145061.33765000082;145061.33765000087;1026.599573203479;1158.6167717973583;1158.6167717974167;eev,integrated,separated,ws;lintim;SiouxFalls;SiouxFalls;True;False;1e-05;12000;1;2;20;50;200;-5;50;0.75;2;50;50;10;10;16;2.7866;1506;1506
14050634;507;g_000;3;1;30;random;0.5;1507;16;8;2-6,14-23,15-22;;137750.5876400064;138325.6930020029;139245.10858499995;139245.10858499998;575.1053619965096;919.415582997055;919.415582997084;eev,integrated,separated,ws;lintim;SiouxFalls;SiouxFalls;True;False;1e-05;12000;1;2;20;50;200;-5;50;0.75;2;50;50;10;10;16;2.7866;1507;1507
14050634;508;g_000;3;1;30;random;0.5;1508;16;9;6-8,16-17,17-19;;136644.63384399892;136644.633844;136644.63384399994;136644.633844;1.076841726899147e-09;-5.820766091346741e-11;0.0;eev,integrated,separated,ws;lintim;SiouxFalls;SiouxFalls;True;False;1e-05;12000;1;2;20;50;200;-5;50;0.75;2;50;50;10;10;16;2.7866;1508;1508
14050634;509;g_000;3;1;30;random;0.5;1509;16;10;4-11,14-23,20-21;;144025.984091;144800.622018;144800.62201799994;144800.622018;774.6379270000034;-5.820766091346741e-11;0.0;eev,integrated,separated,ws;lintim;SiouxFalls;SiouxFalls;True;False;1e-05;12000;1;2;20;50;200;-5;50;0.75;2;50;50;10;10;16;2.7866;1509;1509
14050634;510;g_000;3;1;30;random;0.5;1510;16;11;8-9,8-16,17-19;;188548.8247409957;190289.721375;191265.500145;206714.262115;1740.8966340042823;975.7787699999752;16424.540739999997;eev,integrated,separated,ws;lintim;SiouxFalls;SiouxFalls;True;False;1e-05;12000;1;2;20;50;200;-5;50;0.75;2;50;50;10;10;16;2.7866;1510;1510
14050634;511;g_000;3;1;30;random;0.5;1511;16;12;2-6,10-17,23-24;;152195.30240799987;153998.322539;154006.96918599994;157811.071857;1803.020131000114;8.646646999957738;3812.749318000017;eev,integrated,separated,ws;lintim;SiouxFalls;SiouxFalls;True;False;1e-05;12000;1;2;20;50;200;-5;50;0.75;2;50;50;10;10;16;2.7866;1511;1511
14050634;512;g_000;3;1;30;random;0.5;1512;16;13;4-5,11-14,15-22;;137750.58763999987;138325.693002;139245.10858499998;139245.108585;575.1053620001476;919.4155829999654;919.4155829999944;eev,integrated,separated,ws;lintim;SiouxFalls;SiouxFalls;True;False;1e-05;12000;1;2;20;50;200;-5;50;0.75;2;50;50;10;10;16;2.7866;1512;1512
14050634;513;g_000;3;1;30;random;0.5;1513;16;14;2-6,5-6,15-19;;151819.32942198738;153534.77918598443;153939.59697899997;153939.596979;1715.4497639970505;404.81779301553615;404.81779301556526;eev,integrated,separated,ws;lintim;SiouxFalls;SiouxFalls;True;False;1e-05;12000;1;2;20;50;200;-5;50;0.75;2;50;50;10;10;16;2.7866;1513;1513
14050634;514;g_000;3;1;30;random;0.5;1514;16;15;2-6,8-16,15-22;;145388.71074002262;145904.02083499997;146993.56403899996;147590.32693299995;515.3100949773507;1089.5432039999869;1686.3060979999718;eev,integrated,separated,ws;lintim;SiouxFalls;SiouxFalls;True;False;1e-05;12000;1;2;20;50;200;-5;50;0.75;2;50;50;10;10;16;2.7866;1514;1514
14050634;515;g_000;3;1;30;random;0.5;1515;16;16;7-18,10-11,10-15;;152810.94243500018;154482.358968;154965.46307598648;160089.75890699998;1671.4165329998068;483.10410798649536;5607.399938999995;eev,integrated,separated,ws;lintim;SiouxFalls;SiouxFalls;True;False;1e-05;12000;1;2;20;50;200;-5;50;0.75;2;50;50;10;10;16;2.7866;1515;1515
14050634;516;g_000;3;1;30;random;0.5;1516;16;17;4-5,19-20,21-24;;160556.472494;163037.97120599996;163873.73399799995;169572.88014299996;2481.4987119999714;835.7627919999941;6534.908937;eev,integrated,separated,ws;lintim;SiouxFalls;SiouxFalls;True;False;1e-05;12000;1;2;20;50;200;-5;50;0.75;2;50;50;10;10;16;2.7866;1516;1516
14050634;517;g_000;3;1;30;random;0.5;1517;16;18;1-3,6-8,17-19;;136644.633844;136644.633844;136644.63384399982;136644.63384399985;0.0;-1.7462298274040222e-10;-1.4551915228366852e-10;eev,integrated,separated,ws;lintim;SiouxFalls;SiouxFalls;True;False;1e-05;12000;1;2;20;50;200;-5;50;0.75;2;50;50;10;10;16;2.7866;1517;1517
14050634;518;g_000;3;1;30;random;0.5;1518;16;19;9-10,15-22,16-18;;165976.56876499997;167532.614655;167532.61465499995;174864.5046670001;1556.0458900000376;-5.820766091346741e-11;7331.890012000076;eev,integrated,separated,ws;lintim;SiouxFalls;SiouxFalls;True;False;1e-05;12000;1;2;20;50;200;-5;50;0.75;2;50;50;10;10;16;2.7866;1518;1518
14050634;519;g_000;3;1;30;random;0.5;1519;16;20;1-3,9-10,10-15;;152471.169438;154184.8044319881;154866.37285999994;159450.25583099996;1713.6349939880893;681.5684280118439;5265.451399011858;eev,integrated,separated,ws;lintim;SiouxFalls;SiouxFalls;True;False;1e-05;12000;1;2;20;50;200;-5;50;0.75;2;50;50;10;10;16;2.7866;1519;1519
14050634;520;g_000;3;1;30;random;0.5;1520;16;21;1-2,9-10,10-11;;179484.777908;181567.7365195;183088.9229815;199776.422398;2082.958611500013;1521.1864620000124;18208.685878499997;eev,integrated,separated,ws;lintim;SiouxFalls;SiouxFalls;True;False;1e-05;12000;1;2;20;50;200;-5;50;0.75;2;50;50;10;10;16;2.7866;1520;1520
14050634;521;g_000;3;1;30;random;0.5;1521;16;22;1-2,18-20,19-20;;142876.121305;143902.7208779997;145979.24271399993;145979.242714;1026.599572999694;2076.5218360002327;2076.521836000291;eev,integrated,separated,ws;lintim;SiouxFalls;SiouxFalls;True;False;1e-05;12000;1;2;20;50;200;-5;50;0.75;2;50;50;10;10;16;2.7866;1521;1521
14050634;522;g_000;3;1;30;random;0.5;1522;16;23;2-6,4-11,6-8;;164416.17810301948;165705.8960539994;166521.76431799994;172625.45620899997;1289.717950979917;815.8682640005427;6919.560155000567;eev,integrated,separated,ws;lintim;SiouxFalls;SiouxFalls;True;False;1e-05;12000;1;2;20;50;200;-5;50;0.75;2;50;50;10;10;16;2.7866;1522;1522
14050634;523;g_000;3;1;30;random;0.5;1523;16;24;5-9,10-11,15-19;;145388.71074002262;145904.02083499997;146993.56403899996;146389.79173099488;515.3100949773507;1089.5432039999869;485.77089599490864;eev,integrated,separated,ws;lintim;SiouxFalls;SiouxFalls;True;False;1e-05;12000;1;2;20;50;200;-5;50;0.75;2;50;50;10;10;16;2.7866;1523;1523
14050634;524;g_000;3;1;30;random;0.5;1524;16;25;10-17,14-15,18-20;;166738.41361699998;169472.088741;170267.68345899996;177968.50795399965;2733.6751240000303;795.5947179999494;8496.419212999637;eev,integrated,separated,ws;lintim;SiouxFalls;SiouxFalls;True;False;1e-05;12000;1;2;20;50;200;-5;50;0.75;2;50;50;10;10;16;2.7866;1524;1524
14050634;525;g_000;3;1;30;random;0.5;1525;16;26;1-3,16-17,19-20;;146356.153542;147452.805011;148342.52294399988;148342.52264111576;1096.651469000004;889.7179329998908;889.7176301157742;eev,integrated,separated,ws;lintim;SiouxFalls;SiouxFalls;True;False;1e-05;12000;1;2;20;50;200;-5;50;0.75;2;50;50;10;10;16;2.7866;1525;1525
14050634;526;g_000;3;1;30;random;0.5;1526;16;27;11-14,18-20,23-24;;166971.966027;169747.11692399997;170081.85019099998;176996.3481;2775.150896999985;334.73326700000325;7249.23117600003;eev,integrated,separated,ws;lintim;SiouxFalls;SiouxFalls;True;False;1e-05;12000;1;2;20;50;200;-5;50;0.75;2;50;50;10;10;16;2.7866;1526;1526
14050634;527;g_000;3;1;30;random;0.5;1527;16;28;16-17,19-20,20-22;;137750.58763999998;138325.693002;139245.10858499998;139245.108585;575.1053620000312;919.4155829999654;919.4155829999944;eev,integrated,separated,ws;lintim;SiouxFalls;SiouxFalls;True;False;1e-05;12000;1;2;20;50;200;-5;50;0.75;2;50;50;10;10;16;2.7866;1527;1527
14050634;528;g_000;3;1;30;random;0.5;1528;16;29;10-17,11-12,13-24;;159933.519587;162774.753456;163457.43221099995;172825.03533999965;2841.233869000018;682.6787549999426;10050.281883999647;eev,integrated,separated,ws;lintim;SiouxFalls;SiouxFalls;True;False;1e-05;12000;1;2;20;50;200;-5;50;0.75;2;50;50;10;10;16;2.7866;1528;1528
