array_job_id;task_id;run_group_id;case_k;case_per_run;case_variants;case_selection;case_p_fail;case_id;case_sweep_row;case_variant_idx;case_edges;case_lines;WS;RP;EEV_nom;EEV_mean;EVPI;VSS_nom;VSS_mean;procedures_present;source;network;scenario_line_data;routing_agg;waiting_time_frequency;gap;time_limit;travel_time_cost_mult;waiting_time_cost_mult;line_operation_cost_mult;cost_repl_freq;cost_repl_line;repl_budget;bypass_multiplier;overdemand_threshold;overdemand_multiplier;num_od;train_capacity;infrastructure_capacity;max_frequency;threads;scenario_infra_id;scenario_prob_id
12429115;0;g_000;1;1;100;line_consecutive;0.5;1000;0;0;2-25;1;5343842.5;5347142.5;5349141.25;5349141.25;3300.0;1998.75;1998.75;eev,integrated,separated,ws;lintim;Mumford0;Mumford0;True;False;1e-05;6000;1;2;20;50;200;-5;100;0.75;2;50;250;30;20;16;1000;1000
12429115;1;g_000;1;1;100;line_consecutive;0.5;1001;0;1;8-25;1;5343237.5;5346537.5;5348566.25;5348566.25;3300.0;2028.75;2028.75;eev,integrated,separated,ws;lintim;Mumford0;Mumford0;True;False;1e-05;6000;1;2;20;50;200;-5;100;0.75;2;50;250;30;20;16;1001;1001
12429115;2;g_000;1;1;100;line_consecutive;0.5;1002;0;2;8-11;1;5331442.5;5335337.5;5337366.25;5337366.25;3895.0;2028.75;2028.75;eev,integrated,separated,ws;lintim;Mumford0;Mumford0;True;False;1e-05;6000;1;2;20;50;200;-5;100;0.75;2;50;250;30;20;16;1002;1002
12429115;3;g_000;1;1;100;line_consecutive;0.5;1003;0;3;11-22;1;5333837.5;5338210.0;5340238.75;5340238.75;4372.5;2028.75;2028.75;eev,integrated,separated,ws;lintim;Mumford0;Mumford0;True;False;1e-05;6000;1;2;20;50;200;-5;100;0.75;2;50;250;30;20;16;1003;1003
12429115;4;g_000;1;1;100;line_consecutive;0.5;1004;0;4;2-4;2;6438476.25;6438510.0;6438510.0;6446444.989014569;33.75;0.0;7934.989014568739;eev,integrated,separated,ws;lintim;Mumford0;Mumford0;True;False;1e-05;6000;1;2;20;50;200;-5;100;0.75;2;50;250;30;20;16;1004;1004
12429115;5;g_000;1;1;100;line_consecutive;0.5;1005;0;5;4-12;2;6939713.75;6950067.5;6952506.25;6951441.239014569;10353.75;2438.75;1373.7390145687386;eev,integrated,separated,ws;lintim;Mumford0;Mumford0;True;False;1e-05;6000;1;2;20;50;200;-5;100;0.75;2;50;250;30;20;16;1005;1005
12429115;6;g_000;1;1;100;line_consecutive;0.5;1006;0;6;12-18;2,11;7775067.5;7778895.0;7780988.75;15090442.5;3827.5;2093.75;7311547.5;eev,integrated,separated,ws;lintim;Mumford0;Mumford0;True;False;1e-05;6000;1;2;20;50;200;-5;100;0.75;2;50;250;30;20;16;1006;1006
12429115;7;g_000;1;1;100;line_consecutive;0.5;1007;0;7;18-23;2,11;5403202.5;5404706.25;5405816.25;12719245.0;1503.75;1110.0;7314538.75;eev,integrated,separated,ws;lintim;Mumford0;Mumford0;True;False;1e-05;6000;1;2;20;50;200;-5;100;0.75;2;50;250;30;20;16;1007;1007
12429115;8;g_000;1;1;100;line_consecutive;0.5;1008;0;8;1-23;2;5379672.5;5382665.0;5385243.75;5386478.739014569;2992.5;2578.75;3813.739014568738;eev,integrated,separated,ws;lintim;Mumford0;Mumford0;True;False;1e-05;6000;1;2;20;50;200;-5;100;0.75;2;50;250;30;20;16;1008;1008
12429115;9;g_000;1;1;100;line_consecutive;0.5;1009;0;9;1-14;2;5404582.5;5407575.0;5410153.75;5411388.739014569;2992.5;2578.75;3813.739014568738;eev,integrated,separated,ws;lintim;Mumford0;Mumford0;True;False;1e-05;6000;1;2;20;50;200;-5;100;0.75;2;50;250;30;20;16;1009;1009
12429115;10;g_000;1;1;100;line_consecutive;0.5;1010;0;10;9-13;3;5370232.5;5374868.75;5376487.5;5391217.5;4636.25;1618.75;16348.75;eev,integrated,separated,ws;lintim;Mumford0;Mumford0;True;False;1e-05;6000;1;2;20;50;200;-5;100;0.75;2;50;250;30;20;16;1010;1010
12429115;11;g_000;1;1;100;line_consecutive;0.5;1011;0;11;1-13;3;5367537.5;5370733.75;5372352.5;5389682.5;3196.25;1618.75;18948.75;eev,integrated,separated,ws;lintim;Mumford0;Mumford0;True;False;1e-05;6000;1;2;20;50;200;-5;100;0.75;2;50;250;30;20;16;1011;1011
12429115;12;g_000;1;1;100;line_consecutive;0.5;1012;0;12;1-29;3;5330773.75;5332453.75;5334006.25;5351363.75;1680.0;1552.5;18910.0;eev,integrated,separated,ws;lintim;Mumford0;Mumford0;True;False;1e-05;6000;1;2;20;50;200;-5;100;0.75;2;50;250;30;20;16;1012;1012
12429115;13;g_000;1;1;100;line_consecutive;0.5;1013;0;13;17-29;3;5341555.0;5343623.75;5345203.75;5362533.75;2068.75;1580.0;18910.0;eev,integrated,separated,ws;lintim;Mumford0;Mumford0;True;False;1e-05;6000;1;2;20;50;200;-5;100;0.75;2;50;250;30;20;16;1013;1013
12429115;14;g_000;1;1;100;line_consecutive;0.5;1014;0;14;17-28;3;5349571.25;5352645.0;5354266.25;5371596.25;3073.75;1621.25;18951.25;eev,integrated,separated,ws;lintim;Mumford0;Mumford0;True;False;1e-05;6000;1;2;20;50;200;-5;100;0.75;2;50;250;30;20;16;1014;1014
12429115;15;g_000;1;1;100;line_consecutive;0.5;1015;0;15;28-30;3;5334963.75;5337023.749258158;5338761.25;5356091.25;2059.999258157797;1737.5007418422028;19067.500741842203;eev,integrated,separated,ws;lintim;Mumford0;Mumford0;True;False;1e-05;6000;1;2;20;50;200;-5;100;0.75;2;50;250;30;20;16;1015;1015
12429115;16;g_000;1;1;100;line_consecutive;0.5;1016;0;16;6-7;4,10;5374077.5;5377292.5;5378471.25;8600597.499538876;3215.0;1178.75;3223304.999538876;eev,integrated,separated,ws;lintim;Mumford0;Mumford0;True;False;1e-05;6000;1;2;20;50;200;-5;100;0.75;2;50;250;30;20;16;1016;1016
12429115;17;g_000;1;1;100;line_consecutive;0.5;1017;0;17;7-14;4;5332116.25;5334846.25;5335956.25;5334986.248777449;2730.0;1110.0;139.998777449131;eev,integrated,separated,ws;lintim;Mumford0;Mumford0;True;False;1e-05;6000;1;2;20;50;200;-5;100;0.75;2;50;250;30;20;16;1017;1017
12429115;18;g_000;1;1;100;line_consecutive;0.5;1018;0;18;14-19;4;5341305.0;5344042.5;5345482.5;5344512.498777449;2737.5;1440.0;469.998777449131;eev,integrated,separated,ws;lintim;Mumford0;Mumford0;True;False;1e-05;6000;1;2;20;50;200;-5;100;0.75;2;50;250;30;20;16;1018;1018
12429115;19;g_000;1;1;100;line_consecutive;0.5;1019;0;19;19-20;4;5332588.75;5335326.25;5337187.5;5336217.498777449;2737.5;1861.25;891.248777449131;eev,integrated,separated,ws;lintim;Mumford0;Mumford0;True;False;1e-05;6000;1;2;20;50;200;-5;100;0.75;2;50;250;30;20;16;1019;1019
12429115;20;g_000;1;1;100;line_consecutive;0.5;1020;0;20;15-24;5;6442361.25;6443676.25;6443676.25;6443676.25;1315.0;0.0;0.0;eev,integrated,separated,ws;lintim;Mumford0;Mumford0;True;False;1e-05;6000;1;2;20;50;200;-5;100;0.75;2;50;250;30;20;16;1020;1020
12429115;21;g_000;1;1;100;line_consecutive;0.5;1021;0;21;12-15;5,11;6510446.25;6515295.0;6516811.25;7200932.5;4848.75;1516.25;685637.5;eev,integrated,separated,ws;lintim;Mumford0;Mumford0;True;False;1e-05;6000;1;2;20;50;200;-5;100;0.75;2;50;250;30;20;16;1021;1021
12429115;22;g_000;1;1;100;line_consecutive;0.5;1022;0;22;12-26;5;5348031.25;5351731.25;5356688.75;5356688.75;3700.0;4957.5;4957.5;eev,integrated,separated,ws;lintim;Mumford0;Mumford0;True;False;1e-05;6000;1;2;20;50;200;-5;100;0.75;2;50;250;30;20;16;1022;1022
12429115;23;g_000;1;1;100;line_consecutive;0.5;1023;0;23;3-8;6,12;5341295.0;5344161.25;5345340.0;5345340.0;2866.25;1178.75;1178.75;eev,integrated,separated,ws;lintim;Mumford0;Mumford0;True;False;1e-05;6000;1;2;20;50;200;-5;100;0.75;2;50;250;30;20;16;1023;1023
12429115;24;g_000;1;1;100;line_consecutive;0.5;1024;0;24;5-8;6;5338701.25;5341731.25;5342910.0;5342910.0;3030.0;1178.75;1178.75;eev,integrated,separated,ws;lintim;Mumford0;Mumford0;True;False;1e-05;6000;1;2;20;50;200;-5;100;0.75;2;50;250;30;20;16;1024;1024
12429115;25;g_000;1;1;100;line_consecutive;0.5;1025;0;25;10-15;7;6447392.5;6447392.5;6447392.5;6450027.5;0.0;0.0;2635.0;eev,integrated,separated,ws;lintim;Mumford0;Mumford0;True;False;1e-05;6000;1;2;20;50;200;-5;100;0.75;2;50;250;30;20;16;1025;1025
12429115;26;g_000;1;1;100;line_consecutive;0.5;1026;0;26;15-21;7;6442525.0;6443157.5;6443302.5;6445937.5;632.5;145.0;2780.0;eev,integrated,separated,ws;lintim;Mumford0;Mumford0;True;False;1e-05;6000;1;2;20;50;200;-5;100;0.75;2;50;250;30;20;16;1026;1026
12429115;27;g_000;1;1;100;line_consecutive;0.5;1027;0;27;6-16;8;5334967.5;5338701.25;5339850.0;5339850.0;3733.75;1148.75;1148.75;eev,integrated,separated,ws;lintim;Mumford0;Mumford0;True;False;1e-05;6000;1;2;20;50;200;-5;100;0.75;2;50;250;30;20;16;1027;1027
12429115;28;g_000;1;1;100;line_consecutive;0.5;1028;0;28;9-27;9;6412325.0;6412325.0;6412325.0;6412325.0;0.0;0.0;0.0;eev,integrated,separated,ws;lintim;Mumford0;Mumford0;True;False;1e-05;6000;1;2;20;50;200;-5;100;0.75;2;50;250;30;20;16;1028;1028
12429115;29;g_000;1;1;100;line_consecutive;0.5;1029;0;29;2-15;10;5378800.0;5381022.5;5382201.25;7594750.0;2222.5;1178.75;2213727.5;eev,integrated,separated,ws;lintim;Mumford0;Mumford0;True;False;1e-05;6000;1;2;20;50;200;-5;100;0.75;2;50;250;30;20;16;1029;1029
12429115;30;g_000;1;1;100;line_consecutive;0.5;1030;0;30;8-15;10;5383306.25;5386682.5;5387880.0;7597455.0;3376.25;1197.5;2210772.5;eev,integrated,separated,ws;lintim;Mumford0;Mumford0;True;False;1e-05;6000;1;2;20;50;200;-5;100;0.75;2;50;250;30;20;16;1030;1030
12429115;31;g_000;1;1;100;line_consecutive;0.5;1031;0;31;8-17;10;5389446.25;5393843.75;5394882.5;7603111.25;4397.5;1038.75;2209267.5;eev,integrated,separated,ws;lintim;Mumford0;Mumford0;True;False;1e-05;6000;1;2;20;50;200;-5;100;0.75;2;50;250;30;20;16;1031;1031
12429115;32;g_000;1;1;100;line_consecutive;0.5;1032;0;32;7-17;10;5370847.5;5376002.5;5379583.75;7589637.5;5155.0;3581.25;2213635.0;eev,integrated,separated,ws;lintim;Mumford0;Mumford0;True;False;1e-05;6000;1;2;20;50;200;-5;100;0.75;2;50;250;30;20;16;1032;1032
12429115;33;g_000;1;1;100;line_consecutive;0.5;1033;0;33;19-23;11;5367193.75;5368643.75;5369753.75;5368783.75;1450.0;1110.0;140.0;eev,integrated,separated,ws;lintim;Mumford0;Mumford0;True;False;1e-05;6000;1;2;20;50;200;-5;100;0.75;2;50;250;30;20;16;1033;1033
12429115;34;g_000;1;1;100;line_consecutive;0.5;1034;0;34;8-21;12;5345195.0;5349500.0;5350678.75;5350678.75;4305.0;1178.75;1178.75;eev,integrated,separated,ws;lintim;Mumford0;Mumford0;True;False;1e-05;6000;1;2;20;50;200;-5;100;0.75;2;50;250;30;20;16;1034;1034
12429115;35;g_000;1;1;100;line_consecutive;0.5;1035;0;35;21-24;12;5342620.0;5346925.0;5348103.75;5348103.75;4305.0;1178.75;1178.75;eev,integrated,separated,ws;lintim;Mumford0;Mumford0;True;False;1e-05;6000;1;2;20;50;200;-5;100;0.75;2;50;250;30;20;16;1035;1035
12429115;36;g_000;2;1;100;line_consecutive;0.5;1036;1;0;2-25,8-25;1;5343842.5;5347142.5;5349141.25;5349141.25;3300.0;1998.75;1998.75;eev,integrated,separated,ws;lintim;Mumford0;Mumford0;True;False;1e-05;6000;1;2;20;50;200;-5;100;0.75;2;50;250;30;20;16;1036;1036
12429115;37;g_000;2;1;100;line_consecutive;0.5;1037;1;1;8-11,8-25;1;5343237.5;5346537.5;5348566.25;5348566.25;3300.0;2028.75;2028.75;eev,integrated,separated,ws;lintim;Mumford0;Mumford0;True;False;1e-05;6000;1;2;20;50;200;-5;100;0.75;2;50;250;30;20;16;1037;1037
12429115;38;g_000;2;1;100;line_consecutive;0.5;1038;1;2;8-11,11-22;1;5331442.5;5335337.5;5337366.25;5337366.25;3895.0;2028.75;2028.75;eev,integrated,separated,ws;lintim;Mumford0;Mumford0;True;False;1e-05;6000;1;2;20;50;200;-5;100;0.75;2;50;250;30;20;16;1038;1038
12429115;39;g_000;2;1;100;line_consecutive;0.5;1039;1;3;2-4,4-12;2;5333837.5;5338210.0;5340238.75;5340238.75;4372.5;2028.75;2028.75;eev,integrated,separated,ws;lintim;Mumford0;Mumford0;True;False;1e-05;6000;1;2;20;50;200;-5;100;0.75;2;50;250;30;20;16;1039;1039
12429115;40;g_000;2;1;100;line_consecutive;0.5;1040;1;4;4-12,12-18;2;6438476.25;6438510.0;6438510.0;6446444.989014569;33.75;0.0;7934.989014568739;eev,integrated,separated,ws;lintim;Mumford0;Mumford0;True;False;1e-05;6000;1;2;20;50;200;-5;100;0.75;2;50;250;30;20;16;1040;1040
12429115;41;g_000;2;1;100;line_consecutive;0.5;1041;1;5;12-18,18-23;2,11;6939713.75;6950067.5;6952506.25;6951441.239014569;10353.75;2438.75;1373.7390145687386;eev,integrated,separated,ws;lintim;Mumford0;Mumford0;True;False;1e-05;6000;1;2;20;50;200;-5;100;0.75;2;50;250;30;20;16;1041;1041
12429115;42;g_000;2;1;100;line_consecutive;0.5;1042;1;6;1-23,18-23;2;7775067.5;7778895.0;7780988.75;15090442.5;3827.5;2093.75;7311547.5;eev,integrated,separated,ws;lintim;Mumford0;Mumford0;True;False;1e-05;6000;1;2;20;50;200;-5;100;0.75;2;50;250;30;20;16;1042;1042
12429115;43;g_000;2;1;100;line_consecutive;0.5;1043;1;7;1-14,1-23;2;5403202.5;5404706.25;5405816.25;12719245.0;1503.75;1110.0;7314538.75;eev,integrated,separated,ws;lintim;Mumford0;Mumford0;True;False;1e-05;6000;1;2;20;50;200;-5;100;0.75;2;50;250;30;20;16;1043;1043
12429115;44;g_000;2;1;100;line_consecutive;0.5;1044;1;8;1-13,9-13;3;5379672.5;5382665.0;5385243.75;5386478.739014569;2992.5;2578.75;3813.739014568738;eev,integrated,separated,ws;lintim;Mumford0;Mumford0;True;False;1e-05;6000;1;2;20;50;200;-5;100;0.75;2;50;250;30;20;16;1044;1044
12429115;45;g_000;2;1;100;line_consecutive;0.5;1045;1;9;1-13,1-29;3;5404582.5;5407575.0;5410153.75;5411388.739014569;2992.5;2578.75;3813.739014568738;eev,integrated,separated,ws;lintim;Mumford0;Mumford0;True;False;1e-05;6000;1;2;20;50;200;-5;100;0.75;2;50;250;30;20;16;1045;1045
12429115;46;g_000;2;1;100;line_consecutive;0.5;1046;1;10;1-29,17-29;3;5370232.5;5374868.75;5376487.5;5391217.5;4636.25;1618.75;16348.75;eev,integrated,separated,ws;lintim;Mumford0;Mumford0;True;False;1e-05;6000;1;2;20;50;200;-5;100;0.75;2;50;250;30;20;16;1046;1046
12429115;47;g_000;2;1;100;line_consecutive;0.5;1047;1;11;17-28,17-29;3;5367537.5;5370733.75;5372352.5;5389682.5;3196.25;1618.75;18948.75;eev,integrated,separated,ws;lintim;Mumford0;Mumford0;True;False;1e-05;6000;1;2;20;50;200;-5;100;0.75;2;50;250;30;20;16;1047;1047
12429115;48;g_000;2;1;100;line_consecutive;0.5;1048;1;12;17-28,28-30;3;5330773.75;5332453.75;5334006.25;5351363.75;1680.0;1552.5;18910.0;eev,integrated,separated,ws;lintim;Mumford0;Mumford0;True;False;1e-05;6000;1;2;20;50;200;-5;100;0.75;2;50;250;30;20;16;1048;1048
12429115;49;g_000;2;1;100;line_consecutive;0.5;1049;1;13;6-7,7-14;4;5341555.0;5343623.75;5345203.75;5362533.75;2068.75;1580.0;18910.0;eev,integrated,separated,ws;lintim;Mumford0;Mumford0;True;False;1e-05;6000;1;2;20;50;200;-5;100;0.75;2;50;250;30;20;16;1049;1049
12429115;50;g_000;2;1;100;line_consecutive;0.5;1050;1;14;7-14,14-19;4;5349571.25;5352645.0;5354266.25;5371596.25;3073.75;1621.25;18951.25;eev,integrated,separated,ws;lintim;Mumford0;Mumford0;True;False;1e-05;6000;1;2;20;50;200;-5;100;0.75;2;50;250;30;20;16;1050;1050
12429115;51;g_000;2;1;100;line_consecutive;0.5;1051;1;15;14-19,19-20;4;5334963.75;5337023.749258158;5338761.25;5356091.25;2059.999258157797;1737.5007418422028;19067.500741842203;eev,integrated,separated,ws;lintim;Mumford0;Mumford0;True;False;1e-05;6000;1;2;20;50;200;-5;100;0.75;2;50;250;30;20;16;1051;1051
12429115;52;g_000;2;1;100;line_consecutive;0.5;1052;1;16;12-15,15-24;5;5374077.5;5377292.5;5378471.25;8600597.499538876;3215.0;1178.75;3223304.999538876;eev,integrated,separated,ws;lintim;Mumford0;Mumford0;True;False;1e-05;6000;1;2;20;50;200;-5;100;0.75;2;50;250;30;20;16;1052;1052
12429115;53;g_000;2;1;100;line_consecutive;0.5;1053;1;17;12-15,12-26;5;5332116.25;5334846.25;5335956.25;5334986.248777449;2730.0;1110.0;139.998777449131;eev,integrated,separated,ws;lintim;Mumford0;Mumford0;True;False;1e-05;6000;1;2;20;50;200;-5;100;0.75;2;50;250;30;20;16;1053;1053
12429115;54;g_000;2;1;100;line_consecutive;0.5;1054;1;18;3-8,5-8;6;5341305.0;5344042.5;5345482.5;5344512.498777449;2737.5;1440.0;469.998777449131;eev,integrated,separated,ws;lintim;Mumford0;Mumford0;True;False;1e-05;6000;1;2;20;50;200;-5;100;0.75;2;50;250;30;20;16;1054;1054
12429115;55;g_000;2;1;100;line_consecutive;0.5;1055;1;19;10-15,15-21;7;5332588.75;5335326.25;5337187.5;5336217.498777449;2737.5;1861.25;891.248777449131;eev,integrated,separated,ws;lintim;Mumford0;Mumford0;True;False;1e-05;6000;1;2;20;50;200;-5;100;0.75;2;50;250;30;20;16;1055;1055
12429115;56;g_000;2;1;100;line_consecutive;0.5;1056;1;20;2-15,8-15;10;6442361.25;6443676.25;6443676.25;6443676.25;1315.0;0.0;0.0;eev,integrated,separated,ws;lintim;Mumford0;Mumford0;True;False;1e-05;6000;1;2;20;50;200;-5;100;0.75;2;50;250;30;20;16;1056;1056
12429115;57;g_000;2;1;100;line_consecutive;0.5;1057;1;21;8-15,8-17;10;6510446.25;6515295.0;6516811.25;7200932.5;4848.75;1516.25;685637.5;eev,integrated,separated,ws;lintim;Mumford0;Mumford0;True;False;1e-05;6000;1;2;20;50;200;-5;100;0.75;2;50;250;30;20;16;1057;1057
12429115;58;g_000;2;1;100;line_consecutive;0.5;1058;1;22;7-17,8-17;10;5348031.25;5351731.25;5356688.75;5356688.75;3700.0;4957.5;4957.5;eev,integrated,separated,ws;lintim;Mumford0;Mumford0;True;False;1e-05;6000;1;2;20;50;200;-5;100;0.75;2;50;250;30;20;16;1058;1058
12429115;59;g_000;2;1;100;line_consecutive;0.5;1059;1;23;6-7,7-17;10;5341295.0;5344161.25;5345340.0;5345340.0;2866.25;1178.75;1178.75;eev,integrated,separated,ws;lintim;Mumford0;Mumford0;True;False;1e-05;6000;1;2;20;50;200;-5;100;0.75;2;50;250;30;20;16;1059;1059
12429115;60;g_000;2;1;100;line_consecutive;0.5;1060;1;24;12-15,12-18;11;5338701.25;5341731.25;5342910.0;5342910.0;3030.0;1178.75;1178.75;eev,integrated,separated,ws;lintim;Mumford0;Mumford0;True;False;1e-05;6000;1;2;20;50;200;-5;100;0.75;2;50;250;30;20;16;1060;1060
12429115;61;g_000;2;1;100;line_consecutive;0.5;1061;1;25;18-23,19-23;11;6447392.5;6447392.5;6447392.5;6450027.5;0.0;0.0;2635.0;eev,integrated,separated,ws;lintim;Mumford0;Mumford0;True;False;1e-05;6000;1;2;20;50;200;-5;100;0.75;2;50;250;30;20;16;1061;1061
12429115;62;g_000;2;1;100;line_consecutive;0.5;1062;1;26;3-8,8-21;12;6442525.0;6443157.5;6443302.5;6445937.5;632.5;145.0;2780.0;eev,integrated,separated,ws;lintim;Mumford0;Mumford0;True;False;1e-05;6000;1;2;20;50;200;-5;100;0.75;2;50;250;30;20;16;1062;1062
12429115;63;g_000;2;1;100;line_consecutive;0.5;1063;1;27;8-21,21-24;12;5334967.5;5338701.25;5339850.0;5339850.0;3733.75;1148.75;1148.75;eev,integrated,separated,ws;lintim;Mumford0;Mumford0;True;False;1e-05;6000;1;2;20;50;200;-5;100;0.75;2;50;250;30;20;16;1063;1063
12429115;64;g_000;3;1;100;line_consecutive;0.5;1064;2;0;2-25,8-11,8-25;1;6412325.0;6412325.0;6412325.0;6412325.0;0.0;0.0;0.0;eev,integrated,separated,ws;lintim;Mumford0;Mumford0;True;False;1e-05;6000;1;2;20;50;200;-5;100;0.75;2;50;250;30;20;16;1064;1064
12429115;65;g_000;3;1;100;line_consecutive;0.5;1065;2;1;8-11,8-25,11-22;1;5378800.0;5381022.5;5382201.25;7594750.0;2222.5;1178.75;2213727.5;eev,integrated,separated,ws;lintim;Mumford0;Mumford0;True;False;1e-05;6000;1;2;20;50;200;-5;100;0.75;2;50;250;30;20;16;1065;1065
12429115;66;g_000;3;1;100;line_consecutive;0.5;1066;2;2;2-4,4-12,12-18;2;5383306.25;5386682.5;5387880.0;7597455.0;3376.25;1197.5;2210772.5;eev,integrated,separated,ws;lintim;Mumford0;Mumford0;True;False;1e-05;6000;1;2;20;50;200;-5;100;0.75;2;50;250;30;20;16;1066;1066
12429115;67;g_000;3;1;100;line_consecutive;0.5;1067;2;3;4-12,12-18,18-23;2;5389446.25;5393843.75;5394882.5;7603111.25;4397.5;1038.75;2209267.5;eev,integrated,separated,ws;lintim;Mumford0;Mumford0;True;False;1e-05;6000;1;2;20;50;200;-5;100;0.75;2;50;250;30;20;16;1067;1067
12429115;68;g_000;3;1;100;line_consecutive;0.5;1068;2;4;1-23,12-18,18-23;2;5370847.5;5376002.5;5379583.75;7589637.5;5155.0;3581.25;2213635.0;eev,integrated,separated,ws;lintim;Mumford0;Mumford0;True;False;1e-05;6000;1;2;20;50;200;-5;100;0.75;2;50;250;30;20;16;1068;1068
12429115;69;g_000;3;1;100;line_consecutive;0.5;1069;2;5;1-14,1-23,18-23;2;5367193.75;5368643.75;5369753.75;5368783.75;1450.0;1110.0;140.0;eev,integrated,separated,ws;lintim;Mumford0;Mumford0;True;False;1e-05;6000;1;2;20;50;200;-5;100;0.75;2;50;250;30;20;16;1069;1069
12429115;70;g_000;3;1;100;line_consecutive;0.5;1070;2;6;1-13,1-29,9-13;3;5345195.0;5349500.0;5350678.75;5350678.75;4305.0;1178.75;1178.75;eev,integrated,separated,ws;lintim;Mumford0;Mumford0;True;False;1e-05;6000;1;2;20;50;200;-5;100;0.75;2;50;250;30;20;16;1070;1070
12429115;71;g_000;3;1;100;line_consecutive;0.5;1071;2;7;1-13,1-29,17-29;3;5342620.0;5346925.0;5348103.75;5348103.75;4305.0;1178.75;1178.75;eev,integrated,separated,ws;lintim;Mumford0;Mumford0;True;False;1e-05;6000;1;2;20;50;200;-5;100;0.75;2;50;250;30;20;16;1071;1071
12429115;72;g_000;3;1;100;line_consecutive;0.5;1072;2;8;1-29,17-28,17-29;3;5343842.5;5347142.5;5349141.25;5349141.25;3300.0;1998.75;1998.75;eev,integrated,separated,ws;lintim;Mumford0;Mumford0;True;False;1e-05;6000;1;2;20;50;200;-5;100;0.75;2;50;250;30;20;16;1072;1072
12429115;73;g_000;3;1;100;line_consecutive;0.5;1073;2;9;17-28,17-29,28-30;3;5343237.5;5346537.5;5348566.25;5348566.25;3300.0;2028.75;2028.75;eev,integrated,separated,ws;lintim;Mumford0;Mumford0;True;False;1e-05;6000;1;2;20;50;200;-5;100;0.75;2;50;250;30;20;16;1073;1073
12429115;74;g_000;3;1;100;line_consecutive;0.5;1074;2;10;6-7,7-14,14-19;4;5331442.5;5335337.5;5337366.25;5337366.25;3895.0;2028.75;2028.75;eev,integrated,separated,ws;lintim;Mumford0;Mumford0;True;False;1e-05;6000;1;2;20;50;200;-5;100;0.75;2;50;250;30;20;16;1074;1074
12429115;75;g_000;3;1;100;line_consecutive;0.5;1075;2;11;7-14,14-19,19-20;4;5333837.5;5338210.0;5340238.75;5340238.75;4372.5;2028.75;2028.75;eev,integrated,separated,ws;lintim;Mumford0;Mumford0;True;False;1e-05;6000;1;2;20;50;200;-5;100;0.75;2;50;250;30;20;16;1075;1075
12429115;76;g_000;3;1;100;line_consecutive;0.5;1076;2;12;12-15,12-26,15-24;5;6438476.25;6438510.0;6438510.0;6446444.989014569;33.75;0.0;7934.989014568739;eev,integrated,separated,ws;lintim;Mumford0;Mumford0;True;False;1e-05;6000;1;2;20;50;200;-5;100;0.75;2;50;250;30;20;16;1076;1076
12429115;77;g_000;3;1;100;line_consecutive;0.5;1077;2;13;2-15,8-15,8-17;10;6939713.75;6950067.5;6952506.25;6951441.239014569;10353.75;2438.75;1373.7390145687386;eev,integrated,separated,ws;lintim;Mumford0;Mumford0;True;False;1e-05;6000;1;2;20;50;200;-5;100;0.75;2;50;250;30;20;16;1077;1077
12429115;78;g_000;3;1;100;line_consecutive;0.5;1078;2;14;7-17,8-15,8-17;10;7775067.5;7778895.0;7780988.75;15090442.5;3827.5;2093.75;7311547.5;eev,integrated,separated,ws;lintim;Mumford0;Mumford0;True;False;1e-05;6000;1;2;20;50;200;-5;100;0.75;2;50;250;30;20;16;1078;1078
12429115;79;g_000;3;1;100;line_consecutive;0.5;1079;2;15;6-7,7-17,8-17;10;5403202.5;5404706.25;5405816.25;12719245.0;1503.75;1110.0;7314538.75;eev,integrated,separated,ws;lintim;Mumford0;Mumford0;True;False;1e-05;6000;1;2;20;50;200;-5;100;0.75;2;50;250;30;20;16;1079;1079
12429115;80;g_000;3;1;100;line_consecutive;0.5;1080;2;16;12-15,12-18,18-23;11;5379672.5;5382665.0;5385243.75;5386478.739014569;2992.5;2578.75;3813.739014568738;eev,integrated,separated,ws;lintim;Mumford0;Mumford0;True;False;1e-05;6000;1;2;20;50;200;-5;100;0.75;2;50;250;30;20;16;1080;1080
12429115;81;g_000;3;1;100;line_consecutive;0.5;1081;2;17;12-18,18-23,19-23;11;5404582.5;5407575.0;5410153.75;5411388.739014569;2992.5;2578.75;3813.739014568738;eev,integrated,separated,ws;lintim;Mumford0;Mumford0;True;False;1e-05;6000;1;2;20;50;200;-5;100;0.75;2;50;250;30;20;16;1081;1081
12429115;82;g_000;3;1;100;line_consecutive;0.5;1082;2;18;3-8,8-21,21-24;12;5370232.5;5374868.75;5376487.5;5391217.5;4636.25;1618.75;16348.75;eev,integrated,separated,ws;lintim;Mumford0;Mumford0;True;False;1e-05;6000;1;2;20;50;200;-5;100;0.75;2;50;250;30;20;16;1082;1082
12429115;83;g_000;4;1;60;line_consecutive;0.5;1083;3;0;2-25,8-11,8-25,11-22;1;5367537.5;5370733.75;5372352.5;5389682.5;3196.25;1618.75;18948.75;eev,integrated,separated,ws;lintim;Mumford0;Mumford0;True;False;1e-05;6000;1;2;20;50;200;-5;100;0.75;2;50;250;30;20;16;1083;1083
12429115;84;g_000;4;1;60;line_consecutive;0.5;1084;3;1;2-4,4-12,12-18,18-23;2;5330773.75;5332453.75;5334006.25;5351363.75;1680.0;1552.5;18910.0;eev,integrated,separated,ws;lintim;Mumford0;Mumford0;True;False;1e-05;6000;1;2;20;50;200;-5;100;0.75;2;50;250;30;20;16;1084;1084
12429115;85;g_000;4;1;60;line_consecutive;0.5;1085;3;2;1-23,4-12,12-18,18-23;2;5341555.0;5343623.75;5345203.75;5362533.75;2068.75;1580.0;18910.0;eev,integrated,separated,ws;lintim;Mumford0;Mumford0;True;False;1e-05;6000;1;2;20;50;200;-5;100;0.75;2;50;250;30;20;16;1085;1085
12429115;86;g_000;4;1;60;line_consecutive;0.5;1086;3;3;1-14,1-23,12-18,18-23;2;5349571.25;5352645.0;5354266.25;5371596.25;3073.75;1621.25;18951.25;eev,integrated,separated,ws;lintim;Mumford0;Mumford0;True;False;1e-05;6000;1;2;20;50;200;-5;100;0.75;2;50;250;30;20;16;1086;1086
12429115;87;g_000;4;1;60;line_consecutive;0.5;1087;3;4;1-13,1-29,9-13,17-29;3;5334963.75;5337023.749258158;5338761.25;5356091.25;2059.999258157797;1737.5007418422028;19067.500741842203;eev,integrated,separated,ws;lintim;Mumford0;Mumford0;True;False;1e-05;6000;1;2;20;50;200;-5;100;0.75;2;50;250;30;20;16;1087;1087
12429115;88;g_000;4;1;60;line_consecutive;0.5;1088;3;5;1-13,1-29,17-28,17-29;3;5374077.5;5377292.5;5378471.25;8600597.499538876;3215.0;1178.75;3223304.999538876;eev,integrated,separated,ws;lintim;Mumford0;Mumford0;True;False;1e-05;6000;1;2;20;50;200;-5;100;0.75;2;50;250;30;20;16;1088;1088
12429115;89;g_000;4;1;60;line_consecutive;0.5;1089;3;6;1-29,17-28,17-29,28-30;3;5332116.25;5334846.25;5335956.25;5334986.248777449;2730.0;1110.0;139.998777449131;eev,integrated,separated,ws;lintim;Mumford0;Mumford0;True;False;1e-05;6000;1;2;20;50;200;-5;100;0.75;2;50;250;30;20;16;1089;1089
12429115;90;g_000;4;1;60;line_consecutive;0.5;1090;3;7;6-7,7-14,14-19,19-20;4;5341305.0;5344042.5;5345482.5;5344512.498777449;2737.5;1440.0;469.998777449131;eev,integrated,separated,ws;lintim;Mumford0;Mumford0;True;False;1e-05;6000;1;2;20;50;200;-5;100;0.75;2;50;250;30;20;16;1090;1090
12429115;91;g_000;4;1;60;line_consecutive;0.5;1091;3;8;2-15,7-17,8-15,8-17;10;5332588.75;5335326.25;5337187.5;5336217.498777449;2737.5;1861.25;891.248777449131;eev,integrated,separated,ws;lintim;Mumford0;Mumford0;True;False;1e-05;6000;1;2;20;50;200;-5;100;0.75;2;50;250;30;20;16;1091;1091
12429115;92;g_000;4;1;60;line_consecutive;0.5;1092;3;9;6-7,7-17,8-15,8-17;10;6442361.25;6443676.25;6443676.25;6443676.25;1315.0;0.0;0.0;eev,integrated,separated,ws;lintim;Mumford0;Mumford0;True;False;1e-05;6000;1;2;20;50;200;-5;100;0.75;2;50;250;30;20;16;1092;1092
12429115;93;g_000;4;1;60;line_consecutive;0.5;1093;3;10;12-15,12-18,18-23,19-23;11;6510446.25;6515295.0;6516811.25;7200932.5;4848.75;1516.25;685637.5;eev,integrated,separated,ws;lintim;Mumford0;Mumford0;True;False;1e-05;6000;1;2;20;50;200;-5;100;0.75;2;50;250;30;20;16;1093;1093
12429115;94;g_000;1;2;50;line_consecutive;0.5;1094;4;0;8-25|8-11;1|1;5348031.25;5351731.25;5356688.75;5356688.75;3700.0;4957.5;4957.5;eev,integrated,separated,ws;lintim;Mumford0;Mumford0;True;False;1e-05;6000;1;2;20;50;200;-5;100;0.75;2;50;250;30;20;16;1094;1094
12429115;95;g_000;1;2;50;line_consecutive;0.5;1095;4;1;6-16|4-12;8|2;5341295.0;5344161.25;5345340.0;5345340.0;2866.25;1178.75;1178.75;eev,integrated,separated,ws;lintim;Mumford0;Mumford0;True;False;1e-05;6000;1;2;20;50;200;-5;100;0.75;2;50;250;30;20;16;1095;1095
12429115;96;g_000;1;2;50;line_consecutive;0.5;1096;4;2;17-28|1-29;3|3;5338701.25;5341731.25;5342910.0;5342910.0;3030.0;1178.75;1178.75;eev,integrated,separated,ws;lintim;Mumford0;Mumford0;True;False;1e-05;6000;1;2;20;50;200;-5;100;0.75;2;50;250;30;20;16;1096;1096
12429115;97;g_000;1;2;50;line_consecutive;0.5;1097;4;3;15-24|17-29;5|3;6447392.5;6447392.5;6447392.5;6450027.5;0.0;0.0;2635.0;eev,integrated,separated,ws;lintim;Mumford0;Mumford0;True;False;1e-05;6000;1;2;20;50;200;-5;100;0.75;2;50;250;30;20;16;1097;1097
12429115;98;g_000;1;2;50;line_consecutive;0.5;1098;4;4;8-25|1-14;1|2;6442525.0;6443157.5;6443302.5;6445937.5;632.5;145.0;2780.0;eev,integrated,separated,ws;lintim;Mumford0;Mumford0;True;False;1e-05;6000;1;2;20;50;200;-5;100;0.75;2;50;250;30;20;16;1098;1098
12429115;99;g_000;1;2;50;line_consecutive;0.5;1099;4;5;15-24|5-8;5|6;5334967.5;5338701.25;5339850.0;5339850.0;3733.75;1148.75;1148.75;eev,integrated,separated,ws;lintim;Mumford0;Mumford0;True;False;1e-05;6000;1;2;20;50;200;-5;100;0.75;2;50;250;30;20;16;1099;1099
12429115;100;g_000;1;2;50;line_consecutive;0.5;1100;4;6;18-23|28-30;2,11|3;6412325.0;6412325.0;6412325.0;6412325.0;0.0;0.0;0.0;eev,integrated,separated,ws;lintim;Mumford0;Mumford0;True;False;1e-05;6000;1;2;20;50;200;-5;100;0.75;2;50;250;30;20;16;1100;1100
12429115;101;g_000;1;2;50;line_consecutive;0.5;1101;4;7;10-15|7-14;7|4;5378800.0;5381022.5;5382201.25;7594750.0;2222.5;1178.75;2213727.5;eev,integrated,separated,ws;lintim;Mumford0;Mumford0;True;False;1e-05;6000;1;2;20;50;200;-5;100;0.75;2;50;250;30;20;16;1101;1101
12429115;102;g_000;1;2;50;line_consecutive;0.5;1102;4;8;3-8|1-14;6,12|2;5383306.25;5386682.5;5387880.0;7597455.0;3376.25;1197.5;2210772.5;eev,integrated,separated,ws;lintim;Mumford0;Mumford0;True;False;1e-05;6000;1;2;20;50;200;-5;100;0.75;2;50;250;30;20;16;1102;1102
12429115;103;g_000;1;2;50;line_consecutive;0.5;1103;4;9;9-27|5-8;9|6;5389446.25;5393843.75;5394882.5;7603111.25;4397.5;1038.75;2209267.5;eev,integrated,separated,ws;lintim;Mumford0;Mumford0;True;False;1e-05;6000;1;2;20;50;200;-5;100;0.75;2;50;250;30;20;16;1103;1103
12429115;104;g_000;1;2;50;line_consecutive;0.5;1104;4;10;8-17|2-25;10|1;5370847.5;5376002.5;5379583.75;7589637.5;5155.0;3581.25;2213635.0;eev,integrated,separated,ws;lintim;Mumford0;Mumford0;True;False;1e-05;6000;1;2;20;50;200;-5;100;0.75;2;50;250;30;20;16;1104;1104
12429115;105;g_000;1;2;50;line_consecutive;0.5;1105;4;11;9-13|3-8;3|6,12;5367193.75;5368643.75;5369753.75;5368783.75;1450.0;1110.0;140.0;eev,integrated,separated,ws;lintim;Mumford0;Mumford0;True;False;1e-05;6000;1;2;20;50;200;-5;100;0.75;2;50;250;30;20;16;1105;1105
12429115;106;g_000;1;2;50;line_consecutive;0.5;1106;4;12;2-25|19-20;1|4;5345195.0;5349500.0;5350678.75;5350678.75;4305.0;1178.75;1178.75;eev,integrated,separated,ws;lintim;Mumford0;Mumford0;True;False;1e-05;6000;1;2;20;50;200;-5;100;0.75;2;50;250;30;20;16;1106;1106
12429115;107;g_000;1;2;50;line_consecutive;0.5;1107;4;13;19-20|9-27;4|9;5342620.0;5346925.0;5348103.75;5348103.75;4305.0;1178.75;1178.75;eev,integrated,separated,ws;lintim;Mumford0;Mumford0;True;False;1e-05;6000;1;2;20;50;200;-5;100;0.75;2;50;250;30;20;16;1107;1107
12429115;108;g_000;1;2;50;line_consecutive;0.5;1108;4;14;15-21|7-14;7|4;5343842.5;5347142.5;5349141.25;5349141.25;3300.0;1998.75;1998.75;eev,integrated,separated,ws;lintim;Mumford0;Mumford0;True;False;1e-05;6000;1;2;20;50;200;-5;100;0.75;2;50;250;30;20;16;1108;1108
12429115;109;g_000;1;2;50;line_consecutive;0.5;1109;4;15;9-27|14-19;9|4;5343237.5;5346537.5;5348566.25;5348566.25;3300.0;2028.75;2028.75;eev,integrated,separated,ws;lintim;Mumford0;Mumford0;True;False;1e-05;6000;1;2;20;50;200;-5;100;0.75;2;50;250;30;20;16;1109;1109
12429115;110;g_000;1;2;50;line_consecutive;0.5;1110;4;16;6-7|8-15;4,10|10;5331442.5;5335337.5;5337366.25;5337366.25;3895.0;2028.75;2028.75;eev,integrated,separated,ws;lintim;Mumford0;Mumford0;True;False;1e-05;6000;1;2;20;50;200;-5;100;0.75;2;50;250;30;20;16;1110;1110
12429115;111;g_000;1;2;50;line_consecutive;0.5;1111;4;17;1-23|1-14;2|2;5333837.5;5338210.0;5340238.75;5340238.75;4372.5;2028.75;2028.75;eev,integrated,separated,ws;lintim;Mumford0;Mumford0;True;False;1e-05;6000;1;2;20;50;200;-5;100;0.75;2;50;250;30;20;16;1111;1111
12429115;112;g_000;1;2;50;line_consecutive;0.5;1112;4;18;5-8|17-28;6|3;6438476.25;6438510.0;6438510.0;6446444.989014569;33.75;0.0;7934.989014568739;eev,integrated,separated,ws;lintim;Mumford0;Mumford0;True;False;1e-05;6000;1;2;20;50;200;-5;100;0.75;2;50;250;30;20;16;1112;1112
12429115;113;g_000;1;2;50;line_consecutive;0.5;1113;4;19;9-27|21-24;9|12;6939713.75;6950067.5;6952506.25;6951441.239014569;10353.75;2438.75;1373.7390145687386;eev,integrated,separated,ws;lintim;Mumford0;Mumford0;True;False;1e-05;6000;1;2;20;50;200;-5;100;0.75;2;50;250;30;20;16;1113;1113
12429115;114;g_000;1;2;50;line_consecutive;0.5;1114;4;20;19-20|9-13;4|3;7775067.5;7778895.0;7780988.75;15090442.5;3827.5;2093.75;7311547.5;eev,integrated,separated,ws;lintim;Mumford0;Mumford0;True;False;1e-05;6000;1;2;20;50;200;-5;100;0.75;2;50;250;30;20;16;1114;1114
12429115;115;g_000;1;2;50;line_consecutive;0.5;1115;4;21;15-24|2-4;5|2;5403202.5;5404706.25;5405816.25;12719245.0;1503.75;1110.0;7314538.75;eev,integrated,separated,ws;lintim;Mumford0;Mumford0;True;False;1e-05;6000;1;2;20;50;200;-5;100;0.75;2;50;250;30;20;16;1115;1115
12429115;116;g_000;1;2;50;line_consecutive;0.5;1116;4;22;1-13|2-25;3|1;5379672.5;5382665.0;5385243.75;5386478.739014569;2992.5;2578.75;3813.739014568738;eev,integrated,separated,ws;lintim;Mumford0;Mumford0;True;False;1e-05;6000;1;2;20;50;200;-5;100;0.75;2;50;250;30;20;16;1116;1116
12429115;117;g_000;1;2;50;line_consecutive;0.5;1117;4;23;5-8|7-14;6|4;5404582.5;5407575.0;5410153.75;5411388.739014569;2992.5;2578.75;3813.739014568738;eev,integrated,separated,ws;lintim;Mumford0;Mumford0;True;False;1e-05;6000;1;2;20;50;200;-5;100;0.75;2;50;250;30;20;16;1117;1117
12429115;118;g_000;1;2;50;line_consecutive;0.5;1118;4;24;6-7|4-12;4,10|2;5370232.5;5374868.75;5376487.5;5391217.5;4636.25;1618.75;16348.75;eev,integrated,separated,ws;lintim;Mumford0;Mumford0;True;False;1e-05;6000;1;2;20;50;200;-5;100;0.75;2;50;250;30;20;16;1118;1118
12429115;119;g_000;1;2;50;line_consecutive;0.5;1119;4;25;1-14|1-29;2|3;5367537.5;5370733.75;5372352.5;5389682.5;3196.25;1618.75;18948.75;eev,integrated,separated,ws;lintim;Mumford0;Mumford0;True;False;1e-05;6000;1;2;20;50;200;-5;100;0.75;2;50;250;30;20;16;1119;1119
12429115;120;g_000;1;2;50;line_consecutive;0.5;1120;4;26;1-29|9-27;3|9;5330773.75;5332453.75;5334006.25;5351363.75;1680.0;1552.5;18910.0;eev,integrated,separated,ws;lintim;Mumford0;Mumford0;True;False;1e-05;6000;1;2;20;50;200;-5;100;0.75;2;50;250;30;20;16;1120;1120
12429115;121;g_000;1;2;50;line_consecutive;0.5;1121;4;27;2-4|28-30;2|3;5341555.0;5343623.75;5345203.75;5362533.75;2068.75;1580.0;18910.0;eev,integrated,separated,ws;lintim;Mumford0;Mumford0;True;False;1e-05;6000;1;2;20;50;200;-5;100;0.75;2;50;250;30;20;16;1121;1121
12429115;122;g_000;1;2;50;line_consecutive;0.5;1122;4;28;15-21|6-7;7|4,10;5349571.25;5352645.0;5354266.25;5371596.25;3073.75;1621.25;18951.25;eev,integrated,separated,ws;lintim;Mumford0;Mumford0;True;False;1e-05;6000;1;2;20;50;200;-5;100;0.75;2;50;250;30;20;16;1122;1122
12429115;123;g_000;1;2;50;line_consecutive;0.5;1123;4;29;7-17|18-23;10|2,11;5334963.75;5337023.749258158;5338761.25;5356091.25;2059.999258157797;1737.5007418422028;19067.500741842203;eev,integrated,separated,ws;lintim;Mumford0;Mumford0;True;False;1e-05;6000;1;2;20;50;200;-5;100;0.75;2;50;250;30;20;16;1123;1123
12429115;124;g_000;1;2;50;line_consecutive;0.5;1124;4;30;6-16|19-23;8|11;5374077.5;5377292.5;5378471.25;8600597.499538876;3215.0;1178.75;3223304.999538876;eev,integrated,separated,ws;lintim;Mumford0;Mumford0;True;False;1e-05;6000;1;2;20;50;200;-5;100;0.75;2;50;250;30;20;16;1124;1124
12429115;125;g_000;1;2;50;line_consecutive;0.5;1125;4;31;10-15|18-23;7|2,11;5332116.25;5334846.25;5335956.25;5334986.248777449;2730.0;1110.0;139.998777449131;eev,integrated,separated,ws;lintim;Mumford0;Mumford0;True;False;1e-05;6000;1;2;20;50;200;-5;100;0.75;2;50;250;30;20;16;1125;1125
12429115;126;g_000;1;2;50;line_consecutive;0.5;1126;4;32;11-22|19-23;1|11;5341305.0;5344042.5;5345482.5;5344512.498777449;2737.5;1440.0;469.998777449131;eev,integrated,separated,ws;lintim;Mumford0;Mumford0;True;False;1e-05;6000;1;2;20;50;200;-5;100;0.75;2;50;250;30;20;16;1126;1126
12429115;127;g_000;1;2;50;line_consecutive;0.5;1127;4;33;18-23|19-20;2,11|4;5332588.75;5335326.25;5337187.5;5336217.498777449;2737.5;1861.25;891.248777449131;eev,integrated,separated,ws;lintim;Mumford0;Mumford0;True;False;1e-05;6000;1;2;20;50;200;-5;100;0.75;2;50;250;30;20;16;1127;1127
12429115;128;g_000;1;2;50;line_consecutive;0.5;1128;4;34;3-8|1-23;6,12|2;6442361.25;6443676.25;6443676.25;6443676.25;1315.0;0.0;0.0;eev,integrated,separated,ws;lintim;Mumford0;Mumford0;True;False;1e-05;6000;1;2;20;50;200;-5;100;0.75;2;50;250;30;20;16;1128;1128
12429115;129;g_000;1;2;50;line_consecutive;0.5;1129;4;35;19-20|28-30;4|3;6510446.25;6515295.0;6516811.25;7200932.5;4848.75;1516.25;685637.5;eev,integrated,separated,ws;lintim;Mumford0;Mumford0;True;False;1e-05;6000;1;2;20;50;200;-5;100;0.75;2;50;250;30;20;16;1129;1129
12429115;130;g_000;1;2;50;line_consecutive;0.5;1130;4;36;9-13|17-28;3|3;5348031.25;5351731.25;5356688.75;5356688.75;3700.0;4957.5;4957.5;eev,integrated,separated,ws;lintim;Mumford0;Mumford0;True;False;1e-05;6000;1;2;20;50;200;-5;100;0.75;2;50;250;30;20;16;1130;1130
12429115;131;g_000;1;2;50;line_consecutive;0.5;1131;4;37;14-19|4-12;4|2;5341295.0;5344161.25;5345340.0;5345340.0;2866.25;1178.75;1178.75;eev,integrated,separated,ws;lintim;Mumford0;Mumford0;True;False;1e-05;6000;1;2;20;50;200;-5;100;0.75;2;50;250;30;20;16;1131;1131
12429115;132;g_000;1;2;50;line_consecutive;0.5;1132;4;38;9-13|1-13;3|3;5338701.25;5341731.25;5342910.0;5342910.0;3030.0;1178.75;1178.75;eev,integrated,separated,ws;lintim;Mumford0;Mumford0;True;False;1e-05;6000;1;2;20;50;200;-5;100;0.75;2;50;250;30;20;16;1132;1132
12429115;133;g_000;1;2;50;line_consecutive;0.5;1133;4;39;1-29|21-24;3|12;6447392.5;6447392.5;6447392.5;6450027.5;0.0;0.0;2635.0;eev,integrated,separated,ws;lintim;Mumford0;Mumford0;True;False;1e-05;6000;1;2;20;50;200;-5;100;0.75;2;50;250;30;20;16;1133;1133
12429115;134;g_000;1;2;50;line_consecutive;0.5;1134;4;40;12-18|15-21;2,11|7;6442525.0;6443157.5;6443302.5;6445937.5;632.5;145.0;2780.0;eev,integrated,separated,ws;lintim;Mumford0;Mumford0;True;False;1e-05;6000;1;2;20;50;200;-5;100;0.75;2;50;250;30;20;16;1134;1134
12429115;135;g_000;1;2;50;line_consecutive;0.5;1135;4;41;21-24|1-13;12|3;5334967.5;5338701.25;5339850.0;5339850.0;3733.75;1148.75;1148.75;eev,integrated,separated,ws;lintim;Mumford0;Mumford0;True;False;1e-05;6000;1;2;20;50;200;-5;100;0.75;2;50;250;30;20;16;1135;1135
12429115;136;g_000;1;2;50;line_consecutive;0.5;1136;4;42;19-23|19-20;11|4;6412325.0;6412325.0;6412325.0;6412325.0;0.0;0.0;0.0;eev,integrated,separated,ws;lintim;Mumford0;Mumford0;True;False;1e-05;6000;1;2;20;50;200;-5;100;0.75;2;50;250;30;20;16;1136;1136
12429115;137;g_000;1;2;50;line_consecutive;0.5;1137;4;43;17-29|1-13;3|3;5378800.0;5381022.5;5382201.25;7594750.0;2222.5;1178.75;2213727.5;eev,integrated,separated,ws;lintim;Mumford0;Mumford0;True;False;1e-05;6000;1;2;20;50;200;-5;100;0.75;2;50;250;30;20;16;1137;1137
12429115;138;g_000;1;2;50;line_consecutive;0.5;1138;4;44;28-30|1-23;3|2;5383306.25;5386682.5;5387880.0;7597455.0;3376.25;1197.5;2210772.5;eev,integrated,separated,ws;lintim;Mumford0;Mumford0;True;False;1e-05;6000;1;2;20;50;200;-5;100;0.75;2;50;250;30;20;16;1138;1138
12429115;139;g_000;1;2;50;line_consecutive;0.5;1139;4;45;8-25|28-30;1|3;5389446.25;5393843.75;5394882.5;7603111.25;4397.5;1038.75;2209267.5;eev,integrated,separated,ws;lintim;Mumford0;Mumford0;True;False;1e-05;6000;1;2;20;50;200;-5;100;0.75;2;50;250;30;20;16;1139;1139
12429115;140;g_000;1;2;50;line_consecutive;0.5;1140;4;46;28-30|4-12;3|2;5370847.5;5376002.5;5379583.75;7589637.5;5155.0;3581.25;2213635.0;eev,integrated,separated,ws;lintim;Mumford0;Mumford0;True;False;1e-05;6000;1;2;20;50;200;-5;100;0.75;2;50;250;30;20;16;1140;1140
12429115;141;g_000;1;2;50;line_consecutive;0.5;1141;4;47;21-24|12-26;12|5;5367193.75;5368643.75;5369753.75;5368783.75;1450.0;1110.0;140.0;eev,integrated,separated,ws;lintim;Mumford0;Mumford0;True;False;1e-05;6000;1;2;20;50;200;-5;100;0.75;2;50;250;30;20;16;1141;1141
12429115;142;g_000;1;2;50;line_consecutive;0.5;1142;4;48;5-8|15-21;6|7;5345195.0;5349500.0;5350678.75;5350678.75;4305.0;1178.75;1178.75;eev,integrated,separated,ws;lintim;Mumford0;Mumford0;True;False;1e-05;6000;1;2;20;50;200;-5;100;0.75;2;50;250;30;20;16;1142;1142
12429115;143;g_000;1;2;50;line_consecutive;0.5;1143;4;49;3-8|4-12;6,12|2;5342620.0;5346925.0;5348103.75;5348103.75;4305.0;1178.75;1178.75;eev,integrated,separated,ws;lintim;Mumford0;Mumford0;True;False;1e-05;6000;1;2;20;50;200;-5;100;0.75;2;50;250;30;20;16;1143;1143
12429115;144;g_000;1;3;30;line_consecutive;0.5;1144;5;0;28-30|2-15|1-23;3|10|2;5343842.5;5347142.5;5349141.25;5349141.25;3300.0;1998.75;1998.75;eev,integrated,separated,ws;lintim;Mumford0;Mumford0;True;False;1e-05;6000;1;2;20;50;200;-5;100;0.75;2;50;250;30;20;16;1144;1144
12429115;145;g_000;1;3;30;line_consecutive;0.5;1145;5;1;1-23|8-17|8-25;2|10|1;5343237.5;5346537.5;5348566.25;5348566.25;3300.0;2028.75;2028.75;eev,integrated,separated,ws;lintim;Mumford0;Mumford0;True;False;1e-05;6000;1;2;20;50;200;-5;100;0.75;2;50;250;30;20;16;1145;1145
12429115;146;g_000;1;3;30;line_consecutive;0.5;1146;5;2;7-14|7-17|2-25;4|10|1;5331442.5;5335337.5;5337366.25;5337366.25;3895.0;2028.75;2028.75;eev,integrated,separated,ws;lintim;Mumford0;Mumford0;True;False;1e-05;6000;1;2;20;50;200;-5;100;0.75;2;50;250;30;20;16;1146;1146
12429115;147;g_000;1;3;30;line_consecutive;0.5;1147;5;3;1-23|1-14|6-7;2|2|4,10;5333837.5;5338210.0;5340238.75;5340238.75;4372.5;2028.75;2028.75;eev,integrated,separated,ws;lintim;Mumford0;Mumford0;True;False;1e-05;6000;1;2;20;50;200;-5;100;0.75;2;50;250;30;20;16;1147;1147
12429115;148;g_000;1;3;30;line_consecutive;0.5;1148;5;4;3-8|2-4|2-15;6,12|2|10;6438476.25;6438510.0;6438510.0;6446444.989014569;33.75;0.0;7934.989014568739;eev,integrated,separated,ws;lintim;Mumford0;Mumford0;True;False;1e-05;6000;1;2;20;50;200;-5;100;0.75;2;50;250;30;20;16;1148;1148
12429115;149;g_000;1;3;30;line_consecutive;0.5;1149;5;5;12-15|4-12|8-21;5,11|2|12;6939713.75;6950067.5;6952506.25;6951441.239014569;10353.75;2438.75;1373.7390145687386;eev,integrated,separated,ws;lintim;Mumford0;Mumford0;True;False;1e-05;6000;1;2;20;50;200;-5;100;0.75;2;50;250;30;20;16;1149;1149
12429115;150;g_000;1;3;30;line_consecutive;0.5;1150;5;6;28-30|9-27|4-12;3|9|2;7775067.5;7778895.0;7780988.75;15090442.5;3827.5;2093.75;7311547.5;eev,integrated,separated,ws;lintim;Mumford0;Mumford0;True;False;1e-05;6000;1;2;20;50;200;-5;100;0.75;2;50;250;30;20;16;1150;1150
12429115;151;g_000;1;3;30;line_consecutive;0.5;1151;5;7;2-25|5-8|3-8;1|6|6,12;5403202.5;5404706.25;5405816.25;12719245.0;1503.75;1110.0;7314538.75;eev,integrated,separated,ws;lintim;Mumford0;Mumford0;True;False;1e-05;6000;1;2;20;50;200;-5;100;0.75;2;50;250;30;20;16;1151;1151
12429115;152;g_000;1;3;30;line_consecutive;0.5;1152;5;8;6-16|10-15|21-24;8|7|12;5379672.5;5382665.0;5385243.75;5386478.739014569;2992.5;2578.75;3813.739014568738;eev,integrated,separated,ws;lintim;Mumford0;Mumford0;True;False;1e-05;6000;1;2;20;50;200;-5;100;0.75;2;50;250;30;20;16;1152;1152
12429115;153;g_000;1;3;30;line_consecutive;0.5;1153;5;9;1-29|2-4|9-27;3|2|9;5404582.5;5407575.0;5410153.75;5411388.739014569;2992.5;2578.75;3813.739014568738;eev,integrated,separated,ws;lintim;Mumford0;Mumford0;True;False;1e-05;6000;1;2;20;50;200;-5;100;0.75;2;50;250;30;20;16;1153;1153
12429115;154;g_000;1;3;30;line_consecutive;0.5;1154;5;10;1-23|6-7|15-24;2|4,10|5;5370232.5;5374868.75;5376487.5;5391217.5;4636.25;1618.75;16348.75;eev,integrated,separated,ws;lintim;Mumford0;Mumford0;True;False;1e-05;6000;1;2;20;50;200;-5;100;0.75;2;50;250;30;20;16;1154;1154
12429115;155;g_000;1;3;30;line_consecutive;0.5;1155;5;11;2-15|5-8|6-7;10|6|4,10;5367537.5;5370733.75;5372352.5;5389682.5;3196.25;1618.75;18948.75;eev,integrated,separated,ws;lintim;Mumford0;Mumford0;True;False;1e-05;6000;1;2;20;50;200;-5;100;0.75;2;50;250;30;20;16;1155;1155
12429115;156;g_000;1;3;30;line_consecutive;0.5;1156;5;12;19-23|18-23|15-21;11|2,11|7;5330773.75;5332453.75;5334006.25;5351363.75;1680.0;1552.5;18910.0;eev,integrated,separated,ws;lintim;Mumford0;Mumford0;True;False;1e-05;6000;1;2;20;50;200;-5;100;0.75;2;50;250;30;20;16;1156;1156
12429115;157;g_000;1;3;30;line_consecutive;0.5;1157;5;13;2-4|8-15|1-13;2|10|3;5341555.0;5343623.75;5345203.75;5362533.75;2068.75;1580.0;18910.0;eev,integrated,separated,ws;lintim;Mumford0;Mumford0;True;False;1e-05;6000;1;2;20;50;200;-5;100;0.75;2;50;250;30;20;16;1157;1157
12429115;158;g_000;1;3;30;line_consecutive;0.5;1158;5;14;8-25|19-23|12-26;1|11|5;5349571.25;5352645.0;5354266.25;5371596.25;3073.75;1621.25;18951.25;eev,integrated,separated,ws;lintim;Mumford0;Mumford0;True;False;1e-05;6000;1;2;20;50;200;-5;100;0.75;2;50;250;30;20;16;1158;1158
12429115;159;g_000;1;3;30;line_consecutive;0.5;1159;5;15;2-25|15-21|8-15;1|7|10;5334963.75;5337023.749258158;5338761.25;5356091.25;2059.999258157797;1737.5007418422028;19067.500741842203;eev,integrated,separated,ws;lintim;Mumford0;Mumford0;True;False;1e-05;6000;1;2;20;50;200;-5;100;0.75;2;50;250;30;20;16;1159;1159
12429115;160;g_000;1;3;30;line_consecutive;0.5;1160;5;16;12-15|8-25|2-25;5,11|1|1;5374077.5;5377292.5;5378471.25;8600597.499538876;3215.0;1178.75;3223304.999538876;eev,integrated,separated,ws;lintim;Mumford0;Mumford0;True;False;1e-05;6000;1;2;20;50;200;-5;100;0.75;2;50;250;30;20;16;1160;1160
12429115;161;g_000;1;3;30;line_consecutive;0.5;1161;5;17;1-23|11-22|14-19;2|1|4;5332116.25;5334846.25;5335956.25;5334986.248777449;2730.0;1110.0;139.998777449131;eev,integrated,separated,ws;lintim;Mumford0;Mumford0;True;False;1e-05;6000;1;2;20;50;200;-5;100;0.75;2;50;250;30;20;16;1161;1161
12429115;162;g_000;1;3;30;line_consecutive;0.5;1162;5;18;1-13|1-14|12-15;3|2|5,11;5341305.0;5344042.5;5345482.5;5344512.498777449;2737.5;1440.0;469.998777449131;eev,integrated,separated,ws;lintim;Mumford0;Mumford0;True;False;1e-05;6000;1;2;20;50;200;-5;100;0.75;2;50;250;30;20;16;1162;1162
12429115;163;g_000;1;3;30;line_consecutive;0.5;1163;5;19;1-13|9-27|2-25;3|9|1;5332588.75;5335326.25;5337187.5;5336217.498777449;2737.5;1861.25;891.248777449131;eev,integrated,separated,ws;lintim;Mumford0;Mumford0;True;False;1e-05;6000;1;2;20;50;200;-5;100;0.75;2;50;250;30;20;16;1163;1163
12429115;164;g_000;1;3;30;line_consecutive;0.5;1164;5;20;28-30|3-8|2-4;3|6,12|2;6442361.25;6443676.25;6443676.25;6443676.25;1315.0;0.0;0.0;eev,integrated,separated,ws;lintim;Mumford0;Mumford0;True;False;1e-05;6000;1;2;20;50;200;-5;100;0.75;2;50;250;30;20;16;1164;1164
12429115;165;g_000;1;3;30;line_consecutive;0.5;1165;5;21;7-17|8-15|9-27;10|10|9;6510446.25;6515295.0;6516811.25;7200932.5;4848.75;1516.25;685637.5;eev,integrated,separated,ws;lintim;Mumford0;Mumford0;True;False;1e-05;6000;1;2;20;50;200;-5;100;0.75;2;50;250;30;20;16;1165;1165
12429115;166;g_000;1;3;30;line_consecutive;0.5;1166;5;22;2-15|3-8|17-28;10|6,12|3;5348031.25;5351731.25;5356688.75;5356688.75;3700.0;4957.5;4957.5;eev,integrated,separated,ws;lintim;Mumford0;Mumford0;True;False;1e-05;6000;1;2;20;50;200;-5;100;0.75;2;50;250;30;20;16;1166;1166
12429115;167;g_000;1;3;30;line_consecutive;0.5;1167;5;23;19-23|6-16|2-25;11|8|1;5341295.0;5344161.25;5345340.0;5345340.0;2866.25;1178.75;1178.75;eev,integrated,separated,ws;lintim;Mumford0;Mumford0;True;False;1e-05;6000;1;2;20;50;200;-5;100;0.75;2;50;250;30;20;16;1167;1167
12429115;168;g_000;1;3;30;line_consecutive;0.5;1168;5;24;19-23|7-14|8-25;11|4|1;5338701.25;5341731.25;5342910.0;5342910.0;3030.0;1178.75;1178.75;eev,integrated,separated,ws;lintim;Mumford0;Mumford0;True;False;1e-05;6000;1;2;20;50;200;-5;100;0.75;2;50;250;30;20;16;1168;1168
12429115;169;g_000;1;3;30;line_consecutive;0.5;1169;5;25;7-14|2-15|28-30;4|10|3;6447392.5;6447392.5;6447392.5;6450027.5;0.0;0.0;2635.0;eev,integrated,separated,ws;lintim;Mumford0;Mumford0;True;False;1e-05;6000;1;2;20;50;200;-5;100;0.75;2;50;250;30;20;16;1169;1169
12429115;170;g_000;1;3;30;line_consecutive;0.5;1170;5;26;2-15|5-8|7-14;10|6|4;6442525.0;6443157.5;6443302.5;6445937.5;632.5;145.0;2780.0;eev,integrated,separated,ws;lintim;Mumford0;Mumford0;True;False;1e-05;6000;1;2;20;50;200;-5;100;0.75;2;50;250;30;20;16;1170;1170
12429115;171;g_000;1;3;30;line_consecutive;0.5;1171;5;27;9-13|1-29|12-15;3|3|5,11;5334967.5;5338701.25;5339850.0;5339850.0;3733.75;1148.75;1148.75;eev,integrated,separated,ws;lintim;Mumford0;Mumford0;True;False;1e-05;6000;1;2;20;50;200;-5;100;0.75;2;50;250;30;20;16;1171;1171
12429115;172;g_000;1;3;30;line_consecutive;0.5;1172;5;28;8-25|6-7|10-15;1|4,10|7;6412325.0;6412325.0;6412325.0;6412325.0;0.0;0.0;0.0;eev,integrated,separated,ws;lintim;Mumford0;Mumford0;True;False;1e-05;6000;1;2;20;50;200;-5;100;0.75;2;50;250;30;20;16;1172;1172
12429115;173;g_000;1;3;30;line_consecutive;0.5;1173;5;29;10-15|19-23|12-15;7|11|5,11;5378800.0;5381022.5;5382201.25;7594750.0;2222.5;1178.75;2213727.5;eev,integrated,separated,ws;lintim;Mumford0;Mumford0;True;False;1e-05;6000;1;2;20;50;200;-5;100;0.75;2;50;250;30;20;16;1173;1173
12429115;174;g_000;2;2;40;line_consecutive;0.5;1174;6;0;10-15,15-21|2-15,8-15;7|10;5383306.25;5386682.5;5387880.0;7597455.0;3376.25;1197.5;2210772.5;eev,integrated,separated,ws;lintim;Mumford0;Mumford0;True;False;1e-05;6000;1;2;20;50;200;-5;100;0.75;2;50;250;30;20;16;1174;1174
12429115;175;g_000;2;2;40;line_consecutive;0.5;1175;6;1;6-7,7-14|12-18,18-23;4|2,11;5389446.25;5393843.75;5394882.5;7603111.25;4397.5;1038.75;2209267.5;eev,integrated,separated,ws;lintim;Mumford0;Mumford0;True;False;1e-05;6000;1;2;20;50;200;-5;100;0.75;2;50;250;30;20;16;1175;1175
12429115;176;g_000;2;2;40;line_consecutive;0.5;1176;6;2;1-23,18-23|1-14,1-23;2|2;5370847.5;5376002.5;5379583.75;7589637.5;5155.0;3581.25;2213635.0;eev,integrated,separated,ws;lintim;Mumford0;Mumford0;True;False;1e-05;6000;1;2;20;50;200;-5;100;0.75;2;50;250;30;20;16;1176;1176
12429115;177;g_000;2;2;40;line_consecutive;0.5;1177;6;3;2-25,8-25|1-14,1-23;1|2;5367193.75;5368643.75;5369753.75;5368783.75;1450.0;1110.0;140.0;eev,integrated,separated,ws;lintim;Mumford0;Mumford0;True;False;1e-05;6000;1;2;20;50;200;-5;100;0.75;2;50;250;30;20;16;1177;1177
12429115;178;g_000;2;2;40;line_consecutive;0.5;1178;6;4;1-13,1-29|12-15,12-26;3|5;5345195.0;5349500.0;5350678.75;5350678.75;4305.0;1178.75;1178.75;eev,integrated,separated,ws;lintim;Mumford0;Mumford0;True;False;1e-05;6000;1;2;20;50;200;-5;100;0.75;2;50;250;30;20;16;1178;1178
12429115;179;g_000;2;2;40;line_consecutive;0.5;1179;6;5;3-8,8-21|2-25,8-25;12|1;5342620.0;5346925.0;5348103.75;5348103.75;4305.0;1178.75;1178.75;eev,integrated,separated,ws;lintim;Mumford0;Mumford0;True;False;1e-05;6000;1;2;20;50;200;-5;100;0.75;2;50;250;30;20;16;1179;1179
12429115;180;g_000;2;2;40;line_consecutive;0.5;1180;6;6;1-23,18-23|12-18,18-23;2|2,11;5343842.5;5347142.5;5349141.25;5349141.25;3300.0;1998.75;1998.75;eev,integrated,separated,ws;lintim;Mumford0;Mumford0;True;False;1e-05;6000;1;2;20;50;200;-5;100;0.75;2;50;250;30;20;16;1180;1180
12429115;181;g_000;2;2;40;line_consecutive;0.5;1181;6;7;4-12,12-18|12-15,12-18;2|11;5343237.5;5346537.5;5348566.25;5348566.25;3300.0;2028.75;2028.75;eev,integrated,separated,ws;lintim;Mumford0;Mumford0;True;False;1e-05;6000;1;2;20;50;200;-5;100;0.75;2;50;250;30;20;16;1181;1181
12429115;182;g_000;2;2;40;line_consecutive;0.5;1182;6;8;12-15,12-26|6-7,7-14;5|4;5331442.5;5335337.5;5337366.25;5337366.25;3895.0;2028.75;2028.75;eev,integrated,separated,ws;lintim;Mumford0;Mumford0;True;False;1e-05;6000;1;2;20;50;200;-5;100;0.75;2;50;250;30;20;16;1182;1182
12429115;183;g_000;2;2;40;line_consecutive;0.5;1183;6;9;2-25,8-25|6-7,7-14;1|4;5333837.5;5338210.0;5340238.75;5340238.75;4372.5;2028.75;2028.75;eev,integrated,separated,ws;lintim;Mumford0;Mumford0;True;False;1e-05;6000;1;2;20;50;200;-5;100;0.75;2;50;250;30;20;16;1183;1183
12429115;184;g_000;2;2;40;line_consecutive;0.5;1184;6;10;17-28,28-30|8-15,8-17;3|10;6438476.25;6438510.0;6438510.0;6446444.989014569;33.75;0.0;7934.989014568739;eev,integrated,separated,ws;lintim;Mumford0;Mumford0;True;False;1e-05;6000;1;2;20;50;200;-5;100;0.75;2;50;250;30;20;16;1184;1184
12429115;185;g_000;2;2;40;line_consecutive;0.5;1185;6;11;1-23,18-23|17-28,17-29;2|3;6939713.75;6950067.5;6952506.25;6951441.239014569;10353.75;2438.75;1373.7390145687386;eev,integrated,separated,ws;lintim;Mumford0;Mumford0;True;False;1e-05;6000;1;2;20;50;200;-5;100;0.75;2;50;250;30;20;16;1185;1185
12429115;186;g_000;2;2;40;line_consecutive;0.5;1186;6;12;12-15,12-26|3-8,8-21;5|12;7775067.5;7778895.0;7780988.75;15090442.5;3827.5;2093.75;7311547.5;eev,integrated,separated,ws;lintim;Mumford0;Mumford0;True;False;1e-05;6000;1;2;20;50;200;-5;100;0.75;2;50;250;30;20;16;1186;1186
12429115;187;g_000;2;2;40;line_consecutive;0.5;1187;6;13;18-23,19-23|6-7,7-14;11|4;5403202.5;5404706.25;5405816.25;12719245.0;1503.75;1110.0;7314538.75;eev,integrated,separated,ws;lintim;Mumford0;Mumford0;True;False;1e-05;6000;1;2;20;50;200;-5;100;0.75;2;50;250;30;20;16;1187;1187
12429115;188;g_000;2;2;40;line_consecutive;0.5;1188;6;14;1-13,9-13|14-19,19-20;3|4;5379672.5;5382665.0;5385243.75;5386478.739014569;2992.5;2578.75;3813.739014568738;eev,integrated,separated,ws;lintim;Mumford0;Mumford0;True;False;1e-05;6000;1;2;20;50;200;-5;100;0.75;2;50;250;30;20;16;1188;1188
12429115;189;g_000;2;2;40;line_consecutive;0.5;1189;6;15;7-17,8-17|14-19,19-20;10|4;5404582.5;5407575.0;5410153.75;5411388.739014569;2992.5;2578.75;3813.739014568738;eev,integrated,separated,ws;lintim;Mumford0;Mumford0;True;False;1e-05;6000;1;2;20;50;200;-5;100;0.75;2;50;250;30;20;16;1189;1189
12429115;190;g_000;2;2;40;line_consecutive;0.5;1190;6;16;17-28,28-30|7-17,8-17;3|10;5370232.5;5374868.75;5376487.5;5391217.5;4636.25;1618.75;16348.75;eev,integrated,separated,ws;lintim;Mumford0;Mumford0;True;False;1e-05;6000;1;2;20;50;200;-5;100;0.75;2;50;250;30;20;16;1190;1190
12429115;191;g_000;2;2;40;line_consecutive;0.5;1191;6;17;8-21,21-24|12-15,15-24;12|5;5367537.5;5370733.75;5372352.5;5389682.5;3196.25;1618.75;18948.75;eev,integrated,separated,ws;lintim;Mumford0;Mumford0;True;False;1e-05;6000;1;2;20;50;200;-5;100;0.75;2;50;250;30;20;16;1191;1191
12429115;192;g_000;2;2;40;line_consecutive;0.5;1192;6;18;18-23,19-23|12-15,12-26;11|5;5330773.75;5332453.75;5334006.25;5351363.75;1680.0;1552.5;18910.0;eev,integrated,separated,ws;lintim;Mumford0;Mumford0;True;False;1e-05;6000;1;2;20;50;200;-5;100;0.75;2;50;250;30;20;16;1192;1192
12429115;193;g_000;2;2;40;line_consecutive;0.5;1193;6;19;8-15,8-17|1-14,1-23;10|2;5341555.0;5343623.75;5345203.75;5362533.75;2068.75;1580.0;18910.0;eev,integrated,separated,ws;lintim;Mumford0;Mumford0;True;False;1e-05;6000;1;2;20;50;200;-5;100;0.75;2;50;250;30;20;16;1193;1193
12429115;194;g_000;2;2;40;line_consecutive;0.5;1194;6;20;1-13,1-29|12-15,15-24;3|5;5349571.25;5352645.0;5354266.25;5371596.25;3073.75;1621.25;18951.25;eev,integrated,separated,ws;lintim;Mumford0;Mumford0;True;False;1e-05;6000;1;2;20;50;200;-5;100;0.75;2;50;250;30;20;16;1194;1194
12429115;195;g_000;2;2;40;line_consecutive;0.5;1195;6;21;1-13,9-13|2-25,8-25;3|1;5334963.75;5337023.749258158;5338761.25;5356091.25;2059.999258157797;1737.5007418422028;19067.500741842203;eev,integrated,separated,ws;lintim;Mumford0;Mumford0;True;False;1e-05;6000;1;2;20;50;200;-5;100;0.75;2;50;250;30;20;16;1195;1195
12429115;196;g_000;2;2;40;line_consecutive;0.5;1196;6;22;12-18,18-23|2-25,8-25;2,11|1;5374077.5;5377292.5;5378471.25;8600597.499538876;3215.0;1178.75;3223304.999538876;eev,integrated,separated,ws;lintim;Mumford0;Mumford0;True;False;1e-05;6000;1;2;20;50;200;-5;100;0.75;2;50;250;30;20;16;1196;1196
12429115;197;g_000;2;2;40;line_consecutive;0.5;1197;6;23;12-18,18-23|6-7,7-17;2,11|10;5332116.25;5334846.25;5335956.25;5334986.248777449;2730.0;1110.0;139.998777449131;eev,integrated,separated,ws;lintim;Mumford0;Mumford0;True;False;1e-05;6000;1;2;20;50;200;-5;100;0.75;2;50;250;30;20;16;1197;1197
12429115;198;g_000;2;2;40;line_consecutive;0.5;1198;6;24;1-29,17-29|17-28,28-30;3|3;5341305.0;5344042.5;5345482.5;5344512.498777449;2737.5;1440.0;469.998777449131;eev,integrated,separated,ws;lintim;Mumford0;Mumford0;True;False;1e-05;6000;1;2;20;50;200;-5;100;0.75;2;50;250;30;20;16;1198;1198
12429115;199;g_000;2;2;40;line_consecutive;0.5;1199;6;25;8-11,8-25|1-13,1-29;1|3;5332588.75;5335326.25;5337187.5;5336217.498777449;2737.5;1861.25;891.248777449131;eev,integrated,separated,ws;lintim;Mumford0;Mumford0;True;False;1e-05;6000;1;2;20;50;200;-5;100;0.75;2;50;250;30;20;16;1199;1199
12429115;200;g_000;2;2;40;line_consecutive;0.5;1200;6;26;12-15,12-26|17-28,28-30;5|3;6442361.25;6443676.25;6443676.25;6443676.25;1315.0;0.0;0.0;eev,integrated,separated,ws;lintim;Mumford0;Mumford0;True;False;1e-05;6000;1;2;20;50;200;-5;100;0.75;2;50;250;30;20;16;1200;1200
12429115;201;g_000;2;2;40;line_consecutive;0.5;1201;6;27;7-17,8-17|6-7,7-17;10|10;6510446.25;6515295.0;6516811.25;7200932.5;4848.75;1516.25;685637.5;eev,integrated,separated,ws;lintim;Mumford0;Mumford0;True;False;1e-05;6000;1;2;20;50;200;-5;100;0.75;2;50;250;30;20;16;1201;1201
12429115;202;g_000;2;2;40;line_consecutive;0.5;1202;6;28;3-8,8-21|3-8,5-8;12|6;5348031.25;5351731.25;5356688.75;5356688.75;3700.0;4957.5;4957.5;eev,integrated,separated,ws;lintim;Mumford0;Mumford0;True;False;1e-05;6000;1;2;20;50;200;-5;100;0.75;2;50;250;30;20;16;1202;1202
12429115;203;g_000;2;2;40;line_consecutive;0.5;1203;6;29;8-15,8-17|2-15,8-15;10|10;5341295.0;5344161.25;5345340.0;5345340.0;2866.25;1178.75;1178.75;eev,integrated,separated,ws;lintim;Mumford0;Mumford0;True;False;1e-05;6000;1;2;20;50;200;-5;100;0.75;2;50;250;30;20;16;1203;1203
12429115;204;g_000;2;2;40;line_consecutive;0.5;1204;6;30;17-28,28-30|10-15,15-21;3|7;5338701.25;5341731.25;5342910.0;5342910.0;3030.0;1178.75;1178.75;eev,integrated,separated,ws;lintim;Mumford0;Mumford0;True;False;1e-05;6000;1;2;20;50;200;-5;100;0.75;2;50;250;30;20;16;1204;1204
12429115;205;g_000;2;2;40;line_consecutive;0.5;1205;6;31;1-29,17-29|6-7,7-17;3|10;6447392.5;6447392.5;6447392.5;6450027.5;0.0;0.0;2635.0;eev,integrated,separated,ws;lintim;Mumford0;Mumford0;True;False;1e-05;6000;1;2;20;50;200;-5;100;0.75;2;50;250;30;20;16;1205;1205
12429115;206;g_000;2;2;40;line_consecutive;0.5;1206;6;32;3-8,5-8|1-29,17-29;6|3;6442525.0;6443157.5;6443302.5;6445937.5;632.5;145.0;2780.0;eev,integrated,separated,ws;lintim;Mumford0;Mumford0;True;False;1e-05;6000;1;2;20;50;200;-5;100;0.75;2;50;250;30;20;16;1206;1206
12429115;207;g_000;2;2;40;line_consecutive;0.5;1207;6;33;12-15,15-24|4-12,12-18;5|2;5334967.5;5338701.25;5339850.0;5339850.0;3733.75;1148.75;1148.75;eev,integrated,separated,ws;lintim;Mumford0;Mumford0;True;False;1e-05;6000;1;2;20;50;200;-5;100;0.75;2;50;250;30;20;16;1207;1207
12429115;208;g_000;2;2;40;line_consecutive;0.5;1208;6;34;6-7,7-14|10-15,15-21;4|7;6412325.0;6412325.0;6412325.0;6412325.0;0.0;0.0;0.0;eev,integrated,separated,ws;lintim;Mumford0;Mumford0;True;False;1e-05;6000;1;2;20;50;200;-5;100;0.75;2;50;250;30;20;16;1208;1208
12429115;209;g_000;2;2;40;line_consecutive;0.5;1209;6;35;8-21,21-24|8-11,11-22;12|1;5378800.0;5381022.5;5382201.25;7594750.0;2222.5;1178.75;2213727.5;eev,integrated,separated,ws;lintim;Mumford0;Mumford0;True;False;1e-05;6000;1;2;20;50;200;-5;100;0.75;2;50;250;30;20;16;1209;1209
12429115;210;g_000;2;2;40;line_consecutive;0.5;1210;6;36;1-13,1-29|17-28,28-30;3|3;5383306.25;5386682.5;5387880.0;7597455.0;3376.25;1197.5;2210772.5;eev,integrated,separated,ws;lintim;Mumford0;Mumford0;True;False;1e-05;6000;1;2;20;50;200;-5;100;0.75;2;50;250;30;20;16;1210;1210
12429115;211;g_000;2;2;40;line_consecutive;0.5;1211;6;37;12-15,12-26|12-15,15-24;5|5;5389446.25;5393843.75;5394882.5;7603111.25;4397.5;1038.75;2209267.5;eev,integrated,separated,ws;lintim;Mumford0;Mumford0;True;False;1e-05;6000;1;2;20;50;200;-5;100;0.75;2;50;250;30;20;16;1211;1211
12429115;212;g_000;2;2;40;line_consecutive;0.5;1212;6;38;1-23,18-23|3-8,8-21;2|12;5370847.5;5376002.5;5379583.75;7589637.5;5155.0;3581.25;2213635.0;eev,integrated,separated,ws;lintim;Mumford0;Mumford0;True;False;1e-05;6000;1;2;20;50;200;-5;100;0.75;2;50;250;30;20;16;1212;1212
12429115;213;g_000;2;2;40;line_consecutive;0.5;1213;6;39;4-12,12-18|1-14,1-23;2|2;5367193.75;5368643.75;5369753.75;5368783.75;1450.0;1110.0;140.0;eev,integrated,separated,ws;lintim;Mumford0;Mumford0;True;False;1e-05;6000;1;2;20;50;200;-5;100;0.75;2;50;250;30;20;16;1213;1213
12429115;214;g_000;1;1;36;line_consecutive;0.3;1214;7;0;2-25;1;5345195.0;5349500.0;5350678.75;5350678.75;4305.0;1178.75;1178.75;eev,integrated,separated,ws;lintim;Mumford0;Mumford0;True;False;1e-05;6000;1;2;20;50;200;-5;100;0.75;2;50;250;30;20;16;1214;1214
12429115;215;g_000;1;1;36;line_consecutive;0.3;1215;7;1;8-25;1;5342620.0;5346925.0;5348103.75;5348103.75;4305.0;1178.75;1178.75;eev,integrated,separated,ws;lintim;Mumford0;Mumford0;True;False;1e-05;6000;1;2;20;50;200;-5;100;0.75;2;50;250;30;20;16;1215;1215
12429115;216;g_000;1;1;36;line_consecutive;0.3;1216;7;2;8-11;1;5343842.5;5347142.5;5349141.25;5349141.25;3300.0;1998.75;1998.75;eev,integrated,separated,ws;lintim;Mumford0;Mumford0;True;False;1e-05;6000;1;2;20;50;200;-5;100;0.75;2;50;250;30;20;16;1216;1216
12429115;217;g_000;1;1;36;line_consecutive;0.3;1217;7;3;11-22;1;5343237.5;5346537.5;5348566.25;5348566.25;3300.0;2028.75;2028.75;eev,integrated,separated,ws;lintim;Mumford0;Mumford0;True;False;1e-05;6000;1;2;20;50;200;-5;100;0.75;2;50;250;30;20;16;1217;1217
12429115;218;g_000;1;1;36;line_consecutive;0.3;1218;7;4;2-4;2;5331442.5;5335337.5;5337366.25;5337366.25;3895.0;2028.75;2028.75;eev,integrated,separated,ws;lintim;Mumford0;Mumford0;True;False;1e-05;6000;1;2;20;50;200;-5;100;0.75;2;50;250;30;20;16;1218;1218
12429115;219;g_000;1;1;36;line_consecutive;0.3;1219;7;5;4-12;2;5333837.5;5338210.0;5340238.75;5340238.75;4372.5;2028.75;2028.75;eev,integrated,separated,ws;lintim;Mumford0;Mumford0;True;False;1e-05;6000;1;2;20;50;200;-5;100;0.75;2;50;250;30;20;16;1219;1219
12429115;220;g_000;1;1;36;line_consecutive;0.3;1220;7;6;12-18;2,11;6438476.25;6438510.0;6438510.0;6446444.989014569;33.75;0.0;7934.989014568739;eev,integrated,separated,ws;lintim;Mumford0;Mumford0;True;False;1e-05;6000;1;2;20;50;200;-5;100;0.75;2;50;250;30;20;16;1220;1220
12429115;221;g_000;1;1;36;line_consecutive;0.3;1221;7;7;18-23;2,11;6939713.75;6950067.5;6952506.25;6951441.239014569;10353.75;2438.75;1373.7390145687386;eev,integrated,separated,ws;lintim;Mumford0;Mumford0;True;False;1e-05;6000;1;2;20;50;200;-5;100;0.75;2;50;250;30;20;16;1221;1221
12429115;222;g_000;1;1;36;line_consecutive;0.3;1222;7;8;1-23;2;7775067.5;7778895.0;7780988.75;15090442.5;3827.5;2093.75;7311547.5;eev,integrated,separated,ws;lintim;Mumford0;Mumford0;True;False;1e-05;6000;1;2;20;50;200;-5;100;0.75;2;50;250;30;20;16;1222;1222
12429115;223;g_000;1;1;36;line_consecutive;0.3;1223;7;9;1-14;2;5403202.5;5404706.25;5405816.25;12719245.0;1503.75;1110.0;7314538.75;eev,integrated,separated,ws;lintim;Mumford0;Mumford0;True;False;1e-05;6000;1;2;20;50;200;-5;100;0.75;2;50;250;30;20;16;1223;1223
12429115;224;g_000;1;1;36;line_consecutive;0.3;1224;7;10;9-13;3;5379672.5;5382665.0;5385243.75;5386478.739014569;2992.5;2578.75;3813.739014568738;eev,integrated,separated,ws;lintim;Mumford0;Mumford0;True;False;1e-05;6000;1;2;20;50;200;-5;100;0.75;2;50;250;30;20;16;1224;1224
12429115;225;g_000;1;1;36;line_consecutive;0.3;1225;7;11;1-13;3;5404582.5;5407575.0;5410153.75;5411388.739014569;2992.5;2578.75;3813.739014568738;eev,integrated,separated,ws;lintim;Mumford0;Mumford0;True;False;1e-05;6000;1;2;20;50;200;-5;100;0.75;2;50;250;30;20;16;1225;1225
12429115;226;g_000;1;1;36;line_consecutive;0.3;1226;7;12;1-29;3;5370232.5;5374868.75;5376487.5;5391217.5;4636.25;1618.75;16348.75;eev,integrated,separated,ws;lintim;Mumford0;Mumford0;True;False;1e-05;6000;1;2;20;50;200;-5;100;0.75;2;50;250;30;20;16;1226;1226
12429115;227;g_000;1;1;36;line_consecutive;0.3;1227;7;13;17-29;3;5367537.5;5370733.75;5372352.5;5389682.5;3196.25;1618.75;18948.75;eev,integrated,separated,ws;lintim;Mumford0;Mumford0;True;False;1e-05;6000;1;2;20;50;200;-5;100;0.75;2;50;250;30;20;16;1227;1227
12429115;228;g_000;1;1;36;line_consecutive;0.3;1228;7;14;17-28;3;5330773.75;5332453.75;5334006.25;5351363.75;1680.0;1552.5;18910.0;eev,integrated,separated,ws;lintim;Mumford0;Mumford0;True;False;1e-05;6000;1;2;20;50;200;-5;100;0.75;2;50;250;30;20;16;1228;1228
12429115;229;g_000;1;1;36;line_consecutive;0.3;1229;7;15;28-30;3;5341555.0;5343623.75;5345203.75;5362533.75;2068.75;1580.0;18910.0;eev,integrated,separated,ws;lintim;Mumford0;Mumford0;True;False;1e-05;6000;1;2;20;50;200;-5;100;0.75;2;50;250;30;20;16;1229;1229
12429115;230;g_000;1;1;36;line_consecutive;0.3;1230;7;16;6-7;4,10;5349571.25;5352645.0;5354266.25;5371596.25;3073.75;1621.25;18951.25;eev,integrated,separated,ws;lintim;Mumford0;Mumford0;True;False;1e-05;6000;1;2;20;50;200;-5;100;0.75;2;50;250;30;20;16;1230;1230
12429115;231;g_000;1;1;36;line_consecutive;0.3;1231;7;17;7-14;4;5334963.75;5337023.749258158;5338761.25;5356091.25;2059.999258157797;1737.5007418422028;19067.500741842203;eev,integrated,separated,ws;lintim;Mumford0;Mumford0;True;False;1e-05;6000;1;2;20;50;200;-5;100;0.75;2;50;250;30;20;16;1231;1231
12429115;232;g_000;1;1;36;line_consecutive;0.3;1232;7;18;14-19;4;5374077.5;5377292.5;5378471.25;8600597.499538876;3215.0;1178.75;3223304.999538876;eev,integrated,separated,ws;lintim;Mumford0;Mumford0;True;False;1e-05;6000;1;2;20;50;200;-5;100;0.75;2;50;250;30;20;16;1232;1232
12429115;233;g_000;1;1;36;line_consecutive;0.3;1233;7;19;19-20;4;5332116.25;5334846.25;5335956.25;5334986.248777449;2730.0;1110.0;139.998777449131;eev,integrated,separated,ws;lintim;Mumford0;Mumford0;True;False;1e-05;6000;1;2;20;50;200;-5;100;0.75;2;50;250;30;20;16;1233;1233
12429115;234;g_000;1;1;36;line_consecutive;0.3;1234;7;20;15-24;5;5341305.0;5344042.5;5345482.5;5344512.498777449;2737.5;1440.0;469.998777449131;eev,integrated,separated,ws;lintim;Mumford0;Mumford0;True;False;1e-05;6000;1;2;20;50;200;-5;100;0.75;2;50;250;30;20;16;1234;1234
12429115;235;g_000;1;1;36;line_consecutive;0.3;1235;7;21;12-15;5,11;5332588.75;5335326.25;5337187.5;5336217.498777449;2737.5;1861.25;891.248777449131;eev,integrated,separated,ws;lintim;Mumford0;Mumford0;True;False;1e-05;6000;1;2;20;50;200;-5;100;0.75;2;50;250;30;20;16;1235;1235
12429115;236;g_000;1;1;36;line_consecutive;0.3;1236;7;22;12-26;5;6442361.25;6443676.25;6443676.25;6443676.25;1315.0;0.0;0.0;eev,integrated,separated,ws;lintim;Mumford0;Mumford0;True;False;1e-05;6000;1;2;20;50;200;-5;100;0.75;2;50;250;30;20;16;1236;1236
12429115;237;g_000;1;1;36;line_consecutive;0.3;1237;7;23;3-8;6,12;6510446.25;6515295.0;6516811.25;7200932.5;4848.75;1516.25;685637.5;eev,integrated,separated,ws;lintim;Mumford0;Mumford0;True;False;1e-05;6000;1;2;20;50;200;-5;100;0.75;2;50;250;30;20;16;1237;1237
12429115;238;g_000;1;1;36;line_consecutive;0.3;1238;7;24;5-8;6;5348031.25;5351731.25;5356688.75;5356688.75;3700.0;4957.5;4957.5;eev,integrated,separated,ws;lintim;Mumford0;Mumford0;True;False;1e-05;6000;1;2;20;50;200;-5;100;0.75;2;50;250;30;20;16;1238;1238
12429115;239;g_000;1;1;36;line_consecutive;0.3;1239;7;25;10-15;7;5341295.0;5344161.25;5345340.0;5345340.0;2866.25;1178.75;1178.75;eev,integrated,separated,ws;lintim;Mumford0;Mumford0;True;False;1e-05;6000;1;2;20;50;200;-5;100;0.75;2;50;250;30;20;16;1239;1239
12429115;240;g_000;1;1;36;line_consecutive;0.3;1240;7;26;15-21;7;5338701.25;5341731.25;5342910.0;5342910.0;3030.0;1178.75;1178.75;eev,integrated,separated,ws;lintim;Mumford0;Mumford0;True;False;1e-05;6000;1;2;20;50;200;-5;100;0.75;2;50;250;30;20;16;1240;1240
12429115;241;g_000;1;1;36;line_consecutive;0.3;1241;7;27;6-16;8;6447392.5;6447392.5;6447392.5;6450027.5;0.0;0.0;2635.0;eev,integrated,separated,ws;lintim;Mumford0;Mumford0;True;False;1e-05;6000;1;2;20;50;200;-5;100;0.75;2;50;250;30;20;16;1241;1241
12429115;242;g_000;1;1;36;line_consecutive;0.3;1242;7;28;9-27;9;6442525.0;6443157.5;6443302.5;6445937.5;632.5;145.0;2780.0;eev,integrated,separated,ws;lintim;Mumford0;Mumford0;True;False;1e-05;6000;1;2;20;50;200;-5;100;0.75;2;50;250;30;20;16;1242;1242
12429115;243;g_000;1;1;36;line_consecutive;0.3;1243;7;29;2-15;10;5334967.5;5338701.25;5339850.0;5339850.0;3733.75;1148.75;1148.75;eev,integrated,separated,ws;lintim;Mumford0;Mumford0;True;False;1e-05;6000;1;2;20;50;200;-5;100;0.75;2;50;250;30;20;16;1243;1243
12429115;244;g_000;1;1;36;line_consecutive;0.3;1244;7;30;8-15;10;6412325.0;6412325.0;6412325.0;6412325.0;0.0;0.0;0.0;eev,integrated,separated,ws;lintim;Mumford0;Mumford0;True;False;1e-05;6000;1;2;20;50;200;-5;100;0.75;2;50;250;30;20;16;1244;1244
12429115;245;g_000;1;1;36;line_consecutive;0.3;1245;7;31;8-17;10;5378800.0;5381022.5;5382201.25;7594750.0;2222.5;1178.75;2213727.5;eev,integrated,separated,ws;lintim;Mumford0;Mumford0;True;False;1e-05;6000;1;2;20;50;200;-5;100;0.75;2;50;250;30;20;16;1245;1245
12429115;246;g_000;1;1;36;line_consecutive;0.3;1246;7;32;7-17;10;5383306.25;5386682.5;5387880.0;7597455.0;3376.25;1197.5;2210772.5;eev,integrated,separated,ws;lintim;Mumford0;Mumford0;True;False;1e-05;6000;1;2;20;50;200;-5;100;0.75;2;50;250;30;20;16;1246;1246
12429115;247;g_000;1;1;36;line_consecutive;0.3;1247;7;33;19-23;11;5389446.25;5393843.75;5394882.5;7603111.25;4397.5;1038.75;2209267.5;eev,integrated,separated,ws;lintim;Mumford0;Mumford0;True;False;1e-05;6000;1;2;20;50;200;-5;100;0.75;2;50;250;30;20;16;1247;1247
12429115;248;g_000;1;1;36;line_consecutive;0.3;1248;7;34;8-21;12;5370847.5;5376002.5;5379583.75;7589637.5;5155.0;3581.25;2213635.0;eev,integrated,separated,ws;lintim;Mumford0;Mumford0;True;False;1e-05;6000;1;2;20;50;200;-5;100;0.75;2;50;250;30;20;16;1248;1248
12429115;249;g_000;1;1;36;line_consecutive;0.3;1249;7;35;21-24;12;5367193.75;5368643.75;5369753.75;5368783.75;1450.0;1110.0;140.0;eev,integrated,separated,ws;lintim;Mumford0;Mumford0;True;False;1e-05;6000;1;2;20;50;200;-5;100;0.75;2;50;250;30;20;16;1249;1249
12429115;250;g_000;1;1;36;line_consecutive;0.7;1250;8;0;2-25;1;5345195.0;5349500.0;5350678.75;5350678.75;4305.0;1178.75;1178.75;eev,integrated,separated,ws;lintim;Mumford0;Mumford0;True;False;1e-05;6000;1;2;20;50;200;-5;100;0.75;2;50;250;30;20;16;1250;1250
12429115;251;g_000;1;1;36;line_consecutive;0.7;1251;8;1;8-25;1;5342620.0;5346925.0;5348103.75;5348103.75;4305.0;1178.75;1178.75;eev,integrated,separated,ws;lintim;Mumford0;Mumford0;True;False;1e-05;6000;1;2;20;50;200;-5;100;0.75;2;50;250;30;20;16;1251;1251
12429115;252;g_000;1;1;36;line_consecutive;0.7;1252;8;2;8-11;1;5343842.5;5347142.5;5349141.25;5349141.25;3300.0;1998.75;1998.75;eev,integrated,separated,ws;lintim;Mumford0;Mumford0;True;False;1e-05;6000;1;2;20;50;200;-5;100;0.75;2;50;250;30;20;16;1252;1252
12429115;253;g_000;1;1;36;line_consecutive;0.7;1253;8;3;11-22;1;5343237.5;5346537.5;5348566.25;5348566.25;3300.0;2028.75;2028.75;eev,integrated,separated,ws;lintim;Mumford0;Mumford0;True;False;1e-05;6000;1;2;20;50;200;-5;100;0.75;2;50;250;30;20;16;1253;1253
12429115;254;g_000;1;1;36;line_consecutive;0.7;1254;8;4;2-4;2;5331442.5;5335337.5;5337366.25;5337366.25;3895.0;2028.75;2028.75;eev,integrated,separated,ws;lintim;Mumford0;Mumford0;True;False;1e-05;6000;1;2;20;50;200;-5;100;0.75;2;50;250;30;20;16;1254;1254
12429115;255;g_000;1;1;36;line_consecutive;0.7;1255;8;5;4-12;2;5333837.5;5338210.0;5340238.75;5340238.75;4372.5;2028.75;2028.75;eev,integrated,separated,ws;lintim;Mumford0;Mumford0;True;False;1e-05;6000;1;2;20;50;200;-5;100;0.75;2;50;250;30;20;16;1255;1255
12429115;256;g_000;1;1;36;line_consecutive;0.7;1256;8;6;12-18;2,11;6438476.25;6438510.0;6438510.0;6446444.989014569;33.75;0.0;7934.989014568739;eev,integrated,separated,ws;lintim;Mumford0;Mumford0;True;False;1e-05;6000;1;2;20;50;200;-5;100;0.75;2;50;250;30;20;16;1256;1256
12429115;257;g_000;1;1;36;line_consecutive;0.7;1257;8;7;18-23;2,11;6939713.75;6950067.5;6952506.25;6951441.239014569;10353.75;2438.75;1373.7390145687386;eev,integrated,separated,ws;lintim;Mumford0;Mumford0;True;False;1e-05;6000;1;2;20;50;200;-5;100;0.75;2;50;250;30;20;16;1257;1257
12429115;258;g_000;1;1;36;line_consecutive;0.7;1258;8;8;1-23;2;7775067.5;7778895.0;7780988.75;15090442.5;3827.5;2093.75;7311547.5;eev,integrated,separated,ws;lintim;Mumford0;Mumford0;True;False;1e-05;6000;1;2;20;50;200;-5;100;0.75;2;50;250;30;20;16;1258;1258
12429115;259;g_000;1;1;36;line_consecutive;0.7;1259;8;9;1-14;2;5403202.5;5404706.25;5405816.25;12719245.0;1503.75;1110.0;7314538.75;eev,integrated,separated,ws;lintim;Mumford0;Mumford0;True;False;1e-05;6000;1;2;20;50;200;-5;100;0.75;2;50;250;30;20;16;1259;1259
12429115;260;g_000;1;1;36;line_consecutive;0.7;1260;8;10;9-13;3;5379672.5;5382665.0;5385243.75;5386478.739014569;2992.5;2578.75;3813.739014568738;eev,integrated,separated,ws;lintim;Mumford0;Mumford0;True;False;1e-05;6000;1;2;20;50;200;-5;100;0.75;2;50;250;30;20;16;1260;1260
12429115;261;g_000;1;1;36;line_consecutive;0.7;1261;8;11;1-13;3;5404582.5;5407575.0;5410153.75;5411388.739014569;2992.5;2578.75;3813.739014568738;eev,integrated,separated,ws;lintim;Mumford0;Mumford0;True;False;1e-05;6000;1;2;20;50;200;-5;100;0.75;2;50;250;30;20;16;1261;1261
12429115;262;g_000;1;1;36;line_consecutive;0.7;1262;8;12;1-29;3;5370232.5;5374868.75;5376487.5;5391217.5;4636.25;1618.75;16348.75;eev,integrated,separated,ws;lintim;Mumford0;Mumford0;True;False;1e-05;6000;1;2;20;50;200;-5;100;0.75;2;50;250;30;20;16;1262;1262
12429115;263;g_000;1;1;36;line_consecutive;0.7;1263;8;13;17-29;3;5367537.5;5370733.75;5372352.5;5389682.5;3196.25;1618.75;18948.75;eev,integrated,separated,ws;lintim;Mumford0;Mumford0;True;False;1e-05;6000;1;2;20;50;200;-5;100;0.75;2;50;250;30;20;16;1263;1263
12429115;264;g_000;1;1;36;line_consecutive;0.7;1264;8;14;17-28;3;5330773.75;5332453.75;5334006.25;5351363.75;1680.0;1552.5;18910.0;eev,integrated,separated,ws;lintim;Mumford0;Mumford0;True;False;1e-05;6000;1;2;20;50;200;-5;100;0.75;2;50;250;30;20;16;1264;1264
12429115;265;g_000;1;1;36;line_consecutive;0.7;1265;8;15;28-30;3;5341555.0;5343623.75;5345203.75;5362533.75;2068.75;1580.0;18910.0;eev,integrated,separated,ws;lintim;Mumford0;Mumford0;True;False;1e-05;6000;1;2;20;50;200;-5;100;0.75;2;50;250;30;20;16;1265;1265
12429115;266;g_000;1;1;36;line_consecutive;0.7;1266;8;16;6-7;4,10;5349571.25;5352645.0;5354266.25;5371596.25;3073.75;1621.25;18951.25;eev,integrated,separated,ws;lintim;Mumford0;Mumford0;True;False;1e-05;6000;1;2;20;50;200;-5;100;0.75;2;50;250;30;20;16;1266;1266
12429115;267;g_000;1;1;36;line_consecutive;0.7;1267;8;17;7-14;4;5334963.75;5337023.749258158;5338761.25;5356091.25;2059.999258157797;1737.5007418422028;19067.500741842203;eev,integrated,separated,ws;lintim;Mumford0;Mumford0;True;False;1e-05;6000;1;2;20;50;200;-5;100;0.75;2;50;250;30;20;16;1267;1267
12429115;268;g_000;1;1;36;line_consecutive;0.7;1268;8;18;14-19;4;5374077.5;5377292.5;5378471.25;8600597.499538876;3215.0;1178.75;3223304.999538876;eev,integrated,separated,ws;lintim;Mumford0;Mumford0;True;False;1e-05;6000;1;2;20;50;200;-5;100;0.75;2;50;250;30;20;16;1268;1268
12429115;269;g_000;1;1;36;line_consecutive;0.7;1269;8;19;19-20;4;5332116.25;5334846.25;5335956.25;5334986.248777449;2730.0;1110.0;139.998777449131;eev,integrated,separated,ws;lintim;Mumford0;Mumford0;True;False;1e-05;6000;1;2;20;50;200;-5;100;0.75;2;50;250;30;20;16;1269;1269
12429115;270;g_000;1;1;36;line_consecutive;0.7;1270;8;20;15-24;5;5341305.0;5344042.5;5345482.5;5344512.498777449;2737.5;1440.0;469.998777449131;eev,integrated,separated,ws;lintim;Mumford0;Mumford0;True;False;1e-05;6000;1;2;20;50;200;-5;100;0.75;2;50;250;30;20;16;1270;1270
12429115;271;g_000;1;1;36;line_consecutive;0.7;1271;8;21;12-15;5,11;5332588.75;5335326.25;5337187.5;5336217.498777449;2737.5;1861.25;891.248777449131;eev,integrated,separated,ws;lintim;Mumford0;Mumford0;True;False;1e-05;6000;1;2;20;50;200;-5;100;0.75;2;50;250;30;20;16;1271;1271
12429115;272;g_000;1;1;36;line_consecutive;0.7;1272;8;22;12-26;5;6442361.25;6443676.25;6443676.25;6443676.25;1315.0;0.0;0.0;eev,integrated,separated,ws;lintim;Mumford0;Mumford0;True;False;1e-05;6000;1;2;20;50;200;-5;100;0.75;2;50;250;30;20;16;1272;1272
12429115;273;g_000;1;1;36;line_consecutive;0.7;1273;8;23;3-8;6,12;6510446.25;6515295.0;6516811.25;7200932.5;4848.75;1516.25;685637.5;eev,integrated,separated,ws;lintim;Mumford0;Mumford0;True;False;1e-05;6000;1;2;20;50;200;-5;100;0.75;2;50;250;30;20;16;1273;1273
12429115;274;g_000;1;1;36;line_consecutive;0.7;1274;8;24;5-8;6;5348031.25;5351731.25;5356688.75;5356688.75;3700.0;4957.5;4957.5;eev,integrated,separated,ws;lintim;Mumford0;Mumford0;True;False;1e-05;6000;1;2;20;50;200;-5;100;0.75;2;50;250;30;20;16;1274;1274
12429115;275;g_000;1;1;36;line_consecutive;0.7;1275;8;25;10-15;7;5341295.0;5344161.25;5345340.0;5345340.0;2866.25;1178.75;1178.75;eev,integrated,separated,ws;lintim;Mumford0;Mumford0;True;False;1e-05;6000;1;2;20;50;200;-5;100;0.75;2;50;250;30;20;16;1275;1275
12429115;276;g_000;1;1;36;line_consecutive;0.7;1276;8;26;15-21;7;5338701.25;5341731.25;5342910.0;5342910.0;3030.0;1178.75;1178.75;eev,integrated,separated,ws;lintim;Mumford0;Mumford0;True;False;1e-05;6000;1;2;20;50;200;-5;100;0.75;2;50;250;30;20;16;1276;1276
12429115;277;g_000;1;1;36;line_consecutive;0.7;1277;8;27;6-16;8;6447392.5;6447392.5;6447392.5;6450027.5;0.0;0.0;2635.0;eev,integrated,separated,ws;lintim;Mumford0;Mumford0;True;False;1e-05;6000;1;2;20;50;200;-5;100;0.75;2;50;250;30;20;16;1277;1277
12429115;278;g_000;1;1;36;line_consecutive;0.7;1278;8;28;9-27;9;6442525.0;6443157.5;6443302.5;6445937.5;632.5;145.0;2780.0;eev,integrated,separated,ws;lintim;Mumford0;Mumford0;True;False;1e-05;6000;1;2;20;50;200;-5;100;0.75;2;50;250;30;20;16;1278;1278
12429115;279;g_000;1;1;36;line_consecutive;0.7;1279;8;29;2-15;10;5334967.5;5338701.25;5339850.0;5339850.0;3733.75;1148.75;1148.75;eev,integrated,separated,ws;lintim;Mumford0;Mumford0;True;False;1e-05;6000;1;2;20;50;200;-5;100;0.75;2;50;250;30;20;16;1279;1279
12429115;280;g_000;1;1;36;line_consecutive;0.7;1280;8;30;8-15;10;6412325.0;6412325.0;6412325.0;6412325.0;0.0;0.0;0.0;eev,integrated,separated,ws;lintim;Mumford0;Mumford0;True;False;1e-05;6000;1;2;20;50;200;-5;100;0.75;2;50;250;30;20;16;1280;1280
12429115;281;g_000;1;1;36;line_consecutive;0.7;1281;8;31;8-17;10;5378800.0;5381022.5;5382201.25;7594750.0;2222.5;1178.75;2213727.5;eev,integrated,separated,ws;lintim;Mumford0;Mumford0;True;False;1e-05;6000;1;2;20;50;200;-5;100;0.75;2;50;250;30;20;16;1281;1281
12429115;282;g_000;1;1;36;line_consecutive;0.7;1282;8;32;7-17;10;5383306.25;5386682.5;5387880.0;7597455.0;3376.25;1197.5;2210772.5;eev,integrated,separated,ws;lintim;Mumford0;Mumford0;True;False;1e-05;6000;1;2;20;50;200;-5;100;0.75;2;50;250;30;20;16;1282;1282
12429115;283;g_000;1;1;36;line_consecutive;0.7;1283;8;33;19-23;11;5389446.25;5393843.75;5394882.5;7603111.25;4397.5;1038.75;2209267.5;eev,integrated,separated,ws;lintim;Mumford0;Mumford0;True;False;1e-05;6000;1;2;20;50;200;-5;100;0.75;2;50;250;30;20;16;1283;1283
12429115;284;g_000;1;1;36;line_consecutive;0.7;1284;8;34;8-21;12;5370847.5;5376002.5;5379583.75;7589637.5;5155.0;3581.25;2213635.0;eev,integrated,separated,ws;lintim;Mumford0;Mumford0;True;False;1e-05;6000;1;2;20;50;200;-5;100;0.75;2;50;250;30;20;16;1284;1284
12429115;285;g_000;1;1;36;line_consecutive;0.7;1285;8;35;21-24;12;5367193.75;5368643.75;5369753.75;5368783.75;1450.0;1110.0;140.0;eev,integrated,separated,ws;lintim;Mumford0;Mumford0;True;False;1e-05;6000;1;2;20;50;200;-5;100;0.75;2;50;250;30;20;16;1285;1285
12429115;286;g_000;2;1;28;line_consecutive;0.3;1286;9;0;2-25,8-25;1;5345195.0;5349500.0;5350678.75;5350678.75;4305.0;1178.75;1178.75;eev,integrated,separated,ws;lintim;Mumford0;Mumford0;True;False;1e-05;6000;1;2;20;50;200;-5;100;0.75;2;50;250;30;20;16;1286;1286
12429115;287;g_000;2;1;28;line_consecutive;0.3;1287;9;1;8-11,8-25;1;5342620.0;5346925.0;5348103.75;5348103.75;4305.0;1178.75;1178.75;eev,integrated,separated,ws;lintim;Mumford0;Mumford0;True;False;1e-05;6000;1;2;20;50;200;-5;100;0.75;2;50;250;30;20;16;1287;1287
12429115;288;g_000;2;1;28;line_consecutive;0.3;1288;9;2;8-11,11-22;1;5343842.5;5347142.5;5349141.25;5349141.25;3300.0;1998.75;1998.75;eev,integrated,separated,ws;lintim;Mumford0;Mumford0;True;False;1e-05;6000;1;2;20;50;200;-5;100;0.75;2;50;250;30;20;16;1288;1288
12429115;289;g_000;2;1;28;line_consecutive;0.3;1289;9;3;2-4,4-12;2;5343237.5;5346537.5;5348566.25;5348566.25;3300.0;2028.75;2028.75;eev,integrated,separated,ws;lintim;Mumford0;Mumford0;True;False;1e-05;6000;1;2;20;50;200;-5;100;0.75;2;50;250;30;20;16;1289;1289
12429115;290;g_000;2;1;28;line_consecutive;0.3;1290;9;4;4-12,12-18;2;5331442.5;5335337.5;5337366.25;5337366.25;3895.0;2028.75;2028.75;eev,integrated,separated,ws;lintim;Mumford0;Mumford0;True;False;1e-05;6000;1;2;20;50;200;-5;100;0.75;2;50;250;30;20;16;1290;1290
12429115;291;g_000;2;1;28;line_consecutive;0.3;1291;9;5;12-18,18-23;2,11;5333837.5;5338210.0;5340238.75;5340238.75;4372.5;2028.75;2028.75;eev,integrated,separated,ws;lintim;Mumford0;Mumford0;True;False;1e-05;6000;1;2;20;50;200;-5;100;0.75;2;50;250;30;20;16;1291;1291
12429115;292;g_000;2;1;28;line_consecutive;0.3;1292;9;6;1-23,18-23;2;6438476.25;6438510.0;6438510.0;6446444.989014569;33.75;0.0;7934.989014568739;eev,integrated,separated,ws;lintim;Mumford0;Mumford0;True;False;1e-05;6000;1;2;20;50;200;-5;100;0.75;2;50;250;30;20;16;1292;1292
12429115;293;g_000;2;1;28;line_consecutive;0.3;1293;9;7;1-14,1-23;2;6939713.75;6950067.5;6952506.25;6951441.239014569;10353.75;2438.75;1373.7390145687386;eev,integrated,separated,ws;lintim;Mumford0;Mumford0;True;False;1e-05;6000;1;2;20;50;200;-5;100;0.75;2;50;250;30;20;16;1293;1293
12429115;294;g_000;2;1;28;line_consecutive;0.3;1294;9;8;1-13,9-13;3;7775067.5;7778895.0;7780988.75;15090442.5;3827.5;2093.75;7311547.5;eev,integrated,separated,ws;lintim;Mumford0;Mumford0;True;False;1e-05;6000;1;2;20;50;200;-5;100;0.75;2;50;250;30;20;16;1294;1294
12429115;295;g_000;2;1;28;line_consecutive;0.3;1295;9;9;1-13,1-29;3;5403202.5;5404706.25;5405816.25;12719245.0;1503.75;1110.0;7314538.75;eev,integrated,separated,ws;lintim;Mumford0;Mumford0;True;False;1e-05;6000;1;2;20;50;200;-5;100;0.75;2;50;250;30;20;16;1295;1295
12429115;296;g_000;2;1;28;line_consecutive;0.3;1296;9;10;1-29,17-29;3;5379672.5;5382665.0;5385243.75;5386478.739014569;2992.5;2578.75;3813.739014568738;eev,integrated,separated,ws;lintim;Mumford0;Mumford0;True;False;1e-05;6000;1;2;20;50;200;-5;100;0.75;2;50;250;30;20;16;1296;1296
12429115;297;g_000;2;1;28;line_consecutive;0.3;1297;9;11;17-28,17-29;3;5404582.5;5407575.0;5410153.75;5411388.739014569;2992.5;2578.75;3813.739014568738;eev,integrated,separated,ws;lintim;Mumford0;Mumford0;True;False;1e-05;6000;1;2;20;50;200;-5;100;0.75;2;50;250;30;20;16;1297;1297
12429115;298;g_000;2;1;28;line_consecutive;0.3;1298;9;12;17-28,28-30;3;5370232.5;5374868.75;5376487.5;5391217.5;4636.25;1618.75;16348.75;eev,integrated,separated,ws;lintim;Mumford0;Mumford0;True;False;1e-05;6000;1;2;20;50;200;-5;100;0.75;2;50;250;30;20;16;1298;1298
12429115;299;g_000;2;1;28;line_consecutive;0.3;1299;9;13;6-7,7-14;4;5367537.5;5370733.75;5372352.5;5389682.5;3196.25;1618.75;18948.75;eev,integrated,separated,ws;lintim;Mumford0;Mumford0;True;False;1e-05;6000;1;2;20;50;200;-5;100;0.75;2;50;250;30;20;16;1299;1299
12429115;300;g_000;2;1;28;line_consecutive;0.3;1300;9;14;7-14,14-19;4;5330773.75;5332453.75;5334006.25;5351363.75;1680.0;1552.5;18910.0;eev,integrated,separated,ws;lintim;Mumford0;Mumford0;True;False;1e-05;6000;1;2;20;50;200;-5;100;0.75;2;50;250;30;20;16;1300;1300
12429115;301;g_000;2;1;28;line_consecutive;0.3;1301;9;15;14-19,19-20;4;5341555.0;5343623.75;5345203.75;5362533.75;2068.75;1580.0;18910.0;eev,integrated,separated,ws;lintim;Mumford0;Mumford0;True;False;1e-05;6000;1;2;20;50;200;-5;100;0.75;2;50;250;30;20;16;1301;1301
12429115;302;g_000;2;1;28;line_consecutive;0.3;1302;9;16;12-15,15-24;5;5349571.25;5352645.0;5354266.25;5371596.25;3073.75;1621.25;18951.25;eev,integrated,separated,ws;lintim;Mumford0;Mumford0;True;False;1e-05;6000;1;2;20;50;200;-5;100;0.75;2;50;250;30;20;16;1302;1302
12429115;303;g_000;2;1;28;line_consecutive;0.3;1303;9;17;12-15,12-26;5;5334963.75;5337023.749258158;5338761.25;5356091.25;2059.999258157797;1737.5007418422028;19067.500741842203;eev,integrated,separated,ws;lintim;Mumford0;Mumford0;True;False;1e-05;6000;1;2;20;50;200;-5;100;0.75;2;50;250;30;20;16;1303;1303
12429115;304;g_000;2;1;28;line_consecutive;0.3;1304;9;18;3-8,5-8;6;5374077.5;5377292.5;5378471.25;8600597.499538876;3215.0;1178.75;3223304.999538876;eev,integrated,separated,ws;lintim;Mumford0;Mumford0;True;False;1e-05;6000;1;2;20;50;200;-5;100;0.75;2;50;250;30;20;16;1304;1304
12429115;305;g_000;2;1;28;line_consecutive;0.3;1305;9;19;10-15,15-21;7;5332116.25;5334846.25;5335956.25;5334986.248777449;2730.0;1110.0;139.998777449131;eev,integrated,separated,ws;lintim;Mumford0;Mumford0;True;False;1e-05;6000;1;2;20;50;200;-5;100;0.75;2;50;250;30;20;16;1305;1305
12429115;306;g_000;2;1;28;line_consecutive;0.3;1306;9;20;2-15,8-15;10;5341305.0;5344042.5;5345482.5;5344512.498777449;2737.5;1440.0;469.998777449131;eev,integrated,separated,ws;lintim;Mumford0;Mumford0;True;False;1e-05;6000;1;2;20;50;200;-5;100;0.75;2;50;250;30;20;16;1306;1306
12429115;307;g_000;2;1;28;line_consecutive;0.3;1307;9;21;8-15,8-17;10;5332588.75;5335326.25;5337187.5;5336217.498777449;2737.5;1861.25;891.248777449131;eev,integrated,separated,ws;lintim;Mumford0;Mumford0;True;False;1e-05;6000;1;2;20;50;200;-5;100;0.75;2;50;250;30;20;16;1307;1307
12429115;308;g_000;2;1;28;line_consecutive;0.3;1308;9;22;7-17,8-17;10;6442361.25;6443676.25;6443676.25;6443676.25;1315.0;0.0;0.0;eev,integrated,separated,ws;lintim;Mumford0;Mumford0;True;False;1e-05;6000;1;2;20;50;200;-5;100;0.75;2;50;250;30;20;16;1308;1308
12429115;309;g_000;2;1;28;line_consecutive;0.3;1309;9;23;6-7,7-17;10;6510446.25;6515295.0;6516811.25;7200932.5;4848.75;1516.25;685637.5;eev,integrated,separated,ws;lintim;Mumford0;Mumford0;True;False;1e-05;6000;1;2;20;50;200;-5;100;0.75;2;50;250;30;20;16;1309;1309
12429115;310;g_000;2;1;28;line_consecutive;0.3;1310;9;24;12-15,12-18;11;5348031.25;5351731.25;5356688.75;5356688.75;3700.0;4957.5;4957.5;eev,integrated,separated,ws;lintim;Mumford0;Mumford0;True;False;1e-05;6000;1;2;20;50;200;-5;100;0.75;2;50;250;30;20;16;1310;1310
12429115;311;g_000;2;1;28;line_consecutive;0.3;1311;9;25;18-23,19-23;11;5341295.0;5344161.25;5345340.0;5345340.0;2866.25;1178.75;1178.75;eev,integrated,separated,ws;lintim;Mumford0;Mumford0;True;False;1e-05;6000;1;2;20;50;200;-5;100;0.75;2;50;250;30;20;16;1311;1311
12429115;312;g_000;2;1;28;line_consecutive;0.3;1312;9;26;3-8,8-21;12;5338701.25;5341731.25;5342910.0;5342910.0;3030.0;1178.75;1178.75;eev,integrated,separated,ws;lintim;Mumford0;Mumford0;True;False;1e-05;6000;1;2;20;50;200;-5;100;0.75;2;50;250;30;20;16;1312;1312
12429115;313;g_000;2;1;28;line_consecutive;0.3;1313;9;27;8-21,21-24;12;6447392.5;6447392.5;6447392.5;6450027.5;0.0;0.0;2635.0;eev,integrated,separated,ws;lintim;Mumford0;Mumford0;True;False;1e-05;6000;1;2;20;50;200;-5;100;0.75;2;50;250;30;20;16;1313;1313
12429115;314;g_000;2;1;28;line_consecutive;0.7;1314;10;0;2-25,8-25;1;6442525.0;6443157.5;6443302.5;6445937.5;632.5;145.0;2780.0;eev,integrated,separated,ws;lintim;Mumford0;Mumford0;True;False;1e-05;6000;1;2;20;50;200;-5;100;0.75;2;50;250;30;20;16;1314;1314
12429115;315;g_000;2;1;28;line_consecutive;0.7;1315;10;1;8-11,8-25;1;5334967.5;5338701.25;5339850.0;5339850.0;3733.75;1148.75;1148.75;eev,integrated,separated,ws;lintim;Mumford0;Mumford0;True;False;1e-05;6000;1;2;20;50;200;-5;100;0.75;2;50;250;30;20;16;1315;1315
12429115;316;g_000;2;1;28;line_consecutive;0.7;1316;10;2;8-11,11-22;1;6412325.0;6412325.0;6412325.0;6412325.0;0.0;0.0;0.0;eev,integrated,separated,ws;lintim;Mumford0;Mumford0;True;False;1e-05;6000;1;2;20;50;200;-5;100;0.75;2;50;250;30;20;16;1316;1316
12429115;317;g_000;2;1;28;line_consecutive;0.7;1317;10;3;2-4,4-12;2;5378800.0;5381022.5;5382201.25;7594750.0;2222.5;1178.75;2213727.5;eev,integrated,separated,ws;lintim;Mumford0;Mumford0;True;False;1e-05;6000;1;2;20;50;200;-5;100;0.75;2;50;250;30;20;16;1317;1317
12429115;318;g_000;2;1;28;line_consecutive;0.7;1318;10;4;4-12,12-18;2;5383306.25;5386682.5;5387880.0;7597455.0;3376.25;1197.5;2210772.5;eev,integrated,separated,ws;lintim;Mumford0;Mumford0;True;False;1e-05;6000;1;2;20;50;200;-5;100;0.75;2;50;250;30;20;16;1318;1318
12429115;319;g_000;2;1;28;line_consecutive;0.7;1319;10;5;12-18,18-23;2,11;5389446.25;5393843.75;5394882.5;7603111.25;4397.5;1038.75;2209267.5;eev,integrated,separated,ws;lintim;Mumford0;Mumford0;True;False;1e-05;6000;1;2;20;50;200;-5;100;0.75;2;50;250;30;20;16;1319;1319
12429115;320;g_000;2;1;28;line_consecutive;0.7;1320;10;6;1-23,18-23;2;5370847.5;5376002.5;5379583.75;7589637.5;5155.0;3581.25;2213635.0;eev,integrated,separated,ws;lintim;Mumford0;Mumford0;True;False;1e-05;6000;1;2;20;50;200;-5;100;0.75;2;50;250;30;20;16;1320;1320
12429115;321;g_000;2;1;28;line_consecutive;0.7;1321;10;7;1-14,1-23;2;5367193.75;5368643.75;5369753.75;5368783.75;1450.0;1110.0;140.0;eev,integrated,separated,ws;lintim;Mumford0;Mumford0;True;False;1e-05;6000;1;2;20;50;200;-5;100;0.75;2;50;250;30;20;16;1321;1321
12429115;322;g_000;2;1;28;line_consecutive;0.7;1322;10;8;1-13,9-13;3;5345195.0;5349500.0;5350678.75;5350678.75;4305.0;1178.75;1178.75;eev,integrated,separated,ws;lintim;Mumford0;Mumford0;True;False;1e-05;6000;1;2;20;50;200;-5;100;0.75;2;50;250;30;20;16;1322;1322
12429115;323;g_000;2;1;28;line_consecutive;0.7;1323;10;9;1-13,1-29;3;5342620.0;5346925.0;5348103.75;5348103.75;4305.0;1178.75;1178.75;eev,integrated,separated,ws;lintim;Mumford0;Mumford0;True;False;1e-05;6000;1;2;20;50;200;-5;100;0.75;2;50;250;30;20;16;1323;1323
12429115;324;g_000;2;1;28;line_consecutive;0.7;1324;10;10;1-29,17-29;3;4489056.499999999;4490394.0;4498594.25;6598876.498710375;1337.500000000931;8200.25;2108482.4987103757;eev,integrated,separated,ws;lintim;Mumford0;Mumford0;True;False;1e-05;6000;1;2;20;50;200;-5;100;0.75;2;50;250;30;20;16;1324;1324
12429115;325;g_000;2;1;28;line_consecutive;0.7;1325;10;11;17-28,17-29;3;4487967.499999999;4489299.0;4497559.25;6590096.998710375;1331.500000000931;8260.25;2100797.9987103757;eev,integrated,separated,ws;lintim;Mumford0;Mumford0;True;False;1e-05;6000;1;2;20;50;200;-5;100;0.75;2;50;250;30;20;16;1325;1325
12429115;326;g_000;2;1;28;line_consecutive;0.7;1326;10;12;17-28,28-30;3;4466736.499999999;4468324.0;4477399.25;6574837.498710375;1587.500000000931;9075.25;2106513.4987103757;eev,integrated,separated,ws;lintim;Mumford0;Mumford0;True;False;1e-05;6000;1;2;20;50;200;-5;100;0.75;2;50;250;30;20;16;1326;1326
12429115;327;g_000;2;1;28;line_consecutive;0.7;1327;10;13;6-7,7-14;4;4471047.499999999;4472763.0;4482569.75;6565949.998710375;1715.500000000931;9806.75;2093186.9987103755;eev,integrated,separated,ws;lintim;Mumford0;Mumford0;True;False;1e-05;6000;1;2;20;50;200;-5;100;0.75;2;50;250;30;20;16;1327;1327
12429115;328;g_000;2;1;28;line_consecutive;0.7;1328;10;14;7-14,14-19;4;6459397.249999999;6459458.0;6459458.0;9806202.246825157;60.75000000093132;0.0;3346744.2468251567;eev,integrated,separated,ws;lintim;Mumford0;Mumford0;True;False;1e-05;6000;1;2;20;50;200;-5;100;0.75;2;50;250;30;20;16;1328;1328
12429115;329;g_000;2;1;28;line_consecutive;0.7;1329;10;15;14-19,19-20;4;7361624.749999999;7364890.25;7384651.25;10667223.246825157;3265.500000000932;19761.0;3302332.9968251567;eev,integrated,separated,ws;lintim;Mumford0;Mumford0;True;False;1e-05;6000;1;2;20;50;200;-5;100;0.75;2;50;250;30;20;16;1329;1329
12429115;330;g_000;2;1;28;line_consecutive;0.7;1330;10;16;12-15,15-24;5;8865261.5;8866234.999518849;8875919.75;25576725.0;973.4995188489556;9684.750481151044;16710490.000481153;eev,integrated,separated,ws;lintim;Mumford0;Mumford0;True;False;1e-05;6000;1;2;20;50;200;-5;100;0.75;2;50;250;30;20;16;1330;1330
12429115;331;g_000;2;1;28;line_consecutive;0.7;1331;10;17;12-15,12-26;5;4595904.499999999;4596453.25;4600609.25;21312453.0;548.7500000009313;4156.0;16715999.75;eev,integrated,separated,ws;lintim;Mumford0;Mumford0;True;False;1e-05;6000;1;2;20;50;200;-5;100;0.75;2;50;250;30;20;16;1331;1331
12429115;332;g_000;2;1;28;line_consecutive;0.7;1332;10;18;3-8,5-8;6;4553550.499999999;4554537.999415138;4563578.75;7883797.746825157;987.4994151387364;9040.750584862197;3329259.747410019;eev,integrated,separated,ws;lintim;Mumford0;Mumford0;True;False;1e-05;6000;1;2;20;50;200;-5;100;0.75;2;50;250;30;20;16;1332;1332
12429115;333;g_000;2;1;28;line_consecutive;0.7;1333;10;19;10-15,15-21;7;4598388.499999999;4599376.0;4608416.75;7928635.746825157;987.5000000009312;9040.75;3329259.7468251567;eev,integrated,separated,ws;lintim;Mumford0;Mumford0;True;False;1e-05;6000;1;2;20;50;200;-5;100;0.75;2;50;250;30;20;16;1333;1333
12429115;334;g_000;2;1;28;line_consecutive;0.7;1334;10;20;2-15,8-15;10;4536558.499999999;4537798.0;4547817.5;10492931.5;1239.500000000931;10019.5;5955133.5;eev,integrated,separated,ws;lintim;Mumford0;Mumford0;True;False;1e-05;6000;1;2;20;50;200;-5;100;0.75;2;50;250;30;20;16;1334;1334
12429115;335;g_000;2;1;28;line_consecutive;0.7;1335;10;21;8-15,8-17;10;4531707.499999999;4532627.0;4540374.5;10509095.5;919.5000000009312;7747.5;5976468.5;eev,integrated,separated,ws;lintim;Mumford0;Mumford0;True;False;1e-05;6000;1;2;20;50;200;-5;100;0.75;2;50;250;30;20;16;1335;1335
12429115;336;g_000;2;1;28;line_consecutive;0.7;1336;10;22;7-17,8-17;10;4465532.749999999;4465948.75;4471351.25;10447666.0;416.0000000009313;5402.5;5981717.25;eev,integrated,separated,ws;lintim;Mumford0;Mumford0;True;False;1e-05;6000;1;2;20;50;200;-5;100;0.75;2;50;250;30;20;16;1336;1336
12429115;337;g_000;2;1;28;line_consecutive;0.7;1337;10;23;6-7,7-17;10;4484938.999999999;4485515.0;4491506.75;10466197.0;576.0000000009313;5991.75;5980682.0;eev,integrated,separated,ws;lintim;Mumford0;Mumford0;True;False;1e-05;6000;1;2;20;50;200;-5;100;0.75;2;50;250;30;20;16;1337;1337
12429115;338;g_000;2;1;28;line_consecutive;0.7;1338;10;24;12-15,12-18;11;4499368.249999999;4500230.75;4507819.25;10477087.0;862.5000000009313;7588.5;5976856.25;eev,integrated,separated,ws;lintim;Mumford0;Mumford0;True;False;1e-05;6000;1;2;20;50;200;-5;100;0.75;2;50;250;30;20;16;1338;1338
12429115;339;g_000;2;1;28;line_consecutive;0.7;1339;10;25;18-23,19-23;11;4473074.749999999;4473690.75;4479910.25;10443557.5;616.0000000009313;6219.5;5969866.75;eev,integrated,separated,ws;lintim;Mumford0;Mumford0;True;False;1e-05;6000;1;2;20;50;200;-5;100;0.75;2;50;250;30;20;16;1339;1339
12429115;340;g_000;2;1;28;line_consecutive;0.7;1340;10;26;3-8,8-21;12;4543479.499999999;4544500.25;4551388.25;16885343.0;1020.7500000009312;6888.0;12340842.75;eev,integrated,separated,ws;lintim;Mumford0;Mumford0;True;False;1e-05;6000;1;2;20;50;200;-5;100;0.75;2;50;250;30;20;16;1340;1340
12429115;341;g_000;2;1;28;line_consecutive;0.7;1341;10;27;8-21,21-24;12;4467949.249999999;4468807.75;4474861.25;4505582.5;858.5000000009313;6053.5;36774.75;eev,integrated,separated,ws;lintim;Mumford0;Mumford0;True;False;1e-05;6000;1;2;20;50;200;-5;100;0.75;2;50;250;30;20;16;1341;1341
12429115;342;g_000;2;1;30;line_all;0.5;1342;11;0;8-11,8-25;1;4484488.999999999;4485224.5;4492008.5;4521429.25;735.5000000009313;6784.0;36204.75;eev,integrated,separated,ws;lintim;Mumford0;Mumford0;True;False;1e-05;6000;1;2;20;50;200;-5;100;0.75;2;50;250;30;20;16;1342;1342
12429115;343;g_000;2;1;30;line_all;0.5;1343;11;1;2-15,6-7;10;4468799.749999999;4469535.25;4477077.5;4506160.75;735.5000000009313;7542.25;36625.5;eev,integrated,separated,ws;lintim;Mumford0;Mumford0;True;False;1e-05;6000;1;2;20;50;200;-5;100;0.75;2;50;250;30;20;16;1343;1343
12429115;344;g_000;2;1;30;line_all;0.5;1344;11;2;1-13,1-29;3;6466390.249999999;6466902.249810658;6468757.25;7984311.75;511.9998106593266;1855.0001893416047;1517409.5001893416;eev,integrated,separated,ws;lintim;Mumford0;Mumford0;True;False;1e-05;6000;1;2;20;50;200;-5;100;0.75;2;50;250;30;20;16;1344;1344
12429115;345;g_000;2;1;30;line_all;0.5;1345;11;3;12-15,12-18;11;6588943.249999999;6590325.25;6600400.25;12934489.0;1382.000000000931;10075.0;6344163.75;eev,integrated,separated,ws;lintim;Mumford0;Mumford0;True;False;1e-05;6000;1;2;20;50;200;-5;100;0.75;2;50;250;30;20;16;1345;1345
12429115;346;g_000;2;1;30;line_all;0.5;1346;11;4;9-13,28-30;3;4496596.249999999;4497786.75;4512179.75;6030396.0;1190.500000000931;14393.0;1532609.25;eev,integrated,separated,ws;lintim;Mumford0;Mumford0;True;False;1e-05;6000;1;2;20;50;200;-5;100;0.75;2;50;250;30;20;16;1346;1346
12429115;347;g_000;2;1;30;line_all;0.5;1347;11;5;17-29,28-30;3;4484470.999999999;4485366.5;4491752.0;4787012.0;895.5000000009313;6385.5;301645.5;eev,integrated,separated,ws;lintim;Mumford0;Mumford0;True;False;1e-05;6000;1;2;20;50;200;-5;100;0.75;2;50;250;30;20;16;1347;1347
12429115;348;g_000;2;1;30;line_all;0.5;1348;11;6;1-13,9-13;3;4479802.249999999;4480828.749611419;4487378.0;4782638.0;1026.4996114196256;6549.250388581306;301809.2503885813;eev,integrated,separated,ws;lintim;Mumford0;Mumford0;True;False;1e-05;6000;1;2;20;50;200;-5;100;0.75;2;50;250;30;20;16;1348;1348
12429115;349;g_000;2;1;30;line_all;0.5;1349;11;7;12-26,15-24;5;6475446.499999999;6475446.5;6475446.5;10606841.5;9.313225746154783e-10;0.0;4131395.0;eev,integrated,separated,ws;lintim;Mumford0;Mumford0;True;False;1e-05;6000;1;2;20;50;200;-5;100;0.75;2;50;250;30;20;16;1349;1349
12429115;350;g_000;2;1;30;line_all;0.5;1350;11;8;8-15,8-17;10;6466684.999999999;6466824.5;6468084.5;10596795.25;139.50000000093132;1260.0;4129970.75;eev,integrated,separated,ws;lintim;Mumford0;Mumford0;True;False;1e-05;6000;1;2;20;50;200;-5;100;0.75;2;50;250;30;20;16;1350;1350
12429115;351;g_000;2;1;30;line_all;0.5;1351;11;9;18-23,19-23;11;4473081.499999999;4474105.0;4481870.0;4481870.0;1023.5000000009312;7765.0;7765.0;eev,integrated,separated,ws;lintim;Mumford0;Mumford0;True;False;1e-05;6000;1;2;20;50;200;-5;100;0.75;2;50;250;30;20;16;1351;1351
12429115;352;g_000;2;1;30;line_all;0.5;1352;11;10;14-19,19-20;4;6412324.999999999;6412325.0;6412325.0;6412325.0;9.313225746154783e-10;0.0;0.0;eev,integrated,separated,ws;lintim;Mumford0;Mumford0;True;False;1e-05;6000;1;2;20;50;200;-5;100;0.75;2;50;250;30;20;16;1352;1352
12429115;353;g_000;2;1;30;line_all;0.5;1353;11;11;12-18,18-23;2,11;4551979.999999999;4552643.0;4558102.25;13311413.0;663.0000000009313;5459.25;8758770.0;eev,integrated,separated,ws;lintim;Mumford0;Mumford0;True;False;1e-05;6000;1;2;20;50;200;-5;100;0.75;2;50;250;30;20;16;1353;1353
12429115;354;g_000;2;1;30;line_all;0.5;1354;11;12;1-14,2-4;2;4560091.249999999;4561210.75;4568324.0;13315566.5;1119.500000000931;7113.25;8754355.75;eev,integrated,separated,ws;lintim;Mumford0;Mumford0;True;False;1e-05;6000;1;2;20;50;200;-5;100;0.75;2;50;250;30;20;16;1354;1354
12429115;355;g_000;2;1;30;line_all;0.5;1355;11;13;2-4,18-23;2;4571143.249999999;4572354.75;4580928.5;13335413.75;1211.500000000931;8573.75;8763059.0;eev,integrated,separated,ws;lintim;Mumford0;Mumford0;True;False;1e-05;6000;1;2;20;50;200;-5;100;0.75;2;50;250;30;20;16;1355;1355
12429115;356;g_000;2;1;30;line_all;0.5;1356;11;14;2-25,11-22;1;4537665.499999999;4539041.0;4553390.75;13297494.5;1375.500000000931;14349.75;8758453.5;eev,integrated,separated,ws;lintim;Mumford0;Mumford0;True;False;1e-05;6000;1;2;20;50;200;-5;100;0.75;2;50;250;30;20;16;1356;1356
12429115;357;g_000;2;1;30;line_all;0.5;1357;11;15;1-14,1-23;2;4531088.749999999;4531540.748643816;4535696.75;7655871.5;451.99864381738007;4156.001356183551;3124330.751356184;eev,integrated,separated,ws;lintim;Mumford0;Mumford0;True;False;1e-05;6000;1;2;20;50;200;-5;100;0.75;2;50;250;30;20;16;1357;1357
12429115;358;g_000;2;1;30;line_all;0.5;1358;11;16;1-29,9-13;3;4491490.999999999;4492773.499935672;4501361.75;4501361.75;1282.4999356726184;8588.250064328313;8588.250064328313;eev,integrated,separated,ws;lintim;Mumford0;Mumford0;True;False;1e-05;6000;1;2;20;50;200;-5;100;0.75;2;50;250;30;20;16;1358;1358
12429115;359;g_000;2;1;30;line_all;0.5;1359;11;17;8-25,11-22;1;4486855.999999999;4488138.5;4496726.75;4496726.75;1282.500000000931;8588.25;8588.25;eev,integrated,separated,ws;lintim;Mumford0;Mumford0;True;False;1e-05;6000;1;2;20;50;200;-5;100;0.75;2;50;250;30;20;16;1359;1359
12429115;360;g_000;2;1;30;line_all;0.5;1360;11;18;1-14,4-12;2;4382208.25;4383095.0;4392275.875;9503706.0;886.75;9180.875;5120611.0;eev,integrated,separated,ws;lintim;Mumford0;Mumford0;True;False;1e-05;6000;1;2;20;50;200;-5;100;0.75;2;50;250;30;20;16;1360;1360
12429115;361;g_000;2;1;30;line_all;0.5;1361;11;19;9-13,17-29;3;4381058.75;4381942.5;4391183.375;9501321.5;883.75;9240.875;5119379.0;eev,integrated,separated,ws;lintim;Mumford0;Mumford0;True;False;1e-05;6000;1;2;20;50;200;-5;100;0.75;2;50;250;30;20;16;1361;1361
12429115;362;g_000;2;1;30;line_all;0.5;1362;11;20;6-7,7-14;4;4358648.25;4359660.0;4369903.375;9478331.5;1011.75;10243.375;5118671.5;eev,integrated,separated,ws;lintim;Mumford0;Mumford0;True;False;1e-05;6000;1;2;20;50;200;-5;100;0.75;2;50;250;30;20;16;1362;1362
12429115;363;g_000;2;1;30;line_all;0.5;1363;11;21;6-7,14-19;4;4363198.75;4364274.5;4375361.125;9468784.0;1075.75;11086.625;5104509.5;eev,integrated,separated,ws;lintim;Mumford0;Mumford0;True;False;1e-05;6000;1;2;20;50;200;-5;100;0.75;2;50;250;30;20;16;1363;1363
12429115;364;g_000;2;1;30;line_all;0.5;1364;11;22;1-29,17-29;3;6462012.375;6462041.375;6462076.5;11688818.625;29.0;35.125;5226777.25;eev,integrated,separated,ws;lintim;Mumford0;Mumford0;True;False;1e-05;6000;1;2;20;50;200;-5;100;0.75;2;50;250;30;20;16;1364;1364
12429115;365;g_000;2;1;30;line_all;0.5;1365;11;23;6-7,19-20;4;7414363.625;7416116.125;7438669.375;12601930.125;1752.5;22553.25;5185814.0;eev,integrated,separated,ws;lintim;Mumford0;Mumford0;True;False;1e-05;6000;1;2;20;50;200;-5;100;0.75;2;50;250;30;20;16;1365;1365
12429115;366;g_000;2;1;30;line_all;0.5;1366;11;24;12-15,15-24;5;9001535.75;9002022.5;9012786.125;28769710.0;486.75;10763.625;19767687.5;eev,integrated,separated,ws;lintim;Mumford0;Mumford0;True;False;1e-05;6000;1;2;20;50;200;-5;100;0.75;2;50;250;30;20;16;1366;1366
12429115;367;g_000;2;1;30;line_all;0.5;1367;11;25;1-23,12-18;2;4494992.25;4495286.375;4499958.375;24268344.0;294.125;4672.0;19773057.625;eev,integrated,separated,ws;lintim;Mumford0;Mumford0;True;False;1e-05;6000;1;2;20;50;200;-5;100;0.75;2;50;250;30;20;16;1367;1367
12429115;368;g_000;2;1;30;line_all;0.5;1368;11;26;7-17,8-15;10;4450285.25;4450793.125;4460870.625;9659613.875;507.875;10077.5;5208820.75;eev,integrated,separated,ws;lintim;Mumford0;Mumford0;True;False;1e-05;6000;1;2;20;50;200;-5;100;0.75;2;50;250;30;20;16;1368;1368
12429115;369;g_000;2;1;30;line_all;0.5;1369;11;27;3-8,5-8;6;4497614.25;4498108.0;4508199.625;9706942.875;493.75;10091.625;5208834.875;eev,integrated,separated,ws;lintim;Mumford0;Mumford0;True;False;1e-05;6000;1;2;20;50;200;-5;100;0.75;2;50;250;30;20;16;1369;1369
12429115;370;g_000;2;1;30;line_all;0.5;1370;11;28;6-7,7-17;10;4432349.25;4432969.0;4444233.75;14363064.5;619.75;11264.75;9930095.5;eev,integrated,separated,ws;lintim;Mumford0;Mumford0;True;False;1e-05;6000;1;2;20;50;200;-5;100;0.75;2;50;250;30;20;16;1370;1370
12429115;371;g_000;2;1;30;line_all;0.5;1371;11;29;1-14,12-18;2;4427228.75;4427688.5;4436377.25;14380126.5;459.75;8688.75;9952438.0;eev,integrated,separated,ws;lintim;Mumford0;Mumford0;True;False;1e-05;6000;1;2;20;50;200;-5;100;0.75;2;50;250;30;20;16;1371;1371
12429115;372;g_000;2;1;30;random;0.5;1372;12;0;6-16,21-25;;4357377.625;4357585.625;4363519.375;14315284.25;208.0;5933.75;9957698.625;eev,integrated,separated,ws;lintim;Mumford0;Mumford0;True;False;1e-05;6000;1;2;20;50;200;-5;100;0.75;2;50;250;30;20;16;1372;1372
12429115;373;g_000;2;1;30;random;0.5;1373;12;1;11-28,12-15;;4377862.0;4378150.0;4384794.625;14334844.75;288.0;6644.625;9956694.75;eev,integrated,separated,ws;lintim;Mumford0;Mumford0;True;False;1e-05;6000;1;2;20;50;200;-5;100;0.75;2;50;250;30;20;16;1373;1373
12429115;374;g_000;2;1;30;random;0.5;1374;12;2;7-17,18-23;;4393092.875;4393524.125;4402013.375;14346339.75;431.25;8489.25;9952815.625;eev,integrated,separated,ws;lintim;Mumford0;Mumford0;True;False;1e-05;6000;1;2;20;50;200;-5;100;0.75;2;50;250;30;20;16;1374;1374
12429115;375;g_000;2;1;30;random;0.5;1375;12;3;12-15,17-29;;4365338.625;4365646.625;4372553.875;14310947.5;308.0;6907.25;9945300.875;eev,integrated,separated,ws;lintim;Mumford0;Mumford0;True;False;1e-05;6000;1;2;20;50;200;-5;100;0.75;2;50;250;30;20;16;1375;1375
12429115;376;g_000;2;1;30;random;0.5;1376;12;4;3-16,8-28;;4439654.75;4440181.375;4448002.875;19262758.25;526.625;7821.5;14822576.875;eev,integrated,separated,ws;lintim;Mumford0;Mumford0;True;False;1e-05;6000;1;2;20;50;200;-5;100;0.75;2;50;250;30;20;16;1376;1376
12429115;377;g_000;2;1;30;random;0.5;1377;12;5;1-19,13-23;;4359928.375;4360370.125;4367224.375;4947934.75;441.75;6854.25;587564.625;eev,integrated,separated,ws;lintim;Mumford0;Mumford0;True;False;1e-05;6000;1;2;20;50;200;-5;100;0.75;2;50;250;30;20;16;1377;1377
12429115;378;g_000;2;1;30;random;0.5;1378;12;6;8-29,15-24;;4377387.0;4377754.75;4385324.25;4963172.75;367.75;7569.5;585418.0;eev,integrated,separated,ws;lintim;Mumford0;Mumford0;True;False;1e-05;6000;1;2;20;50;200;-5;100;0.75;2;50;250;30;20;16;1378;1378
12429115;379;g_000;2;1;30;random;0.5;1379;12;7;2-24,18-19;;4360826.125;4361193.875;4369563.75;4946611.875;367.75;8369.875;585418.0;eev,integrated,separated,ws;lintim;Mumford0;Mumford0;True;False;1e-05;6000;1;2;20;50;200;-5;100;0.75;2;50;250;30;20;16;1379;1379
12429115;380;g_000;2;1;30;random;0.5;1380;12;8;8-25,15-24;;6469393.875;6469649.874627171;6471892.375;9206203.25;255.99962717108428;2242.500372828916;2736553.375372829;eev,integrated,separated,ws;lintim;Mumford0;Mumford0;True;False;1e-05;6000;1;2;20;50;200;-5;100;0.75;2;50;250;30;20;16;1380;1380
12429115;381;g_000;2;1;30;random;0.5;1381;12;9;5-25,21-24;;6598755.375;6599446.375;6610848.875;13995064.25;691.0;11402.5;7395617.875;eev,integrated,separated,ws;lintim;Mumford0;Mumford0;True;False;1e-05;6000;1;2;20;50;200;-5;100;0.75;2;50;250;30;20;16;1381;1381
12429115;382;g_000;2;1;30;random;0.5;1382;12;10;11-30,15-25;;4390166.875;4390814.875;4406616.125;7135801.75;648.0;15801.25;2744986.875;eev,integrated,separated,ws;lintim;Mumford0;Mumford0;True;False;1e-05;6000;1;2;20;50;200;-5;100;0.75;2;50;250;30;20;16;1382;1382
12429115;383;g_000;2;1;30;random;0.5;1383;12;11;8-17,21-25;;4377368.0;4377815.75;4385053.5;5061114.5;447.75;7237.75;683298.75;eev,integrated,separated,ws;lintim;Mumford0;Mumford0;True;False;1e-05;6000;1;2;20;50;200;-5;100;0.75;2;50;250;30;20;16;1383;1383
12429115;384;g_000;2;1;30;random;0.5;1384;12;12;2-5,4-10;;4372439.875;4372953.12751037;4380436.5;5058376.5;513.2525103697553;7483.372489630245;685423.3724896302;eev,integrated,separated,ws;lintim;Mumford0;Mumford0;True;False;1e-05;6000;1;2;20;50;200;-5;100;0.75;2;50;250;30;20;16;1384;1384
12429115;385;g_000;2;1;30;random;0.5;1385;12;13;2-5,13-19;;6478953.25;6478953.25;6478953.25;12289628.25;0.0;0.0;5810675.0;eev,integrated,separated,ws;lintim;Mumford0;Mumford0;True;False;1e-05;6000;1;2;20;50;200;-5;100;0.75;2;50;250;30;20;16;1385;1385
12429115;386;g_000;2;1;30;random;0.5;1386;12;14;4-15,8-29;;6469705.0;6469774.75;6471182.25;12279023.875;69.75;1407.5;5809249.125;eev,integrated,separated,ws;lintim;Mumford0;Mumford0;True;False;1e-05;6000;1;2;20;50;200;-5;100;0.75;2;50;250;30;20;16;1386;1386
12429115;387;g_000;2;1;30;random;0.5;1387;12;15;1-13,18-19;;4365345.75;4365857.5;4374622.5;4374622.5;511.75;8765.0;8765.0;eev,integrated,separated,ws;lintim;Mumford0;Mumford0;True;False;1e-05;6000;1;2;20;50;200;-5;100;0.75;2;50;250;30;20;16;1387;1387
12429115;388;g_000;2;1;30;random;0.5;1388;12;16;8-25,8-26;;6412325.0;6412365.0;6412325.0;6412325.0;40.0;-40.0;-40.0;eev,integrated,separated,ws;lintim;Mumford0;Mumford0;True;False;1e-05;6000;1;2;20;50;200;-5;100;0.75;2;50;250;30;20;16;1388;1388
12429115;389;g_000;2;1;30;random;0.5;1389;12;17;1-13,21-24;;4448627.5;4449009.625;4455089.875;14752698.5;382.125;6080.25;10303688.875;eev,integrated,separated,ws;lintim;Mumford0;Mumford0;True;False;1e-05;6000;1;2;20;50;200;-5;100;0.75;2;50;250;30;20;16;1389;1389
12429115;390;g_000;2;1;30;random;0.5;1390;12;18;6-22,8-15;;4457189.375;4457749.125;4465879.5;14755952.25;559.75;8130.375;10298203.125;eev,integrated,separated,ws;lintim;Mumford0;Mumford0;True;False;1e-05;6000;1;2;20;50;200;-5;100;0.75;2;50;250;30;20;16;1390;1390
12429115;391;g_000;2;1;30;random;0.5;1391;12;19;14-19,21-24;;4468855.375;4469491.125;4479184.25;14776747.75;635.75;9693.125;10307256.625;eev,integrated,separated,ws;lintim;Mumford0;Mumford0;True;False;1e-05;6000;1;2;20;50;200;-5;100;0.75;2;50;250;30;20;16;1391;1391
12429115;392;g_000;2;1;30;random;0.5;1392;12;20;6-16,13-18;;4433517.75;4434205.5;4450116.625;14734957.25;687.75;15911.125;10300751.75;eev,integrated,separated,ws;lintim;Mumford0;Mumford0;True;False;1e-05;6000;1;2;20;50;200;-5;100;0.75;2;50;250;30;20;16;1392;1392
12429115;393;g_000;2;1;30;random;0.5;1393;12;21;8-15,24-25;;4426575.625;4426801.625;4431439.625;8534324.5;226.0;4638.0;4107522.875;eev,integrated,separated,ws;lintim;Mumford0;Mumford0;True;False;1e-05;6000;1;2;20;50;200;-5;100;0.75;2;50;250;30;20;16;1393;1393
12429115;394;g_000;2;1;30;random;0.5;1394;12;22;1-14,8-26;;4384778.0;4385449.25;4395197.125;4395197.125;671.25;9747.875;9747.875;eev,integrated,separated,ws;lintim;Mumford0;Mumford0;True;False;1e-05;6000;1;2;20;50;200;-5;100;0.75;2;50;250;30;20;16;1394;1394
12429115;395;g_000;2;1;30;random;0.5;1395;12;23;1-23,10-24;;4379885.5;4380526.75;4390304.625;4390304.625;641.25;9777.875;9777.875;eev,integrated,separated,ws;lintim;Mumford0;Mumford0;True;False;1e-05;6000;1;2;20;50;200;-5;100;0.75;2;50;250;30;20;16;1395;1395
12429115;396;g_000;2;1;30;random;0.5;1396;12;24;4-15,8-26;;6412325.0;6412325.0;6412325.0;6412325.0;0.0;0.0;0.0;eev,integrated,separated,ws;lintim;Mumford0;Mumford0;True;False;1e-05;6000;1;2;20;50;200;-5;100;0.75;2;50;250;30;20;16;1396;1396
12429115;397;g_000;2;1;30;random;0.5;1397;12;25;4-25,13-20;;6412325.0;6412325.0;6412325.0;6412325.0;0.0;0.0;0.0;eev,integrated,separated,ws;lintim;Mumford0;Mumford0;True;False;1e-05;6000;1;2;20;50;200;-5;100;0.75;2;50;250;30;20;16;1397;1397
12429115;398;g_000;2;1;30;random;0.5;1398;12;26;1-23,5-21;;5379672.5;5382665.0;5385243.75;5386478.739014569;2992.5;2578.75;3813.739014568738;eev,integrated,separated,ws;lintim;Mumford0;Mumford0;True;False;1e-05;6000;1;2;20;50;200;-5;100;0.75;2;50;250;30;20;16;1398;1398
12429115;399;g_000;2;1;30;random;0.5;1399;12;27;1-19,19-23;;5392605.0;5394458.75;5396048.75;5395078.75;1853.75;1590.0;620.0;eev,integrated,separated,ws;lintim;Mumford0;Mumford0;True;False;1e-05;6000;1;2;20;50;200;-5;100;0.75;2;50;250;30;20;16;1399;1399
12429115;400;g_000;2;1;30;random;0.5;1400;12;28;8-21,8-25;;5335885.0;5339185.0;5341213.75;5341213.75;3300.0;2028.75;2028.75;eev,integrated,separated,ws;lintim;Mumford0;Mumford0;True;False;1e-05;6000;1;2;20;50;200;-5;100;0.75;2;50;250;30;20;16;1400;1400
12429115;401;g_000;2;1;30;random;0.5;1401;12;29;11-28,13-20;;6412325.0;6412325.0;6412325.0;6412325.0;0.0;0.0;0.0;eev,integrated,separated,ws;lintim;Mumford0;Mumford0;True;False;1e-05;6000;1;2;20;50;200;-5;100;0.75;2;50;250;30;20;16;1401;1401
