array_job_id;task_id;run_group_id;case_k;case_per_run;case_variants;case_selection;case_p_fail;case_id;case_sweep_row;case_variant_idx;case_edges;case_lines;WS;RP;EEV_nom;EEV_mean;EVPI;VSS_nom;VSS_mean;procedures_present;source;network;scenario_line_data;routing_agg;waiting_time_frequency;gap;time_limit;travel_time_cost_mult;waiting_time_cost_mult;line_operation_cost_mult;cost_repl_freq;cost_repl_line;repl_budget;bypass_multiplier;overdemand_threshold;overdemand_multiplier;num_od;train_capacity;infrastructure_capacity;max_frequency;threads;demand_scale;scenario_infra_id;scenario_prob_id
14050788;0;g_000;1;1;30;line_consecutive;0.5;1000;0;0;19-23;11;104736.68000000002;105456.68;106056.67996910974;106056.67996910974;719.9999999999709;599.9999691097473;599.9999691097473;eev,integrated,separated,ws;lintim;Mumford0;Mumford0;True;False;1e-05;12000;1;2;20;50;200;-5;50;0.5;1;50;50;10;10;16;0.0368;1000;1000
14050788;1;g_000;1;1;30;line_consecutive;0.5;1001;0;1;15-21;7;107560.72800000002;107560.728;107560.72796910976;107560.72796910976;-1.4551915228366852e-11;-3.089023812208325e-05;-3.089023812208325e-05;eev,integrated,separated,ws;lintim;Mumford0;Mumford0;True;False;1e-05;12000;1;2;20;50;200;-5;50;0.5;1;50;50;10;10;16;0.0368;1001;1001
14050788;2;g_000;1;1;30;line_consecutive;0.5;1002;0;2;19-20;4;105350.72000000002;105350.72;105350.71996910976;105350.71996910976;-1.4551915228366852e-11;-3.089023812208325e-05;-3.089023812208325e-05;eev,integrated,separated,ws;lintim;Mumford0;Mumford0;True;False;1e-05;12000;1;2;20;50;200;-5;50;0.5;1;50;50;10;10;16;0.0368;1002;1002
14050788;3;g_000;1;1;30;line_consecutive;0.5;1003;0;3;3-8;6,12;105791.136;106158.99199999998;106158.99196910976;106158.99196910972;367.8559999999852;-3.089022357016802e-05;-3.0890267225913703e-05;eev,integrated,separated,ws;lintim;Mumford0;Mumford0;True;False;1e-05;12000;1;2;20;50;200;-5;50;0.5;1;50;50;10;10;16;0.0368;1003;1003
14050788;4;g_000;1;1;30;line_consecutive;0.5;1004;0;4;14-19;4;106550.19199999998;106550.19199999998;106550.19196910971;106550.19196910971;0.0;-3.0890267225913703e-05;-3.0890267225913703e-05;eev,integrated,separated,ws;lintim;Mumford0;Mumford0;True;False;1e-05;12000;1;2;20;50;200;-5;50;0.5;1;50;50;10;10;16;0.0368;1004;1004
14050788;5;g_000;1;1;30;line_consecutive;0.5;1005;0;5;1-13;3;107410.184;107410.18400008572;107410.18396910976;107410.18396910976;8.572533261030912e-08;-3.097596345469356e-05;-3.097596345469356e-05;eev,integrated,separated,ws;lintim;Mumford0;Mumford0;True;False;1e-05;12000;1;2;20;50;200;-5;50;0.5;1;50;50;10;10;16;0.0368;1005;1005
14050788;6;g_000;1;1;30;line_consecutive;0.5;1006;0;6;8-21;12;101892.96000000002;101892.96;101892.95993045844;101892.95993045844;-1.4551915228366852e-11;-6.954156560823321e-05;-6.954156560823321e-05;eev,integrated,separated,ws;lintim;Mumford0;Mumford0;True;False;1e-05;12000;1;2;20;50;200;-5;50;0.5;1;50;50;10;10;16;0.0368;1006;1006
14050788;7;g_000;1;1;30;line_consecutive;0.5;1007;0;7;7-14;4;109785.208;109785.2080000002;109785.20796910972;109785.20796910972;2.0372681319713595e-10;-3.089048550464213e-05;-3.089048550464213e-05;eev,integrated,separated,ws;lintim;Mumford0;Mumford0;True;False;1e-05;12000;1;2;20;50;200;-5;50;0.5;1;50;50;10;10;16;0.0368;1007;1007
14050788;8;g_000;1;1;30;line_consecutive;0.5;1008;0;8;18-23;2,11;112491.48000000004;114585.32800007398;116425.23996910977;115108.73599860008;2093.8480000739364;1839.9119690357911;523.4079985261051;eev,integrated,separated,ws;lintim;Mumford0;Mumford0;True;False;1e-05;12000;1;2;20;50;200;-5;50;0.5;1;50;50;10;10;16;0.0368;1008;1008
14050788;9;g_000;1;1;30;line_consecutive;0.5;1009;0;9;8-25;1;106266.22400000002;106266.224;106266.22396910976;106266.22396910976;-1.4551915228366852e-11;-3.089023812208325e-05;-3.089023812208325e-05;eev,integrated,separated,ws;lintim;Mumford0;Mumford0;True;False;1e-05;12000;1;2;20;50;200;-5;50;0.5;1;50;50;10;10;16;0.0368;1009;1009
14050788;10;g_000;1;1;30;line_consecutive;0.5;1010;0;10;28-30;3;109155.552;109155.5508426004;109155.55196910974;109155.55196910976;-0.0011573996016522;0.0011265093489782;0.0011265093635302;eev,integrated,separated,ws;lintim;Mumford0;Mumford0;True;False;1e-05;12000;1;2;20;50;200;-5;50;0.5;1;50;50;10;10;16;0.0368;1010;1010
14050788;11;g_000;1;1;30;line_consecutive;0.5;1011;0;11;5-8;6;104452.81599999985;104820.672;104820.67196910974;104820.67196910972;367.85600000015984;-3.0890267225913703e-05;-3.089028177782893e-05;eev,integrated,separated,ws;lintim;Mumford0;Mumford0;True;False;1e-05;12000;1;2;20;50;200;-5;50;0.5;1;50;50;10;10;16;0.0368;1011;1011
14050788;12;g_000;1;1;30;line_consecutive;0.5;1012;0;12;6-7;4,10;110504.056;111734.64799999996;112491.40796910974;112107.99200000004;1230.5919999999603;756.7599691097857;373.34400000008463;eev,integrated,separated,ws;lintim;Mumford0;Mumford0;True;False;1e-05;12000;1;2;20;50;200;-5;50;0.5;1;50;50;10;10;16;0.0368;1012;1012
14050788;13;g_000;1;1;30;line_consecutive;0.5;1013;0;13;7-17;10;106830.768;107754.4;109117.81596910974;109117.81596910974;923.6319999999978;1363.4159691097448;1363.4159691097448;eev,integrated,separated,ws;lintim;Mumford0;Mumford0;True;False;1e-05;12000;1;2;20;50;200;-5;50;0.5;1;50;50;10;10;16;0.0368;1013;1013
14050788;14;g_000;1;1;30;line_consecutive;0.5;1014;0;14;15-24;5;108992.14;108992.14000037665;108992.13996910976;108992.13996910976;3.766472218558192e-07;-3.1266885343939066e-05;-3.1266885343939066e-05;eev,integrated,separated,ws;lintim;Mumford0;Mumford0;True;False;1e-05;12000;1;2;20;50;200;-5;50;0.5;1;50;50;10;10;16;0.0368;1014;1014
14050788;15;g_000;1;1;30;line_consecutive;0.5;1015;0;15;10-15;7;108668.51200000002;108668.512;108668.51196812264;108668.51196812264;-1.4551915228366852e-11;-3.187736729159951e-05;-3.187736729159951e-05;eev,integrated,separated,ws;lintim;Mumford0;Mumford0;True;False;1e-05;12000;1;2;20;50;200;-5;50;0.5;1;50;50;10;10;16;0.0368;1015;1015
14050788;16;g_000;1;1;30;line_consecutive;0.5;1016;0;16;1-23;2;104421.39200000002;104809.824;105053.52796910974;105053.52796910974;388.4319999999716;243.70396910974523;243.70396910974523;eev,integrated,separated,ws;lintim;Mumford0;Mumford0;True;False;1e-05;12000;1;2;20;50;200;-5;50;0.5;1;50;50;10;10;16;0.0368;1016;1016
14050788;17;g_000;1;1;30;line_consecutive;0.5;1017;0;17;21-24;12;101892.96000000002;101892.96077519702;101892.95992301748;101892.95992301748;0.0007751969969831;-0.0008521795389242;-0.0008521795389242;eev,integrated,separated,ws;lintim;Mumford0;Mumford0;True;False;1e-05;12000;1;2;20;50;200;-5;50;0.5;1;50;50;10;10;16;0.0368;1017;1017
14050788;18;g_000;1;1;30;line_consecutive;0.5;1018;0;18;11-22;1;106885.56800001694;106885.56800001855;106885.56796910976;106885.56796910976;1.6152625903487206e-09;-3.0908791813999414e-05;-3.0908791813999414e-05;eev,integrated,separated,ws;lintim;Mumford0;Mumford0;True;False;1e-05;12000;1;2;20;50;200;-5;50;0.5;1;50;50;10;10;16;0.0368;1018;1018
14050788;19;g_000;1;1;30;line_consecutive;0.5;1019;0;19;1-29;3;108623.24000000002;108623.24;108623.23996919974;108623.23996919976;-1.4551915228366852e-11;-3.0800263630226254e-05;-3.0800249078311026e-05;eev,integrated,separated,ws;lintim;Mumford0;Mumford0;True;False;1e-05;12000;1;2;20;50;200;-5;50;0.5;1;50;50;10;10;16;0.0368;1019;1019
14050788;20;g_000;1;1;30;line_consecutive;0.5;1020;0;20;1-14;2;105832.56000000004;107320.448;108587.79996910976;108587.79996910976;1487.8879999999626;1267.3519691097608;1267.3519691097608;eev,integrated,separated,ws;lintim;Mumford0;Mumford0;True;False;1e-05;12000;1;2;20;50;200;-5;50;0.5;1;50;50;10;10;16;0.0368;1020;1020
14050788;21;g_000;1;1;30;line_consecutive;0.5;1021;0;21;17-29;3;110758.536;110783.008;110783.00796910976;110783.00796910976;24.472000000008848;-3.089023812208325e-05;-3.089023812208325e-05;eev,integrated,separated,ws;lintim;Mumford0;Mumford0;True;False;1e-05;12000;1;2;20;50;200;-5;50;0.5;1;50;50;10;10;16;0.0368;1021;1021
14050788;22;g_000;1;1;30;line_consecutive;0.5;1022;0;22;12-15;5,11;114540.768;116968.608;119671.43996910976;117051.44000000002;2427.8399999999965;2702.8319691097718;82.83200000002398;eev,integrated,separated,ws;lintim;Mumford0;Mumford0;True;False;1e-05;12000;1;2;20;50;200;-5;50;0.5;1;50;50;10;10;16;0.0368;1022;1022
14050788;23;g_000;1;1;30;line_consecutive;0.5;1023;0;23;2-4;2;104615.12000000002;105003.55199999997;105246.71996910976;105246.71996910976;388.4319999999425;243.1679691097961;243.1679691097961;eev,integrated,separated,ws;lintim;Mumford0;Mumford0;True;False;1e-05;12000;1;2;20;50;200;-5;50;0.5;1;50;50;10;10;16;0.0368;1023;1023
14050788;24;g_000;1;1;30;line_consecutive;0.5;1024;0;24;4-12;2;107072.68000000002;108869.608;110422.23996910977;110422.23996910977;1796.9279999999708;1552.6319691097742;1552.6319691097742;eev,integrated,separated,ws;lintim;Mumford0;Mumford0;True;False;1e-05;12000;1;2;20;50;200;-5;50;0.5;1;50;50;10;10;16;0.0368;1024;1024
14050788;25;g_000;1;1;30;line_consecutive;0.5;1025;0;25;8-15;10;106648.86400000002;108511.3984543987;110430.47196910976;110430.47196910976;1862.5344543986864;1919.0735147110536;1919.0735147110536;eev,integrated,separated,ws;lintim;Mumford0;Mumford0;True;False;1e-05;12000;1;2;20;50;200;-5;50;0.5;1;50;50;10;10;16;0.0368;1025;1025
14050788;26;g_000;1;1;30;line_consecutive;0.5;1026;0;26;6-16;8;101892.96000000002;101892.95997025512;101892.95996910974;101892.95996910974;-2.9744900530204177e-05;-1.145381247624755e-06;-1.145381247624755e-06;eev,integrated,separated,ws;lintim;Mumford0;Mumford0;True;False;1e-05;12000;1;2;20;50;200;-5;50;0.5;1;50;50;10;10;16;0.0368;1026;1026
14050788;27;g_000;1;1;30;line_consecutive;0.5;1027;0;27;12-26;5;114353.356;114354.424;114354.42396910976;114354.42396910976;1.0679999999993015;-3.089023812208325e-05;-3.089023812208325e-05;eev,integrated,separated,ws;lintim;Mumford0;Mumford0;True;False;1e-05;12000;1;2;20;50;200;-5;50;0.5;1;50;50;10;10;16;0.0368;1027;1027
14050788;28;g_000;1;1;30;line_consecutive;0.5;1028;0;28;2-25;1;106162.94400000002;106162.94400000002;106162.94396910977;106162.94396910977;0.0;-3.0890252673998475e-05;-3.0890252673998475e-05;eev,integrated,separated,ws;lintim;Mumford0;Mumford0;True;False;1e-05;12000;1;2;20;50;200;-5;50;0.5;1;50;50;10;10;16;0.0368;1028;1028
14050788;29;g_000;1;1;30;line_consecutive;0.5;1029;0;29;9-13;3;107423.896;107423.896;107423.89596910976;107423.89596910976;0.0;-3.089023812208325e-05;-3.089023812208325e-05;eev,integrated,separated,ws;lintim;Mumford0;Mumford0;True;False;1e-05;12000;1;2;20;50;200;-5;50;0.5;1;50;50;10;10;16;0.0368;1029;1029
14050788;30;g_000;2;1;30;line_consecutive;0.5;1030;1;0;2-25,8-25;1;140584.608;140584.608;140584.60796910975;140584.60796910975;0.0;-3.0890252673998475e-05;-3.0890252673998475e-05;eev,integrated,separated,ws;lintim;Mumford0;Mumford0;True;False;1e-05;12000;1;2;20;50;200;-5;50;0.5;1;50;50;10;10;16;0.0368;1030;1030
14050788;31;g_000;2;1;30;line_consecutive;0.5;1031;1;1;8-11,8-25;1;112397.27200000004;112421.744;112421.74396910975;112421.74396910975;24.471999999965192;-3.0890252673998475e-05;-3.0890252673998475e-05;eev,integrated,separated,ws;lintim;Mumford0;Mumford0;True;False;1e-05;12000;1;2;20;50;200;-5;50;0.5;1;50;50;10;10;16;0.0368;1031;1031
14050788;32;g_000;2;1;30;line_consecutive;0.5;1032;1;2;8-11,11-22;1;134165.468;134189.93999999994;134189.93996910975;134189.93996910975;24.47199999995064;-3.089019446633756e-05;-3.089019446633756e-05;eev,integrated,separated,ws;lintim;Mumford0;Mumford0;True;False;1e-05;12000;1;2;20;50;200;-5;50;0.5;1;50;50;10;10;16;0.0368;1032;1032
14050788;33;g_000;2;1;30;line_consecutive;0.5;1033;1;3;2-4,4-12;2;121437.42400000004;123234.3520000068;124786.98396910974;124786.98396910974;1796.928000006752;1552.6319691029494;1552.6319691029494;eev,integrated,separated,ws;lintim;Mumford0;Mumford0;True;False;1e-05;12000;1;2;20;50;200;-5;50;0.5;1;50;50;10;10;16;0.0368;1033;1033
14050788;34;g_000;2;1;30;line_consecutive;0.5;1034;1;4;4-12,12-18;2;171608.272;175620.77599999998;178153.99996910975;175620.77599860006;4012.503999999986;2533.223969109764;-1.399923348799348e-06;eev,integrated,separated,ws;lintim;Mumford0;Mumford0;True;False;1e-05;12000;1;2;20;50;200;-5;50;0.5;1;50;50;10;10;16;0.0368;1034;1034
14050788;35;g_000;2;1;30;line_consecutive;0.5;1035;1;5;12-18,18-23;2,11;156871.6;159918.29599999997;162451.51996910974;159918.29599860008;3046.695999999967;2533.223969109764;-1.3998942449688911e-06;eev,integrated,separated,ws;lintim;Mumford0;Mumford0;True;False;1e-05;12000;1;2;20;50;200;-5;50;0.5;1;50;50;10;10;16;0.0368;1035;1035
14050788;36;g_000;2;1;30;line_consecutive;0.5;1036;1;6;1-23,18-23;2;112491.48000000004;114585.32800007398;116425.23996910977;115108.73599860008;2093.8480000739364;1839.9119690357911;523.4079985261051;eev,integrated,separated,ws;lintim;Mumford0;Mumford0;True;False;1e-05;12000;1;2;20;50;200;-5;50;0.5;1;50;50;10;10;16;0.0368;1036;1036
14050788;37;g_000;2;1;30;line_consecutive;0.5;1037;1;7;1-14,1-23;2;108707.58400000002;110504.512;111835.91196910976;111835.91196910976;1796.927999999985;1331.399969109756;1331.399969109756;eev,integrated,separated,ws;lintim;Mumford0;Mumford0;True;False;1e-05;12000;1;2;20;50;200;-5;50;0.5;1;50;50;10;10;16;0.0368;1037;1037
14050788;38;g_000;2;1;30;line_consecutive;0.5;1038;1;8;1-13,9-13;3;157744.51200000002;157744.512;157744.51196910974;157744.51196910976;-2.9103830456733704e-11;-3.0890252673998475e-05;-3.089022357016802e-05;eev,integrated,separated,ws;lintim;Mumford0;Mumford0;True;False;1e-05;12000;1;2;20;50;200;-5;50;0.5;1;50;50;10;10;16;0.0368;1038;1038
14050788;39;g_000;2;1;30;line_consecutive;0.5;1039;1;9;1-13,1-29;3;112269.688;112269.68775918087;112269.68796910976;112269.68796910976;-0.0002408191212452;0.0002099288831232;0.0002099288831232;eev,integrated,separated,ws;lintim;Mumford0;Mumford0;True;False;1e-05;12000;1;2;20;50;200;-5;50;0.5;1;50;50;10;10;16;0.0368;1039;1039
14050788;40;g_000;2;1;30;line_consecutive;0.5;1040;1;10;1-29,17-29;3;115494.876;115519.34756780136;115519.34796910976;115519.34796910976;24.471567801359924;0.000401308396249;0.000401308396249;eev,integrated,separated,ws;lintim;Mumford0;Mumford0;True;False;1e-05;12000;1;2;20;50;200;-5;50;0.5;1;50;50;10;10;16;0.0368;1040;1040
14050788;41;g_000;2;1;30;line_consecutive;0.5;1041;1;11;17-28,17-29;3;111470.22000000002;111494.6919999917;111494.69196910976;111494.69196910976;24.471999991685152;-3.088194353040308e-05;-3.088194353040308e-05;eev,integrated,separated,ws;lintim;Mumford0;Mumford0;True;False;1e-05;12000;1;2;20;50;200;-5;50;0.5;1;50;50;10;10;16;0.0368;1041;1041
14050788;42;g_000;2;1;30;line_consecutive;0.5;1042;1;12;17-28,28-30;3;127899.908;127924.38003588878;127924.37996910977;127924.37996910977;24.472035888786195;-6.677901546936482e-05;-6.677901546936482e-05;eev,integrated,separated,ws;lintim;Mumford0;Mumford0;True;False;1e-05;12000;1;2;20;50;200;-5;50;0.5;1;50;50;10;10;16;0.0368;1042;1042
14050788;43;g_000;2;1;30;line_consecutive;0.5;1043;1;13;6-7,7-14;4;115919.204;116962.216;117345.63196910972;116962.216;1043.0120000000024;383.41596910971566;0.0;eev,integrated,separated,ws;lintim;Mumford0;Mumford0;True;False;1e-05;12000;1;2;20;50;200;-5;50;0.5;1;50;50;10;10;16;0.0368;1043;1043
14050788;44;g_000;2;1;30;line_consecutive;0.5;1044;1;14;7-14,14-19;4;109785.208;109785.2080000002;109785.20796910972;109785.20796910972;2.0372681319713595e-10;-3.089048550464213e-05;-3.089048550464213e-05;eev,integrated,separated,ws;lintim;Mumford0;Mumford0;True;False;1e-05;12000;1;2;20;50;200;-5;50;0.5;1;50;50;10;10;16;0.0368;1044;1044
14050788;45;g_000;2;1;30;line_consecutive;0.5;1045;1;15;14-19,19-20;4;107967.232;107967.232;107967.23196910974;107967.23196910974;0.0;-3.0890267225913703e-05;-3.0890267225913703e-05;eev,integrated,separated,ws;lintim;Mumford0;Mumford0;True;False;1e-05;12000;1;2;20;50;200;-5;50;0.5;1;50;50;10;10;16;0.0368;1045;1045
14050788;46;g_000;2;1;30;line_consecutive;0.5;1046;1;16;12-15,15-24;5;114540.76800000004;116968.608;119671.43996910976;117051.44000000002;2427.839999999953;2702.8319691097718;82.83200000002398;eev,integrated,separated,ws;lintim;Mumford0;Mumford0;True;False;1e-05;12000;1;2;20;50;200;-5;50;0.5;1;50;50;10;10;16;0.0368;1046;1046
14050788;47;g_000;2;1;30;line_consecutive;0.5;1047;1;17;12-15,12-26;5;114509.69600000004;115709.69526212424;118329.69596910974;115709.696;1199.999262124198;2620.000706985505;0.0007378757582046;eev,integrated,separated,ws;lintim;Mumford0;Mumford0;True;False;1e-05;12000;1;2;20;50;200;-5;50;0.5;1;50;50;10;10;16;0.0368;1047;1047
14050788;48;g_000;2;1;30;line_consecutive;0.5;1048;1;18;3-8,5-8;6;107783.168;108154.56;108154.55996910974;108154.55996910974;371.39199999999255;-3.0890252673998475e-05;-3.0890252673998475e-05;eev,integrated,separated,ws;lintim;Mumford0;Mumford0;True;False;1e-05;12000;1;2;20;50;200;-5;50;0.5;1;50;50;10;10;16;0.0368;1048;1048
14050788;49;g_000;2;1;30;line_consecutive;0.5;1049;1;19;10-15,15-21;7;112686.39200000002;112686.392;112686.39196910974;112686.39196910974;-1.4551915228366852e-11;-3.0890267225913703e-05;-3.0890267225913703e-05;eev,integrated,separated,ws;lintim;Mumford0;Mumford0;True;False;1e-05;12000;1;2;20;50;200;-5;50;0.5;1;50;50;10;10;16;0.0368;1049;1049
14050788;50;g_000;2;1;30;line_consecutive;0.5;1050;1;20;2-15,8-15;10;108989.17600000002;111020.70000024606;113114.26396910974;113114.26396910974;2031.524000246034;2093.5639688636875;2093.5639688636875;eev,integrated,separated,ws;lintim;Mumford0;Mumford0;True;False;1e-05;12000;1;2;20;50;200;-5;50;0.5;1;50;50;10;10;16;0.0368;1050;1050
14050788;51;g_000;2;1;30;line_consecutive;0.5;1051;1;21;8-15,8-17;10;108858.86400000002;110824.98;113387.43596910976;113387.43596910976;1966.11599999998;2562.4559691097675;2562.4559691097675;eev,integrated,separated,ws;lintim;Mumford0;Mumford0;True;False;1e-05;12000;1;2;20;50;200;-5;50;0.5;1;50;50;10;10;16;0.0368;1051;1051
14050788;52;g_000;2;1;30;line_consecutive;0.5;1052;1;22;7-17,8-17;10;108288.54400000002;109212.17600000002;110575.59196910977;110575.59196910977;923.6319999999978;1363.4159691097448;1363.4159691097448;eev,integrated,separated,ws;lintim;Mumford0;Mumford0;True;False;1e-05;12000;1;2;20;50;200;-5;50;0.5;1;50;50;10;10;16;0.0368;1052;1052
14050788;53;g_000;2;1;30;line_consecutive;0.5;1053;1;23;6-7,7-17;10;111383.09200000002;113383.8;114708.81596910924;113383.80000000002;2000.707999999984;1325.0159691092413;1.4551915228366852e-11;eev,integrated,separated,ws;lintim;Mumford0;Mumford0;True;False;1e-05;12000;1;2;20;50;200;-5;50;0.5;1;50;50;10;10;16;0.0368;1053;1053
14050788;54;g_000;2;1;30;line_consecutive;0.5;1054;1;24;12-15,12-18;11;123138.072;126579.53574265192;128419.44796910977;126579.536;3441.4637426519184;1839.9122264578475;0.0002573480742285;eev,integrated,separated,ws;lintim;Mumford0;Mumford0;True;False;1e-05;12000;1;2;20;50;200;-5;50;0.5;1;50;50;10;10;16;0.0368;1054;1054
14050788;55;g_000;2;1;30;line_consecutive;0.5;1055;1;25;18-23,19-23;11;126548.01600000005;127729.32;128428.79996910974;127832.38399860008;1181.30399999996;699.4799691097287;103.06399860007514;eev,integrated,separated,ws;lintim;Mumford0;Mumford0;True;False;1e-05;12000;1;2;20;50;200;-5;50;0.5;1;50;50;10;10;16;0.0368;1055;1055
14050788;56;g_000;2;1;30;line_consecutive;0.5;1056;1;26;3-8,8-21;12;105791.136;106158.992;106158.99196910976;106158.99196910972;367.85599999999977;-3.089023812208325e-05;-3.089028177782893e-05;eev,integrated,separated,ws;lintim;Mumford0;Mumford0;True;False;1e-05;12000;1;2;20;50;200;-5;50;0.5;1;50;50;10;10;16;0.0368;1056;1056
14050788;57;g_000;2;1;30;line_consecutive;0.5;1057;1;27;8-21,21-24;12;101892.96000000002;101892.95999999104;101892.95993376132;101892.95993376132;-8.978531695902348e-09;-6.622972432523966e-05;-6.622972432523966e-05;eev,integrated,separated,ws;lintim;Mumford0;Mumford0;True;False;1e-05;12000;1;2;20;50;200;-5;50;0.5;1;50;50;10;10;16;0.0368;1057;1057
14050788;58;g_000;1;1;30;line_consecutive;0.5;1058;2;0;18-23;2,11;125289.804;126526.3;128380.98400000004;127536.00800000002;1236.4959999999992;1854.6840000000373;1009.7080000000132;eev,integrated,separated,ws;lintim;Mumford0;Mumford0;True;False;1e-05;12000;1;2;20;50;200;-5;50;0.5;2;50;50;10;10;16;0.0368;1058;1058
14050788;59;g_000;1;1;30;line_consecutive;0.5;1059;2;1;4-12;2;119714.55200000004;120387.57635538946;122683.36000000002;122683.36;673.0243553894252;2295.7836446105503;2295.783644610536;eev,integrated,separated,ws;lintim;Mumford0;Mumford0;True;False;1e-05;12000;1;2;20;50;200;-5;50;0.5;2;50;50;10;10;16;0.0368;1059;1059
14050788;60;g_000;1;1;30;line_consecutive;0.5;1060;2;2;1-14;2;118222.928;118995.08035538948;120734.22400000002;120734.224;772.1523553894804;1739.1436446105365;1739.1436446105215;eev,integrated,separated,ws;lintim;Mumford0;Mumford0;True;False;1e-05;12000;1;2;20;50;200;-5;50;0.5;2;50;50;10;10;16;0.0368;1060;1060
14050788;61;g_000;1;1;30;line_consecutive;0.5;1061;2;3;17-28;3;120310.04800003418;120310.0484431897;120310.048;120310.048;0.0004431555280461;-0.000443189710495;-0.000443189710495;eev,integrated,separated,ws;lintim;Mumford0;Mumford0;True;False;1e-05;12000;1;2;20;50;200;-5;50;0.5;2;50;50;10;10;16;0.0368;1061;1061
14050788;62;g_000;1;1;30;line_consecutive;0.5;1062;2;4;21-24;12;113883.008;113883.008;113883.008;113883.00800000002;0.0;0.0;1.4551915228366852e-11;eev,integrated,separated,ws;lintim;Mumford0;Mumford0;True;False;1e-05;12000;1;2;20;50;200;-5;50;0.5;2;50;50;10;10;16;0.0368;1062;1062
14050788;63;g_000;1;1;30;line_consecutive;0.5;1063;2;5;28-30;3;121030.784;121030.78765905928;121030.784;121030.784;0.0036590592790162;-0.0036590592790162;-0.0036590592790162;eev,integrated,separated,ws;lintim;Mumford0;Mumford0;True;False;1e-05;12000;1;2;20;50;200;-5;50;0.5;2;50;50;10;10;16;0.0368;1063;1063
14050788;64;g_000;1;1;30;line_consecutive;0.5;1064;2;6;14-19;4;118598.036;118598.03618082235;118598.036;118598.03600000002;0.0001808223605621;-0.0001808223605621;-0.0001808223314583;eev,integrated,separated,ws;lintim;Mumford0;Mumford0;True;False;1e-05;12000;1;2;20;50;200;-5;50;0.5;2;50;50;10;10;16;0.0368;1064;1064
14050788;65;g_000;1;1;30;line_consecutive;0.5;1065;2;7;1-29;3;120032.288;120032.28835538944;120032.288;120032.28800000002;0.0003553894348442;-0.0003553894348442;-0.0003553894202923;eev,integrated,separated,ws;lintim;Mumford0;Mumford0;True;False;1e-05;12000;1;2;20;50;200;-5;50;0.5;2;50;50;10;10;16;0.0368;1065;1065
14050788;66;g_000;1;1;30;line_consecutive;0.5;1066;2;8;8-11;1;119620.9199999971;119620.92034769608;119620.91999999993;119620.91999999994;0.0003476989804767;-0.0003476961574051;-0.0003476961428532;eev,integrated,separated,ws;lintim;Mumford0;Mumford0;True;False;1e-05;12000;1;2;20;50;200;-5;50;0.5;2;50;50;10;10;16;0.0368;1066;1066
14050788;67;g_000;1;1;30;line_consecutive;0.5;1067;2;9;1-13;3;119400.23200000002;119400.2324431897;119400.23200000002;119400.23200000002;0.0004431896813912;-0.0004431896813912;-0.0004431896813912;eev,integrated,separated,ws;lintim;Mumford0;Mumford0;True;False;1e-05;12000;1;2;20;50;200;-5;50;0.5;2;50;50;10;10;16;0.0368;1067;1067
14050788;68;g_000;1;1;30;line_consecutive;0.5;1068;2;10;8-25;1;118154.744;118154.744;118154.744;118154.74400000002;0.0;0.0;1.4551915228366852e-11;eev,integrated,separated,ws;lintim;Mumford0;Mumford0;True;False;1e-05;12000;1;2;20;50;200;-5;50;0.5;2;50;50;10;10;16;0.0368;1068;1068
14050788;69;g_000;1;1;30;line_consecutive;0.5;1069;2;11;6-7;4,10;123646.59200000003;124715.78425840515;125136.68800000002;124715.78399999996;1069.1922584051208;420.9037415948696;-0.0002584051981102;eev,integrated,separated,ws;lintim;Mumford0;Mumford0;True;False;1e-05;12000;1;2;20;50;200;-5;50;0.5;2;50;50;10;10;16;0.0368;1069;1069
14050788;70;g_000;1;1;30;line_consecutive;0.5;1070;2;12;2-4;2;116585.52000000002;117121.6643553895;117126.016;117126.016;536.1443553894787;4.3516446105059;4.3516446105059;eev,integrated,separated,ws;lintim;Mumford0;Mumford0;True;False;1e-05;12000;1;2;20;50;200;-5;50;0.5;2;50;50;10;10;16;0.0368;1070;1070
14050788;71;g_000;1;1;30;line_consecutive;0.5;1071;2;13;2-25;1;118116.336;118116.33635313805;118116.336;118116.336;0.0003531380498316;-0.0003531380498316;-0.0003531380498316;eev,integrated,separated,ws;lintim;Mumford0;Mumford0;True;False;1e-05;12000;1;2;20;50;200;-5;50;0.5;2;50;50;10;10;16;0.0368;1071;1071
14050788;72;g_000;1;1;30;line_consecutive;0.5;1072;2;14;6-16;8;113883.00800000005;113883.00826368964;113883.008;113883.008;0.0002636895951582;-0.0002636896388139;-0.0002636896388139;eev,integrated,separated,ws;lintim;Mumford0;Mumford0;True;False;1e-05;12000;1;2;20;50;200;-5;50;0.5;2;50;50;10;10;16;0.0368;1072;1072
14050788;73;g_000;1;1;30;line_consecutive;0.5;1073;2;15;9-13;3;119717.8560000146;119717.856;119717.856;119717.856;-1.4595570974051952e-08;0.0;0.0;eev,integrated,separated,ws;lintim;Mumford0;Mumford0;True;False;1e-05;12000;1;2;20;50;200;-5;50;0.5;2;50;50;10;10;16;0.0368;1073;1073
14050788;74;g_000;1;1;30;line_consecutive;0.5;1074;2;16;12-15;5,11;126644.896;128504.14427306692;131778.856;129274.80799548756;1859.248273066929;3274.711726933077;770.6637224206352;eev,integrated,separated,ws;lintim;Mumford0;Mumford0;True;False;1e-05;12000;1;2;20;50;200;-5;50;0.5;2;50;50;10;10;16;0.0368;1074;1074
14050788;75;g_000;1;1;30;line_consecutive;0.5;1075;2;17;11-22;1;118855.752;118855.752;118855.752;118855.752;0.0;0.0;0.0;eev,integrated,separated,ws;lintim;Mumford0;Mumford0;True;False;1e-05;12000;1;2;20;50;200;-5;50;0.5;2;50;50;10;10;16;0.0368;1075;1075
14050788;76;g_000;1;1;30;line_consecutive;0.5;1076;2;18;17-29;3;122341.576;122341.57644318973;122341.576;122341.57600000002;0.0004431897250469;-0.0004431897250469;-0.000443189710495;eev,integrated,separated,ws;lintim;Mumford0;Mumford0;True;False;1e-05;12000;1;2;20;50;200;-5;50;0.5;2;50;50;10;10;16;0.0368;1076;1076
14050788;77;g_000;1;1;30;line_consecutive;0.5;1077;2;19;12-18;2,11;169416.88;171508.40799999997;174096.6319999994;171958.088;2091.527999999962;2588.2239999994345;449.6800000000221;eev,integrated,separated,ws;lintim;Mumford0;Mumford0;True;False;1e-05;12000;1;2;20;50;200;-5;50;0.5;2;50;50;10;10;16;0.0368;1077;1077
14050788;78;g_000;1;1;30;line_consecutive;0.5;1078;2;20;8-21;12;113883.008;113883.00844318973;113883.008;113883.00800000002;0.0004431897250469;-0.0004431897250469;-0.000443189710495;eev,integrated,separated,ws;lintim;Mumford0;Mumford0;True;False;1e-05;12000;1;2;20;50;200;-5;50;0.5;2;50;50;10;10;16;0.0368;1078;1078
14050788;79;g_000;1;1;30;line_consecutive;0.5;1079;2;21;15-24;5;121000.62;121000.6204431897;121000.62;121000.62;0.000443189710495;-0.000443189710495;-0.000443189710495;eev,integrated,separated,ws;lintim;Mumford0;Mumford0;True;False;1e-05;12000;1;2;20;50;200;-5;50;0.5;2;50;50;10;10;16;0.0368;1079;1079
14050788;80;g_000;1;1;30;line_consecutive;0.5;1080;2;22;8-17;10;120510.15600001164;121738.99617617266;123175.12800000004;123175.12800000004;1228.8401761610148;1436.1318238273816;1436.1318238273816;eev,integrated,separated,ws;lintim;Mumford0;Mumford0;True;False;1e-05;12000;1;2;20;50;200;-5;50;0.5;2;50;50;10;10;16;0.0368;1080;1080
14050788;81;g_000;1;1;30;line_consecutive;0.5;1081;2;23;9-27;9;113883.00800000002;113883.0084431897;113883.008;113883.008;0.0004431896813912;-0.0004431896959431;-0.0004431896959431;eev,integrated,separated,ws;lintim;Mumford0;Mumford0;True;False;1e-05;12000;1;2;20;50;200;-5;50;0.5;2;50;50;10;10;16;0.0368;1081;1081
14050788;82;g_000;1;1;30;line_consecutive;0.5;1082;2;24;8-15;10;120457.228;121686.06828176072;122833.752;122833.752;1228.840281760713;1147.6837182392774;1147.6837182392774;eev,integrated,separated,ws;lintim;Mumford0;Mumford0;True;False;1e-05;12000;1;2;20;50;200;-5;50;0.5;2;50;50;10;10;16;0.0368;1082;1082
14050788;83;g_000;1;1;30;line_consecutive;0.5;1083;2;25;2-15;10;120381.972;121614.11645751058;122690.79200000002;122690.79200000002;1232.1444575105852;1076.6755424894363;1076.6755424894363;eev,integrated,separated,ws;lintim;Mumford0;Mumford0;True;False;1e-05;12000;1;2;20;50;200;-5;50;0.5;2;50;50;10;10;16;0.0368;1083;1083
14050788;84;g_000;1;1;30;line_consecutive;0.5;1084;2;26;5-8;6;116384.384;116690.28;116690.28;116690.28000000004;305.89599999999336;0.0;4.365574568510056e-11;eev,integrated,separated,ws;lintim;Mumford0;Mumford0;True;False;1e-05;12000;1;2;20;50;200;-5;50;0.5;2;50;50;10;10;16;0.0368;1084;1084
14050788;85;g_000;1;1;30;line_consecutive;0.5;1085;2;27;7-17;10;119625.31200000002;120740.83999999995;121648.144;121648.144;1115.527999999933;907.3040000000474;907.3040000000474;eev,integrated,separated,ws;lintim;Mumford0;Mumford0;True;False;1e-05;12000;1;2;20;50;200;-5;50;0.5;2;50;50;10;10;16;0.0368;1085;1085
14050788;86;g_000;1;1;30;line_consecutive;0.5;1086;2;28;15-21;7;119550.776;119550.77622159486;119550.776;119550.776;0.0002215948625234;-0.0002215948625234;-0.0002215948625234;eev,integrated,separated,ws;lintim;Mumford0;Mumford0;True;False;1e-05;12000;1;2;20;50;200;-5;50;0.5;2;50;50;10;10;16;0.0368;1086;1086
14050788;87;g_000;1;1;30;line_consecutive;0.5;1087;2;29;1-23;2;116609.15200000005;117096.92835538946;117096.9279999986;117096.9279999986;487.7763553894183;-0.0003553908609319;-0.0003553908609319;eev,integrated,separated,ws;lintim;Mumford0;Mumford0;True;False;1e-05;12000;1;2;20;50;200;-5;50;0.5;2;50;50;10;10;16;0.0368;1087;1087
14050788;88;g_000;2;1;30;line_consecutive;0.5;1088;3;0;2-25,8-25;1;152111.624;152111.624;152111.624;152111.624;0.0;0.0;0.0;eev,integrated,separated,ws;lintim;Mumford0;Mumford0;True;False;1e-05;12000;1;2;20;50;200;-5;50;0.5;2;50;50;10;10;16;0.0368;1088;1088
14050788;89;g_000;2;1;30;line_consecutive;0.5;1089;3;1;8-11,8-25;1;123892.65600000002;123892.65599999996;123892.65600000002;123892.65600000002;-5.820766091346741e-11;5.820766091346741e-11;5.820766091346741e-11;eev,integrated,separated,ws;lintim;Mumford0;Mumford0;True;False;1e-05;12000;1;2;20;50;200;-5;50;0.5;2;50;50;10;10;16;0.0368;1089;1089
14050788;90;g_000;2;1;30;line_consecutive;0.5;1090;3;2;8-11,11-22;1;145970.58399999994;145970.5842215948;145970.58399999994;145970.58399999997;0.0002215948479715;-0.0002215948479715;-0.0002215948188677;eev,integrated,separated,ws;lintim;Mumford0;Mumford0;True;False;1e-05;12000;1;2;20;50;200;-5;50;0.5;2;50;50;10;10;16;0.0368;1090;1090
14050788;91;g_000;2;1;30;line_consecutive;0.5;1091;3;3;2-4,4-12;2;133984.62000000002;134657.64416612295;136953.428;136953.428;673.0241661229229;2295.783833877067;2295.783833877067;eev,integrated,separated,ws;lintim;Mumford0;Mumford0;True;False;1e-05;12000;1;2;20;50;200;-5;50;0.5;2;50;50;10;10;16;0.0368;1091;1091
14050788;92;g_000;2;1;30;line_consecutive;0.5;1092;3;4;4-12,12-18;2;184082.05999998256;187114.684;189721.384;187582.84000000003;3032.624000017444;2606.6999999999825;468.1560000000172;eev,integrated,separated,ws;lintim;Mumford0;Mumford0;True;False;1e-05;12000;1;2;20;50;200;-5;50;0.5;2;50;50;10;10;16;0.0368;1092;1092
14050788;93;g_000;2;1;30;line_consecutive;0.5;1093;3;5;12-18,18-23;2,11;169416.88;171508.40799999997;174096.6319999994;171958.088;2091.527999999962;2588.2239999994345;449.6800000000221;eev,integrated,separated,ws;lintim;Mumford0;Mumford0;True;False;1e-05;12000;1;2;20;50;200;-5;50;0.5;2;50;50;10;10;16;0.0368;1093;1093
14050788;94;g_000;2;1;30;line_consecutive;0.5;1094;3;6;1-23,18-23;2;125289.804;126526.3;128380.98400000004;127536.00800000002;1236.4959999999992;1854.6840000000373;1009.7080000000132;eev,integrated,separated,ws;lintim;Mumford0;Mumford0;True;False;1e-05;12000;1;2;20;50;200;-5;50;0.5;2;50;50;10;10;16;0.0368;1094;1094
14050788;95;g_000;2;1;30;line_consecutive;0.5;1095;3;7;1-14,1-23;2;121457.69599999997;122229.84844318972;124001.784;124001.784;772.152443189756;1771.9355568102765;1771.9355568102765;eev,integrated,separated,ws;lintim;Mumford0;Mumford0;True;False;1e-05;12000;1;2;20;50;200;-5;50;0.5;2;50;50;10;10;16;0.0368;1095;1095
14050788;96;g_000;2;1;30;line_consecutive;0.5;1096;3;8;1-13,9-13;3;168793.88800000004;168793.88835538953;168793.888;168793.888;0.0003553894930519;-0.0003553895221557;-0.0003553895221557;eev,integrated,separated,ws;lintim;Mumford0;Mumford0;True;False;1e-05;12000;1;2;20;50;200;-5;50;0.5;2;50;50;10;10;16;0.0368;1096;1096
14050788;97;g_000;2;1;30;line_consecutive;0.5;1097;3;9;1-13,1-29;3;123802.28800000004;123802.2883628799;123802.288;123802.28800000002;0.000362879858585;-0.0003628799022408;-0.0003628798876889;eev,integrated,separated,ws;lintim;Mumford0;Mumford0;True;False;1e-05;12000;1;2;20;50;200;-5;50;0.5;2;50;50;10;10;16;0.0368;1097;1097
14050788;98;g_000;2;1;30;line_consecutive;0.5;1098;3;10;1-29,17-29;3;127051.472;127051.47244412206;127051.472;127051.472;0.0004441220662556;-0.0004441220662556;-0.0004441220662556;eev,integrated,separated,ws;lintim;Mumford0;Mumford0;True;False;1e-05;12000;1;2;20;50;200;-5;50;0.5;2;50;50;10;10;16;0.0368;1098;1098
14050788;99;g_000;2;1;30;line_consecutive;0.5;1099;3;11;17-28,17-29;3;123175.136;123175.13635538948;123175.136;123175.136;0.0003553894785;-0.0003553894785;-0.0003553894785;eev,integrated,separated,ws;lintim;Mumford0;Mumford0;True;False;1e-05;12000;1;2;20;50;200;-5;50;0.5;2;50;50;10;10;16;0.0368;1099;1099
14050788;100;g_000;2;1;30;line_consecutive;0.5;1100;3;12;17-28,28-30;3;139758.23200000002;139758.23200000002;139758.23200000002;139758.23200000002;0.0;0.0;0.0;eev,integrated,separated,ws;lintim;Mumford0;Mumford0;True;False;1e-05;12000;1;2;20;50;200;-5;50;0.5;2;50;50;10;10;16;0.0368;1100;1100
14050788;101;g_000;2;1;30;line_consecutive;0.5;1101;3;13;6-7,7-14;4;128857.58000000002;129894.74432549551;129894.74399999996;129952.256;1037.164325495498;-0.0003254955518059;57.51167450447974;eev,integrated,separated,ws;lintim;Mumford0;Mumford0;True;False;1e-05;12000;1;2;20;50;200;-5;50;0.5;2;50;50;10;10;16;0.0368;1101;1101
14050788;102;g_000;2;1;30;line_consecutive;0.5;1102;3;14;7-14,14-19;4;121587.51200005643;121587.51244317713;121587.51199999996;121587.51199999996;0.0004431206907611;-0.0004431771667441;-0.0004431771667441;eev,integrated,separated,ws;lintim;Mumford0;Mumford0;True;False;1e-05;12000;1;2;20;50;200;-5;50;0.5;2;50;50;10;10;16;0.0368;1102;1102
14050788;103;g_000;2;1;30;line_consecutive;0.5;1103;3;15;14-19,19-20;4;119979.96000000002;119979.96026368965;119979.96;119979.96000000002;0.000263689624262;-0.0002636896388139;-0.000263689624262;eev,integrated,separated,ws;lintim;Mumford0;Mumford0;True;False;1e-05;12000;1;2;20;50;200;-5;50;0.5;2;50;50;10;10;16;0.0368;1103;1103
14050788;104;g_000;2;1;30;line_consecutive;0.5;1104;3;16;12-15,15-24;5;126644.89599999988;128504.14427382064;131778.856;129274.80799548756;1859.2482738207616;3274.711726179361;770.6637216669187;eev,integrated,separated,ws;lintim;Mumford0;Mumford0;True;False;1e-05;12000;1;2;20;50;200;-5;50;0.5;2;50;50;10;10;16;0.0368;1104;1104
14050788;105;g_000;2;1;30;line_consecutive;0.5;1105;3;17;12-15,12-26;5;126743.072;127997.04035650528;130573.448;128212.03999548756;1253.9683565052835;2576.40764349472;214.99963898227725;eev,integrated,separated,ws;lintim;Mumford0;Mumford0;True;False;1e-05;12000;1;2;20;50;200;-5;50;0.5;2;50;50;10;10;16;0.0368;1105;1105
14050788;106;g_000;2;1;30;line_consecutive;0.5;1106;3;18;3-8,5-8;6;119618.27200000004;119924.16799999998;119924.168;119924.168;305.8959999999352;2.9103830456733704e-11;2.9103830456733704e-11;eev,integrated,separated,ws;lintim;Mumford0;Mumford0;True;False;1e-05;12000;1;2;20;50;200;-5;50;0.5;2;50;50;10;10;16;0.0368;1106;1106
14050788;107;g_000;2;1;30;line_consecutive;0.5;1107;3;19;10-15,15-21;7;124561.872;124846.34021023274;124846.34000000004;124846.34000000004;284.46821023273515;-0.0002102326980093;-0.0002102326980093;eev,integrated,separated,ws;lintim;Mumford0;Mumford0;True;False;1e-05;12000;1;2;20;50;200;-5;50;0.5;2;50;50;10;10;16;0.0368;1107;1107
14050788;108;g_000;2;1;30;line_consecutive;0.5;1108;3;20;2-15,8-15;10;122494.93997207526;124128.96400001006;125719.53599999988;125719.53599999988;1634.0240279348072;1590.5719999898138;1590.5719999898138;eev,integrated,separated,ws;lintim;Mumford0;Mumford0;True;False;1e-05;12000;1;2;20;50;200;-5;50;0.5;2;50;50;10;10;16;0.0368;1108;1108
14050788;109;g_000;2;1;30;line_consecutive;0.5;1109;3;21;8-15,8-17;10;122765.164;123994.004;125989.76399999984;125989.76399999984;1228.8399999999965;1995.7599999998347;1995.7599999998347;eev,integrated,separated,ws;lintim;Mumford0;Mumford0;True;False;1e-05;12000;1;2;20;50;200;-5;50;0.5;2;50;50;10;10;16;0.0368;1109;1109
14050788;110;g_000;2;1;30;line_consecutive;0.5;1110;3;22;7-17,8-17;10;121079.56;122236.25626292604;123147.72000000004;123147.72000000004;1156.696262926038;911.4637370740091;911.4637370740091;eev,integrated,separated,ws;lintim;Mumford0;Mumford0;True;False;1e-05;12000;1;2;20;50;200;-5;50;0.5;2;50;50;10;10;16;0.0368;1110;1110
14050788;111;g_000;2;1;30;line_consecutive;0.5;1111;3;23;6-7,7-17;10;124251.912;126329.6962614186;127531.776;126918.28;2077.7842614186084;1202.079738581393;588.5837385813938;eev,integrated,separated,ws;lintim;Mumford0;Mumford0;True;False;1e-05;12000;1;2;20;50;200;-5;50;0.5;2;50;50;10;10;16;0.0368;1111;1111
14050788;112;g_000;2;1;30;line_consecutive;0.5;1112;3;24;12-15,12-18;11;135698.6;138461.84000000003;140761.94400000002;139271.87999999835;2763.24000000002;2300.103999999992;810.0399999983201;eev,integrated,separated,ws;lintim;Mumford0;Mumford0;True;False;1e-05;12000;1;2;20;50;200;-5;50;0.5;2;50;50;10;10;16;0.0368;1112;1112
14050788;113;g_000;2;1;30;line_consecutive;0.5;1113;3;25;18-23,19-23;11;138992.30400000003;139704.91599999997;140415.56800000003;140466.608;712.6119999999355;710.6520000000601;761.6920000000391;eev,integrated,separated,ws;lintim;Mumford0;Mumford0;True;False;1e-05;12000;1;2;20;50;200;-5;50;0.5;2;50;50;10;10;16;0.0368;1113;1113
14050788;114;g_000;2;1;30;line_consecutive;0.5;1114;3;26;3-8,8-21;12;117805.104;118111.0;118111.0;118111.0;305.89599999999336;0.0;0.0;eev,integrated,separated,ws;lintim;Mumford0;Mumford0;True;False;1e-05;12000;1;2;20;50;200;-5;50;0.5;2;50;50;10;10;16;0.0368;1114;1114
14050788;115;g_000;2;1;30;line_consecutive;0.5;1115;3;27;8-21,21-24;12;113883.008;113883.00822159847;113883.008;113883.00800000002;0.0002215984713984;-0.0002215984713984;-0.0002215984568465;eev,integrated,separated,ws;lintim;Mumford0;Mumford0;True;False;1e-05;12000;1;2;20;50;200;-5;50;0.5;2;50;50;10;10;16;0.0368;1115;1115
14050788;116;g_000;1;1;30;line_consecutive;0.5;1116;4;0;8-25;1;136910.336;137422.65600000002;137422.65600000002;137422.65600000002;512.320000000007;0.0;0.0;eev,integrated,separated,ws;lintim;Mumford0;Mumford0;True;False;1e-05;12000;1;2;20;50;200;-5;50;0.5;5;50;50;10;10;16;0.0368;1116;1116
14050788;117;g_000;1;1;30;line_consecutive;0.5;1117;4;1;8-11;1;137193.07200000004;137699.11999999976;137814.288;137814.288;506.04799999971874;115.16800000023795;115.16800000023795;eev,integrated,separated,ws;lintim;Mumford0;Mumford0;True;False;1e-05;12000;1;2;20;50;200;-5;50;0.5;5;50;50;10;10;16;0.0368;1117;1117
14050788;118;g_000;1;1;30;line_consecutive;0.5;1118;4;2;6-16;8;131270.40000000002;131270.39999999953;131270.40000000002;131270.40000000002;-4.94765117764473e-10;4.94765117764473e-10;4.94765117764473e-10;eev,integrated,separated,ws;lintim;Mumford0;Mumford0;True;False;1e-05;12000;1;2;20;50;200;-5;50;0.5;5;50;50;10;10;16;0.0368;1118;1118
14050788;119;g_000;1;1;30;line_consecutive;0.5;1119;4;3;4-12;2;138655.39200000002;140981.288;141424.94400000002;141424.94400000002;2325.895999999979;443.6560000000172;443.6560000000172;eev,integrated,separated,ws;lintim;Mumford0;Mumford0;True;False;1e-05;12000;1;2;20;50;200;-5;50;0.5;5;50;50;10;10;16;0.0368;1119;1119
14050788;120;g_000;1;1;30;line_consecutive;0.5;1120;4;4;17-28;3;137118.544;137382.07999999996;138714.352;138714.352;263.5359999999637;1332.2720000000554;1332.2720000000554;eev,integrated,separated,ws;lintim;Mumford0;Mumford0;True;False;1e-05;12000;1;2;20;50;200;-5;50;0.5;5;50;50;10;10;16;0.0368;1120;1120
14050788;121;g_000;1;1;30;line_consecutive;0.5;1121;4;5;1-29;3;136607.85599999368;136921.224;138042.40000000002;138042.40000000002;313.3680000063032;1121.176000000036;1121.176000000036;eev,integrated,separated,ws;lintim;Mumford0;Mumford0;True;False;1e-05;12000;1;2;20;50;200;-5;50;0.5;5;50;50;10;10;16;0.0368;1121;1121
14050788;122;g_000;1;1;30;line_consecutive;0.5;1122;4;6;15-24;5;138838.18000000002;139248.1799999985;139248.17999999953;139248.17999999953;409.9999999984866;1.0186340659856794e-09;1.0186340659856794e-09;eev,integrated,separated,ws;lintim;Mumford0;Mumford0;True;False;1e-05;12000;1;2;20;50;200;-5;50;0.5;5;50;50;10;10;16;0.0368;1122;1122
14050788;123;g_000;1;1;30;line_consecutive;0.5;1123;4;7;17-29;3;139263.568;139543.31999999506;140816.23600000003;140816.23600000003;279.75199999506003;1272.9160000049742;1272.9160000049742;eev,integrated,separated,ws;lintim;Mumford0;Mumford0;True;False;1e-05;12000;1;2;20;50;200;-5;50;0.5;5;50;50;10;10;16;0.0368;1123;1123
14050788;124;g_000;1;1;30;line_consecutive;0.5;1124;4;8;1-14;2;136741.87199996476;138508.28799999808;138885.2;138885.2;1766.416000033321;376.912000001932;376.912000001932;eev,integrated,separated,ws;lintim;Mumford0;Mumford0;True;False;1e-05;12000;1;2;20;50;200;-5;50;0.5;5;50;50;10;10;16;0.0368;1124;1124
14050788;125;g_000;1;1;30;line_consecutive;0.5;1125;4;9;5-8;6;134123.80799999944;134229.84000000003;134272.032;134272.032;106.0320000005886;42.19199999998091;42.19199999998091;eev,integrated,separated,ws;lintim;Mumford0;Mumford0;True;False;1e-05;12000;1;2;20;50;200;-5;50;0.5;5;50;50;10;10;16;0.0368;1125;1125
14050788;126;g_000;1;1;30;line_consecutive;0.5;1126;4;10;18-23;2,11;146339.36000000002;147588.81999999995;147595.228;151923.70399999997;1249.4599999999336;6.408000000054017;4334.88400000002;eev,integrated,separated,ws;lintim;Mumford0;Mumford0;True;False;1e-05;12000;1;2;20;50;200;-5;50;0.5;5;50;50;10;10;16;0.0368;1126;1126
14050788;127;g_000;1;1;30;line_consecutive;0.5;1127;4;11;28-30;3;137863.43600000002;138126.97200000013;139437.22799999962;139437.22799999965;263.5360000001092;1310.2559999994992;1310.2559999995285;eev,integrated,separated,ws;lintim;Mumford0;Mumford0;True;False;1e-05;12000;1;2;20;50;200;-5;50;0.5;5;50;50;10;10;16;0.0368;1127;1127
14050788;128;g_000;1;1;30;line_consecutive;0.5;1128;4;12;10-15;7;138729.152;139038.112;139038.11200000002;139038.11200000002;308.95999999999185;2.9103830456733704e-11;2.9103830456733704e-11;eev,integrated,separated,ws;lintim;Mumford0;Mumford0;True;False;1e-05;12000;1;2;20;50;200;-5;50;0.5;5;50;50;10;10;16;0.0368;1128;1128
14050788;129;g_000;1;1;30;line_consecutive;0.5;1129;4;13;7-14;4;138750.288;138806.736;138916.392;138916.392;56.44800000000396;109.65599999998813;109.65599999998813;eev,integrated,separated,ws;lintim;Mumford0;Mumford0;True;False;1e-05;12000;1;2;20;50;200;-5;50;0.5;5;50;50;10;10;16;0.0368;1129;1129
14050788;130;g_000;1;1;30;line_consecutive;0.5;1130;4;14;3-8;6,12;135401.5680000321;135507.59999999998;135510.352;135510.352;106.03199996787588;2.7520000000367872;2.7520000000367872;eev,integrated,separated,ws;lintim;Mumford0;Mumford0;True;False;1e-05;12000;1;2;20;50;200;-5;50;0.5;5;50;50;10;10;16;0.0368;1130;1130
14050788;131;g_000;1;1;30;line_consecutive;0.5;1131;4;15;9-27;9;131270.40000000002;131270.39999999997;131270.40000000002;131270.40000000002;-5.820766091346741e-11;5.820766091346741e-11;5.820766091346741e-11;eev,integrated,separated,ws;lintim;Mumford0;Mumford0;True;False;1e-05;12000;1;2;20;50;200;-5;50;0.5;5;50;50;10;10;16;0.0368;1131;1131
14050788;132;g_000;1;1;30;line_consecutive;0.5;1132;4;16;8-17;10;141358.65600000005;142130.32;144906.31200000003;142573.904;771.6639999999607;2775.9920000000275;443.58400000000256;eev,integrated,separated,ws;lintim;Mumford0;Mumford0;True;False;1e-05;12000;1;2;20;50;200;-5;50;0.5;5;50;50;10;10;16;0.0368;1132;1132
14050788;133;g_000;1;1;30;line_consecutive;0.5;1133;4;17;2-25;1;136844.12;137356.912;137356.912;137356.912;512.7920000000158;0.0;0.0;eev,integrated,separated,ws;lintim;Mumford0;Mumford0;True;False;1e-05;12000;1;2;20;50;200;-5;50;0.5;5;50;50;10;10;16;0.0368;1133;1133
14050788;134;g_000;1;1;30;line_consecutive;0.5;1134;4;18;9-13;3;138024.28800000003;138350.57590675197;139265.27200000003;139265.27200000006;326.28790675193886;914.696093248058;914.696093248087;eev,integrated,separated,ws;lintim;Mumford0;Mumford0;True;False;1e-05;12000;1;2;20;50;200;-5;50;0.5;5;50;50;10;10;16;0.0368;1134;1134
14050788;135;g_000;1;1;30;line_consecutive;0.5;1135;4;19;19-20;4;134718.848;134718.84800000457;134718.84800000003;134718.84800000003;4.5693013817071915e-09;-4.540197551250458e-09;-4.540197551250458e-09;eev,integrated,separated,ws;lintim;Mumford0;Mumford0;True;False;1e-05;12000;1;2;20;50;200;-5;50;0.5;5;50;50;10;10;16;0.0368;1135;1135
14050788;136;g_000;1;1;30;line_consecutive;0.5;1136;4;20;15-21;7;137920.24800000002;138229.20799999998;138229.208;138229.208;308.95999999996275;2.9103830456733704e-11;2.9103830456733704e-11;eev,integrated,separated,ws;lintim;Mumford0;Mumford0;True;False;1e-05;12000;1;2;20;50;200;-5;50;0.5;5;50;50;10;10;16;0.0368;1136;1136
14050788;137;g_000;1;1;30;line_consecutive;0.5;1137;4;21;14-19;4;136479.896;136530.952;136530.95200000002;136530.95200000002;51.05599999998231;2.9103830456733704e-11;2.9103830456733704e-11;eev,integrated,separated,ws;lintim;Mumford0;Mumford0;True;False;1e-05;12000;1;2;20;50;200;-5;50;0.5;5;50;50;10;10;16;0.0368;1137;1137
14050788;138;g_000;1;1;30;line_consecutive;0.5;1138;4;22;6-7;4,10;142983.72533333336;144075.816;147270.64800000002;146363.73598563008;1092.090666666627;3194.832000000024;2287.919985630084;eev,integrated,separated,ws;lintim;Mumford0;Mumford0;True;False;1e-05;12000;1;2;20;50;200;-5;50;0.5;5;50;50;10;10;16;0.0368;1138;1138
14050788;139;g_000;1;1;30;line_consecutive;0.5;1139;4;23;8-15;10;140960.00000000003;141669.59999999998;144541.65600000002;142113.184;709.5999999999476;2872.0560000000405;443.58400000003166;eev,integrated,separated,ws;lintim;Mumford0;Mumford0;True;False;1e-05;12000;1;2;20;50;200;-5;50;0.5;5;50;50;10;10;16;0.0368;1139;1139
14050788;140;g_000;1;1;30;line_consecutive;0.5;1140;4;24;1-23;2;134859.32;135450.4;135450.40000000002;135450.40000000002;591.0799999999872;2.9103830456733704e-11;2.9103830456733704e-11;eev,integrated,separated,ws;lintim;Mumford0;Mumford0;True;False;1e-05;12000;1;2;20;50;200;-5;50;0.5;5;50;50;10;10;16;0.0368;1140;1140
14050788;141;g_000;1;1;30;line_consecutive;0.5;1141;4;25;21-24;12;131270.40000000002;131270.4;131270.40000000002;131270.40000000002;-2.9103830456733704e-11;2.9103830456733704e-11;2.9103830456733704e-11;eev,integrated,separated,ws;lintim;Mumford0;Mumford0;True;False;1e-05;12000;1;2;20;50;200;-5;50;0.5;5;50;50;10;10;16;0.0368;1141;1141
14050788;142;g_000;1;1;30;line_consecutive;0.5;1142;4;26;2-4;2;135157.42399996243;135694.49600000028;135694.496;135694.496;537.0720000378496;-2.6193447411060333e-10;-2.6193447411060333e-10;eev,integrated,separated,ws;lintim;Mumford0;Mumford0;True;False;1e-05;12000;1;2;20;50;200;-5;50;0.5;5;50;50;10;10;16;0.0368;1142;1142
14050788;143;g_000;1;1;30;line_consecutive;0.5;1143;4;27;1-13;3;136931.032;137254.5679999984;138169.26400000002;138169.26400000002;323.53599999839207;914.696000001626;914.696000001626;eev,integrated,separated,ws;lintim;Mumford0;Mumford0;True;False;1e-05;12000;1;2;20;50;200;-5;50;0.5;5;50;50;10;10;16;0.0368;1143;1143
14050788;144;g_000;1;1;30;line_consecutive;0.5;1144;4;28;7-17;10;140255.832;141046.288;144026.784;141517.488;790.4560000000056;2980.4960000000137;471.2000000000117;eev,integrated,separated,ws;lintim;Mumford0;Mumford0;True;False;1e-05;12000;1;2;20;50;200;-5;50;0.5;5;50;50;10;10;16;0.0368;1144;1144
14050788;145;g_000;1;1;30;line_consecutive;0.5;1145;4;29;19-23;11;134818.432;135942.6000000306;137384.152;136532.696;1124.1680000305932;1441.551999969408;590.0959999694023;eev,integrated,separated,ws;lintim;Mumford0;Mumford0;True;False;1e-05;12000;1;2;20;50;200;-5;50;0.5;5;50;50;10;10;16;0.0368;1145;1145
14050788;146;g_000;2;1;30;line_consecutive;0.5;1146;5;0;2-25,8-25;1;170345.008000017;170857.32799999986;170857.328;170857.328;512.3199999828648;1.4551915228366852e-10;1.4551915228366852e-10;eev,integrated,separated,ws;lintim;Mumford0;Mumford0;True;False;1e-05;12000;1;2;20;50;200;-5;50;0.5;5;50;50;10;10;16;0.0368;1146;1146
14050788;147;g_000;2;1;30;line_consecutive;0.5;1147;5;1;8-11,8-25;1;141381.22400000002;141827.23203131423;142169.98400000003;142169.98400000003;446.0080313142098;342.7519686857995;342.7519686857995;eev,integrated,separated,ws;lintim;Mumford0;Mumford0;True;False;1e-05;12000;1;2;20;50;200;-5;50;0.5;5;50;50;10;10;16;0.0368;1147;1147
14050788;148;g_000;2;1;30;line_consecutive;0.5;1148;5;2;8-11,11-22;1;163938.00799999962;164419.5119999989;164567.95199999996;164567.95199999996;481.50399999928777;148.44000000105007;148.44000000105007;eev,integrated,separated,ws;lintim;Mumford0;Mumford0;True;False;1e-05;12000;1;2;20;50;200;-5;50;0.5;5;50;50;10;10;16;0.0368;1148;1148
14050788;149;g_000;2;1;30;line_consecutive;0.5;1149;5;3;2-4,4-12;2;152866.31199999998;155147.7120000024;155472.90000000002;155472.90000000002;2281.40000000241;325.18799999763723;325.18799999763723;eev,integrated,separated,ws;lintim;Mumford0;Mumford0;True;False;1e-05;12000;1;2;20;50;200;-5;50;0.5;5;50;50;10;10;16;0.0368;1149;1149
14050788;150;g_000;2;1;30;line_consecutive;0.5;1150;5;4;4-12,12-18;2;203553.952;206426.66400004952;207069.75200000004;209358.08;2872.7120000495343;643.0879999505123;2931.4159999504627;eev,integrated,separated,ws;lintim;Mumford0;Mumford0;True;False;1e-05;12000;1;2;20;50;200;-5;50;0.5;5;50;50;10;10;16;0.0368;1150;1150
14050788;151;g_000;2;1;30;line_consecutive;0.5;1151;5;5;12-18,18-23;2,11;189134.84800000003;191240.784;191689.73600000003;194434.48;2105.935999999987;448.9520000000193;3193.6959999999963;eev,integrated,separated,ws;lintim;Mumford0;Mumford0;True;False;1e-05;12000;1;2;20;50;200;-5;50;0.5;5;50;50;10;10;16;0.0368;1151;1151
14050788;152;g_000;2;1;30;line_consecutive;0.5;1152;5;6;1-23,18-23;2;146339.36000000002;147588.81999999995;147595.228;151923.70399999997;1249.4599999999336;6.408000000054017;4334.88400000002;eev,integrated,separated,ws;lintim;Mumford0;Mumford0;True;False;1e-05;12000;1;2;20;50;200;-5;50;0.5;5;50;50;10;10;16;0.0368;1152;1152
14050788;153;g_000;2;1;30;line_consecutive;0.5;1153;5;7;1-14,1-23;2;139113.72800000006;140871.04;141732.744;141732.744;1757.3119999999471;861.7039999999979;861.7039999999979;eev,integrated,separated,ws;lintim;Mumford0;Mumford0;True;False;1e-05;12000;1;2;20;50;200;-5;50;0.5;5;50;50;10;10;16;0.0368;1153;1153
14050788;154;g_000;2;1;30;line_consecutive;0.5;1154;5;8;1-13,9-13;3;184752.336;185075.872;185990.568;185990.56800000003;323.5359999999928;914.6959999999964;914.6960000000254;eev,integrated,separated,ws;lintim;Mumford0;Mumford0;True;False;1e-05;12000;1;2;20;50;200;-5;50;0.5;5;50;50;10;10;16;0.0368;1154;1154
14050788;155;g_000;2;1;30;line_consecutive;0.5;1155;5;9;1-13,1-29;3;140478.136;140801.67199999996;141861.74000000002;141861.74000000005;323.5359999999637;1060.0680000000575;1060.0680000000866;eev,integrated,separated,ws;lintim;Mumford0;Mumford0;True;False;1e-05;12000;1;2;20;50;200;-5;50;0.5;5;50;50;10;10;16;0.0368;1155;1155
14050788;156;g_000;2;1;30;line_consecutive;0.5;1156;5;10;1-29,17-29;3;144080.73200000002;144550.34799999688;145931.66000000003;145931.66000000003;469.61599999686587;1381.3120000031486;1381.3120000031486;eev,integrated,separated,ws;lintim;Mumford0;Mumford0;True;False;1e-05;12000;1;2;20;50;200;-5;50;0.5;5;50;50;10;10;16;0.0368;1156;1156
14050788;157;g_000;2;1;30;line_consecutive;0.5;1157;5;11;17-28,17-29;3;140093.48399996923;140379.07199999996;141652.632;141652.63200000004;285.58800003072247;1273.560000000056;1273.560000000085;eev,integrated,separated,ws;lintim;Mumford0;Mumford0;True;False;1e-05;12000;1;2;20;50;200;-5;50;0.5;5;50;50;10;10;16;0.0368;1157;1157
14050788;158;g_000;2;1;30;line_consecutive;0.5;1158;5;12;17-28,28-30;3;156866.40000000002;157129.936;158352.108;158352.10800000004;263.5359999999637;1222.1720000000205;1222.1720000000496;eev,integrated,separated,ws;lintim;Mumford0;Mumford0;True;False;1e-05;12000;1;2;20;50;200;-5;50;0.5;5;50;50;10;10;16;0.0368;1158;1158
14050788;159;g_000;2;1;30;line_consecutive;0.5;1159;5;13;6-7,7-14;4;147594.29600000003;148317.65599999964;151421.624;151201.26398563;723.3599999996077;3103.968000000372;2883.607985630369;eev,integrated,separated,ws;lintim;Mumford0;Mumford0;True;False;1e-05;12000;1;2;20;50;200;-5;50;0.5;5;50;50;10;10;16;0.0368;1159;1159
14050788;160;g_000;2;1;30;line_consecutive;0.5;1160;5;14;7-14,14-19;4;138750.288;138806.736;138916.392;138916.392;56.44800000000396;109.65599999998813;109.65599999998813;eev,integrated,separated,ws;lintim;Mumford0;Mumford0;True;False;1e-05;12000;1;2;20;50;200;-5;50;0.5;5;50;50;10;10;16;0.0368;1160;1160
14050788;161;g_000;2;1;30;line_consecutive;0.5;1161;5;15;14-19,19-20;4;137803.43199999997;137874.26399999997;137988.016;137988.016;70.83199999999488;113.7520000000368;113.7520000000368;eev,integrated,separated,ws;lintim;Mumford0;Mumford0;True;False;1e-05;12000;1;2;20;50;200;-5;50;0.5;5;50;50;10;10;16;0.0368;1161;1161
14050788;162;g_000;2;1;30;line_consecutive;0.5;1162;5;16;12-15,15-24;5;144992.73600000003;147425.76800000004;150412.96000000002;147930.64;2433.0320000000065;2987.191999999981;504.8719999999739;eev,integrated,separated,ws;lintim;Mumford0;Mumford0;True;False;1e-05;12000;1;2;20;50;200;-5;50;0.5;5;50;50;10;10;16;0.0368;1162;1162
14050788;163;g_000;2;1;30;line_consecutive;0.5;1163;5;17;12-15,12-26;5;144636.70399999915;146942.632;149735.11200000002;147421.12000000002;2305.9280000008584;2792.4800000000105;478.4880000000121;eev,integrated,separated,ws;lintim;Mumford0;Mumford0;True;False;1e-05;12000;1;2;20;50;200;-5;50;0.5;5;50;50;10;10;16;0.0368;1163;1163
14050788;164;g_000;2;1;30;line_consecutive;0.5;1164;5;18;3-8,5-8;6;137057.69600000512;137163.72799999997;137205.92;137205.92;106.03199999485514;42.19200000003912;42.19200000003912;eev,integrated,separated,ws;lintim;Mumford0;Mumford0;True;False;1e-05;12000;1;2;20;50;200;-5;50;0.5;5;50;50;10;10;16;0.0368;1164;1164
14050788;165;g_000;2;1;30;line_consecutive;0.5;1165;5;19;10-15,15-21;7;142807.964;143173.99599999998;143226.37200000003;143226.37200000003;366.0319999999774;52.3760000000475;52.3760000000475;eev,integrated,separated,ws;lintim;Mumford0;Mumford0;True;False;1e-05;12000;1;2;20;50;200;-5;50;0.5;5;50;50;10;10;16;0.0368;1165;1165
14050788;166;g_000;2;1;30;line_consecutive;0.5;1166;5;20;2-15,8-15;10;143507.54;144631.136;147688.81600000002;145701.05200000005;1123.5959999999905;3057.680000000022;1069.9160000000556;eev,integrated,separated,ws;lintim;Mumford0;Mumford0;True;False;1e-05;12000;1;2;20;50;200;-5;50;0.5;5;50;50;10;10;16;0.0368;1166;1166
14050788;167;g_000;2;1;30;line_consecutive;0.5;1167;5;21;8-15,8-17;10;144264.07999997376;145212.76799999998;148463.72400000002;146185.456;948.6880000262172;3250.9560000000347;972.6880000000236;eev,integrated,separated,ws;lintim;Mumford0;Mumford0;True;False;1e-05;12000;1;2;20;50;200;-5;50;0.5;5;50;50;10;10;16;0.0368;1167;1167
14050788;168;g_000;2;1;30;line_consecutive;0.5;1168;5;22;7-17,8-17;10;141613.608;142404.06399999995;145384.56;142875.26400000002;790.4559999999474;2980.496000000043;471.20000000006985;eev,integrated,separated,ws;lintim;Mumford0;Mumford0;True;False;1e-05;12000;1;2;20;50;200;-5;50;0.5;5;50;50;10;10;16;0.0368;1168;1168
14050788;169;g_000;2;1;30;line_consecutive;0.5;1169;5;23;6-7,7-17;10;145174.05200000005;146375.78999999998;149868.64800000002;148788.85598563007;1201.7379999999248;3492.858000000037;2413.065985630092;eev,integrated,separated,ws;lintim;Mumford0;Mumford0;True;False;1e-05;12000;1;2;20;50;200;-5;50;0.5;5;50;50;10;10;16;0.0368;1169;1169
14050788;170;g_000;2;1;30;line_consecutive;0.5;1170;5;24;12-15,12-18;11;157063.28000000003;160132.73599999447;160954.44800000003;164550.40000000002;3069.4559999944468;821.7120000055584;4417.664000005549;eev,integrated,separated,ws;lintim;Mumford0;Mumford0;True;False;1e-05;12000;1;2;20;50;200;-5;50;0.5;5;50;50;10;10;16;0.0368;1170;1170
14050788;171;g_000;2;1;30;line_consecutive;0.5;1171;5;25;18-23,19-23;11;159924.76;161530.92799999996;161530.928;164989.856;1606.167999999947;5.820766091346741e-11;3458.9280000000435;eev,integrated,separated,ws;lintim;Mumford0;Mumford0;True;False;1e-05;12000;1;2;20;50;200;-5;50;0.5;5;50;50;10;10;16;0.0368;1171;1171
14050788;172;g_000;2;1;30;line_consecutive;0.5;1172;5;26;3-8,8-21;12;135401.5680000016;135507.59999999998;135510.352;135510.352;106.0319999983767;2.7520000000367872;2.7520000000367872;eev,integrated,separated,ws;lintim;Mumford0;Mumford0;True;False;1e-05;12000;1;2;20;50;200;-5;50;0.5;5;50;50;10;10;16;0.0368;1172;1172
14050788;173;g_000;2;1;30;line_consecutive;0.5;1173;5;27;8-21,21-24;12;131270.40000000002;131270.39999999997;131270.40000000002;131270.40000000002;-5.820766091346741e-11;5.820766091346741e-11;5.820766091346741e-11;eev,integrated,separated,ws;lintim;Mumford0;Mumford0;True;False;1e-05;12000;1;2;20;50;200;-5;50;0.5;5;50;50;10;10;16;0.0368;1173;1173
14050788;174;g_000;1;1;30;line_consecutive;0.5;1174;6;0;6-16;8;101892.96000000002;101892.95997025512;101892.95996910974;101892.95996910974;-2.9744900530204177e-05;-1.145381247624755e-06;-1.145381247624755e-06;eev,integrated,separated,ws;lintim;Mumford0;Mumford0;True;False;1e-05;12000;1;2;20;50;200;-5;50;0.75;1;50;50;10;10;16;0.0368;1174;1174
14050788;175;g_000;1;1;30;line_consecutive;0.5;1175;6;1;1-13;3;107410.184;107410.18400008572;107410.18396910976;107410.18396910976;8.572533261030912e-08;-3.097596345469356e-05;-3.097596345469356e-05;eev,integrated,separated,ws;lintim;Mumford0;Mumford0;True;False;1e-05;12000;1;2;20;50;200;-5;50;0.75;1;50;50;10;10;16;0.0368;1175;1175
14050788;176;g_000;1;1;30;line_consecutive;0.5;1176;6;2;1-29;3;108623.24000000002;108623.24;108623.23996919974;108623.23996919976;-1.4551915228366852e-11;-3.0800263630226254e-05;-3.0800249078311026e-05;eev,integrated,separated,ws;lintim;Mumford0;Mumford0;True;False;1e-05;12000;1;2;20;50;200;-5;50;0.75;1;50;50;10;10;16;0.0368;1176;1176
14050788;177;g_000;1;1;30;line_consecutive;0.5;1177;6;3;28-30;3;109155.552;109155.5508426004;109155.55196910974;109155.55196910976;-0.0011573996016522;0.0011265093489782;0.0011265093635302;eev,integrated,separated,ws;lintim;Mumford0;Mumford0;True;False;1e-05;12000;1;2;20;50;200;-5;50;0.75;1;50;50;10;10;16;0.0368;1177;1177
14050788;178;g_000;1;1;30;line_consecutive;0.5;1178;6;4;2-25;1;106162.94400000002;106162.94400000002;106162.94396910977;106162.94396910977;0.0;-3.0890252673998475e-05;-3.0890252673998475e-05;eev,integrated,separated,ws;lintim;Mumford0;Mumford0;True;False;1e-05;12000;1;2;20;50;200;-5;50;0.75;1;50;50;10;10;16;0.0368;1178;1178
14050788;179;g_000;1;1;30;line_consecutive;0.5;1179;6;5;17-28;3;108597.0;108621.472;108621.47196910976;108621.47196910976;24.471999999994296;-3.089023812208325e-05;-3.089023812208325e-05;eev,integrated,separated,ws;lintim;Mumford0;Mumford0;True;False;1e-05;12000;1;2;20;50;200;-5;50;0.75;1;50;50;10;10;16;0.0368;1179;1179
14050788;180;g_000;1;1;30;line_consecutive;0.5;1180;6;6;19-20;4;105350.72000000002;105350.72;105350.71996910976;105350.71996910976;-1.4551915228366852e-11;-3.089023812208325e-05;-3.089023812208325e-05;eev,integrated,separated,ws;lintim;Mumford0;Mumford0;True;False;1e-05;12000;1;2;20;50;200;-5;50;0.75;1;50;50;10;10;16;0.0368;1180;1180
14050788;181;g_000;1;1;30;line_consecutive;0.5;1181;6;7;8-21;12;101892.96000000002;101892.96;101892.95993045844;101892.95993045844;-1.4551915228366852e-11;-6.954156560823321e-05;-6.954156560823321e-05;eev,integrated,separated,ws;lintim;Mumford0;Mumford0;True;False;1e-05;12000;1;2;20;50;200;-5;50;0.75;1;50;50;10;10;16;0.0368;1181;1181
14050788;182;g_000;1;1;30;line_consecutive;0.5;1182;6;8;17-29;3;110758.536;110783.008;110783.00796910976;110783.00796910976;24.472000000008848;-3.089023812208325e-05;-3.089023812208325e-05;eev,integrated,separated,ws;lintim;Mumford0;Mumford0;True;False;1e-05;12000;1;2;20;50;200;-5;50;0.75;1;50;50;10;10;16;0.0368;1182;1182
14050788;183;g_000;1;1;30;line_consecutive;0.5;1183;6;9;9-13;3;107423.896;107423.896;107423.89596910976;107423.89596910976;0.0;-3.089023812208325e-05;-3.089023812208325e-05;eev,integrated,separated,ws;lintim;Mumford0;Mumford0;True;False;1e-05;12000;1;2;20;50;200;-5;50;0.75;1;50;50;10;10;16;0.0368;1183;1183
14050788;184;g_000;1;1;30;line_consecutive;0.5;1184;6;10;1-14;2;105832.56000000004;107320.448;108587.79996910976;108587.79996910976;1487.8879999999626;1267.3519691097608;1267.3519691097608;eev,integrated,separated,ws;lintim;Mumford0;Mumford0;True;False;1e-05;12000;1;2;20;50;200;-5;50;0.75;1;50;50;10;10;16;0.0368;1184;1184
14050788;185;g_000;1;1;30;line_consecutive;0.5;1185;6;11;10-15;7;108668.51200000002;108668.512;108668.51196812264;108668.51196812264;-1.4551915228366852e-11;-3.187736729159951e-05;-3.187736729159951e-05;eev,integrated,separated,ws;lintim;Mumford0;Mumford0;True;False;1e-05;12000;1;2;20;50;200;-5;50;0.75;1;50;50;10;10;16;0.0368;1185;1185
14050788;186;g_000;1;1;30;line_consecutive;0.5;1186;6;12;12-26;5;114353.356;114354.424;114354.42396910976;114354.42396910976;1.0679999999993015;-3.089023812208325e-05;-3.089023812208325e-05;eev,integrated,separated,ws;lintim;Mumford0;Mumford0;True;False;1e-05;12000;1;2;20;50;200;-5;50;0.75;1;50;50;10;10;16;0.0368;1186;1186
14050788;187;g_000;1;1;30;line_consecutive;0.5;1187;6;13;6-7;4,10;110504.056;111734.64799999996;112491.40796910974;112107.99200000004;1230.5919999999603;756.7599691097857;373.34400000008463;eev,integrated,separated,ws;lintim;Mumford0;Mumford0;True;False;1e-05;12000;1;2;20;50;200;-5;50;0.75;1;50;50;10;10;16;0.0368;1187;1187
14050788;188;g_000;1;1;30;line_consecutive;0.5;1188;6;14;8-17;10;106588.86400000002;108562.5674239999;110837.16396910977;110837.16396910977;1973.7034239998904;2274.59654510986;2274.59654510986;eev,integrated,separated,ws;lintim;Mumford0;Mumford0;True;False;1e-05;12000;1;2;20;50;200;-5;50;0.75;1;50;50;10;10;16;0.0368;1188;1188
14050788;189;g_000;1;1;30;line_consecutive;0.5;1189;6;15;8-15;10;106648.86400000002;108511.3984543987;110430.47196910976;110430.47196910976;1862.5344543986864;1919.0735147110536;1919.0735147110536;eev,integrated,separated,ws;lintim;Mumford0;Mumford0;True;False;1e-05;12000;1;2;20;50;200;-5;50;0.75;1;50;50;10;10;16;0.0368;1189;1189
14050788;190;g_000;1;1;30;line_consecutive;0.5;1190;6;16;5-8;6;104452.81599999985;104820.672;104820.67196910974;104820.67196910972;367.85600000015984;-3.0890267225913703e-05;-3.089028177782893e-05;eev,integrated,separated,ws;lintim;Mumford0;Mumford0;True;False;1e-05;12000;1;2;20;50;200;-5;50;0.75;1;50;50;10;10;16;0.0368;1190;1190
14050788;191;g_000;1;1;30;line_consecutive;0.5;1191;6;17;7-17;10;106830.768;107754.4;109117.81596910974;109117.81596910974;923.6319999999978;1363.4159691097448;1363.4159691097448;eev,integrated,separated,ws;lintim;Mumford0;Mumford0;True;False;1e-05;12000;1;2;20;50;200;-5;50;0.75;1;50;50;10;10;16;0.0368;1191;1191
14050788;192;g_000;1;1;30;line_consecutive;0.5;1192;6;18;21-24;12;101892.96000000002;101892.96077519702;101892.95992301748;101892.95992301748;0.0007751969969831;-0.0008521795389242;-0.0008521795389242;eev,integrated,separated,ws;lintim;Mumford0;Mumford0;True;False;1e-05;12000;1;2;20;50;200;-5;50;0.75;1;50;50;10;10;16;0.0368;1192;1192
14050788;193;g_000;1;1;30;line_consecutive;0.5;1193;6;19;14-19;4;106550.19199999998;106550.19199999998;106550.19196910971;106550.19196910971;0.0;-3.0890267225913703e-05;-3.0890267225913703e-05;eev,integrated,separated,ws;lintim;Mumford0;Mumford0;True;False;1e-05;12000;1;2;20;50;200;-5;50;0.75;1;50;50;10;10;16;0.0368;1193;1193
14050788;194;g_000;1;1;30;line_consecutive;0.5;1194;6;20;7-14;4;109785.208;109785.2080000002;109785.20796910972;109785.20796910972;2.0372681319713595e-10;-3.089048550464213e-05;-3.089048550464213e-05;eev,integrated,separated,ws;lintim;Mumford0;Mumford0;True;False;1e-05;12000;1;2;20;50;200;-5;50;0.75;1;50;50;10;10;16;0.0368;1194;1194
14050788;195;g_000;1;1;30;line_consecutive;0.5;1195;6;21;12-15;5,11;114540.768;116968.608;119671.43996910976;117051.44000000002;2427.8399999999965;2702.8319691097718;82.83200000002398;eev,integrated,separated,ws;lintim;Mumford0;Mumford0;True;False;1e-05;12000;1;2;20;50;200;-5;50;0.75;1;50;50;10;10;16;0.0368;1195;1195
14050788;196;g_000;1;1;30;line_consecutive;0.5;1196;6;22;11-22;1;106885.56800001694;106885.56800001855;106885.56796910976;106885.56796910976;1.6152625903487206e-09;-3.0908791813999414e-05;-3.0908791813999414e-05;eev,integrated,separated,ws;lintim;Mumford0;Mumford0;True;False;1e-05;12000;1;2;20;50;200;-5;50;0.75;1;50;50;10;10;16;0.0368;1196;1196
14050788;197;g_000;1;1;30;line_consecutive;0.5;1197;6;23;15-24;5;108992.14;108992.14000037665;108992.13996910976;108992.13996910976;3.766472218558192e-07;-3.1266885343939066e-05;-3.1266885343939066e-05;eev,integrated,separated,ws;lintim;Mumford0;Mumford0;True;False;1e-05;12000;1;2;20;50;200;-5;50;0.75;1;50;50;10;10;16;0.0368;1197;1197
14050788;198;g_000;1;1;30;line_consecutive;0.5;1198;6;24;19-23;11;104736.68000000002;105456.68;106056.67996910974;106056.67996910974;719.9999999999709;599.9999691097473;599.9999691097473;eev,integrated,separated,ws;lintim;Mumford0;Mumford0;True;False;1e-05;12000;1;2;20;50;200;-5;50;0.75;1;50;50;10;10;16;0.0368;1198;1198
14050788;199;g_000;1;1;30;line_consecutive;0.5;1199;6;25;1-23;2;104421.39200000002;104809.824;105053.52796910974;105053.52796910974;388.4319999999716;243.70396910974523;243.70396910974523;eev,integrated,separated,ws;lintim;Mumford0;Mumford0;True;False;1e-05;12000;1;2;20;50;200;-5;50;0.75;1;50;50;10;10;16;0.0368;1199;1199
14050788;200;g_000;1;1;30;line_consecutive;0.5;1200;6;26;15-21;7;107560.72800000002;107560.728;107560.72796910976;107560.72796910976;-1.4551915228366852e-11;-3.089023812208325e-05;-3.089023812208325e-05;eev,integrated,separated,ws;lintim;Mumford0;Mumford0;True;False;1e-05;12000;1;2;20;50;200;-5;50;0.75;1;50;50;10;10;16;0.0368;1200;1200
14050788;201;g_000;1;1;30;line_consecutive;0.5;1201;6;27;2-4;2;104615.12000000002;105003.55199999997;105246.71996910976;105246.71996910976;388.4319999999425;243.1679691097961;243.1679691097961;eev,integrated,separated,ws;lintim;Mumford0;Mumford0;True;False;1e-05;12000;1;2;20;50;200;-5;50;0.75;1;50;50;10;10;16;0.0368;1201;1201
14050788;202;g_000;1;1;30;line_consecutive;0.5;1202;6;28;18-23;2,11;112491.48000000004;114585.32800007398;116425.23996910977;115108.73599860008;2093.8480000739364;1839.9119690357911;523.4079985261051;eev,integrated,separated,ws;lintim;Mumford0;Mumford0;True;False;1e-05;12000;1;2;20;50;200;-5;50;0.75;1;50;50;10;10;16;0.0368;1202;1202
14050788;203;g_000;1;1;30;line_consecutive;0.5;1203;6;29;4-12;2;107072.68000000002;108869.608;110422.23996910977;110422.23996910977;1796.9279999999708;1552.6319691097742;1552.6319691097742;eev,integrated,separated,ws;lintim;Mumford0;Mumford0;True;False;1e-05;12000;1;2;20;50;200;-5;50;0.75;1;50;50;10;10;16;0.0368;1203;1203
14050788;204;g_000;2;1;30;line_consecutive;0.5;1204;7;0;2-25,8-25;1;140584.608;140584.608;140584.60796910975;140584.60796910975;0.0;-3.0890252673998475e-05;-3.0890252673998475e-05;eev,integrated,separated,ws;lintim;Mumford0;Mumford0;True;False;1e-05;12000;1;2;20;50;200;-5;50;0.75;1;50;50;10;10;16;0.0368;1204;1204
14050788;205;g_000;2;1;30;line_consecutive;0.5;1205;7;1;8-11,8-25;1;112397.27200000004;112421.744;112421.74396910975;112421.74396910975;24.471999999965192;-3.0890252673998475e-05;-3.0890252673998475e-05;eev,integrated,separated,ws;lintim;Mumford0;Mumford0;True;False;1e-05;12000;1;2;20;50;200;-5;50;0.75;1;50;50;10;10;16;0.0368;1205;1205
14050788;206;g_000;2;1;30;line_consecutive;0.5;1206;7;2;8-11,11-22;1;134165.468;134189.93999999994;134189.93996910975;134189.93996910975;24.47199999995064;-3.089019446633756e-05;-3.089019446633756e-05;eev,integrated,separated,ws;lintim;Mumford0;Mumford0;True;False;1e-05;12000;1;2;20;50;200;-5;50;0.75;1;50;50;10;10;16;0.0368;1206;1206
14050788;207;g_000;2;1;30;line_consecutive;0.5;1207;7;3;2-4,4-12;2;121437.42400000004;123234.3520000068;124786.98396910974;124786.98396910974;1796.928000006752;1552.6319691029494;1552.6319691029494;eev,integrated,separated,ws;lintim;Mumford0;Mumford0;True;False;1e-05;12000;1;2;20;50;200;-5;50;0.75;1;50;50;10;10;16;0.0368;1207;1207
14050788;208;g_000;2;1;30;line_consecutive;0.5;1208;7;4;4-12,12-18;2;171608.272;175620.77599999998;178153.99996910975;175620.77599860006;4012.503999999986;2533.223969109764;-1.399923348799348e-06;eev,integrated,separated,ws;lintim;Mumford0;Mumford0;True;False;1e-05;12000;1;2;20;50;200;-5;50;0.75;1;50;50;10;10;16;0.0368;1208;1208
14050788;209;g_000;2;1;30;line_consecutive;0.5;1209;7;5;12-18,18-23;2,11;156871.6;159918.29599999997;162451.51996910974;159918.29599860008;3046.695999999967;2533.223969109764;-1.3998942449688911e-06;eev,integrated,separated,ws;lintim;Mumford0;Mumford0;True;False;1e-05;12000;1;2;20;50;200;-5;50;0.75;1;50;50;10;10;16;0.0368;1209;1209
14050788;210;g_000;2;1;30;line_consecutive;0.5;1210;7;6;1-23,18-23;2;112491.48000000004;114585.32800007398;116425.23996910977;115108.73599860008;2093.8480000739364;1839.9119690357911;523.4079985261051;eev,integrated,separated,ws;lintim;Mumford0;Mumford0;True;False;1e-05;12000;1;2;20;50;200;-5;50;0.75;1;50;50;10;10;16;0.0368;1210;1210
14050788;211;g_000;2;1;30;line_consecutive;0.5;1211;7;7;1-14,1-23;2;108707.58400000002;110504.512;111835.91196910976;111835.91196910976;1796.927999999985;1331.399969109756;1331.399969109756;eev,integrated,separated,ws;lintim;Mumford0;Mumford0;True;False;1e-05;12000;1;2;20;50;200;-5;50;0.75;1;50;50;10;10;16;0.0368;1211;1211
14050788;212;g_000;2;1;30;line_consecutive;0.5;1212;7;8;1-13,9-13;3;157744.51200000002;157744.512;157744.51196910974;157744.51196910976;-2.9103830456733704e-11;-3.0890252673998475e-05;-3.089022357016802e-05;eev,integrated,separated,ws;lintim;Mumford0;Mumford0;True;False;1e-05;12000;1;2;20;50;200;-5;50;0.75;1;50;50;10;10;16;0.0368;1212;1212
14050788;213;g_000;2;1;30;line_consecutive;0.5;1213;7;9;1-13,1-29;3;112269.688;112269.68775918087;112269.68796910976;112269.68796910976;-0.0002408191212452;0.0002099288831232;0.0002099288831232;eev,integrated,separated,ws;lintim;Mumford0;Mumford0;True;False;1e-05;12000;1;2;20;50;200;-5;50;0.75;1;50;50;10;10;16;0.0368;1213;1213
14050788;214;g_000;2;1;30;line_consecutive;0.5;1214;7;10;1-29,17-29;3;115494.876;115519.34756780136;115519.34796910976;115519.34796910976;24.471567801359924;0.000401308396249;0.000401308396249;eev,integrated,separated,ws;lintim;Mumford0;Mumford0;True;False;1e-05;12000;1;2;20;50;200;-5;50;0.75;1;50;50;10;10;16;0.0368;1214;1214
14050788;215;g_000;2;1;30;line_consecutive;0.5;1215;7;11;17-28,17-29;3;111470.22000000002;111494.6919999917;111494.69196910976;111494.69196910976;24.471999991685152;-3.088194353040308e-05;-3.088194353040308e-05;eev,integrated,separated,ws;lintim;Mumford0;Mumford0;True;False;1e-05;12000;1;2;20;50;200;-5;50;0.75;1;50;50;10;10;16;0.0368;1215;1215
14050788;216;g_000;2;1;30;line_consecutive;0.5;1216;7;12;17-28,28-30;3;127899.908;127924.38003588878;127924.37996910977;127924.37996910977;24.472035888786195;-6.677901546936482e-05;-6.677901546936482e-05;eev,integrated,separated,ws;lintim;Mumford0;Mumford0;True;False;1e-05;12000;1;2;20;50;200;-5;50;0.75;1;50;50;10;10;16;0.0368;1216;1216
14050788;217;g_000;2;1;30;line_consecutive;0.5;1217;7;13;6-7,7-14;4;115919.204;116962.216;117345.63196910972;116962.216;1043.0120000000024;383.41596910971566;0.0;eev,integrated,separated,ws;lintim;Mumford0;Mumford0;True;False;1e-05;12000;1;2;20;50;200;-5;50;0.75;1;50;50;10;10;16;0.0368;1217;1217
14050788;218;g_000;2;1;30;line_consecutive;0.5;1218;7;14;7-14,14-19;4;109785.208;109785.2080000002;109785.20796910972;109785.20796910972;2.0372681319713595e-10;-3.089048550464213e-05;-3.089048550464213e-05;eev,integrated,separated,ws;lintim;Mumford0;Mumford0;True;False;1e-05;12000;1;2;20;50;200;-5;50;0.75;1;50;50;10;10;16;0.0368;1218;1218
14050788;219;g_000;2;1;30;line_consecutive;0.5;1219;7;15;14-19,19-20;4;107967.232;107967.232;107967.23196910974;107967.23196910974;0.0;-3.0890267225913703e-05;-3.0890267225913703e-05;eev,integrated,separated,ws;lintim;Mumford0;Mumford0;True;False;1e-05;12000;1;2;20;50;200;-5;50;0.75;1;50;50;10;10;16;0.0368;1219;1219
14050788;220;g_000;2;1;30;line_consecutive;0.5;1220;7;16;12-15,15-24;5;114540.76800000004;116968.608;119671.43996910976;117051.44000000002;2427.839999999953;2702.8319691097718;82.83200000002398;eev,integrated,separated,ws;lintim;Mumford0;Mumford0;True;False;1e-05;12000;1;2;20;50;200;-5;50;0.75;1;50;50;10;10;16;0.0368;1220;1220
14050788;221;g_000;2;1;30;line_consecutive;0.5;1221;7;17;12-15,12-26;5;114509.69600000004;115709.69526212424;118329.69596910974;115709.696;1199.999262124198;2620.000706985505;0.0007378757582046;eev,integrated,separated,ws;lintim;Mumford0;Mumford0;True;False;1e-05;12000;1;2;20;50;200;-5;50;0.75;1;50;50;10;10;16;0.0368;1221;1221
14050788;222;g_000;2;1;30;line_consecutive;0.5;1222;7;18;3-8,5-8;6;107783.168;108154.56;108154.55996910974;108154.55996910974;371.39199999999255;-3.0890252673998475e-05;-3.0890252673998475e-05;eev,integrated,separated,ws;lintim;Mumford0;Mumford0;True;False;1e-05;12000;1;2;20;50;200;-5;50;0.75;1;50;50;10;10;16;0.0368;1222;1222
14050788;223;g_000;2;1;30;line_consecutive;0.5;1223;7;19;10-15,15-21;7;112686.39200000002;112686.392;112686.39196910974;112686.39196910974;-1.4551915228366852e-11;-3.0890267225913703e-05;-3.0890267225913703e-05;eev,integrated,separated,ws;lintim;Mumford0;Mumford0;True;False;1e-05;12000;1;2;20;50;200;-5;50;0.75;1;50;50;10;10;16;0.0368;1223;1223
14050788;224;g_000;2;1;30;line_consecutive;0.5;1224;7;20;2-15,8-15;10;108989.17600000002;111020.70000024606;113114.26396910974;113114.26396910974;2031.524000246034;2093.5639688636875;2093.5639688636875;eev,integrated,separated,ws;lintim;Mumford0;Mumford0;True;False;1e-05;12000;1;2;20;50;200;-5;50;0.75;1;50;50;10;10;16;0.0368;1224;1224
14050788;225;g_000;2;1;30;line_consecutive;0.5;1225;7;21;8-15,8-17;10;108858.86400000002;110824.98;113387.43596910976;113387.43596910976;1966.11599999998;2562.4559691097675;2562.4559691097675;eev,integrated,separated,ws;lintim;Mumford0;Mumford0;True;False;1e-05;12000;1;2;20;50;200;-5;50;0.75;1;50;50;10;10;16;0.0368;1225;1225
14050788;226;g_000;2;1;30;line_consecutive;0.5;1226;7;22;7-17,8-17;10;108288.54400000002;109212.17600000002;110575.59196910977;110575.59196910977;923.6319999999978;1363.4159691097448;1363.4159691097448;eev,integrated,separated,ws;lintim;Mumford0;Mumford0;True;False;1e-05;12000;1;2;20;50;200;-5;50;0.75;1;50;50;10;10;16;0.0368;1226;1226
14050788;227;g_000;2;1;30;line_consecutive;0.5;1227;7;23;6-7,7-17;10;111383.09200000002;113383.8;114708.81596910924;113383.80000000002;2000.707999999984;1325.0159691092413;1.4551915228366852e-11;eev,integrated,separated,ws;lintim;Mumford0;Mumford0;True;False;1e-05;12000;1;2;20;50;200;-5;50;0.75;1;50;50;10;10;16;0.0368;1227;1227
14050788;228;g_000;2;1;30;line_consecutive;0.5;1228;7;24;12-15,12-18;11;123138.072;126579.53574265192;128419.44796910977;126579.536;3441.4637426519184;1839.9122264578475;0.0002573480742285;eev,integrated,separated,ws;lintim;Mumford0;Mumford0;True;False;1e-05;12000;1;2;20;50;200;-5;50;0.75;1;50;50;10;10;16;0.0368;1228;1228
14050788;229;g_000;2;1;30;line_consecutive;0.5;1229;7;25;18-23,19-23;11;126548.01600000005;127729.32;128428.79996910974;127832.38399860008;1181.30399999996;699.4799691097287;103.06399860007514;eev,integrated,separated,ws;lintim;Mumford0;Mumford0;True;False;1e-05;12000;1;2;20;50;200;-5;50;0.75;1;50;50;10;10;16;0.0368;1229;1229
14050788;230;g_000;2;1;30;line_consecutive;0.5;1230;7;26;3-8,8-21;12;105791.136;106158.992;106158.99196910976;106158.99196910972;367.85599999999977;-3.089023812208325e-05;-3.089028177782893e-05;eev,integrated,separated,ws;lintim;Mumford0;Mumford0;True;False;1e-05;12000;1;2;20;50;200;-5;50;0.75;1;50;50;10;10;16;0.0368;1230;1230
14050788;231;g_000;2;1;30;line_consecutive;0.5;1231;7;27;8-21,21-24;12;101892.96000000002;101892.95999999104;101892.95993376132;101892.95993376132;-8.978531695902348e-09;-6.622972432523966e-05;-6.622972432523966e-05;eev,integrated,separated,ws;lintim;Mumford0;Mumford0;True;False;1e-05;12000;1;2;20;50;200;-5;50;0.75;1;50;50;10;10;16;0.0368;1231;1231
14050788;232;g_000;1;1;30;line_consecutive;0.5;1232;8;0;3-8;6,12;108965.07599999996;109270.432;109270.432;109270.432;305.3560000000434;0.0;0.0;eev,integrated,separated,ws;lintim;Mumford0;Mumford0;True;False;1e-05;12000;1;2;20;50;200;-5;50;0.75;2;50;50;10;10;16;0.0368;1232;1232
14050788;233;g_000;1;1;30;line_consecutive;0.5;1233;8;1;1-13;3;110610.57599999996;110610.576;110610.576;110610.576;4.365574568510056e-11;0.0;0.0;eev,integrated,separated,ws;lintim;Mumford0;Mumford0;True;False;1e-05;12000;1;2;20;50;200;-5;50;0.75;2;50;50;10;10;16;0.0368;1233;1233
14050788;234;g_000;1;1;30;line_consecutive;0.5;1234;8;2;19-20;4;108566.41599999995;108566.416;108566.416;108566.416;4.365574568510056e-11;0.0;0.0;eev,integrated,separated,ws;lintim;Mumford0;Mumford0;True;False;1e-05;12000;1;2;20;50;200;-5;50;0.75;2;50;50;10;10;16;0.0368;1234;1234
14050788;235;g_000;1;1;30;line_consecutive;0.5;1235;8;3;7-14;4;112944.21799999994;112944.21800000058;112944.21799999996;112944.21799999996;6.402842700481415e-10;-6.111804395914078e-10;-6.111804395914078e-10;eev,integrated,separated,ws;lintim;Mumford0;Mumford0;True;False;1e-05;12000;1;2;20;50;200;-5;50;0.75;2;50;50;10;10;16;0.0368;1235;1235
14050788;236;g_000;1;1;30;line_consecutive;0.5;1236;8;4;8-25;1;109525.71199999996;109525.712;109525.712;109525.712;4.365574568510056e-11;0.0;0.0;eev,integrated,separated,ws;lintim;Mumford0;Mumford0;True;False;1e-05;12000;1;2;20;50;200;-5;50;0.75;2;50;50;10;10;16;0.0368;1236;1236
14050788;237;g_000;1;1;30;line_consecutive;0.5;1237;8;5;17-28;3;111485.86399999996;111485.86399999767;111485.864;111485.864;-2.2846506908535957e-09;2.3283064365386963e-09;2.3283064365386963e-09;eev,integrated,separated,ws;lintim;Mumford0;Mumford0;True;False;1e-05;12000;1;2;20;50;200;-5;50;0.75;2;50;50;10;10;16;0.0368;1237;1237
14050788;238;g_000;1;1;30;line_consecutive;0.5;1238;8;6;28-30;3;112216.63199999995;112216.632;112216.632;112216.632;4.365574568510056e-11;0.0;0.0;eev,integrated,separated,ws;lintim;Mumford0;Mumford0;True;False;1e-05;12000;1;2;20;50;200;-5;50;0.75;2;50;50;10;10;16;0.0368;1238;1238
14050788;239;g_000;1;1;30;line_consecutive;0.5;1239;8;7;9-13;3;110698.06399999995;110698.064;110698.064;110698.064;4.365574568510056e-11;0.0;0.0;eev,integrated,separated,ws;lintim;Mumford0;Mumford0;True;False;1e-05;12000;1;2;20;50;200;-5;50;0.75;2;50;50;10;10;16;0.0368;1239;1239
14050788;240;g_000;1;1;30;line_consecutive;0.5;1240;8;8;1-29;3;111527.77999999996;111527.78;111527.78;111527.78;4.365574568510056e-11;0.0;0.0;eev,integrated,separated,ws;lintim;Mumford0;Mumford0;True;False;1e-05;12000;1;2;20;50;200;-5;50;0.75;2;50;50;10;10;16;0.0368;1240;1240
14050788;241;g_000;1;1;30;line_consecutive;0.5;1241;8;9;21-24;12;105133.53599999996;105133.536;105133.536;105133.536;2.9103830456733704e-11;0.0;0.0;eev,integrated,separated,ws;lintim;Mumford0;Mumford0;True;False;1e-05;12000;1;2;20;50;200;-5;50;0.75;2;50;50;10;10;16;0.0368;1241;1241
14050788;242;g_000;1;1;30;line_consecutive;0.5;1242;8;10;8-21;12;105133.53599999996;105133.536;105133.536;105133.536;2.9103830456733704e-11;0.0;0.0;eev,integrated,separated,ws;lintim;Mumford0;Mumford0;True;False;1e-05;12000;1;2;20;50;200;-5;50;0.75;2;50;50;10;10;16;0.0368;1242;1242
14050788;243;g_000;1;1;30;line_consecutive;0.5;1243;8;11;2-15;10;110599.87599999996;112297.39579388412;113912.198;113912.198;1697.5197938841593;1614.8022061158845;1614.8022061158845;eev,integrated,separated,ws;lintim;Mumford0;Mumford0;True;False;1e-05;12000;1;2;20;50;200;-5;50;0.75;2;50;50;10;10;16;0.0368;1243;1243
14050788;244;g_000;1;1;30;line_consecutive;0.5;1244;8;12;15-21;7;110801.30399999996;110801.304;110801.30399999904;110801.30399999904;4.365574568510056e-11;-9.60426405072212e-10;-9.60426405072212e-10;eev,integrated,separated,ws;lintim;Mumford0;Mumford0;True;False;1e-05;12000;1;2;20;50;200;-5;50;0.75;2;50;50;10;10;16;0.0368;1244;1244
14050788;245;g_000;1;1;30;line_consecutive;0.5;1245;8;13;7-17;10;110133.16799999998;111369.53799999984;112543.468;112543.468;1236.3699999998644;1173.930000000153;1173.930000000153;eev,integrated,separated,ws;lintim;Mumford0;Mumford0;True;False;1e-05;12000;1;2;20;50;200;-5;50;0.75;2;50;50;10;10;16;0.0368;1245;1245
14050788;246;g_000;1;1;30;line_consecutive;0.5;1246;8;14;19-23;11;107825.39199999996;108402.24800001788;109236.6879999994;109236.6879999994;576.8560000179132;834.4399999815214;834.4399999815214;eev,integrated,separated,ws;lintim;Mumford0;Mumford0;True;False;1e-05;12000;1;2;20;50;200;-5;50;0.75;2;50;50;10;10;16;0.0368;1246;1246
14050788;247;g_000;1;1;30;line_consecutive;0.5;1247;8;15;2-4;2;107843.73599999998;108215.51999999996;108534.304;108534.304;371.7839999999851;318.7840000000433;318.7840000000433;eev,integrated,separated,ws;lintim;Mumford0;Mumford0;True;False;1e-05;12000;1;2;20;50;200;-5;50;0.75;2;50;50;10;10;16;0.0368;1247;1247
14050788;248;g_000;1;1;30;line_consecutive;0.5;1248;8;16;8-17;10;110722.73599999998;112436.202;114343.33;114343.33;1713.4660000000297;1907.127999999997;1907.127999999997;eev,integrated,separated,ws;lintim;Mumford0;Mumford0;True;False;1e-05;12000;1;2;20;50;200;-5;50;0.75;2;50;50;10;10;16;0.0368;1248;1248
14050788;249;g_000;1;1;30;line_consecutive;0.5;1249;8;17;9-27;9;105133.53599999996;105133.53600000004;105133.536;105133.536;7.275957614183426e-11;-4.365574568510056e-11;-4.365574568510056e-11;eev,integrated,separated,ws;lintim;Mumford0;Mumford0;True;False;1e-05;12000;1;2;20;50;200;-5;50;0.75;2;50;50;10;10;16;0.0368;1249;1249
14050788;250;g_000;1;1;30;line_consecutive;0.5;1250;8;18;12-15;5,11;117775.27399999998;119648.64;122948.792;120114.07600000002;1873.366000000024;3300.152000000002;465.43600000001607;eev,integrated,separated,ws;lintim;Mumford0;Mumford0;True;False;1e-05;12000;1;2;20;50;200;-5;50;0.75;2;50;50;10;10;16;0.0368;1250;1250
14050788;251;g_000;1;1;30;line_consecutive;0.5;1251;8;19;14-19;4;109859.27799999996;109859.27799999996;109859.27799999998;109859.27799999998;0.0;1.4551915228366852e-11;1.4551915228366852e-11;eev,integrated,separated,ws;lintim;Mumford0;Mumford0;True;False;1e-05;12000;1;2;20;50;200;-5;50;0.75;2;50;50;10;10;16;0.0368;1251;1251
14050788;252;g_000;1;1;30;line_consecutive;0.5;1252;8;20;8-15;10;110649.47399999996;112363.48799999998;113955.304;113955.304;1714.014000000025;1591.8160000000207;1591.8160000000207;eev,integrated,separated,ws;lintim;Mumford0;Mumford0;True;False;1e-05;12000;1;2;20;50;200;-5;50;0.75;2;50;50;10;10;16;0.0368;1252;1252
14050788;253;g_000;1;1;30;line_consecutive;0.5;1253;8;21;12-18;2,11;160133.59599999996;162957.61199999996;165558.476;163154.684;2824.0160000000037;2600.8640000000305;197.07200000004377;eev,integrated,separated,ws;lintim;Mumford0;Mumford0;True;False;1e-05;12000;1;2;20;50;200;-5;50;0.75;2;50;50;10;10;16;0.0368;1253;1253
14050788;254;g_000;1;1;30;line_consecutive;0.5;1254;8;22;2-25;1;109403.44399999996;109403.44400000355;109403.444;109403.444;3.594323061406612e-09;-3.5506673157215123e-09;-3.5506673157215123e-09;eev,integrated,separated,ws;lintim;Mumford0;Mumford0;True;False;1e-05;12000;1;2;20;50;200;-5;50;0.75;2;50;50;10;10;16;0.0368;1254;1254
14050788;255;g_000;1;1;30;line_consecutive;0.5;1255;8;23;1-14;2;108950.59999999996;110074.53999999884;111789.364;111789.364;1123.9399999988818;1714.8240000011574;1714.8240000011574;eev,integrated,separated,ws;lintim;Mumford0;Mumford0;True;False;1e-05;12000;1;2;20;50;200;-5;50;0.75;2;50;50;10;10;16;0.0368;1255;1255
14050788;256;g_000;1;1;30;line_consecutive;0.5;1256;8;24;1-23;2;107664.63199999998;108036.41599999944;108311.036;108311.036;371.7839999994612;274.6200000005483;274.6200000005483;eev,integrated,separated,ws;lintim;Mumford0;Mumford0;True;False;1e-05;12000;1;2;20;50;200;-5;50;0.75;2;50;50;10;10;16;0.0368;1256;1256
14050788;257;g_000;1;1;30;line_consecutive;0.5;1257;8;25;6-7;4,10;114033.62599999996;115336.44399999996;116029.632;115563.506;1302.8179999999993;693.1880000000383;227.0620000000345;eev,integrated,separated,ws;lintim;Mumford0;Mumford0;True;False;1e-05;12000;1;2;20;50;200;-5;50;0.75;2;50;50;10;10;16;0.0368;1257;1257
14050788;258;g_000;1;1;30;line_consecutive;0.5;1258;8;26;8-11;1;110888.43199999996;110888.432;110888.432;110888.432;4.365574568510056e-11;0.0;0.0;eev,integrated,separated,ws;lintim;Mumford0;Mumford0;True;False;1e-05;12000;1;2;20;50;200;-5;50;0.75;2;50;50;10;10;16;0.0368;1258;1258
14050788;259;g_000;1;1;30;line_consecutive;0.5;1259;8;27;11-22;1;110126.14399999996;110126.144;110126.144;110126.144;4.365574568510056e-11;0.0;0.0;eev,integrated,separated,ws;lintim;Mumford0;Mumford0;True;False;1e-05;12000;1;2;20;50;200;-5;50;0.75;2;50;50;10;10;16;0.0368;1259;1259
14050788;260;g_000;1;1;30;line_consecutive;0.5;1260;8;28;6-16;8;105133.53599999996;105133.536;105133.536;105133.536;2.9103830456733704e-11;0.0;0.0;eev,integrated,separated,ws;lintim;Mumford0;Mumford0;True;False;1e-05;12000;1;2;20;50;200;-5;50;0.75;2;50;50;10;10;16;0.0368;1260;1260
14050788;261;g_000;1;1;30;line_consecutive;0.5;1261;8;29;12-26;5;117312.48999999998;117312.49;117312.49;117312.49000000002;2.9103830456733704e-11;0.0;1.4551915228366852e-11;eev,integrated,separated,ws;lintim;Mumford0;Mumford0;True;False;1e-05;12000;1;2;20;50;200;-5;50;0.75;2;50;50;10;10;16;0.0368;1261;1261
14050788;262;g_000;2;1;30;line_consecutive;0.5;1262;9;0;2-25,8-25;1;143609.95399999997;143609.95400000003;143609.954;143609.954;5.820766091346741e-11;-2.9103830456733704e-11;-2.9103830456733704e-11;eev,integrated,separated,ws;lintim;Mumford0;Mumford0;True;False;1e-05;12000;1;2;20;50;200;-5;50;0.75;2;50;50;10;10;16;0.0368;1262;1262
14050788;263;g_000;2;1;30;line_consecutive;0.5;1263;9;1;8-11,8-25;1;115264.73199999996;115264.73200000385;115264.732;115264.732;3.885361365973949e-09;-3.841705620288849e-09;-3.841705620288849e-09;eev,integrated,separated,ws;lintim;Mumford0;Mumford0;True;False;1e-05;12000;1;2;20;50;200;-5;50;0.75;2;50;50;10;10;16;0.0368;1263;1263
14050788;264;g_000;2;1;30;line_consecutive;0.5;1264;9;2;8-11,11-22;1;137397.6059999999;137397.60599999997;137397.606;137397.606;5.820766091346741e-11;2.9103830456733704e-11;2.9103830456733704e-11;eev,integrated,separated,ws;lintim;Mumford0;Mumford0;True;False;1e-05;12000;1;2;20;50;200;-5;50;0.75;2;50;50;10;10;16;0.0368;1264;1264
14050788;265;g_000;2;1;30;line_consecutive;0.5;1265;9;3;2-4,4-12;2;124573.13999999996;125961.96;127980.7;127980.7;1388.8200000000506;2018.7399999999907;2018.7399999999907;eev,integrated,separated,ws;lintim;Mumford0;Mumford0;True;False;1e-05;12000;1;2;20;50;200;-5;50;0.75;2;50;50;10;10;16;0.0368;1265;1265
14050788;266;g_000;2;1;30;line_consecutive;0.5;1266;9;4;4-12,12-18;2;174834.63999999996;178688.846;181289.71;178885.91800000003;3854.2060000000342;2600.8640000000014;197.07200000004377;eev,integrated,separated,ws;lintim;Mumford0;Mumford0;True;False;1e-05;12000;1;2;20;50;200;-5;50;0.75;2;50;50;10;10;16;0.0368;1266;1266
14050788;267;g_000;2;1;30;line_consecutive;0.5;1267;9;5;12-18,18-23;2,11;160133.59599999996;162957.61199999996;165558.476;163154.684;2824.0160000000037;2600.8640000000305;197.07200000004377;eev,integrated,separated,ws;lintim;Mumford0;Mumford0;True;False;1e-05;12000;1;2;20;50;200;-5;50;0.75;2;50;50;10;10;16;0.0368;1267;1267
14050788;268;g_000;2;1;30;line_consecutive;0.5;1268;9;6;1-23,18-23;2;116153.14399999996;117981.92799999722;119711.372;118552.24000000002;1828.783999997264;1729.4440000027826;570.3120000027993;eev,integrated,separated,ws;lintim;Mumford0;Mumford0;True;False;1e-05;12000;1;2;20;50;200;-5;50;0.75;2;50;50;10;10;16;0.0368;1268;1268
14050788;269;g_000;2;1;30;line_consecutive;0.5;1269;9;7;1-14,1-23;2;112032.62599999996;113421.44600000004;115262.904;115262.904;1388.8200000000795;1841.457999999955;1841.457999999955;eev,integrated,separated,ws;lintim;Mumford0;Mumford0;True;False;1e-05;12000;1;2;20;50;200;-5;50;0.75;2;50;50;10;10;16;0.0368;1269;1269
14050788;270;g_000;2;1;30;line_consecutive;0.5;1270;9;8;1-13,9-13;3;160365.86999999994;160365.87;160365.87;160365.87;5.820766091346741e-11;0.0;0.0;eev,integrated,separated,ws;lintim;Mumford0;Mumford0;True;False;1e-05;12000;1;2;20;50;200;-5;50;0.75;2;50;50;10;10;16;0.0368;1270;1270
14050788;271;g_000;2;1;30;line_consecutive;0.5;1271;9;9;1-13,1-29;3;115414.43999999996;115414.44000003776;115414.44;115414.44;3.780587576329708e-08;-3.776222001761198e-08;-3.776222001761198e-08;eev,integrated,separated,ws;lintim;Mumford0;Mumford0;True;False;1e-05;12000;1;2;20;50;200;-5;50;0.75;2;50;50;10;10;16;0.0368;1271;1271
14050788;272;g_000;2;1;30;line_consecutive;0.5;1272;9;10;1-29,17-29;3;118408.55599999995;118408.55600000345;118408.556;118408.556;3.492459654808044e-09;-3.448803909122944e-09;-3.448803909122944e-09;eev,integrated,separated,ws;lintim;Mumford0;Mumford0;True;False;1e-05;12000;1;2;20;50;200;-5;50;0.75;2;50;50;10;10;16;0.0368;1272;1272
14050788;273;g_000;2;1;30;line_consecutive;0.5;1273;9;11;17-28,17-29;3;114418.63799999996;114418.638;114418.638;114418.638;4.365574568510056e-11;0.0;0.0;eev,integrated,separated,ws;lintim;Mumford0;Mumford0;True;False;1e-05;12000;1;2;20;50;200;-5;50;0.75;2;50;50;10;10;16;0.0368;1273;1273
14050788;274;g_000;2;1;30;line_consecutive;0.5;1274;9;12;17-28,28-30;3;130968.84399999998;130968.8436975388;130968.844;130968.844;-0.0003024611796718;0.0003024611942237;0.0003024611942237;eev,integrated,separated,ws;lintim;Mumford0;Mumford0;True;False;1e-05;12000;1;2;20;50;200;-5;50;0.75;2;50;50;10;10;16;0.0368;1274;1274
14050788;275;g_000;2;1;30;line_consecutive;0.5;1275;9;13;6-7,7-14;4;119546.62199999996;120482.02400000828;120796.364;120482.024;935.4020000083256;314.33999999171647;-8.280039764940739e-09;eev,integrated,separated,ws;lintim;Mumford0;Mumford0;True;False;1e-05;12000;1;2;20;50;200;-5;50;0.75;2;50;50;10;10;16;0.0368;1275;1275
14050788;276;g_000;2;1;30;line_consecutive;0.5;1276;9;14;7-14,14-19;4;112944.21799999994;112944.21800000058;112944.21799999996;112944.21799999996;6.402842700481415e-10;-6.111804395914078e-10;-6.111804395914078e-10;eev,integrated,separated,ws;lintim;Mumford0;Mumford0;True;False;1e-05;12000;1;2;20;50;200;-5;50;0.75;2;50;50;10;10;16;0.0368;1276;1276
14050788;277;g_000;2;1;30;line_consecutive;0.5;1277;9;15;14-19,19-20;4;111259.27799999992;111259.27920947332;111259.278;111259.278;0.0012094733974663;-0.0012094733101548;-0.0012094733101548;eev,integrated,separated,ws;lintim;Mumford0;Mumford0;True;False;1e-05;12000;1;2;20;50;200;-5;50;0.75;2;50;50;10;10;16;0.0368;1277;1277
14050788;278;g_000;2;1;30;line_consecutive;0.5;1278;9;16;12-15,15-24;5;117775.27399999998;119648.64;122948.792;120114.07600000002;1873.366000000024;3300.152000000002;465.43600000001607;eev,integrated,separated,ws;lintim;Mumford0;Mumford0;True;False;1e-05;12000;1;2;20;50;200;-5;50;0.75;2;50;50;10;10;16;0.0368;1278;1278
14050788;279;g_000;2;1;30;line_consecutive;0.5;1279;9;17;12-15,12-26;5;117544.23999999998;118601.096;121435.81199999998;118601.096;1056.8560000000289;2834.7159999999712;0.0;eev,integrated,separated,ws;lintim;Mumford0;Mumford0;True;False;1e-05;12000;1;2;20;50;200;-5;50;0.75;2;50;50;10;10;16;0.0368;1279;1279
14050788;280;g_000;2;1;30;line_consecutive;0.5;1280;9;18;3-8,5-8;6;110905.55199999997;111210.90799999904;111210.908;111210.908;305.35599999906844;9.60426405072212e-10;9.60426405072212e-10;eev,integrated,separated,ws;lintim;Mumford0;Mumford0;True;False;1e-05;12000;1;2;20;50;200;-5;50;0.75;2;50;50;10;10;16;0.0368;1280;1280
14050788;281;g_000;2;1;30;line_consecutive;0.5;1281;9;19;10-15,15-21;7;116008.13199999995;116008.13199999998;116008.132;116008.132;2.9103830456733704e-11;1.4551915228366852e-11;1.4551915228366852e-11;eev,integrated,separated,ws;lintim;Mumford0;Mumford0;True;False;1e-05;12000;1;2;20;50;200;-5;50;0.75;2;50;50;10;10;16;0.0368;1281;1281
14050788;282;g_000;2;1;30;line_consecutive;0.5;1282;9;20;2-15,8-15;10;112606.54199999996;114667.72;116523.46;116523.46;2061.1780000000435;1855.7400000000048;1855.7400000000048;eev,integrated,separated,ws;lintim;Mumford0;Mumford0;True;False;1e-05;12000;1;2;20;50;200;-5;50;0.75;2;50;50;10;10;16;0.0368;1282;1282
14050788;283;g_000;2;1;30;line_consecutive;0.5;1283;9;21;8-15,8-17;10;112977.59799999995;114693.70199999795;116802.856;116802.856;1716.1039999979985;2109.154000002047;2109.154000002047;eev,integrated,separated,ws;lintim;Mumford0;Mumford0;True;False;1e-05;12000;1;2;20;50;200;-5;50;0.75;2;50;50;10;10;16;0.0368;1283;1283
14050788;284;g_000;2;1;30;line_consecutive;0.5;1284;9;22;7-17,8-17;10;111540.94400000472;112814.81426794257;113988.744;113988.744;1273.8702679378475;1173.9297320574406;1173.9297320574406;eev,integrated,separated,ws;lintim;Mumford0;Mumford0;True;False;1e-05;12000;1;2;20;50;200;-5;50;0.75;2;50;50;10;10;16;0.0368;1284;1284
14050788;285;g_000;2;1;30;line_consecutive;0.5;1285;9;23;6-7,7-17;10;114755.09999999992;117177.92999999976;118252.884;117177.93;2422.8299999998417;1074.9540000002453;2.3283064365386963e-10;eev,integrated,separated,ws;lintim;Mumford0;Mumford0;True;False;1e-05;12000;1;2;20;50;200;-5;50;0.75;2;50;50;10;10;16;0.0368;1285;1285
14050788;286;g_000;2;1;30;line_consecutive;0.5;1286;9;24;12-15,12-18;11;126842.04399999998;129978.15985268143;131916.3120000001;130175.23200000002;3136.1158526814543;1938.1521473186583;197.07214731858403;eev,integrated,separated,ws;lintim;Mumford0;Mumford0;True;False;1e-05;12000;1;2;20;50;200;-5;50;0.75;2;50;50;10;10;16;0.0368;1286;1286
14050788;287;g_000;2;1;30;line_consecutive;0.5;1287;9;25;18-23,19-23;11;130000.43799999997;131133.37399999998;131718.166;131297.91000000003;1132.936000000016;584.7920000000158;164.536000000051;eev,integrated,separated,ws;lintim;Mumford0;Mumford0;True;False;1e-05;12000;1;2;20;50;200;-5;50;0.75;2;50;50;10;10;16;0.0368;1287;1287
14050788;288;g_000;2;1;30;line_consecutive;0.5;1288;9;26;3-8,8-21;12;108965.07599999996;109270.432;109270.432;109270.432;305.3560000000434;0.0;0.0;eev,integrated,separated,ws;lintim;Mumford0;Mumford0;True;False;1e-05;12000;1;2;20;50;200;-5;50;0.75;2;50;50;10;10;16;0.0368;1288;1288
14050788;289;g_000;2;1;30;line_consecutive;0.5;1289;9;27;8-21,21-24;12;105133.53599999998;105133.53599999998;105133.536;105133.536;0.0;1.4551915228366852e-11;1.4551915228366852e-11;eev,integrated,separated,ws;lintim;Mumford0;Mumford0;True;False;1e-05;12000;1;2;20;50;200;-5;50;0.75;2;50;50;10;10;16;0.0368;1289;1289
14050788;290;g_000;1;1;30;line_consecutive;0.5;1290;10;0;18-23;2,11;122844.96400000002;124255.108;126845.29200000002;126022.3639918805;1410.1439999999711;2590.184000000023;1767.2559918805057;eev,integrated,separated,ws;lintim;Mumford0;Mumford0;True;False;1e-05;12000;1;2;20;50;200;-5;50;0.75;5;50;50;10;10;16;0.0368;1290;1290
14050788;291;g_000;1;1;30;line_consecutive;0.5;1291;10;1;9-27;9;110652.56000000004;110652.55999999998;110652.56;110652.56;-5.820766091346741e-11;1.4551915228366852e-11;1.4551915228366852e-11;eev,integrated,separated,ws;lintim;Mumford0;Mumford0;True;False;1e-05;12000;1;2;20;50;200;-5;50;0.75;5;50;50;10;10;16;0.0368;1291;1291
14050788;292;g_000;1;1;30;line_consecutive;0.5;1292;10;2;8-25;1;115015.392;115015.392;115015.39200000002;115015.392;0.0;1.4551915228366852e-11;0.0;eev,integrated,separated,ws;lintim;Mumford0;Mumford0;True;False;1e-05;12000;1;2;20;50;200;-5;50;0.75;5;50;50;10;10;16;0.0368;1292;1292
14050788;293;g_000;1;1;30;line_consecutive;0.5;1293;10;3;1-14;2;114753.984;115849.02799982778;118692.028;118692.028;1095.043999827787;2843.000000172222;2843.000000172222;eev,integrated,separated,ws;lintim;Mumford0;Mumford0;True;False;1e-05;12000;1;2;20;50;200;-5;50;0.75;5;50;50;10;10;16;0.0368;1293;1293
14050788;294;g_000;1;1;30;line_consecutive;0.5;1294;10;4;21-24;12;110652.56;110652.56000000008;110652.56;110652.56;8.731149137020111e-11;-8.731149137020111e-11;-8.731149137020111e-11;eev,integrated,separated,ws;lintim;Mumford0;Mumford0;True;False;1e-05;12000;1;2;20;50;200;-5;50;0.75;5;50;50;10;10;16;0.0368;1294;1294
14050788;295;g_000;1;1;30;line_consecutive;0.5;1295;10;5;2-15;10;117017.966;117937.668;118956.72400000002;118956.72400000002;919.7020000000048;1019.0560000000114;1019.0560000000114;eev,integrated,separated,ws;lintim;Mumford0;Mumford0;True;False;1e-05;12000;1;2;20;50;200;-5;50;0.75;5;50;50;10;10;16;0.0368;1295;1295
14050788;296;g_000;1;1;30;line_consecutive;0.5;1296;10;6;12-15;5,11;123907.53200000002;125542.9480000096;128802.036;125542.94799999996;1635.4160000095726;3259.087999990399;-9.633367881178856e-09;eev,integrated,separated,ws;lintim;Mumford0;Mumford0;True;False;1e-05;12000;1;2;20;50;200;-5;50;0.75;5;50;50;10;10;16;0.0368;1296;1296
14050788;297;g_000;1;1;30;line_consecutive;0.5;1297;10;7;8-21;12;110652.56000000004;110652.56;110652.56;110652.56;-4.365574568510056e-11;0.0;0.0;eev,integrated,separated,ws;lintim;Mumford0;Mumford0;True;False;1e-05;12000;1;2;20;50;200;-5;50;0.75;5;50;50;10;10;16;0.0368;1297;1297
14050788;298;g_000;1;1;30;line_consecutive;0.5;1298;10;8;5-8;6;113588.63999999984;113706.49599999998;113706.496;113706.496;117.85600000014529;1.4551915228366852e-11;1.4551915228366852e-11;eev,integrated,separated,ws;lintim;Mumford0;Mumford0;True;False;1e-05;12000;1;2;20;50;200;-5;50;0.75;5;50;50;10;10;16;0.0368;1298;1298
14050788;299;g_000;1;1;30;line_consecutive;0.5;1299;10;9;8-17;10;117138.67600000002;118058.37799999995;119378.746;119378.746;919.701999999932;1320.368000000046;1320.368000000046;eev,integrated,separated,ws;lintim;Mumford0;Mumford0;True;False;1e-05;12000;1;2;20;50;200;-5;50;0.75;5;50;50;10;10;16;0.0368;1299;1299
14050788;300;g_000;1;1;30;line_consecutive;0.5;1300;10;10;1-29;3;116884.06;117024.15200001503;117024.15200000002;117024.152;140.09200001503632;-1.501757651567459e-08;-1.5032128430902958e-08;eev,integrated,separated,ws;lintim;Mumford0;Mumford0;True;False;1e-05;12000;1;2;20;50;200;-5;50;0.75;5;50;50;10;10;16;0.0368;1300;1300
14050788;301;g_000;1;1;30;line_consecutive;0.5;1301;10;11;6-16;8;110652.56000000004;110652.56000000203;110652.56;110652.56;1.9936123862862587e-09;-2.0372681319713593e-09;-2.0372681319713593e-09;eev,integrated,separated,ws;lintim;Mumford0;Mumford0;True;False;1e-05;12000;1;2;20;50;200;-5;50;0.75;5;50;50;10;10;16;0.0368;1301;1301
14050788;302;g_000;1;1;30;line_consecutive;0.5;1302;10;12;17-28;3;116697.04400000002;116843.332;116843.3319999996;116843.3319999996;146.28799999997136;-3.92901711165905e-10;-3.92901711165905e-10;eev,integrated,separated,ws;lintim;Mumford0;Mumford0;True;False;1e-05;12000;1;2;20;50;200;-5;50;0.75;5;50;50;10;10;16;0.0368;1302;1302
14050788;303;g_000;1;1;30;line_consecutive;0.5;1303;10;13;4-12;2;115965.064;117085.18;120315.58000000002;120315.58;1120.1159999999943;3230.4000000000237;3230.4000000000087;eev,integrated,separated,ws;lintim;Mumford0;Mumford0;True;False;1e-05;12000;1;2;20;50;200;-5;50;0.75;5;50;50;10;10;16;0.0368;1303;1303
14050788;304;g_000;1;1;30;line_consecutive;0.5;1304;10;14;1-23;2;113257.09600003182;113821.63199999998;114872.44400000002;114872.444;564.5359999681677;1050.8120000000345;1050.81200000002;eev,integrated,separated,ws;lintim;Mumford0;Mumford0;True;False;1e-05;12000;1;2;20;50;200;-5;50;0.75;5;50;50;10;10;16;0.0368;1304;1304
14050788;305;g_000;1;1;30;line_consecutive;0.5;1305;10;15;6-7;4,10;120110.16000000002;121019.678;121379.472;121019.678;909.5179999999818;359.7939999999944;0.0;eev,integrated,separated,ws;lintim;Mumford0;Mumford0;True;False;1e-05;12000;1;2;20;50;200;-5;50;0.75;5;50;50;10;10;16;0.0368;1305;1305
14050788;306;g_000;1;1;30;line_consecutive;0.5;1306;10;16;15-24;5;117688.51400000002;117688.514;117688.51399999998;117688.51399999998;-2.9103830456733704e-11;-1.4551915228366852e-11;-1.4551915228366852e-11;eev,integrated,separated,ws;lintim;Mumford0;Mumford0;True;False;1e-05;12000;1;2;20;50;200;-5;50;0.75;5;50;50;10;10;16;0.0368;1306;1306
14050788;307;g_000;1;1;30;line_consecutive;0.5;1307;10;17;14-19;4;115589.628;115626.34200000422;115626.342;115626.34199999998;36.71400000422727;-4.220055416226387e-09;-4.249159246683121e-09;eev,integrated,separated,ws;lintim;Mumford0;Mumford0;True;False;1e-05;12000;1;2;20;50;200;-5;50;0.75;5;50;50;10;10;16;0.0368;1307;1307
14050788;308;g_000;1;1;30;line_consecutive;0.5;1308;10;18;3-8;6,12;114591.8199999994;114709.676;114709.676;114709.676;117.85600000061096;0.0;0.0;eev,integrated,separated,ws;lintim;Mumford0;Mumford0;True;False;1e-05;12000;1;2;20;50;200;-5;50;0.75;5;50;50;10;10;16;0.0368;1308;1308
14050788;309;g_000;1;1;30;line_consecutive;0.5;1309;10;19;12-26;5;122554.02400000002;122798.38000000003;122864.73399998914;122864.73399998914;244.35600000001432;66.35399998910725;66.35399998910725;eev,integrated,separated,ws;lintim;Mumford0;Mumford0;True;False;1e-05;12000;1;2;20;50;200;-5;50;0.75;5;50;50;10;10;16;0.0368;1309;1309
14050788;310;g_000;1;1;30;line_consecutive;0.5;1310;10;20;8-11;1;115999.54000000002;116145.82788245876;116145.828;116145.828;146.28788245873875;0.0001175412326119;0.0001175412326119;eev,integrated,separated,ws;lintim;Mumford0;Mumford0;True;False;1e-05;12000;1;2;20;50;200;-5;50;0.75;5;50;50;10;10;16;0.0368;1310;1310
14050788;311;g_000;1;1;30;line_consecutive;0.5;1311;10;21;2-25;1;114885.67199999366;114885.672;114885.67200000002;114885.672;6.344635039567947e-09;1.4551915228366852e-11;0.0;eev,integrated,separated,ws;lintim;Mumford0;Mumford0;True;False;1e-05;12000;1;2;20;50;200;-5;50;0.75;5;50;50;10;10;16;0.0368;1311;1311
14050788;312;g_000;1;1;30;line_consecutive;0.5;1312;10;22;7-14;4;118367.30199999998;118379.20599999985;118379.20599999992;118379.20599999992;11.903999999864029;7.275957614183426e-11;7.275957614183426e-11;eev,integrated,separated,ws;lintim;Mumford0;Mumford0;True;False;1e-05;12000;1;2;20;50;200;-5;50;0.75;5;50;50;10;10;16;0.0368;1312;1312
14050788;313;g_000;1;1;30;line_consecutive;0.5;1313;10;23;11-22;1;115087.39600000002;115193.448;115193.44799999877;115193.44799999874;106.05199999998148;-1.2369127944111822e-09;-1.266016624867916e-09;eev,integrated,separated,ws;lintim;Mumford0;Mumford0;True;False;1e-05;12000;1;2;20;50;200;-5;50;0.75;5;50;50;10;10;16;0.0368;1313;1313
14050788;314;g_000;1;1;30;line_consecutive;0.5;1314;10;24;2-4;2;113459.18400000004;114023.71999977143;115125.50400000002;115125.504;564.5359997713967;1101.7840002285811;1101.7840002285666;eev,integrated,separated,ws;lintim;Mumford0;Mumford0;True;False;1e-05;12000;1;2;20;50;200;-5;50;0.75;5;50;50;10;10;16;0.0368;1314;1314
14050788;315;g_000;1;1;30;line_consecutive;0.5;1315;10;25;28-30;3;117409.86800000002;117491.42;117491.41999999998;117491.41999999998;81.55199999998149;-1.4551915228366852e-11;-1.4551915228366852e-11;eev,integrated,separated,ws;lintim;Mumford0;Mumford0;True;False;1e-05;12000;1;2;20;50;200;-5;50;0.75;5;50;50;10;10;16;0.0368;1315;1315
14050788;316;g_000;1;1;30;line_consecutive;0.5;1316;10;26;19-20;4;114124.75200000002;114124.752;114124.752;114124.752;-2.9103830456733704e-11;0.0;0.0;eev,integrated,separated,ws;lintim;Mumford0;Mumford0;True;False;1e-05;12000;1;2;20;50;200;-5;50;0.75;5;50;50;10;10;16;0.0368;1316;1316
14050788;317;g_000;1;1;30;line_consecutive;0.5;1317;10;27;8-15;10;117053.53200000002;117973.23400000004;119145.468;119145.468;919.7020000000192;1172.233999999953;1172.233999999953;eev,integrated,separated,ws;lintim;Mumford0;Mumford0;True;False;1e-05;12000;1;2;20;50;200;-5;50;0.75;5;50;50;10;10;16;0.0368;1317;1317
14050788;318;g_000;1;1;30;line_consecutive;0.5;1318;10;28;9-13;3;116413.504;116413.504;116413.50400000002;116413.50400000002;0.0;1.4551915228366852e-11;1.4551915228366852e-11;eev,integrated,separated,ws;lintim;Mumford0;Mumford0;True;False;1e-05;12000;1;2;20;50;200;-5;50;0.75;5;50;50;10;10;16;0.0368;1318;1318
14050788;319;g_000;1;1;30;line_consecutive;0.5;1319;10;29;17-29;3;118857.37600000002;119008.80599999992;119008.806;119008.806;151.4299999999057;7.275957614183426e-11;7.275957614183426e-11;eev,integrated,separated,ws;lintim;Mumford0;Mumford0;True;False;1e-05;12000;1;2;20;50;200;-5;50;0.75;5;50;50;10;10;16;0.0368;1319;1319
14050788;320;g_000;2;1;30;line_consecutive;0.5;1320;11;0;2-25,8-25;1;148796.23600000003;148796.2359999953;148796.23600000003;148796.236;-4.743924364447594e-09;4.743924364447594e-09;4.71482053399086e-09;eev,integrated,separated,ws;lintim;Mumford0;Mumford0;True;False;1e-05;12000;1;2;20;50;200;-5;50;0.75;5;50;50;10;10;16;0.0368;1320;1320
14050788;321;g_000;2;1;30;line_consecutive;0.5;1321;11;1;8-11,8-25;1;120448.45200000002;120533.82799999998;120533.828;120533.828;85.37599999996019;1.4551915228366852e-11;1.4551915228366852e-11;eev,integrated,separated,ws;lintim;Mumford0;Mumford0;True;False;1e-05;12000;1;2;20;50;200;-5;50;0.75;5;50;50;10;10;16;0.0368;1321;1321
14050788;322;g_000;2;1;30;line_consecutive;0.5;1322;11;2;8-11,11-22;1;142660.898;142660.898;142660.898;142660.898;0.0;0.0;0.0;eev,integrated,separated,ws;lintim;Mumford0;Mumford0;True;False;1e-05;12000;1;2;20;50;200;-5;50;0.75;5;50;50;10;10;16;0.0368;1322;1322
14050788;323;g_000;2;1;30;line_consecutive;0.5;1323;11;3;2-4,4-12;2;130377.08800000002;131491.98799999995;134722.14400000003;134722.144;1114.899999999936;3230.1560000000754;3230.1560000000463;eev,integrated,separated,ws;lintim;Mumford0;Mumford0;True;False;1e-05;12000;1;2;20;50;200;-5;50;0.75;5;50;50;10;10;16;0.0368;1323;1323
14050788;324;g_000;2;1;30;line_consecutive;0.5;1324;11;4;4-12,12-18;2;181062.72000000003;183696.888;189347.532;184122.2359918805;2634.167999999976;5650.644;425.3479918804951;eev,integrated,separated,ws;lintim;Mumford0;Mumford0;True;False;1e-05;12000;1;2;20;50;200;-5;50;0.75;5;50;50;10;10;16;0.0368;1324;1324
14050788;325;g_000;2;1;30;line_consecutive;0.5;1325;11;5;12-18,18-23;2,11;166469.23200000002;169047.52000000002;173484.15600000002;169528.74799188052;2578.2880000000005;4436.635999999999;481.22799188049976;eev,integrated,separated,ws;lintim;Mumford0;Mumford0;True;False;1e-05;12000;1;2;20;50;200;-5;50;0.75;5;50;50;10;10;16;0.0368;1325;1325
14050788;326;g_000;2;1;30;line_consecutive;0.5;1326;11;6;1-23,18-23;2;122844.96400000002;124255.108;126845.29200000002;126022.3639918805;1410.1439999999711;2590.184000000023;1767.2559918805057;eev,integrated,separated,ws;lintim;Mumford0;Mumford0;True;False;1e-05;12000;1;2;20;50;200;-5;50;0.75;5;50;50;10;10;16;0.0368;1326;1326
14050788;327;g_000;2;1;30;line_consecutive;0.5;1327;11;7;1-14,1-23;2;117588.17200000002;118746.52;122002.908;122002.908;1158.3479999999836;3256.387999999992;3256.387999999992;eev,integrated,separated,ws;lintim;Mumford0;Mumford0;True;False;1e-05;12000;1;2;20;50;200;-5;50;0.75;5;50;50;10;10;16;0.0368;1327;1327
14050788;328;g_000;2;1;30;line_consecutive;0.5;1328;11;8;1-13,9-13;3;165069.424;165229.17199999996;165229.17200000002;165229.17200000002;159.7479999999632;5.820766091346741e-11;5.820766091346741e-11;eev,integrated,separated,ws;lintim;Mumford0;Mumford0;True;False;1e-05;12000;1;2;20;50;200;-5;50;0.75;5;50;50;10;10;16;0.0368;1328;1328
14050788;329;g_000;2;1;30;line_consecutive;0.5;1329;11;9;1-13,1-29;3;120750.24800000002;120912.88798927028;120912.88800000002;120912.888;162.63998927026114;1.0729738278314471e-05;1.0729723726399245e-05;eev,integrated,separated,ws;lintim;Mumford0;Mumford0;True;False;1e-05;12000;1;2;20;50;200;-5;50;0.75;5;50;50;10;10;16;0.0368;1329;1329
14050788;330;g_000;2;1;30;line_consecutive;0.5;1330;11;10;1-29,17-29;3;124039.196;124240.44;124240.44000000002;124240.44;201.24400000000605;1.4551915228366852e-11;0.0;eev,integrated,separated,ws;lintim;Mumford0;Mumford0;True;False;1e-05;12000;1;2;20;50;200;-5;50;0.75;5;50;50;10;10;16;0.0368;1330;1330
14050788;331;g_000;2;1;30;line_consecutive;0.5;1331;11;11;17-28,17-29;3;119682.572;119836.36;119836.36000000002;119836.36000000002;153.7880000000005;1.4551915228366852e-11;1.4551915228366852e-11;eev,integrated,separated,ws;lintim;Mumford0;Mumford0;True;False;1e-05;12000;1;2;20;50;200;-5;50;0.75;5;50;50;10;10;16;0.0368;1331;1331
14050788;332;g_000;2;1;30;line_consecutive;0.5;1332;11;12;17-28,28-30;3;136376.11200000002;136423.61200000002;136423.61200000002;136423.612;47.5;0.0;-2.9103830456733704e-11;eev,integrated,separated,ws;lintim;Mumford0;Mumford0;True;False;1e-05;12000;1;2;20;50;200;-5;50;0.75;5;50;50;10;10;16;0.0368;1332;1332
14050788;333;g_000;2;1;30;line_consecutive;0.5;1333;11;13;6-7,7-14;4;125611.16400000002;126682.95599999955;127103.58400000002;126866.16600000004;1071.7919999995356;420.6280000004626;183.21000000048664;eev,integrated,separated,ws;lintim;Mumford0;Mumford0;True;False;1e-05;12000;1;2;20;50;200;-5;50;0.75;5;50;50;10;10;16;0.0368;1333;1333
14050788;334;g_000;2;1;30;line_consecutive;0.5;1334;11;14;7-14,14-19;4;118367.30199999998;118379.20599999985;118379.20599999992;118379.20599999992;11.903999999864029;7.275957614183426e-11;7.275957614183426e-11;eev,integrated,separated,ws;lintim;Mumford0;Mumford0;True;False;1e-05;12000;1;2;20;50;200;-5;50;0.75;5;50;50;10;10;16;0.0368;1334;1334
14050788;335;g_000;2;1;30;line_consecutive;0.5;1335;11;15;14-19,19-20;4;116957.52800000002;116998.82399999996;117026.342;117026.34199999998;41.29599999994389;27.518000000040047;27.518000000010943;eev,integrated,separated,ws;lintim;Mumford0;Mumford0;True;False;1e-05;12000;1;2;20;50;200;-5;50;0.75;5;50;50;10;10;16;0.0368;1335;1335
14050788;336;g_000;2;1;30;line_consecutive;0.5;1336;11;16;12-15,15-24;5;123907.53200000002;125542.948;128802.036;125542.948;1635.415999999983;3259.087999999989;0.0;eev,integrated,separated,ws;lintim;Mumford0;Mumford0;True;False;1e-05;12000;1;2;20;50;200;-5;50;0.75;5;50;50;10;10;16;0.0368;1336;1336
14050788;337;g_000;2;1;30;line_consecutive;0.5;1337;11;17;12-15,12-26;5;123701.07600000002;124923.85199999998;126798.784;125257.724;1222.775999999969;1874.9320000000157;333.8720000000176;eev,integrated,separated,ws;lintim;Mumford0;Mumford0;True;False;1e-05;12000;1;2;20;50;200;-5;50;0.75;5;50;50;10;10;16;0.0368;1337;1337
14050788;338;g_000;2;1;30;line_consecutive;0.5;1338;11;18;3-8,5-8;6;116419.79599999911;116537.652;116537.6519999998;116537.6519999998;117.85600000088743;-2.0372681319713595e-10;-2.0372681319713595e-10;eev,integrated,separated,ws;lintim;Mumford0;Mumford0;True;False;1e-05;12000;1;2;20;50;200;-5;50;0.75;5;50;50;10;10;16;0.0368;1338;1338
14050788;339;g_000;2;1;30;line_consecutive;0.5;1339;11;19;10-15,15-21;7;121568.67400000004;121568.674;121568.67399999977;121568.67399999977;-4.365574568510056e-11;-2.3283064365386963e-10;-2.3283064365386963e-10;eev,integrated,separated,ws;lintim;Mumford0;Mumford0;True;False;1e-05;12000;1;2;20;50;200;-5;50;0.75;5;50;50;10;10;16;0.0368;1339;1339
14050788;340;g_000;2;1;30;line_consecutive;0.5;1340;11;20;2-15,8-15;10;119095.28999992886;120014.99200000004;121451.72000000002;121451.72000000002;919.7020000711782;1436.7279999999737;1436.7279999999737;eev,integrated,separated,ws;lintim;Mumford0;Mumford0;True;False;1e-05;12000;1;2;20;50;200;-5;50;0.75;5;50;50;10;10;16;0.0368;1340;1340
14050788;341;g_000;2;1;30;line_consecutive;0.5;1341;11;21;8-15,8-17;10;119349.97200000062;120269.674;121661.632;121661.632;919.701999999379;1391.9579999999987;1391.9579999999987;eev,integrated,separated,ws;lintim;Mumford0;Mumford0;True;False;1e-05;12000;1;2;20;50;200;-5;50;0.75;5;50;50;10;10;16;0.0368;1341;1341
14050788;342;g_000;2;1;30;line_consecutive;0.5;1342;11;22;7-17,8-17;10;117187.89200000002;118107.59400000016;119372.396;119372.396;919.7020000001356;1264.801999999836;1264.801999999836;eev,integrated,separated,ws;lintim;Mumford0;Mumford0;True;False;1e-05;12000;1;2;20;50;200;-5;50;0.75;5;50;50;10;10;16;0.0368;1342;1342
14050788;343;g_000;2;1;30;line_consecutive;0.5;1343;11;23;6-7,7-17;10;120727.02400000292;122578.77;123654.38000000002;122908.23800000004;1851.7459999970888;1075.6100000000151;329.46800000003714;eev,integrated,separated,ws;lintim;Mumford0;Mumford0;True;False;1e-05;12000;1;2;20;50;200;-5;50;0.75;5;50;50;10;10;16;0.0368;1343;1343
14050788;344;g_000;2;1;30;line_consecutive;0.5;1344;11;24;12-15,12-18;11;133735.52400000003;136105.668;140971.37200000003;137651.60400000002;2370.143999999971;4865.704000000027;1545.936000000016;eev,integrated,separated,ws;lintim;Mumford0;Mumford0;True;False;1e-05;12000;1;2;20;50;200;-5;50;0.75;5;50;50;10;10;16;0.0368;1344;1344
14050788;345;g_000;2;1;30;line_consecutive;0.5;1345;11;25;18-23,19-23;11;136977.30800000002;138288.08000000002;139846.46000000002;139780.0599918805;1310.7719999999972;1558.3800000000049;1491.9799918804783;eev,integrated,separated,ws;lintim;Mumford0;Mumford0;True;False;1e-05;12000;1;2;20;50;200;-5;50;0.75;5;50;50;10;10;16;0.0368;1345;1345
14050788;346;g_000;2;1;30;line_consecutive;0.5;1346;11;26;3-8,8-21;12;114591.81999999948;114709.676;114709.676;114709.676;117.85600000052364;0.0;0.0;eev,integrated,separated,ws;lintim;Mumford0;Mumford0;True;False;1e-05;12000;1;2;20;50;200;-5;50;0.75;5;50;50;10;10;16;0.0368;1346;1346
14050788;347;g_000;2;1;30;line_consecutive;0.5;1347;11;27;8-21,21-24;12;110652.56000000004;110652.55999999988;110652.56;110652.56;-1.6007106751203534e-10;1.1641532182693479e-10;1.1641532182693479e-10;eev,integrated,separated,ws;lintim;Mumford0;Mumford0;True;False;1e-05;12000;1;2;20;50;200;-5;50;0.75;5;50;50;10;10;16;0.0368;1347;1347
14050788;348;g_000;1;1;30;line_consecutive;0.5;1348;12;0;8-21;12;101892.96000000002;101892.96;101892.95993045844;101892.95993045844;-1.4551915228366852e-11;-6.954156560823321e-05;-6.954156560823321e-05;eev,integrated,separated,ws;lintim;Mumford0;Mumford0;True;False;1e-05;12000;1;2;20;50;200;-5;50;1.0;1;50;50;10;10;16;0.0368;1348;1348
14050788;349;g_000;1;1;30;line_consecutive;0.5;1349;12;1;10-15;7;108668.51200000002;108668.512;108668.51196812264;108668.51196812264;-1.4551915228366852e-11;-3.187736729159951e-05;-3.187736729159951e-05;eev,integrated,separated,ws;lintim;Mumford0;Mumford0;True;False;1e-05;12000;1;2;20;50;200;-5;50;1.0;1;50;50;10;10;16;0.0368;1349;1349
14050788;350;g_000;1;1;30;line_consecutive;0.5;1350;12;2;18-23;2,11;112491.48000000004;114585.32800007398;116425.23996910977;115108.73599860008;2093.8480000739364;1839.9119690357911;523.4079985261051;eev,integrated,separated,ws;lintim;Mumford0;Mumford0;True;False;1e-05;12000;1;2;20;50;200;-5;50;1.0;1;50;50;10;10;16;0.0368;1350;1350
14050788;351;g_000;1;1;30;line_consecutive;0.5;1351;12;3;4-12;2;107072.68000000002;108869.608;110422.23996910977;110422.23996910977;1796.9279999999708;1552.6319691097742;1552.6319691097742;eev,integrated,separated,ws;lintim;Mumford0;Mumford0;True;False;1e-05;12000;1;2;20;50;200;-5;50;1.0;1;50;50;10;10;16;0.0368;1351;1351
14050788;352;g_000;1;1;30;line_consecutive;0.5;1352;12;4;15-24;5;108992.14;108992.14000037665;108992.13996910976;108992.13996910976;3.766472218558192e-07;-3.1266885343939066e-05;-3.1266885343939066e-05;eev,integrated,separated,ws;lintim;Mumford0;Mumford0;True;False;1e-05;12000;1;2;20;50;200;-5;50;1.0;1;50;50;10;10;16;0.0368;1352;1352
14050788;353;g_000;1;1;30;line_consecutive;0.5;1353;12;5;21-24;12;101892.96000000002;101892.96077519702;101892.95992301748;101892.95992301748;0.0007751969969831;-0.0008521795389242;-0.0008521795389242;eev,integrated,separated,ws;lintim;Mumford0;Mumford0;True;False;1e-05;12000;1;2;20;50;200;-5;50;1.0;1;50;50;10;10;16;0.0368;1353;1353
14050788;354;g_000;1;1;30;line_consecutive;0.5;1354;12;6;17-29;3;110758.536;110783.008;110783.00796910976;110783.00796910976;24.472000000008848;-3.089023812208325e-05;-3.089023812208325e-05;eev,integrated,separated,ws;lintim;Mumford0;Mumford0;True;False;1e-05;12000;1;2;20;50;200;-5;50;1.0;1;50;50;10;10;16;0.0368;1354;1354
14050788;355;g_000;1;1;30;line_consecutive;0.5;1355;12;7;6-16;8;101892.96000000002;101892.95997025512;101892.95996910974;101892.95996910974;-2.9744900530204177e-05;-1.145381247624755e-06;-1.145381247624755e-06;eev,integrated,separated,ws;lintim;Mumford0;Mumford0;True;False;1e-05;12000;1;2;20;50;200;-5;50;1.0;1;50;50;10;10;16;0.0368;1355;1355
14050788;356;g_000;1;1;30;line_consecutive;0.5;1356;12;8;17-28;3;108597.0;108621.472;108621.47196910976;108621.47196910976;24.471999999994296;-3.089023812208325e-05;-3.089023812208325e-05;eev,integrated,separated,ws;lintim;Mumford0;Mumford0;True;False;1e-05;12000;1;2;20;50;200;-5;50;1.0;1;50;50;10;10;16;0.0368;1356;1356
14050788;357;g_000;1;1;30;line_consecutive;0.5;1357;12;9;8-11;1;108024.00799999858;108048.47999999917;108048.47996910976;108048.47996910976;24.472000000590924;-3.088940866291523e-05;-3.088940866291523e-05;eev,integrated,separated,ws;lintim;Mumford0;Mumford0;True;False;1e-05;12000;1;2;20;50;200;-5;50;1.0;1;50;50;10;10;16;0.0368;1357;1357
14050788;358;g_000;1;1;30;line_consecutive;0.5;1358;12;10;1-23;2;104421.39200000002;104809.824;105053.52796910974;105053.52796910974;388.4319999999716;243.70396910974523;243.70396910974523;eev,integrated,separated,ws;lintim;Mumford0;Mumford0;True;False;1e-05;12000;1;2;20;50;200;-5;50;1.0;1;50;50;10;10;16;0.0368;1358;1358
14050788;359;g_000;1;1;30;line_consecutive;0.5;1359;12;11;19-23;11;104736.68000000002;105456.68;106056.67996910974;106056.67996910974;719.9999999999709;599.9999691097473;599.9999691097473;eev,integrated,separated,ws;lintim;Mumford0;Mumford0;True;False;1e-05;12000;1;2;20;50;200;-5;50;1.0;1;50;50;10;10;16;0.0368;1359;1359
14050788;360;g_000;1;1;30;line_consecutive;0.5;1360;12;12;14-19;4;106550.19199999998;106550.19199999998;106550.19196910971;106550.19196910971;0.0;-3.0890267225913703e-05;-3.0890267225913703e-05;eev,integrated,separated,ws;lintim;Mumford0;Mumford0;True;False;1e-05;12000;1;2;20;50;200;-5;50;1.0;1;50;50;10;10;16;0.0368;1360;1360
14050788;361;g_000;1;1;30;line_consecutive;0.5;1361;12;13;8-17;10;106588.86400000002;108562.5674239999;110837.16396910977;110837.16396910977;1973.7034239998904;2274.59654510986;2274.59654510986;eev,integrated,separated,ws;lintim;Mumford0;Mumford0;True;False;1e-05;12000;1;2;20;50;200;-5;50;1.0;1;50;50;10;10;16;0.0368;1361;1361
14050788;362;g_000;1;1;30;line_consecutive;0.5;1362;12;14;2-4;2;104615.12000000002;105003.55199999997;105246.71996910976;105246.71996910976;388.4319999999425;243.1679691097961;243.1679691097961;eev,integrated,separated,ws;lintim;Mumford0;Mumford0;True;False;1e-05;12000;1;2;20;50;200;-5;50;1.0;1;50;50;10;10;16;0.0368;1362;1362
14050788;363;g_000;1;1;30;line_consecutive;0.5;1363;12;15;6-7;4,10;110504.056;111734.64799999996;112491.40796910974;112107.99200000004;1230.5919999999603;756.7599691097857;373.34400000008463;eev,integrated,separated,ws;lintim;Mumford0;Mumford0;True;False;1e-05;12000;1;2;20;50;200;-5;50;1.0;1;50;50;10;10;16;0.0368;1363;1363
14050788;364;g_000;1;1;30;line_consecutive;0.5;1364;12;16;28-30;3;109155.552;109155.5508426004;109155.55196910974;109155.55196910976;-0.0011573996016522;0.0011265093489782;0.0011265093635302;eev,integrated,separated,ws;lintim;Mumford0;Mumford0;True;False;1e-05;12000;1;2;20;50;200;-5;50;1.0;1;50;50;10;10;16;0.0368;1364;1364
14050788;365;g_000;1;1;30;line_consecutive;0.5;1365;12;17;7-14;4;109785.208;109785.2080000002;109785.20796910972;109785.20796910972;2.0372681319713595e-10;-3.089048550464213e-05;-3.089048550464213e-05;eev,integrated,separated,ws;lintim;Mumford0;Mumford0;True;False;1e-05;12000;1;2;20;50;200;-5;50;1.0;1;50;50;10;10;16;0.0368;1365;1365
14050788;366;g_000;1;1;30;line_consecutive;0.5;1366;12;18;3-8;6,12;105791.136;106158.99199999998;106158.99196910976;106158.99196910972;367.8559999999852;-3.089022357016802e-05;-3.0890267225913703e-05;eev,integrated,separated,ws;lintim;Mumford0;Mumford0;True;False;1e-05;12000;1;2;20;50;200;-5;50;1.0;1;50;50;10;10;16;0.0368;1366;1366
14050788;367;g_000;1;1;30;line_consecutive;0.5;1367;12;19;1-14;2;105832.56000000004;107320.448;108587.79996910976;108587.79996910976;1487.8879999999626;1267.3519691097608;1267.3519691097608;eev,integrated,separated,ws;lintim;Mumford0;Mumford0;True;False;1e-05;12000;1;2;20;50;200;-5;50;1.0;1;50;50;10;10;16;0.0368;1367;1367
14050788;368;g_000;1;1;30;line_consecutive;0.5;1368;12;20;2-15;10;106598.86400000002;108460.76;110384.20796910976;110384.20796910976;1861.8959999999788;1923.4479691097656;1923.4479691097656;eev,integrated,separated,ws;lintim;Mumford0;Mumford0;True;False;1e-05;12000;1;2;20;50;200;-5;50;1.0;1;50;50;10;10;16;0.0368;1368;1368
14050788;369;g_000;1;1;30;line_consecutive;0.5;1369;12;21;2-25;1;106162.94400000002;106162.94400000002;106162.94396910977;106162.94396910977;0.0;-3.0890252673998475e-05;-3.0890252673998475e-05;eev,integrated,separated,ws;lintim;Mumford0;Mumford0;True;False;1e-05;12000;1;2;20;50;200;-5;50;1.0;1;50;50;10;10;16;0.0368;1369;1369
14050788;370;g_000;1;1;30;line_consecutive;0.5;1370;12;22;1-13;3;107410.184;107410.18400008572;107410.18396910976;107410.18396910976;8.572533261030912e-08;-3.097596345469356e-05;-3.097596345469356e-05;eev,integrated,separated,ws;lintim;Mumford0;Mumford0;True;False;1e-05;12000;1;2;20;50;200;-5;50;1.0;1;50;50;10;10;16;0.0368;1370;1370
14050788;371;g_000;1;1;30;line_consecutive;0.5;1371;12;23;12-18;2,11;156871.6;159918.29599999997;162451.51996910974;159918.29599860008;3046.695999999967;2533.223969109764;-1.3998942449688911e-06;eev,integrated,separated,ws;lintim;Mumford0;Mumford0;True;False;1e-05;12000;1;2;20;50;200;-5;50;1.0;1;50;50;10;10;16;0.0368;1371;1371
14050788;372;g_000;1;1;30;line_consecutive;0.5;1372;12;24;1-29;3;108623.24000000002;108623.24;108623.23996919974;108623.23996919976;-1.4551915228366852e-11;-3.0800263630226254e-05;-3.0800249078311026e-05;eev,integrated,separated,ws;lintim;Mumford0;Mumford0;True;False;1e-05;12000;1;2;20;50;200;-5;50;1.0;1;50;50;10;10;16;0.0368;1372;1372
14050788;373;g_000;1;1;30;line_consecutive;0.5;1373;12;25;12-15;5,11;114540.768;116968.608;119671.43996910976;117051.44000000002;2427.8399999999965;2702.8319691097718;82.83200000002398;eev,integrated,separated,ws;lintim;Mumford0;Mumford0;True;False;1e-05;12000;1;2;20;50;200;-5;50;1.0;1;50;50;10;10;16;0.0368;1373;1373
14050788;374;g_000;1;1;30;line_consecutive;0.5;1374;12;26;8-15;10;106648.86400000002;108511.3984543987;110430.47196910976;110430.47196910976;1862.5344543986864;1919.0735147110536;1919.0735147110536;eev,integrated,separated,ws;lintim;Mumford0;Mumford0;True;False;1e-05;12000;1;2;20;50;200;-5;50;1.0;1;50;50;10;10;16;0.0368;1374;1374
14050788;375;g_000;1;1;30;line_consecutive;0.5;1375;12;27;19-20;4;105350.72000000002;105350.72;105350.71996910976;105350.71996910976;-1.4551915228366852e-11;-3.089023812208325e-05;-3.089023812208325e-05;eev,integrated,separated,ws;lintim;Mumford0;Mumford0;True;False;1e-05;12000;1;2;20;50;200;-5;50;1.0;1;50;50;10;10;16;0.0368;1375;1375
14050788;376;g_000;1;1;30;line_consecutive;0.5;1376;12;28;7-17;10;106830.768;107754.4;109117.81596910974;109117.81596910974;923.6319999999978;1363.4159691097448;1363.4159691097448;eev,integrated,separated,ws;lintim;Mumford0;Mumford0;True;False;1e-05;12000;1;2;20;50;200;-5;50;1.0;1;50;50;10;10;16;0.0368;1376;1376
14050788;377;g_000;1;1;30;line_consecutive;0.5;1377;12;29;9-27;9;101892.96000000002;101892.95999999456;101892.95994430064;101892.95994430064;-5.4569682106375694e-09;-5.569391942117363e-05;-5.569391942117363e-05;eev,integrated,separated,ws;lintim;Mumford0;Mumford0;True;False;1e-05;12000;1;2;20;50;200;-5;50;1.0;1;50;50;10;10;16;0.0368;1377;1377
14050788;378;g_000;2;1;30;line_consecutive;0.5;1378;13;0;2-25,8-25;1;140584.608;140584.608;140584.60796910975;140584.60796910975;0.0;-3.0890252673998475e-05;-3.0890252673998475e-05;eev,integrated,separated,ws;lintim;Mumford0;Mumford0;True;False;1e-05;12000;1;2;20;50;200;-5;50;1.0;1;50;50;10;10;16;0.0368;1378;1378
14050788;379;g_000;2;1;30;line_consecutive;0.5;1379;13;1;8-11,8-25;1;112397.27200000004;112421.744;112421.74396910975;112421.74396910975;24.471999999965192;-3.0890252673998475e-05;-3.0890252673998475e-05;eev,integrated,separated,ws;lintim;Mumford0;Mumford0;True;False;1e-05;12000;1;2;20;50;200;-5;50;1.0;1;50;50;10;10;16;0.0368;1379;1379
14050788;380;g_000;2;1;30;line_consecutive;0.5;1380;13;2;8-11,11-22;1;134165.468;134189.93999999994;134189.93996910975;134189.93996910975;24.47199999995064;-3.089019446633756e-05;-3.089019446633756e-05;eev,integrated,separated,ws;lintim;Mumford0;Mumford0;True;False;1e-05;12000;1;2;20;50;200;-5;50;1.0;1;50;50;10;10;16;0.0368;1380;1380
14050788;381;g_000;2;1;30;line_consecutive;0.5;1381;13;3;2-4,4-12;2;121437.42400000004;123234.3520000068;124786.98396910974;124786.98396910974;1796.928000006752;1552.6319691029494;1552.6319691029494;eev,integrated,separated,ws;lintim;Mumford0;Mumford0;True;False;1e-05;12000;1;2;20;50;200;-5;50;1.0;1;50;50;10;10;16;0.0368;1381;1381
14050788;382;g_000;2;1;30;line_consecutive;0.5;1382;13;4;4-12,12-18;2;171608.272;175620.77599999998;178153.99996910975;175620.77599860006;4012.503999999986;2533.223969109764;-1.399923348799348e-06;eev,integrated,separated,ws;lintim;Mumford0;Mumford0;True;False;1e-05;12000;1;2;20;50;200;-5;50;1.0;1;50;50;10;10;16;0.0368;1382;1382
14050788;383;g_000;2;1;30;line_consecutive;0.5;1383;13;5;12-18,18-23;2,11;156871.6;159918.29599999997;162451.51996910974;159918.29599860008;3046.695999999967;2533.223969109764;-1.3998942449688911e-06;eev,integrated,separated,ws;lintim;Mumford0;Mumford0;True;False;1e-05;12000;1;2;20;50;200;-5;50;1.0;1;50;50;10;10;16;0.0368;1383;1383
14050788;384;g_000;2;1;30;line_consecutive;0.5;1384;13;6;1-23,18-23;2;112491.48000000004;114585.32800007398;116425.23996910977;115108.73599860008;2093.8480000739364;1839.9119690357911;523.4079985261051;eev,integrated,separated,ws;lintim;Mumford0;Mumford0;True;False;1e-05;12000;1;2;20;50;200;-5;50;1.0;1;50;50;10;10;16;0.0368;1384;1384
14050788;385;g_000;2;1;30;line_consecutive;0.5;1385;13;7;1-14,1-23;2;108707.58400000002;110504.512;111835.91196910976;111835.91196910976;1796.927999999985;1331.399969109756;1331.399969109756;eev,integrated,separated,ws;lintim;Mumford0;Mumford0;True;False;1e-05;12000;1;2;20;50;200;-5;50;1.0;1;50;50;10;10;16;0.0368;1385;1385
14050788;386;g_000;2;1;30;line_consecutive;0.5;1386;13;8;1-13,9-13;3;157744.51200000002;157744.512;157744.51196910974;157744.51196910976;-2.9103830456733704e-11;-3.0890252673998475e-05;-3.089022357016802e-05;eev,integrated,separated,ws;lintim;Mumford0;Mumford0;True;False;1e-05;12000;1;2;20;50;200;-5;50;1.0;1;50;50;10;10;16;0.0368;1386;1386
14050788;387;g_000;2;1;30;line_consecutive;0.5;1387;13;9;1-13,1-29;3;112269.688;112269.68775918087;112269.68796910976;112269.68796910976;-0.0002408191212452;0.0002099288831232;0.0002099288831232;eev,integrated,separated,ws;lintim;Mumford0;Mumford0;True;False;1e-05;12000;1;2;20;50;200;-5;50;1.0;1;50;50;10;10;16;0.0368;1387;1387
14050788;388;g_000;2;1;30;line_consecutive;0.5;1388;13;10;1-29,17-29;3;115494.876;115519.34756780136;115519.34796910976;115519.34796910976;24.471567801359924;0.000401308396249;0.000401308396249;eev,integrated,separated,ws;lintim;Mumford0;Mumford0;True;False;1e-05;12000;1;2;20;50;200;-5;50;1.0;1;50;50;10;10;16;0.0368;1388;1388
14050788;389;g_000;2;1;30;line_consecutive;0.5;1389;13;11;17-28,17-29;3;111470.22000000002;111494.6919999917;111494.69196910976;111494.69196910976;24.471999991685152;-3.088194353040308e-05;-3.088194353040308e-05;eev,integrated,separated,ws;lintim;Mumford0;Mumford0;True;False;1e-05;12000;1;2;20;50;200;-5;50;1.0;1;50;50;10;10;16;0.0368;1389;1389
14050788;390;g_000;2;1;30;line_consecutive;0.5;1390;13;12;17-28,28-30;3;127899.908;127924.38003588878;127924.37996910977;127924.37996910977;24.472035888786195;-6.677901546936482e-05;-6.677901546936482e-05;eev,integrated,separated,ws;lintim;Mumford0;Mumford0;True;False;1e-05;12000;1;2;20;50;200;-5;50;1.0;1;50;50;10;10;16;0.0368;1390;1390
14050788;391;g_000;2;1;30;line_consecutive;0.5;1391;13;13;6-7,7-14;4;115919.204;116962.216;117345.63196910972;116962.216;1043.0120000000024;383.41596910971566;0.0;eev,integrated,separated,ws;lintim;Mumford0;Mumford0;True;False;1e-05;12000;1;2;20;50;200;-5;50;1.0;1;50;50;10;10;16;0.0368;1391;1391
14050788;392;g_000;2;1;30;line_consecutive;0.5;1392;13;14;7-14,14-19;4;109785.208;109785.2080000002;109785.20796910972;109785.20796910972;2.0372681319713595e-10;-3.089048550464213e-05;-3.089048550464213e-05;eev,integrated,separated,ws;lintim;Mumford0;Mumford0;True;False;1e-05;12000;1;2;20;50;200;-5;50;1.0;1;50;50;10;10;16;0.0368;1392;1392
14050788;393;g_000;2;1;30;line_consecutive;0.5;1393;13;15;14-19,19-20;4;107967.232;107967.232;107967.23196910974;107967.23196910974;0.0;-3.0890267225913703e-05;-3.0890267225913703e-05;eev,integrated,separated,ws;lintim;Mumford0;Mumford0;True;False;1e-05;12000;1;2;20;50;200;-5;50;1.0;1;50;50;10;10;16;0.0368;1393;1393
14050788;394;g_000;2;1;30;line_consecutive;0.5;1394;13;16;12-15,15-24;5;114540.76800000004;116968.608;119671.43996910976;117051.44000000002;2427.839999999953;2702.8319691097718;82.83200000002398;eev,integrated,separated,ws;lintim;Mumford0;Mumford0;True;False;1e-05;12000;1;2;20;50;200;-5;50;1.0;1;50;50;10;10;16;0.0368;1394;1394
14050788;395;g_000;2;1;30;line_consecutive;0.5;1395;13;17;12-15,12-26;5;114509.69600000004;115709.69526212424;118329.69596910974;115709.696;1199.999262124198;2620.000706985505;0.0007378757582046;eev,integrated,separated,ws;lintim;Mumford0;Mumford0;True;False;1e-05;12000;1;2;20;50;200;-5;50;1.0;1;50;50;10;10;16;0.0368;1395;1395
14050788;396;g_000;2;1;30;line_consecutive;0.5;1396;13;18;3-8,5-8;6;107783.168;108154.56;108154.55996910974;108154.55996910974;371.39199999999255;-3.0890252673998475e-05;-3.0890252673998475e-05;eev,integrated,separated,ws;lintim;Mumford0;Mumford0;True;False;1e-05;12000;1;2;20;50;200;-5;50;1.0;1;50;50;10;10;16;0.0368;1396;1396
14050788;397;g_000;2;1;30;line_consecutive;0.5;1397;13;19;10-15,15-21;7;112686.39200000002;112686.392;112686.39196910974;112686.39196910974;-1.4551915228366852e-11;-3.0890267225913703e-05;-3.0890267225913703e-05;eev,integrated,separated,ws;lintim;Mumford0;Mumford0;True;False;1e-05;12000;1;2;20;50;200;-5;50;1.0;1;50;50;10;10;16;0.0368;1397;1397
14050788;398;g_000;2;1;30;line_consecutive;0.5;1398;13;20;2-15,8-15;10;108989.17600000002;111020.70000024606;113114.26396910974;113114.26396910974;2031.524000246034;2093.5639688636875;2093.5639688636875;eev,integrated,separated,ws;lintim;Mumford0;Mumford0;True;False;1e-05;12000;1;2;20;50;200;-5;50;1.0;1;50;50;10;10;16;0.0368;1398;1398
14050788;399;g_000;2;1;30;line_consecutive;0.5;1399;13;21;8-15,8-17;10;108858.86400000002;110824.98;113387.43596910976;113387.43596910976;1966.11599999998;2562.4559691097675;2562.4559691097675;eev,integrated,separated,ws;lintim;Mumford0;Mumford0;True;False;1e-05;12000;1;2;20;50;200;-5;50;1.0;1;50;50;10;10;16;0.0368;1399;1399
14050788;400;g_000;2;1;30;line_consecutive;0.5;1400;13;22;7-17,8-17;10;108288.54400000002;109212.17600000002;110575.59196910977;110575.59196910977;923.6319999999978;1363.4159691097448;1363.4159691097448;eev,integrated,separated,ws;lintim;Mumford0;Mumford0;True;False;1e-05;12000;1;2;20;50;200;-5;50;1.0;1;50;50;10;10;16;0.0368;1400;1400
14050788;401;g_000;2;1;30;line_consecutive;0.5;1401;13;23;6-7,7-17;10;111383.09200000002;113383.8;114708.81596910924;113383.80000000002;2000.707999999984;1325.0159691092413;1.4551915228366852e-11;eev,integrated,separated,ws;lintim;Mumford0;Mumford0;True;False;1e-05;12000;1;2;20;50;200;-5;50;1.0;1;50;50;10;10;16;0.0368;1401;1401
14050788;402;g_000;2;1;30;line_consecutive;0.5;1402;13;24;12-15,12-18;11;123138.072;126579.53574265192;128419.44796910977;126579.536;3441.4637426519184;1839.9122264578475;0.0002573480742285;eev,integrated,separated,ws;lintim;Mumford0;Mumford0;True;False;1e-05;12000;1;2;20;50;200;-5;50;1.0;1;50;50;10;10;16;0.0368;1402;1402
14050788;403;g_000;2;1;30;line_consecutive;0.5;1403;13;25;18-23,19-23;11;126548.01600000005;127729.32;128428.79996910974;127832.38399860008;1181.30399999996;699.4799691097287;103.06399860007514;eev,integrated,separated,ws;lintim;Mumford0;Mumford0;True;False;1e-05;12000;1;2;20;50;200;-5;50;1.0;1;50;50;10;10;16;0.0368;1403;1403
14050788;404;g_000;2;1;30;line_consecutive;0.5;1404;13;26;3-8,8-21;12;105791.136;106158.992;106158.99196910976;106158.99196910972;367.85599999999977;-3.089023812208325e-05;-3.089028177782893e-05;eev,integrated,separated,ws;lintim;Mumford0;Mumford0;True;False;1e-05;12000;1;2;20;50;200;-5;50;1.0;1;50;50;10;10;16;0.0368;1404;1404
14050788;405;g_000;2;1;30;line_consecutive;0.5;1405;13;27;8-21,21-24;12;101892.96000000002;101892.95999999104;101892.95993376132;101892.95993376132;-8.978531695902348e-09;-6.622972432523966e-05;-6.622972432523966e-05;eev,integrated,separated,ws;lintim;Mumford0;Mumford0;True;False;1e-05;12000;1;2;20;50;200;-5;50;1.0;1;50;50;10;10;16;0.0368;1405;1405
14050788;406;g_000;1;1;30;line_consecutive;0.5;1406;14;0;4-12;2;107072.68000000002;108869.608;110422.23996910977;110422.23996910977;1796.9279999999708;1552.6319691097742;1552.6319691097742;eev,integrated,separated,ws;lintim;Mumford0;Mumford0;True;False;1e-05;12000;1;2;20;50;200;-5;50;1.0;2;50;50;10;10;16;0.0368;1406;1406
14050788;407;g_000;1;1;30;line_consecutive;0.5;1407;14;1;3-8;6,12;105791.136;106158.99199999998;106158.99196910976;106158.99196910972;367.8559999999852;-3.089022357016802e-05;-3.0890267225913703e-05;eev,integrated,separated,ws;lintim;Mumford0;Mumford0;True;False;1e-05;12000;1;2;20;50;200;-5;50;1.0;2;50;50;10;10;16;0.0368;1407;1407
14050788;408;g_000;1;1;30;line_consecutive;0.5;1408;14;2;6-7;4,10;110504.056;111734.64799999996;112491.40796910974;112107.99200000004;1230.5919999999603;756.7599691097857;373.34400000008463;eev,integrated,separated,ws;lintim;Mumford0;Mumford0;True;False;1e-05;12000;1;2;20;50;200;-5;50;1.0;2;50;50;10;10;16;0.0368;1408;1408
14050788;409;g_000;1;1;30;line_consecutive;0.5;1409;14;3;14-19;4;106550.19199999998;106550.19199999998;106550.19196910971;106550.19196910971;0.0;-3.0890267225913703e-05;-3.0890267225913703e-05;eev,integrated,separated,ws;lintim;Mumford0;Mumford0;True;False;1e-05;12000;1;2;20;50;200;-5;50;1.0;2;50;50;10;10;16;0.0368;1409;1409
14050788;410;g_000;1;1;30;line_consecutive;0.5;1410;14;4;10-15;7;108668.51200000002;108668.512;108668.51196812264;108668.51196812264;-1.4551915228366852e-11;-3.187736729159951e-05;-3.187736729159951e-05;eev,integrated,separated,ws;lintim;Mumford0;Mumford0;True;False;1e-05;12000;1;2;20;50;200;-5;50;1.0;2;50;50;10;10;16;0.0368;1410;1410
14050788;411;g_000;1;1;30;line_consecutive;0.5;1411;14;5;2-4;2;104615.12000000002;105003.55199999997;105246.71996910976;105246.71996910976;388.4319999999425;243.1679691097961;243.1679691097961;eev,integrated,separated,ws;lintim;Mumford0;Mumford0;True;False;1e-05;12000;1;2;20;50;200;-5;50;1.0;2;50;50;10;10;16;0.0368;1411;1411
14050788;412;g_000;1;1;30;line_consecutive;0.5;1412;14;6;19-23;11;104736.68000000002;105456.68;106056.67996910974;106056.67996910974;719.9999999999709;599.9999691097473;599.9999691097473;eev,integrated,separated,ws;lintim;Mumford0;Mumford0;True;False;1e-05;12000;1;2;20;50;200;-5;50;1.0;2;50;50;10;10;16;0.0368;1412;1412
14050788;413;g_000;1;1;30;line_consecutive;0.5;1413;14;7;17-29;3;110758.536;110783.008;110783.00796910976;110783.00796910976;24.472000000008848;-3.089023812208325e-05;-3.089023812208325e-05;eev,integrated,separated,ws;lintim;Mumford0;Mumford0;True;False;1e-05;12000;1;2;20;50;200;-5;50;1.0;2;50;50;10;10;16;0.0368;1413;1413
14050788;414;g_000;1;1;30;line_consecutive;0.5;1414;14;8;5-8;6;104452.81599999985;104820.672;104820.67196910974;104820.67196910972;367.85600000015984;-3.0890267225913703e-05;-3.089028177782893e-05;eev,integrated,separated,ws;lintim;Mumford0;Mumford0;True;False;1e-05;12000;1;2;20;50;200;-5;50;1.0;2;50;50;10;10;16;0.0368;1414;1414
14050788;415;g_000;1;1;30;line_consecutive;0.5;1415;14;9;15-21;7;107560.72800000002;107560.728;107560.72796910976;107560.72796910976;-1.4551915228366852e-11;-3.089023812208325e-05;-3.089023812208325e-05;eev,integrated,separated,ws;lintim;Mumford0;Mumford0;True;False;1e-05;12000;1;2;20;50;200;-5;50;1.0;2;50;50;10;10;16;0.0368;1415;1415
14050788;416;g_000;1;1;30;line_consecutive;0.5;1416;14;10;9-27;9;101892.96000000002;101892.95999999456;101892.95994430064;101892.95994430064;-5.4569682106375694e-09;-5.569391942117363e-05;-5.569391942117363e-05;eev,integrated,separated,ws;lintim;Mumford0;Mumford0;True;False;1e-05;12000;1;2;20;50;200;-5;50;1.0;2;50;50;10;10;16;0.0368;1416;1416
14050788;417;g_000;1;1;30;line_consecutive;0.5;1417;14;11;8-25;1;106266.22400000002;106266.224;106266.22396910976;106266.22396910976;-1.4551915228366852e-11;-3.089023812208325e-05;-3.089023812208325e-05;eev,integrated,separated,ws;lintim;Mumford0;Mumford0;True;False;1e-05;12000;1;2;20;50;200;-5;50;1.0;2;50;50;10;10;16;0.0368;1417;1417
14050788;418;g_000;1;1;30;line_consecutive;0.5;1418;14;12;28-30;3;109155.552;109155.5508426004;109155.55196910974;109155.55196910976;-0.0011573996016522;0.0011265093489782;0.0011265093635302;eev,integrated,separated,ws;lintim;Mumford0;Mumford0;True;False;1e-05;12000;1;2;20;50;200;-5;50;1.0;2;50;50;10;10;16;0.0368;1418;1418
14050788;419;g_000;1;1;30;line_consecutive;0.5;1419;14;13;1-23;2;104421.39200000002;104809.824;105053.52796910974;105053.52796910974;388.4319999999716;243.70396910974523;243.70396910974523;eev,integrated,separated,ws;lintim;Mumford0;Mumford0;True;False;1e-05;12000;1;2;20;50;200;-5;50;1.0;2;50;50;10;10;16;0.0368;1419;1419
14050788;420;g_000;1;1;30;line_consecutive;0.5;1420;14;14;8-11;1;108024.00799999858;108048.47999999917;108048.47996910976;108048.47996910976;24.472000000590924;-3.088940866291523e-05;-3.088940866291523e-05;eev,integrated,separated,ws;lintim;Mumford0;Mumford0;True;False;1e-05;12000;1;2;20;50;200;-5;50;1.0;2;50;50;10;10;16;0.0368;1420;1420
14050788;421;g_000;1;1;30;line_consecutive;0.5;1421;14;15;12-18;2,11;156871.6;159918.29599999997;162451.51996910974;159918.29599860008;3046.695999999967;2533.223969109764;-1.3998942449688911e-06;eev,integrated,separated,ws;lintim;Mumford0;Mumford0;True;False;1e-05;12000;1;2;20;50;200;-5;50;1.0;2;50;50;10;10;16;0.0368;1421;1421
14050788;422;g_000;1;1;30;line_consecutive;0.5;1422;14;16;8-17;10;106588.86400000002;108562.5674239999;110837.16396910977;110837.16396910977;1973.7034239998904;2274.59654510986;2274.59654510986;eev,integrated,separated,ws;lintim;Mumford0;Mumford0;True;False;1e-05;12000;1;2;20;50;200;-5;50;1.0;2;50;50;10;10;16;0.0368;1422;1422
14050788;423;g_000;1;1;30;line_consecutive;0.5;1423;14;17;1-13;3;107410.184;107410.18400008572;107410.18396910976;107410.18396910976;8.572533261030912e-08;-3.097596345469356e-05;-3.097596345469356e-05;eev,integrated,separated,ws;lintim;Mumford0;Mumford0;True;False;1e-05;12000;1;2;20;50;200;-5;50;1.0;2;50;50;10;10;16;0.0368;1423;1423
14050788;424;g_000;1;1;30;line_consecutive;0.5;1424;14;18;2-25;1;106162.94400000002;106162.94400000002;106162.94396910977;106162.94396910977;0.0;-3.0890252673998475e-05;-3.0890252673998475e-05;eev,integrated,separated,ws;lintim;Mumford0;Mumford0;True;False;1e-05;12000;1;2;20;50;200;-5;50;1.0;2;50;50;10;10;16;0.0368;1424;1424
14050788;425;g_000;1;1;30;line_consecutive;0.5;1425;14;19;21-24;12;101892.96000000002;101892.96077519702;101892.95992301748;101892.95992301748;0.0007751969969831;-0.0008521795389242;-0.0008521795389242;eev,integrated,separated,ws;lintim;Mumford0;Mumford0;True;False;1e-05;12000;1;2;20;50;200;-5;50;1.0;2;50;50;10;10;16;0.0368;1425;1425
14050788;426;g_000;1;1;30;line_consecutive;0.5;1426;14;20;2-15;10;106598.86400000002;108460.76;110384.20796910976;110384.20796910976;1861.8959999999788;1923.4479691097656;1923.4479691097656;eev,integrated,separated,ws;lintim;Mumford0;Mumford0;True;False;1e-05;12000;1;2;20;50;200;-5;50;1.0;2;50;50;10;10;16;0.0368;1426;1426
14050788;427;g_000;1;1;30;line_consecutive;0.5;1427;14;21;11-22;1;106885.56800001694;106885.56800001855;106885.56796910976;106885.56796910976;1.6152625903487206e-09;-3.0908791813999414e-05;-3.0908791813999414e-05;eev,integrated,separated,ws;lintim;Mumford0;Mumford0;True;False;1e-05;12000;1;2;20;50;200;-5;50;1.0;2;50;50;10;10;16;0.0368;1427;1427
14050788;428;g_000;1;1;30;line_consecutive;0.5;1428;14;22;19-20;4;105350.72000000002;105350.72;105350.71996910976;105350.71996910976;-1.4551915228366852e-11;-3.089023812208325e-05;-3.089023812208325e-05;eev,integrated,separated,ws;lintim;Mumford0;Mumford0;True;False;1e-05;12000;1;2;20;50;200;-5;50;1.0;2;50;50;10;10;16;0.0368;1428;1428
14050788;429;g_000;1;1;30;line_consecutive;0.5;1429;14;23;7-17;10;106830.768;107754.4;109117.81596910974;109117.81596910974;923.6319999999978;1363.4159691097448;1363.4159691097448;eev,integrated,separated,ws;lintim;Mumford0;Mumford0;True;False;1e-05;12000;1;2;20;50;200;-5;50;1.0;2;50;50;10;10;16;0.0368;1429;1429
14050788;430;g_000;1;1;30;line_consecutive;0.5;1430;14;24;6-16;8;101892.96000000002;101892.95997025512;101892.95996910974;101892.95996910974;-2.9744900530204177e-05;-1.145381247624755e-06;-1.145381247624755e-06;eev,integrated,separated,ws;lintim;Mumford0;Mumford0;True;False;1e-05;12000;1;2;20;50;200;-5;50;1.0;2;50;50;10;10;16;0.0368;1430;1430
14050788;431;g_000;1;1;30;line_consecutive;0.5;1431;14;25;15-24;5;108992.14;108992.14000037665;108992.13996910976;108992.13996910976;3.766472218558192e-07;-3.1266885343939066e-05;-3.1266885343939066e-05;eev,integrated,separated,ws;lintim;Mumford0;Mumford0;True;False;1e-05;12000;1;2;20;50;200;-5;50;1.0;2;50;50;10;10;16;0.0368;1431;1431
14050788;432;g_000;1;1;30;line_consecutive;0.5;1432;14;26;17-28;3;108597.0;108621.472;108621.47196910976;108621.47196910976;24.471999999994296;-3.089023812208325e-05;-3.089023812208325e-05;eev,integrated,separated,ws;lintim;Mumford0;Mumford0;True;False;1e-05;12000;1;2;20;50;200;-5;50;1.0;2;50;50;10;10;16;0.0368;1432;1432
14050788;433;g_000;1;1;30;line_consecutive;0.5;1433;14;27;1-14;2;105832.56000000004;107320.448;108587.79996910976;108587.79996910976;1487.8879999999626;1267.3519691097608;1267.3519691097608;eev,integrated,separated,ws;lintim;Mumford0;Mumford0;True;False;1e-05;12000;1;2;20;50;200;-5;50;1.0;2;50;50;10;10;16;0.0368;1433;1433
14050788;434;g_000;1;1;30;line_consecutive;0.5;1434;14;28;8-15;10;106648.86400000002;108511.3984543987;110430.47196910976;110430.47196910976;1862.5344543986864;1919.0735147110536;1919.0735147110536;eev,integrated,separated,ws;lintim;Mumford0;Mumford0;True;False;1e-05;12000;1;2;20;50;200;-5;50;1.0;2;50;50;10;10;16;0.0368;1434;1434
14050788;435;g_000;1;1;30;line_consecutive;0.5;1435;14;29;9-13;3;107423.896;107423.896;107423.89596910976;107423.89596910976;0.0;-3.089023812208325e-05;-3.089023812208325e-05;eev,integrated,separated,ws;lintim;Mumford0;Mumford0;True;False;1e-05;12000;1;2;20;50;200;-5;50;1.0;2;50;50;10;10;16;0.0368;1435;1435
14050788;436;g_000;2;1;30;line_consecutive;0.5;1436;15;0;2-25,8-25;1;140584.608;140584.608;140584.60796910975;140584.60796910975;0.0;-3.0890252673998475e-05;-3.0890252673998475e-05;eev,integrated,separated,ws;lintim;Mumford0;Mumford0;True;False;1e-05;12000;1;2;20;50;200;-5;50;1.0;2;50;50;10;10;16;0.0368;1436;1436
14050788;437;g_000;2;1;30;line_consecutive;0.5;1437;15;1;8-11,8-25;1;112397.27200000004;112421.744;112421.74396910975;112421.74396910975;24.471999999965192;-3.0890252673998475e-05;-3.0890252673998475e-05;eev,integrated,separated,ws;lintim;Mumford0;Mumford0;True;False;1e-05;12000;1;2;20;50;200;-5;50;1.0;2;50;50;10;10;16;0.0368;1437;1437
14050788;438;g_000;2;1;30;line_consecutive;0.5;1438;15;2;8-11,11-22;1;134165.468;134189.93999999994;134189.93996910975;134189.93996910975;24.47199999995064;-3.089019446633756e-05;-3.089019446633756e-05;eev,integrated,separated,ws;lintim;Mumford0;Mumford0;True;False;1e-05;12000;1;2;20;50;200;-5;50;1.0;2;50;50;10;10;16;0.0368;1438;1438
14050788;439;g_000;2;1;30;line_consecutive;0.5;1439;15;3;2-4,4-12;2;121437.42400000004;123234.3520000068;124786.98396910974;124786.98396910974;1796.928000006752;1552.6319691029494;1552.6319691029494;eev,integrated,separated,ws;lintim;Mumford0;Mumford0;True;False;1e-05;12000;1;2;20;50;200;-5;50;1.0;2;50;50;10;10;16;0.0368;1439;1439
14050788;440;g_000;2;1;30;line_consecutive;0.5;1440;15;4;4-12,12-18;2;171608.272;175620.77599999998;178153.99996910975;175620.77599860006;4012.503999999986;2533.223969109764;-1.399923348799348e-06;eev,integrated,separated,ws;lintim;Mumford0;Mumford0;True;False;1e-05;12000;1;2;20;50;200;-5;50;1.0;2;50;50;10;10;16;0.0368;1440;1440
14050788;441;g_000;2;1;30;line_consecutive;0.5;1441;15;5;12-18,18-23;2,11;156871.6;159918.29599999997;162451.51996910974;159918.29599860008;3046.695999999967;2533.223969109764;-1.3998942449688911e-06;eev,integrated,separated,ws;lintim;Mumford0;Mumford0;True;False;1e-05;12000;1;2;20;50;200;-5;50;1.0;2;50;50;10;10;16;0.0368;1441;1441
14050788;442;g_000;2;1;30;line_consecutive;0.5;1442;15;6;1-23,18-23;2;112491.48000000004;114585.32800007398;116425.23996910977;115108.73599860008;2093.8480000739364;1839.9119690357911;523.4079985261051;eev,integrated,separated,ws;lintim;Mumford0;Mumford0;True;False;1e-05;12000;1;2;20;50;200;-5;50;1.0;2;50;50;10;10;16;0.0368;1442;1442
14050788;443;g_000;2;1;30;line_consecutive;0.5;1443;15;7;1-14,1-23;2;108707.58400000002;110504.512;111835.91196910976;111835.91196910976;1796.927999999985;1331.399969109756;1331.399969109756;eev,integrated,separated,ws;lintim;Mumford0;Mumford0;True;False;1e-05;12000;1;2;20;50;200;-5;50;1.0;2;50;50;10;10;16;0.0368;1443;1443
14050788;444;g_000;2;1;30;line_consecutive;0.5;1444;15;8;1-13,9-13;3;157744.51200000002;157744.512;157744.51196910974;157744.51196910976;-2.9103830456733704e-11;-3.0890252673998475e-05;-3.089022357016802e-05;eev,integrated,separated,ws;lintim;Mumford0;Mumford0;True;False;1e-05;12000;1;2;20;50;200;-5;50;1.0;2;50;50;10;10;16;0.0368;1444;1444
14050788;445;g_000;2;1;30;line_consecutive;0.5;1445;15;9;1-13,1-29;3;112269.688;112269.68775918087;112269.68796910976;112269.68796910976;-0.0002408191212452;0.0002099288831232;0.0002099288831232;eev,integrated,separated,ws;lintim;Mumford0;Mumford0;True;False;1e-05;12000;1;2;20;50;200;-5;50;1.0;2;50;50;10;10;16;0.0368;1445;1445
14050788;446;g_000;2;1;30;line_consecutive;0.5;1446;15;10;1-29,17-29;3;115494.876;115519.34756780136;115519.34796910976;115519.34796910976;24.471567801359924;0.000401308396249;0.000401308396249;eev,integrated,separated,ws;lintim;Mumford0;Mumford0;True;False;1e-05;12000;1;2;20;50;200;-5;50;1.0;2;50;50;10;10;16;0.0368;1446;1446
14050788;447;g_000;2;1;30;line_consecutive;0.5;1447;15;11;17-28,17-29;3;111470.22000000002;111494.6919999917;111494.69196910976;111494.69196910976;24.471999991685152;-3.088194353040308e-05;-3.088194353040308e-05;eev,integrated,separated,ws;lintim;Mumford0;Mumford0;True;False;1e-05;12000;1;2;20;50;200;-5;50;1.0;2;50;50;10;10;16;0.0368;1447;1447
14050788;448;g_000;2;1;30;line_consecutive;0.5;1448;15;12;17-28,28-30;3;127899.908;127924.38003588878;127924.37996910977;127924.37996910977;24.472035888786195;-6.677901546936482e-05;-6.677901546936482e-05;eev,integrated,separated,ws;lintim;Mumford0;Mumford0;True;False;1e-05;12000;1;2;20;50;200;-5;50;1.0;2;50;50;10;10;16;0.0368;1448;1448
14050788;449;g_000;2;1;30;line_consecutive;0.5;1449;15;13;6-7,7-14;4;115919.204;116962.216;117345.63196910972;116962.216;1043.0120000000024;383.41596910971566;0.0;eev,integrated,separated,ws;lintim;Mumford0;Mumford0;True;False;1e-05;12000;1;2;20;50;200;-5;50;1.0;2;50;50;10;10;16;0.0368;1449;1449
14050788;450;g_000;2;1;30;line_consecutive;0.5;1450;15;14;7-14,14-19;4;109785.208;109785.2080000002;109785.20796910972;109785.20796910972;2.0372681319713595e-10;-3.089048550464213e-05;-3.089048550464213e-05;eev,integrated,separated,ws;lintim;Mumford0;Mumford0;True;False;1e-05;12000;1;2;20;50;200;-5;50;1.0;2;50;50;10;10;16;0.0368;1450;1450
14050788;451;g_000;2;1;30;line_consecutive;0.5;1451;15;15;14-19,19-20;4;107967.232;107967.232;107967.23196910974;107967.23196910974;0.0;-3.0890267225913703e-05;-3.0890267225913703e-05;eev,integrated,separated,ws;lintim;Mumford0;Mumford0;True;False;1e-05;12000;1;2;20;50;200;-5;50;1.0;2;50;50;10;10;16;0.0368;1451;1451
14050788;452;g_000;2;1;30;line_consecutive;0.5;1452;15;16;12-15,15-24;5;114540.76800000004;116968.608;119671.43996910976;117051.44000000002;2427.839999999953;2702.8319691097718;82.83200000002398;eev,integrated,separated,ws;lintim;Mumford0;Mumford0;True;False;1e-05;12000;1;2;20;50;200;-5;50;1.0;2;50;50;10;10;16;0.0368;1452;1452
14050788;453;g_000;2;1;30;line_consecutive;0.5;1453;15;17;12-15,12-26;5;114509.69600000004;115709.69526212424;118329.69596910974;115709.696;1199.999262124198;2620.000706985505;0.0007378757582046;eev,integrated,separated,ws;lintim;Mumford0;Mumford0;True;False;1e-05;12000;1;2;20;50;200;-5;50;1.0;2;50;50;10;10;16;0.0368;1453;1453
14050788;454;g_000;2;1;30;line_consecutive;0.5;1454;15;18;3-8,5-8;6;107783.168;108154.56;108154.55996910974;108154.55996910974;371.39199999999255;-3.0890252673998475e-05;-3.0890252673998475e-05;eev,integrated,separated,ws;lintim;Mumford0;Mumford0;True;False;1e-05;12000;1;2;20;50;200;-5;50;1.0;2;50;50;10;10;16;0.0368;1454;1454
14050788;455;g_000;2;1;30;line_consecutive;0.5;1455;15;19;10-15,15-21;7;112686.39200000002;112686.392;112686.39196910974;112686.39196910974;-1.4551915228366852e-11;-3.0890267225913703e-05;-3.0890267225913703e-05;eev,integrated,separated,ws;lintim;Mumford0;Mumford0;True;False;1e-05;12000;1;2;20;50;200;-5;50;1.0;2;50;50;10;10;16;0.0368;1455;1455
14050788;456;g_000;2;1;30;line_consecutive;0.5;1456;15;20;2-15,8-15;10;108989.17600000002;111020.70000024606;113114.26396910974;113114.26396910974;2031.524000246034;2093.5639688636875;2093.5639688636875;eev,integrated,separated,ws;lintim;Mumford0;Mumford0;True;False;1e-05;12000;1;2;20;50;200;-5;50;1.0;2;50;50;10;10;16;0.0368;1456;1456
14050788;457;g_000;2;1;30;line_consecutive;0.5;1457;15;21;8-15,8-17;10;108858.86400000002;110824.98;113387.43596910976;113387.43596910976;1966.11599999998;2562.4559691097675;2562.4559691097675;eev,integrated,separated,ws;lintim;Mumford0;Mumford0;True;False;1e-05;12000;1;2;20;50;200;-5;50;1.0;2;50;50;10;10;16;0.0368;1457;1457
14050788;458;g_000;2;1;30;line_consecutive;0.5;1458;15;22;7-17,8-17;10;108288.54400000002;109212.17600000002;110575.59196910977;110575.59196910977;923.6319999999978;1363.4159691097448;1363.4159691097448;eev,integrated,separated,ws;lintim;Mumford0;Mumford0;True;False;1e-05;12000;1;2;20;50;200;-5;50;1.0;2;50;50;10;10;16;0.0368;1458;1458
14050788;459;g_000;2;1;30;line_consecutive;0.5;1459;15;23;6-7,7-17;10;111383.09200000002;113383.8;114708.81596910924;113383.80000000002;2000.707999999984;1325.0159691092413;1.4551915228366852e-11;eev,integrated,separated,ws;lintim;Mumford0;Mumford0;True;False;1e-05;12000;1;2;20;50;200;-5;50;1.0;2;50;50;10;10;16;0.0368;1459;1459
14050788;460;g_000;2;1;30;line_consecutive;0.5;1460;15;24;12-15,12-18;11;123138.072;126579.53574265192;128419.44796910977;126579.536;3441.4637426519184;1839.9122264578475;0.0002573480742285;eev,integrated,separated,ws;lintim;Mumford0;Mumford0;True;False;1e-05;12000;1;2;20;50;200;-5;50;1.0;2;50;50;10;10;16;0.0368;1460;1460
14050788;461;g_000;2;1;30;line_consecutive;0.5;1461;15;25;18-23,19-23;11;126548.01600000005;127729.32;128428.79996910974;127832.38399860008;1181.30399999996;699.4799691097287;103.06399860007514;eev,integrated,separated,ws;lintim;Mumford0;Mumford0;True;False;1e-05;12000;1;2;20;50;200;-5;50;1.0;2;50;50;10;10;16;0.0368;1461;1461
14050788;462;g_000;2;1;30;line_consecutive;0.5;1462;15;26;3-8,8-21;12;105791.136;106158.992;106158.99196910976;106158.99196910972;367.85599999999977;-3.089023812208325e-05;-3.089028177782893e-05;eev,integrated,separated,ws;lintim;Mumford0;Mumford0;True;False;1e-05;12000;1;2;20;50;200;-5;50;1.0;2;50;50;10;10;16;0.0368;1462;1462
14050788;463;g_000;2;1;30;line_consecutive;0.5;1463;15;27;8-21,21-24;12;101892.96000000002;101892.95999999104;101892.95993376132;101892.95993376132;-8.978531695902348e-09;-6.622972432523966e-05;-6.622972432523966e-05;eev,integrated,separated,ws;lintim;Mumford0;Mumford0;True;False;1e-05;12000;1;2;20;50;200;-5;50;1.0;2;50;50;10;10;16;0.0368;1463;1463
14050788;464;g_000;1;1;30;line_consecutive;0.5;1464;16;0;1-23;2;104421.39200000002;104809.824;105053.52796910974;105053.52796910974;388.4319999999716;243.70396910974523;243.70396910974523;eev,integrated,separated,ws;lintim;Mumford0;Mumford0;True;False;1e-05;12000;1;2;20;50;200;-5;50;1.0;5;50;50;10;10;16;0.0368;1464;1464
14050788;465;g_000;1;1;30;line_consecutive;0.5;1465;16;1;28-30;3;109155.552;109155.5508426004;109155.55196910974;109155.55196910976;-0.0011573996016522;0.0011265093489782;0.0011265093635302;eev,integrated,separated,ws;lintim;Mumford0;Mumford0;True;False;1e-05;12000;1;2;20;50;200;-5;50;1.0;5;50;50;10;10;16;0.0368;1465;1465
14050788;466;g_000;1;1;30;line_consecutive;0.5;1466;16;2;7-14;4;109785.208;109785.2080000002;109785.20796910972;109785.20796910972;2.0372681319713595e-10;-3.089048550464213e-05;-3.089048550464213e-05;eev,integrated,separated,ws;lintim;Mumford0;Mumford0;True;False;1e-05;12000;1;2;20;50;200;-5;50;1.0;5;50;50;10;10;16;0.0368;1466;1466
14050788;467;g_000;1;1;30;line_consecutive;0.5;1467;16;3;1-14;2;105832.56000000004;107320.448;108587.79996910976;108587.79996910976;1487.8879999999626;1267.3519691097608;1267.3519691097608;eev,integrated,separated,ws;lintim;Mumford0;Mumford0;True;False;1e-05;12000;1;2;20;50;200;-5;50;1.0;5;50;50;10;10;16;0.0368;1467;1467
14050788;468;g_000;1;1;30;line_consecutive;0.5;1468;16;4;17-29;3;110758.536;110783.008;110783.00796910976;110783.00796910976;24.472000000008848;-3.089023812208325e-05;-3.089023812208325e-05;eev,integrated,separated,ws;lintim;Mumford0;Mumford0;True;False;1e-05;12000;1;2;20;50;200;-5;50;1.0;5;50;50;10;10;16;0.0368;1468;1468
14050788;469;g_000;1;1;30;line_consecutive;0.5;1469;16;5;3-8;6,12;105791.136;106158.99199999998;106158.99196910976;106158.99196910972;367.8559999999852;-3.089022357016802e-05;-3.0890267225913703e-05;eev,integrated,separated,ws;lintim;Mumford0;Mumford0;True;False;1e-05;12000;1;2;20;50;200;-5;50;1.0;5;50;50;10;10;16;0.0368;1469;1469
14050788;470;g_000;1;1;30;line_consecutive;0.5;1470;16;6;8-21;12;101892.96000000002;101892.96;101892.95993045844;101892.95993045844;-1.4551915228366852e-11;-6.954156560823321e-05;-6.954156560823321e-05;eev,integrated,separated,ws;lintim;Mumford0;Mumford0;True;False;1e-05;12000;1;2;20;50;200;-5;50;1.0;5;50;50;10;10;16;0.0368;1470;1470
14050788;471;g_000;1;1;30;line_consecutive;0.5;1471;16;7;9-13;3;107423.896;107423.896;107423.89596910976;107423.89596910976;0.0;-3.089023812208325e-05;-3.089023812208325e-05;eev,integrated,separated,ws;lintim;Mumford0;Mumford0;True;False;1e-05;12000;1;2;20;50;200;-5;50;1.0;5;50;50;10;10;16;0.0368;1471;1471
14050788;472;g_000;1;1;30;line_consecutive;0.5;1472;16;8;15-21;7;107560.72800000002;107560.728;107560.72796910976;107560.72796910976;-1.4551915228366852e-11;-3.089023812208325e-05;-3.089023812208325e-05;eev,integrated,separated,ws;lintim;Mumford0;Mumford0;True;False;1e-05;12000;1;2;20;50;200;-5;50;1.0;5;50;50;10;10;16;0.0368;1472;1472
14050788;473;g_000;1;1;30;line_consecutive;0.5;1473;16;9;11-22;1;106885.56800001694;106885.56800001855;106885.56796910976;106885.56796910976;1.6152625903487206e-09;-3.0908791813999414e-05;-3.0908791813999414e-05;eev,integrated,separated,ws;lintim;Mumford0;Mumford0;True;False;1e-05;12000;1;2;20;50;200;-5;50;1.0;5;50;50;10;10;16;0.0368;1473;1473
14050788;474;g_000;1;1;30;line_consecutive;0.5;1474;16;10;15-24;5;108992.14;108992.14000037665;108992.13996910976;108992.13996910976;3.766472218558192e-07;-3.1266885343939066e-05;-3.1266885343939066e-05;eev,integrated,separated,ws;lintim;Mumford0;Mumford0;True;False;1e-05;12000;1;2;20;50;200;-5;50;1.0;5;50;50;10;10;16;0.0368;1474;1474
14050788;475;g_000;1;1;30;line_consecutive;0.5;1475;16;11;12-15;5,11;114540.768;116968.608;119671.43996910976;117051.44000000002;2427.8399999999965;2702.8319691097718;82.83200000002398;eev,integrated,separated,ws;lintim;Mumford0;Mumford0;True;False;1e-05;12000;1;2;20;50;200;-5;50;1.0;5;50;50;10;10;16;0.0368;1475;1475
14050788;476;g_000;1;1;30;line_consecutive;0.5;1476;16;12;1-29;3;108623.24000000002;108623.24;108623.23996919974;108623.23996919976;-1.4551915228366852e-11;-3.0800263630226254e-05;-3.0800249078311026e-05;eev,integrated,separated,ws;lintim;Mumford0;Mumford0;True;False;1e-05;12000;1;2;20;50;200;-5;50;1.0;5;50;50;10;10;16;0.0368;1476;1476
14050788;477;g_000;1;1;30;line_consecutive;0.5;1477;16;13;14-19;4;106550.19199999998;106550.19199999998;106550.19196910971;106550.19196910971;0.0;-3.0890267225913703e-05;-3.0890267225913703e-05;eev,integrated,separated,ws;lintim;Mumford0;Mumford0;True;False;1e-05;12000;1;2;20;50;200;-5;50;1.0;5;50;50;10;10;16;0.0368;1477;1477
14050788;478;g_000;1;1;30;line_consecutive;0.5;1478;16;14;21-24;12;101892.96000000002;101892.96077519702;101892.95992301748;101892.95992301748;0.0007751969969831;-0.0008521795389242;-0.0008521795389242;eev,integrated,separated,ws;lintim;Mumford0;Mumford0;True;False;1e-05;12000;1;2;20;50;200;-5;50;1.0;5;50;50;10;10;16;0.0368;1478;1478
14050788;479;g_000;1;1;30;line_consecutive;0.5;1479;16;15;12-18;2,11;156871.6;159918.29599999997;162451.51996910974;159918.29599860008;3046.695999999967;2533.223969109764;-1.3998942449688911e-06;eev,integrated,separated,ws;lintim;Mumford0;Mumford0;True;False;1e-05;12000;1;2;20;50;200;-5;50;1.0;5;50;50;10;10;16;0.0368;1479;1479
14050788;480;g_000;1;1;30;line_consecutive;0.5;1480;16;16;2-4;2;104615.12000000002;105003.55199999997;105246.71996910976;105246.71996910976;388.4319999999425;243.1679691097961;243.1679691097961;eev,integrated,separated,ws;lintim;Mumford0;Mumford0;True;False;1e-05;12000;1;2;20;50;200;-5;50;1.0;5;50;50;10;10;16;0.0368;1480;1480
14050788;481;g_000;1;1;30;line_consecutive;0.5;1481;16;17;8-15;10;106648.86400000002;108511.3984543987;110430.47196910976;110430.47196910976;1862.5344543986864;1919.0735147110536;1919.0735147110536;eev,integrated,separated,ws;lintim;Mumford0;Mumford0;True;False;1e-05;12000;1;2;20;50;200;-5;50;1.0;5;50;50;10;10;16;0.0368;1481;1481
14050788;482;g_000;1;1;30;line_consecutive;0.5;1482;16;18;8-11;1;108024.00799999858;108048.47999999917;108048.47996910976;108048.47996910976;24.472000000590924;-3.088940866291523e-05;-3.088940866291523e-05;eev,integrated,separated,ws;lintim;Mumford0;Mumford0;True;False;1e-05;12000;1;2;20;50;200;-5;50;1.0;5;50;50;10;10;16;0.0368;1482;1482
14050788;483;g_000;1;1;30;line_consecutive;0.5;1483;16;19;9-27;9;101892.96000000002;101892.95999999456;101892.95994430064;101892.95994430064;-5.4569682106375694e-09;-5.569391942117363e-05;-5.569391942117363e-05;eev,integrated,separated,ws;lintim;Mumford0;Mumford0;True;False;1e-05;12000;1;2;20;50;200;-5;50;1.0;5;50;50;10;10;16;0.0368;1483;1483
14050788;484;g_000;1;1;30;line_consecutive;0.5;1484;16;20;5-8;6;104452.81599999985;104820.672;104820.67196910974;104820.67196910972;367.85600000015984;-3.0890267225913703e-05;-3.089028177782893e-05;eev,integrated,separated,ws;lintim;Mumford0;Mumford0;True;False;1e-05;12000;1;2;20;50;200;-5;50;1.0;5;50;50;10;10;16;0.0368;1484;1484
14050788;485;g_000;1;1;30;line_consecutive;0.5;1485;16;21;8-25;1;106266.22400000002;106266.224;106266.22396910976;106266.22396910976;-1.4551915228366852e-11;-3.089023812208325e-05;-3.089023812208325e-05;eev,integrated,separated,ws;lintim;Mumford0;Mumford0;True;False;1e-05;12000;1;2;20;50;200;-5;50;1.0;5;50;50;10;10;16;0.0368;1485;1485
14050788;486;g_000;1;1;30;line_consecutive;0.5;1486;16;22;19-23;11;104736.68000000002;105456.68;106056.67996910974;106056.67996910974;719.9999999999709;599.9999691097473;599.9999691097473;eev,integrated,separated,ws;lintim;Mumford0;Mumford0;True;False;1e-05;12000;1;2;20;50;200;-5;50;1.0;5;50;50;10;10;16;0.0368;1486;1486
14050788;487;g_000;1;1;30;line_consecutive;0.5;1487;16;23;1-13;3;107410.184;107410.18400008572;107410.18396910976;107410.18396910976;8.572533261030912e-08;-3.097596345469356e-05;-3.097596345469356e-05;eev,integrated,separated,ws;lintim;Mumford0;Mumford0;True;False;1e-05;12000;1;2;20;50;200;-5;50;1.0;5;50;50;10;10;16;0.0368;1487;1487
14050788;488;g_000;1;1;30;line_consecutive;0.5;1488;16;24;12-26;5;114353.356;114354.424;114354.42396910976;114354.42396910976;1.0679999999993015;-3.089023812208325e-05;-3.089023812208325e-05;eev,integrated,separated,ws;lintim;Mumford0;Mumford0;True;False;1e-05;12000;1;2;20;50;200;-5;50;1.0;5;50;50;10;10;16;0.0368;1488;1488
14050788;489;g_000;1;1;30;line_consecutive;0.5;1489;16;25;17-28;3;108597.0;108621.472;108621.47196910976;108621.47196910976;24.471999999994296;-3.089023812208325e-05;-3.089023812208325e-05;eev,integrated,separated,ws;lintim;Mumford0;Mumford0;True;False;1e-05;12000;1;2;20;50;200;-5;50;1.0;5;50;50;10;10;16;0.0368;1489;1489
14050788;490;g_000;1;1;30;line_consecutive;0.5;1490;16;26;7-17;10;106830.768;107754.4;109117.81596910974;109117.81596910974;923.6319999999978;1363.4159691097448;1363.4159691097448;eev,integrated,separated,ws;lintim;Mumford0;Mumford0;True;False;1e-05;12000;1;2;20;50;200;-5;50;1.0;5;50;50;10;10;16;0.0368;1490;1490
14050788;491;g_000;1;1;30;line_consecutive;0.5;1491;16;27;2-15;10;106598.86400000002;108460.76;110384.20796910976;110384.20796910976;1861.8959999999788;1923.4479691097656;1923.4479691097656;eev,integrated,separated,ws;lintim;Mumford0;Mumford0;True;False;1e-05;12000;1;2;20;50;200;-5;50;1.0;5;50;50;10;10;16;0.0368;1491;1491
14050788;492;g_000;1;1;30;line_consecutive;0.5;1492;16;28;6-7;4,10;110504.056;111734.64799999996;112491.40796910974;112107.99200000004;1230.5919999999603;756.7599691097857;373.34400000008463;eev,integrated,separated,ws;lintim;Mumford0;Mumford0;True;False;1e-05;12000;1;2;20;50;200;-5;50;1.0;5;50;50;10;10;16;0.0368;1492;1492
14050788;493;g_000;1;1;30;line_consecutive;0.5;1493;16;29;10-15;7;108668.51200000002;108668.512;108668.51196812264;108668.51196812264;-1.4551915228366852e-11;-3.187736729159951e-05;-3.187736729159951e-05;eev,integrated,separated,ws;lintim;Mumford0;Mumford0;True;False;1e-05;12000;1;2;20;50;200;-5;50;1.0;5;50;50;10;10;16;0.0368;1493;1493
14050788;494;g_000;2;1;30;line_consecutive;0.5;1494;17;0;2-25,8-25;1;140584.608;140584.608;140584.60796910975;140584.60796910975;0.0;-3.0890252673998475e-05;-3.0890252673998475e-05;eev,integrated,separated,ws;lintim;Mumford0;Mumford0;True;False;1e-05;12000;1;2;20;50;200;-5;50;1.0;5;50;50;10;10;16;0.0368;1494;1494
14050788;495;g_000;2;1;30;line_consecutive;0.5;1495;17;1;8-11,8-25;1;112397.27200000004;112421.744;112421.74396910975;112421.74396910975;24.471999999965192;-3.0890252673998475e-05;-3.0890252673998475e-05;eev,integrated,separated,ws;lintim;Mumford0;Mumford0;True;False;1e-05;12000;1;2;20;50;200;-5;50;1.0;5;50;50;10;10;16;0.0368;1495;1495
14050788;496;g_000;2;1;30;line_consecutive;0.5;1496;17;2;8-11,11-22;1;134165.468;134189.93999999994;134189.93996910975;134189.93996910975;24.47199999995064;-3.089019446633756e-05;-3.089019446633756e-05;eev,integrated,separated,ws;lintim;Mumford0;Mumford0;True;False;1e-05;12000;1;2;20;50;200;-5;50;1.0;5;50;50;10;10;16;0.0368;1496;1496
14050788;497;g_000;2;1;30;line_consecutive;0.5;1497;17;3;2-4,4-12;2;121437.42400000004;123234.3520000068;124786.98396910974;124786.98396910974;1796.928000006752;1552.6319691029494;1552.6319691029494;eev,integrated,separated,ws;lintim;Mumford0;Mumford0;True;False;1e-05;12000;1;2;20;50;200;-5;50;1.0;5;50;50;10;10;16;0.0368;1497;1497
14050788;498;g_000;2;1;30;line_consecutive;0.5;1498;17;4;4-12,12-18;2;171608.272;175620.77599999998;178153.99996910975;175620.77599860006;4012.503999999986;2533.223969109764;-1.399923348799348e-06;eev,integrated,separated,ws;lintim;Mumford0;Mumford0;True;False;1e-05;12000;1;2;20;50;200;-5;50;1.0;5;50;50;10;10;16;0.0368;1498;1498
14050788;499;g_000;2;1;30;line_consecutive;0.5;1499;17;5;12-18,18-23;2,11;156871.6;159918.29599999997;162451.51996910974;159918.29599860008;3046.695999999967;2533.223969109764;-1.3998942449688911e-06;eev,integrated,separated,ws;lintim;Mumford0;Mumford0;True;False;1e-05;12000;1;2;20;50;200;-5;50;1.0;5;50;50;10;10;16;0.0368;1499;1499
14050788;500;g_000;2;1;30;line_consecutive;0.5;1500;17;6;1-23,18-23;2;112491.48000000004;114585.32800007398;116425.23996910977;115108.73599860008;2093.8480000739364;1839.9119690357911;523.4079985261051;eev,integrated,separated,ws;lintim;Mumford0;Mumford0;True;False;1e-05;12000;1;2;20;50;200;-5;50;1.0;5;50;50;10;10;16;0.0368;1500;1500
14050788;501;g_000;2;1;30;line_consecutive;0.5;1501;17;7;1-14,1-23;2;108707.58400000002;110504.512;111835.91196910976;111835.91196910976;1796.927999999985;1331.399969109756;1331.399969109756;eev,integrated,separated,ws;lintim;Mumford0;Mumford0;True;False;1e-05;12000;1;2;20;50;200;-5;50;1.0;5;50;50;10;10;16;0.0368;1501;1501
14050788;502;g_000;2;1;30;line_consecutive;0.5;1502;17;8;1-13,9-13;3;157744.51200000002;157744.512;157744.51196910974;157744.51196910976;-2.9103830456733704e-11;-3.0890252673998475e-05;-3.089022357016802e-05;eev,integrated,separated,ws;lintim;Mumford0;Mumford0;True;False;1e-05;12000;1;2;20;50;200;-5;50;1.0;5;50;50;10;10;16;0.0368;1502;1502
14050788;503;g_000;2;1;30;line_consecutive;0.5;1503;17;9;1-13,1-29;3;112269.688;112269.68775918087;112269.68796910976;112269.68796910976;-0.0002408191212452;0.0002099288831232;0.0002099288831232;eev,integrated,separated,ws;lintim;Mumford0;Mumford0;True;False;1e-05;12000;1;2;20;50;200;-5;50;1.0;5;50;50;10;10;16;0.0368;1503;1503
14050788;504;g_000;2;1;30;line_consecutive;0.5;1504;17;10;1-29,17-29;3;115494.876;115519.34756780136;115519.34796910976;115519.34796910976;24.471567801359924;0.000401308396249;0.000401308396249;eev,integrated,separated,ws;lintim;Mumford0;Mumford0;True;False;1e-05;12000;1;2;20;50;200;-5;50;1.0;5;50;50;10;10;16;0.0368;1504;1504
14050788;505;g_000;2;1;30;line_consecutive;0.5;1505;17;11;17-28,17-29;3;111470.22000000002;111494.6919999917;111494.69196910976;111494.69196910976;24.471999991685152;-3.088194353040308e-05;-3.088194353040308e-05;eev,integrated,separated,ws;lintim;Mumford0;Mumford0;True;False;1e-05;12000;1;2;20;50;200;-5;50;1.0;5;50;50;10;10;16;0.0368;1505;1505
14050788;506;g_000;2;1;30;line_consecutive;0.5;1506;17;12;17-28,28-30;3;127899.908;127924.38003588878;127924.37996910977;127924.37996910977;24.472035888786195;-6.677901546936482e-05;-6.677901546936482e-05;eev,integrated,separated,ws;lintim;Mumford0;Mumford0;True;False;1e-05;12000;1;2;20;50;200;-5;50;1.0;5;50;50;10;10;16;0.0368;1506;1506
14050788;507;g_000;2;1;30;line_consecutive;0.5;1507;17;13;6-7,7-14;4;115919.204;116962.216;117345.63196910972;116962.216;1043.0120000000024;383.41596910971566;0.0;eev,integrated,separated,ws;lintim;Mumford0;Mumford0;True;False;1e-05;12000;1;2;20;50;200;-5;50;1.0;5;50;50;10;10;16;0.0368;1507;1507
14050788;508;g_000;2;1;30;line_consecutive;0.5;1508;17;14;7-14,14-19;4;109785.208;109785.2080000002;109785.20796910972;109785.20796910972;2.0372681319713595e-10;-3.089048550464213e-05;-3.089048550464213e-05;eev,integrated,separated,ws;lintim;Mumford0;Mumford0;True;False;1e-05;12000;1;2;20;50;200;-5;50;1.0;5;50;50;10;10;16;0.0368;1508;1508
14050788;509;g_000;2;1;30;line_consecutive;0.5;1509;17;15;14-19,19-20;4;107967.232;107967.232;107967.23196910974;107967.23196910974;0.0;-3.0890267225913703e-05;-3.0890267225913703e-05;eev,integrated,separated,ws;lintim;Mumford0;Mumford0;True;False;1e-05;12000;1;2;20;50;200;-5;50;1.0;5;50;50;10;10;16;0.0368;1509;1509
14050788;510;g_000;2;1;30;line_consecutive;0.5;1510;17;16;12-15,15-24;5;114540.76800000004;116968.608;119671.43996910976;117051.44000000002;2427.839999999953;2702.8319691097718;82.83200000002398;eev,integrated,separated,ws;lintim;Mumford0;Mumford0;True;False;1e-05;12000;1;2;20;50;200;-5;50;1.0;5;50;50;10;10;16;0.0368;1510;1510
14050788;511;g_000;2;1;30;line_consecutive;0.5;1511;17;17;12-15,12-26;5;114509.69600000004;115709.69526212424;118329.69596910974;115709.696;1199.999262124198;2620.000706985505;0.0007378757582046;eev,integrated,separated,ws;lintim;Mumford0;Mumford0;True;False;1e-05;12000;1;2;20;50;200;-5;50;1.0;5;50;50;10;10;16;0.0368;1511;1511
14050788;512;g_000;2;1;30;line_consecutive;0.5;1512;17;18;3-8,5-8;6;107783.168;108154.56;108154.55996910974;108154.55996910974;371.39199999999255;-3.0890252673998475e-05;-3.0890252673998475e-05;eev,integrated,separated,ws;lintim;Mumford0;Mumford0;True;False;1e-05;12000;1;2;20;50;200;-5;50;1.0;5;50;50;10;10;16;0.0368;1512;1512
14050788;513;g_000;2;1;30;line_consecutive;0.5;1513;17;19;10-15,15-21;7;112686.39200000002;112686.392;112686.39196910974;112686.39196910974;-1.4551915228366852e-11;-3.0890267225913703e-05;-3.0890267225913703e-05;eev,integrated,separated,ws;lintim;Mumford0;Mumford0;True;False;1e-05;12000;1;2;20;50;200;-5;50;1.0;5;50;50;10;10;16;0.0368;1513;1513
14050788;514;g_000;2;1;30;line_consecutive;0.5;1514;17;20;2-15,8-15;10;108989.17600000002;111020.70000024606;113114.26396910974;113114.26396910974;2031.524000246034;2093.5639688636875;2093.5639688636875;eev,integrated,separated,ws;lintim;Mumford0;Mumford0;True;False;1e-05;12000;1;2;20;50;200;-5;50;1.0;5;50;50;10;10;16;0.0368;1514;1514
14050788;515;g_000;2;1;30;line_consecutive;0.5;1515;17;21;8-15,8-17;10;108858.86400000002;110824.98;113387.43596910976;113387.43596910976;1966.11599999998;2562.4559691097675;2562.4559691097675;eev,integrated,separated,ws;lintim;Mumford0;Mumford0;True;False;1e-05;12000;1;2;20;50;200;-5;50;1.0;5;50;50;10;10;16;0.0368;1515;1515
14050788;516;g_000;2;1;30;line_consecutive;0.5;1516;17;22;7-17,8-17;10;108288.54400000002;109212.17600000002;110575.59196910977;110575.59196910977;923.6319999999978;1363.4159691097448;1363.4159691097448;eev,integrated,separated,ws;lintim;Mumford0;Mumford0;True;False;1e-05;12000;1;2;20;50;200;-5;50;1.0;5;50;50;10;10;16;0.0368;1516;1516
14050788;517;g_000;2;1;30;line_consecutive;0.5;1517;17;23;6-7,7-17;10;111383.09200000002;113383.8;114708.81596910924;113383.80000000002;2000.707999999984;1325.0159691092413;1.4551915228366852e-11;eev,integrated,separated,ws;lintim;Mumford0;Mumford0;True;False;1e-05;12000;1;2;20;50;200;-5;50;1.0;5;50;50;10;10;16;0.0368;1517;1517
14050788;518;g_000;2;1;30;line_consecutive;0.5;1518;17;24;12-15,12-18;11;123138.072;126579.53574265192;128419.44796910977;126579.536;3441.4637426519184;1839.9122264578475;0.0002573480742285;eev,integrated,separated,ws;lintim;Mumford0;Mumford0;True;False;1e-05;12000;1;2;20;50;200;-5;50;1.0;5;50;50;10;10;16;0.0368;1518;1518
14050788;519;g_000;2;1;30;line_consecutive;0.5;1519;17;25;18-23,19-23;11;126548.01600000005;127729.32;128428.79996910974;127832.38399860008;1181.30399999996;699.4799691097287;103.06399860007514;eev,integrated,separated,ws;lintim;Mumford0;Mumford0;True;False;1e-05;12000;1;2;20;50;200;-5;50;1.0;5;50;50;10;10;16;0.0368;1519;1519
14050788;520;g_000;2;1;30;line_consecutive;0.5;1520;17;26;3-8,8-21;12;105791.136;106158.992;106158.99196910976;106158.99196910972;367.85599999999977;-3.089023812208325e-05;-3.089028177782893e-05;eev,integrated,separated,ws;lintim;Mumford0;Mumford0;True;False;1e-05;12000;1;2;20;50;200;-5;50;1.0;5;50;50;10;10;16;0.0368;1520;1520
14050788;521;g_000;2;1;30;line_consecutive;0.5;1521;17;27;8-21,21-24;12;101892.96000000002;101892.95999999104;101892.95993376132;101892.95993376132;-8.978531695902348e-09;-6.622972432523966e-05;-6.622972432523966e-05;eev,integrated,separated,ws;lintim;Mumford0;Mumford0;True;False;1e-05;12000;1;2;20;50;200;-5;50;1.0;5;50;50;10;10;16;0.0368;1521;1521
