array_job_id;task_id;run_group_id;case_k;case_per_run;case_variants;case_selection;case_p_fail;case_id;case_sweep_row;case_variant_idx;case_edges;case_lines;WS;RP;EEV_nom;EEV_mean;EVPI;VSS_nom;VSS_mean;procedures_present;source;network;scenario_line_data;routing_agg;waiting_time_frequency;gap;time_limit;travel_time_cost_mult;waiting_time_cost_mult;line_operation_cost_mult;cost_repl_freq;cost_repl_line;repl_budget;bypass_multiplier;overdemand_threshold;overdemand_multiplier;num_od;train_capacity;infrastructure_capacity;max_frequency;threads;scenario_infra_id;scenario_prob_id
12306540;0;g_000;1;1;38;line_consecutive;0.5;1000;0;0;11-12;1,7,8;53757.192;54230.132000000034;54882.3069999992;54882.30699999946;472.9400000000314;652.1749999991662;652.1749999994281;eev,integrated,separated,ws;lintim;SiouxFalls;SiouxFalls;True;False;1e-05;6000;1;2;20;50;200;-5;10;0.75;2;55;50;10;10;16;1000;1000
12306540;1;g_000;1;1;38;line_consecutive;0.5;1001;0;1;10-11;1,7,10;54514.11499999992;55226.02000000001;56165.72199999973;56165.722;711.9050000000934;939.701999999721;939.7019999999902;eev,integrated,separated,ws;lintim;SiouxFalls;SiouxFalls;True;False;1e-05;6000;1;2;20;50;200;-5;10;0.75;2;55;50;10;10;16;1001;1001
12306540;2;g_000;1;1;38;line_consecutive;0.5;1002;0;2;10-16;1,10;52975.765;53837.22000000001;55286.14498594973;55286.144985949984;861.455000000009;1448.9249859497213;1448.924985949976;eev,integrated,separated,ws;lintim;SiouxFalls;SiouxFalls;True;False;1e-05;6000;1;2;20;50;200;-5;10;0.75;2;55;50;10;10;16;1002;1002
12306540;3;g_000;1;1;38;line_consecutive;0.5;1003;0;3;16-18;1;52094.34;52720.29499999991;54378.68499999973;54378.685;625.9549999999144;1658.3899999998175;1658.3900000000867;eev,integrated,separated,ws;lintim;SiouxFalls;SiouxFalls;True;False;1e-05;6000;1;2;20;50;200;-5;10;0.75;2;55;50;10;10;16;1003;1003
12306540;4;g_000;1;1;38;line_consecutive;0.5;1004;0;4;2-6;2;53941.77;54333.50000000001;54734.774999999725;54734.775;391.7300000000105;401.2749999997177;401.2749999999942;eev,integrated,separated,ws;lintim;SiouxFalls;SiouxFalls;True;False;1e-05;6000;1;2;20;50;200;-5;10;0.75;2;55;50;10;10;16;1004;1004
12306540;5;g_000;1;1;38;line_consecutive;0.5;1005;0;5;6-8;2;53941.770000000535;54333.50000000001;54734.77499999973;54734.775;391.72999999947206;401.27499999972497;401.2749999999942;eev,integrated,separated,ws;lintim;SiouxFalls;SiouxFalls;True;False;1e-05;6000;1;2;20;50;200;-5;10;0.75;2;55;50;10;10;16;1005;1005
12306540;6;g_000;1;1;38;line_consecutive;0.5;1006;0;6;8-16;2,10,13;54504.560000000085;54907.210000000014;55956.48999999973;55524.15499999948;402.6499999999287;1049.279999999715;616.9449999994686;eev,integrated,separated,ws;lintim;SiouxFalls;SiouxFalls;True;False;1e-05;6000;1;2;20;50;200;-5;10;0.75;2;55;50;10;10;16;1006;1006
12306540;7;g_000;1;1;38;line_consecutive;0.5;1007;0;7;16-17;2,13;54147.56999999999;54476.04000000001;55250.17499999973;55250.175;328.4700000000157;774.1349999997183;774.1349999999948;eev,integrated,separated,ws;lintim;SiouxFalls;SiouxFalls;True;False;1e-05;6000;1;2;20;50;200;-5;10;0.75;2;55;50;10;10;16;1007;1007
12306540;8;g_000;1;1;38;line_consecutive;0.5;1008;0;8;17-19;2,13,14;55103.821;55561.6295;56441.07549999973;56008.7405;457.8084999999992;879.4459999997271;447.1109999999972;eev,integrated,separated,ws;lintim;SiouxFalls;SiouxFalls;True;False;1e-05;6000;1;2;20;50;200;-5;10;0.75;2;55;50;10;10;16;1008;1008
12306540;9;g_000;1;1;38;line_consecutive;0.5;1009;0;9;19-20;2;53941.77;54333.5;54734.77499999973;54734.775;391.7300000000032;401.2749999997322;401.2750000000015;eev,integrated,separated,ws;lintim;SiouxFalls;SiouxFalls;True;False;1e-05;6000;1;2;20;50;200;-5;10;0.75;2;55;50;10;10;16;1009;1009
12306540;10;g_000;1;1;38;line_consecutive;0.5;1010;0;10;3-4;3,4;53084.144999999975;53880.670000000006;54726.67499999973;54726.67499999999;796.5250000000306;846.0049999997209;846.0049999999828;eev,integrated,separated,ws;lintim;SiouxFalls;SiouxFalls;True;False;1e-05;6000;1;2;20;50;200;-5;10;0.75;2;55;50;10;10;16;1010;1010
12306540;11;g_000;1;1;38;line_consecutive;0.5;1011;0;11;4-5;3;50928.37999999999;50928.379999999735;50928.37999999973;50928.37999999999;-2.5465851649641985e-10;-7.275957614183426e-12;2.5465851649641985e-10;eev,integrated,separated,ws;lintim;SiouxFalls;SiouxFalls;True;False;1e-05;6000;1;2;20;50;200;-5;10;0.75;2;55;50;10;10;16;1011;1011
12306540;12;g_000;1;1;38;line_consecutive;0.5;1012;0;12;5-9;3,9;51019.11999999999;51109.86000000001;51547.63999999973;51547.64;90.7400000000198;437.7799999997224;437.7799999999916;eev,integrated,separated,ws;lintim;SiouxFalls;SiouxFalls;True;False;1e-05;6000;1;2;20;50;200;-5;10;0.75;2;55;50;10;10;16;1012;1012
12306540;13;g_000;1;1;38;line_consecutive;0.5;1013;0;13;8-9;3,7;50928.37999999999;50928.38;50928.37999999973;50928.37999999999;7.275957614183426e-12;-2.692104317247868e-10;-7.275957614183426e-12;eev,integrated,separated,ws;lintim;SiouxFalls;SiouxFalls;True;False;1e-05;6000;1;2;20;50;200;-5;10;0.75;2;55;50;10;10;16;1013;1013
12306540;14;g_000;1;1;38;line_consecutive;0.5;1014;0;14;7-8;3,7,11;50928.37999999999;50928.380000000005;50928.37999999973;50928.37999999999;1.4551915228366852e-11;-2.764863893389702e-10;-1.4551915228366852e-11;eev,integrated,separated,ws;lintim;SiouxFalls;SiouxFalls;True;False;1e-05;6000;1;2;20;50;200;-5;10;0.75;2;55;50;10;10;16;1014;1014
12306540;15;g_000;1;1;38;line_consecutive;0.5;1015;0;15;7-18;3,11;50928.379999998266;50928.380000000005;50928.37999999973;50928.38000000059;1.7389538697898386e-09;-2.764863893389702e-10;5.820766091346741e-10;eev,integrated,separated,ws;lintim;SiouxFalls;SiouxFalls;True;False;1e-05;6000;1;2;20;50;200;-5;10;0.75;2;55;50;10;10;16;1015;1015
12306540;16;g_000;1;1;38;line_consecutive;0.5;1016;0;16;1-3;4,8,12;55105.995;55592.88000000001;55809.21499999972;55809.21499999972;486.8850000000093;216.3349999997081;216.3349999997081;eev,integrated,separated,ws;lintim;SiouxFalls;SiouxFalls;True;False;1e-05;6000;1;2;20;50;200;-5;10;0.75;2;55;50;10;10;16;1016;1016
12306540;17;g_000;1;1;38;line_consecutive;0.5;1017;0;17;4-11;4;53010.76999999999;53880.669999999554;54726.67499999973;54726.67499999967;869.8999999995649;846.005000000172;846.0050000001138;eev,integrated,separated,ws;lintim;SiouxFalls;SiouxFalls;True;False;1e-05;6000;1;2;20;50;200;-5;10;0.75;2;55;50;10;10;16;1017;1017
12306540;18;g_000;1;1;38;line_consecutive;0.5;1018;0;18;11-14;4,8,10;54541.92999999999;55187.40000000001;56283.34999999973;56283.34999999999;645.4700000000157;1095.9499999997206;1095.9499999999823;eev,integrated,separated,ws;lintim;SiouxFalls;SiouxFalls;True;False;1e-05;6000;1;2;20;50;200;-5;10;0.75;2;55;50;10;10;16;1018;1018
12306540;19;g_000;1;1;38;line_consecutive;0.5;1019;0;19;14-23;4,10;53531.35000000059;54383.405000000006;55239.439999999726;55239.44;852.0549999994182;856.0349999997197;856.0349999999962;eev,integrated,separated,ws;lintim;SiouxFalls;SiouxFalls;True;False;1e-05;6000;1;2;20;50;200;-5;10;0.75;2;55;50;10;10;16;1019;1019
12306540;20;g_000;1;1;38;line_consecutive;0.5;1020;0;20;23-24;4;53010.76999999999;53880.67000000001;54665.32499999973;54665.32499999966;869.9000000000233;784.6549999997151;784.6549999996496;eev,integrated,separated,ws;lintim;SiouxFalls;SiouxFalls;True;False;1e-05;6000;1;2;20;50;200;-5;10;0.75;2;55;50;10;10;16;1020;1020
12306540;21;g_000;1;1;38;line_consecutive;0.5;1021;0;21;10-15;5,9;51635.45000009552;51727.72;52142.82499999973;52142.824999999735;92.26999990447804;415.1049999997267;415.104999999734;eev,integrated,separated,ws;lintim;SiouxFalls;SiouxFalls;True;False;1e-05;6000;1;2;20;50;200;-5;10;0.75;2;55;50;10;10;16;1021;1021
12306540;22;g_000;1;1;38;line_consecutive;0.5;1022;0;22;15-22;5,13;51710.00499999999;51712.55500000001;52144.88999999973;52144.89;2.5500000000174623;432.3349999997226;432.3349999999919;eev,integrated,separated,ws;lintim;SiouxFalls;SiouxFalls;True;False;1e-05;6000;1;2;20;50;200;-5;10;0.75;2;55;50;10;10;16;1022;1022
12306540;23;g_000;1;1;38;line_consecutive;0.5;1023;0;23;22-23;5;51282.01;51387.49000000597;51391.35499999973;51391.355;105.48000000596949;3.864999993755191;3.8649999940316775;eev,integrated,separated,ws;lintim;SiouxFalls;SiouxFalls;True;False;1e-05;6000;1;2;20;50;200;-5;10;0.75;2;55;50;10;10;16;1023;1023
12306540;24;g_000;1;1;38;line_consecutive;0.5;1024;0;24;13-24;6;51965.37999999999;51965.38000000001;51965.37999999973;51965.37999999997;2.182787284255028e-11;-2.8376234695315356e-10;-4.365574568510056e-11;eev,integrated,separated,ws;lintim;SiouxFalls;SiouxFalls;True;False;1e-05;6000;1;2;20;50;200;-5;10;0.75;2;55;50;10;10;16;1024;1024
12306540;25;g_000;1;1;38;line_consecutive;0.5;1025;0;25;21-24;6;51965.37999999999;51965.38000003431;51965.37999999973;51965.37999999997;3.432069206610322e-08;-3.4582626540213823e-08;-3.434251993894577e-08;eev,integrated,separated,ws;lintim;SiouxFalls;SiouxFalls;True;False;1e-05;6000;1;2;20;50;200;-5;10;0.75;2;55;50;10;10;16;1025;1025
12306540;26;g_000;1;1;38;line_consecutive;0.5;1026;0;26;20-21;6;51965.37999999999;51965.38000000008;51965.37999999973;51965.37999999997;8.731149137020111e-11;-3.4924596548080444e-10;-1.0913936421275139e-10;eev,integrated,separated,ws;lintim;SiouxFalls;SiouxFalls;True;False;1e-05;6000;1;2;20;50;200;-5;10;0.75;2;55;50;10;10;16;1026;1026
12306540;27;g_000;1;1;38;line_consecutive;0.5;1027;0;27;9-10;7,9;51266.89999999905;51547.63999999967;51547.63999999973;51547.64;280.7400000006237;5.820766091346741e-11;3.2741809263825417e-10;eev,integrated,separated,ws;lintim;SiouxFalls;SiouxFalls;True;False;1e-05;6000;1;2;20;50;200;-5;10;0.75;2;55;50;10;10;16;1027;1027
12306540;28;g_000;1;1;38;line_consecutive;0.5;1028;0;28;3-12;8,12;50928.37999999798;50928.37999969554;50928.37999999883;50928.3799999991;-3.024397301487625e-07;3.032910171896219e-07;3.035602276213467e-07;eev,integrated,separated,ws;lintim;SiouxFalls;SiouxFalls;True;False;1e-05;6000;1;2;20;50;200;-5;10;0.75;2;55;50;10;10;16;1028;1028
12306540;29;g_000;1;1;38;line_consecutive;0.5;1029;0;29;5-6;9;51019.11999998819;51109.86000000001;51547.63999999973;51547.63999999999;90.7400000118214;437.7799999997224;437.7799999999843;eev,integrated,separated,ws;lintim;SiouxFalls;SiouxFalls;True;False;1e-05;6000;1;2;20;50;200;-5;10;0.75;2;55;50;10;10;16;1029;1029
12306540;30;g_000;1;1;38;line_consecutive;0.5;1030;0;30;15-19;9,13,14;51215.65999999976;51502.94;52448.88499999973;52448.885;287.28000000023894;945.9449999997304;945.9449999999996;eev,integrated,separated,ws;lintim;SiouxFalls;SiouxFalls;True;False;1e-05;6000;1;2;20;50;200;-5;10;0.75;2;55;50;10;10;16;1030;1030
12306540;31;g_000;1;1;38;line_consecutive;0.5;1031;0;31;20-22;11;50928.37999999999;50928.380000000005;50928.37999999973;50928.37999999999;1.4551915228366852e-11;-2.764863893389702e-10;-1.4551915228366852e-11;eev,integrated,separated,ws;lintim;SiouxFalls;SiouxFalls;True;False;1e-05;6000;1;2;20;50;200;-5;10;0.75;2;55;50;10;10;16;1031;1031
12306540;32;g_000;1;1;38;line_consecutive;0.5;1032;0;32;18-20;11;50928.3800000011;50928.38000000002;50928.37999999973;50928.37999999999;-1.0841176845133303e-09;-2.9103830456733704e-10;-2.9103830456733704e-11;eev,integrated,separated,ws;lintim;SiouxFalls;SiouxFalls;True;False;1e-05;6000;1;2;20;50;200;-5;10;0.75;2;55;50;10;10;16;1032;1032
12306540;33;g_000;1;1;38;line_consecutive;0.5;1033;0;33;12-13;12;50928.37999999192;50928.38;50928.37999999973;50928.38;8.076312951743603e-09;-2.692104317247868e-10;0.0;eev,integrated,separated,ws;lintim;SiouxFalls;SiouxFalls;True;False;1e-05;6000;1;2;20;50;200;-5;10;0.75;2;55;50;10;10;16;1033;1033
12306540;34;g_000;1;1;38;line_consecutive;0.5;1034;0;34;1-2;12;50928.37999996878;50928.379999999735;50928.379999999335;50928.37999999961;3.0951923690736294e-08;-4.0017766878008837e-10;-1.2369127944111824e-10;eev,integrated,separated,ws;lintim;SiouxFalls;SiouxFalls;True;False;1e-05;6000;1;2;20;50;200;-5;10;0.75;2;55;50;10;10;16;1034;1034
12306540;35;g_000;1;1;38;line_consecutive;0.5;1035;0;35;21-22;13;50930.92999999999;50933.48000000556;51365.814999999726;51365.815;2.550000005569018;432.3349999941638;432.3349999944403;eev,integrated,separated,ws;lintim;SiouxFalls;SiouxFalls;True;False;1e-05;6000;1;2;20;50;200;-5;10;0.75;2;55;50;10;10;16;1035;1035
12306540;36;g_000;1;1;38;line_consecutive;0.5;1036;0;36;14-15;14;51058.85999999999;51189.34;51394.40999999973;51394.41;130.4800000000032;205.0699999997305;205.07000000000696;eev,integrated,separated,ws;lintim;SiouxFalls;SiouxFalls;True;False;1e-05;6000;1;2;20;50;200;-5;10;0.75;2;55;50;10;10;16;1036;1036
12306540;37;g_000;1;1;38;line_consecutive;0.5;1037;0;37;10-17;14;51058.85999999999;51189.34;51394.40999999896;51394.40999999922;130.4800000000032;205.06999999896647;205.0699999992212;eev,integrated,separated,ws;lintim;SiouxFalls;SiouxFalls;True;False;1e-05;6000;1;2;20;50;200;-5;10;0.75;2;55;50;10;10;16;1037;1037
12306540;38;g_000;1;1;38;line_consecutive;0.5;1038;1;0;11-12;1,7,8;55189.87;56177.26500000012;56722.05499999521;56722.054999995205;987.3950000001204;544.7899999950896;544.7899999950823;eev,integrated,separated,ws;lintim;SiouxFalls;SiouxFalls;True;False;1e-05;6000;1;2;20;50;200;-5;20;0.75;2;55;50;10;10;16;1038;1038
12306540;39;g_000;1;1;38;line_consecutive;0.5;1039;1;1;10-11;1,7,10;55467.355;56695.805;57887.86999999522;57887.86999999522;1228.449999999997;1192.064999995222;1192.064999995222;eev,integrated,separated,ws;lintim;SiouxFalls;SiouxFalls;True;False;1e-05;6000;1;2;20;50;200;-5;20;0.75;2;55;50;10;10;16;1039;1039
12306540;40;g_000;1;1;38;line_consecutive;0.5;1040;1;2;10-16;1,10;53259.16499999887;54137.36500000001;55762.52499999522;55762.52499999522;878.2000000011394;1625.1599999952086;1625.1599999952086;eev,integrated,separated,ws;lintim;SiouxFalls;SiouxFalls;True;False;1e-05;6000;1;2;20;50;200;-5;20;0.75;2;55;50;10;10;16;1040;1040
12306540;41;g_000;1;1;38;line_consecutive;0.5;1041;1;3;16-18;1;52509.32;53205.605;54903.38999999523;54903.38999999523;696.2850000000035;1697.7849999952232;1697.7849999952232;eev,integrated,separated,ws;lintim;SiouxFalls;SiouxFalls;True;False;1e-05;6000;1;2;20;50;200;-5;20;0.75;2;55;50;10;10;16;1041;1041
12306540;42;g_000;1;1;38;line_consecutive;0.5;1042;1;4;2-6;2;57150.71000000001;58083.34;58667.62999999522;58667.62999999523;932.62999999999;584.2899999952206;584.2899999952351;eev,integrated,separated,ws;lintim;SiouxFalls;SiouxFalls;True;False;1e-05;6000;1;2;20;50;200;-5;20;0.75;2;55;50;10;10;16;1042;1042
12306540;43;g_000;1;1;38;line_consecutive;0.5;1043;1;5;6-8;2;56399.85;56839.81000000047;57306.309999995225;57306.309999995225;439.96000000047206;466.499999994754;466.499999994754;eev,integrated,separated,ws;lintim;SiouxFalls;SiouxFalls;True;False;1e-05;6000;1;2;20;50;200;-5;20;0.75;2;55;50;10;10;16;1043;1043
12306540;44;g_000;1;1;38;line_consecutive;0.5;1044;1;6;8-16;2,10,13;56827.15;57644.36;58796.58999999522;58116.91;817.2099999999991;1152.229999995223;472.5500000000029;eev,integrated,separated,ws;lintim;SiouxFalls;SiouxFalls;True;False;1e-05;6000;1;2;20;50;200;-5;20;0.75;2;55;50;10;10;16;1044;1044
12306540;45;g_000;1;1;38;line_consecutive;0.5;1045;1;7;16-17;2,13;56029.73499999999;56839.01500000089;57426.80499999523;56897.09;809.2800000008938;587.7899999943402;58.07499999910942;eev,integrated,separated,ws;lintim;SiouxFalls;SiouxFalls;True;False;1e-05;6000;1;2;20;50;200;-5;20;0.75;2;55;50;10;10;16;1045;1045
12306540;46;g_000;1;1;38;line_consecutive;0.5;1046;1;8;17-19;2,13,14;58942.235;59665.68499999999;60584.029999995226;60141.25499999994;723.4499999999898;918.3449999952354;475.5699999999488;eev,integrated,separated,ws;lintim;SiouxFalls;SiouxFalls;True;False;1e-05;6000;1;2;20;50;200;-5;20;0.75;2;55;50;10;10;16;1046;1046
12306540;47;g_000;1;1;38;line_consecutive;0.5;1047;1;9;19-20;2;56708.87499999999;57192.34500000001;57776.63499999522;57776.63499999523;483.4700000000157;584.2899999952133;584.2899999952206;eev,integrated,separated,ws;lintim;SiouxFalls;SiouxFalls;True;False;1e-05;6000;1;2;20;50;200;-5;20;0.75;2;55;50;10;10;16;1047;1047
12306540;48;g_000;1;1;38;line_consecutive;0.5;1048;1;10;3-4;3,4;54817.615;55591.80000000003;56004.29999999523;56004.29999999523;774.185000000034;412.49999999519787;412.49999999519787;eev,integrated,separated,ws;lintim;SiouxFalls;SiouxFalls;True;False;1e-05;6000;1;2;20;50;200;-5;20;0.75;2;55;50;10;10;16;1048;1048
12306540;49;g_000;1;1;38;line_consecutive;0.5;1049;1;11;4-5;3;51140.23999999696;51140.240000000005;51140.239999995225;51140.239999995225;3.0486262403428555e-09;-4.780304152518511e-09;-4.780304152518511e-09;eev,integrated,separated,ws;lintim;SiouxFalls;SiouxFalls;True;False;1e-05;6000;1;2;20;50;200;-5;20;0.75;2;55;50;10;10;16;1049;1049
12306540;50;g_000;1;1;38;line_consecutive;0.5;1050;1;12;5-9;3,9;51271.240000000005;51402.240000000005;52238.51999999522;52238.51999999522;131.0;836.2799999952113;836.2799999952113;eev,integrated,separated,ws;lintim;SiouxFalls;SiouxFalls;True;False;1e-05;6000;1;2;20;50;200;-5;20;0.75;2;55;50;10;10;16;1050;1050
12306540;51;g_000;1;1;38;line_consecutive;0.5;1051;1;13;8-9;3,7;51140.23999999999;51140.239999999714;51140.239999995225;51140.239999995225;-2.764863893389702e-10;-4.489265847951174e-09;-4.489265847951174e-09;eev,integrated,separated,ws;lintim;SiouxFalls;SiouxFalls;True;False;1e-05;6000;1;2;20;50;200;-5;20;0.75;2;55;50;10;10;16;1051;1051
12306540;52;g_000;1;1;38;line_consecutive;0.5;1052;1;14;7-8;3,7,11;51140.24000000092;51140.240000000005;51140.239999995225;51140.239999995225;-9.167706593871116e-10;-4.780304152518511e-09;-4.780304152518511e-09;eev,integrated,separated,ws;lintim;SiouxFalls;SiouxFalls;True;False;1e-05;6000;1;2;20;50;200;-5;20;0.75;2;55;50;10;10;16;1052;1052
12306540;53;g_000;1;1;38;line_consecutive;0.5;1053;1;15;7-18;3,11;51140.24000000001;51140.240000000005;51140.239999995225;51140.23999999522;-7.275957614183426e-12;-4.780304152518511e-09;-4.787580110132694e-09;eev,integrated,separated,ws;lintim;SiouxFalls;SiouxFalls;True;False;1e-05;6000;1;2;20;50;200;-5;20;0.75;2;55;50;10;10;16;1053;1053
12306540;54;g_000;1;1;38;line_consecutive;0.5;1054;1;16;1-3;4,8,12;57675.43000002102;58199.49499999986;58776.03499999522;58776.03499999522;524.0649999788366;576.5399999953661;576.5399999953661;eev,integrated,separated,ws;lintim;SiouxFalls;SiouxFalls;True;False;1e-05;6000;1;2;20;50;200;-5;20;0.75;2;55;50;10;10;16;1054;1054
12306540;55;g_000;1;1;38;line_consecutive;0.5;1055;1;17;4-11;4;54208.095;55067.66;55779.53499999523;55779.53499999523;859.5650000000023;711.874999995227;711.874999995227;eev,integrated,separated,ws;lintim;SiouxFalls;SiouxFalls;True;False;1e-05;6000;1;2;20;50;200;-5;20;0.75;2;55;50;10;10;16;1055;1055
12306540;56;g_000;1;1;38;line_consecutive;0.5;1056;1;18;11-14;4,8,10;55437.22499999999;56091.94499999988;57261.13499999522;57261.13499999522;654.719999999892;1169.1899999953384;1169.1899999953384;eev,integrated,separated,ws;lintim;SiouxFalls;SiouxFalls;True;False;1e-05;6000;1;2;20;50;200;-5;20;0.75;2;55;50;10;10;16;1056;1056
12306540;57;g_000;1;1;38;line_consecutive;0.5;1057;1;19;14-23;4,10;54746.41999999999;55303.49500002499;55927.49499999522;55927.49499999522;557.0750000249973;623.9999999702341;623.9999999702341;eev,integrated,separated,ws;lintim;SiouxFalls;SiouxFalls;True;False;1e-05;6000;1;2;20;50;200;-5;20;0.75;2;55;50;10;10;16;1057;1057
12306540;58;g_000;1;1;38;line_consecutive;0.5;1058;1;20;23-24;4;54208.095;54940.48;55584.74499999522;55584.74499999522;732.385000000002;644.2649999952191;644.2649999952191;eev,integrated,separated,ws;lintim;SiouxFalls;SiouxFalls;True;False;1e-05;6000;1;2;20;50;200;-5;20;0.75;2;55;50;10;10;16;1058;1058
12306540;59;g_000;1;1;38;line_consecutive;0.5;1059;1;21;10-15;5,9;52049.835;52180.835000356805;53008.72999999522;53008.72999999522;131.00000035680569;827.8949996384181;827.8949996384181;eev,integrated,separated,ws;lintim;SiouxFalls;SiouxFalls;True;False;1e-05;6000;1;2;20;50;200;-5;20;0.75;2;55;50;10;10;16;1059;1059
12306540;60;g_000;1;1;38;line_consecutive;0.5;1060;1;22;15-22;5,13;52885.31999999999;52885.32000000001;52885.31999999523;52885.31999999523;1.4551915228366852e-11;-4.780304152518511e-09;-4.780304152518511e-09;eev,integrated,separated,ws;lintim;SiouxFalls;SiouxFalls;True;False;1e-05;6000;1;2;20;50;200;-5;20;0.75;2;55;50;10;10;16;1060;1060
12306540;61;g_000;1;1;38;line_consecutive;0.5;1061;1;23;22-23;5;51781.765;51781.765000000014;51781.76499999523;51781.76499999523;1.4551915228366852e-11;-4.787580110132694e-09;-4.787580110132694e-09;eev,integrated,separated,ws;lintim;SiouxFalls;SiouxFalls;True;False;1e-05;6000;1;2;20;50;200;-5;20;0.75;2;55;50;10;10;16;1061;1061
12306540;62;g_000;1;1;38;line_consecutive;0.5;1062;1;24;13-24;6;52836.62999999999;53155.58000000001;53677.154999995226;53677.154999995226;318.9500000000189;521.5749999952168;521.5749999952168;eev,integrated,separated,ws;lintim;SiouxFalls;SiouxFalls;True;False;1e-05;6000;1;2;20;50;200;-5;20;0.75;2;55;50;10;10;16;1062;1062
12306540;63;g_000;1;1;38;line_consecutive;0.5;1063;1;25;21-24;6;52808.19;52936.46999999998;52936.46999999523;52936.46999999523;128.279999999977;-4.751200322061777e-09;-4.751200322061777e-09;eev,integrated,separated,ws;lintim;SiouxFalls;SiouxFalls;True;False;1e-05;6000;1;2;20;50;200;-5;20;0.75;2;55;50;10;10;16;1063;1063
12306540;64;g_000;1;1;38;line_consecutive;0.5;1064;1;26;20-21;6;52734.38999999999;52871.715;52871.71499999522;52871.71499999522;137.32500000000437;-4.773028194904327e-09;-4.773028194904327e-09;eev,integrated,separated,ws;lintim;SiouxFalls;SiouxFalls;True;False;1e-05;6000;1;2;20;50;200;-5;20;0.75;2;55;50;10;10;16;1064;1064
12306540;65;g_000;1;1;38;line_consecutive;0.5;1065;1;27;9-10;7,9;51765.87;52238.52000000001;52238.51999999522;52238.51999999522;472.65000000000873;-4.794856067746878e-09;-4.794856067746878e-09;eev,integrated,separated,ws;lintim;SiouxFalls;SiouxFalls;True;False;1e-05;6000;1;2;20;50;200;-5;20;0.75;2;55;50;10;10;16;1065;1065
12306540;66;g_000;1;1;38;line_consecutive;0.5;1066;1;28;3-12;8,12;51140.24;51140.240000000005;51140.239999995225;51140.239999995225;7.275957614183426e-12;-4.780304152518511e-09;-4.780304152518511e-09;eev,integrated,separated,ws;lintim;SiouxFalls;SiouxFalls;True;False;1e-05;6000;1;2;20;50;200;-5;20;0.75;2;55;50;10;10;16;1066;1066
12306540;67;g_000;1;1;38;line_consecutive;0.5;1067;1;29;5-6;9;51271.24;51402.240000000005;52238.51999999522;52238.51999999523;131.00000000000728;836.2799999952113;836.2799999952258;eev,integrated,separated,ws;lintim;SiouxFalls;SiouxFalls;True;False;1e-05;6000;1;2;20;50;200;-5;20;0.75;2;55;50;10;10;16;1067;1067
12306540;68;g_000;1;1;38;line_consecutive;0.5;1068;1;30;15-19;9,13,14;51687.75;52235.26;53382.81999999523;53382.81999999523;547.510000000002;1147.5599999952246;1147.5599999952246;eev,integrated,separated,ws;lintim;SiouxFalls;SiouxFalls;True;False;1e-05;6000;1;2;20;50;200;-5;20;0.75;2;55;50;10;10;16;1068;1068
12306540;69;g_000;1;1;38;line_consecutive;0.5;1069;1;31;20-22;11;51140.23999999915;51140.24000000001;51140.23999997848;51140.23999997848;8.658389560878276e-10;-2.152955858036876e-08;-2.152955858036876e-08;eev,integrated,separated,ws;lintim;SiouxFalls;SiouxFalls;True;False;1e-05;6000;1;2;20;50;200;-5;20;0.75;2;55;50;10;10;16;1069;1069
12306540;70;g_000;1;1;38;line_consecutive;0.5;1070;1;32;18-20;11;51140.24;51140.240000000005;51140.23999998193;51140.23999998193;7.275957614183426e-12;-1.807347871363163e-08;-1.807347871363163e-08;eev,integrated,separated,ws;lintim;SiouxFalls;SiouxFalls;True;False;1e-05;6000;1;2;20;50;200;-5;20;0.75;2;55;50;10;10;16;1070;1070
12306540;71;g_000;1;1;38;line_consecutive;0.5;1071;1;33;12-13;12;51140.24;51140.24000003309;51140.239999995225;51140.239999995225;3.309105522930622e-08;-3.7864083424210555e-08;-3.7864083424210555e-08;eev,integrated,separated,ws;lintim;SiouxFalls;SiouxFalls;True;False;1e-05;6000;1;2;20;50;200;-5;20;0.75;2;55;50;10;10;16;1071;1071
12306540;72;g_000;1;1;38;line_consecutive;0.5;1072;1;34;1-2;12;51140.24;51140.24000000138;51140.239999995225;51140.239999995225;1.382431946694851e-09;-6.155460141599178e-09;-6.155460141599178e-09;eev,integrated,separated,ws;lintim;SiouxFalls;SiouxFalls;True;False;1e-05;6000;1;2;20;50;200;-5;20;0.75;2;55;50;10;10;16;1072;1072
12306540;73;g_000;1;1;38;line_consecutive;0.5;1073;1;35;21-22;13;51388.19;51636.14000000001;51694.21499999522;51694.21499999522;247.9500000000044;58.07499999521679;58.07499999521679;eev,integrated,separated,ws;lintim;SiouxFalls;SiouxFalls;True;False;1e-05;6000;1;2;20;50;200;-5;20;0.75;2;55;50;10;10;16;1073;1073
12306540;74;g_000;1;1;38;line_consecutive;0.5;1074;1;36;14-15;14;51307.5;51474.76;51600.36999999523;51600.36999999523;167.26000000000204;125.60999999522755;125.60999999522755;eev,integrated,separated,ws;lintim;SiouxFalls;SiouxFalls;True;False;1e-05;6000;1;2;20;50;200;-5;20;0.75;2;55;50;10;10;16;1074;1074
12306540;75;g_000;1;1;38;line_consecutive;0.5;1075;1;37;10-17;14;51307.5;51474.76000000001;51600.36999999522;51600.36999999522;167.2600000000093;125.609999995213;125.609999995213;eev,integrated,separated,ws;lintim;SiouxFalls;SiouxFalls;True;False;1e-05;6000;1;2;20;50;200;-5;20;0.75;2;55;50;10;10;16;1075;1075
12306540;76;g_000;1;1;38;line_consecutive;0.5;1076;2;0;11-12;1,7,8;55805.34999999551;56860.90999999957;57296.33499999839;57296.3349999984;1055.5600000040577;435.4249999988242;435.4249999988315;eev,integrated,separated,ws;lintim;SiouxFalls;SiouxFalls;True;False;1e-05;6000;1;2;20;50;200;-5;50;0.75;2;55;50;10;10;16;1076;1076
12306540;77;g_000;1;1;38;line_consecutive;0.5;1077;2;1;10-11;1,7,10;55473.42;56713.88000000002;58023.90499999839;58023.90499703081;1240.460000000021;1310.0249999983716;1310.0249970307923;eev,integrated,separated,ws;lintim;SiouxFalls;SiouxFalls;True;False;1e-05;6000;1;2;20;50;200;-5;50;0.75;2;55;50;10;10;16;1077;1077
12306540;78;g_000;1;1;38;line_consecutive;0.5;1078;2;2;10-16;1,10;53377.605;54149.60500000002;55900.32999999838;55900.32999999839;772.0000000000146;1750.7249999983617;1750.7249999983687;eev,integrated,separated,ws;lintim;SiouxFalls;SiouxFalls;True;False;1e-05;6000;1;2;20;50;200;-5;50;0.75;2;55;50;10;10;16;1078;1078
12306540;79;g_000;1;1;38;line_consecutive;0.5;1079;2;3;16-18;1;52659.84999999999;53324.045000000006;55021.82999999839;55021.82999999839;664.1950000000143;1697.784999998381;1697.784999998381;eev,integrated,separated,ws;lintim;SiouxFalls;SiouxFalls;True;False;1e-05;6000;1;2;20;50;200;-5;50;0.75;2;55;50;10;10;16;1079;1079
12306540;80;g_000;1;1;38;line_consecutive;0.5;1080;2;4;2-6;2;58649.22000000003;60364.61000000001;61235.3099999984;61235.3099999984;1715.3899999999776;870.6999999983891;870.6999999983891;eev,integrated,separated,ws;lintim;SiouxFalls;SiouxFalls;True;False;1e-05;6000;1;2;20;50;200;-5;50;0.75;2;55;50;10;10;16;1080;1080
12306540;81;g_000;1;1;38;line_consecutive;0.5;1081;2;5;6-8;2;57174.70999999999;58215.33000000001;58779.639999998384;58779.63999999839;1040.6200000000172;564.3099999983751;564.3099999983824;eev,integrated,separated,ws;lintim;SiouxFalls;SiouxFalls;True;False;1e-05;6000;1;2;20;50;200;-5;50;0.75;2;55;50;10;10;16;1081;1081
12306540;82;g_000;1;1;38;line_consecutive;0.5;1082;2;6;8-16;2,10,13;57078.69;58362.380000000034;59573.35499999838;58810.01999999999;1283.6900000000314;1210.974999998347;447.63999999995576;eev,integrated,separated,ws;lintim;SiouxFalls;SiouxFalls;True;False;1e-05;6000;1;2;20;50;200;-5;50;0.75;2;55;50;10;10;16;1082;1082
12306540;83;g_000;1;1;38;line_consecutive;0.5;1083;2;7;16-17;2,13;56436.240000000005;57344.130000000005;57945.2149999984;57889.19;907.8899999999994;601.0849999983984;545.0599999999977;eev,integrated,separated,ws;lintim;SiouxFalls;SiouxFalls;True;False;1e-05;6000;1;2;20;50;200;-5;50;0.75;2;55;50;10;10;16;1083;1083
12306540;84;g_000;1;1;38;line_consecutive;0.5;1084;2;8;17-19;2,13,14;60308.675;60993.63499999944;61877.76999999839;61414.10544037583;684.9599999994389;884.134999998947;420.4704403763899;eev,integrated,separated,ws;lintim;SiouxFalls;SiouxFalls;True;False;1e-05;6000;1;2;20;50;200;-5;50;0.75;2;55;50;10;10;16;1084;1084
12306540;85;g_000;1;1;38;line_consecutive;0.5;1085;2;9;19-20;2;57520.875;58598.405000000006;59162.71499999838;59162.71499999839;1077.530000000006;564.3099999983751;564.3099999983824;eev,integrated,separated,ws;lintim;SiouxFalls;SiouxFalls;True;False;1e-05;6000;1;2;20;50;200;-5;50;0.75;2;55;50;10;10;16;1085;1085
12306540;86;g_000;1;1;38;line_consecutive;0.5;1086;2;10;3-4;3,4;55065.46000000001;55980.80500000001;57075.83499999839;57075.83499999839;915.3450000000012;1095.0299999983836;1095.0299999983836;eev,integrated,separated,ws;lintim;SiouxFalls;SiouxFalls;True;False;1e-05;6000;1;2;20;50;200;-5;50;0.75;2;55;50;10;10;16;1086;1086
12306540;87;g_000;1;1;38;line_consecutive;0.5;1087;2;11;4-5;3;51140.23999999999;51140.24000002087;51140.23999999839;51140.2399999984;2.0881998352706432e-08;-2.2482709027826783e-08;-2.2475433070212606e-08;eev,integrated,separated,ws;lintim;SiouxFalls;SiouxFalls;True;False;1e-05;6000;1;2;20;50;200;-5;50;0.75;2;55;50;10;10;16;1087;1087
12306540;88;g_000;1;1;38;line_consecutive;0.5;1088;2;12;5-9;3,9;51271.23999999945;51402.240000000005;52420.23999999839;52420.239999998405;131.00000000055297;1017.9999999983849;1017.9999999983992;eev,integrated,separated,ws;lintim;SiouxFalls;SiouxFalls;True;False;1e-05;6000;1;2;20;50;200;-5;50;0.75;2;55;50;10;10;16;1088;1088
12306540;89;g_000;1;1;38;line_consecutive;0.5;1089;2;13;8-9;3,7;51140.23999999999;51140.23999999955;51140.23999999839;51140.23999999839;-4.4383341446518903e-10;-1.1568772606551647e-09;-1.1568772606551647e-09;eev,integrated,separated,ws;lintim;SiouxFalls;SiouxFalls;True;False;1e-05;6000;1;2;20;50;200;-5;50;0.75;2;55;50;10;10;16;1089;1089
12306540;90;g_000;1;1;38;line_consecutive;0.5;1090;2;14;7-8;3,7,11;51140.23999999874;51140.240000000005;51140.23999999839;51140.2399999984;1.266016624867916e-09;-1.6152625903487206e-09;-1.6079866327345371e-09;eev,integrated,separated,ws;lintim;SiouxFalls;SiouxFalls;True;False;1e-05;6000;1;2;20;50;200;-5;50;0.75;2;55;50;10;10;16;1090;1090
12306540;91;g_000;1;1;38;line_consecutive;0.5;1091;2;15;7-18;3,11;51140.23999999999;51140.24000000001;51140.23999999839;51140.23999999839;2.182787284255028e-11;-1.622538547962904e-09;-1.622538547962904e-09;eev,integrated,separated,ws;lintim;SiouxFalls;SiouxFalls;True;False;1e-05;6000;1;2;20;50;200;-5;50;0.75;2;55;50;10;10;16;1091;1091
12306540;92;g_000;1;1;38;line_consecutive;0.5;1092;2;16;1-3;4,8,12;58391.90999999965;58918.000000000015;59192.72499999839;59192.7249999984;526.0900000003676;274.724999998376;274.7249999983833;eev,integrated,separated,ws;lintim;SiouxFalls;SiouxFalls;True;False;1e-05;6000;1;2;20;50;200;-5;50;0.75;2;55;50;10;10;16;1092;1092
12306540;93;g_000;1;1;38;line_consecutive;0.5;1093;2;17;4-11;4;54346.69;55250.21499999997;55779.53499999839;55779.5349999984;903.5249999999652;529.3199999984208;529.3199999984354;eev,integrated,separated,ws;lintim;SiouxFalls;SiouxFalls;True;False;1e-05;6000;1;2;20;50;200;-5;50;0.75;2;55;50;10;10;16;1093;1093
12306540;94;g_000;1;1;38;line_consecutive;0.5;1094;2;18;11-14;4,8,10;55715.63;56294.27999999999;57293.02999999839;57293.0299999984;578.6499999999942;998.7499999983992;998.7499999984066;eev,integrated,separated,ws;lintim;SiouxFalls;SiouxFalls;True;False;1e-05;6000;1;2;20;50;200;-5;50;0.75;2;55;50;10;10;16;1094;1094
12306540;95;g_000;1;1;38;line_consecutive;0.5;1095;2;19;14-23;4,10;54841.905;55396.175;56078.2449999984;56078.2449999984;554.2700000000041;682.069999998399;682.069999998399;eev,integrated,separated,ws;lintim;SiouxFalls;SiouxFalls;True;False;1e-05;6000;1;2;20;50;200;-5;50;0.75;2;55;50;10;10;16;1095;1095
12306540;96;g_000;1;1;38;line_consecutive;0.5;1096;2;20;23-24;4;54286.7;55198.02999992916;55588.29499999839;55588.2949999984;911.329999929163;390.26500006923015;390.26500006923743;eev,integrated,separated,ws;lintim;SiouxFalls;SiouxFalls;True;False;1e-05;6000;1;2;20;50;200;-5;50;0.75;2;55;50;10;10;16;1096;1096
12306540;97;g_000;1;1;38;line_consecutive;0.5;1097;2;21;10-15;5,9;52049.83500000001;52180.835000000014;53427.95499999839;53427.9549999984;131.00000000000728;1247.1199999983728;1247.1199999983874;eev,integrated,separated,ws;lintim;SiouxFalls;SiouxFalls;True;False;1e-05;6000;1;2;20;50;200;-5;50;0.75;2;55;50;10;10;16;1097;1097
12306540;98;g_000;1;1;38;line_consecutive;0.5;1098;2;22;15-22;5,13;53051.31;53051.31000000001;53051.30999999839;53051.3099999984;1.4551915228366852e-11;-1.622538547962904e-09;-1.6152625903487206e-09;eev,integrated,separated,ws;lintim;SiouxFalls;SiouxFalls;True;False;1e-05;6000;1;2;20;50;200;-5;50;0.75;2;55;50;10;10;16;1098;1098
12306540;99;g_000;1;1;38;line_consecutive;0.5;1099;2;23;22-23;5;51792.595;51792.595000000016;51792.59499999839;51792.59499999839;1.4551915228366852e-11;-1.622538547962904e-09;-1.622538547962904e-09;eev,integrated,separated,ws;lintim;SiouxFalls;SiouxFalls;True;False;1e-05;6000;1;2;20;50;200;-5;50;0.75;2;55;50;10;10;16;1099;1099
12306540;100;g_000;1;1;38;line_consecutive;0.5;1100;2;24;13-24;6;53437.67;53966.72;54488.29499999839;54488.2949999984;529.0500000000029;521.5749999983891;521.5749999983964;eev,integrated,separated,ws;lintim;SiouxFalls;SiouxFalls;True;False;1e-05;6000;1;2;20;50;200;-5;50;0.75;2;55;50;10;10;16;1100;1100
12306540;101;g_000;1;1;38;line_consecutive;0.5;1101;2;25;21-24;6;52808.19;53127.14000000001;53497.5899999984;53497.5899999984;318.9500000000044;370.4499999983964;370.4499999983964;eev,integrated,separated,ws;lintim;SiouxFalls;SiouxFalls;True;False;1e-05;6000;1;2;20;50;200;-5;50;0.75;2;55;50;10;10;16;1101;1101
12306540;102;g_000;1;1;38;line_consecutive;0.5;1102;2;26;20-21;6;52734.39;53053.34;53432.83499999839;53432.83499999839;318.9499999999971;379.4949999983946;379.4949999983946;eev,integrated,separated,ws;lintim;SiouxFalls;SiouxFalls;True;False;1e-05;6000;1;2;20;50;200;-5;50;0.75;2;55;50;10;10;16;1102;1102
12306540;103;g_000;1;1;38;line_consecutive;0.5;1103;2;27;9-10;7,9;51773.55;52406.859999992805;52726.58999999839;52726.5899999984;633.3099999928017;319.73000000558386;319.7300000055984;eev,integrated,separated,ws;lintim;SiouxFalls;SiouxFalls;True;False;1e-05;6000;1;2;20;50;200;-5;50;0.75;2;55;50;10;10;16;1103;1103
12306540;104;g_000;1;1;38;line_consecutive;0.5;1104;2;28;3-12;8,12;51140.24;51140.24000000001;51140.23999999839;51140.23999999839;1.4551915228366852e-11;-1.622538547962904e-09;-1.622538547962904e-09;eev,integrated,separated,ws;lintim;SiouxFalls;SiouxFalls;True;False;1e-05;6000;1;2;20;50;200;-5;50;0.75;2;55;50;10;10;16;1104;1104
12306540;105;g_000;1;1;38;line_consecutive;0.5;1105;2;29;5-6;9;51271.23999999541;51402.240000000005;52420.23999999839;52420.23999999839;131.0000000045984;1017.9999999983849;1017.9999999983849;eev,integrated,separated,ws;lintim;SiouxFalls;SiouxFalls;True;False;1e-05;6000;1;2;20;50;200;-5;50;0.75;2;55;50;10;10;16;1105;1105
12306540;106;g_000;1;1;38;line_consecutive;0.5;1106;2;30;15-19;9,13,14;51730.34999999999;52320.46000000001;53741.714999998265;53741.714999998265;590.1100000000151;1421.2549999982584;1421.2549999982584;eev,integrated,separated,ws;lintim;SiouxFalls;SiouxFalls;True;False;1e-05;6000;1;2;20;50;200;-5;50;0.75;2;55;50;10;10;16;1106;1106
12306540;107;g_000;1;1;38;line_consecutive;0.5;1107;2;31;20-22;11;51140.24000000012;51140.24000000001;51140.23999998155;51140.23999998155;-1.0913936421275139e-10;-1.845910446718335e-08;-1.845910446718335e-08;eev,integrated,separated,ws;lintim;SiouxFalls;SiouxFalls;True;False;1e-05;6000;1;2;20;50;200;-5;50;0.75;2;55;50;10;10;16;1107;1107
12306540;108;g_000;1;1;38;line_consecutive;0.5;1108;2;32;18-20;11;51140.24;51140.24000000485;51140.23999998507;51140.23999998508;4.853063728660345e-09;-1.9783328752964732e-08;-1.9768776837736368e-08;eev,integrated,separated,ws;lintim;SiouxFalls;SiouxFalls;True;False;1e-05;6000;1;2;20;50;200;-5;50;0.75;2;55;50;10;10;16;1108;1108
12306540;109;g_000;1;1;38;line_consecutive;0.5;1109;2;33;12-13;12;51140.23999995939;51140.24000000001;51140.23999999839;51140.23999999839;4.0621671359986073e-08;-1.622538547962904e-09;-1.622538547962904e-09;eev,integrated,separated,ws;lintim;SiouxFalls;SiouxFalls;True;False;1e-05;6000;1;2;20;50;200;-5;50;0.75;2;55;50;10;10;16;1109;1109
12306540;110;g_000;1;1;38;line_consecutive;0.5;1110;2;34;1-2;12;51140.240000000005;51140.24000000041;51140.23999999839;51140.23999999839;4.074536263942719e-10;-2.0227162167429924e-09;-2.0227162167429924e-09;eev,integrated,separated,ws;lintim;SiouxFalls;SiouxFalls;True;False;1e-05;6000;1;2;20;50;200;-5;50;0.75;2;55;50;10;10;16;1110;1110
12306540;111;g_000;1;1;38;line_consecutive;0.5;1111;2;35;21-22;13;51402.16;51664.08000000001;51710.22499999839;51710.22499999838;261.9200000000056;46.144999998381536;46.14499999837426;eev,integrated,separated,ws;lintim;SiouxFalls;SiouxFalls;True;False;1e-05;6000;1;2;20;50;200;-5;50;0.75;2;55;50;10;10;16;1111;1111
12306540;112;g_000;1;1;38;line_consecutive;0.5;1112;2;36;14-15;14;51307.5;51474.76;51600.3699999984;51600.3699999984;167.26000000000204;125.60999999839989;125.60999999839989;eev,integrated,separated,ws;lintim;SiouxFalls;SiouxFalls;True;False;1e-05;6000;1;2;20;50;200;-5;50;0.75;2;55;50;10;10;16;1112;1112
12306540;113;g_000;1;1;38;line_consecutive;0.5;1113;2;37;10-17;14;51307.5;51474.76;51600.3699999984;51600.3699999984;167.26000000000204;125.60999999839989;125.60999999839989;eev,integrated,separated,ws;lintim;SiouxFalls;SiouxFalls;True;False;1e-05;6000;1;2;20;50;200;-5;50;0.75;2;55;50;10;10;16;1113;1113
12306540;114;g_000;1;1;38;line_consecutive;0.5;1114;3;0;11-12;1,7,8;55805.34999999999;57063.36999999997;57437.59499999839;57437.59499999839;1258.0199999999822;374.22499999841966;374.22499999841966;eev,integrated,separated,ws;lintim;SiouxFalls;SiouxFalls;True;False;1e-05;6000;1;2;20;50;200;-5;100;0.75;2;55;50;10;10;16;1114;1114
12306540;115;g_000;1;1;38;line_consecutive;0.5;1115;3;1;10-11;1,7,10;55473.41999999994;56734.27999999996;58044.30499999841;58044.30499703082;1260.8600000000224;1310.0249999984444;1310.0249970308578;eev,integrated,separated,ws;lintim;SiouxFalls;SiouxFalls;True;False;1e-05;6000;1;2;20;50;200;-5;100;0.75;2;55;50;10;10;16;1115;1115
12306540;116;g_000;1;1;38;line_consecutive;0.5;1116;3;2;10-16;1,10;53485.15999999999;54170.00500000001;55920.93999999839;55920.93999999839;684.845000000023;1750.9349999983751;1750.9349999983751;eev,integrated,separated,ws;lintim;SiouxFalls;SiouxFalls;True;False;1e-05;6000;1;2;20;50;200;-5;100;0.75;2;55;50;10;10;16;1116;1116
12306540;117;g_000;1;1;38;line_consecutive;0.5;1117;3;3;16-18;1;52748.67999999999;53521.445;55216.8299999984;55216.82999999841;772.7650000000067;1695.384999998401;1695.3849999984086;eev,integrated,separated,ws;lintim;SiouxFalls;SiouxFalls;True;False;1e-05;6000;1;2;20;50;200;-5;100;0.75;2;55;50;10;10;16;1117;1117
12306540;118;g_000;1;1;38;line_consecutive;0.5;1118;3;4;2-6;2;58921.55499999999;60801.62;61702.8099999984;61702.8099999984;1880.0650000000096;901.1899999983945;901.1899999983945;eev,integrated,separated,ws;lintim;SiouxFalls;SiouxFalls;True;False;1e-05;6000;1;2;20;50;200;-5;100;0.75;2;55;50;10;10;16;1118;1118
12306540;119;g_000;1;1;38;line_consecutive;0.5;1119;3;5;6-8;2;57269.425;58215.32999993777;58779.6399999984;58779.639999998406;945.9049999377676;564.3100000606282;564.3100000606355;eev,integrated,separated,ws;lintim;SiouxFalls;SiouxFalls;True;False;1e-05;6000;1;2;20;50;200;-5;100;0.75;2;55;50;10;10;16;1119;1119
12306540;120;g_000;1;1;38;line_consecutive;0.5;1120;3;6;8-16;2,10,13;57220.72499999986;58362.380000000005;59573.35499999841;58810.01999998951;1141.6550000001444;1210.974999998405;447.6399999895075;eev,integrated,separated,ws;lintim;SiouxFalls;SiouxFalls;True;False;1e-05;6000;1;2;20;50;200;-5;100;0.75;2;55;50;10;10;16;1120;1120
12306540;121;g_000;1;1;38;line_consecutive;0.5;1121;3;7;16-17;2,13;56436.24;57344.130000000005;57945.21499999841;57889.19;907.8900000000068;601.0849999984057;545.0599999999977;eev,integrated,separated,ws;lintim;SiouxFalls;SiouxFalls;True;False;1e-05;6000;1;2;20;50;200;-5;100;0.75;2;55;50;10;10;16;1121;1121
12306540;122;g_000;1;1;38;line_consecutive;0.5;1122;3;8;17-19;2,13,14;60308.675;60993.635;61877.7699999984;61414.105318349895;684.9599999999991;884.1349999984013;420.4703183498932;eev,integrated,separated,ws;lintim;SiouxFalls;SiouxFalls;True;False;1e-05;6000;1;2;20;50;200;-5;100;0.75;2;55;50;10;10;16;1122;1122
12306540;123;g_000;1;1;38;line_consecutive;0.5;1123;3;9;19-20;2;57616.3;58598.405000000006;59162.7149999984;59162.7149999984;982.1050000000032;564.309999998397;564.309999998397;eev,integrated,separated,ws;lintim;SiouxFalls;SiouxFalls;True;False;1e-05;6000;1;2;20;50;200;-5;100;0.75;2;55;50;10;10;16;1123;1123
12306540;124;g_000;1;1;38;line_consecutive;0.5;1124;3;10;3-4;3,4;55065.45999999999;55980.80499999865;57075.834999986255;57075.83499998431;915.3449999986552;1095.029999987608;1095.0299999856652;eev,integrated,separated,ws;lintim;SiouxFalls;SiouxFalls;True;False;1e-05;6000;1;2;20;50;200;-5;100;0.75;2;55;50;10;10;16;1124;1124
12306540;125;g_000;1;1;38;line_consecutive;0.5;1125;3;11;4-5;3;51140.23999999999;51140.24000000339;51140.239999998405;51140.239999998405;3.3978722058236603e-09;-4.984030965715647e-09;-4.984030965715647e-09;eev,integrated,separated,ws;lintim;SiouxFalls;SiouxFalls;True;False;1e-05;6000;1;2;20;50;200;-5;100;0.75;2;55;50;10;10;16;1125;1125
12306540;126;g_000;1;1;38;line_consecutive;0.5;1126;3;12;5-9;3,9;51271.23999999999;51402.240000000005;52420.239999998405;52420.239999998405;131.00000000001455;1017.9999999983992;1017.9999999983992;eev,integrated,separated,ws;lintim;SiouxFalls;SiouxFalls;True;False;1e-05;6000;1;2;20;50;200;-5;100;0.75;2;55;50;10;10;16;1126;1126
12306540;127;g_000;1;1;38;line_consecutive;0.5;1127;3;13;8-9;3,7;51140.23999999999;51140.239999999954;51140.239999998405;51140.239999998405;-3.637978807091713e-11;-1.5497789718210695e-09;-1.5497789718210695e-09;eev,integrated,separated,ws;lintim;SiouxFalls;SiouxFalls;True;False;1e-05;6000;1;2;20;50;200;-5;100;0.75;2;55;50;10;10;16;1127;1127
12306540;128;g_000;1;1;38;line_consecutive;0.5;1128;3;14;7-8;3,7,11;51140.23999999999;51140.240000000005;51140.239999998405;51140.239999998405;1.4551915228366852e-11;-1.6007106751203535e-09;-1.6007106751203535e-09;eev,integrated,separated,ws;lintim;SiouxFalls;SiouxFalls;True;False;1e-05;6000;1;2;20;50;200;-5;100;0.75;2;55;50;10;10;16;1128;1128
12306540;129;g_000;1;1;38;line_consecutive;0.5;1129;3;15;7-18;3,11;51140.23999999999;51140.24;51140.239999998405;51140.239999998405;7.275957614183426e-12;-1.5934347175061703e-09;-1.5934347175061703e-09;eev,integrated,separated,ws;lintim;SiouxFalls;SiouxFalls;True;False;1e-05;6000;1;2;20;50;200;-5;100;0.75;2;55;50;10;10;16;1129;1129
12306540;130;g_000;1;1;38;line_consecutive;0.5;1130;3;16;1-3;4,8,12;58395.62000000009;58918.00000000001;59192.724999998405;59192.724999998405;522.3799999999173;274.72499999839783;274.72499999839783;eev,integrated,separated,ws;lintim;SiouxFalls;SiouxFalls;True;False;1e-05;6000;1;2;20;50;200;-5;100;0.75;2;55;50;10;10;16;1130;1130
12306540;131;g_000;1;1;38;line_consecutive;0.5;1131;3;17;4-11;4;54346.689999999726;55250.215;55779.5349999984;55779.5349999984;903.5250000002708;529.3199999984063;529.3199999984063;eev,integrated,separated,ws;lintim;SiouxFalls;SiouxFalls;True;False;1e-05;6000;1;2;20;50;200;-5;100;0.75;2;55;50;10;10;16;1131;1131
12306540;132;g_000;1;1;38;line_consecutive;0.5;1132;3;18;11-14;4,8,10;55715.62999999999;56294.27999999999;57293.0299999984;57293.029999998405;578.6500000000015;998.7499999984066;998.7499999984138;eev,integrated,separated,ws;lintim;SiouxFalls;SiouxFalls;True;False;1e-05;6000;1;2;20;50;200;-5;100;0.75;2;55;50;10;10;16;1132;1132
12306540;133;g_000;1;1;38;line_consecutive;0.5;1133;3;19;14-23;4,10;54841.90499999999;55396.175;56078.24499999841;56078.24499999841;554.2700000000114;682.0699999984063;682.0699999984063;eev,integrated,separated,ws;lintim;SiouxFalls;SiouxFalls;True;False;1e-05;6000;1;2;20;50;200;-5;100;0.75;2;55;50;10;10;16;1133;1133
12306540;134;g_000;1;1;38;line_consecutive;0.5;1134;3;20;23-24;4;54286.69999999999;55198.03000007588;55588.29499999841;55588.29499999841;911.33000007589;390.2649999225323;390.2649999225323;eev,integrated,separated,ws;lintim;SiouxFalls;SiouxFalls;True;False;1e-05;6000;1;2;20;50;200;-5;100;0.75;2;55;50;10;10;16;1134;1134
12306540;135;g_000;1;1;38;line_consecutive;0.5;1135;3;21;10-15;5,9;52049.83499999999;52180.835000000014;53427.9549999984;53427.95499999841;131.00000000002183;1247.1199999983874;1247.1199999983946;eev,integrated,separated,ws;lintim;SiouxFalls;SiouxFalls;True;False;1e-05;6000;1;2;20;50;200;-5;100;0.75;2;55;50;10;10;16;1135;1135
12306540;136;g_000;1;1;38;line_consecutive;0.5;1136;3;22;15-22;5,13;53051.30999999999;53051.31000000623;53051.3099999984;53051.30999999841;6.242771632969379e-09;-7.836206350475551e-09;-7.821654435247183e-09;eev,integrated,separated,ws;lintim;SiouxFalls;SiouxFalls;True;False;1e-05;6000;1;2;20;50;200;-5;100;0.75;2;55;50;10;10;16;1136;1136
12306540;137;g_000;1;1;38;line_consecutive;0.5;1137;3;23;22-23;5;51792.595;51792.59500000001;51792.59499998055;51792.59499998055;7.275957614183426e-12;-1.945591066032648e-08;-1.945591066032648e-08;eev,integrated,separated,ws;lintim;SiouxFalls;SiouxFalls;True;False;1e-05;6000;1;2;20;50;200;-5;100;0.75;2;55;50;10;10;16;1137;1137
12306540;138;g_000;1;1;38;line_consecutive;0.5;1138;3;24;13-24;6;53437.67;54608.21;55260.4099999984;55260.40999999841;1170.5400000000009;652.1999999984037;652.1999999984109;eev,integrated,separated,ws;lintim;SiouxFalls;SiouxFalls;True;False;1e-05;6000;1;2;20;50;200;-5;100;0.75;2;55;50;10;10;16;1138;1138
12306540;139;g_000;1;1;38;line_consecutive;0.5;1139;3;25;21-24;6;52808.19;53127.14000000001;53648.71499999841;53648.71499999841;318.9500000000044;521.5749999984037;521.5749999984037;eev,integrated,separated,ws;lintim;SiouxFalls;SiouxFalls;True;False;1e-05;6000;1;2;20;50;200;-5;100;0.75;2;55;50;10;10;16;1139;1139
12306540;140;g_000;1;1;38;line_consecutive;0.5;1140;3;26;20-21;6;52734.390000000014;53053.34000007013;53574.91499999841;53574.91499999841;318.9500000701155;521.574999928278;521.574999928278;eev,integrated,separated,ws;lintim;SiouxFalls;SiouxFalls;True;False;1e-05;6000;1;2;20;50;200;-5;100;0.75;2;55;50;10;10;16;1140;1140
12306540;141;g_000;1;1;38;line_consecutive;0.5;1141;3;27;9-10;7,9;51773.55;52406.86000000775;52726.5899999984;52726.58999993823;633.3100000077466;319.7299999906536;319.7299999304814;eev,integrated,separated,ws;lintim;SiouxFalls;SiouxFalls;True;False;1e-05;6000;1;2;20;50;200;-5;100;0.75;2;55;50;10;10;16;1141;1141
12306540;142;g_000;1;1;38;line_consecutive;0.5;1142;3;28;3-12;8,12;51140.23999999999;51140.240000000005;51140.239999998405;51140.239999998405;1.4551915228366852e-11;-1.6007106751203535e-09;-1.6007106751203535e-09;eev,integrated,separated,ws;lintim;SiouxFalls;SiouxFalls;True;False;1e-05;6000;1;2;20;50;200;-5;100;0.75;2;55;50;10;10;16;1142;1142
12306540;143;g_000;1;1;38;line_consecutive;0.5;1143;3;29;5-6;9;51271.24;51402.24000000001;52420.239999998405;52420.239999998405;131.00000000001455;1017.999999998392;1017.999999998392;eev,integrated,separated,ws;lintim;SiouxFalls;SiouxFalls;True;False;1e-05;6000;1;2;20;50;200;-5;100;0.75;2;55;50;10;10;16;1143;1143
12306540;144;g_000;1;1;38;line_consecutive;0.5;1144;3;30;15-19;9,13,14;51730.34999999999;52320.459999997474;53741.71499999841;53741.71499999841;590.1099999974831;1421.255000000936;1421.255000000936;eev,integrated,separated,ws;lintim;SiouxFalls;SiouxFalls;True;False;1e-05;6000;1;2;20;50;200;-5;100;0.75;2;55;50;10;10;16;1144;1144
12306540;145;g_000;1;1;38;line_consecutive;0.5;1145;3;31;20-22;11;51140.240000001846;51140.24;51140.23999998171;51140.23999998171;-1.8480932340025902e-09;-1.8284481484442953e-08;-1.8284481484442953e-08;eev,integrated,separated,ws;lintim;SiouxFalls;SiouxFalls;True;False;1e-05;6000;1;2;20;50;200;-5;100;0.75;2;55;50;10;10;16;1145;1145
12306540;146;g_000;1;1;38;line_consecutive;0.5;1146;3;32;18-20;11;51140.23999999999;51140.24000000824;51140.23999998497;51140.23999998498;8.250935934484005e-09;-2.32685124501586e-08;-2.3261236492544413e-08;eev,integrated,separated,ws;lintim;SiouxFalls;SiouxFalls;True;False;1e-05;6000;1;2;20;50;200;-5;100;0.75;2;55;50;10;10;16;1146;1146
12306540;147;g_000;1;1;38;line_consecutive;0.5;1147;3;33;12-13;12;51140.23999999999;51140.24000000001;51140.239999998405;51140.239999998405;2.182787284255028e-11;-1.6079866327345371e-09;-1.6079866327345371e-09;eev,integrated,separated,ws;lintim;SiouxFalls;SiouxFalls;True;False;1e-05;6000;1;2;20;50;200;-5;100;0.75;2;55;50;10;10;16;1147;1147
12306540;148;g_000;1;1;38;line_consecutive;0.5;1148;3;34;1-2;12;51140.23999999999;51140.24000000001;51140.239999998405;51140.239999998405;2.182787284255028e-11;-1.6079866327345371e-09;-1.6079866327345371e-09;eev,integrated,separated,ws;lintim;SiouxFalls;SiouxFalls;True;False;1e-05;6000;1;2;20;50;200;-5;100;0.75;2;55;50;10;10;16;1148;1148
12306540;149;g_000;1;1;38;line_consecutive;0.5;1149;3;35;21-22;13;51402.15999999999;51664.08;51710.224999998405;51710.224999998405;261.9200000000128;46.14499999840336;46.14499999840336;eev,integrated,separated,ws;lintim;SiouxFalls;SiouxFalls;True;False;1e-05;6000;1;2;20;50;200;-5;100;0.75;2;55;50;10;10;16;1149;1149
12306540;150;g_000;1;1;38;line_consecutive;0.5;1150;3;36;14-15;14;51307.5;51474.76;51600.369999996125;51600.369999996125;167.26000000000204;125.6099999961225;125.6099999961225;eev,integrated,separated,ws;lintim;SiouxFalls;SiouxFalls;True;False;1e-05;6000;1;2;20;50;200;-5;100;0.75;2;55;50;10;10;16;1150;1150
12306540;151;g_000;1;1;38;line_consecutive;0.5;1151;3;37;10-17;14;51307.5;51474.76000000001;51600.36999999841;51600.36999999841;167.2600000000093;125.60999999839989;125.60999999839989;eev,integrated,separated,ws;lintim;SiouxFalls;SiouxFalls;True;False;1e-05;6000;1;2;20;50;200;-5;100;0.75;2;55;50;10;10;16;1151;1151
12306540;152;g_000;1;1;38;line_consecutive;0.5;1152;4;0;11-12;1,7,8;54872.32799999729;56162.044000000285;56210.76399999808;56210.76399999808;1289.716000002998;48.71999999779655;48.71999999779655;eev,integrated,separated,ws;lintim;SiouxFalls;SiouxFalls;True;False;1e-05;6000;1;2;20;50;200;-5;200;0.75;2;55;50;10;10;16;1152;1152
12306540;153;g_000;1;1;38;line_consecutive;0.5;1153;4;1;10-11;1,7,10;54606.78399999999;55890.30799999999;56696.13199999808;56696.13199999808;1283.5239999999976;805.823999998087;805.823999998087;eev,integrated,separated,ws;lintim;SiouxFalls;SiouxFalls;True;False;1e-05;6000;1;2;20;50;200;-5;200;0.75;2;55;50;10;10;16;1153;1153
12306540;154;g_000;1;1;38;line_consecutive;0.5;1154;4;2;10-16;1,10;53016.17599999999;53801.4;54997.43999999809;54997.439999998096;785.2240000000093;1196.0399999980873;1196.0399999980946;eev,integrated,separated,ws;lintim;SiouxFalls;SiouxFalls;True;False;1e-05;6000;1;2;20;50;200;-5;200;0.75;2;55;50;10;10;16;1154;1154
12306540;155;g_000;1;1;38;line_consecutive;0.5;1155;4;3;16-18;1;52426.99199999999;53460.29999999997;54434.15199999809;54434.15199999809;1033.3079999999754;973.8519999981218;973.8519999981218;eev,integrated,separated,ws;lintim;SiouxFalls;SiouxFalls;True;False;1e-05;6000;1;2;20;50;200;-5;200;0.75;2;55;50;10;10;16;1155;1155
12306540;156;g_000;1;1;38;line_consecutive;0.5;1156;4;4;2-6;2;57365.292;59273.95199999999;59700.04799999809;59700.04799999809;1908.659999999989;426.0959999980987;426.0959999980987;eev,integrated,separated,ws;lintim;SiouxFalls;SiouxFalls;True;False;1e-05;6000;1;2;20;50;200;-5;200;0.75;2;55;50;10;10;16;1156;1156
12306540;157;g_000;1;1;38;line_consecutive;0.5;1157;4;5;6-8;2;56043.58799999999;56983.216;57251.75999999809;57251.75999999809;939.6280000000116;268.5439999980881;268.5439999980881;eev,integrated,separated,ws;lintim;SiouxFalls;SiouxFalls;True;False;1e-05;6000;1;2;20;50;200;-5;200;0.75;2;55;50;10;10;16;1157;1157
12306540;158;g_000;1;1;38;line_consecutive;0.5;1158;4;6;8-16;2,10,13;56004.62799999992;57238.96800015925;57886.73199999809;57487.196;1234.3400001593327;647.7639998388404;248.2279998407539;eev,integrated,separated,ws;lintim;SiouxFalls;SiouxFalls;True;False;1e-05;6000;1;2;20;50;200;-5;200;0.75;2;55;50;10;10;16;1158;1158
12306540;159;g_000;1;1;38;line_consecutive;0.5;1159;4;7;16-17;2,13;55377.03999999999;56315.67599999999;56584.219999998095;56584.219999998095;938.6359999999986;268.54399999810266;268.54399999810266;eev,integrated,separated,ws;lintim;SiouxFalls;SiouxFalls;True;False;1e-05;6000;1;2;20;50;200;-5;200;0.75;2;55;50;10;10;16;1159;1159
12306540;160;g_000;1;1;38;line_consecutive;0.5;1160;4;8;17-19;2,13,14;58474.98799999999;59296.94000000001;59730.26399999809;59696.679998335865;821.9520000000193;433.32399999807967;399.7399983358555;eev,integrated,separated,ws;lintim;SiouxFalls;SiouxFalls;True;False;1e-05;6000;1;2;20;50;200;-5;200;0.75;2;55;50;10;10;16;1160;1160
12306540;161;g_000;1;1;38;line_consecutive;0.5;1161;4;9;19-20;2;56321.08800002645;57289.676;57558.21999999809;57558.21999999809;968.587999973548;268.5439999980881;268.5439999980881;eev,integrated,separated,ws;lintim;SiouxFalls;SiouxFalls;True;False;1e-05;6000;1;2;20;50;200;-5;200;0.75;2;55;50;10;10;16;1161;1161
12306540;162;g_000;1;1;38;line_consecutive;0.5;1162;4;10;3-4;3,4;54280.41599999999;55239.971999999405;55888.71599999809;55888.71599999809;959.5559999994148;648.7439999986818;648.7439999986818;eev,integrated,separated,ws;lintim;SiouxFalls;SiouxFalls;True;False;1e-05;6000;1;2;20;50;200;-5;200;0.75;2;55;50;10;10;16;1162;1162
12306540;163;g_000;1;1;38;line_consecutive;0.5;1163;4;11;4-5;3;51140.23999999999;51140.23999999999;51140.23999999808;51140.23999999808;0.0;-1.913576852530241e-09;-1.913576852530241e-09;eev,integrated,separated,ws;lintim;SiouxFalls;SiouxFalls;True;False;1e-05;6000;1;2;20;50;200;-5;200;0.75;2;55;50;10;10;16;1163;1163
12306540;164;g_000;1;1;38;line_consecutive;0.5;1164;4;12;5-9;3,9;51245.03999999999;51402.23999999999;52164.23999999808;52164.23999999808;157.1999999999971;761.9999999980864;761.9999999980864;eev,integrated,separated,ws;lintim;SiouxFalls;SiouxFalls;True;False;1e-05;6000;1;2;20;50;200;-5;200;0.75;2;55;50;10;10;16;1164;1164
12306540;165;g_000;1;1;38;line_consecutive;0.5;1165;4;13;8-9;3,7;51140.23999999999;51140.23999999999;51140.23999999808;51140.23999999808;0.0;-1.913576852530241e-09;-1.913576852530241e-09;eev,integrated,separated,ws;lintim;SiouxFalls;SiouxFalls;True;False;1e-05;6000;1;2;20;50;200;-5;200;0.75;2;55;50;10;10;16;1165;1165
12306540;166;g_000;1;1;38;line_consecutive;0.5;1166;4;14;7-8;3,7,11;51140.23999999999;51140.24;51140.23999999808;51140.23999999808;7.275957614183426e-12;-1.920852810144424e-09;-1.920852810144424e-09;eev,integrated,separated,ws;lintim;SiouxFalls;SiouxFalls;True;False;1e-05;6000;1;2;20;50;200;-5;200;0.75;2;55;50;10;10;16;1166;1166
12306540;167;g_000;1;1;38;line_consecutive;0.5;1167;4;15;7-18;3,11;51140.23999999999;51140.24;51140.23999999808;51140.23999999808;7.275957614183426e-12;-1.920852810144424e-09;-1.920852810144424e-09;eev,integrated,separated,ws;lintim;SiouxFalls;SiouxFalls;True;False;1e-05;6000;1;2;20;50;200;-5;200;0.75;2;55;50;10;10;16;1167;1167
12306540;168;g_000;1;1;38;line_consecutive;0.5;1168;4;16;1-3;4,8,12;56944.544;57533.508;57582.22799999809;57582.22799999809;588.9639999999999;48.71999999808759;48.71999999808759;eev,integrated,separated,ws;lintim;SiouxFalls;SiouxFalls;True;False;1e-05;6000;1;2;20;50;200;-5;200;0.75;2;55;50;10;10;16;1168;1168
12306540;169;g_000;1;1;38;line_consecutive;0.5;1169;4;17;4-11;4;53705.4000000046;54653.168000000165;54851.675999998086;54851.675999998086;947.7679999955652;198.5079999979207;198.5079999979207;eev,integrated,separated,ws;lintim;SiouxFalls;SiouxFalls;True;False;1e-05;6000;1;2;20;50;200;-5;200;0.75;2;55;50;10;10;16;1169;1169
12306540;170;g_000;1;1;38;line_consecutive;0.5;1170;4;18;11-14;4,8,10;54800.55199999999;55485.17999999088;56062.47199999809;56062.47199999809;684.6279999908948;577.2920000072045;577.2920000072045;eev,integrated,separated,ws;lintim;SiouxFalls;SiouxFalls;True;False;1e-05;6000;1;2;20;50;200;-5;200;0.75;2;55;50;10;10;16;1170;1170
12306540;171;g_000;1;1;38;line_consecutive;0.5;1171;4;19;14-23;4,10;54101.57199999999;54766.69599999999;55090.64399999809;55090.64399999808;665.1239999999962;323.94799999809766;323.9479999980904;eev,integrated,separated,ws;lintim;SiouxFalls;SiouxFalls;True;False;1e-05;6000;1;2;20;50;200;-5;200;0.75;2;55;50;10;10;16;1171;1171
12306540;172;g_000;1;1;38;line_consecutive;0.5;1172;4;20;23-24;4;53657.408;54530.2919999993;54698.68399999809;54698.68399999809;872.8839999992997;168.39199999878474;168.39199999878474;eev,integrated,separated,ws;lintim;SiouxFalls;SiouxFalls;True;False;1e-05;6000;1;2;20;50;200;-5;200;0.75;2;55;50;10;10;16;1172;1172
12306540;173;g_000;1;1;38;line_consecutive;0.5;1173;4;21;10-15;5,9;51867.916;52025.116;52970.41199999809;52970.41199999809;157.20000000000437;945.2959999980884;945.2959999980884;eev,integrated,separated,ws;lintim;SiouxFalls;SiouxFalls;True;False;1e-05;6000;1;2;20;50;200;-5;200;0.75;2;55;50;10;10;16;1173;1173
12306540;174;g_000;1;1;38;line_consecutive;0.5;1174;4;22;15-22;5,13;52669.096;52669.09599999999;52669.09599999808;52669.09599999808;-7.275957614183426e-12;-1.913576852530241e-09;-1.913576852530241e-09;eev,integrated,separated,ws;lintim;SiouxFalls;SiouxFalls;True;False;1e-05;6000;1;2;20;50;200;-5;200;0.75;2;55;50;10;10;16;1174;1174
12306540;175;g_000;1;1;38;line_consecutive;0.5;1175;4;23;22-23;5;51661.95199999999;51662.12399999999;51662.12399999809;51662.12399999809;0.1719999999986612;-1.899024937301874e-09;-1.899024937301874e-09;eev,integrated,separated,ws;lintim;SiouxFalls;SiouxFalls;True;False;1e-05;6000;1;2;20;50;200;-5;200;0.75;2;55;50;10;10;16;1175;1175
12306540;176;g_000;1;1;38;line_consecutive;0.5;1176;4;24;13-24;6;52978.184;54104.43199999999;54436.37599999809;54436.3759999981;1126.2479999999923;331.94399999809684;331.9439999981041;eev,integrated,separated,ws;lintim;SiouxFalls;SiouxFalls;True;False;1e-05;6000;1;2;20;50;200;-5;200;0.75;2;55;50;10;10;16;1176;1176
12306540;177;g_000;1;1;38;line_consecutive;0.5;1177;4;25;21-24;6;52474.59999999999;52857.34000000001;53147.01999999808;53147.01999999809;382.7400000000198;289.67999999807216;289.67999999807944;eev,integrated,separated,ws;lintim;SiouxFalls;SiouxFalls;True;False;1e-05;6000;1;2;20;50;200;-5;200;0.75;2;55;50;10;10;16;1177;1177
12306540;178;g_000;1;1;38;line_consecutive;0.5;1178;4;26;20-21;6;52415.56;52798.300000000025;53087.97999999809;53087.97999999809;382.7400000000271;289.6799999980649;289.6799999980649;eev,integrated,separated,ws;lintim;SiouxFalls;SiouxFalls;True;False;1e-05;6000;1;2;20;50;200;-5;200;0.75;2;55;50;10;10;16;1178;1178
12306540;179;g_000;1;1;38;line_consecutive;0.5;1179;4;27;9-10;7,9;51646.88799999999;52368.30799999351;52409.319999998086;52409.319999998086;721.4199999935154;41.01200000457902;41.01200000457902;eev,integrated,separated,ws;lintim;SiouxFalls;SiouxFalls;True;False;1e-05;6000;1;2;20;50;200;-5;200;0.75;2;55;50;10;10;16;1179;1179
12306540;180;g_000;1;1;38;line_consecutive;0.5;1180;4;28;3-12;8,12;51140.23999999999;51140.23999999999;51140.23999999808;51140.23999999808;0.0;-1.913576852530241e-09;-1.913576852530241e-09;eev,integrated,separated,ws;lintim;SiouxFalls;SiouxFalls;True;False;1e-05;6000;1;2;20;50;200;-5;200;0.75;2;55;50;10;10;16;1180;1180
12306540;181;g_000;1;1;38;line_consecutive;0.5;1181;4;29;5-6;9;51245.040000043744;51402.24;52164.23999999808;52164.23999999808;157.19999995625403;761.9999999980791;761.9999999980791;eev,integrated,separated,ws;lintim;SiouxFalls;SiouxFalls;True;False;1e-05;6000;1;2;20;50;200;-5;200;0.75;2;55;50;10;10;16;1181;1181
12306540;182;g_000;1;1;38;line_consecutive;0.5;1182;4;30;15-19;9,13,14;51612.328;52320.46000000001;53221.42000000243;53221.42000000243;708.1320000000051;900.960000002422;900.960000002422;eev,integrated,separated,ws;lintim;SiouxFalls;SiouxFalls;True;False;1e-05;6000;1;2;20;50;200;-5;200;0.75;2;55;50;10;10;16;1182;1182
12306540;183;g_000;1;1;38;line_consecutive;0.5;1183;4;31;20-22;11;51140.24;51140.24;51140.239999984704;51140.239999984704;0.0;-1.529406290501356e-08;-1.529406290501356e-08;eev,integrated,separated,ws;lintim;SiouxFalls;SiouxFalls;True;False;1e-05;6000;1;2;20;50;200;-5;200;0.75;2;55;50;10;10;16;1183;1183
12306540;184;g_000;1;1;38;line_consecutive;0.5;1184;4;32;18-20;11;51140.23999999999;51140.24;51140.23999998722;51140.23999998722;7.275957614183426e-12;-1.2776581570506096e-08;-1.2776581570506096e-08;eev,integrated,separated,ws;lintim;SiouxFalls;SiouxFalls;True;False;1e-05;6000;1;2;20;50;200;-5;200;0.75;2;55;50;10;10;16;1184;1184
12306540;185;g_000;1;1;38;line_consecutive;0.5;1185;4;33;12-13;12;51140.23999999479;51140.23999999999;51140.23999999808;51140.23999999808;5.2023096941411495e-09;-1.913576852530241e-09;-1.913576852530241e-09;eev,integrated,separated,ws;lintim;SiouxFalls;SiouxFalls;True;False;1e-05;6000;1;2;20;50;200;-5;200;0.75;2;55;50;10;10;16;1185;1185
12306540;186;g_000;1;1;38;line_consecutive;0.5;1186;4;34;1-2;12;51140.23999999999;51140.24;51140.23999999808;51140.23999999808;7.275957614183426e-12;-1.920852810144424e-09;-1.920852810144424e-09;eev,integrated,separated,ws;lintim;SiouxFalls;SiouxFalls;True;False;1e-05;6000;1;2;20;50;200;-5;200;0.75;2;55;50;10;10;16;1186;1186
12306540;187;g_000;1;1;38;line_consecutive;0.5;1187;4;35;21-22;13;51349.77599999999;51596.22799999996;51596.22799999809;51596.22799999809;246.4519999999684;-1.86992110684514e-09;-1.86992110684514e-09;eev,integrated,separated,ws;lintim;SiouxFalls;SiouxFalls;True;False;1e-05;6000;1;2;20;50;200;-5;200;0.75;2;55;50;10;10;16;1187;1187
12306540;188;g_000;1;1;38;line_consecutive;0.5;1188;4;36;14-15;14;51274.048;51474.76;51508.34399999809;51508.34399999808;200.71199999999956;33.583999998088984;33.58399999807443;eev,integrated,separated,ws;lintim;SiouxFalls;SiouxFalls;True;False;1e-05;6000;1;2;20;50;200;-5;200;0.75;2;55;50;10;10;16;1188;1188
12306540;189;g_000;1;1;38;line_consecutive;0.5;1189;4;37;10-17;14;51274.04799999999;51474.76;51508.34399999809;51508.34399999808;200.7120000000141;33.583999998088984;33.58399999807443;eev,integrated,separated,ws;lintim;SiouxFalls;SiouxFalls;True;False;1e-05;6000;1;2;20;50;200;-5;200;0.75;2;55;50;10;10;16;1189;1189
12306540;190;g_000;2;1;42;line_consecutive;0.5;1190;5;0;10-11,11-12;1,7;53757.192;54230.132000000034;54882.3069999992;54882.30699999946;472.9400000000314;652.1749999991662;652.1749999994281;eev,integrated,separated,ws;lintim;SiouxFalls;SiouxFalls;True;False;1e-05;6000;1;2;20;50;200;-5;10;0.75;2;55;50;10;10;16;1190;1190
12306540;191;g_000;2;1;42;line_consecutive;0.5;1191;5;1;10-11,10-16;1,10;54514.11499999992;55226.02000000001;56165.72199999973;56165.722;711.9050000000934;939.701999999721;939.7019999999902;eev,integrated,separated,ws;lintim;SiouxFalls;SiouxFalls;True;False;1e-05;6000;1;2;20;50;200;-5;10;0.75;2;55;50;10;10;16;1191;1191
12306540;192;g_000;2;1;42;line_consecutive;0.5;1192;5;2;10-16,16-18;1;52975.765;53837.22000000001;55286.14498594973;55286.144985949984;861.455000000009;1448.9249859497213;1448.924985949976;eev,integrated,separated,ws;lintim;SiouxFalls;SiouxFalls;True;False;1e-05;6000;1;2;20;50;200;-5;10;0.75;2;55;50;10;10;16;1192;1192
12306540;193;g_000;2;1;42;line_consecutive;0.5;1193;5;3;2-6,6-8;2;52094.34;52720.29499999991;54378.68499999973;54378.685;625.9549999999144;1658.3899999998175;1658.3900000000867;eev,integrated,separated,ws;lintim;SiouxFalls;SiouxFalls;True;False;1e-05;6000;1;2;20;50;200;-5;10;0.75;2;55;50;10;10;16;1193;1193
12306540;194;g_000;2;1;42;line_consecutive;0.5;1194;5;4;6-8,8-16;2;53941.77;54333.50000000001;54734.774999999725;54734.775;391.7300000000105;401.2749999997177;401.2749999999942;eev,integrated,separated,ws;lintim;SiouxFalls;SiouxFalls;True;False;1e-05;6000;1;2;20;50;200;-5;10;0.75;2;55;50;10;10;16;1194;1194
12306540;195;g_000;2;1;42;line_consecutive;0.5;1195;5;5;8-16,16-17;2,13;53941.770000000535;54333.50000000001;54734.77499999973;54734.775;391.72999999947206;401.27499999972497;401.2749999999942;eev,integrated,separated,ws;lintim;SiouxFalls;SiouxFalls;True;False;1e-05;6000;1;2;20;50;200;-5;10;0.75;2;55;50;10;10;16;1195;1195
12306540;196;g_000;2;1;42;line_consecutive;0.5;1196;5;6;16-17,17-19;2,13;54504.560000000085;54907.210000000014;55956.48999999973;55524.15499999948;402.6499999999287;1049.279999999715;616.9449999994686;eev,integrated,separated,ws;lintim;SiouxFalls;SiouxFalls;True;False;1e-05;6000;1;2;20;50;200;-5;10;0.75;2;55;50;10;10;16;1196;1196
12306540;197;g_000;2;1;42;line_consecutive;0.5;1197;5;7;17-19,19-20;2;54147.56999999999;54476.04000000001;55250.17499999973;55250.175;328.4700000000157;774.1349999997183;774.1349999999948;eev,integrated,separated,ws;lintim;SiouxFalls;SiouxFalls;True;False;1e-05;6000;1;2;20;50;200;-5;10;0.75;2;55;50;10;10;16;1197;1197
12306540;198;g_000;2;1;42;line_consecutive;0.5;1198;5;8;3-4,4-5;3;55103.821;55561.6295;56441.07549999973;56008.7405;457.8084999999992;879.4459999997271;447.1109999999972;eev,integrated,separated,ws;lintim;SiouxFalls;SiouxFalls;True;False;1e-05;6000;1;2;20;50;200;-5;10;0.75;2;55;50;10;10;16;1198;1198
12306540;199;g_000;2;1;42;line_consecutive;0.5;1199;5;9;4-5,5-9;3;53941.77;54333.5;54734.77499999973;54734.775;391.7300000000032;401.2749999997322;401.2750000000015;eev,integrated,separated,ws;lintim;SiouxFalls;SiouxFalls;True;False;1e-05;6000;1;2;20;50;200;-5;10;0.75;2;55;50;10;10;16;1199;1199
12306540;200;g_000;2;1;42;line_consecutive;0.5;1200;5;10;5-9,8-9;3;53084.144999999975;53880.670000000006;54726.67499999973;54726.67499999999;796.5250000000306;846.0049999997209;846.0049999999828;eev,integrated,separated,ws;lintim;SiouxFalls;SiouxFalls;True;False;1e-05;6000;1;2;20;50;200;-5;10;0.75;2;55;50;10;10;16;1200;1200
12306540;201;g_000;2;1;42;line_consecutive;0.5;1201;5;11;7-8,8-9;3,7;50928.37999999999;50928.379999999735;50928.37999999973;50928.37999999999;-2.5465851649641985e-10;-7.275957614183426e-12;2.5465851649641985e-10;eev,integrated,separated,ws;lintim;SiouxFalls;SiouxFalls;True;False;1e-05;6000;1;2;20;50;200;-5;10;0.75;2;55;50;10;10;16;1201;1201
12306540;202;g_000;2;1;42;line_consecutive;0.5;1202;5;12;7-8,7-18;3,11;51019.11999999999;51109.86000000001;51547.63999999973;51547.64;90.7400000000198;437.7799999997224;437.7799999999916;eev,integrated,separated,ws;lintim;SiouxFalls;SiouxFalls;True;False;1e-05;6000;1;2;20;50;200;-5;10;0.75;2;55;50;10;10;16;1202;1202
12306540;203;g_000;2;1;42;line_consecutive;0.5;1203;5;13;1-3,3-4;4;50928.37999999999;50928.38;50928.37999999973;50928.37999999999;7.275957614183426e-12;-2.692104317247868e-10;-7.275957614183426e-12;eev,integrated,separated,ws;lintim;SiouxFalls;SiouxFalls;True;False;1e-05;6000;1;2;20;50;200;-5;10;0.75;2;55;50;10;10;16;1203;1203
12306540;204;g_000;2;1;42;line_consecutive;0.5;1204;5;14;3-4,4-11;4;50928.37999999999;50928.380000000005;50928.37999999973;50928.37999999999;1.4551915228366852e-11;-2.764863893389702e-10;-1.4551915228366852e-11;eev,integrated,separated,ws;lintim;SiouxFalls;SiouxFalls;True;False;1e-05;6000;1;2;20;50;200;-5;10;0.75;2;55;50;10;10;16;1204;1204
12306540;205;g_000;2;1;42;line_consecutive;0.5;1205;5;15;4-11,11-14;4;50928.379999998266;50928.380000000005;50928.37999999973;50928.38000000059;1.7389538697898386e-09;-2.764863893389702e-10;5.820766091346741e-10;eev,integrated,separated,ws;lintim;SiouxFalls;SiouxFalls;True;False;1e-05;6000;1;2;20;50;200;-5;10;0.75;2;55;50;10;10;16;1205;1205
12306540;206;g_000;2;1;42;line_consecutive;0.5;1206;5;16;11-14,14-23;4,10;55105.995;55592.88000000001;55809.21499999972;55809.21499999972;486.8850000000093;216.3349999997081;216.3349999997081;eev,integrated,separated,ws;lintim;SiouxFalls;SiouxFalls;True;False;1e-05;6000;1;2;20;50;200;-5;10;0.75;2;55;50;10;10;16;1206;1206
12306540;207;g_000;2;1;42;line_consecutive;0.5;1207;5;17;14-23,23-24;4;53010.76999999999;53880.669999999554;54726.67499999973;54726.67499999967;869.8999999995649;846.005000000172;846.0050000001138;eev,integrated,separated,ws;lintim;SiouxFalls;SiouxFalls;True;False;1e-05;6000;1;2;20;50;200;-5;10;0.75;2;55;50;10;10;16;1207;1207
12306540;208;g_000;2;1;42;line_consecutive;0.5;1208;5;18;10-15,15-22;5;54541.92999999999;55187.40000000001;56283.34999999973;56283.34999999999;645.4700000000157;1095.9499999997206;1095.9499999999823;eev,integrated,separated,ws;lintim;SiouxFalls;SiouxFalls;True;False;1e-05;6000;1;2;20;50;200;-5;10;0.75;2;55;50;10;10;16;1208;1208
12306540;209;g_000;2;1;42;line_consecutive;0.5;1209;5;19;15-22,22-23;5;53531.35000000059;54383.405000000006;55239.439999999726;55239.44;852.0549999994182;856.0349999997197;856.0349999999962;eev,integrated,separated,ws;lintim;SiouxFalls;SiouxFalls;True;False;1e-05;6000;1;2;20;50;200;-5;10;0.75;2;55;50;10;10;16;1209;1209
12306540;210;g_000;2;1;42;line_consecutive;0.5;1210;5;20;13-24,21-24;6;53010.76999999999;53880.67000000001;54665.32499999973;54665.32499999966;869.9000000000233;784.6549999997151;784.6549999996496;eev,integrated,separated,ws;lintim;SiouxFalls;SiouxFalls;True;False;1e-05;6000;1;2;20;50;200;-5;10;0.75;2;55;50;10;10;16;1210;1210
12306540;211;g_000;2;1;42;line_consecutive;0.5;1211;5;21;20-21,21-24;6;51635.45000009552;51727.72;52142.82499999973;52142.824999999735;92.26999990447804;415.1049999997267;415.104999999734;eev,integrated,separated,ws;lintim;SiouxFalls;SiouxFalls;True;False;1e-05;6000;1;2;20;50;200;-5;10;0.75;2;55;50;10;10;16;1211;1211
12306540;212;g_000;2;1;42;line_consecutive;0.5;1212;5;22;9-10,10-11;7;51710.00499999999;51712.55500000001;52144.88999999973;52144.89;2.5500000000174623;432.3349999997226;432.3349999999919;eev,integrated,separated,ws;lintim;SiouxFalls;SiouxFalls;True;False;1e-05;6000;1;2;20;50;200;-5;10;0.75;2;55;50;10;10;16;1212;1212
12306540;213;g_000;2;1;42;line_consecutive;0.5;1213;5;23;8-9,9-10;7;51282.01;51387.49000000597;51391.35499999973;51391.355;105.48000000596949;3.864999993755191;3.8649999940316775;eev,integrated,separated,ws;lintim;SiouxFalls;SiouxFalls;True;False;1e-05;6000;1;2;20;50;200;-5;10;0.75;2;55;50;10;10;16;1213;1213
12306540;214;g_000;2;1;42;line_consecutive;0.5;1214;5;24;1-3,3-12;8,12;51965.37999999999;51965.38000000001;51965.37999999973;51965.37999999997;2.182787284255028e-11;-2.8376234695315356e-10;-4.365574568510056e-11;eev,integrated,separated,ws;lintim;SiouxFalls;SiouxFalls;True;False;1e-05;6000;1;2;20;50;200;-5;10;0.75;2;55;50;10;10;16;1214;1214
12306540;215;g_000;2;1;42;line_consecutive;0.5;1215;5;25;3-12,11-12;8;51965.37999999999;51965.38000003431;51965.37999999973;51965.37999999997;3.432069206610322e-08;-3.4582626540213823e-08;-3.434251993894577e-08;eev,integrated,separated,ws;lintim;SiouxFalls;SiouxFalls;True;False;1e-05;6000;1;2;20;50;200;-5;10;0.75;2;55;50;10;10;16;1215;1215
12306540;216;g_000;2;1;42;line_consecutive;0.5;1216;5;26;11-12,11-14;8;51965.37999999999;51965.38000000008;51965.37999999973;51965.37999999997;8.731149137020111e-11;-3.4924596548080444e-10;-1.0913936421275139e-10;eev,integrated,separated,ws;lintim;SiouxFalls;SiouxFalls;True;False;1e-05;6000;1;2;20;50;200;-5;10;0.75;2;55;50;10;10;16;1216;1216
12306540;217;g_000;2;1;42;line_consecutive;0.5;1217;5;27;5-6,5-9;9;51266.89999999905;51547.63999999967;51547.63999999973;51547.64;280.7400000006237;5.820766091346741e-11;3.2741809263825417e-10;eev,integrated,separated,ws;lintim;SiouxFalls;SiouxFalls;True;False;1e-05;6000;1;2;20;50;200;-5;10;0.75;2;55;50;10;10;16;1217;1217
12306540;218;g_000;2;1;42;line_consecutive;0.5;1218;5;28;5-9,9-10;9;50928.37999999798;50928.37999969554;50928.37999999883;50928.3799999991;-3.024397301487625e-07;3.032910171896219e-07;3.035602276213467e-07;eev,integrated,separated,ws;lintim;SiouxFalls;SiouxFalls;True;False;1e-05;6000;1;2;20;50;200;-5;10;0.75;2;55;50;10;10;16;1218;1218
12306540;219;g_000;2;1;42;line_consecutive;0.5;1219;5;29;9-10,10-15;9;51019.11999998819;51109.86000000001;51547.63999999973;51547.63999999999;90.7400000118214;437.7799999997224;437.7799999999843;eev,integrated,separated,ws;lintim;SiouxFalls;SiouxFalls;True;False;1e-05;6000;1;2;20;50;200;-5;10;0.75;2;55;50;10;10;16;1219;1219
12306540;220;g_000;2;1;42;line_consecutive;0.5;1220;5;30;10-15,15-19;9;51215.65999999976;51502.94;52448.88499999973;52448.885;287.28000000023894;945.9449999997304;945.9449999999996;eev,integrated,separated,ws;lintim;SiouxFalls;SiouxFalls;True;False;1e-05;6000;1;2;20;50;200;-5;10;0.75;2;55;50;10;10;16;1220;1220
12306540;221;g_000;2;1;42;line_consecutive;0.5;1221;5;31;8-16,10-16;10;50928.37999999999;50928.380000000005;50928.37999999973;50928.37999999999;1.4551915228366852e-11;-2.764863893389702e-10;-1.4551915228366852e-11;eev,integrated,separated,ws;lintim;SiouxFalls;SiouxFalls;True;False;1e-05;6000;1;2;20;50;200;-5;10;0.75;2;55;50;10;10;16;1221;1221
12306540;222;g_000;2;1;42;line_consecutive;0.5;1222;5;32;10-11,11-14;10;50928.3800000011;50928.38000000002;50928.37999999973;50928.37999999999;-1.0841176845133303e-09;-2.9103830456733704e-10;-2.9103830456733704e-11;eev,integrated,separated,ws;lintim;SiouxFalls;SiouxFalls;True;False;1e-05;6000;1;2;20;50;200;-5;10;0.75;2;55;50;10;10;16;1222;1222
12306540;223;g_000;2;1;42;line_consecutive;0.5;1223;5;33;18-20,20-22;11;50928.37999999192;50928.38;50928.37999999973;50928.38;8.076312951743603e-09;-2.692104317247868e-10;0.0;eev,integrated,separated,ws;lintim;SiouxFalls;SiouxFalls;True;False;1e-05;6000;1;2;20;50;200;-5;10;0.75;2;55;50;10;10;16;1223;1223
12306540;224;g_000;2;1;42;line_consecutive;0.5;1224;5;34;7-18,18-20;11;50928.37999996878;50928.379999999735;50928.379999999335;50928.37999999961;3.0951923690736294e-08;-4.0017766878008837e-10;-1.2369127944111824e-10;eev,integrated,separated,ws;lintim;SiouxFalls;SiouxFalls;True;False;1e-05;6000;1;2;20;50;200;-5;10;0.75;2;55;50;10;10;16;1224;1224
12306540;225;g_000;2;1;42;line_consecutive;0.5;1225;5;35;3-12,12-13;12;50930.92999999999;50933.48000000556;51365.814999999726;51365.815;2.550000005569018;432.3349999941638;432.3349999944403;eev,integrated,separated,ws;lintim;SiouxFalls;SiouxFalls;True;False;1e-05;6000;1;2;20;50;200;-5;10;0.75;2;55;50;10;10;16;1225;1225
12306540;226;g_000;2;1;42;line_consecutive;0.5;1226;5;36;1-2,1-3;12;51058.85999999999;51189.34;51394.40999999973;51394.41;130.4800000000032;205.0699999997305;205.07000000000696;eev,integrated,separated,ws;lintim;SiouxFalls;SiouxFalls;True;False;1e-05;6000;1;2;20;50;200;-5;10;0.75;2;55;50;10;10;16;1226;1226
12306540;227;g_000;2;1;42;line_consecutive;0.5;1227;5;37;15-19,17-19;13,14;51058.85999999999;51189.34;51394.40999999896;51394.40999999922;130.4800000000032;205.06999999896647;205.0699999992212;eev,integrated,separated,ws;lintim;SiouxFalls;SiouxFalls;True;False;1e-05;6000;1;2;20;50;200;-5;10;0.75;2;55;50;10;10;16;1227;1227
12306540;228;g_000;2;1;42;line_consecutive;0.5;1228;5;38;15-19,15-22;13;54322.95440000001;54797.6044;55673.09239999909;55673.09239999936;474.6499999999869;875.4879999990953;875.4879999993645;eev,integrated,separated,ws;lintim;SiouxFalls;SiouxFalls;True;False;1e-05;6000;1;2;20;50;200;-5;10;0.75;2;55;50;10;10;16;1228;1228
12306540;229;g_000;2;1;42;line_consecutive;0.5;1229;5;39;15-22,21-22;13;55231.2619999999;55883.18800000002;57213.19039999973;56865.1724;651.9260000001159;1330.0023999997138;981.9843999999866;eev,integrated,separated,ws;lintim;SiouxFalls;SiouxFalls;True;False;1e-05;6000;1;2;20;50;200;-5;10;0.75;2;55;50;10;10;16;1229;1229
12306540;230;g_000;2;1;42;line_consecutive;0.5;1230;5;40;14-15,15-19;14;53385.242000000006;54210.546;56157.69798313973;55256.638;825.3039999999964;1947.1519831397309;1046.091999999997;eev,integrated,separated,ws;lintim;SiouxFalls;SiouxFalls;True;False;1e-05;6000;1;2;20;50;200;-5;10;0.75;2;55;50;10;10;16;1230;1230
12306540;231;g_000;2;1;42;line_consecutive;0.5;1231;5;41;10-17,17-19;14;52327.532;52873.52599999985;55068.74599999972;55068.746;545.9939999998533;2195.21999999987;2195.2200000001467;eev,integrated,separated,ws;lintim;SiouxFalls;SiouxFalls;True;False;1e-05;6000;1;2;20;50;200;-5;10;0.75;2;55;50;10;10;16;1231;1231
12306540;232;g_000;2;1;42;line_consecutive;0.5;1232;6;0;10-11,11-12;1,7;58352.804;59385.10399999991;60173.10799999618;59385.10399999999;1032.2999999999156;788.0039999962682;8.003553375601767e-11;eev,integrated,separated,ws;lintim;SiouxFalls;SiouxFalls;True;False;1e-05;6000;1;2;20;50;200;-5;20;0.75;2;55;50;10;10;16;1232;1232
12306540;233;g_000;2;1;42;line_consecutive;0.5;1233;6;1;10-11,10-16;1,10;57451.772;57892.868;58539.52399999618;57892.868;441.096000000005;646.6559999961755;0.0;eev,integrated,separated,ws;lintim;SiouxFalls;SiouxFalls;True;False;1e-05;6000;1;2;20;50;200;-5;20;0.75;2;55;50;10;10;16;1233;1233
12306540;234;g_000;2;1;42;line_consecutive;0.5;1234;6;2;10-16,16-18;1;57964.53199999999;58745.49999999999;60327.85999999618;58745.49999999999;780.9680000000008;1582.359999996188;0.0;eev,integrated,separated,ws;lintim;SiouxFalls;SiouxFalls;True;False;1e-05;6000;1;2;20;50;200;-5;20;0.75;2;55;50;10;10;16;1234;1234
12306540;235;g_000;2;1;42;line_consecutive;0.5;1235;6;3;2-6,6-8;2;57007.63399999999;57792.734;58684.11799999618;57792.734;785.1000000000058;891.3839999961856;0.0;eev,integrated,separated,ws;lintim;SiouxFalls;SiouxFalls;True;False;1e-05;6000;1;2;20;50;200;-5;20;0.75;2;55;50;10;10;16;1235;1235
12306540;236;g_000;2;1;42;line_consecutive;0.5;1236;6;4;6-8,8-16;2;60502.63399999999;61130.314;62472.78799999618;61153.717993407605;627.6800000000076;1342.473999996182;23.40399340760632;eev,integrated,separated,ws;lintim;SiouxFalls;SiouxFalls;True;False;1e-05;6000;1;2;20;50;200;-5;20;0.75;2;55;50;10;10;16;1236;1236
12306540;237;g_000;2;1;42;line_consecutive;0.5;1237;6;5;8-16,16-17;2,13;57822.601999999984;58315.90999999999;59103.91399999618;58315.91;493.3080000000045;788.0039999961882;1.4551915228366852e-11;eev,integrated,separated,ws;lintim;SiouxFalls;SiouxFalls;True;False;1e-05;6000;1;2;20;50;200;-5;20;0.75;2;55;50;10;10;16;1237;1237
12306540;238;g_000;2;1;42;line_consecutive;0.5;1238;6;6;16-17,17-19;2,13;55553.09;56338.292;56977.11199999618;56977.11199999618;785.2020000000048;638.8199999961798;638.8199999961798;eev,integrated,separated,ws;lintim;SiouxFalls;SiouxFalls;True;False;1e-05;6000;1;2;20;50;200;-5;20;0.75;2;55;50;10;10;16;1238;1238
12306540;239;g_000;2;1;42;line_consecutive;0.5;1239;6;7;17-19,19-20;2;51140.23999999635;51140.240000004014;51140.23999999618;51140.23999999618;7.661583367735147e-09;-7.836206350475551e-09;-7.836206350475551e-09;eev,integrated,separated,ws;lintim;SiouxFalls;SiouxFalls;True;False;1e-05;6000;1;2;20;50;200;-5;20;0.75;2;55;50;10;10;16;1239;1239
12306540;240;g_000;2;1;42;line_consecutive;0.5;1240;6;8;3-4,4-5;3;51297.44;51402.24;52458.17599999618;52458.17599999618;104.79999999999563;1055.9359999961816;1055.9359999961816;eev,integrated,separated,ws;lintim;SiouxFalls;SiouxFalls;True;False;1e-05;6000;1;2;20;50;200;-5;20;0.75;2;55;50;10;10;16;1240;1240
12306540;241;g_000;2;1;42;line_consecutive;0.5;1241;6;9;4-5,5-9;3;51140.23999999999;51140.24;51140.23999999618;51140.23999999618;7.275957614183426e-12;-3.8198777474462994e-09;-3.8198777474462994e-09;eev,integrated,separated,ws;lintim;SiouxFalls;SiouxFalls;True;False;1e-05;6000;1;2;20;50;200;-5;20;0.75;2;55;50;10;10;16;1241;1241
12306540;242;g_000;2;1;42;line_consecutive;0.5;1242;6;10;5-9,8-9;3;51140.24000000111;51140.24000003306;51140.23999999618;51140.23999999618;3.194872988387942e-08;-3.6881829146295786e-08;-3.6881829146295786e-08;eev,integrated,separated,ws;lintim;SiouxFalls;SiouxFalls;True;False;1e-05;6000;1;2;20;50;200;-5;20;0.75;2;55;50;10;10;16;1242;1242
12306540;243;g_000;2;1;42;line_consecutive;0.5;1243;6;11;7-8,8-9;3,7;51140.24000000002;51140.23999999999;51140.23999999618;51140.23999999618;-2.9103830456733704e-11;-3.812601789832115e-09;-3.812601789832115e-09;eev,integrated,separated,ws;lintim;SiouxFalls;SiouxFalls;True;False;1e-05;6000;1;2;20;50;200;-5;20;0.75;2;55;50;10;10;16;1243;1243
12306540;244;g_000;2;1;42;line_consecutive;0.5;1244;6;12;7-8,7-18;3,11;58982.46800002523;59409.99000000001;60303.19399999618;60303.193999996176;427.521999974786;893.2039999961708;893.2039999961635;eev,integrated,separated,ws;lintim;SiouxFalls;SiouxFalls;True;False;1e-05;6000;1;2;20;50;200;-5;20;0.75;2;55;50;10;10;16;1244;1244
12306540;245;g_000;2;1;42;line_consecutive;0.5;1245;6;13;1-3,3-4;4;54821.666;55632.48800003176;56707.39399999618;56707.39399999619;810.8220000317597;1074.9059999644232;1074.9059999644303;eev,integrated,separated,ws;lintim;SiouxFalls;SiouxFalls;True;False;1e-05;6000;1;2;20;50;200;-5;20;0.75;2;55;50;10;10;16;1245;1245
12306540;246;g_000;2;1;42;line_consecutive;0.5;1246;6;14;3-4,4-11;4;56296.62199999999;56820.398;58485.31399999618;58485.313999996186;523.7760000000126;1664.9159999961776;1664.9159999961848;eev,integrated,separated,ws;lintim;SiouxFalls;SiouxFalls;True;False;1e-05;6000;1;2;20;50;200;-5;20;0.75;2;55;50;10;10;16;1246;1246
12306540;247;g_000;2;1;42;line_consecutive;0.5;1247;6;15;4-11,11-14;4;55467.65599999999;55914.474;56884.94599999618;56884.94599999618;446.81800000001385;970.4719999961744;970.4719999961744;eev,integrated,separated,ws;lintim;SiouxFalls;SiouxFalls;True;False;1e-05;6000;1;2;20;50;200;-5;20;0.75;2;55;50;10;10;16;1247;1247
12306540;248;g_000;2;1;42;line_consecutive;0.5;1248;6;16;11-14,14-23;4,10;54821.666;55479.872;56473.64599999618;56473.64599999618;658.2060000000056;993.7739999961776;993.7739999961776;eev,integrated,separated,ws;lintim;SiouxFalls;SiouxFalls;True;False;1e-05;6000;1;2;20;50;200;-5;20;0.75;2;55;50;10;10;16;1248;1248
12306540;249;g_000;2;1;42;line_consecutive;0.5;1249;6;17;14-23,23-24;4;52231.754;52336.554;53382.42799999618;53382.42799999618;104.79999999999563;1045.8739999961836;1045.8739999961836;eev,integrated,separated,ws;lintim;SiouxFalls;SiouxFalls;True;False;1e-05;6000;1;2;20;50;200;-5;20;0.75;2;55;50;10;10;16;1249;1249
12306540;250;g_000;2;1;42;line_consecutive;0.5;1250;6;18;10-15,15-22;5;53234.336;53234.336;53234.33599999618;53234.33599999618;0.0;-3.8198777474462994e-09;-3.8198777474462994e-09;eev,integrated,separated,ws;lintim;SiouxFalls;SiouxFalls;True;False;1e-05;6000;1;2;20;50;200;-5;20;0.75;2;55;50;10;10;16;1250;1250
12306540;251;g_000;2;1;42;line_consecutive;0.5;1251;6;19;15-22,22-23;5;51910.06999999999;51910.07;51910.06999999618;51910.06999999618;7.275957614183426e-12;-3.8198777474462994e-09;-3.8198777474462994e-09;eev,integrated,separated,ws;lintim;SiouxFalls;SiouxFalls;True;False;1e-05;6000;1;2;20;50;200;-5;20;0.75;2;55;50;10;10;16;1251;1251
12306540;252;g_000;2;1;42;line_consecutive;0.5;1252;6;20;13-24,21-24;6;53175.90799999999;53431.06799999999;54184.53799999618;54184.53799999618;255.1600000000035;753.4699999961886;753.4699999961886;eev,integrated,separated,ws;lintim;SiouxFalls;SiouxFalls;True;False;1e-05;6000;1;2;20;50;200;-5;20;0.75;2;55;50;10;10;16;1252;1252
12306540;253;g_000;2;1;42;line_consecutive;0.5;1253;6;21;20-21,21-24;6;53141.78;53295.715999946806;53295.71599999618;53295.71599999618;153.935999946807;4.9374648369848735e-08;4.9374648369848735e-08;eev,integrated,separated,ws;lintim;SiouxFalls;SiouxFalls;True;False;1e-05;6000;1;2;20;50;200;-5;20;0.75;2;55;50;10;10;16;1253;1253
12306540;254;g_000;2;1;42;line_consecutive;0.5;1254;6;22;9-10,10-11;7;53053.21999999999;53218.01;53218.00999999618;53218.00999999618;164.79000000001545;-3.8198777474462994e-09;-3.8198777474462994e-09;eev,integrated,separated,ws;lintim;SiouxFalls;SiouxFalls;True;False;1e-05;6000;1;2;20;50;200;-5;20;0.75;2;55;50;10;10;16;1254;1254
12306540;255;g_000;2;1;42;line_consecutive;0.5;1255;6;23;8-9,9-10;7;51890.996;52391.5;52458.17599999618;52458.17599999618;500.5040000000008;66.6759999961796;66.6759999961796;eev,integrated,separated,ws;lintim;SiouxFalls;SiouxFalls;True;False;1e-05;6000;1;2;20;50;200;-5;20;0.75;2;55;50;10;10;16;1255;1255
12306540;256;g_000;2;1;42;line_consecutive;0.5;1256;6;24;1-3,3-12;8,12;51140.24;51140.23999999999;51140.23999999618;51140.23999999618;-7.275957614183426e-12;-3.812601789832115e-09;-3.812601789832115e-09;eev,integrated,separated,ws;lintim;SiouxFalls;SiouxFalls;True;False;1e-05;6000;1;2;20;50;200;-5;20;0.75;2;55;50;10;10;16;1256;1256
12306540;257;g_000;2;1;42;line_consecutive;0.5;1257;6;25;3-12,11-12;8;51297.44;51402.23999999999;52458.17599999618;52458.17599999618;104.79999999998836;1055.935999996189;1055.935999996189;eev,integrated,separated,ws;lintim;SiouxFalls;SiouxFalls;True;False;1e-05;6000;1;2;20;50;200;-5;20;0.75;2;55;50;10;10;16;1257;1257
12306540;258;g_000;2;1;42;line_consecutive;0.5;1258;6;26;11-12,11-14;8;51797.25199999999;52235.26;53831.33599999618;53831.33599999618;438.0080000000089;1596.075999996181;1596.075999996181;eev,integrated,separated,ws;lintim;SiouxFalls;SiouxFalls;True;False;1e-05;6000;1;2;20;50;200;-5;20;0.75;2;55;50;10;10;16;1258;1258
12306540;259;g_000;2;1;42;line_consecutive;0.5;1259;6;27;5-6,5-9;9;51140.23999999899;51140.24000000376;51140.23999997608;51140.23999997608;4.773028194904327e-09;-2.7677742764353752e-08;-2.7677742764353752e-08;eev,integrated,separated,ws;lintim;SiouxFalls;SiouxFalls;True;False;1e-05;6000;1;2;20;50;200;-5;20;0.75;2;55;50;10;10;16;1259;1259
12306540;260;g_000;2;1;42;line_consecutive;0.5;1260;6;28;5-9,9-10;9;51140.24;51140.23999999999;51140.23999998023;51140.23999998023;-7.275957614183426e-12;-1.9761500880122185e-08;-1.9761500880122185e-08;eev,integrated,separated,ws;lintim;SiouxFalls;SiouxFalls;True;False;1e-05;6000;1;2;20;50;200;-5;20;0.75;2;55;50;10;10;16;1260;1260
12306540;261;g_000;2;1;42;line_consecutive;0.5;1261;6;29;9-10,10-15;9;51140.24;51140.24;51140.23999999618;51140.23999999618;0.0;-3.8198777474462994e-09;-3.8198777474462994e-09;eev,integrated,separated,ws;lintim;SiouxFalls;SiouxFalls;True;False;1e-05;6000;1;2;20;50;200;-5;20;0.75;2;55;50;10;10;16;1261;1261
12306540;262;g_000;2;1;42;line_consecutive;0.5;1262;6;30;10-15,15-19;9;51140.24;51140.23999999999;51140.23999999618;51140.23999999618;-7.275957614183426e-12;-3.812601789832115e-09;-3.812601789832115e-09;eev,integrated,separated,ws;lintim;SiouxFalls;SiouxFalls;True;False;1e-05;6000;1;2;20;50;200;-5;20;0.75;2;55;50;10;10;16;1262;1262
12306540;263;g_000;2;1;42;line_consecutive;0.5;1263;6;31;8-16,10-16;10;51437.78;51636.13999999999;51805.00999999618;51805.00999999618;198.3599999999933;168.86999999619002;168.86999999619002;eev,integrated,separated,ws;lintim;SiouxFalls;SiouxFalls;True;False;1e-05;6000;1;2;20;50;200;-5;20;0.75;2;55;50;10;10;16;1263;1263
12306540;264;g_000;2;1;42;line_consecutive;0.5;1264;6;32;10-11,11-14;10;51340.952000000005;51474.76;51692.39599999618;51692.395999995846;133.80799999999726;217.63599999617875;217.63599999584403;eev,integrated,separated,ws;lintim;SiouxFalls;SiouxFalls;True;False;1e-05;6000;1;2;20;50;200;-5;20;0.75;2;55;50;10;10;16;1264;1264
12306540;265;g_000;2;1;42;line_consecutive;0.5;1265;6;33;18-20,20-22;11;51340.952000000005;51474.76;51692.39599999618;51692.395999995846;133.80799999999726;217.63599999617875;217.63599999584403;eev,integrated,separated,ws;lintim;SiouxFalls;SiouxFalls;True;False;1e-05;6000;1;2;20;50;200;-5;20;0.75;2;55;50;10;10;16;1265;1265
12306540;266;g_000;2;1;42;line_consecutive;0.5;1266;6;34;7-18,18-20;11;56809.722;57558.965;58954.78099999712;58556.121000000334;749.2429999999949;1395.815999997125;997.1560000003374;eev,integrated,separated,ws;lintim;SiouxFalls;SiouxFalls;True;False;1e-05;6000;1;2;20;50;200;-5;20;0.75;2;55;50;10;10;16;1266;1266
12306540;267;g_000;2;1;42;line_consecutive;0.5;1267;6;35;3-12,12-13;12;57198.20099999999;58143.723000000005;60586.92199999713;59039.463999999934;945.522000000019;2443.1989999971265;895.740999999929;eev,integrated,separated,ws;lintim;SiouxFalls;SiouxFalls;True;False;1e-05;6000;1;2;20;50;200;-5;20;0.75;2;55;50;10;10;16;1267;1267
12306540;268;g_000;2;1;42;line_consecutive;0.5;1268;6;36;1-2,1-3;12;54106.73499999843;54731.887;57611.43899999712;55590.3329999991;625.1520000015735;2879.5519999971148;858.445999999094;eev,integrated,separated,ws;lintim;SiouxFalls;SiouxFalls;True;False;1e-05;6000;1;2;20;50;200;-5;20;0.75;2;55;50;10;10;16;1268;1268
12306540;269;g_000;2;1;42;line_consecutive;0.5;1269;6;37;15-19,17-19;13,14;53056.952;53535.111;56408.64999999713;55351.050000001545;478.1589999999997;2873.5389999971303;1815.9390000015485;eev,integrated,separated,ws;lintim;SiouxFalls;SiouxFalls;True;False;1e-05;6000;1;2;20;50;200;-5;20;0.75;2;55;50;10;10;16;1269;1269
12306540;270;g_000;2;1;42;line_consecutive;0.5;1270;6;38;15-19,15-22;13;59554.89800000001;60662.71799999999;61678.58599999713;60778.66799999999;1107.8199999999852;1015.8679999971356;115.94999999999708;eev,integrated,separated,ws;lintim;SiouxFalls;SiouxFalls;True;False;1e-05;6000;1;2;20;50;200;-5;20;0.75;2;55;50;10;10;16;1270;1270
12306540;271;g_000;2;1;42;line_consecutive;0.5;1271;6;39;15-22,21-22;13;58503.694;58945.92599999999;59772.73799999713;59037.726;442.23199999998906;826.8119999971386;91.8000000000102;eev,integrated,separated,ws;lintim;SiouxFalls;SiouxFalls;True;False;1e-05;6000;1;2;20;50;200;-5;20;0.75;2;55;50;10;10;16;1271;1271
12306540;272;g_000;2;1;42;line_consecutive;0.5;1272;6;40;14-15,15-19;14;59101.91399999998;59846.64;61859.12999999713;60002.972;744.7260000000169;2012.4899999971312;156.33200000000215;eev,integrated,separated,ws;lintim;SiouxFalls;SiouxFalls;True;False;1e-05;6000;1;2;20;50;200;-5;20;0.75;2;55;50;10;10;16;1272;1272
12306540;273;g_000;2;1;42;line_consecutive;0.5;1273;6;41;10-17,17-19;14;57985.53299999999;58694.499;59941.43099999714;58838.253;708.9660000000149;1246.931999997134;143.75399999999354;eev,integrated,separated,ws;lintim;SiouxFalls;SiouxFalls;True;False;1e-05;6000;1;2;20;50;200;-5;20;0.75;2;55;50;10;10;16;1273;1273
12306540;274;g_000;2;1;42;line_consecutive;0.5;1274;7;0;10-11,11-12;1,7;63976.049;64387.025;66172.78199999903;65354.675;410.9760000000024;1785.75699999903;967.6500000000016;eev,integrated,separated,ws;lintim;SiouxFalls;SiouxFalls;True;False;1e-05;6000;1;2;20;50;200;-5;50;0.75;2;55;50;10;10;16;1274;1274
12306540;275;g_000;2;1;42;line_consecutive;0.5;1275;7;1;10-11,10-16;1,10;60073.12899999999;60870.74299999999;62371.70499999903;61275.38699999998;797.6139999999941;1500.961999999039;404.64399999999296;eev,integrated,separated,ws;lintim;SiouxFalls;SiouxFalls;True;False;1e-05;6000;1;2;20;50;200;-5;50;0.75;2;55;50;10;10;16;1275;1275
12306540;276;g_000;2;1;42;line_consecutive;0.5;1276;7;2;10-16,16-18;1;56635.548;57445.257;59450.07299999903;59450.072968370536;809.7089999999953;2004.8159999990312;2004.815968370538;eev,integrated,separated,ws;lintim;SiouxFalls;SiouxFalls;True;False;1e-05;6000;1;2;20;50;200;-5;50;0.75;2;55;50;10;10;16;1276;1276
12306540;277;g_000;2;1;42;line_consecutive;0.5;1277;7;3;2-6,6-8;2;51140.23999999999;51140.239999998565;51140.23999999903;51140.23999999903;-1.4260876923799515e-09;4.656612873077393e-10;4.656612873077393e-10;eev,integrated,separated,ws;lintim;SiouxFalls;SiouxFalls;True;False;1e-05;6000;1;2;20;50;200;-5;50;0.75;2;55;50;10;10;16;1277;1277
12306540;278;g_000;2;1;42;line_consecutive;0.5;1278;7;4;6-8,8-16;2;51323.63999999924;51402.24;52932.23999999903;52932.23999999904;78.60000000075524;1529.9999999990323;1529.9999999990396;eev,integrated,separated,ws;lintim;SiouxFalls;SiouxFalls;True;False;1e-05;6000;1;2;20;50;200;-5;50;0.75;2;55;50;10;10;16;1278;1278
12306540;279;g_000;2;1;42;line_consecutive;0.5;1279;7;5;8-16,16-17;2,13;51140.23999999999;51140.24;51140.23999999903;51140.23999999904;7.275957614183426e-12;-9.677023626863954e-10;-9.60426405072212e-10;eev,integrated,separated,ws;lintim;SiouxFalls;SiouxFalls;True;False;1e-05;6000;1;2;20;50;200;-5;50;0.75;2;55;50;10;10;16;1279;1279
12306540;280;g_000;2;1;42;line_consecutive;0.5;1280;7;6;16-17,17-19;2,13;51140.23999999823;51140.23999982255;51140.23999999903;51140.23999999903;-1.7567799659445884e-07;1.76478351932019e-07;1.76478351932019e-07;eev,integrated,separated,ws;lintim;SiouxFalls;SiouxFalls;True;False;1e-05;6000;1;2;20;50;200;-5;50;0.75;2;55;50;10;10;16;1280;1280
12306540;281;g_000;2;1;42;line_consecutive;0.5;1281;7;7;17-19,19-20;2;51140.23999999999;51140.24;51140.23999999903;51140.23999999903;7.275957614183426e-12;-9.677023626863954e-10;-9.677023626863954e-10;eev,integrated,separated,ws;lintim;SiouxFalls;SiouxFalls;True;False;1e-05;6000;1;2;20;50;200;-5;50;0.75;2;55;50;10;10;16;1281;1281
12306540;282;g_000;2;1;42;line_consecutive;0.5;1282;7;8;3-4,4-5;3;61292.57799999952;61609.30000000002;62413.71899999902;62413.71899999903;316.72200000049634;804.4189999990049;804.4189999990122;eev,integrated,separated,ws;lintim;SiouxFalls;SiouxFalls;True;False;1e-05;6000;1;2;20;50;200;-5;50;0.75;2;55;50;10;10;16;1282;1282
12306540;283;g_000;2;1;42;line_consecutive;0.5;1283;7;9;4-5,5-9;3;55629.26999999999;56422.431;57635.25299999904;57635.25299999976;793.1610000000073;1212.8219999990397;1212.82199999976;eev,integrated,separated,ws;lintim;SiouxFalls;SiouxFalls;True;False;1e-05;6000;1;2;20;50;200;-5;50;0.75;2;55;50;10;10;16;1283;1283
12306540;284;g_000;2;1;42;line_consecutive;0.5;1284;7;10;5-9,8-9;3;57545.78599999999;57912.48;59754.14599999903;58889.523;366.6940000000104;1841.6659999990295;977.0429999999978;eev,integrated,separated,ws;lintim;SiouxFalls;SiouxFalls;True;False;1e-05;6000;1;2;20;50;200;-5;50;0.75;2;55;50;10;10;16;1284;1284
12306540;285;g_000;2;1;42;line_consecutive;0.5;1285;7;11;7-8,8-9;3,7;56322.57099999999;56655.133;58053.44699999903;57520.484;332.56200000001263;1398.3139999990308;865.3509999999951;eev,integrated,separated,ws;lintim;SiouxFalls;SiouxFalls;True;False;1e-05;6000;1;2;20;50;200;-5;50;0.75;2;55;50;10;10;16;1285;1285
12306540;286;g_000;2;1;42;line_consecutive;0.5;1286;7;12;7-8,7-18;3,11;55545.284;56368.321;57367.51699999903;57367.51699999976;823.0370000000039;999.1959999990286;999.1959999997562;eev,integrated,separated,ws;lintim;SiouxFalls;SiouxFalls;True;False;1e-05;6000;1;2;20;50;200;-5;50;0.75;2;55;50;10;10;16;1286;1286
12306540;287;g_000;2;1;42;line_consecutive;0.5;1287;7;13;1-3,3-4;4;52413.673;52492.273;54343.04099999903;54343.04099999904;78.59999999999854;1850.7679999990287;1850.767999999036;eev,integrated,separated,ws;lintim;SiouxFalls;SiouxFalls;True;False;1e-05;6000;1;2;20;50;200;-5;50;0.75;2;55;50;10;10;16;1287;1287
12306540;288;g_000;2;1;42;line_consecutive;0.5;1288;7;14;3-4,4-11;4;53815.738;53815.738;53815.73799999903;53815.73799999904;0.0;-9.677023626863954e-10;-9.60426405072212e-10;eev,integrated,separated,ws;lintim;SiouxFalls;SiouxFalls;True;False;1e-05;6000;1;2;20;50;200;-5;50;0.75;2;55;50;10;10;16;1288;1288
12306540;289;g_000;2;1;42;line_consecutive;0.5;1289;7;15;4-11,11-14;4;52053.537;52053.537;52053.53699999904;52053.53699999904;0.0;-9.531504474580288e-10;-9.531504474580288e-10;eev,integrated,separated,ws;lintim;SiouxFalls;SiouxFalls;True;False;1e-05;6000;1;2;20;50;200;-5;50;0.75;2;55;50;10;10;16;1289;1289
12306540;290;g_000;2;1;42;line_consecutive;0.5;1290;7;16;11-14,14-23;4,10;54356.642;54842.152;55827.51699999903;55827.51699999903;485.5100000000021;985.3649999990304;985.3649999990304;eev,integrated,separated,ws;lintim;SiouxFalls;SiouxFalls;True;False;1e-05;6000;1;2;20;50;200;-5;50;0.75;2;55;50;10;10;16;1290;1290
12306540;291;g_000;2;1;42;line_consecutive;0.5;1291;7;17;14-23,23-24;4;53475.37;53666.73999999999;54440.52999999904;54440.52999999904;191.36999999998807;773.7899999990477;773.7899999990477;eev,integrated,separated,ws;lintim;SiouxFalls;SiouxFalls;True;False;1e-05;6000;1;2;20;50;200;-5;50;0.75;2;55;50;10;10;16;1291;1291
12306540;292;g_000;2;1;42;line_consecutive;0.5;1292;7;18;10-15,15-22;5;53372.05;53563.42000000001;54349.87299999903;54349.87299999903;191.3700000000099;786.4529999990191;786.4529999990191;eev,integrated,separated,ws;lintim;SiouxFalls;SiouxFalls;True;False;1e-05;6000;1;2;20;50;200;-5;50;0.75;2;55;50;10;10;16;1292;1292
12306540;293;g_000;2;1;42;line_consecutive;0.5;1293;7;19;15-22,22-23;5;52026.874;52406.86000000085;53361.12999999903;53361.12999999903;379.9860000008484;954.2699999981778;954.2699999981778;eev,integrated,separated,ws;lintim;SiouxFalls;SiouxFalls;True;False;1e-05;6000;1;2;20;50;200;-5;50;0.75;2;55;50;10;10;16;1293;1293
12306540;294;g_000;2;1;42;line_consecutive;0.5;1294;7;20;13-24,21-24;6;51140.24;51140.23999999773;51140.23999999903;51140.23999999903;-2.270098775625229e-09;1.302396412938833e-09;1.302396412938833e-09;eev,integrated,separated,ws;lintim;SiouxFalls;SiouxFalls;True;False;1e-05;6000;1;2;20;50;200;-5;50;0.75;2;55;50;10;10;16;1294;1294
12306540;295;g_000;2;1;42;line_consecutive;0.5;1295;7;21;20-21,21-24;6;51323.63999999356;51402.23999999999;52932.23999999903;52932.23999999903;78.60000000643049;1529.9999999990396;1529.9999999990396;eev,integrated,separated,ws;lintim;SiouxFalls;SiouxFalls;True;False;1e-05;6000;1;2;20;50;200;-5;50;0.75;2;55;50;10;10;16;1295;1295
12306540;296;g_000;2;1;42;line_consecutive;0.5;1296;7;22;9-10,10-11;7;51966.39399999999;52320.45999999988;54782.30499999884;54782.30499999884;354.0659999998897;2461.8449999989607;2461.8449999989607;eev,integrated,separated,ws;lintim;SiouxFalls;SiouxFalls;True;False;1e-05;6000;1;2;20;50;200;-5;50;0.75;2;55;50;10;10;16;1296;1296
12306540;297;g_000;2;1;42;line_consecutive;0.5;1297;7;23;8-9,9-10;7;51140.24000000017;51140.24;51140.239999975456;51140.239999975456;-1.7462298274040222e-10;-2.4541805032640696e-08;-2.4541805032640696e-08;eev,integrated,separated,ws;lintim;SiouxFalls;SiouxFalls;True;False;1e-05;6000;1;2;20;50;200;-5;50;0.75;2;55;50;10;10;16;1297;1297
12306540;298;g_000;2;1;42;line_consecutive;0.5;1298;7;24;1-3,3-12;8,12;51140.24;51140.24;51140.239999980375;51140.23999998038;0.0;-1.96232576854527e-08;-1.961598172783852e-08;eev,integrated,separated,ws;lintim;SiouxFalls;SiouxFalls;True;False;1e-05;6000;1;2;20;50;200;-5;50;0.75;2;55;50;10;10;16;1298;1298
12306540;299;g_000;2;1;42;line_consecutive;0.5;1299;7;25;3-12,11-12;8;51140.23999994314;51140.23999999999;51140.23999999903;51140.23999999861;5.684705683961511e-08;-9.60426405072212e-10;-1.382431946694851e-09;eev,integrated,separated,ws;lintim;SiouxFalls;SiouxFalls;True;False;1e-05;6000;1;2;20;50;200;-5;50;0.75;2;55;50;10;10;16;1299;1299
12306540;300;g_000;2;1;42;line_consecutive;0.5;1300;7;26;11-12,11-14;8;51140.24;51140.23999999999;51140.23999999903;51140.23999999861;-7.275957614183426e-12;-9.60426405072212e-10;-1.382431946694851e-09;eev,integrated,separated,ws;lintim;SiouxFalls;SiouxFalls;True;False;1e-05;6000;1;2;20;50;200;-5;50;0.75;2;55;50;10;10;16;1300;1300
12306540;301;g_000;2;1;42;line_consecutive;0.5;1301;7;27;5-6,5-9;9;51506.92799999999;51664.08;51938.21899999903;51938.21899999904;157.15200000000914;274.1389999990279;274.13899999903515;eev,integrated,separated,ws;lintim;SiouxFalls;SiouxFalls;True;False;1e-05;6000;1;2;20;50;200;-5;50;0.75;2;55;50;10;10;16;1301;1301
12306540;302;g_000;2;1;42;line_consecutive;0.5;1302;7;28;5-9,9-10;9;51374.404;51474.76;51784.42199999903;51784.42199999903;100.35599999999975;309.6619999990289;309.6619999990289;eev,integrated,separated,ws;lintim;SiouxFalls;SiouxFalls;True;False;1e-05;6000;1;2;20;50;200;-5;50;0.75;2;55;50;10;10;16;1302;1302
12306540;303;g_000;2;1;42;line_consecutive;0.5;1303;7;29;9-10,10-15;9;51374.404;51474.75999999978;51784.42199999903;51784.42199999903;100.3559999997742;309.6619999992545;309.6619999992545;eev,integrated,separated,ws;lintim;SiouxFalls;SiouxFalls;True;False;1e-05;6000;1;2;20;50;200;-5;50;0.75;2;55;50;10;10;16;1303;1303
12306540;304;g_000;2;1;42;line_consecutive;0.5;1304;7;30;10-15,15-19;9;58604.41599999281;59449.12;60989.99199999936;59543.772;844.7040000071938;1540.8719999993557;94.6519999999946;eev,integrated,separated,ws;lintim;SiouxFalls;SiouxFalls;True;False;1e-05;6000;1;2;20;50;200;-5;50;0.75;2;55;50;10;10;16;1304;1304
12306540;305;g_000;2;1;42;line_consecutive;0.5;1305;7;31;8-16,10-16;10;58073.328;58703.67599999999;62154.10399999935;59943.42399999999;630.3479999999909;3450.42799999936;1239.7479999999996;eev,integrated,separated,ws;lintim;SiouxFalls;SiouxFalls;True;False;1e-05;6000;1;2;20;50;200;-5;50;0.75;2;55;50;10;10;16;1305;1305
12306540;306;g_000;2;1;42;line_consecutive;0.5;1306;7;32;10-11,11-14;10;54720.024;55136.792;58756.383999999336;55341.09999999913;416.76800000000367;3619.591999999335;204.30799999913145;eev,integrated,separated,ws;lintim;SiouxFalls;SiouxFalls;True;False;1e-05;6000;1;2;20;50;200;-5;50;0.75;2;55;50;10;10;16;1306;1306
12306540;307;g_000;2;1;42;line_consecutive;0.5;1307;7;33;18-20,20-22;11;53571.616;53858.616;57350.78399999935;54992.83999883117;287.0;3492.1679999993503;1134.2239988311703;eev,integrated,separated,ws;lintim;SiouxFalls;SiouxFalls;True;False;1e-05;6000;1;2;20;50;200;-5;50;0.75;2;55;50;10;10;16;1307;1307
12306540;308;g_000;2;1;42;line_consecutive;0.5;1308;7;34;7-18,18-20;11;63154.60800000005;64483.27999999999;67292.35199999936;65271.076;1328.6719999999405;2809.071999999367;787.7960000000094;eev,integrated,separated,ws;lintim;SiouxFalls;SiouxFalls;True;False;1e-05;6000;1;2;20;50;200;-5;50;0.75;2;55;50;10;10;16;1308;1308
12306540;309;g_000;2;1;42;line_consecutive;0.5;1309;7;35;3-12,12-13;12;60795.39199999998;61330.828;63363.27999999936;62110.37999999999;535.4360000000233;2032.4519999993568;779.5519999999888;eev,integrated,separated,ws;lintim;SiouxFalls;SiouxFalls;True;False;1e-05;6000;1;2;20;50;200;-5;50;0.75;2;55;50;10;10;16;1309;1309
12306540;310;g_000;2;1;42;line_consecutive;0.5;1310;7;36;1-2,1-3;12;60641.76;61338.176000000014;64633.22399999935;62318.17800000001;696.416000000012;3295.047999999333;980.0019999999932;eev,integrated,separated,ws;lintim;SiouxFalls;SiouxFalls;True;False;1e-05;6000;1;2;20;50;200;-5;50;0.75;2;55;50;10;10;16;1310;1310
12306540;311;g_000;2;1;42;line_consecutive;0.5;1311;7;37;15-19,17-19;13,14;59613.84;60109.991999997816;62028.19999999936;61680.92999999999;496.1519999978191;1918.2080000015408;1570.9380000021774;eev,integrated,separated,ws;lintim;SiouxFalls;SiouxFalls;True;False;1e-05;6000;1;2;20;50;200;-5;50;0.75;2;55;50;10;10;16;1311;1311
12306540;312;g_000;2;1;42;line_consecutive;0.5;1312;7;38;15-19,15-22;13;65809.736;66083.72;68320.28799999936;70203.616;273.98399999999674;2236.567999999359;4119.895999999993;eev,integrated,separated,ws;lintim;SiouxFalls;SiouxFalls;True;False;1e-05;6000;1;2;20;50;200;-5;50;0.75;2;55;50;10;10;16;1312;1312
12306540;313;g_000;2;1;42;line_consecutive;0.5;1313;7;39;15-22,21-22;13;61349.256;61884.69199999998;63976.19999999936;62658.796;535.4359999999797;2091.507999999376;774.1040000000212;eev,integrated,separated,ws;lintim;SiouxFalls;SiouxFalls;True;False;1e-05;6000;1;2;20;50;200;-5;50;0.75;2;55;50;10;10;16;1313;1313
12306540;314;g_000;2;1;42;line_consecutive;0.5;1314;7;40;14-15,15-19;14;57420.592;57993.87599999998;60637.19199999936;59116.652;573.2839999999851;2643.3159999993804;1122.7760000000198;eev,integrated,separated,ws;lintim;SiouxFalls;SiouxFalls;True;False;1e-05;6000;1;2;20;50;200;-5;50;0.75;2;55;50;10;10;16;1314;1314
12306540;315;g_000;2;1;42;line_consecutive;0.5;1315;7;41;10-17,17-19;14;51140.23999999999;51140.2399999935;51140.23999999935;51140.23999999936;-6.490154191851616e-09;5.849869921803473e-09;5.857145879417658e-09;eev,integrated,separated,ws;lintim;SiouxFalls;SiouxFalls;True;False;1e-05;6000;1;2;20;50;200;-5;50;0.75;2;55;50;10;10;16;1315;1315
12306540;316;g_000;2;1;42;line_consecutive;0.5;1316;8;0;10-11,11-12;1,7;51349.84;51402.24;53188.23999999936;53188.239999999365;52.400000000001455;1785.9999999993595;1785.999999999367;eev,integrated,separated,ws;lintim;SiouxFalls;SiouxFalls;True;False;1e-05;6000;1;2;20;50;200;-5;100;0.75;2;55;50;10;10;16;1316;1316
12306540;317;g_000;2;1;42;line_consecutive;0.5;1317;8;1;10-11,10-16;1,10;51140.24;51140.24;51140.239999999365;51140.23999999936;0.0;-6.330083124339581e-10;-6.402842700481415e-10;eev,integrated,separated,ws;lintim;SiouxFalls;SiouxFalls;True;False;1e-05;6000;1;2;20;50;200;-5;100;0.75;2;55;50;10;10;16;1317;1317
12306540;318;g_000;2;1;42;line_consecutive;0.5;1318;8;2;10-16,16-18;1;51140.23999999999;51140.24;51140.23999999936;51140.239999999365;7.275957614183426e-12;-6.402842700481415e-10;-6.330083124339581e-10;eev,integrated,separated,ws;lintim;SiouxFalls;SiouxFalls;True;False;1e-05;6000;1;2;20;50;200;-5;100;0.75;2;55;50;10;10;16;1318;1318
12306540;319;g_000;2;1;42;line_consecutive;0.5;1319;8;3;2-6,6-8;2;51140.23999999999;51140.24;51140.23999999936;51140.239999999365;7.275957614183426e-12;-6.402842700481415e-10;-6.330083124339581e-10;eev,integrated,separated,ws;lintim;SiouxFalls;SiouxFalls;True;False;1e-05;6000;1;2;20;50;200;-5;100;0.75;2;55;50;10;10;16;1319;1319
12306540;320;g_000;2;1;42;line_consecutive;0.5;1320;8;4;6-8,8-16;2;62748.84800000015;62957.80000000163;64024.21599999936;62957.8;208.9520000014818;1066.415999997727;-1.6298145055770872e-09;eev,integrated,separated,ws;lintim;SiouxFalls;SiouxFalls;True;False;1e-05;6000;1;2;20;50;200;-5;100;0.75;2;55;50;10;10;16;1320;1320
12306540;321;g_000;2;1;42;line_consecutive;0.5;1321;8;5;8-16,16-17;2,13;56270.55999999957;56843.844000000005;58563.11199999935;57446.99600000001;573.2840000004362;1719.2679999993488;603.1520000000019;eev,integrated,separated,ws;lintim;SiouxFalls;SiouxFalls;True;False;1e-05;6000;1;2;20;50;200;-5;100;0.75;2;55;50;10;10;16;1321;1321
12306540;322;g_000;2;1;42;line_consecutive;0.5;1322;8;6;16-17,17-19;2,13;58460.86399999999;58721.58;60984.70399999936;58721.57999999999;260.7160000000149;2263.123999999356;-1.4551915228366852e-11;eev,integrated,separated,ws;lintim;SiouxFalls;SiouxFalls;True;False;1e-05;6000;1;2;20;50;200;-5;100;0.75;2;55;50;10;10;16;1322;1322
12306540;323;g_000;2;1;42;line_consecutive;0.5;1323;8;7;17-19,19-20;2;57062.904;57284.61200000001;59041.04799999936;57284.61199999999;221.708000000006;1756.435999999354;-2.182787284255028e-11;eev,integrated,separated,ws;lintim;SiouxFalls;SiouxFalls;True;False;1e-05;6000;1;2;20;50;200;-5;100;0.75;2;55;50;10;10;16;1323;1323
12306540;324;g_000;2;1;42;line_consecutive;0.5;1324;8;8;3-4,4-5;3;56174.57599999999;56747.86;58257.12799999936;57201.244000000006;573.2840000000142;1509.267999999356;453.3840000000055;eev,integrated,separated,ws;lintim;SiouxFalls;SiouxFalls;True;False;1e-05;6000;1;2;20;50;200;-5;100;0.75;2;55;50;10;10;16;1324;1324
12306540;325;g_000;2;1;42;line_consecutive;0.5;1325;8;9;4-5,5-9;3;52595.59199999999;52647.992000000006;54800.58399999936;54800.58399999936;52.40000000001601;2152.5919999993566;2152.5919999993566;eev,integrated,separated,ws;lintim;SiouxFalls;SiouxFalls;True;False;1e-05;6000;1;2;20;50;200;-5;100;0.75;2;55;50;10;10;16;1325;1325
12306540;326;g_000;2;1;42;line_consecutive;0.5;1326;8;10;5-9,8-9;3;54197.95199999999;54197.952;54197.95199999936;54197.95199999936;7.275957614183426e-12;-6.402842700481415e-10;-6.402842700481415e-10;eev,integrated,separated,ws;lintim;SiouxFalls;SiouxFalls;True;False;1e-05;6000;1;2;20;50;200;-5;100;0.75;2;55;50;10;10;16;1326;1326
12306540;327;g_000;2;1;42;line_consecutive;0.5;1327;8;11;7-8,8-9;3,7;52184.008;52184.00800000001;52184.0079999708;52184.0079999708;7.275957614183426e-12;-2.920569386333227e-08;-2.920569386333227e-08;eev,integrated,separated,ws;lintim;SiouxFalls;SiouxFalls;True;False;1e-05;6000;1;2;20;50;200;-5;100;0.75;2;55;50;10;10;16;1327;1327
12306540;328;g_000;2;1;42;line_consecutive;0.5;1328;8;12;7-8,7-18;3,11;54816.128;55377.144;57732.51199999936;57732.51199999937;561.0160000000033;2355.367999999362;2355.367999999369;eev,integrated,separated,ws;lintim;SiouxFalls;SiouxFalls;True;False;1e-05;6000;1;2;20;50;200;-5;100;0.75;2;55;50;10;10;16;1328;1328
12306540;329;g_000;2;1;42;line_consecutive;0.5;1329;8;13;1-3,3-4;4;53808.96;53936.53999999999;55153.79999999936;55153.79999999937;127.57999999999448;1217.259999999369;1217.2599999993763;eev,integrated,separated,ws;lintim;SiouxFalls;SiouxFalls;True;False;1e-05;6000;1;2;20;50;200;-5;100;0.75;2;55;50;10;10;16;1329;1329
12306540;330;g_000;2;1;42;line_consecutive;0.5;1330;8;14;3-4,4-11;4;53690.880000000034;53818.46000000001;55035.71999999936;55035.71999999937;127.57999999997264;1217.2599999993545;1217.2599999993618;eev,integrated,separated,ws;lintim;SiouxFalls;SiouxFalls;True;False;1e-05;6000;1;2;20;50;200;-5;100;0.75;2;55;50;10;10;16;1330;1330
12306540;331;g_000;2;1;42;line_consecutive;0.5;1331;8;15;4-11,11-14;4;52153.536;52406.86;53678.39999999936;53678.39999999937;253.32400000000047;1271.5399999993606;1271.539999999368;eev,integrated,separated,ws;lintim;SiouxFalls;SiouxFalls;True;False;1e-05;6000;1;2;20;50;200;-5;100;0.75;2;55;50;10;10;16;1331;1331
12306540;332;g_000;2;1;42;line_consecutive;0.5;1332;8;16;11-14,14-23;4,10;51140.23999999999;51140.24;51140.23999999936;51140.239999999365;7.275957614183426e-12;-6.402842700481415e-10;-6.330083124339581e-10;eev,integrated,separated,ws;lintim;SiouxFalls;SiouxFalls;True;False;1e-05;6000;1;2;20;50;200;-5;100;0.75;2;55;50;10;10;16;1332;1332
12306540;333;g_000;2;1;42;line_consecutive;0.5;1333;8;17;14-23,23-24;4;51349.84;51402.240000000005;53188.23999999936;53188.239999999365;52.40000000000873;1785.9999999993524;1785.9999999993595;eev,integrated,separated,ws;lintim;SiouxFalls;SiouxFalls;True;False;1e-05;6000;1;2;20;50;200;-5;100;0.75;2;55;50;10;10;16;1333;1333
12306540;334;g_000;2;1;42;line_consecutive;0.5;1334;8;18;10-15,15-22;5;52084.416;52320.45999999804;55302.599999999366;53414.232;236.04399999804448;2982.140000001324;1093.7720000019615;eev,integrated,separated,ws;lintim;SiouxFalls;SiouxFalls;True;False;1e-05;6000;1;2;20;50;200;-5;100;0.75;2;55;50;10;10;16;1334;1334
12306540;335;g_000;2;1;42;line_consecutive;0.5;1335;8;19;15-22,22-23;5;51140.24000000296;51140.23999999998;51140.23999997265;51140.23999997143;-2.975866664201021e-09;-2.733577275648713e-08;-2.8550857678055763e-08;eev,integrated,separated,ws;lintim;SiouxFalls;SiouxFalls;True;False;1e-05;6000;1;2;20;50;200;-5;100;0.75;2;55;50;10;10;16;1335;1335
12306540;336;g_000;2;1;42;line_consecutive;0.5;1336;8;20;13-24,21-24;6;51140.24;51140.240000000005;51140.23999997788;51140.23999997666;7.275957614183426e-12;-2.21261871047318e-08;-2.3348547983914614e-08;eev,integrated,separated,ws;lintim;SiouxFalls;SiouxFalls;True;False;1e-05;6000;1;2;20;50;200;-5;100;0.75;2;55;50;10;10;16;1336;1336
12306540;337;g_000;2;1;42;line_consecutive;0.5;1337;8;21;20-21,21-24;6;51140.24;51140.24;51140.23999999936;51140.239999999365;0.0;-6.402842700481415e-10;-6.330083124339581e-10;eev,integrated,separated,ws;lintim;SiouxFalls;SiouxFalls;True;False;1e-05;6000;1;2;20;50;200;-5;100;0.75;2;55;50;10;10;16;1337;1337
12306540;338;g_000;2;1;42;line_consecutive;0.5;1338;8;22;9-10,10-11;7;51140.24;51140.24;51140.23999999936;51140.239999999365;0.0;-6.402842700481415e-10;-6.330083124339581e-10;eev,integrated,separated,ws;lintim;SiouxFalls;SiouxFalls;True;False;1e-05;6000;1;2;20;50;200;-5;100;0.75;2;55;50;10;10;16;1338;1338
12306540;339;g_000;2;1;42;line_consecutive;0.5;1339;8;23;8-9,9-10;7;51559.31199999999;51664.08;52052.21599999936;52052.21599999937;104.76800000001094;388.1359999993583;388.1359999993656;eev,integrated,separated,ws;lintim;SiouxFalls;SiouxFalls;True;False;1e-05;6000;1;2;20;50;200;-5;100;0.75;2;55;50;10;10;16;1339;1339
12306540;340;g_000;2;1;42;line_consecutive;0.5;1340;8;24;1-3,3-12;8,12;51407.856;51474.76;51876.44799999571;51876.44799999571;66.90400000000227;401.6879999957091;401.6879999957091;eev,integrated,separated,ws;lintim;SiouxFalls;SiouxFalls;True;False;1e-05;6000;1;2;20;50;200;-5;100;0.75;2;55;50;10;10;16;1340;1340
12306540;341;g_000;2;1;42;line_consecutive;0.5;1341;8;25;3-12,11-12;8;51407.856;51474.76;51876.44799999936;51876.44799999936;66.90400000000227;401.6879999993544;401.6879999993544;eev,integrated,separated,ws;lintim;SiouxFalls;SiouxFalls;True;False;1e-05;6000;1;2;20;50;200;-5;100;0.75;2;55;50;10;10;16;1341;1341
12306540;342;g_000;2;1;42;line_consecutive;0.5;1342;8;26;11-12,11-14;8;59537.438;60159.301;62475.47899999966;60917.38499999997;621.8629999999976;2316.177999999658;758.0839999999735;eev,integrated,separated,ws;lintim;SiouxFalls;SiouxFalls;True;False;1e-05;6000;1;2;20;50;200;-5;100;0.75;2;55;50;10;10;16;1342;1342
12306540;343;g_000;2;1;42;line_consecutive;0.5;1343;8;27;5-6,5-9;9;58939.96399999991;59255.13799999842;63567.55699999967;59752.79800000001;315.1739999985075;4312.419000001253;497.6600000015897;eev,integrated,separated,ws;lintim;SiouxFalls;SiouxFalls;True;False;1e-05;6000;1;2;20;50;200;-5;100;0.75;2;55;50;10;10;16;1343;1343
12306540;344;g_000;2;1;42;line_consecutive;0.5;1344;8;28;5-9,9-10;9;55361.09599999999;55563.954;59745.49999999964;55563.954;202.85800000000745;4181.545999999646;0.0;eev,integrated,separated,ws;lintim;SiouxFalls;SiouxFalls;True;False;1e-05;6000;1;2;20;50;200;-5;100;0.75;2;55;50;10;10;16;1344;1344
12306540;345;g_000;2;1;42;line_consecutive;0.5;1345;8;29;9-10,10-15;9;54035.43199999999;54284.85500000001;58478.10199999968;54950.988;249.42300000001703;4193.246999999668;666.1329999999871;eev,integrated,separated,ws;lintim;SiouxFalls;SiouxFalls;True;False;1e-05;6000;1;2;20;50;200;-5;100;0.75;2;55;50;10;10;16;1345;1345
12306540;346;g_000;2;1;42;line_consecutive;0.5;1346;8;30;10-15,15-19;9;65146.60699999999;65939.69200000027;70152.86599999967;67393.347;793.0850000002829;4213.173999999402;1453.6549999997223;eev,integrated,separated,ws;lintim;SiouxFalls;SiouxFalls;True;False;1e-05;6000;1;2;20;50;200;-5;100;0.75;2;55;50;10;10;16;1346;1346
12306540;347;g_000;2;1;42;line_consecutive;0.5;1347;8;31;8-16,10-16;10;62172.773;62503.96099999999;64891.15999999967;64526.082;331.18799999998737;2387.1989999996804;2022.1210000000135;eev,integrated,separated,ws;lintim;SiouxFalls;SiouxFalls;True;False;1e-05;6000;1;2;20;50;200;-5;100;0.75;2;55;50;10;10;16;1347;1347
12306540;348;g_000;2;1;42;line_consecutive;0.5;1348;8;32;10-11,11-14;10;62085.11299999975;62507.81899999968;66319.84699999967;65554.31099999999;422.7059999999328;3812.027999999991;3046.492000000304;eev,integrated,separated,ws;lintim;SiouxFalls;SiouxFalls;True;False;1e-05;6000;1;2;20;50;200;-5;100;0.75;2;55;50;10;10;16;1348;1348
12306540;349;g_000;2;1;42;line_consecutive;0.5;1349;8;33;18-20,20-22;11;60673.03999999999;60972.12;63389.19499999967;65338.18399999999;299.080000000009;2417.0749999996697;4366.063999999984;eev,integrated,separated,ws;lintim;SiouxFalls;SiouxFalls;True;False;1e-05;6000;1;2;20;50;200;-5;100;0.75;2;55;50;10;10;16;1349;1349
12306540;350;g_000;2;1;42;line_consecutive;0.5;1350;8;34;7-18,18-20;11;67643.423;67780.41500000001;70467.79399999967;88871.89000000001;136.99200000001292;2687.378999999666;21091.47500000001;eev,integrated,separated,ws;lintim;SiouxFalls;SiouxFalls;True;False;1e-05;6000;1;2;20;50;200;-5;100;0.75;2;55;50;10;10;16;1350;1350
12306540;351;g_000;2;1;42;line_consecutive;0.5;1351;8;35;3-12,12-13;12;62797.148;63128.33599999997;65580.69499999967;64990.527;331.18799999996554;2452.3589999997057;1862.1910000000355;eev,integrated,separated,ws;lintim;SiouxFalls;SiouxFalls;True;False;1e-05;6000;1;2;20;50;200;-5;100;0.75;2;55;50;10;10;16;1351;1351
12306540;352;g_000;2;1;42;line_consecutive;0.5;1352;8;36;1-2,1-3;12;58205.636;58492.27799999999;61824.31099997781;58492.27800000027;286.6419999999925;3332.0329999778187;2.764863893389702e-10;eev,integrated,separated,ws;lintim;SiouxFalls;SiouxFalls;True;False;1e-05;6000;1;2;20;50;200;-5;100;0.75;2;55;50;10;10;16;1352;1352
12306540;353;g_000;2;1;42;line_consecutive;0.5;1353;8;37;15-19,17-19;13,14;51140.23999999999;51140.24;51140.23999999968;51140.239999999685;7.275957614183426e-12;-3.2014213502407074e-10;-3.1286617740988726e-10;eev,integrated,separated,ws;lintim;SiouxFalls;SiouxFalls;True;False;1e-05;6000;1;2;20;50;200;-5;100;0.75;2;55;50;10;10;16;1353;1353
12306540;354;g_000;2;1;42;line_consecutive;0.5;1354;8;38;15-19,15-22;13;51376.03999999999;51402.23999999999;53444.23999999967;53444.23999999968;26.19999999999709;2041.99999999968;2041.9999999996871;eev,integrated,separated,ws;lintim;SiouxFalls;SiouxFalls;True;False;1e-05;6000;1;2;20;50;200;-5;100;0.75;2;55;50;10;10;16;1354;1354
12306540;355;g_000;2;1;42;line_consecutive;0.5;1355;8;39;15-22,21-22;13;51140.23999999999;51140.23999999999;51140.23999999968;51140.239999999685;0.0;-3.1286617740988726e-10;-3.055902197957039e-10;eev,integrated,separated,ws;lintim;SiouxFalls;SiouxFalls;True;False;1e-05;6000;1;2;20;50;200;-5;100;0.75;2;55;50;10;10;16;1355;1355
12306540;356;g_000;2;1;42;line_consecutive;0.5;1356;8;40;14-15,15-19;14;51140.23999999999;51140.23999999999;51140.23999999967;51140.239999999685;0.0;-3.2014213502407074e-10;-3.055902197957039e-10;eev,integrated,separated,ws;lintim;SiouxFalls;SiouxFalls;True;False;1e-05;6000;1;2;20;50;200;-5;100;0.75;2;55;50;10;10;16;1356;1356
12306540;357;g_000;2;1;42;line_consecutive;0.5;1357;8;41;10-17,17-19;14;51140.23999999999;51140.24;51140.23999999967;51140.23999999967;7.275957614183426e-12;-3.2741809263825417e-10;-3.2741809263825417e-10;eev,integrated,separated,ws;lintim;SiouxFalls;SiouxFalls;True;False;1e-05;6000;1;2;20;50;200;-5;100;0.75;2;55;50;10;10;16;1357;1357
12306540;358;g_000;2;1;42;line_consecutive;0.5;1358;9;0;10-11,11-12;1,7;64199.924;64304.40000000008;65634.71299999967;73498.861;104.47600000008242;1330.3129999995872;9194.460999999925;eev,integrated,separated,ws;lintim;SiouxFalls;SiouxFalls;True;False;1e-05;6000;1;2;20;50;200;-5;200;0.75;2;55;50;10;10;16;1358;1358
12306540;359;g_000;2;1;42;line_consecutive;0.5;1359;9;1;10-11,10-16;1,10;56911.85000001037;57198.491999999984;59490.97099999968;57198.49199999999;286.64199998961703;2292.4789999996938;7.275957614183426e-12;eev,integrated,separated,ws;lintim;SiouxFalls;SiouxFalls;True;False;1e-05;6000;1;2;20;50;200;-5;200;0.75;2;55;50;10;10;16;1359;1359
12306540;360;g_000;2;1;42;line_consecutive;0.5;1360;9;2;10-16,16-18;1;59375.94199999998;59530.54899999999;62215.26199999968;60039.182;154.60700000001088;2684.7129999996905;508.6330000000089;eev,integrated,separated,ws;lintim;SiouxFalls;SiouxFalls;True;False;1e-05;6000;1;2;20;50;200;-5;200;0.75;2;55;50;10;10;16;1360;1360
12306540;361;g_000;2;1;42;line_consecutive;0.5;1361;9;3;2-6,6-8;2;57803.237;57914.09099999999;60028.64899999968;58667.41999999999;110.85399999999208;2114.5579999996844;753.3289999999979;eev,integrated,separated,ws;lintim;SiouxFalls;SiouxFalls;True;False;1e-05;6000;1;2;20;50;200;-5;200;0.75;2;55;50;10;10;16;1361;1361
12306540;362;g_000;2;1;42;line_consecutive;0.5;1362;9;4;6-8,8-16;2;56803.86799999999;57090.50999999998;59146.73899999968;57090.50999999999;286.6419999999925;2056.228999999701;7.275957614183426e-12;eev,integrated,separated,ws;lintim;SiouxFalls;SiouxFalls;True;False;1e-05;6000;1;2;20;50;200;-5;200;0.75;2;55;50;10;10;16;1362;1362
12306540;363;g_000;2;1;42;line_consecutive;0.5;1363;9;5;8-16,16-17;2,13;52777.511;52803.71099999999;55258.12699999967;52803.711;26.199999999989814;2454.4159999996846;1.4551915228366852e-11;eev,integrated,separated,ws;lintim;SiouxFalls;SiouxFalls;True;False;1e-05;6000;1;2;20;50;200;-5;200;0.75;2;55;50;10;10;16;1363;1363
12306540;364;g_000;2;1;42;line_consecutive;0.5;1364;9;6;16-17,17-19;2,13;54580.166;54580.16600000426;54580.16599999968;55652.16100000095;4.2637111619114876e-09;-4.583853296935558e-09;1071.994999996692;eev,integrated,separated,ws;lintim;SiouxFalls;SiouxFalls;True;False;1e-05;6000;1;2;20;50;200;-5;200;0.75;2;55;50;10;10;16;1364;1364
12306540;365;g_000;2;1;42;line_consecutive;0.5;1365;9;7;17-19,19-20;2;52314.09199999999;52314.479;52314.47899999969;52314.47899999968;0.3870000000097207;-3.1286617740988726e-10;-3.2014213502407074e-10;eev,integrated,separated,ws;lintim;SiouxFalls;SiouxFalls;True;False;1e-05;6000;1;2;20;50;200;-5;200;0.75;2;55;50;10;10;16;1365;1365
12306540;366;g_000;2;1;42;line_consecutive;0.5;1366;9;8;3-4,4-5;3;55275.61399999999;55556.122;58556.54599999968;57107.39099999999;280.5080000000162;3000.423999999679;1551.2689999999857;eev,integrated,separated,ws;lintim;SiouxFalls;SiouxFalls;True;False;1e-05;6000;1;2;20;50;200;-5;200;0.75;2;55;50;10;10;16;1366;1366
12306540;367;g_000;2;1;42;line_consecutive;0.5;1367;9;9;4-5,5-9;3;54142.54999999999;54206.33999999999;55655.49499999968;54206.33999999999;63.79000000000087;1449.1549999996932;0.0;eev,integrated,separated,ws;lintim;SiouxFalls;SiouxFalls;True;False;1e-05;6000;1;2;20;50;200;-5;200;0.75;2;55;50;10;10;16;1367;1367
12306540;368;g_000;2;1;42;line_consecutive;0.5;1368;9;10;5-9,8-9;3;54009.70999999999;54073.50000000001;55522.65499999968;54073.49999999999;63.79000000001543;1449.1549999996714;-1.4551915228366852e-11;eev,integrated,separated,ws;lintim;SiouxFalls;SiouxFalls;True;False;1e-05;6000;1;2;20;50;200;-5;200;0.75;2;55;50;10;10;16;1368;1368
12306540;369;g_000;2;1;42;line_consecutive;0.5;1369;9;11;7-8,8-9;3,7;52280.19799999999;52406.85999999999;53995.66999999968;53995.66999999968;126.6620000000039;1588.8099999996848;1588.8099999996848;eev,integrated,separated,ws;lintim;SiouxFalls;SiouxFalls;True;False;1e-05;6000;1;2;20;50;200;-5;200;0.75;2;55;50;10;10;16;1369;1369
12306540;370;g_000;2;1;42;line_consecutive;0.5;1370;9;12;7-8,7-18;3,11;51140.239999999976;51140.23999999999;51140.23999999968;51140.23999999968;1.4551915228366852e-11;-3.1286617740988726e-10;-3.1286617740988726e-10;eev,integrated,separated,ws;lintim;SiouxFalls;SiouxFalls;True;False;1e-05;6000;1;2;20;50;200;-5;200;0.75;2;55;50;10;10;16;1370;1370
12306540;371;g_000;2;1;42;line_consecutive;0.5;1371;9;13;1-3,3-4;4;51376.04000009844;51402.24;53444.23999999968;53444.23999999968;26.19999990156066;2041.99999999968;2041.99999999968;eev,integrated,separated,ws;lintim;SiouxFalls;SiouxFalls;True;False;1e-05;6000;1;2;20;50;200;-5;200;0.75;2;55;50;10;10;16;1371;1371
12306540;372;g_000;2;1;42;line_consecutive;0.5;1372;9;14;3-4,4-11;4;52202.438;52320.459999998246;55822.895000009456;53191.033;118.0219999982437;3502.43500001121;870.5730000017575;eev,integrated,separated,ws;lintim;SiouxFalls;SiouxFalls;True;False;1e-05;6000;1;2;20;50;200;-5;200;0.75;2;55;50;10;10;16;1372;1372
12306540;373;g_000;2;1;42;line_consecutive;0.5;1373;9;15;4-11,11-14;4;51140.240000000005;51140.23999999999;51140.23999996956;51140.23999996956;-1.4551915228366852e-11;-3.0428054742515094e-08;-3.0428054742515094e-08;eev,integrated,separated,ws;lintim;SiouxFalls;SiouxFalls;True;False;1e-05;6000;1;2;20;50;200;-5;200;0.75;2;55;50;10;10;16;1373;1373
12306540;374;g_000;2;1;42;line_consecutive;0.5;1374;9;16;11-14,14-23;4,10;51140.23999999999;51140.24;51140.23999997524;51140.23999997524;7.275957614183426e-12;-2.47600837610662e-08;-2.47600837610662e-08;eev,integrated,separated,ws;lintim;SiouxFalls;SiouxFalls;True;False;1e-05;6000;1;2;20;50;200;-5;200;0.75;2;55;50;10;10;16;1374;1374
12306540;375;g_000;2;1;42;line_consecutive;0.5;1375;9;17;14-23,23-24;4;51140.23999998829;51140.23999999999;51140.23999999968;51140.23999999968;1.1699739843606949e-08;-3.1286617740988726e-10;-3.1286617740988726e-10;eev,integrated,separated,ws;lintim;SiouxFalls;SiouxFalls;True;False;1e-05;6000;1;2;20;50;200;-5;200;0.75;2;55;50;10;10;16;1375;1375
12306540;376;g_000;2;1;42;line_consecutive;0.5;1376;9;18;10-15,15-22;5;51140.23999999999;51140.23999999999;51140.23999999968;51140.23999999968;0.0;-3.1286617740988726e-10;-3.1286617740988726e-10;eev,integrated,separated,ws;lintim;SiouxFalls;SiouxFalls;True;False;1e-05;6000;1;2;20;50;200;-5;200;0.75;2;55;50;10;10;16;1376;1376
12306540;377;g_000;2;1;42;line_consecutive;0.5;1377;9;19;15-22,22-23;5;51611.696;51664.08;52166.21299999968;52166.21299999968;52.3839999999982;502.1329999996815;502.1329999996815;eev,integrated,separated,ws;lintim;SiouxFalls;SiouxFalls;True;False;1e-05;6000;1;2;20;50;200;-5;200;0.75;2;55;50;10;10;16;1377;1377
12306540;378;g_000;2;1;42;line_consecutive;0.5;1378;9;20;13-24,21-24;6;51441.30799999999;51474.76;51968.47399999968;51968.47399999968;33.45200000001205;493.7139999996798;493.7139999996798;eev,integrated,separated,ws;lintim;SiouxFalls;SiouxFalls;True;False;1e-05;6000;1;2;20;50;200;-5;200;0.75;2;55;50;10;10;16;1378;1378
12306540;379;g_000;2;1;42;line_consecutive;0.5;1379;9;21;20-21,21-24;6;51441.307999999975;51474.76;51968.47399999968;51968.47399999968;33.4520000000266;493.7139999996798;493.7139999996798;eev,integrated,separated,ws;lintim;SiouxFalls;SiouxFalls;True;False;1e-05;6000;1;2;20;50;200;-5;200;0.75;2;55;50;10;10;16;1379;1379
12306540;380;g_000;2;1;42;line_consecutive;0.5;1380;9;22;9-10,10-11;7;60003.94899999356;60340.696;63182.734499999824;61202.26399999998;336.74700000644225;2842.0384999998205;861.5679999999775;eev,integrated,separated,ws;lintim;SiouxFalls;SiouxFalls;True;False;1e-05;6000;1;2;20;50;200;-5;200;0.75;2;55;50;10;10;16;1380;1380
12306540;381;g_000;2;1;42;line_consecutive;0.5;1381;9;23;8-9,9-10;7;59373.28199999999;59530.869;64335.48349999984;62021.3465;157.5870000000068;4804.614499999843;2490.477500000001;eev,integrated,separated,ws;lintim;SiouxFalls;SiouxFalls;True;False;1e-05;6000;1;2;20;50;200;-5;200;0.75;2;55;50;10;10;16;1381;1381
12306540;382;g_000;2;1;42;line_consecutive;0.5;1382;9;24;1-3,3-12;8,12;55595.588;55697.01699999999;60301.08999999984;56454.70150000359;101.42899999998916;4604.072999999844;757.6845000035973;eev,integrated,separated,ws;lintim;SiouxFalls;SiouxFalls;True;False;1e-05;6000;1;2;20;50;200;-5;200;0.75;2;55;50;10;10;16;1382;1382
12306540;383;g_000;2;1;42;line_consecutive;0.5;1383;9;25;3-12,11-12;8;54196.27599999999;54357.12000000001;58963.28099999984;54357.12;160.84400000001915;4606.160999999833;-7.275957614183426e-12;eev,integrated,separated,ws;lintim;SiouxFalls;SiouxFalls;True;False;1e-05;6000;1;2;20;50;200;-5;200;0.75;2;55;50;10;10;16;1383;1383
12306540;384;g_000;2;1;42;line_consecutive;0.5;1384;9;26;11-12,11-14;8;65924.73849999999;66376.12149999998;71469.78399999984;68876.99349999998;451.3829999999871;5093.66249999986;2500.872000000003;eev,integrated,separated,ws;lintim;SiouxFalls;SiouxFalls;True;False;1e-05;6000;1;2;20;50;200;-5;200;0.75;2;55;50;10;10;16;1384;1384
12306540;385;g_000;2;1;42;line_consecutive;0.5;1385;9;27;5-6,5-9;9;62785.69149999999;62951.2855;65655.09999999983;68876.99349999998;165.5940000000046;2703.814499999833;5925.707999999984;eev,integrated,separated,ws;lintim;SiouxFalls;SiouxFalls;True;False;1e-05;6000;1;2;20;50;200;-5;200;0.75;2;55;50;10;10;16;1385;1385
12306540;386;g_000;2;1;42;line_consecutive;0.5;1386;9;28;5-9,9-10;9;62693.16149999983;62904.51449999977;67163.15849999984;72666.386;211.3529999999446;4258.644000000073;9761.871500000228;eev,integrated,separated,ws;lintim;SiouxFalls;SiouxFalls;True;False;1e-05;6000;1;2;20;50;200;-5;200;0.75;2;55;50;10;10;16;1386;1386
12306540;387;g_000;2;1;42;line_consecutive;0.5;1387;9;29;9-10,10-15;9;61202.64000000001;61352.18;64069.69249999985;71658.2525;149.5399999999936;2717.512499999852;10306.072500000002;eev,integrated,separated,ws;lintim;SiouxFalls;SiouxFalls;True;False;1e-05;6000;1;2;20;50;200;-5;200;0.75;2;55;50;10;10;16;1387;1387
12306540;388;g_000;2;1;42;line_consecutive;0.5;1388;9;30;10-15,15-19;9;68560.26649999998;68628.7625;71541.54699999985;137146.98;68.49600000001374;2912.784499999849;68518.21750000001;eev,integrated,separated,ws;lintim;SiouxFalls;SiouxFalls;True;False;1e-05;6000;1;2;20;50;200;-5;200;0.75;2;55;50;10;10;16;1388;1388
12306540;389;g_000;2;1;42;line_consecutive;0.5;1389;9;31;8-16,10-16;10;63444.75400006282;63610.34799999998;66382.94249999983;68876.99349999998;165.59399993716215;2772.5944999998464;5266.645499999999;eev,integrated,separated,ws;lintim;SiouxFalls;SiouxFalls;True;False;1e-05;6000;1;2;20;50;200;-5;200;0.75;2;55;50;10;10;16;1389;1389
12306540;390;g_000;2;1;42;line_consecutive;0.5;1390;9;32;10-11,11-14;10;58598.158;58741.479;62417.87049999983;83898.9345;143.32099999999627;3676.391499999831;25157.455500000004;eev,integrated,separated,ws;lintim;SiouxFalls;SiouxFalls;True;False;1e-05;6000;1;2;20;50;200;-5;200;0.75;2;55;50;10;10;16;1390;1390
12306540;391;g_000;2;1;42;line_consecutive;0.5;1391;9;33;18-20,20-22;11;51140.24;51140.23999999999;51140.239999999845;51140.239999999845;-7.275957614183426e-12;-1.4551915228366852e-10;-1.4551915228366852e-10;eev,integrated,separated,ws;lintim;SiouxFalls;SiouxFalls;True;False;1e-05;6000;1;2;20;50;200;-5;200;0.75;2;55;50;10;10;16;1391;1391
12306540;392;g_000;2;1;42;line_consecutive;0.5;1392;9;34;7-18,18-20;11;51389.14000000001;51402.23999999999;53572.23999999984;51402.23999999999;13.099999999983991;2169.999999999847;0.0;eev,integrated,separated,ws;lintim;SiouxFalls;SiouxFalls;True;False;1e-05;6000;1;2;20;50;200;-5;200;0.75;2;55;50;10;10;16;1392;1392
12306540;393;g_000;2;1;42;line_consecutive;0.5;1393;9;35;3-12,12-13;12;51140.24;51140.23999999999;51140.239999999845;51140.23999999984;-7.275957614183426e-12;-1.4551915228366852e-10;-1.5279510989785194e-10;eev,integrated,separated,ws;lintim;SiouxFalls;SiouxFalls;True;False;1e-05;6000;1;2;20;50;200;-5;200;0.75;2;55;50;10;10;16;1393;1393
12306540;394;g_000;2;1;42;line_consecutive;0.5;1394;9;36;1-2,1-3;12;51140.23999999999;51140.23999998792;51140.23999999984;51140.23999999984;-1.2070813681930304e-08;1.1918018572032452e-08;1.1918018572032452e-08;eev,integrated,separated,ws;lintim;SiouxFalls;SiouxFalls;True;False;1e-05;6000;1;2;20;50;200;-5;200;0.75;2;55;50;10;10;16;1394;1394
12306540;395;g_000;2;1;42;line_consecutive;0.5;1395;9;37;15-19,17-19;13,14;51140.23999999999;51140.23999999996;51140.23999999984;51140.23999999984;-2.9103830456733704e-11;-1.2369127944111824e-10;-1.2369127944111824e-10;eev,integrated,separated,ws;lintim;SiouxFalls;SiouxFalls;True;False;1e-05;6000;1;2;20;50;200;-5;200;0.75;2;55;50;10;10;16;1395;1395
12306540;396;g_000;2;1;42;line_consecutive;0.5;1396;9;38;15-19,15-22;13;64925.462;64977.7;66439.96149999983;187834.72300000003;52.23799999999756;1462.2614999998332;122857.02300000004;eev,integrated,separated,ws;lintim;SiouxFalls;SiouxFalls;True;False;1e-05;6000;1;2;20;50;200;-5;200;0.75;2;55;50;10;10;16;1396;1396
12306540;397;g_000;2;1;42;line_consecutive;0.5;1397;9;39;15-22,21-22;13;57232.49500001094;57375.81600006842;59954.90049999984;58126.1565;143.32100005748362;2579.0844999314213;750.3404999315753;eev,integrated,separated,ws;lintim;SiouxFalls;SiouxFalls;True;False;1e-05;6000;1;2;20;50;200;-5;200;0.75;2;55;50;10;10;16;1397;1397
12306540;398;g_000;2;1;42;line_consecutive;0.5;1398;9;40;14-15,15-19;14;59833.48099999999;59925.9795;62830.54099999984;66063.1495;92.4985000000088;2904.561499999836;6137.169999999998;eev,integrated,separated,ws;lintim;SiouxFalls;SiouxFalls;True;False;1e-05;6000;1;2;20;50;200;-5;200;0.75;2;55;50;10;10;16;1398;1398
12306540;399;g_000;2;1;42;line_consecutive;0.5;1399;9;41;10-17,17-19;14;58173.4035;58228.8305;60522.44949999984;61851.19249999999;55.42699999999604;2293.618999999846;3622.3619999999937;eev,integrated,separated,ws;lintim;SiouxFalls;SiouxFalls;True;False;1e-05;6000;1;2;20;50;200;-5;200;0.75;2;55;50;10;10;16;1399;1399
