array_job_id;task_id;run_group_id;case_k;case_per_run;case_variants;case_selection;case_p_fail;case_id;case_sweep_row;case_variant_idx;case_edges;case_lines;WS;RP;EEV_nom;EEV_mean;EVPI;VSS_nom;VSS_mean;procedures_present;source;network;scenario_line_data;routing_agg;waiting_time_frequency;gap;time_limit;travel_time_cost_mult;waiting_time_cost_mult;line_operation_cost_mult;cost_repl_freq;cost_repl_line;repl_budget;bypass_multiplier;overdemand_threshold;overdemand_multiplier;num_od;train_capacity;infrastructure_capacity;max_frequency;threads;demand_scale;scenario_infra_id;scenario_prob_id
14050707;0;g_000;1;1;30;line_consecutive;0.5;1000;0;0;12-13;12;136644.6338439994;136644.633844;136644.63384399994;136644.633844;5.820766091346741e-10;-5.820766091346741e-11;0.0;eev,integrated,separated,ws;lintim;SiouxFalls;SiouxFalls;True;False;1e-05;12000;1;2;20;10;50;-5;50;0.75;2;50;50;10;10;16;2.7866;1000;1000
14050707;1;g_000;1;1;30;line_consecutive;0.5;1001;0;1;20-21;6;137673.0733069994;137673.07330699792;137673.07330699996;137673.07300411584;-1.4842953532934187e-09;2.0372681319713593e-09;-0.0003028820792678;eev,integrated,separated,ws;lintim;SiouxFalls;SiouxFalls;True;False;1e-05;12000;1;2;20;10;50;-5;50;0.75;2;50;50;10;10;16;2.7866;1001;1001
14050707;2;g_000;1;1;30;line_consecutive;0.5;1002;0;2;14-23;4,10;142908.7215669994;142908.72155925346;142908.72156699997;152359.081366;-7.745926268398762e-06;7.746508345007896e-06;9450.359806746535;eev,integrated,separated,ws;lintim;SiouxFalls;SiouxFalls;True;False;1e-05;12000;1;2;20;10;50;-5;50;0.75;2;50;50;10;10;16;2.7866;1002;1002
14050707;3;g_000;1;1;30;line_consecutive;0.5;1003;0;3;22-23;5;139690.21360499942;139890.477533;139915.88325099996;139915.883251;200.2639280005824;25.405717999965415;25.40571799999452;eev,integrated,separated,ws;lintim;SiouxFalls;SiouxFalls;True;False;1e-05;12000;1;2;20;10;50;-5;50;0.75;2;50;50;10;10;16;2.7866;1003;1003
14050707;4;g_000;1;1;30;line_consecutive;0.5;1004;0;4;11-14;4,8,10;153166.74913899938;153296.38810735344;153308.29224499993;161906.928535;129.63896835406194;11.90413764648838;8610.54042764657;eev,integrated,separated,ws;lintim;SiouxFalls;SiouxFalls;True;False;1e-05;12000;1;2;20;10;50;-5;50;0.75;2;50;50;10;10;16;2.7866;1004;1004
14050707;5;g_000;1;1;30;line_consecutive;0.5;1005;0;5;4-5;3;137361.74969799857;137399.974062;137399.97406199994;137399.974062;38.22436400142033;-5.820766091346741e-11;0.0;eev,integrated,separated,ws;lintim;SiouxFalls;SiouxFalls;True;False;1e-05;12000;1;2;20;10;50;-5;50;0.75;2;50;50;10;10;16;2.7866;1005;1005
14050707;6;g_000;1;1;30;line_consecutive;0.5;1006;0;6;1-2;12;136644.6338439994;136644.63384399997;136644.63384399994;136644.633844;5.529727786779404e-10;-2.9103830456733704e-11;2.9103830456733704e-11;eev,integrated,separated,ws;lintim;SiouxFalls;SiouxFalls;True;False;1e-05;12000;1;2;20;10;50;-5;50;0.75;2;50;50;10;10;16;2.7866;1006;1006
14050707;7;g_000;1;1;30;line_consecutive;0.5;1007;0;7;4-11;4;144285.5526309931;144368.30293900002;144368.30293899996;151461.37042897686;82.75030800691457;-5.820766091346741e-11;7093.067489976849;eev,integrated,separated,ws;lintim;SiouxFalls;SiouxFalls;True;False;1e-05;12000;1;2;20;10;50;-5;50;0.75;2;50;50;10;10;16;2.7866;1007;1007
14050707;8;g_000;1;1;30;line_consecutive;0.5;1008;0;8;16-17;2,13;143903.76811999938;144108.64814499998;144108.64814499996;154021.7584399999;204.88002500060247;-2.9103830456733704e-11;9913.110294999904;eev,integrated,separated,ws;lintim;SiouxFalls;SiouxFalls;True;False;1e-05;12000;1;2;20;10;50;-5;50;0.75;2;50;50;10;10;16;2.7866;1008;1008
14050707;9;g_000;1;1;30;line_consecutive;0.5;1009;0;9;10-11;1,7,10;146824.3619229994;147114.14736682142;147153.21354299993;155540.04210299996;289.78544382200926;39.06617617851589;8425.89473617854;eev,integrated,separated,ws;lintim;SiouxFalls;SiouxFalls;True;False;1e-05;12000;1;2;20;10;50;-5;50;0.75;2;50;50;10;10;16;2.7866;1009;1009
14050707;10;g_000;1;1;30;line_consecutive;0.5;1010;0;10;7-18;3,11;137129.3074029994;137129.3074029955;137129.30740299996;137129.307403;-3.899913281202316e-09;4.4528860598802575e-09;4.511093720793724e-09;eev,integrated,separated,ws;lintim;SiouxFalls;SiouxFalls;True;False;1e-05;12000;1;2;20;10;50;-5;50;0.75;2;50;50;10;10;16;2.7866;1010;1010
14050707;11;g_000;1;1;30;line_consecutive;0.5;1011;0;11;13-24;6;141976.5236739994;142059.27398199803;142059.27398199996;142059.2736791158;82.75030799861997;1.920852810144424e-09;-0.000302882224787;eev,integrated,separated,ws;lintim;SiouxFalls;SiouxFalls;True;False;1e-05;12000;1;2;20;10;50;-5;50;0.75;2;50;50;10;10;16;2.7866;1011;1011
14050707;12;g_000;1;1;30;line_consecutive;0.5;1012;0;12;1-3;4,8,12;151023.94896797344;151106.69925636146;151106.69927599997;158102.2530599935;82.75028838802245;1.9638508092612028e-05;6995.553803632036;eev,integrated,separated,ws;lintim;SiouxFalls;SiouxFalls;True;False;1e-05;12000;1;2;20;10;50;-5;50;0.75;2;50;50;10;10;16;2.7866;1012;1012
14050707;13;g_000;1;1;30;line_consecutive;0.5;1013;0;13;18-20;11;136644.6338439994;136644.633844;136644.63384399997;136644.633844;5.820766091346741e-10;-2.9103830456733704e-11;0.0;eev,integrated,separated,ws;lintim;SiouxFalls;SiouxFalls;True;False;1e-05;12000;1;2;20;10;50;-5;50;0.75;2;50;50;10;10;16;2.7866;1013;1013
14050707;14;g_000;1;1;30;line_consecutive;0.5;1014;0;14;23-24;4;142121.5015619994;142335.51549;142522.41959799995;149570.59699597687;214.0139280005824;186.9041079999588;7235.081505976879;eev,integrated,separated,ws;lintim;SiouxFalls;SiouxFalls;True;False;1e-05;12000;1;2;20;10;50;-5;50;0.75;2;50;50;10;10;16;2.7866;1014;1014
14050707;15;g_000;1;1;30;line_consecutive;0.5;1015;0;15;21-24;6;137180.30594099942;137180.43379699325;137180.30594094476;137180.30563806064;0.1278559938364196;-0.1278560484934132;-0.1281589326099492;eev,integrated,separated,ws;lintim;SiouxFalls;SiouxFalls;True;False;1e-05;12000;1;2;20;10;50;-5;50;0.75;2;50;50;10;10;16;2.7866;1015;1015
14050707;16;g_000;1;1;30;line_consecutive;0.5;1016;0;16;17-19;2,13,14;162293.61169399938;162490.87384800002;162490.87384799996;181576.39882099992;197.26215400063663;-5.820766091346741e-11;19085.524972999905;eev,integrated,separated,ws;lintim;SiouxFalls;SiouxFalls;True;False;1e-05;12000;1;2;20;10;50;-5;50;0.75;2;50;50;10;10;16;2.7866;1016;1016
14050707;17;g_000;1;1;30;line_consecutive;0.5;1017;0;17;21-22;13;136644.6338439994;136644.633844;136644.6338439994;136644.63384399947;5.820766091346741e-10;-5.820766091346741e-10;-5.238689482212067e-10;eev,integrated,separated,ws;lintim;SiouxFalls;SiouxFalls;True;False;1e-05;12000;1;2;20;10;50;-5;50;0.75;2;50;50;10;10;16;2.7866;1017;1017
14050707;18;g_000;1;1;30;line_consecutive;0.5;1018;0;18;16-18;1;141948.86620399938;142269.23154199996;142276.57146399998;142918.66192841838;320.3653380005853;7.339922000013757;649.4303864184185;eev,integrated,separated,ws;lintim;SiouxFalls;SiouxFalls;True;False;1e-05;12000;1;2;20;10;50;-5;50;0.75;2;50;50;10;10;16;2.7866;1018;1018
14050707;19;g_000;1;1;30;line_consecutive;0.5;1019;0;19;5-9;3,9;140182.43359699944;140293.946325;140293.94632499997;141804.62675785925;111.51272800055447;-2.9103830456733704e-11;1510.6804328592552;eev,integrated,separated,ws;lintim;SiouxFalls;SiouxFalls;True;False;1e-05;12000;1;2;20;10;50;-5;50;0.75;2;50;50;10;10;16;2.7866;1019;1019
14050707;20;g_000;1;1;30;line_consecutive;0.5;1020;0;20;19-20;2;146690.74750299938;146735.41141650398;146747.31553899997;156667.07740999968;44.663913504598895;11.90412249599467;9931.6659934957;eev,integrated,separated,ws;lintim;SiouxFalls;SiouxFalls;True;False;1e-05;12000;1;2;20;10;50;-5;50;0.75;2;50;50;10;10;16;2.7866;1020;1020
14050707;21;g_000;1;1;30;line_consecutive;0.5;1021;0;21;8-9;3,7;136774.22108399938;136841.73731895574;136972.19033899996;136972.19033899996;67.51623495636159;130.4530200442241;130.4530200442241;eev,integrated,separated,ws;lintim;SiouxFalls;SiouxFalls;True;False;1e-05;12000;1;2;20;10;50;-5;50;0.75;2;50;50;10;10;16;2.7866;1021;1021
14050707;22;g_000;1;1;30;line_consecutive;0.5;1022;0;22;10-15;5,9;145241.6039369994;145241.66786494787;145253.57197299995;150464.19279499998;0.063927948474884;11.904108052083757;5222.52493005211;eev,integrated,separated,ws;lintim;SiouxFalls;SiouxFalls;True;False;1e-05;12000;1;2;20;10;50;-5;50;0.75;2;50;50;10;10;16;2.7866;1022;1022
14050707;23;g_000;1;1;30;line_consecutive;0.5;1023;0;23;2-6;2;153491.45464099938;153587.954949;153587.95494899992;163081.63673499966;96.50030800062814;-8.731149137020111e-11;9493.681785999652;eev,integrated,separated,ws;lintim;SiouxFalls;SiouxFalls;True;False;1e-05;12000;1;2;20;10;50;-5;50;0.75;2;50;50;10;10;16;2.7866;1023;1023
14050707;24;g_000;1;1;30;line_consecutive;0.5;1024;0;24;6-8;2;147181.2837309994;147208.59312269377;147208.59333699994;156735.47778599965;27.309391694376245;0.0002143061719834;9526.884663305886;eev,integrated,separated,ws;lintim;SiouxFalls;SiouxFalls;True;False;1e-05;12000;1;2;20;10;50;-5;50;0.75;2;50;50;10;10;16;2.7866;1024;1024
14050707;25;g_000;1;1;30;line_consecutive;0.5;1025;0;25;15-19;9,13,14;141601.7865279994;141601.78652799997;141601.78652799997;141601.78652800003;5.820766091346741e-10;0.0;5.820766091346741e-11;eev,integrated,separated,ws;lintim;SiouxFalls;SiouxFalls;True;False;1e-05;12000;1;2;20;10;50;-5;50;0.75;2;50;50;10;10;16;2.7866;1025;1025
14050707;26;g_000;1;1;30;line_consecutive;0.5;1026;0;26;9-10;7,9;141984.9858329994;141985.04976099712;141996.95386899996;141985.04976096412;0.0639279977185651;11.904108002840076;-3.300374373793602e-08;eev,integrated,separated,ws;lintim;SiouxFalls;SiouxFalls;True;False;1e-05;12000;1;2;20;10;50;-5;50;0.75;2;50;50;10;10;16;2.7866;1026;1026
14050707;27;g_000;1;1;30;line_consecutive;0.5;1027;0;27;14-15;14;136644.6338439994;136644.63384402305;136644.63384399994;136644.633844;2.3632310330867767e-08;-2.310844138264656e-08;-2.3050233721733093e-08;eev,integrated,separated,ws;lintim;SiouxFalls;SiouxFalls;True;False;1e-05;12000;1;2;20;10;50;-5;50;0.75;2;50;50;10;10;16;2.7866;1027;1027
14050707;28;g_000;1;1;30;line_consecutive;0.5;1028;0;28;15-22;5,13;140881.25694999943;141081.52086137983;141256.84271399997;141256.842714;200.26391138040344;175.3218526201381;175.3218526201672;eev,integrated,separated,ws;lintim;SiouxFalls;SiouxFalls;True;False;1e-05;12000;1;2;20;10;50;-5;50;0.75;2;50;50;10;10;16;2.7866;1028;1028
14050707;29;g_000;1;1;30;line_consecutive;0.5;1029;0;29;10-17;14;136644.6338439994;136644.63384399307;136644.63384399994;136644.633844;-6.344635039567947e-09;6.868503987789154e-09;6.926711648702621e-09;eev,integrated,separated,ws;lintim;SiouxFalls;SiouxFalls;True;False;1e-05;12000;1;2;20;10;50;-5;50;0.75;2;50;50;10;10;16;2.7866;1029;1029
14050707;30;g_000;2;1;30;line_consecutive;0.5;1030;1;0;9-10,10-15;9;146432.0899789994;146476.7539069224;146488.65801499994;151737.109809;44.66392792298575;11.904108077549608;5260.355902077601;eev,integrated,separated,ws;lintim;SiouxFalls;SiouxFalls;True;False;1e-05;12000;1;2;20;10;50;-5;50;0.75;2;50;50;10;10;16;2.7866;1030;1030
14050707;31;g_000;2;1;30;line_consecutive;0.5;1031;1;1;13-24,21-24;6;142301.9141629994;142301.91416299998;142301.91416299815;142301.913860114;5.820766091346741e-10;-1.8335413187742235e-09;-0.0003028859791811;eev,integrated,separated,ws;lintim;SiouxFalls;SiouxFalls;True;False;1e-05;12000;1;2;20;10;50;-5;50;0.75;2;50;50;10;10;16;2.7866;1031;1031
14050707;32;g_000;2;1;30;line_consecutive;0.5;1032;1;2;10-15,15-22;5;147019.1723259994;147019.23625386442;147031.14036199998;152314.03725300002;0.0639278650342021;11.904108135553544;5294.800999135594;eev,integrated,separated,ws;lintim;SiouxFalls;SiouxFalls;True;False;1e-05;12000;1;2;20;10;50;-5;50;0.75;2;50;50;10;10;16;2.7866;1032;1032
14050707;33;g_000;2;1;30;line_consecutive;0.5;1033;1;3;8-9,9-10;7;141501.87583699942;141517.457085;141529.36119299993;141517.45708499485;15.58124800058431;11.904107999929693;-5.1513779908418655e-09;eev,integrated,separated,ws;lintim;SiouxFalls;SiouxFalls;True;False;1e-05;12000;1;2;20;10;50;-5;50;0.75;2;50;50;10;10;16;2.7866;1033;1033
14050707;34;g_000;2;1;30;line_consecutive;0.5;1034;1;4;15-19,17-19;13,14;164036.96591599938;164044.08401499386;164141.13503199996;184337.150496;7.118098994484171;97.05101700610248;20293.066481006128;eev,integrated,separated,ws;lintim;SiouxFalls;SiouxFalls;True;False;1e-05;12000;1;2;20;10;50;-5;50;0.75;2;50;50;10;10;16;2.7866;1034;1034
14050707;35;g_000;2;1;30;line_consecutive;0.5;1035;1;5;17-19,19-20;2;161941.0443459994;161985.70827400062;161997.6123819999;181576.39882099992;44.663928001216846;11.904107999289408;19590.690546999307;eev,integrated,separated,ws;lintim;SiouxFalls;SiouxFalls;True;False;1e-05;12000;1;2;20;10;50;-5;50;0.75;2;50;50;10;10;16;2.7866;1035;1035
14050707;36;g_000;2;1;30;line_consecutive;0.5;1036;1;6;2-6,6-8;2;157881.74978599942;158082.84916999997;158256.50009399996;167323.2917199997;201.099384000554;173.65092399998684;9240.442549999716;eev,integrated,separated,ws;lintim;SiouxFalls;SiouxFalls;True;False;1e-05;12000;1;2;20;10;50;-5;50;0.75;2;50;50;10;10;16;2.7866;1036;1036
14050707;37;g_000;2;1;30;line_consecutive;0.5;1037;1;7;8-16,10-16;10;147261.65390999938;147633.45557999986;147642.00835599995;160830.1800930024;371.80167000048095;8.552776000084123;13196.724513002526;eev,integrated,separated,ws;lintim;SiouxFalls;SiouxFalls;True;False;1e-05;12000;1;2;20;10;50;-5;50;0.75;2;50;50;10;10;16;2.7866;1037;1037
14050707;38;g_000;2;1;30;line_consecutive;0.5;1038;1;8;5-9,8-9;3;141501.87583699942;141517.457085;141529.36119299993;142905.04162899934;15.58124800058431;11.904107999929693;1387.5845439993427;eev,integrated,separated,ws;lintim;SiouxFalls;SiouxFalls;True;False;1e-05;12000;1;2;20;10;50;-5;50;0.75;2;50;50;10;10;16;2.7866;1038;1038
14050707;39;g_000;2;1;30;line_consecutive;0.5;1039;1;9;8-16,16-17;2,13;148721.10292999938;148725.80356999996;148885.70767799995;159106.50121499138;4.70064000057755;159.9041079999879;10380.697644991422;eev,integrated,separated,ws;lintim;SiouxFalls;SiouxFalls;True;False;1e-05;12000;1;2;20;10;50;-5;50;0.75;2;50;50;10;10;16;2.7866;1039;1039
14050707;40;g_000;2;1;30;line_consecutive;0.5;1040;1;10;14-15,15-19;14;141601.7865279994;141601.78652799997;141601.78652799997;141601.78652800003;5.820766091346741e-10;0.0;5.820766091346741e-11;eev,integrated,separated,ws;lintim;SiouxFalls;SiouxFalls;True;False;1e-05;12000;1;2;20;10;50;-5;50;0.75;2;50;50;10;10;16;2.7866;1040;1040
14050707;41;g_000;2;1;30;line_consecutive;0.5;1041;1;11;15-22,22-23;5;141899.0524349994;141899.05243499918;141899.05243499996;141899.052435;-2.3283064365386963e-10;7.858034223318101e-10;8.149072527885436e-10;eev,integrated,separated,ws;lintim;SiouxFalls;SiouxFalls;True;False;1e-05;12000;1;2;20;10;50;-5;50;0.75;2;50;50;10;10;16;2.7866;1041;1041
14050707;42;g_000;2;1;30;line_consecutive;0.5;1042;1;12;9-10,10-11;7;150991.2616898251;151111.214811;151152.46162699995;159849.998776;119.95312117491268;41.246815999940736;8738.78396499998;eev,integrated,separated,ws;lintim;SiouxFalls;SiouxFalls;True;False;1e-05;12000;1;2;20;10;50;-5;50;0.75;2;50;50;10;10;16;2.7866;1042;1042
14050707;43;g_000;2;1;30;line_consecutive;0.5;1043;1;13;10-11,10-16;1,10;149260.4931919994;149468.99349999972;149468.99349999995;158005.54153399996;208.500308000308;2.3283064365386963e-10;8536.54803400024;eev,integrated,separated,ws;lintim;SiouxFalls;SiouxFalls;True;False;1e-05;12000;1;2;20;10;50;-5;50;0.75;2;50;50;10;10;16;2.7866;1043;1043
14050707;44;g_000;2;1;30;line_consecutive;0.5;1044;1;14;10-16,16-18;1;143628.59318999923;143948.9585279991;143956.29844999994;145761.8189;320.36533799985773;7.339922000857769;1812.8603720009269;eev,integrated,separated,ws;lintim;SiouxFalls;SiouxFalls;True;False;1e-05;12000;1;2;20;10;50;-5;50;0.75;2;50;50;10;10;16;2.7866;1044;1044
14050707;45;g_000;2;1;30;line_consecutive;0.5;1045;1;15;1-2,1-3;12;177305.41711899938;177388.16742700004;177388.1674270004;184091.7212109935;82.75030800065724;3.4924596548080444e-10;6703.55378399347;eev,integrated,separated,ws;lintim;SiouxFalls;SiouxFalls;True;False;1e-05;12000;1;2;20;10;50;-5;50;0.75;2;50;50;10;10;16;2.7866;1045;1045
14050707;46;g_000;2;1;30;line_consecutive;0.5;1046;1;16;1-3,3-4;4;151417.27203105792;151500.53595899997;151512.4400670034;163245.02970727382;83.26392794205458;11.904108003422152;11744.493748273846;eev,integrated,separated,ws;lintim;SiouxFalls;SiouxFalls;True;False;1e-05;12000;1;2;20;10;50;-5;50;0.75;2;50;50;10;10;16;2.7866;1046;1046
14050707;47;g_000;2;1;30;line_consecutive;0.5;1047;1;17;16-17,17-19;2,13;167582.64096099942;167839.279704;167839.27970399993;186551.07636799992;256.6387430005707;-5.820766091346741e-11;18711.796663999936;eev,integrated,separated,ws;lintim;SiouxFalls;SiouxFalls;True;False;1e-05;12000;1;2;20;10;50;-5;50;0.75;2;50;50;10;10;16;2.7866;1047;1047
14050707;48;g_000;2;1;30;line_consecutive;0.5;1048;1;18;10-15,15-19;9;145709.1062189994;145795.835947;145807.74005499994;151090.63694600004;86.72972800061689;11.904107999929693;5294.800999000028;eev,integrated,separated,ws;lintim;SiouxFalls;SiouxFalls;True;False;1e-05;12000;1;2;20;10;50;-5;50;0.75;2;50;50;10;10;16;2.7866;1048;1048
14050707;49;g_000;2;1;30;line_consecutive;0.5;1049;1;19;5-6,5-9;9;141574.9414579994;141591.67009495158;141591.67009499995;142652.21960184374;16.728636952175293;4.8370566219091415e-08;1060.5495068921591;eev,integrated,separated,ws;lintim;SiouxFalls;SiouxFalls;True;False;1e-05;12000;1;2;20;10;50;-5;50;0.75;2;50;50;10;10;16;2.7866;1049;1049
14050707;50;g_000;2;1;30;line_consecutive;0.5;1050;1;20;10-17,17-19;14;167582.64096099942;167839.279704;167839.27970399993;186551.07636799992;256.6387430005707;-5.820766091346741e-11;18711.796663999936;eev,integrated,separated,ws;lintim;SiouxFalls;SiouxFalls;True;False;1e-05;12000;1;2;20;10;50;-5;50;0.75;2;50;50;10;10;16;2.7866;1050;1050
14050707;51;g_000;2;1;30;line_consecutive;0.5;1051;1;21;14-23,23-24;4;160104.29569199937;160200.79599999997;160200.79599999997;168596.49296799977;96.50030800059903;0.0;8395.6969679998;eev,integrated,separated,ws;lintim;SiouxFalls;SiouxFalls;True;False;1e-05;12000;1;2;20;10;50;-5;50;0.75;2;50;50;10;10;16;2.7866;1051;1051
14050707;52;g_000;2;1;30;line_consecutive;0.5;1052;1;22;15-19,15-22;13;145625.3983119994;145668.952297;145669.54861999996;145669.54862;43.553985000617104;0.5963229999470059;0.5963229999761097;eev,integrated,separated,ws;lintim;SiouxFalls;SiouxFalls;True;False;1e-05;12000;1;2;20;10;50;-5;50;0.75;2;50;50;10;10;16;2.7866;1052;1052
14050707;53;g_000;2;1;30;line_consecutive;0.5;1053;1;23;18-20,20-22;11;136644.6338439994;136644.63384405046;136644.63384399994;136644.633844;5.104811862111092e-08;-5.0524249672889716e-08;-5.046604201197624e-08;eev,integrated,separated,ws;lintim;SiouxFalls;SiouxFalls;True;False;1e-05;12000;1;2;20;10;50;-5;50;0.75;2;50;50;10;10;16;2.7866;1053;1053
14050707;54;g_000;2;1;30;line_consecutive;0.5;1054;1;24;4-5,5-9;3;141574.9414579994;141591.67009495158;141591.67009499995;142652.21960184374;16.728636952175293;4.8370566219091415e-08;1060.5495068921591;eev,integrated,separated,ws;lintim;SiouxFalls;SiouxFalls;True;False;1e-05;12000;1;2;20;10;50;-5;50;0.75;2;50;50;10;10;16;2.7866;1054;1054
14050707;55;g_000;2;1;30;line_consecutive;0.5;1055;1;25;10-11,11-12;1,7;153996.0743539994;154204.57466199147;154204.57466199994;162986.49907165757;208.5003079920716;8.469214662909508e-09;8781.924409666099;eev,integrated,separated,ws;lintim;SiouxFalls;SiouxFalls;True;False;1e-05;12000;1;2;20;10;50;-5;50;0.75;2;50;50;10;10;16;2.7866;1055;1055
14050707;56;g_000;2;1;30;line_consecutive;0.5;1056;1;26;20-21,21-24;6;140911.1549850021;140911.1549849964;140911.15498499997;140911.15468211583;-5.704350769519806e-09;3.5797711461782447e-09;-0.0003028805658686;eev,integrated,separated,ws;lintim;SiouxFalls;SiouxFalls;True;False;1e-05;12000;1;2;20;10;50;-5;50;0.75;2;50;50;10;10;16;2.7866;1056;1056
14050707;57;g_000;2;1;30;line_consecutive;0.5;1057;1;27;7-8,8-9;3,7;137493.7427059994;137519.98067633278;137648.11507999996;137648.11508000002;26.237970333371777;128.13440366717987;128.13440366723808;eev,integrated,separated,ws;lintim;SiouxFalls;SiouxFalls;True;False;1e-05;12000;1;2;20;10;50;-5;50;0.75;2;50;50;10;10;16;2.7866;1057;1057
14050707;58;g_000;2;1;30;line_consecutive;0.5;1058;1;28;3-4,4-5;3;153368.762741013;153451.51304898254;153451.51304899994;160719.680412;82.75030796954525;1.7404090613126755e-08;7268.167363017448;eev,integrated,separated,ws;lintim;SiouxFalls;SiouxFalls;True;False;1e-05;12000;1;2;20;10;50;-5;50;0.75;2;50;50;10;10;16;2.7866;1058;1058
14050707;59;g_000;2;1;30;line_consecutive;0.5;1059;1;29;3-4,4-11;4;153368.762741013;153451.51304898254;153451.51304899994;160719.680412;82.75030796954525;1.7404090613126755e-08;7268.167363017448;eev,integrated,separated,ws;lintim;SiouxFalls;SiouxFalls;True;False;1e-05;12000;1;2;20;10;50;-5;50;0.75;2;50;50;10;10;16;2.7866;1059;1059
14050707;60;g_000;1;1;30;line_consecutive;0.5;1060;2;0;16-17;2,13;156404.6018679994;156819.77676399992;157041.02357999995;165774.7053659999;415.1748960005352;221.24681600002805;8954.92860199997;eev,integrated,separated,ws;lintim;SiouxFalls;SiouxFalls;True;False;1e-05;12000;1;2;20;10;500;-5;50;0.75;2;50;50;10;10;16;2.7866;1060;1060
14050707;61;g_000;1;1;30;line_consecutive;0.5;1061;2;1;6-8;2;158100.84260999938;158110.4578339075;158110.45783399994;167653.43283099966;9.615223908127518;9.243376553058624e-08;9542.974997092157;eev,integrated,separated,ws;lintim;SiouxFalls;SiouxFalls;True;False;1e-05;12000;1;2;20;10;500;-5;50;0.75;2;50;50;10;10;16;2.7866;1061;1061
14050707;62;g_000;1;1;30;line_consecutive;0.5;1062;2;2;19-20;2;161442.6573389994;161525.4076469893;161525.407647;171019.08943299646;82.75030798991793;1.0710209608078005e-08;9493.68178600716;eev,integrated,separated,ws;lintim;SiouxFalls;SiouxFalls;True;False;1e-05;12000;1;2;20;10;500;-5;50;0.75;2;50;50;10;10;16;2.7866;1062;1062
14050707;63;g_000;1;1;30;line_consecutive;0.5;1063;2;3;7-8;3,7,11;137493.7427059994;137519.98069000355;137679.88479799265;137679.8847979927;26.237984004139435;159.90410798910307;159.90410798916128;eev,integrated,separated,ws;lintim;SiouxFalls;SiouxFalls;True;False;1e-05;12000;1;2;20;10;500;-5;50;0.75;2;50;50;10;10;16;2.7866;1063;1063
14050707;64;g_000;1;1;30;line_consecutive;0.5;1064;2;4;21-22;13;136644.6338439994;136644.633844;136644.63384399994;136644.633844;5.820766091346741e-10;-5.820766091346741e-11;0.0;eev,integrated,separated,ws;lintim;SiouxFalls;SiouxFalls;True;False;1e-05;12000;1;2;20;10;500;-5;50;0.75;2;50;50;10;10;16;2.7866;1064;1064
14050707;65;g_000;1;1;30;line_consecutive;0.5;1065;2;5;7-18;3,11;137361.74969799945;137399.974062;137399.97406197415;137399.97406197415;38.22436400054721;-2.5844201445579532e-08;-2.5844201445579532e-08;eev,integrated,separated,ws;lintim;SiouxFalls;SiouxFalls;True;False;1e-05;12000;1;2;20;10;500;-5;50;0.75;2;50;50;10;10;16;2.7866;1065;1065
14050707;66;g_000;1;1;30;line_consecutive;0.5;1066;2;6;11-14;4,8,10;171681.9928289994;171705.67043;171705.67042999994;180137.272069;23.677601000585128;-5.820766091346741e-11;8431.601639;eev,integrated,separated,ws;lintim;SiouxFalls;SiouxFalls;True;False;1e-05;12000;1;2;20;10;500;-5;50;0.75;2;50;50;10;10;16;2.7866;1066;1066
14050707;67;g_000;1;1;30;line_consecutive;0.5;1067;2;7;5-9;3,9;143086.3537499994;143191.93958299997;143191.93958299997;144310.62001585923;105.58583300057217;0.0;1118.6804328592552;eev,integrated,separated,ws;lintim;SiouxFalls;SiouxFalls;True;False;1e-05;12000;1;2;20;10;500;-5;50;0.75;2;50;50;10;10;16;2.7866;1067;1067
14050707;68;g_000;1;1;30;line_consecutive;0.5;1068;2;8;10-16;1,10;150608.87882199942;150682.490976;150682.49097599997;152488.01142599998;73.61215400058427;-2.9103830456733704e-11;1805.5204499999816;eev,integrated,separated,ws;lintim;SiouxFalls;SiouxFalls;True;False;1e-05;12000;1;2;20;10;500;-5;50;0.75;2;50;50;10;10;16;2.7866;1068;1068
14050707;69;g_000;1;1;30;line_consecutive;0.5;1069;2;9;4-5;3;137361.7496979994;137399.97406199996;137399.97406199994;137399.974062;38.22436400057632;-2.9103830456733704e-11;2.9103830456733704e-11;eev,integrated,separated,ws;lintim;SiouxFalls;SiouxFalls;True;False;1e-05;12000;1;2;20;10;500;-5;50;0.75;2;50;50;10;10;16;2.7866;1069;1069
14050707;70;g_000;1;1;30;line_consecutive;0.5;1070;2;10;10-11;1,7,10;162265.07801301172;162362.09194100002;162373.99604899995;170537.3335469964;97.01392798830057;11.904107999929693;8175.241605996387;eev,integrated,separated,ws;lintim;SiouxFalls;SiouxFalls;True;False;1e-05;12000;1;2;20;10;500;-5;50;0.75;2;50;50;10;10;16;2.7866;1070;1070
14050707;71;g_000;1;1;30;line_consecutive;0.5;1071;2;11;1-3;4,8,12;175243.21837399944;175325.96864740772;175325.96868199995;181778.24055599287;82.75027340828092;3.4592230804264545e-05;6452.271908585157;eev,integrated,separated,ws;lintim;SiouxFalls;SiouxFalls;True;False;1e-05;12000;1;2;20;10;500;-5;50;0.75;2;50;50;10;10;16;2.7866;1071;1071
14050707;72;g_000;1;1;30;line_consecutive;0.5;1072;2;12;2-6;2;161442.6573389994;161525.407647;161525.40764699996;171019.08943299967;82.75030800062814;-5.820766091346741e-11;9493.681785999652;eev,integrated,separated,ws;lintim;SiouxFalls;SiouxFalls;True;False;1e-05;12000;1;2;20;10;500;-5;50;0.75;2;50;50;10;10;16;2.7866;1072;1072
14050707;73;g_000;1;1;30;line_consecutive;0.5;1073;2;13;11-12;1,7,8;153103.19094799942;153303.45487599997;153339.52146999998;159201.07889400003;200.26392800055328;36.06659400000353;5897.6240180000605;eev,integrated,separated,ws;lintim;SiouxFalls;SiouxFalls;True;False;1e-05;12000;1;2;20;10;500;-5;50;0.75;2;50;50;10;10;16;2.7866;1073;1073
14050707;74;g_000;1;1;30;line_consecutive;0.5;1074;2;14;9-10;7,9;142491.06765199942;142491.13157999853;142651.03568799922;142491.13157996413;0.063927999115549;159.9041080006864;-3.4400727599859244e-08;eev,integrated,separated,ws;lintim;SiouxFalls;SiouxFalls;True;False;1e-05;12000;1;2;20;10;500;-5;50;0.75;2;50;50;10;10;16;2.7866;1074;1074
14050707;75;g_000;1;1;30;line_consecutive;0.5;1075;2;15;3-4;3,4;164971.0267359994;165067.52704399996;165067.52704399993;171412.04299199994;96.50030800056992;-2.9103830456733704e-11;6344.515947999986;eev,integrated,separated,ws;lintim;SiouxFalls;SiouxFalls;True;False;1e-05;12000;1;2;20;10;500;-5;50;0.75;2;50;50;10;10;16;2.7866;1075;1075
14050707;76;g_000;1;1;30;line_consecutive;0.5;1076;2;16;10-15;5,9;149527.2373889994;149727.95118299025;149727.95118299895;155010.84807392018;200.71379399084253;8.702045306563377e-09;5282.896890929929;eev,integrated,separated,ws;lintim;SiouxFalls;SiouxFalls;True;False;1e-05;12000;1;2;20;10;500;-5;50;0.75;2;50;50;10;10;16;2.7866;1076;1076
14050707;77;g_000;1;1;30;line_consecutive;0.5;1077;2;17;16-18;1;144789.0001969994;145109.36553500005;145280.692931991;145758.7959214184;320.36533800064353;171.3273969909642;649.4303864183603;eev,integrated,separated,ws;lintim;SiouxFalls;SiouxFalls;True;False;1e-05;12000;1;2;20;10;500;-5;50;0.75;2;50;50;10;10;16;2.7866;1077;1077
14050707;78;g_000;1;1;30;line_consecutive;0.5;1078;2;18;8-9;3,7;137493.7427059993;137519.98069;137679.88479798258;137679.88479798264;26.237984000705183;159.9041079825838;159.90410798264202;eev,integrated,separated,ws;lintim;SiouxFalls;SiouxFalls;True;False;1e-05;12000;1;2;20;10;500;-5;50;0.75;2;50;50;10;10;16;2.7866;1078;1078
14050707;79;g_000;1;1;30;line_consecutive;0.5;1079;2;19;8-16;2,10,13;158930.9274689994;159129.67777700003;159129.67777699995;169097.7983599914;198.7503080006281;-8.731149137020111e-11;9968.120582991369;eev,integrated,separated,ws;lintim;SiouxFalls;SiouxFalls;True;False;1e-05;12000;1;2;20;10;500;-5;50;0.75;2;50;50;10;10;16;2.7866;1079;1079
14050707;80;g_000;1;1;30;line_consecutive;0.5;1080;2;20;1-2;12;136644.6338439994;136644.63382434455;136644.63384395838;136644.6338439584;-1.9654864445328712e-05;1.961382804438472e-05;1.961385714821517e-05;eev,integrated,separated,ws;lintim;SiouxFalls;SiouxFalls;True;False;1e-05;12000;1;2;20;10;500;-5;50;0.75;2;50;50;10;10;16;2.7866;1080;1080
14050707;81;g_000;1;1;30;line_consecutive;0.5;1081;2;21;14-15;14;136644.6338439994;136644.63368974364;136644.63384399994;136644.633844;-0.0001542557729408;0.0001542562968097;0.0001542563550174;eev,integrated,separated,ws;lintim;SiouxFalls;SiouxFalls;True;False;1e-05;12000;1;2;20;10;500;-5;50;0.75;2;50;50;10;10;16;2.7866;1081;1081
14050707;82;g_000;1;1;30;line_consecutive;0.5;1082;2;22;23-24;4;156971.4592309994;157067.959539;157067.95953899994;162964.41397897684;96.50030800059903;-5.820766091346741e-11;5896.454439976835;eev,integrated,separated,ws;lintim;SiouxFalls;SiouxFalls;True;False;1e-05;12000;1;2;20;10;500;-5;50;0.75;2;50;50;10;10;16;2.7866;1082;1082
14050707;83;g_000;1;1;30;line_consecutive;0.5;1083;2;23;20-22;11;136644.6338439994;136644.63384388894;136644.63384399994;136644.633844;-1.1047814041376115e-07;1.1100200936198237e-07;1.1106021702289581e-07;eev,integrated,separated,ws;lintim;SiouxFalls;SiouxFalls;True;False;1e-05;12000;1;2;20;10;500;-5;50;0.75;2;50;50;10;10;16;2.7866;1083;1083
14050707;84;g_000;1;1;30;line_consecutive;0.5;1084;2;24;3-12;8,12;136644.6338439994;136644.63384400008;136644.6338439999;136644.63384399994;6.693881005048752e-10;-1.7462298274040222e-10;-1.4551915228366852e-10;eev,integrated,separated,ws;lintim;SiouxFalls;SiouxFalls;True;False;1e-05;12000;1;2;20;10;500;-5;50;0.75;2;50;50;10;10;16;2.7866;1084;1084
14050707;85;g_000;1;1;30;line_consecutive;0.5;1085;2;25;15-19;9,13,14;142185.9170200046;142185.91699917853;142185.91701999994;142185.91702;-2.082606079056859e-05;2.0821404177695516e-05;2.0821462385356423e-05;eev,integrated,separated,ws;lintim;SiouxFalls;SiouxFalls;True;False;1e-05;12000;1;2;20;10;500;-5;50;0.75;2;50;50;10;10;16;2.7866;1085;1085
14050707;86;g_000;1;1;30;line_consecutive;0.5;1086;2;26;5-6;9;142185.9170199994;142185.91702000008;142185.91701999994;142185.91702;6.693881005048752e-10;-1.4551915228366852e-10;-8.731149137020111e-11;eev,integrated,separated,ws;lintim;SiouxFalls;SiouxFalls;True;False;1e-05;12000;1;2;20;10;500;-5;50;0.75;2;50;50;10;10;16;2.7866;1086;1086
14050707;87;g_000;1;1;30;line_consecutive;0.5;1087;2;27;13-24;6;146026.18110499938;146026.18110499997;146026.18110499994;146026.18080211582;5.820766091346741e-10;-2.9103830456733704e-11;-0.0003028841456398;eev,integrated,separated,ws;lintim;SiouxFalls;SiouxFalls;True;False;1e-05;12000;1;2;20;10;500;-5;50;0.75;2;50;50;10;10;16;2.7866;1087;1087
14050707;88;g_000;1;1;30;line_consecutive;0.5;1088;2;28;18-20;11;136644.6338439994;136644.63384401723;136644.63384399994;136644.633844;1.781154423952103e-08;-1.728767529129982e-08;-1.7229467630386353e-08;eev,integrated,separated,ws;lintim;SiouxFalls;SiouxFalls;True;False;1e-05;12000;1;2;20;10;500;-5;50;0.75;2;50;50;10;10;16;2.7866;1088;1088
14050707;89;g_000;1;1;30;line_consecutive;0.5;1089;2;29;20-21;6;143527.43727799942;143527.43727799694;143527.43727799994;143527.4369751158;-2.4738255888223652e-09;2.9976945370435715e-09;-0.0003028811479452;eev,integrated,separated,ws;lintim;SiouxFalls;SiouxFalls;True;False;1e-05;12000;1;2;20;10;500;-5;50;0.75;2;50;50;10;10;16;2.7866;1089;1089
14050707;90;g_000;2;1;30;line_consecutive;0.5;1090;3;0;20-21,21-24;6;146026.18110499938;146026.18110499746;146026.18110499997;146026.18080211582;-1.920852810144424e-09;2.502929419279098e-09;-0.0003028816427104;eev,integrated,separated,ws;lintim;SiouxFalls;SiouxFalls;True;False;1e-05;12000;1;2;20;10;500;-5;50;0.75;2;50;50;10;10;16;2.7866;1090;1090
14050707;91;g_000;2;1;30;line_consecutive;0.5;1091;3;1;13-24,21-24;6;146026.18110499938;146026.181105;146026.18110499997;146026.18080211582;6.111804395914078e-10;-2.9103830456733704e-11;-0.0003028841747436;eev,integrated,separated,ws;lintim;SiouxFalls;SiouxFalls;True;False;1e-05;12000;1;2;20;10;500;-5;50;0.75;2;50;50;10;10;16;2.7866;1091;1091
14050707;92;g_000;2;1;30;line_consecutive;0.5;1092;3;2;15-19,15-22;13;152386.0428059994;152430.19311399324;152430.19311399997;152430.193114;44.150307993841125;6.722984835505485e-09;6.752088665962219e-09;eev,integrated,separated,ws;lintim;SiouxFalls;SiouxFalls;True;False;1e-05;12000;1;2;20;10;500;-5;50;0.75;2;50;50;10;10;16;2.7866;1092;1092
14050707;93;g_000;2;1;30;line_consecutive;0.5;1093;3;3;9-10,10-15;9;149926.1039969994;150121.36792495733;150133.27203299996;155416.16892399915;195.26392795794527;11.904108042625012;5294.800999041821;eev,integrated,separated,ws;lintim;SiouxFalls;SiouxFalls;True;False;1e-05;12000;1;2;20;10;500;-5;50;0.75;2;50;50;10;10;16;2.7866;1093;1093
14050707;94;g_000;2;1;30;line_consecutive;0.5;1094;3;4;10-17,17-19;14;183753.2578834994;183954.357267498;183977.4081915;201682.3211725;201.09938399860405;23.050924001960084;17727.96390500196;eev,integrated,separated,ws;lintim;SiouxFalls;SiouxFalls;True;False;1e-05;12000;1;2;20;10;500;-5;50;0.75;2;50;50;10;10;16;2.7866;1094;1094
14050707;95;g_000;2;1;30;line_consecutive;0.5;1095;3;5;4-11,11-14;4;176478.2785189994;176537.86074890086;176537.86079099996;184933.557759;59.58222990145441;4.2099098209291697e-05;8395.697010099131;eev,integrated,separated,ws;lintim;SiouxFalls;SiouxFalls;True;False;1e-05;12000;1;2;20;10;500;-5;50;0.75;2;50;50;10;10;16;2.7866;1095;1095
14050707;96;g_000;2;1;30;line_consecutive;0.5;1096;3;6;10-11,11-14;10;207940.01043025445;207937.339280754;207949.2433839562;223681.549928;-2.6711495004419703;11.904103202192346;15744.210647245984;eev,integrated,separated,ws;lintim;SiouxFalls;SiouxFalls;True;False;1e-05;12000;1;2;20;10;500;-5;50;0.75;2;50;50;10;10;16;2.7866;1096;1096
14050707;97;g_000;2;1;30;line_consecutive;0.5;1097;3;7;5-9,8-9;3;143830.2945949994;143830.35852293106;143990.26263099996;144934.36764199933;0.06392793165287;159.90410806890577;1104.0091190682724;eev,integrated,separated,ws;lintim;SiouxFalls;SiouxFalls;True;False;1e-05;12000;1;2;20;10;500;-5;50;0.75;2;50;50;10;10;16;2.7866;1097;1097
14050707;98;g_000;2;1;30;line_consecutive;0.5;1098;3;8;15-19,17-19;13,14;196549.61056674932;196549.61056634848;196549.61056675;215566.2103495;-4.0087616071105003e-07;4.015164449810982e-07;19016.599783151527;eev,integrated,separated,ws;lintim;SiouxFalls;SiouxFalls;True;False;1e-05;12000;1;2;20;10;500;-5;50;0.75;2;50;50;10;10;16;2.7866;1098;1098
14050707;99;g_000;2;1;30;line_consecutive;0.5;1099;3;9;6-8,8-16;2;162362.5274399994;162561.27765242287;162561.2777479999;172529.3983309914;198.7502124234743;9.55770374275744e-05;9968.12067856852;eev,integrated,separated,ws;lintim;SiouxFalls;SiouxFalls;True;False;1e-05;12000;1;2;20;10;500;-5;50;0.75;2;50;50;10;10;16;2.7866;1099;1099
14050707;100;g_000;2;1;30;line_consecutive;0.5;1100;3;10;9-10,10-11;7;172268.02973299575;172268.09366099996;172279.99776899995;181058.652757;0.0639280042087193;11.9041079999879;8790.55909600004;eev,integrated,separated,ws;lintim;SiouxFalls;SiouxFalls;True;False;1e-05;12000;1;2;20;10;500;-5;50;0.75;2;50;50;10;10;16;2.7866;1100;1100
14050707;101;g_000;2;1;30;line_consecutive;0.5;1101;3;11;11-14,14-23;4,10;177972.52641701297;177972.52640060615;177972.52641699993;186368.223385;-1.6406818758696318e-05;1.63937802426517e-05;8395.696984393842;eev,integrated,separated,ws;lintim;SiouxFalls;SiouxFalls;True;False;1e-05;12000;1;2;20;10;500;-5;50;0.75;2;50;50;10;10;16;2.7866;1101;1101
14050707;102;g_000;2;1;30;line_consecutive;0.5;1102;3;12;10-15,15-19;9;153171.3686699994;153366.11897798767;153366.11897799995;158649.01586900005;194.750307988259;1.2281816452741625e-08;5282.89689101238;eev,integrated,separated,ws;lintim;SiouxFalls;SiouxFalls;True;False;1e-05;12000;1;2;20;10;500;-5;50;0.75;2;50;50;10;10;16;2.7866;1102;1102
14050707;103;g_000;2;1;30;line_consecutive;0.5;1103;3;13;7-8,8-9;3,7;137493.7427059994;137519.98068753385;137679.88479798732;137679.88479798735;26.23798153444659;159.9041104534699;159.90411045349902;eev,integrated,separated,ws;lintim;SiouxFalls;SiouxFalls;True;False;1e-05;12000;1;2;20;10;500;-5;50;0.75;2;50;50;10;10;16;2.7866;1103;1103
14050707;104;g_000;2;1;30;line_consecutive;0.5;1104;3;14;4-5,5-9;3;143086.35374999943;143191.9395829995;143191.93958297753;144310.62001585923;105.5858330000774;-2.1973391994833943e-08;1118.680432859721;eev,integrated,separated,ws;lintim;SiouxFalls;SiouxFalls;True;False;1e-05;12000;1;2;20;10;500;-5;50;0.75;2;50;50;10;10;16;2.7866;1104;1104
14050707;105;g_000;2;1;30;line_consecutive;0.5;1105;3;15;8-16,16-17;2,13;162514.1276279994;162543.2896080214;162703.19371599995;172693.4162469914;29.1619800220069;159.90410797853838;10150.126638969989;eev,integrated,separated,ws;lintim;SiouxFalls;SiouxFalls;True;False;1e-05;12000;1;2;20;10;500;-5;50;0.75;2;50;50;10;10;16;2.7866;1105;1105
14050707;106;g_000;2;1;30;line_consecutive;0.5;1106;3;16;15-22,22-23;5;142319.88244999922;142520.14637799803;142695.4682139999;142695.468214;200.26392799880705;175.32183600188;175.3218360019673;eev,integrated,separated,ws;lintim;SiouxFalls;SiouxFalls;True;False;1e-05;12000;1;2;20;10;500;-5;50;0.75;2;50;50;10;10;16;2.7866;1106;1106
14050707;107;g_000;2;1;30;line_consecutive;0.5;1107;3;17;17-19,19-20;2;183830.9082089994;184031.1721156604;184067.476245;201682.3211724999;200.2639066609845;36.30412933960906;17651.149056839524;eev,integrated,separated,ws;lintim;SiouxFalls;SiouxFalls;True;False;1e-05;12000;1;2;20;10;500;-5;50;0.75;2;50;50;10;10;16;2.7866;1107;1107
14050707;108;g_000;2;1;30;line_consecutive;0.5;1108;3;18;3-12,12-13;12;136644.6338439994;136644.6338439989;136644.63384399994;136644.633844;-5.238689482212067e-10;1.0477378964424131e-09;1.1059455573558807e-09;eev,integrated,separated,ws;lintim;SiouxFalls;SiouxFalls;True;False;1e-05;12000;1;2;20;10;500;-5;50;0.75;2;50;50;10;10;16;2.7866;1108;1108
14050707;109;g_000;2;1;30;line_consecutive;0.5;1109;3;19;2-6,6-8;2;161442.6573389994;161525.407647;161525.407647;171019.08943299967;82.75030800062814;0.0;9493.681785999652;eev,integrated,separated,ws;lintim;SiouxFalls;SiouxFalls;True;False;1e-05;12000;1;2;20;10;500;-5;50;0.75;2;50;50;10;10;16;2.7866;1109;1109
14050707;110;g_000;2;1;30;line_consecutive;0.5;1110;3;20;18-20,20-22;11;136644.6338439994;136644.63384399703;136644.63384399994;136644.633844;-2.3865140974521637e-09;2.91038304567337e-09;2.9685907065868374e-09;eev,integrated,separated,ws;lintim;SiouxFalls;SiouxFalls;True;False;1e-05;12000;1;2;20;10;500;-5;50;0.75;2;50;50;10;10;16;2.7866;1110;1110
14050707;111;g_000;2;1;30;line_consecutive;0.5;1111;3;21;8-9,9-10;7;143830.2945949994;143830.35852293106;143990.26263099996;143830.35852299485;0.06392793165287;159.90410806890577;6.379559636116029e-08;eev,integrated,separated,ws;lintim;SiouxFalls;SiouxFalls;True;False;1e-05;12000;1;2;20;10;500;-5;50;0.75;2;50;50;10;10;16;2.7866;1111;1111
14050707;112;g_000;2;1;30;line_consecutive;0.5;1112;3;22;10-11,10-16;1,10;166097.40142899938;166097.4653572168;166109.3694650546;174448.70696299995;0.0639282174233812;11.904107837792251;8351.241605783143;eev,integrated,separated,ws;lintim;SiouxFalls;SiouxFalls;True;False;1e-05;12000;1;2;20;10;500;-5;50;0.75;2;50;50;10;10;16;2.7866;1112;1112
14050707;113;g_000;2;1;30;line_consecutive;0.5;1113;3;23;7-8,7-18;3,11;137493.7427059994;137519.98068999924;137679.8847979987;137679.88479799876;26.237983999832068;159.90410799946403;159.90410799952224;eev,integrated,separated,ws;lintim;SiouxFalls;SiouxFalls;True;False;1e-05;12000;1;2;20;10;500;-5;50;0.75;2;50;50;10;10;16;2.7866;1113;1113
14050707;114;g_000;2;1;30;line_consecutive;0.5;1114;3;24;7-18,18-20;11;137361.7496979981;137399.9740619933;137399.9740619987;137399.9740619987;38.22436399519211;5.413312464952469e-09;5.413312464952469e-09;eev,integrated,separated,ws;lintim;SiouxFalls;SiouxFalls;True;False;1e-05;12000;1;2;20;10;500;-5;50;0.75;2;50;50;10;10;16;2.7866;1114;1114
14050707;115;g_000;2;1;30;line_consecutive;0.5;1115;3;25;3-12,11-12;8;178681.30010199943;178881.56402990798;179068.46813799997;185283.0788130004;200.26392790855607;186.9041080919851;6401.514783092425;eev,integrated,separated,ws;lintim;SiouxFalls;SiouxFalls;True;False;1e-05;12000;1;2;20;10;500;-5;50;0.75;2;50;50;10;10;16;2.7866;1115;1115
14050707;116;g_000;2;1;30;line_consecutive;0.5;1116;3;26;3-4,4-5;3;168214.9611179994;168311.4614259909;168311.46142599994;174665.28082499997;96.50030799151864;9.022187441587448e-09;6353.819399009051;eev,integrated,separated,ws;lintim;SiouxFalls;SiouxFalls;True;False;1e-05;12000;1;2;20;10;500;-5;50;0.75;2;50;50;10;10;16;2.7866;1116;1116
14050707;117;g_000;2;1;30;line_consecutive;0.5;1117;3;27;1-3,3-4;4;180363.6788369994;180446.42914500003;180446.4291449999;191214.602513;82.75030800062814;-1.4551915228366852e-10;10768.17336799996;eev,integrated,separated,ws;lintim;SiouxFalls;SiouxFalls;True;False;1e-05;12000;1;2;20;10;500;-5;50;0.75;2;50;50;10;10;16;2.7866;1117;1117
14050707;118;g_000;2;1;30;line_consecutive;0.5;1118;3;28;10-15,15-22;5;149620.77308599942;149815.523394002;149815.52339399996;155098.42028499575;194.7503080025781;-2.0372681319713593e-09;5282.896890993754;eev,integrated,separated,ws;lintim;SiouxFalls;SiouxFalls;True;False;1e-05;12000;1;2;20;10;500;-5;50;0.75;2;50;50;10;10;16;2.7866;1118;1118
14050707;119;g_000;2;1;30;line_consecutive;0.5;1119;3;29;14-15,15-19;14;142185.91702000576;142185.91701999452;142185.91701999994;142185.91702;-1.1234078556299211e-08;5.413312464952469e-09;5.471520125865936e-09;eev,integrated,separated,ws;lintim;SiouxFalls;SiouxFalls;True;False;1e-05;12000;1;2;20;10;500;-5;50;0.75;2;50;50;10;10;16;2.7866;1119;1119
14050707;120;g_000;1;1;30;line_consecutive;0.5;1120;4;0;10-11;1,7,10;167597.45383699937;167597.51776497724;167609.42187299993;175948.75937093503;0.0639279778697528;11.904108022688888;8351.241605957795;eev,integrated,separated,ws;lintim;SiouxFalls;SiouxFalls;True;False;1e-05;12000;1;2;20;10;5000;-5;50;0.75;2;50;50;10;10;16;2.7866;1120;1120
14050707;121;g_000;1;1;30;line_consecutive;0.5;1121;4;1;10-16;1,10;152486.5272189994;152546.10949099998;152546.10949099995;154351.62994100002;59.582272000581725;-2.9103830456733704e-11;1805.52045000004;eev,integrated,separated,ws;lintim;SiouxFalls;SiouxFalls;True;False;1e-05;12000;1;2;20;10;5000;-5;50;0.75;2;50;50;10;10;16;2.7866;1121;1121
14050707;122;g_000;1;1;30;line_consecutive;0.5;1122;4;2;9-10;7,9;142491.06765199942;142491.13157999684;142651.0356879213;142491.13157993957;0.0639279974275268;159.90410792446346;-5.7276338338851935e-08;eev,integrated,separated,ws;lintim;SiouxFalls;SiouxFalls;True;False;1e-05;12000;1;2;20;10;5000;-5;50;0.75;2;50;50;10;10;16;2.7866;1122;1122
14050707;123;g_000;1;1;30;line_consecutive;0.5;1123;4;3;14-15;14;136644.6338439994;136644.6336272646;136644.63384399994;136644.633844;-0.0002167348284274;0.0002167353522963;0.000216735410504;eev,integrated,separated,ws;lintim;SiouxFalls;SiouxFalls;True;False;1e-05;12000;1;2;20;10;5000;-5;50;0.75;2;50;50;10;10;16;2.7866;1123;1123
14050707;124;g_000;1;1;30;line_consecutive;0.5;1124;4;4;6-8;2;161442.6573389994;161525.4076466359;161525.4076469394;171019.08943299926;82.75030763651012;3.0349474400281906e-07;9493.681786363362;eev,integrated,separated,ws;lintim;SiouxFalls;SiouxFalls;True;False;1e-05;12000;1;2;20;10;5000;-5;50;0.75;2;50;50;10;10;16;2.7866;1124;1124
14050707;125;g_000;1;1;30;line_consecutive;0.5;1125;4;5;7-8;3,7,11;137493.7427059994;137519.98069;137679.88479799996;137679.88479799998;26.237984000588767;159.9041079999588;159.9041079999879;eev,integrated,separated,ws;lintim;SiouxFalls;SiouxFalls;True;False;1e-05;12000;1;2;20;10;5000;-5;50;0.75;2;50;50;10;10;16;2.7866;1125;1125
14050707;126;g_000;1;1;30;line_consecutive;0.5;1126;4;6;5-9;3,9;143086.35374999332;143191.93958299805;143191.93958299997;144310.62001585923;105.585833004734;1.920852810144424e-09;1118.680432861176;eev,integrated,separated,ws;lintim;SiouxFalls;SiouxFalls;True;False;1e-05;12000;1;2;20;10;5000;-5;50;0.75;2;50;50;10;10;16;2.7866;1126;1126
14050707;127;g_000;1;1;30;line_consecutive;0.5;1127;4;7;23-24;4;159631.10850499937;159727.6088129947;159727.60881299994;165511.17462097685;96.50030799533124;5.2386894822120675e-09;5783.565807982144;eev,integrated,separated,ws;lintim;SiouxFalls;SiouxFalls;True;False;1e-05;12000;1;2;20;10;5000;-5;50;0.75;2;50;50;10;10;16;2.7866;1127;1127
14050707;128;g_000;1;1;30;line_consecutive;0.5;1128;4;8;8-9;3,7;137493.7427059994;137519.98064694146;137679.88479792373;137679.8847979238;26.237940942053683;159.90415098227095;159.90415098232916;eev,integrated,separated,ws;lintim;SiouxFalls;SiouxFalls;True;False;1e-05;12000;1;2;20;10;5000;-5;50;0.75;2;50;50;10;10;16;2.7866;1128;1128
14050707;129;g_000;1;1;30;line_consecutive;0.5;1129;4;9;19-20;2;161442.6573389994;161525.40764699614;161525.407647;171019.08943299903;82.75030799675733;3.8708094507455826e-09;9493.681786002882;eev,integrated,separated,ws;lintim;SiouxFalls;SiouxFalls;True;False;1e-05;12000;1;2;20;10;5000;-5;50;0.75;2;50;50;10;10;16;2.7866;1129;1129
14050707;130;g_000;1;1;30;line_consecutive;0.5;1130;4;10;13-24;6;146026.18110499938;146026.181105;146026.18110499886;146026.18080211474;6.111804395914078e-10;-1.1350493878126142e-09;-0.0003028852515853;eev,integrated,separated,ws;lintim;SiouxFalls;SiouxFalls;True;False;1e-05;12000;1;2;20;10;5000;-5;50;0.75;2;50;50;10;10;16;2.7866;1130;1130
14050707;131;g_000;1;1;30;line_consecutive;0.5;1131;4;11;16-17;2,13;163554.79562799938;163637.5459360022;163637.54593599995;172862.27118999802;82.75030800281093;-2.240994945168495e-09;9224.725253995828;eev,integrated,separated,ws;lintim;SiouxFalls;SiouxFalls;True;False;1e-05;12000;1;2;20;10;5000;-5;50;0.75;2;50;50;10;10;16;2.7866;1131;1131
14050707;132;g_000;1;1;30;line_consecutive;0.5;1132;4;12;7-18;3,11;137361.74969799945;137399.97406199697;137399.97406198404;137399.9740619841;38.22436399752041;-1.2922100722789764e-08;-1.2863893061876297e-08;eev,integrated,separated,ws;lintim;SiouxFalls;SiouxFalls;True;False;1e-05;12000;1;2;20;10;5000;-5;50;0.75;2;50;50;10;10;16;2.7866;1132;1132
14050707;133;g_000;1;1;30;line_consecutive;0.5;1133;4;13;21-24;6;146026.18110499938;146026.18110500765;146026.18110499997;146026.18080211582;8.265487849712372e-09;-7.683411240577698e-09;-0.000302891829051;eev,integrated,separated,ws;lintim;SiouxFalls;SiouxFalls;True;False;1e-05;12000;1;2;20;10;5000;-5;50;0.75;2;50;50;10;10;16;2.7866;1133;1133
14050707;134;g_000;1;1;30;line_consecutive;0.5;1134;4;14;4-11;4;159631.10842610456;159727.608813;159727.6088130253;165511.17462097685;96.50038689543726;2.5291228666901592e-08;5783.565807976847;eev,integrated,separated,ws;lintim;SiouxFalls;SiouxFalls;True;False;1e-05;12000;1;2;20;10;5000;-5;50;0.75;2;50;50;10;10;16;2.7866;1134;1134
14050707;135;g_000;1;1;30;line_consecutive;0.5;1135;4;15;22-23;5;141786.54450299905;141986.80843099707;142162.13026699994;142162.130267;200.26392799802125;175.32183600286953;175.32183600292774;eev,integrated,separated,ws;lintim;SiouxFalls;SiouxFalls;True;False;1e-05;12000;1;2;20;10;5000;-5;50;0.75;2;50;50;10;10;16;2.7866;1135;1135
14050707;136;g_000;1;1;30;line_consecutive;0.5;1136;4;16;3-12;8,12;136644.6338439994;136644.633844;136644.63384399994;136644.633844;5.820766091346741e-10;-5.820766091346741e-11;0.0;eev,integrated,separated,ws;lintim;SiouxFalls;SiouxFalls;True;False;1e-05;12000;1;2;20;10;5000;-5;50;0.75;2;50;50;10;10;16;2.7866;1136;1136
14050707;137;g_000;1;1;30;line_consecutive;0.5;1137;4;17;20-22;11;136644.6338439994;136644.6338439397;136644.63384399997;136644.633844;-5.972106009721756e-08;6.02740328758955e-08;6.030313670635223e-08;eev,integrated,separated,ws;lintim;SiouxFalls;SiouxFalls;True;False;1e-05;12000;1;2;20;10;5000;-5;50;0.75;2;50;50;10;10;16;2.7866;1137;1137
14050707;138;g_000;1;1;30;line_consecutive;0.5;1138;4;18;11-12;1,7,8;153103.1909479994;153303.45487599974;153339.52146999998;159201.07889400003;200.26392800034955;36.06659400023637;5897.624018000293;eev,integrated,separated,ws;lintim;SiouxFalls;SiouxFalls;True;False;1e-05;12000;1;2;20;10;5000;-5;50;0.75;2;50;50;10;10;16;2.7866;1138;1138
14050707;139;g_000;1;1;30;line_consecutive;0.5;1139;4;19;3-4;3,4;169533.98167799943;169630.48198599496;169630.4819859958;175974.99793399996;96.50030799553495;8.440110832452773e-10;6344.515948004992;eev,integrated,separated,ws;lintim;SiouxFalls;SiouxFalls;True;False;1e-05;12000;1;2;20;10;5000;-5;50;0.75;2;50;50;10;10;16;2.7866;1139;1139
14050707;140;g_000;1;1;30;line_consecutive;0.5;1140;4;20;14-23;4,10;169431.83779499936;169431.83779501353;169431.83779499994;177827.53476300015;1.4173565432429314e-08;-1.3591488823294641e-08;8395.696967986616;eev,integrated,separated,ws;lintim;SiouxFalls;SiouxFalls;True;False;1e-05;12000;1;2;20;10;5000;-5;50;0.75;2;50;50;10;10;16;2.7866;1140;1140
14050707;141;g_000;1;1;30;line_consecutive;0.5;1141;4;21;20-21;6;146026.18110499938;146026.18110500005;146026.18110499997;146026.18080211582;6.693881005048752e-10;-8.731149137020111e-11;-0.0003028842329513;eev,integrated,separated,ws;lintim;SiouxFalls;SiouxFalls;True;False;1e-05;12000;1;2;20;10;5000;-5;50;0.75;2;50;50;10;10;16;2.7866;1141;1141
14050707;142;g_000;1;1;30;line_consecutive;0.5;1142;4;22;11-14;4,8,10;177972.52641699938;177972.52641699705;177972.52641699993;186368.2233849849;-2.3283064365386963e-09;2.8812792152166367e-09;8395.696967987868;eev,integrated,separated,ws;lintim;SiouxFalls;SiouxFalls;True;False;1e-05;12000;1;2;20;10;5000;-5;50;0.75;2;50;50;10;10;16;2.7866;1142;1142
14050707;143;g_000;1;1;30;line_consecutive;0.5;1143;4;23;1-3;4,8,12;191346.80097599945;191552.083218959;191552.08324799995;197794.8370319888;205.28224295953987;2.904096618294716e-05;6242.75381302982;eev,integrated,separated,ws;lintim;SiouxFalls;SiouxFalls;True;False;1e-05;12000;1;2;20;10;5000;-5;50;0.75;2;50;50;10;10;16;2.7866;1143;1143
14050707;144;g_000;1;1;30;line_consecutive;0.5;1144;4;24;15-19;9,13,14;142185.9170199994;142185.91702;142185.91701999836;142185.91701999842;5.820766091346741e-10;-1.6298145055770872e-09;-1.5716068446636202e-09;eev,integrated,separated,ws;lintim;SiouxFalls;SiouxFalls;True;False;1e-05;12000;1;2;20;10;5000;-5;50;0.75;2;50;50;10;10;16;2.7866;1144;1144
14050707;145;g_000;1;1;30;line_consecutive;0.5;1145;4;25;17-19;2,13,14;183830.90820903805;184031.172137;184067.476245;201682.32117249983;200.2639279619325;36.30410800001118;17651.14903549984;eev,integrated,separated,ws;lintim;SiouxFalls;SiouxFalls;True;False;1e-05;12000;1;2;20;10;5000;-5;50;0.75;2;50;50;10;10;16;2.7866;1145;1145
14050707;146;g_000;1;1;30;line_consecutive;0.5;1146;4;26;10-17;14;136644.6338439994;136644.63384399845;136644.63384387712;136644.63384387715;-9.60426405072212e-10;-1.213338691741228e-07;-1.213047653436661e-07;eev,integrated,separated,ws;lintim;SiouxFalls;SiouxFalls;True;False;1e-05;12000;1;2;20;10;5000;-5;50;0.75;2;50;50;10;10;16;2.7866;1146;1146
14050707;147;g_000;1;1;30;line_consecutive;0.5;1147;4;27;21-22;13;136644.6338439994;136644.63384399877;136644.63384399994;136644.633844;-6.402842700481415e-10;1.164153218269348e-09;1.2223608791828156e-09;eev,integrated,separated,ws;lintim;SiouxFalls;SiouxFalls;True;False;1e-05;12000;1;2;20;10;5000;-5;50;0.75;2;50;50;10;10;16;2.7866;1147;1147
14050707;148;g_000;1;1;30;line_consecutive;0.5;1148;4;28;2-6;2;161442.6573389994;161525.40764699996;161525.407647;171019.08943299967;82.75030800056993;5.820766091346741e-11;9493.68178599971;eev,integrated,separated,ws;lintim;SiouxFalls;SiouxFalls;True;False;1e-05;12000;1;2;20;10;5000;-5;50;0.75;2;50;50;10;10;16;2.7866;1148;1148
14050707;149;g_000;1;1;30;line_consecutive;0.5;1149;4;29;4-5;3;137361.74969799942;137399.97406199956;137399.97406199953;137399.97406199956;38.22436400013976;-2.9103830456733704e-11;0.0;eev,integrated,separated,ws;lintim;SiouxFalls;SiouxFalls;True;False;1e-05;12000;1;2;20;10;5000;-5;50;0.75;2;50;50;10;10;16;2.7866;1149;1149
14050707;150;g_000;2;1;30;line_consecutive;0.5;1150;5;0;1-2,1-3;12;191346.8009759559;191552.0832479993;191552.08324799992;197794.8370319935;205.2822720434051;6.111804395914078e-10;6242.75378399418;eev,integrated,separated,ws;lintim;SiouxFalls;SiouxFalls;True;False;1e-05;12000;1;2;20;10;5000;-5;50;0.75;2;50;50;10;10;16;2.7866;1150;1150
14050707;151;g_000;2;1;30;line_consecutive;0.5;1151;5;1;4-11,11-14;4;177972.5264169994;177972.52637665858;177972.52641699993;186368.223385;-4.0340819396078587e-05;4.034134326502681e-05;8395.697008341405;eev,integrated,separated,ws;lintim;SiouxFalls;SiouxFalls;True;False;1e-05;12000;1;2;20;10;5000;-5;50;0.75;2;50;50;10;10;16;2.7866;1151;1151
14050707;152;g_000;2;1;30;line_consecutive;0.5;1152;5;2;9-10,10-15;9;149926.1039969994;150121.52704099996;150133.43114899995;155416.168924;195.42304400057765;11.9041079999879;5294.641883000033;eev,integrated,separated,ws;lintim;SiouxFalls;SiouxFalls;True;False;1e-05;12000;1;2;20;10;5000;-5;50;0.75;2;50;50;10;10;16;2.7866;1152;1152
14050707;153;g_000;2;1;30;line_consecutive;0.5;1153;5;3;3-4,4-5;3;169533.98167799888;169630.4819859886;169630.48198599997;175974.99793400004;96.5003079897142;1.1379597708582878e-08;6344.515948011453;eev,integrated,separated,ws;lintim;SiouxFalls;SiouxFalls;True;False;1e-05;12000;1;2;20;10;5000;-5;50;0.75;2;50;50;10;10;16;2.7866;1153;1153
14050707;154;g_000;2;1;30;line_consecutive;0.5;1154;5;4;8-16,10-16;10;210932.39837599944;211035.26050326217;211035.26053;223351.8423440024;102.8621272627206;2.6737834559753537e-05;12316.581840740226;eev,integrated,separated,ws;lintim;SiouxFalls;SiouxFalls;True;False;1e-05;12000;1;2;20;10;5000;-5;50;0.75;2;50;50;10;10;16;2.7866;1154;1154
14050707;155;g_000;2;1;30;line_consecutive;0.5;1155;5;5;10-11,10-16;1,10;167597.4538369994;167597.51776496306;167609.4218729983;175948.7593710303;0.0639279636670835;11.90410803523264;8351.241606067226;eev,integrated,separated,ws;lintim;SiouxFalls;SiouxFalls;True;False;1e-05;12000;1;2;20;10;5000;-5;50;0.75;2;50;50;10;10;16;2.7866;1155;1155
14050707;156;g_000;2;1;30;line_consecutive;0.5;1156;5;6;14-23,23-24;4;169431.83779499936;169431.83779499997;169431.83779499767;177827.534763;6.111804395914078e-10;-2.299202606081962e-09;8395.696968000033;eev,integrated,separated,ws;lintim;SiouxFalls;SiouxFalls;True;False;1e-05;12000;1;2;20;10;5000;-5;50;0.75;2;50;50;10;10;16;2.7866;1156;1156
14050707;157;g_000;2;1;30;line_consecutive;0.5;1157;5;7;10-11,11-14;10;233836.0840779993;233836.14800635664;233848.052114;249418.996224;0.0639283573254942;11.904107643349562;15582.84821764336;eev,integrated,separated,ws;lintim;SiouxFalls;SiouxFalls;True;False;1e-05;12000;1;2;20;10;5000;-5;50;0.75;2;50;50;10;10;16;2.7866;1157;1157
14050707;158;g_000;2;1;30;line_consecutive;0.5;1158;5;8;10-11,11-12;1,7;168823.2333849994;168823.29731291093;168835.20142099995;177598.74827965756;0.0639279115421231;11.904108089016518;8775.450966746634;eev,integrated,separated,ws;lintim;SiouxFalls;SiouxFalls;True;False;1e-05;12000;1;2;20;10;5000;-5;50;0.75;2;50;50;10;10;16;2.7866;1158;1158
14050707;159;g_000;2;1;30;line_consecutive;0.5;1159;5;9;4-5,5-9;3;143086.35374992655;143191.93958299997;143191.93958299974;144310.62001584534;105.58583307341904;-2.3283064365386963e-10;1118.6804328453727;eev,integrated,separated,ws;lintim;SiouxFalls;SiouxFalls;True;False;1e-05;12000;1;2;20;10;5000;-5;50;0.75;2;50;50;10;10;16;2.7866;1159;1159
14050707;160;g_000;2;1;30;line_consecutive;0.5;1160;5;10;11-14,14-23;4,10;177972.5264170071;177972.5264169238;177972.52641699996;186368.2233849979;-8.329516276717187e-08;7.61647243052721e-08;8395.696968074102;eev,integrated,separated,ws;lintim;SiouxFalls;SiouxFalls;True;False;1e-05;12000;1;2;20;10;5000;-5;50;0.75;2;50;50;10;10;16;2.7866;1160;1160
14050707;161;g_000;2;1;30;line_consecutive;0.5;1161;5;11;8-9,9-10;7;143830.2945949994;143830.35852260073;143990.26263099996;143830.35852297334;0.0639276013243943;159.90410839923425;3.726163413375616e-07;eev,integrated,separated,ws;lintim;SiouxFalls;SiouxFalls;True;False;1e-05;12000;1;2;20;10;5000;-5;50;0.75;2;50;50;10;10;16;2.7866;1161;1161
14050707;162;g_000;2;1;30;line_consecutive;0.5;1162;5;12;6-8,8-16;2;164921.5577809994;164921.62170886507;165081.52581699996;175341.6463999914;0.0639278656744863;159.90410813488415;10420.024691126338;eev,integrated,separated,ws;lintim;SiouxFalls;SiouxFalls;True;False;1e-05;12000;1;2;20;10;5000;-5;50;0.75;2;50;50;10;10;16;2.7866;1162;1162
14050707;163;g_000;2;1;30;line_consecutive;0.5;1163;5;13;20-21,21-24;6;146026.18110499956;146026.1810896219;146026.18110499997;146026.18080211582;-1.53776491060853e-05;1.5378056559711695e-05;-0.0002875060890801;eev,integrated,separated,ws;lintim;SiouxFalls;SiouxFalls;True;False;1e-05;12000;1;2;20;10;5000;-5;50;0.75;2;50;50;10;10;16;2.7866;1163;1163
14050707;164;g_000;2;1;30;line_consecutive;0.5;1164;5;14;8-16,16-17;2,13;164921.5577809994;164921.62170899997;165081.52581699996;175341.64640000073;0.0639280005707405;159.9041079999879;10420.024691000755;eev,integrated,separated,ws;lintim;SiouxFalls;SiouxFalls;True;False;1e-05;12000;1;2;20;10;5000;-5;50;0.75;2;50;50;10;10;16;2.7866;1164;1164
14050707;165;g_000;2;1;30;line_consecutive;0.5;1165;5;15;15-22,21-22;13;142319.8824499994;142520.1463780001;142695.46821399924;142695.46821399927;200.2639280006988;175.32183599914424;175.32183599917337;eev,integrated,separated,ws;lintim;SiouxFalls;SiouxFalls;True;False;1e-05;12000;1;2;20;10;5000;-5;50;0.75;2;50;50;10;10;16;2.7866;1165;1165
14050707;166;g_000;2;1;30;line_consecutive;0.5;1166;5;16;7-18,18-20;11;137361.7496979994;137399.97406199915;137399.97406199877;137399.97406199883;38.22436399976141;-3.7834979593753815e-10;-3.2014213502407074e-10;eev,integrated,separated,ws;lintim;SiouxFalls;SiouxFalls;True;False;1e-05;12000;1;2;20;10;5000;-5;50;0.75;2;50;50;10;10;16;2.7866;1166;1166
14050707;167;g_000;2;1;30;line_consecutive;0.5;1167;5;17;5-9,9-10;9;143830.2945949994;143830.35852260073;143990.26263099996;145014.77122697156;0.0639276013243943;159.90410839923425;1184.4127043708286;eev,integrated,separated,ws;lintim;SiouxFalls;SiouxFalls;True;False;1e-05;12000;1;2;20;10;5000;-5;50;0.75;2;50;50;10;10;16;2.7866;1167;1167
14050707;168;g_000;2;1;30;line_consecutive;0.5;1168;5;18;1-3,3-12;8,12;191346.8009759994;191552.0832479998;191552.08324799992;197794.8370319929;205.28227200041877;1.1641532182693479e-10;6242.753783993103;eev,integrated,separated,ws;lintim;SiouxFalls;SiouxFalls;True;False;1e-05;12000;1;2;20;10;5000;-5;50;0.75;2;50;50;10;10;16;2.7866;1168;1168
14050707;169;g_000;2;1;30;line_consecutive;0.5;1169;5;19;5-6,5-9;9;143086.35374992655;143191.93958299997;143191.93958299974;144310.62001584534;105.58583307341904;-2.3283064365386963e-10;1118.6804328453727;eev,integrated,separated,ws;lintim;SiouxFalls;SiouxFalls;True;False;1e-05;12000;1;2;20;10;5000;-5;50;0.75;2;50;50;10;10;16;2.7866;1169;1169
14050707;170;g_000;2;1;30;line_consecutive;0.5;1170;5;20;15-19,17-19;13,14;206598.50642449936;206598.50639915897;206598.5064245;225170.3007689992;-2.534038503654301e-05;2.534102532081306e-05;18571.79436984024;eev,integrated,separated,ws;lintim;SiouxFalls;SiouxFalls;True;False;1e-05;12000;1;2;20;10;5000;-5;50;0.75;2;50;50;10;10;16;2.7866;1170;1170
14050707;171;g_000;2;1;30;line_consecutive;0.5;1171;5;21;3-12,11-12;8;178785.19086699915;178985.454795;179172.35890299993;185283.0788129988;200.26392800084432;186.9041079999297;6297.624017998809;eev,integrated,separated,ws;lintim;SiouxFalls;SiouxFalls;True;False;1e-05;12000;1;2;20;10;5000;-5;50;0.75;2;50;50;10;10;16;2.7866;1171;1171
14050707;172;g_000;2;1;30;line_consecutive;0.5;1172;5;22;3-12,12-13;12;136644.6338439994;136644.6338439998;136644.63384399994;136644.633844;3.7834979593753815e-10;1.4551915228366852e-10;2.0372681319713595e-10;eev,integrated,separated,ws;lintim;SiouxFalls;SiouxFalls;True;False;1e-05;12000;1;2;20;10;5000;-5;50;0.75;2;50;50;10;10;16;2.7866;1172;1172
14050707;173;g_000;2;1;30;line_consecutive;0.5;1173;5;23;7-8,7-18;3,11;137493.7427059994;137519.98068999528;137679.88479799964;137679.8847979997;26.237983995873947;159.90410800435347;159.90410800441168;eev,integrated,separated,ws;lintim;SiouxFalls;SiouxFalls;True;False;1e-05;12000;1;2;20;10;5000;-5;50;0.75;2;50;50;10;10;16;2.7866;1173;1173
14050707;174;g_000;2;1;30;line_consecutive;0.5;1174;5;24;13-24,21-24;6;146026.18110499938;146026.181105;146026.18110499997;146026.18080211582;6.111804395914078e-10;-2.9103830456733704e-11;-0.0003028841747436;eev,integrated,separated,ws;lintim;SiouxFalls;SiouxFalls;True;False;1e-05;12000;1;2;20;10;5000;-5;50;0.75;2;50;50;10;10;16;2.7866;1174;1174
14050707;175;g_000;2;1;30;line_consecutive;0.5;1175;5;25;10-17,17-19;14;183830.9082089994;184031.172137;184067.47624488812;201682.3211725;200.2639280005824;36.30410788816516;17651.149035499984;eev,integrated,separated,ws;lintim;SiouxFalls;SiouxFalls;True;False;1e-05;12000;1;2;20;10;5000;-5;50;0.75;2;50;50;10;10;16;2.7866;1175;1175
14050707;176;g_000;2;1;30;line_consecutive;0.5;1176;5;26;18-20,20-22;11;136644.6338439994;136644.63384399877;136644.63384399994;136644.633844;-6.402842700481415e-10;1.164153218269348e-09;1.2223608791828156e-09;eev,integrated,separated,ws;lintim;SiouxFalls;SiouxFalls;True;False;1e-05;12000;1;2;20;10;5000;-5;50;0.75;2;50;50;10;10;16;2.7866;1176;1176
14050707;177;g_000;2;1;30;line_consecutive;0.5;1177;5;27;17-19,19-20;2;183830.9082089994;184031.17213699984;184067.476245;201682.3211724999;200.2639280004369;36.3041080001276;17651.14903550007;eev,integrated,separated,ws;lintim;SiouxFalls;SiouxFalls;True;False;1e-05;12000;1;2;20;10;5000;-5;50;0.75;2;50;50;10;10;16;2.7866;1177;1177
14050707;178;g_000;2;1;30;line_consecutive;0.5;1178;5;28;11-12,11-14;8;233836.0840779994;233836.148006;233848.052114;249418.99622392788;0.0639280005998443;11.9041079999879;15582.84821792788;eev,integrated,separated,ws;lintim;SiouxFalls;SiouxFalls;True;False;1e-05;12000;1;2;20;10;5000;-5;50;0.75;2;50;50;10;10;16;2.7866;1178;1178
14050707;179;g_000;2;1;30;line_consecutive;0.5;1179;5;29;10-15,15-19;9;154327.44629299943;154327.44629297525;154327.446292875;159610.34312816933;-2.4185283109545708e-08;-1.0023359209299089e-07;5282.896835194086;eev,integrated,separated,ws;lintim;SiouxFalls;SiouxFalls;True;False;1e-05;12000;1;2;20;10;5000;-5;50;0.75;2;50;50;10;10;16;2.7866;1179;1179
14050707;180;g_000;1;1;30;line_consecutive;0.5;1180;6;0;9-10;7,9;144043.854324;146005.65904499998;146005.65904499995;146731.76372896414;1961.804720999964;-2.9103830456733704e-11;726.104683964164;eev,integrated,separated,ws;lintim;SiouxFalls;SiouxFalls;True;False;1e-05;12000;1;2;20;100;50;-5;50;0.75;2;50;50;10;10;16;2.7866;1180;1180
14050707;181;g_000;1;1;30;line_consecutive;0.5;1181;6;1;4-5;3;137448.31361399888;137893.31978599977;139305.19784899993;139305.197849;445.0061720008962;1411.8780630001563;1411.8780630002148;eev,integrated,separated,ws;lintim;SiouxFalls;SiouxFalls;True;False;1e-05;12000;1;2;20;100;50;-5;50;0.75;2;50;50;10;10;16;2.7866;1181;1181
14050707;182;g_000;1;1;30;line_consecutive;0.5;1182;6;2;5-9;3,9;144066.171428;146428.96619899807;147211.34632499993;148841.2869328596;2362.7947709980654;782.3801260018663;2412.320733861532;eev,integrated,separated,ws;lintim;SiouxFalls;SiouxFalls;True;False;1e-05;12000;1;2;20;100;50;-5;50;0.75;2;50;50;10;10;16;2.7866;1182;1182
14050707;183;g_000;1;1;30;line_consecutive;0.5;1183;6;3;7-18;3,11;137336.139466;137563.097298;138218.29279999994;138218.2928;226.9578320000146;655.1955019999295;655.1955019999878;eev,integrated,separated,ws;lintim;SiouxFalls;SiouxFalls;True;False;1e-05;12000;1;2;20;100;50;-5;50;0.75;2;50;50;10;10;16;2.7866;1183;1183
14050707;184;g_000;1;1;30;line_consecutive;0.5;1184;6;4;11-12;1,7,8;151208.85931999996;154233.66894200002;160980.41737600003;162442.002797;3024.809622000059;6746.748434000008;8208.333854999975;eev,integrated,separated,ws;lintim;SiouxFalls;SiouxFalls;True;False;1e-05;12000;1;2;20;100;50;-5;50;0.75;2;50;50;10;10;16;2.7866;1184;1184
14050707;185;g_000;1;1;30;line_consecutive;0.5;1185;6;5;7-8;3,7,11;137750.58763999998;138815.69300179972;139898.10858498578;139898.10858498584;1065.1053617997386;1082.4155831860553;1082.4155831861135;eev,integrated,separated,ws;lintim;SiouxFalls;SiouxFalls;True;False;1e-05;12000;1;2;20;100;50;-5;50;0.75;2;50;50;10;10;16;2.7866;1185;1185
14050707;186;g_000;1;1;30;line_consecutive;0.5;1186;6;6;14-23;4,10;144118.358875;144824.08629601463;144824.08629599994;155695.698134;705.7274210146279;-1.4697434380650522e-08;10871.611837985372;eev,integrated,separated,ws;lintim;SiouxFalls;SiouxFalls;True;False;1e-05;12000;1;2;20;100;50;-5;50;0.75;2;50;50;10;10;16;2.7866;1186;1186
14050707;187;g_000;1;1;30;line_consecutive;0.5;1187;6;7;1-2;12;136644.633844;136644.633844;136644.63384399994;136644.633844;0.0;-5.820766091346741e-11;0.0;eev,integrated,separated,ws;lintim;SiouxFalls;SiouxFalls;True;False;1e-05;12000;1;2;20;100;50;-5;50;0.75;2;50;50;10;10;16;2.7866;1187;1187
14050707;188;g_000;1;1;30;line_consecutive;0.5;1188;6;8;8-9;3,7;136798.174478;137242.34519400002;139569.28167899995;139569.281679;444.1707160000224;2326.9364849999256;2326.936484999984;eev,integrated,separated,ws;lintim;SiouxFalls;SiouxFalls;True;False;1e-05;12000;1;2;20;100;50;-5;50;0.75;2;50;50;10;10;16;2.7866;1188;1188
14050707;189;g_000;1;1;30;line_consecutive;0.5;1189;6;9;3-4;3,4;153558.654793;159024.66112399913;163930.37930999996;162955.62481699997;5466.006330999138;4905.718186000828;3930.963693000842;eev,integrated,separated,ws;lintim;SiouxFalls;SiouxFalls;True;False;1e-05;12000;1;2;20;100;50;-5;50;0.75;2;50;50;10;10;16;2.7866;1189;1189
14050707;190;g_000;1;1;30;line_consecutive;0.5;1190;6;10;19-20;2;150565.291513;152635.49397;153079.41778399993;165508.55483199854;2070.2024570000067;443.9238139999216;12873.060861998529;eev,integrated,separated,ws;lintim;SiouxFalls;SiouxFalls;True;False;1e-05;12000;1;2;20;100;50;-5;50;0.75;2;50;50;10;10;16;2.7866;1190;1190
14050707;191;g_000;1;1;30;line_consecutive;0.5;1191;6;11;21-24;6;137694.60239900002;138152.30594099898;138152.30594099994;138152.30563811582;457.7035419989552;9.60426405072212e-10;-0.0003028831561096;eev,integrated,separated,ws;lintim;SiouxFalls;SiouxFalls;True;False;1e-05;12000;1;2;20;100;50;-5;50;0.75;2;50;50;10;10;16;2.7866;1191;1191
14050707;192;g_000;1;1;30;line_consecutive;0.5;1192;6;12;15-22;5,13;141726.881812;143522.66489399972;145799.34981899994;145799.349819;1795.783081999718;2276.6849250002124;2276.6849250002706;eev,integrated,separated,ws;lintim;SiouxFalls;SiouxFalls;True;False;1e-05;12000;1;2;20;100;50;-5;50;0.75;2;50;50;10;10;16;2.7866;1192;1192
14050707;193;g_000;1;1;30;line_consecutive;0.5;1193;6;13;1-3;4,8,12;156051.32015;160099.244957;162523.47970799997;166535.92834399996;4047.924806999974;2424.2347509999818;6436.683386999968;eev,integrated,separated,ws;lintim;SiouxFalls;SiouxFalls;True;False;1e-05;12000;1;2;20;100;50;-5;50;0.75;2;50;50;10;10;16;2.7866;1193;1193
14050707;194;g_000;1;1;30;line_consecutive;0.5;1194;6;14;20-22;11;136644.633844;136644.633844;136644.63384399994;136644.633844;0.0;-5.820766091346741e-11;0.0;eev,integrated,separated,ws;lintim;SiouxFalls;SiouxFalls;True;False;1e-05;12000;1;2;20;100;50;-5;50;0.75;2;50;50;10;10;16;2.7866;1194;1194
14050707;195;g_000;1;1;30;line_consecutive;0.5;1195;6;15;15-19;9,13,14;144581.764418;146396.82439499997;147097.77514699998;147097.77514700004;1815.059976999968;700.9507520000043;700.9507520000625;eev,integrated,separated,ws;lintim;SiouxFalls;SiouxFalls;True;False;1e-05;12000;1;2;20;100;50;-5;50;0.75;2;50;50;10;10;16;2.7866;1195;1195
14050707;196;g_000;1;1;30;line_consecutive;0.5;1196;6;16;13-24;6;142753.542303;144484.780419;144868.93665099994;144868.9363481158;1731.2381159999932;384.1562319999503;384.1559291158046;eev,integrated,separated,ws;lintim;SiouxFalls;SiouxFalls;True;False;1e-05;12000;1;2;20;100;50;-5;50;0.75;2;50;50;10;10;16;2.7866;1196;1196
14050707;197;g_000;1;1;30;line_consecutive;0.5;1197;6;17;18-20;11;136644.633844;136644.633844;136644.63384399994;136644.633844;0.0;-5.820766091346741e-11;0.0;eev,integrated,separated,ws;lintim;SiouxFalls;SiouxFalls;True;False;1e-05;12000;1;2;20;100;50;-5;50;0.75;2;50;50;10;10;16;2.7866;1197;1197
14050707;198;g_000;1;1;30;line_consecutive;0.5;1198;6;18;21-22;13;136644.633844;136644.633844;136644.63384399994;136644.633844;0.0;-5.820766091346741e-11;0.0;eev,integrated,separated,ws;lintim;SiouxFalls;SiouxFalls;True;False;1e-05;12000;1;2;20;100;50;-5;50;0.75;2;50;50;10;10;16;2.7866;1198;1198
14050707;199;g_000;1;1;30;line_consecutive;0.5;1199;6;19;11-14;4,8,10;160297.044927;165878.02522299995;169373.64168499995;174457.689634;5580.980295999936;3495.6164620000054;8579.664411000063;eev,integrated,separated,ws;lintim;SiouxFalls;SiouxFalls;True;False;1e-05;12000;1;2;20;100;50;-5;50;0.75;2;50;50;10;10;16;2.7866;1199;1199
14050707;200;g_000;1;1;30;line_consecutive;0.5;1200;6;20;4-11;4;147432.71397;151204.08177200003;157092.16875299995;159978.73759699997;3771.3678020000234;5888.086980999913;8774.655824999936;eev,integrated,separated,ws;lintim;SiouxFalls;SiouxFalls;True;False;1e-05;12000;1;2;20;100;50;-5;50;0.75;2;50;50;10;10;16;2.7866;1200;1200
14050707;201;g_000;1;1;30;line_consecutive;0.5;1201;6;21;10-15;5,9;150327.74487800268;153544.72739000362;154380.55466799997;156962.27445199998;3216.982512000948;835.8272779963445;3417.54706199636;eev,integrated,separated,ws;lintim;SiouxFalls;SiouxFalls;True;False;1e-05;12000;1;2;20;100;50;-5;50;0.75;2;50;50;10;10;16;2.7866;1201;1201
14050707;202;g_000;1;1;30;line_consecutive;0.5;1202;6;22;16-18;1;143735.211411;148601.90594599998;155773.06597899995;150432.77466342755;4866.694534999988;7171.160032999964;1830.8687174275688;eev,integrated,separated,ws;lintim;SiouxFalls;SiouxFalls;True;False;1e-05;12000;1;2;20;100;50;-5;50;0.75;2;50;50;10;10;16;2.7866;1202;1202
14050707;203;g_000;1;1;30;line_consecutive;0.5;1203;6;23;10-17;14;136644.633844;136644.63384399633;136644.63384399994;136644.633844;-3.667082637548447e-09;3.608874976634979e-09;3.667082637548447e-09;eev,integrated,separated,ws;lintim;SiouxFalls;SiouxFalls;True;False;1e-05;12000;1;2;20;100;50;-5;50;0.75;2;50;50;10;10;16;2.7866;1203;1203
14050707;204;g_000;1;1;30;line_consecutive;0.5;1204;6;24;14-15;14;136644.633844;136644.633844;136644.63384399994;136644.633844;0.0;-5.820766091346741e-11;0.0;eev,integrated,separated,ws;lintim;SiouxFalls;SiouxFalls;True;False;1e-05;12000;1;2;20;100;50;-5;50;0.75;2;50;50;10;10;16;2.7866;1204;1204
14050707;205;g_000;1;1;30;line_consecutive;0.5;1205;6;25;23-24;4;142310.089591;144116.62817500002;145654.21902199998;153209.34547;1806.5385840000235;1537.5908469999558;9092.71729499998;eev,integrated,separated,ws;lintim;SiouxFalls;SiouxFalls;True;False;1e-05;12000;1;2;20;100;50;-5;50;0.75;2;50;50;10;10;16;2.7866;1205;1205
14050707;206;g_000;1;1;30;line_consecutive;0.5;1206;6;26;12-13;12;136644.633844;136644.633844;136644.63384399994;136644.633844;0.0;-5.820766091346741e-11;0.0;eev,integrated,separated,ws;lintim;SiouxFalls;SiouxFalls;True;False;1e-05;12000;1;2;20;100;50;-5;50;0.75;2;50;50;10;10;16;2.7866;1206;1206
14050707;207;g_000;1;1;30;line_consecutive;0.5;1207;6;27;17-19;2,13,14;167223.230315;171734.07963300188;176761.19921299996;191582.93802572764;4510.849318001885;5027.119579998078;19848.85839272576;eev,integrated,separated,ws;lintim;SiouxFalls;SiouxFalls;True;False;1e-05;12000;1;2;20;100;50;-5;50;0.75;2;50;50;10;10;16;2.7866;1207;1207
14050707;208;g_000;1;1;30;line_consecutive;0.5;1208;6;28;20-21;6;137673.07330699958;137673.07330700013;137673.07330699996;137673.07300411584;5.529727786779404e-10;-1.7462298274040222e-10;-0.0003028842911589;eev,integrated,separated,ws;lintim;SiouxFalls;SiouxFalls;True;False;1e-05;12000;1;2;20;100;50;-5;50;0.75;2;50;50;10;10;16;2.7866;1208;1208
14050707;209;g_000;1;1;30;line_consecutive;0.5;1209;6;29;2-6;2;159065.96675400267;163689.10822400005;167972.98816799995;173763.68441899965;4623.141469997383;4283.879943999898;10074.576194999594;eev,integrated,separated,ws;lintim;SiouxFalls;SiouxFalls;True;False;1e-05;12000;1;2;20;100;50;-5;50;0.75;2;50;50;10;10;16;2.7866;1209;1209
14050707;210;g_000;2;1;30;line_consecutive;0.5;1210;7;0;13-24,21-24;6;143126.042303;144849.914163;145086.43665099994;145086.43634811582;1723.8718600000138;236.5224879999296;236.52218511581304;eev,integrated,separated,ws;lintim;SiouxFalls;SiouxFalls;True;False;1e-05;12000;1;2;20;100;50;-5;50;0.75;2;50;50;10;10;16;2.7866;1210;1210
14050707;211;g_000;2;1;30;line_consecutive;0.5;1211;7;1;8-16,10-16;10;150480.67638799996;154158.292871;161275.9848749999;167162.865661;3677.616483000049;7117.692003999895;13004.572789999977;eev,integrated,separated,ws;lintim;SiouxFalls;SiouxFalls;True;False;1e-05;12000;1;2;20;100;50;-5;50;0.75;2;50;50;10;10;16;2.7866;1211;1211
14050707;212;g_000;2;1;30;line_consecutive;0.5;1212;7;2;10-11,11-12;1,7;158482.020756;162137.90668200003;165447.15273999996;169956.86476495845;3655.885926000017;3309.2460579999315;7818.958082958416;eev,integrated,separated,ws;lintim;SiouxFalls;SiouxFalls;True;False;1e-05;12000;1;2;20;100;50;-5;50;0.75;2;50;50;10;10;16;2.7866;1212;1212
14050707;213;g_000;2;1;30;line_consecutive;0.5;1213;7;3;10-15,15-19;9;150502.078313;154002.99509499673;154936.01034699994;158636.69376599998;3500.916781996726;933.0152520032134;4633.698671003251;eev,integrated,separated,ws;lintim;SiouxFalls;SiouxFalls;True;False;1e-05;12000;1;2;20;100;50;-5;50;0.75;2;50;50;10;10;16;2.7866;1213;1213
14050707;214;g_000;2;1;30;line_consecutive;0.5;1214;7;4;3-4,4-5;3;156683.40499199997;160497.89752800003;165574.79864299996;169192.54541199998;3814.492536000064;5076.901114999928;8694.647883999947;eev,integrated,separated,ws;lintim;SiouxFalls;SiouxFalls;True;False;1e-05;12000;1;2;20;100;50;-5;50;0.75;2;50;50;10;10;16;2.7866;1214;1214
14050707;215;g_000;2;1;30;line_consecutive;0.5;1215;7;5;14-15,15-19;14;144581.764418;146396.82439500003;147097.77514699998;147097.77514700004;1815.0599770000265;700.9507519999461;700.9507520000043;eev,integrated,separated,ws;lintim;SiouxFalls;SiouxFalls;True;False;1e-05;12000;1;2;20;100;50;-5;50;0.75;2;50;50;10;10;16;2.7866;1215;1215
14050707;216;g_000;2;1;30;line_consecutive;0.5;1216;7;6;8-9,9-10;7;144831.105794;146982.91908;148429.04699599996;148309.14288799485;2151.8132859999896;1446.1279159999683;1326.2238079948584;eev,integrated,separated,ws;lintim;SiouxFalls;SiouxFalls;True;False;1e-05;12000;1;2;20;100;50;-5;50;0.75;2;50;50;10;10;16;2.7866;1216;1216
14050707;217;g_000;2;1;30;line_consecutive;0.5;1217;7;7;4-11,11-14;4;155367.51174;158618.095914;160279.9728769999;168220.152727;3250.584174000018;1661.8769629999006;9602.056813000005;eev,integrated,separated,ws;lintim;SiouxFalls;SiouxFalls;True;False;1e-05;12000;1;2;20;100;50;-5;50;0.75;2;50;50;10;10;16;2.7866;1217;1217
14050707;218;g_000;2;1;30;line_consecutive;0.5;1218;7;8;14-23,23-24;4;164144.299615;166244.84153599996;167093.11338199995;173924.45682400002;2100.5419209999677;848.2718459999887;7679.615288000059;eev,integrated,separated,ws;lintim;SiouxFalls;SiouxFalls;True;False;1e-05;12000;1;2;20;100;50;-5;50;0.75;2;50;50;10;10;16;2.7866;1218;1218
14050707;219;g_000;2;1;30;line_consecutive;0.5;1219;7;9;10-15,15-22;5;151887.12049200002;155280.05180099895;156424.18739599996;159681.592082;3392.93130899893;1144.1355950010184;4401.540281001042;eev,integrated,separated,ws;lintim;SiouxFalls;SiouxFalls;True;False;1e-05;12000;1;2;20;100;50;-5;50;0.75;2;50;50;10;10;16;2.7866;1219;1219
14050707;220;g_000;2;1;30;line_consecutive;0.5;1220;7;10;3-12,11-12;8;157092.9410159137;158339.55669300008;158600.13480699994;168595.43400400004;1246.6156770863745;260.57811399985803;10255.87731099996;eev,integrated,separated,ws;lintim;SiouxFalls;SiouxFalls;True;False;1e-05;12000;1;2;20;100;50;-5;50;0.75;2;50;50;10;10;16;2.7866;1220;1220
14050707;221;g_000;2;1;30;line_consecutive;0.5;1221;7;11;3-4,4-11;4;156683.40499199997;160497.89752800003;165574.79864299996;169192.54541199998;3814.492536000064;5076.901114999928;8694.647883999947;eev,integrated,separated,ws;lintim;SiouxFalls;SiouxFalls;True;False;1e-05;12000;1;2;20;100;50;-5;50;0.75;2;50;50;10;10;16;2.7866;1221;1221
14050707;222;g_000;2;1;30;line_consecutive;0.5;1222;7;12;15-22,22-23;5;143685.242004;145593.95467799998;146918.44708199988;146918.4470819999;1908.7126739999803;1324.4924039999023;1324.4924039999314;eev,integrated,separated,ws;lintim;SiouxFalls;SiouxFalls;True;False;1e-05;12000;1;2;20;100;50;-5;50;0.75;2;50;50;10;10;16;2.7866;1222;1222
14050707;223;g_000;2;1;30;line_consecutive;0.5;1223;7;13;6-8,8-16;2;157847.28471299994;162957.33288299997;164597.85786799996;170759.72482599964;5110.048170000024;1640.5249849999964;7802.391942999675;eev,integrated,separated,ws;lintim;SiouxFalls;SiouxFalls;True;False;1e-05;12000;1;2;20;100;50;-5;50;0.75;2;50;50;10;10;16;2.7866;1223;1223
14050707;224;g_000;2;1;30;line_consecutive;0.5;1224;7;14;8-16,16-17;2,13;153667.4474499983;156358.335072;158583.00540700625;167676.7713619857;2690.8876220016973;2224.67033500626;11318.436289985722;eev,integrated,separated,ws;lintim;SiouxFalls;SiouxFalls;True;False;1e-05;12000;1;2;20;100;50;-5;50;0.75;2;50;50;10;10;16;2.7866;1224;1224
14050707;225;g_000;2;1;30;line_consecutive;0.5;1225;7;15;9-10,10-11;7;156127.32392657144;160724.6948068656;169061.88757199995;172380.02991202293;4597.370880294155;8337.192765134358;11655.33510515734;eev,integrated,separated,ws;lintim;SiouxFalls;SiouxFalls;True;False;1e-05;12000;1;2;20;100;50;-5;50;0.75;2;50;50;10;10;16;2.7866;1225;1225
14050707;226;g_000;2;1;30;line_consecutive;0.5;1226;7;16;10-17,17-19;14;170850.1941205;174683.0925705;181035.06476749992;194717.02152872767;3832.898450000008;6351.972196999908;20033.92895822765;eev,integrated,separated,ws;lintim;SiouxFalls;SiouxFalls;True;False;1e-05;12000;1;2;20;100;50;-5;50;0.75;2;50;50;10;10;16;2.7866;1226;1226
14050707;227;g_000;2;1;30;line_consecutive;0.5;1227;7;17;1-3,3-12;8,12;156051.32015;160099.244957;162523.47970799997;166535.928344;4047.924806999974;2424.2347509999818;6436.683387000026;eev,integrated,separated,ws;lintim;SiouxFalls;SiouxFalls;True;False;1e-05;12000;1;2;20;100;50;-5;50;0.75;2;50;50;10;10;16;2.7866;1227;1227
14050707;228;g_000;2;1;30;line_consecutive;0.5;1228;7;18;5-9,8-9;3;144831.105794;146982.91908;148429.04699599996;148403.99852299783;2151.8132859999896;1446.1279159999683;1421.0794429978414;eev,integrated,separated,ws;lintim;SiouxFalls;SiouxFalls;True;False;1e-05;12000;1;2;20;100;50;-5;50;0.75;2;50;50;10;10;16;2.7866;1228;1228
14050707;229;g_000;2;1;30;line_consecutive;0.5;1229;7;19;18-20,20-22;11;136644.633844;136644.63384399796;136644.63384399994;136644.633844;-2.0372681319713593e-09;1.979060471057892e-09;2.0372681319713593e-09;eev,integrated,separated,ws;lintim;SiouxFalls;SiouxFalls;True;False;1e-05;12000;1;2;20;100;50;-5;50;0.75;2;50;50;10;10;16;2.7866;1229;1229
14050707;230;g_000;2;1;30;line_consecutive;0.5;1230;7;20;4-5,5-9;3;144190.53907399997;147306.44225599998;148750.05737699996;148859.25981985958;3115.903182000009;1443.6151209999807;1552.8175638596003;eev,integrated,separated,ws;lintim;SiouxFalls;SiouxFalls;True;False;1e-05;12000;1;2;20;100;50;-5;50;0.75;2;50;50;10;10;16;2.7866;1230;1230
14050707;231;g_000;2;1;30;line_consecutive;0.5;1231;7;21;15-19,15-22;13;149805.599707;151849.97585900003;152561.65393299994;152561.653933;2044.3761520000407;711.6780739999085;711.6780739999667;eev,integrated,separated,ws;lintim;SiouxFalls;SiouxFalls;True;False;1e-05;12000;1;2;20;100;50;-5;50;0.75;2;50;50;10;10;16;2.7866;1231;1231
14050707;232;g_000;2;1;30;line_consecutive;0.5;1232;7;22;2-6,6-8;2;163038.63718999998;167323.43790799985;171711.81733399996;176467.54969699966;4284.800717999868;4388.379426000116;9144.111788999811;eev,integrated,separated,ws;lintim;SiouxFalls;SiouxFalls;True;False;1e-05;12000;1;2;20;100;50;-5;50;0.75;2;50;50;10;10;16;2.7866;1232;1232
14050707;233;g_000;2;1;30;line_consecutive;0.5;1233;7;23;16-17,17-19;2,13;170850.1941205;174683.0925705;181035.06476749992;194717.02152872767;3832.898450000008;6351.972196999908;20033.92895822765;eev,integrated,separated,ws;lintim;SiouxFalls;SiouxFalls;True;False;1e-05;12000;1;2;20;100;50;-5;50;0.75;2;50;50;10;10;16;2.7866;1233;1233
14050707;234;g_000;2;1;30;line_consecutive;0.5;1234;7;24;15-19,17-19;13,14;169137.02107100002;171750.390669;174100.23073999994;193867.885836;2613.369597999961;2349.840070999955;22117.495167000012;eev,integrated,separated,ws;lintim;SiouxFalls;SiouxFalls;True;False;1e-05;12000;1;2;20;100;50;-5;50;0.75;2;50;50;10;10;16;2.7866;1234;1234
14050707;235;g_000;2;1;30;line_consecutive;0.5;1235;7;25;5-6,5-9;9;144190.53907399997;147306.44225599998;148750.05737699996;148859.25981985958;3115.903182000009;1443.6151209999807;1552.8175638596003;eev,integrated,separated,ws;lintim;SiouxFalls;SiouxFalls;True;False;1e-05;12000;1;2;20;100;50;-5;50;0.75;2;50;50;10;10;16;2.7866;1235;1235
14050707;236;g_000;2;1;30;line_consecutive;0.5;1236;7;26;9-10,10-15;9;150613.66316699574;153536.940154;154280.66461499996;157556.944004;2923.2769870042684;743.724460999947;4020.003849999979;eev,integrated,separated,ws;lintim;SiouxFalls;SiouxFalls;True;False;1e-05;12000;1;2;20;100;50;-5;50;0.75;2;50;50;10;10;16;2.7866;1236;1236
14050707;237;g_000;2;1;30;line_consecutive;0.5;1237;7;27;11-14,14-23;4,10;169995.737016;176849.57421000005;182783.07277;187746.798647;6853.837194000051;5933.49855999992;10897.22443699994;eev,integrated,separated,ws;lintim;SiouxFalls;SiouxFalls;True;False;1e-05;12000;1;2;20;100;50;-5;50;0.75;2;50;50;10;10;16;2.7866;1237;1237
14050707;238;g_000;2;1;30;line_consecutive;0.5;1238;7;28;7-18,18-20;11;137336.139466;137563.09729799998;138218.29279999994;138218.2928;226.9578319999855;655.1955019999587;655.1955020000169;eev,integrated,separated,ws;lintim;SiouxFalls;SiouxFalls;True;False;1e-05;12000;1;2;20;100;50;-5;50;0.75;2;50;50;10;10;16;2.7866;1238;1238
14050707;239;g_000;2;1;30;line_consecutive;0.5;1239;7;29;7-8,7-18;3,11;137750.58763999573;138815.693002;139898.10858499398;139898.108584994;1065.1053620042803;1082.41558299397;1082.4155829939991;eev,integrated,separated,ws;lintim;SiouxFalls;SiouxFalls;True;False;1e-05;12000;1;2;20;100;50;-5;50;0.75;2;50;50;10;10;16;2.7866;1239;1239
14050707;240;g_000;1;1;30;line_consecutive;0.5;1240;8;0;22-23;5;143614.119934;146502.66218599956;148266.05554699997;148266.055547;2888.5422519995773;1763.3933610004024;1763.3933610004317;eev,integrated,separated,ws;lintim;SiouxFalls;SiouxFalls;True;False;1e-05;12000;1;2;20;100;500;-5;50;0.75;2;50;50;10;10;16;2.7866;1240;1240
14050707;241;g_000;1;1;30;line_consecutive;0.5;1241;8;1;4-5;3;137485.76616799994;138326.898492;139305.19784899414;139305.19784899417;841.1323240000638;978.2993569941318;978.2993569941608;eev,integrated,separated,ws;lintim;SiouxFalls;SiouxFalls;True;False;1e-05;12000;1;2;20;100;500;-5;50;0.75;2;50;50;10;10;16;2.7866;1241;1241
14050707;242;g_000;1;1;30;line_consecutive;0.5;1242;8;2;14-23;4,10;159793.680078999;161049.759278;161510.55927799994;168201.34195900004;1256.0791990010184;460.79999999993015;7151.582681000029;eev,integrated,separated,ws;lintim;SiouxFalls;SiouxFalls;True;False;1e-05;12000;1;2;20;100;500;-5;50;0.75;2;50;50;10;10;16;2.7866;1242;1242
14050707;243;g_000;1;1;30;line_consecutive;0.5;1243;8;3;4-11;4;164144.510087;169746.891924;174725.26274499996;174242.796614;5602.3818369999935;4978.37082099996;4495.904689999996;eev,integrated,separated,ws;lintim;SiouxFalls;SiouxFalls;True;False;1e-05;12000;1;2;20;100;500;-5;50;0.75;2;50;50;10;10;16;2.7866;1243;1243
14050707;244;g_000;1;1;30;line_consecutive;0.5;1244;8;4;10-11;1,7,10;166691.71429600002;170411.3466840001;175716.96408399995;175627.27796799995;3719.6323880000855;5305.617399999843;5215.931283999846;eev,integrated,separated,ws;lintim;SiouxFalls;SiouxFalls;True;False;1e-05;12000;1;2;20;100;500;-5;50;0.75;2;50;50;10;10;16;2.7866;1244;1244
14050707;245;g_000;1;1;30;line_consecutive;0.5;1245;8;5;7-8;3,7,11;137750.58763999998;138815.693002;141025.10858499998;141025.10858500004;1065.1053620000312;2209.4155829999654;2209.415583000024;eev,integrated,separated,ws;lintim;SiouxFalls;SiouxFalls;True;False;1e-05;12000;1;2;20;100;500;-5;50;0.75;2;50;50;10;10;16;2.7866;1245;1245
14050707;246;g_000;1;1;30;line_consecutive;0.5;1246;8;6;7-18;3,11;137485.766168;138326.89849199998;139305.19784899996;139305.197849;841.1323239999765;978.2993569999816;978.2993570000108;eev,integrated,separated,ws;lintim;SiouxFalls;SiouxFalls;True;False;1e-05;12000;1;2;20;100;500;-5;50;0.75;2;50;50;10;10;16;2.7866;1246;1246
14050707;247;g_000;1;1;30;line_consecutive;0.5;1247;8;7;3-4;3,4;171489.936202;179136.751902;186191.357399;181568.86211299995;7646.815699999977;7054.605497000011;2432.110210999963;eev,integrated,separated,ws;lintim;SiouxFalls;SiouxFalls;True;False;1e-05;12000;1;2;20;100;500;-5;50;0.75;2;50;50;10;10;16;2.7866;1247;1247
14050707;248;g_000;1;1;30;line_consecutive;0.5;1248;8;8;5-9;3,9;146349.177413;149412.82355600002;151108.74367199995;150032.69272485955;3063.64614300002;1695.9201159999357;619.8691688595281;eev,integrated,separated,ws;lintim;SiouxFalls;SiouxFalls;True;False;1e-05;12000;1;2;20;100;500;-5;50;0.75;2;50;50;10;10;16;2.7866;1248;1248
14050707;249;g_000;1;1;30;line_consecutive;0.5;1249;8;9;21-22;13;136644.633844;136644.63384399697;136644.63384399994;136644.633844;-3.026798367500305e-09;2.9685907065868374e-09;3.026798367500305e-09;eev,integrated,separated,ws;lintim;SiouxFalls;SiouxFalls;True;False;1e-05;12000;1;2;20;100;500;-5;50;0.75;2;50;50;10;10;16;2.7866;1249;1249
14050707;250;g_000;1;1;30;line_consecutive;0.5;1250;8;10;1-2;12;136644.633844;136644.633844;136644.63384399994;136644.633844;0.0;-5.820766091346741e-11;0.0;eev,integrated,separated,ws;lintim;SiouxFalls;SiouxFalls;True;False;1e-05;12000;1;2;20;100;500;-5;50;0.75;2;50;50;10;10;16;2.7866;1250;1250
14050707;251;g_000;1;1;30;line_consecutive;0.5;1251;8;11;5-6;9;145126.273673;147079.671266;147780.62201799994;147780.622018;1953.3975930000013;700.9507519999461;700.9507520000043;eev,integrated,separated,ws;lintim;SiouxFalls;SiouxFalls;True;False;1e-05;12000;1;2;20;100;500;-5;50;0.75;2;50;50;10;10;16;2.7866;1251;1251
14050707;252;g_000;1;1;30;line_consecutive;0.5;1252;8;12;20-21;6;144290.88462800666;144606.55678491385;144606.55678499994;144606.55648211582;315.6721569071815;8.60891304910183e-08;-0.0003027980274055;eev,integrated,separated,ws;lintim;SiouxFalls;SiouxFalls;True;False;1e-05;12000;1;2;20;100;500;-5;50;0.75;2;50;50;10;10;16;2.7866;1252;1252
14050707;253;g_000;1;1;30;line_consecutive;0.5;1253;8;13;18-20;11;136644.633844;136644.633844;136644.63384399994;136644.633844;0.0;-5.820766091346741e-11;0.0;eev,integrated,separated,ws;lintim;SiouxFalls;SiouxFalls;True;False;1e-05;12000;1;2;20;100;500;-5;50;0.75;2;50;50;10;10;16;2.7866;1253;1253
14050707;254;g_000;1;1;30;line_consecutive;0.5;1254;8;14;12-13;12;136644.633844;136644.633844;136644.63384399994;136644.633844;0.0;-5.820766091346741e-11;0.0;eev,integrated,separated,ws;lintim;SiouxFalls;SiouxFalls;True;False;1e-05;12000;1;2;20;100;500;-5;50;0.75;2;50;50;10;10;16;2.7866;1254;1254
14050707;255;g_000;1;1;30;line_consecutive;0.5;1255;8;15;2-6;2;169781.19822100003;175797.08459090383;179717.5529859999;185384.0772649996;6015.886369903805;3920.4683950960753;9586.99267409576;eev,integrated,separated,ws;lintim;SiouxFalls;SiouxFalls;True;False;1e-05;12000;1;2;20;100;500;-5;50;0.75;2;50;50;10;10;16;2.7866;1255;1255
14050707;256;g_000;1;1;30;line_consecutive;0.5;1256;8;16;20-22;11;136644.633844;136644.6338440402;136644.63384399994;136644.633844;4.019238986074925e-08;-4.025059752166271e-08;-4.019238986074925e-08;eev,integrated,separated,ws;lintim;SiouxFalls;SiouxFalls;True;False;1e-05;12000;1;2;20;100;500;-5;50;0.75;2;50;50;10;10;16;2.7866;1256;1256
14050707;257;g_000;1;1;30;line_consecutive;0.5;1257;8;17;3-12;8,12;136644.633844;136644.633844;136644.63384399994;136644.633844;0.0;-5.820766091346741e-11;0.0;eev,integrated,separated,ws;lintim;SiouxFalls;SiouxFalls;True;False;1e-05;12000;1;2;20;100;500;-5;50;0.75;2;50;50;10;10;16;2.7866;1257;1257
14050707;258;g_000;1;1;30;line_consecutive;0.5;1258;8;18;10-15;5,9;155075.511215;159892.58651599416;164627.89462199993;166346.15443599998;4817.0753009941545;4735.308106005774;6453.567920005822;eev,integrated,separated,ws;lintim;SiouxFalls;SiouxFalls;True;False;1e-05;12000;1;2;20;100;500;-5;50;0.75;2;50;50;10;10;16;2.7866;1258;1258
14050707;259;g_000;1;1;30;line_consecutive;0.5;1259;8;19;11-14;4,8,10;178604.111576;184118.207699;187561.402214;191602.23661457145;5514.096122999996;3443.194514999981;7484.028915571456;eev,integrated,separated,ws;lintim;SiouxFalls;SiouxFalls;True;False;1e-05;12000;1;2;20;100;500;-5;50;0.75;2;50;50;10;10;16;2.7866;1259;1259
14050707;260;g_000;1;1;30;line_consecutive;0.5;1260;8;20;15-19;9,13,14;145126.273673;147079.6712659991;147780.62201799994;147780.622018;1953.3975929990995;700.9507520008483;700.9507520009065;eev,integrated,separated,ws;lintim;SiouxFalls;SiouxFalls;True;False;1e-05;12000;1;2;20;100;500;-5;50;0.75;2;50;50;10;10;16;2.7866;1260;1260
14050707;261;g_000;1;1;30;line_consecutive;0.5;1261;8;21;8-16;2,10,13;164849.885082;170086.9725729999;173945.38189499994;179021.28306699963;5237.0874909998965;3858.4093220000505;8934.310493999743;eev,integrated,separated,ws;lintim;SiouxFalls;SiouxFalls;True;False;1e-05;12000;1;2;20;100;500;-5;50;0.75;2;50;50;10;10;16;2.7866;1261;1261
14050707;262;g_000;1;1;30;line_consecutive;0.5;1262;8;22;11-12;1,7,8;158954.349178;164621.91482898744;173205.60014799997;168935.83641699984;5667.565650987439;8583.685319012526;4313.921588012396;eev,integrated,separated,ws;lintim;SiouxFalls;SiouxFalls;True;False;1e-05;12000;1;2;20;100;500;-5;50;0.75;2;50;50;10;10;16;2.7866;1262;1262
14050707;263;g_000;1;1;30;line_consecutive;0.5;1263;8;23;19-20;2;168363.006313;173131.67775399933;176437.46109099995;182413.7193019997;4768.671440999344;3305.783337000612;9282.041548000358;eev,integrated,separated,ws;lintim;SiouxFalls;SiouxFalls;True;False;1e-05;12000;1;2;20;100;500;-5;50;0.75;2;50;50;10;10;16;2.7866;1263;1263
14050707;264;g_000;1;1;30;line_consecutive;0.5;1264;8;24;17-19;2,13,14;189759.674898;195086.90324256456;199215.0018865;211610.60644822769;5327.228344564559;4128.098643935402;16523.70320566313;eev,integrated,separated,ws;lintim;SiouxFalls;SiouxFalls;True;False;1e-05;12000;1;2;20;100;500;-5;50;0.75;2;50;50;10;10;16;2.7866;1264;1264
14050707;265;g_000;1;1;30;line_consecutive;0.5;1265;8;25;1-3;4,8,12;180448.073184;185085.39737;188095.254644;190242.214203;4637.324185999984;3009.857274000009;5156.816833000019;eev,integrated,separated,ws;lintim;SiouxFalls;SiouxFalls;True;False;1e-05;12000;1;2;20;100;500;-5;50;0.75;2;50;50;10;10;16;2.7866;1265;1265
14050707;266;g_000;1;1;30;line_consecutive;0.5;1266;8;26;10-16;1,10;153668.948593;156700.57285700028;162171.89097599994;158569.54505899997;3031.6242640002747;5471.318118999654;1868.9722019996843;eev,integrated,separated,ws;lintim;SiouxFalls;SiouxFalls;True;False;1e-05;12000;1;2;20;100;500;-5;50;0.75;2;50;50;10;10;16;2.7866;1266;1266
14050707;267;g_000;1;1;30;line_consecutive;0.5;1267;8;27;16-18;1;147648.12725799996;152121.94789200003;162183.29592099995;155888.92296042526;4473.820634000062;10061.348028999928;3766.975068425236;eev,integrated,separated,ws;lintim;SiouxFalls;SiouxFalls;True;False;1e-05;12000;1;2;20;100;500;-5;50;0.75;2;50;50;10;10;16;2.7866;1267;1267
14050707;268;g_000;1;1;30;line_consecutive;0.5;1268;8;28;9-10;7,9;145454.01357799998;147425.1710877252;149756.05163399997;148156.14752596413;1971.1575097252207;2330.8805462747696;730.9764382389258;eev,integrated,separated,ws;lintim;SiouxFalls;SiouxFalls;True;False;1e-05;12000;1;2;20;100;500;-5;50;0.75;2;50;50;10;10;16;2.7866;1268;1268
14050707;269;g_000;1;1;30;line_consecutive;0.5;1269;8;29;15-22;5,13;144367.58062899977;146893.28553499613;149870.74340299994;149870.743403;2525.704905996361;2977.4578680038103;2977.4578680038685;eev,integrated,separated,ws;lintim;SiouxFalls;SiouxFalls;True;False;1e-05;12000;1;2;20;100;500;-5;50;0.75;2;50;50;10;10;16;2.7866;1269;1269
14050707;270;g_000;2;1;30;line_consecutive;0.5;1270;9;0;13-24,21-24;6;149668.412204;152490.09783;153503.53614999994;153503.5358471158;2821.6856260000204;1013.4383199999284;1013.4380171157828;eev,integrated,separated,ws;lintim;SiouxFalls;SiouxFalls;True;False;1e-05;12000;1;2;20;100;500;-5;50;0.75;2;50;50;10;10;16;2.7866;1270;1270
14050707;271;g_000;2;1;30;line_consecutive;0.5;1271;9;1;6-8,8-16;2;168777.1083540377;174432.242459;178818.69378899992;183929.6638219996;5655.134104962315;4386.451329999924;9497.421362999594;eev,integrated,separated,ws;lintim;SiouxFalls;SiouxFalls;True;False;1e-05;12000;1;2;20;100;500;-5;50;0.75;2;50;50;10;10;16;2.7866;1271;1271
14050707;272;g_000;2;1;30;line_consecutive;0.5;1272;9;2;5-9,8-9;3;146796.662341;149827.96823199996;153270.30623499997;151885.70785999967;3031.3058909999672;3442.338003000012;2057.7396279997192;eev,integrated,separated,ws;lintim;SiouxFalls;SiouxFalls;True;False;1e-05;12000;1;2;20;100;500;-5;50;0.75;2;50;50;10;10;16;2.7866;1272;1272
14050707;273;g_000;2;1;30;line_consecutive;0.5;1273;9;3;9-10,10-11;7;178479.65389174354;184101.5130736509;189143.980954;190992.219395;5621.859181907348;5042.467880349112;6890.706321349106;eev,integrated,separated,ws;lintim;SiouxFalls;SiouxFalls;True;False;1e-05;12000;1;2;20;100;500;-5;50;0.75;2;50;50;10;10;16;2.7866;1273;1273
14050707;274;g_000;2;1;30;line_consecutive;0.5;1274;9;4;11-12,11-14;8;201130.69714417108;207364.66133799992;211516.369423;219724.578276;6233.9641938288405;4151.708085000078;12359.916938000068;eev,integrated,separated,ws;lintim;SiouxFalls;SiouxFalls;True;False;1e-05;12000;1;2;20;100;500;-5;50;0.75;2;50;50;10;10;16;2.7866;1274;1274
14050707;275;g_000;2;1;30;line_consecutive;0.5;1275;9;5;3-4,4-11;4;174177.237019;180910.8443069776;186517.34570099995;184620.622791;6733.607287977618;5606.501394022343;3709.7784840223903;eev,integrated,separated,ws;lintim;SiouxFalls;SiouxFalls;True;False;1e-05;12000;1;2;20;100;500;-5;50;0.75;2;50;50;10;10;16;2.7866;1275;1275
14050707;276;g_000;2;1;30;line_consecutive;0.5;1276;9;6;7-18,18-20;11;137485.766168;138326.89829659776;139305.19784899996;139305.197849;841.132128597761;978.2995524021972;978.2995524022264;eev,integrated,separated,ws;lintim;SiouxFalls;SiouxFalls;True;False;1e-05;12000;1;2;20;100;500;-5;50;0.75;2;50;50;10;10;16;2.7866;1276;1276
14050707;277;g_000;2;1;30;line_consecutive;0.5;1277;9;7;5-9,9-10;9;146796.662341;149827.96823199996;153270.30623499997;152927.06912899998;3031.3058909999672;3442.338003000012;3099.1008970000257;eev,integrated,separated,ws;lintim;SiouxFalls;SiouxFalls;True;False;1e-05;12000;1;2;20;100;500;-5;50;0.75;2;50;50;10;10;16;2.7866;1277;1277
14050707;278;g_000;2;1;30;line_consecutive;0.5;1278;9;8;11-14,14-23;4,10;188823.862467;198163.73632299984;202595.142571;206298.18999;9339.873855999846;4431.406248000159;8134.453667000169;eev,integrated,separated,ws;lintim;SiouxFalls;SiouxFalls;True;False;1e-05;12000;1;2;20;100;500;-5;50;0.75;2;50;50;10;10;16;2.7866;1278;1278
14050707;279;g_000;2;1;30;line_consecutive;0.5;1279;9;9;3-12,12-13;12;136644.633844;136644.63384399997;136644.63384399994;136644.633844;-2.9103830456733704e-11;-2.9103830456733704e-11;2.9103830456733704e-11;eev,integrated,separated,ws;lintim;SiouxFalls;SiouxFalls;True;False;1e-05;12000;1;2;20;100;500;-5;50;0.75;2;50;50;10;10;16;2.7866;1279;1279
14050707;280;g_000;2;1;30;line_consecutive;0.5;1280;9;10;15-19,17-19;13,14;206652.551556;213712.0566479897;217299.323549;231539.9753425;7059.505091989704;3587.266901010298;17827.9186945103;eev,integrated,separated,ws;lintim;SiouxFalls;SiouxFalls;True;False;1e-05;12000;1;2;20;100;500;-5;50;0.75;2;50;50;10;10;16;2.7866;1280;1280
14050707;281;g_000;2;1;30;line_consecutive;0.5;1281;9;11;17-19,19-20;2;192455.50915849977;198325.2962324954;202210.71590749995;213689.90745522763;5869.787073995627;3885.419675004552;15364.61122273223;eev,integrated,separated,ws;lintim;SiouxFalls;SiouxFalls;True;False;1e-05;12000;1;2;20;100;500;-5;50;0.75;2;50;50;10;10;16;2.7866;1281;1281
14050707;282;g_000;2;1;30;line_consecutive;0.5;1282;9;12;4-11,11-14;4;184696.840381;189247.74199800004;190914.65549009465;196024.055924;4550.901617000054;1666.913492094609;6776.313925999944;eev,integrated,separated,ws;lintim;SiouxFalls;SiouxFalls;True;False;1e-05;12000;1;2;20;100;500;-5;50;0.75;2;50;50;10;10;16;2.7866;1282;1282
14050707;283;g_000;2;1;30;line_consecutive;0.5;1283;9;13;10-15,15-19;9;158444.644974;162307.18396599765;164667.05416399994;166617.65344200004;3862.5389919976583;2359.870198002289;4310.469476002385;eev,integrated,separated,ws;lintim;SiouxFalls;SiouxFalls;True;False;1e-05;12000;1;2;20;100;500;-5;50;0.75;2;50;50;10;10;16;2.7866;1283;1283
14050707;284;g_000;2;1;30;line_consecutive;0.5;1284;9;14;10-11,10-16;1,10;172076.95858099998;176532.85403299998;181520.244942;181066.56206599995;4455.895451999997;4987.390909000009;4533.7080329999735;eev,integrated,separated,ws;lintim;SiouxFalls;SiouxFalls;True;False;1e-05;12000;1;2;20;100;500;-5;50;0.75;2;50;50;10;10;16;2.7866;1284;1284
14050707;285;g_000;2;1;30;line_consecutive;0.5;1285;9;15;10-11,11-14;10;220376.9477560964;226790.79793741184;231737.719976;238860.398234;6413.850181315473;4946.922038588149;12069.600296588147;eev,integrated,separated,ws;lintim;SiouxFalls;SiouxFalls;True;False;1e-05;12000;1;2;20;100;500;-5;50;0.75;2;50;50;10;10;16;2.7866;1285;1285
14050707;286;g_000;2;1;30;line_consecutive;0.5;1286;9;16;20-21,21-24;6;149668.41220399886;152490.097829851;153503.53614999994;153503.53584711585;2821.685625852144;1013.43832014894;1013.4380172648524;eev,integrated,separated,ws;lintim;SiouxFalls;SiouxFalls;True;False;1e-05;12000;1;2;20;100;500;-5;50;0.75;2;50;50;10;10;16;2.7866;1286;1286
14050707;287;g_000;2;1;30;line_consecutive;0.5;1287;9;17;5-6,5-9;9;146349.17741299985;149412.823556;151501.17769999994;150032.69272485955;3063.6461430001364;2088.354143999953;619.8691688595572;eev,integrated,separated,ws;lintim;SiouxFalls;SiouxFalls;True;False;1e-05;12000;1;2;20;100;500;-5;50;0.75;2;50;50;10;10;16;2.7866;1287;1287
14050707;288;g_000;2;1;30;line_consecutive;0.5;1288;9;18;1-3,3-4;4;185736.55279500104;190418.759764;193878.125619;197105.66091;4682.206968998944;3459.365855000011;6686.901146000018;eev,integrated,separated,ws;lintim;SiouxFalls;SiouxFalls;True;False;1e-05;12000;1;2;20;100;500;-5;50;0.75;2;50;50;10;10;16;2.7866;1288;1288
14050707;289;g_000;2;1;30;line_consecutive;0.5;1289;9;19;10-16,16-18;1;154076.68518;157224.86836199995;165492.40388599993;161890.05796900002;3148.1831819999497;8267.535523999977;4665.189607000066;eev,integrated,separated,ws;lintim;SiouxFalls;SiouxFalls;True;False;1e-05;12000;1;2;20;100;500;-5;50;0.75;2;50;50;10;10;16;2.7866;1289;1289
14050707;290;g_000;2;1;30;line_consecutive;0.5;1290;9;20;15-22,21-22;13;144367.5805862185;146893.28553499188;150750.34433099994;150750.344331;2525.704948773375;3857.0587960080593;3857.0587960081175;eev,integrated,separated,ws;lintim;SiouxFalls;SiouxFalls;True;False;1e-05;12000;1;2;20;100;500;-5;50;0.75;2;50;50;10;10;16;2.7866;1290;1290
14050707;291;g_000;2;1;30;line_consecutive;0.5;1291;9;21;10-17,17-19;14;191969.3399725;197548.4765004632;201093.4317955;213689.9074552277;5579.136527963216;3544.9552950367506;16141.43095476448;eev,integrated,separated,ws;lintim;SiouxFalls;SiouxFalls;True;False;1e-05;12000;1;2;20;100;500;-5;50;0.75;2;50;50;10;10;16;2.7866;1291;1291
14050707;292;g_000;2;1;30;line_consecutive;0.5;1292;9;22;18-20,20-22;11;136644.633844;136644.63384400238;136644.63384399994;136644.633844;2.3865140974521637e-09;-2.444721758365631e-09;-2.3865140974521637e-09;eev,integrated,separated,ws;lintim;SiouxFalls;SiouxFalls;True;False;1e-05;12000;1;2;20;100;500;-5;50;0.75;2;50;50;10;10;16;2.7866;1292;1292
14050707;293;g_000;2;1;30;line_consecutive;0.5;1293;9;23;3-4,4-5;3;174177.237019;180910.8443069776;186517.34570099995;184620.622791;6733.607287977618;5606.501394022343;3709.7784840223903;eev,integrated,separated,ws;lintim;SiouxFalls;SiouxFalls;True;False;1e-05;12000;1;2;20;100;500;-5;50;0.75;2;50;50;10;10;16;2.7866;1293;1293
14050707;294;g_000;2;1;30;line_consecutive;0.5;1294;9;24;8-16,16-17;2,13;168795.94532549998;173728.92351996066;178223.39320799994;184169.32807799964;4932.97819446068;4494.469688039273;10440.40455803898;eev,integrated,separated,ws;lintim;SiouxFalls;SiouxFalls;True;False;1e-05;12000;1;2;20;100;500;-5;50;0.75;2;50;50;10;10;16;2.7866;1294;1294
14050707;295;g_000;2;1;30;line_consecutive;0.5;1295;9;25;1-2,1-3;12;200593.241716;209728.183917;214492.051411;213497.078732;9134.942200999998;4763.8674940000055;3768.894815000007;eev,integrated,separated,ws;lintim;SiouxFalls;SiouxFalls;True;False;1e-05;12000;1;2;20;100;500;-5;50;0.75;2;50;50;10;10;16;2.7866;1295;1295
14050707;296;g_000;2;1;30;line_consecutive;0.5;1296;9;26;4-5,5-9;3;146349.17741299985;149412.823556;151501.17769999994;150032.69272485955;3063.6461430001364;2088.354143999953;619.8691688595572;eev,integrated,separated,ws;lintim;SiouxFalls;SiouxFalls;True;False;1e-05;12000;1;2;20;100;500;-5;50;0.75;2;50;50;10;10;16;2.7866;1296;1296
14050707;297;g_000;2;1;30;line_consecutive;0.5;1297;9;27;7-8,7-18;3,11;137750.58763999998;138815.693002;141025.10858499998;141025.108585;1065.1053620000312;2209.4155829999654;2209.4155829999945;eev,integrated,separated,ws;lintim;SiouxFalls;SiouxFalls;True;False;1e-05;12000;1;2;20;100;500;-5;50;0.75;2;50;50;10;10;16;2.7866;1297;1297
14050707;298;g_000;2;1;30;line_consecutive;0.5;1298;9;28;8-16,10-16;10;180726.960005;184827.56790900003;189243.926196;194278.296603;4100.607904000033;4416.358286999923;9450.72869399996;eev,integrated,separated,ws;lintim;SiouxFalls;SiouxFalls;True;False;1e-05;12000;1;2;20;100;500;-5;50;0.75;2;50;50;10;10;16;2.7866;1298;1298
14050707;299;g_000;2;1;30;line_consecutive;0.5;1299;9;29;2-6,6-8;2;169940.57999399997;176521.613957;180647.182504;186521.037471999;6581.033963000024;4125.568547000003;9999.423514999013;eev,integrated,separated,ws;lintim;SiouxFalls;SiouxFalls;True;False;1e-05;12000;1;2;20;100;500;-5;50;0.75;2;50;50;10;10;16;2.7866;1299;1299
14050707;300;g_000;1;1;30;line_consecutive;0.5;1300;10;0;16-17;2,13;171917.96130000107;178289.17490407085;183352.106584;188452.7268169999;6371.213604069781;5062.931679929112;10163.551912929048;eev,integrated,separated,ws;lintim;SiouxFalls;SiouxFalls;True;False;1e-05;12000;1;2;20;100;5000;-5;50;0.75;2;50;50;10;10;16;2.7866;1300;1300
14050707;301;g_000;1;1;30;line_consecutive;0.5;1301;10;1;3-12;8,12;136644.633844;136644.633843995;136644.63384399994;136644.633844;-5.005858838558197e-09;4.9476511776447304e-09;5.005858838558197e-09;eev,integrated,separated,ws;lintim;SiouxFalls;SiouxFalls;True;False;1e-05;12000;1;2;20;100;5000;-5;50;0.75;2;50;50;10;10;16;2.7866;1301;1301
14050707;302;g_000;1;1;30;line_consecutive;0.5;1302;10;2;10-11;1,7,10;174604.918772;180499.44785485612;185526.081691;185072.398815;5894.529082856141;5026.633836143854;4572.9509601438185;eev,integrated,separated,ws;lintim;SiouxFalls;SiouxFalls;True;False;1e-05;12000;1;2;20;100;5000;-5;50;0.75;2;50;50;10;10;16;2.7866;1302;1302
14050707;303;g_000;1;1;30;line_consecutive;0.5;1303;10;3;19-20;2;169940.57999399997;176521.61395700052;180647.182504;186521.03747199965;6581.033963000547;4125.568546999479;9999.42351499913;eev,integrated,separated,ws;lintim;SiouxFalls;SiouxFalls;True;False;1e-05;12000;1;2;20;100;5000;-5;50;0.75;2;50;50;10;10;16;2.7866;1303;1303
14050707;304;g_000;1;1;30;line_consecutive;0.5;1304;10;4;21-22;13;136644.633844;136644.633844;136644.63384399994;136644.633844;0.0;-5.820766091346741e-11;0.0;eev,integrated,separated,ws;lintim;SiouxFalls;SiouxFalls;True;False;1e-05;12000;1;2;20;100;5000;-5;50;0.75;2;50;50;10;10;16;2.7866;1304;1304
14050707;305;g_000;1;1;30;line_consecutive;0.5;1305;10;5;5-6;9;145126.27367299993;147079.67126599903;147780.6220457345;147780.62204573455;1953.3975929990995;700.95077973546;700.9507797355182;eev,integrated,separated,ws;lintim;SiouxFalls;SiouxFalls;True;False;1e-05;12000;1;2;20;100;5000;-5;50;0.75;2;50;50;10;10;16;2.7866;1305;1305
14050707;306;g_000;1;1;30;line_consecutive;0.5;1306;10;6;10-15;5,9;155075.51121499977;159892.58651602548;164957.59762499994;166763.11580599996;4817.075301025703;5065.0111089744605;6870.529289974482;eev,integrated,separated,ws;lintim;SiouxFalls;SiouxFalls;True;False;1e-05;12000;1;2;20;100;5000;-5;50;0.75;2;50;50;10;10;16;2.7866;1306;1306
14050707;307;g_000;1;1;30;line_consecutive;0.5;1307;10;7;1-2;12;136644.63384399578;136644.63384401193;136644.63384399994;136644.633844;1.6152625903487206e-08;-1.1990778148174286e-08;-1.1932570487260818e-08;eev,integrated,separated,ws;lintim;SiouxFalls;SiouxFalls;True;False;1e-05;12000;1;2;20;100;5000;-5;50;0.75;2;50;50;10;10;16;2.7866;1307;1307
14050707;308;g_000;1;1;30;line_consecutive;0.5;1308;10;8;13-24;6;149668.412204;152490.0978300015;153503.53614999994;153503.53584711585;2821.6856260015047;1013.438319998444;1013.4380171143566;eev,integrated,separated,ws;lintim;SiouxFalls;SiouxFalls;True;False;1e-05;12000;1;2;20;100;5000;-5;50;0.75;2;50;50;10;10;16;2.7866;1308;1308
14050707;309;g_000;1;1;30;line_consecutive;0.5;1309;10;9;20-22;11;136644.633844;136644.633844;136644.63384399994;136644.633844;0.0;-5.820766091346741e-11;0.0;eev,integrated,separated,ws;lintim;SiouxFalls;SiouxFalls;True;False;1e-05;12000;1;2;20;100;5000;-5;50;0.75;2;50;50;10;10;16;2.7866;1309;1309
14050707;310;g_000;1;1;30;line_consecutive;0.5;1310;10;10;5-9;3,9;146349.177413;149412.82355600002;151501.17769999994;150032.69272485955;3063.64614300002;2088.3541439999244;619.8691688595281;eev,integrated,separated,ws;lintim;SiouxFalls;SiouxFalls;True;False;1e-05;12000;1;2;20;100;5000;-5;50;0.75;2;50;50;10;10;16;2.7866;1310;1310
14050707;311;g_000;1;1;30;line_consecutive;0.5;1311;10;11;9-10;7,9;145454.013578;147425.171088;149756.0513521204;148156.14752596413;1971.15750999999;2330.8802641204093;730.9764379641274;eev,integrated,separated,ws;lintim;SiouxFalls;SiouxFalls;True;False;1e-05;12000;1;2;20;100;5000;-5;50;0.75;2;50;50;10;10;16;2.7866;1311;1311
14050707;312;g_000;1;1;30;line_consecutive;0.5;1312;10;12;7-8;3,7,11;137750.58764;138815.693002;141025.10858499995;141025.10858499998;1065.105362000002;2209.4155829999363;2209.4155829999654;eev,integrated,separated,ws;lintim;SiouxFalls;SiouxFalls;True;False;1e-05;12000;1;2;20;100;5000;-5;50;0.75;2;50;50;10;10;16;2.7866;1312;1312
14050707;313;g_000;1;1;30;line_consecutive;0.5;1313;10;13;6-8;2;169940.57999400137;176521.613957;180647.182504003;186521.03747199965;6581.0339629986265;4125.568547003;9999.423514999651;eev,integrated,separated,ws;lintim;SiouxFalls;SiouxFalls;True;False;1e-05;12000;1;2;20;100;5000;-5;50;0.75;2;50;50;10;10;16;2.7866;1313;1313
14050707;314;g_000;1;1;30;line_consecutive;0.5;1314;10;14;17-19;2,13,14;192455.5091585;198325.2962324333;202389.4159074989;213689.9074552277;5869.787073933316;4064.119675065565;15364.611222794369;eev,integrated,separated,ws;lintim;SiouxFalls;SiouxFalls;True;False;1e-05;12000;1;2;20;100;5000;-5;50;0.75;2;50;50;10;10;16;2.7866;1314;1314
14050707;315;g_000;1;1;30;line_consecutive;0.5;1315;10;15;1-3;4,8,12;200593.241716;209728.18391699897;214492.0514109999;213497.078732;9134.94220099898;4763.867494000937;3768.8948150010256;eev,integrated,separated,ws;lintim;SiouxFalls;SiouxFalls;True;False;1e-05;12000;1;2;20;100;5000;-5;50;0.75;2;50;50;10;10;16;2.7866;1315;1315
14050707;316;g_000;1;1;30;line_consecutive;0.5;1316;10;16;10-17;14;136644.633844;136644.63384395884;136644.63384399994;136644.633844;-4.1152816265821464e-08;4.1094608604907996e-08;4.1152816265821464e-08;eev,integrated,separated,ws;lintim;SiouxFalls;SiouxFalls;True;False;1e-05;12000;1;2;20;100;5000;-5;50;0.75;2;50;50;10;10;16;2.7866;1316;1316
14050707;317;g_000;1;1;30;line_consecutive;0.5;1317;10;17;23-24;4;167609.45285499998;177966.32848199992;187011.072092;183274.171266;10356.875626999945;9044.743610000063;5307.842784000066;eev,integrated,separated,ws;lintim;SiouxFalls;SiouxFalls;True;False;1e-05;12000;1;2;20;100;5000;-5;50;0.75;2;50;50;10;10;16;2.7866;1317;1317
14050707;318;g_000;1;1;30;line_consecutive;0.5;1318;10;18;11-14;4,8,10;188823.862467;199648.5990069997;204623.12843494205;207561.775416;10824.736539999692;4974.529427942354;7913.176409000269;eev,integrated,separated,ws;lintim;SiouxFalls;SiouxFalls;True;False;1e-05;12000;1;2;20;100;5000;-5;50;0.75;2;50;50;10;10;16;2.7866;1318;1318
14050707;319;g_000;1;1;30;line_consecutive;0.5;1319;10;19;22-23;5;143614.119934;146686.39303999985;150065.11225199996;150065.112252;3072.2731059998623;3378.7192120001127;3378.719212000142;eev,integrated,separated,ws;lintim;SiouxFalls;SiouxFalls;True;False;1e-05;12000;1;2;20;100;5000;-5;50;0.75;2;50;50;10;10;16;2.7866;1319;1319
14050707;320;g_000;1;1;30;line_consecutive;0.5;1320;10;20;15-22;5,13;144367.5806196353;146893.28553499968;150750.34433099968;150750.3443309997;2525.7049153643893;3857.0587959999975;3857.058796000026;eev,integrated,separated,ws;lintim;SiouxFalls;SiouxFalls;True;False;1e-05;12000;1;2;20;100;5000;-5;50;0.75;2;50;50;10;10;16;2.7866;1320;1320
14050707;321;g_000;1;1;30;line_consecutive;0.5;1321;10;21;10-16;1,10;156673.674075;160475.132733;166174.90709799994;162572.56118100003;3801.4586580000177;5699.774364999932;2097.4284480000206;eev,integrated,separated,ws;lintim;SiouxFalls;SiouxFalls;True;False;1e-05;12000;1;2;20;100;5000;-5;50;0.75;2;50;50;10;10;16;2.7866;1321;1321
14050707;322;g_000;1;1;30;line_consecutive;0.5;1322;10;22;14-15;14;136644.633844;136644.63373945872;136644.63384399994;136644.633844;-0.0001045412791427;0.000104541220935;0.0001045412791427;eev,integrated,separated,ws;lintim;SiouxFalls;SiouxFalls;True;False;1e-05;12000;1;2;20;100;5000;-5;50;0.75;2;50;50;10;10;16;2.7866;1322;1322
14050707;323;g_000;1;1;30;line_consecutive;0.5;1323;10;23;11-12;1,7,8;158954.349178;164621.91482899996;174254.62147003252;168935.836417;5667.5656509999535;9632.706641032564;4313.921588000056;eev,integrated,separated,ws;lintim;SiouxFalls;SiouxFalls;True;False;1e-05;12000;1;2;20;100;5000;-5;50;0.75;2;50;50;10;10;16;2.7866;1323;1323
14050707;324;g_000;1;1;30;line_consecutive;0.5;1324;10;24;4-11;4;167609.45285499998;177966.328482;187011.072092;183274.171266;10356.87562700003;9044.743609999949;5307.842783999979;eev,integrated,separated,ws;lintim;SiouxFalls;SiouxFalls;True;False;1e-05;12000;1;2;20;100;5000;-5;50;0.75;2;50;50;10;10;16;2.7866;1324;1324
14050707;325;g_000;1;1;30;line_consecutive;0.5;1325;10;25;16-18;1;147648.12725799996;152121.94789200003;162446.8038860008;156901.08762042757;4473.820634000062;10324.855994000767;4779.1397284275445;eev,integrated,separated,ws;lintim;SiouxFalls;SiouxFalls;True;False;1e-05;12000;1;2;20;100;5000;-5;50;0.75;2;50;50;10;10;16;2.7866;1325;1325
14050707;326;g_000;1;1;30;line_consecutive;0.5;1326;10;26;2-6;2;169940.579994;176521.61395699953;180647.182504;186521.03747199965;6581.033962999529;4125.568547000468;9999.42351500012;eev,integrated,separated,ws;lintim;SiouxFalls;SiouxFalls;True;False;1e-05;12000;1;2;20;100;5000;-5;50;0.75;2;50;50;10;10;16;2.7866;1326;1326
14050707;327;g_000;1;1;30;line_consecutive;0.5;1327;10;27;7-18;3,11;137485.766168;138326.898492;139305.19784899754;139305.19784899754;841.1323240000056;978.299356997537;978.299356997537;eev,integrated,separated,ws;lintim;SiouxFalls;SiouxFalls;True;False;1e-05;12000;1;2;20;100;5000;-5;50;0.75;2;50;50;10;10;16;2.7866;1327;1327
14050707;328;g_000;1;1;30;line_consecutive;0.5;1328;10;28;14-23;4,10;180161.21328400003;191097.8910260001;197253.04955999315;199291.92814800004;10936.677742000087;6155.158533993032;8194.037121999922;eev,integrated,separated,ws;lintim;SiouxFalls;SiouxFalls;True;False;1e-05;12000;1;2;20;100;5000;-5;50;0.75;2;50;50;10;10;16;2.7866;1328;1328
14050707;329;g_000;1;1;30;line_consecutive;0.5;1329;10;29;15-19;9,13,14;145126.27367299912;147079.6712660004;147780.62201799994;147780.622018;1953.397593001282;700.9507519995386;700.9507519995968;eev,integrated,separated,ws;lintim;SiouxFalls;SiouxFalls;True;False;1e-05;12000;1;2;20;100;5000;-5;50;0.75;2;50;50;10;10;16;2.7866;1329;1329
14050707;330;g_000;2;1;30;line_consecutive;0.5;1330;11;0;10-11,10-16;1,10;174604.91877212224;180499.4478547808;185526.081691;185072.398815;5894.529082658526;5026.633836219233;4572.9509602192265;eev,integrated,separated,ws;lintim;SiouxFalls;SiouxFalls;True;False;1e-05;12000;1;2;20;100;5000;-5;50;0.75;2;50;50;10;10;16;2.7866;1330;1330
14050707;331;g_000;2;1;30;line_consecutive;0.5;1331;11;1;3-12,11-12;8;185502.625004;187883.44011174195;191665.95322599995;194494.56531100004;2380.815107741946;3782.513114258007;6611.125199258095;eev,integrated,separated,ws;lintim;SiouxFalls;SiouxFalls;True;False;1e-05;12000;1;2;20;100;5000;-5;50;0.75;2;50;50;10;10;16;2.7866;1331;1331
14050707;332;g_000;2;1;30;line_consecutive;0.5;1332;11;2;1-3,3-4;4;209887.164577;217921.3613400032;223211.6538139999;222456.990791;8034.196763003216;5290.292473996698;4535.629450996785;eev,integrated,separated,ws;lintim;SiouxFalls;SiouxFalls;True;False;1e-05;12000;1;2;20;100;5000;-5;50;0.75;2;50;50;10;10;16;2.7866;1332;1332
14050707;333;g_000;2;1;30;line_consecutive;0.5;1333;11;3;7-18,18-20;11;137485.7661678337;138326.89849196302;139305.19784899996;139305.197849;841.1323241293139;978.2993570369435;978.2993570369728;eev,integrated,separated,ws;lintim;SiouxFalls;SiouxFalls;True;False;1e-05;12000;1;2;20;100;5000;-5;50;0.75;2;50;50;10;10;16;2.7866;1333;1333
14050707;334;g_000;2;1;30;line_consecutive;0.5;1334;11;4;5-9,9-10;9;146796.662341;149827.96823199998;153270.30623499985;152927.06912899998;3031.3058909999963;3442.338002999866;3099.1008969999966;eev,integrated,separated,ws;lintim;SiouxFalls;SiouxFalls;True;False;1e-05;12000;1;2;20;100;5000;-5;50;0.75;2;50;50;10;10;16;2.7866;1334;1334
14050707;335;g_000;2;1;30;line_consecutive;0.5;1335;11;5;7-8,7-18;3,11;137750.58763999993;138815.693002;141025.1085849997;141025.10858499975;1065.1053620000894;2209.4155829996744;2209.4155829997326;eev,integrated,separated,ws;lintim;SiouxFalls;SiouxFalls;True;False;1e-05;12000;1;2;20;100;5000;-5;50;0.75;2;50;50;10;10;16;2.7866;1335;1335
14050707;336;g_000;2;1;30;line_consecutive;0.5;1336;11;6;14-23,23-24;4;180161.213284;191097.89102600008;197253.04956;199291.92814799803;10936.677742000087;6155.158533999929;8194.037121997942;eev,integrated,separated,ws;lintim;SiouxFalls;SiouxFalls;True;False;1e-05;12000;1;2;20;100;5000;-5;50;0.75;2;50;50;10;10;16;2.7866;1336;1336
14050707;337;g_000;2;1;30;line_consecutive;0.5;1337;11;7;15-22,21-22;13;144367.580629;146893.28553499072;150750.3441700953;150750.34417009534;2525.704905990715;3857.058635104593;3857.058635104622;eev,integrated,separated,ws;lintim;SiouxFalls;SiouxFalls;True;False;1e-05;12000;1;2;20;100;5000;-5;50;0.75;2;50;50;10;10;16;2.7866;1337;1337
14050707;338;g_000;2;1;30;line_consecutive;0.5;1338;11;8;5-9,8-9;3;146796.662341;149827.96823199998;153270.30623499985;151885.70785999967;3031.3058909999963;3442.338002999866;2057.73962799969;eev,integrated,separated,ws;lintim;SiouxFalls;SiouxFalls;True;False;1e-05;12000;1;2;20;100;5000;-5;50;0.75;2;50;50;10;10;16;2.7866;1338;1338
14050707;339;g_000;2;1;30;line_consecutive;0.5;1339;11;9;20-21,21-24;6;149668.412204;152490.09782999998;153503.53614999994;153503.53584711585;2821.6856259999918;1013.4383199999576;1013.43801711587;eev,integrated,separated,ws;lintim;SiouxFalls;SiouxFalls;True;False;1e-05;12000;1;2;20;100;5000;-5;50;0.75;2;50;50;10;10;16;2.7866;1339;1339
14050707;340;g_000;2;1;30;line_consecutive;0.5;1340;11;10;10-15,15-19;9;159756.524906;164054.36081600006;166754.18107699996;168487.18769704987;4297.8359100000525;2699.820260999899;4432.826881049812;eev,integrated,separated,ws;lintim;SiouxFalls;SiouxFalls;True;False;1e-05;12000;1;2;20;100;5000;-5;50;0.75;2;50;50;10;10;16;2.7866;1340;1340
14050707;341;g_000;2;1;30;line_consecutive;0.5;1341;11;11;13-24,21-24;6;149668.4122039999;152490.0978300133;153503.53614999994;153503.53584711585;2821.685626013408;1013.438319986628;1013.4380171025404;eev,integrated,separated,ws;lintim;SiouxFalls;SiouxFalls;True;False;1e-05;12000;1;2;20;100;5000;-5;50;0.75;2;50;50;10;10;16;2.7866;1341;1341
14050707;342;g_000;2;1;30;line_consecutive;0.5;1342;11;12;17-19,19-20;2;192455.5091585;198325.2962325;202389.4159075;213689.9074552265;5869.787073999993;4064.1196749999945;15364.611222726497;eev,integrated,separated,ws;lintim;SiouxFalls;SiouxFalls;True;False;1e-05;12000;1;2;20;100;5000;-5;50;0.75;2;50;50;10;10;16;2.7866;1342;1342
14050707;343;g_000;2;1;30;line_consecutive;0.5;1343;11;13;8-16,16-17;2,13;173714.3732620001;179844.39026;183352.106584;190463.86695099968;6130.01699799989;3507.716323999979;10619.476690999698;eev,integrated,separated,ws;lintim;SiouxFalls;SiouxFalls;True;False;1e-05;12000;1;2;20;100;5000;-5;50;0.75;2;50;50;10;10;16;2.7866;1343;1343
14050707;344;g_000;2;1;30;line_consecutive;0.5;1344;11;14;1-2,1-3;12;200593.241716;209728.18391700857;214492.051411;213497.07873199985;9134.942201008584;4763.86749399142;3768.894814991276;eev,integrated,separated,ws;lintim;SiouxFalls;SiouxFalls;True;False;1e-05;12000;1;2;20;100;5000;-5;50;0.75;2;50;50;10;10;16;2.7866;1344;1344
14050707;345;g_000;2;1;30;line_consecutive;0.5;1345;11;15;6-8,8-16;2;173714.37326199998;179844.39026;183352.1065839957;190463.86695099965;6130.016998000006;3507.716323995701;10619.476690999669;eev,integrated,separated,ws;lintim;SiouxFalls;SiouxFalls;True;False;1e-05;12000;1;2;20;100;5000;-5;50;0.75;2;50;50;10;10;16;2.7866;1345;1345
14050707;346;g_000;2;1;30;line_consecutive;0.5;1346;11;16;15-19,15-22;13;159756.524906;164054.36081599977;166754.18107699993;166754.181077;4297.8359099997615;2699.820261000161;2699.820261000219;eev,integrated,separated,ws;lintim;SiouxFalls;SiouxFalls;True;False;1e-05;12000;1;2;20;100;5000;-5;50;0.75;2;50;50;10;10;16;2.7866;1346;1346
14050707;347;g_000;2;1;30;line_consecutive;0.5;1347;11;17;10-17,17-19;14;192455.5091585;198325.2962325;202389.4159075;213689.9074552241;5869.787073999993;4064.1196749999945;15364.61122272411;eev,integrated,separated,ws;lintim;SiouxFalls;SiouxFalls;True;False;1e-05;12000;1;2;20;100;5000;-5;50;0.75;2;50;50;10;10;16;2.7866;1347;1347
14050707;348;g_000;2;1;30;line_consecutive;0.5;1348;11;18;7-8,8-9;3,7;137750.58763999998;138815.693002;141025.10858499995;141025.10858499998;1065.1053620000312;2209.4155829999363;2209.4155829999654;eev,integrated,separated,ws;lintim;SiouxFalls;SiouxFalls;True;False;1e-05;12000;1;2;20;100;5000;-5;50;0.75;2;50;50;10;10;16;2.7866;1348;1348
14050707;349;g_000;2;1;30;line_consecutive;0.5;1349;11;19;10-16,16-18;1;156673.67407499946;160475.132733;166174.90709799994;162572.5611809984;3801.4586580005416;5699.774364999932;2097.4284479983908;eev,integrated,separated,ws;lintim;SiouxFalls;SiouxFalls;True;False;1e-05;12000;1;2;20;100;5000;-5;50;0.75;2;50;50;10;10;16;2.7866;1349;1349
14050707;350;g_000;2;1;30;line_consecutive;0.5;1350;11;20;10-15,15-22;5;155075.511215;159892.58651600036;165291.31263799994;166843.13986400003;4817.075301000354;5398.726121999585;6950.553347999667;eev,integrated,separated,ws;lintim;SiouxFalls;SiouxFalls;True;False;1e-05;12000;1;2;20;100;5000;-5;50;0.75;2;50;50;10;10;16;2.7866;1350;1350
14050707;351;g_000;2;1;30;line_consecutive;0.5;1351;11;21;4-11,11-14;4;188823.862467;199648.599007;204623.128435;207561.775416;10824.736540000013;4974.52942799998;7913.176408999978;eev,integrated,separated,ws;lintim;SiouxFalls;SiouxFalls;True;False;1e-05;12000;1;2;20;100;5000;-5;50;0.75;2;50;50;10;10;16;2.7866;1351;1351
14050707;352;g_000;2;1;30;line_consecutive;0.5;1352;11;22;15-22,22-23;5;144367.58062900003;146893.28553491135;150750.344330998;150750.34433099802;2525.70490591132;3857.05879608664;3857.0587960866687;eev,integrated,separated,ws;lintim;SiouxFalls;SiouxFalls;True;False;1e-05;12000;1;2;20;100;5000;-5;50;0.75;2;50;50;10;10;16;2.7866;1352;1352
14050707;353;g_000;2;1;30;line_consecutive;0.5;1353;11;23;3-4,4-5;3;177683.39897900002;188069.227213;197437.847174;191409.37155799987;10385.828233999986;9368.61996099996;3340.1443449998624;eev,integrated,separated,ws;lintim;SiouxFalls;SiouxFalls;True;False;1e-05;12000;1;2;20;100;5000;-5;50;0.75;2;50;50;10;10;16;2.7866;1353;1353
14050707;354;g_000;2;1;30;line_consecutive;0.5;1354;11;24;11-12,11-14;8;248912.656487;259435.09543099813;266631.8606569999;268218.515516;10522.438943998131;7196.765226001793;8783.420085001853;eev,integrated,separated,ws;lintim;SiouxFalls;SiouxFalls;True;False;1e-05;12000;1;2;20;100;5000;-5;50;0.75;2;50;50;10;10;16;2.7866;1354;1354
14050707;355;g_000;2;1;30;line_consecutive;0.5;1355;11;25;9-10,10-11;7;189351.229765;196737.9639;201909.73178705195;202088.357318;7386.734134999977;5171.767887051974;5350.3934180000215;eev,integrated,separated,ws;lintim;SiouxFalls;SiouxFalls;True;False;1e-05;12000;1;2;20;100;5000;-5;50;0.75;2;50;50;10;10;16;2.7866;1355;1355
14050707;356;g_000;2;1;30;line_consecutive;0.5;1356;11;26;10-11,11-14;10;248912.656487;259435.09543099976;266631.860657;268218.5155140812;10522.43894399976;7196.765226000221;8783.420083081466;eev,integrated,separated,ws;lintim;SiouxFalls;SiouxFalls;True;False;1e-05;12000;1;2;20;100;5000;-5;50;0.75;2;50;50;10;10;16;2.7866;1356;1356
14050707;357;g_000;2;1;30;line_consecutive;0.5;1357;11;27;16-17,17-19;2,13;192455.5091585;198325.2962325;202389.4159075;213689.9074552241;5869.787073999993;4064.1196749999945;15364.61122272411;eev,integrated,separated,ws;lintim;SiouxFalls;SiouxFalls;True;False;1e-05;12000;1;2;20;100;5000;-5;50;0.75;2;50;50;10;10;16;2.7866;1357;1357
14050707;358;g_000;2;1;30;line_consecutive;0.5;1358;11;28;1-3,3-12;8,12;200593.241716;209728.183917;214492.051411;213497.078732;9134.942201000027;4763.8674940000055;3768.894815000007;eev,integrated,separated,ws;lintim;SiouxFalls;SiouxFalls;True;False;1e-05;12000;1;2;20;100;5000;-5;50;0.75;2;50;50;10;10;16;2.7866;1358;1358
14050707;359;g_000;2;1;30;line_consecutive;0.5;1359;11;29;3-4,4-11;4;177683.39897900002;188069.227213;197437.847174;191409.37155799987;10385.828233999986;9368.61996099996;3340.1443449998624;eev,integrated,separated,ws;lintim;SiouxFalls;SiouxFalls;True;False;1e-05;12000;1;2;20;100;5000;-5;50;0.75;2;50;50;10;10;16;2.7866;1359;1359
14050707;360;g_000;1;1;30;line_consecutive;0.5;1360;12;0;1-2;12;136644.633844;136644.633844;136644.63384399994;136644.633844;0.0;-5.820766091346741e-11;0.0;eev,integrated,separated,ws;lintim;SiouxFalls;SiouxFalls;True;False;1e-05;12000;1;2;20;1000;50;-5;50;0.75;2;50;50;10;10;16;2.7866;1360;1360
14050707;361;g_000;1;1;30;line_consecutive;0.5;1361;12;1;14-15;14;136644.633843941;136644.6338013262;136644.63384399994;136644.633844;-4.261478898115456e-05;4.267372423782945e-05;4.267378244549036e-05;eev,integrated,separated,ws;lintim;SiouxFalls;SiouxFalls;True;False;1e-05;12000;1;2;20;1000;50;-5;50;0.75;2;50;50;10;10;16;2.7866;1361;1361
14050707;362;g_000;1;1;30;line_consecutive;0.5;1362;12;2;21-24;6;137694.602399;138698.56070499995;143739.91499999992;143739.9146971158;1003.9583059999568;5041.354294999968;5041.353992115852;eev,integrated,separated,ws;lintim;SiouxFalls;SiouxFalls;True;False;1e-05;12000;1;2;20;1000;50;-5;50;0.75;2;50;50;10;10;16;2.7866;1362;1362
14050707;363;g_000;1;1;30;line_consecutive;0.5;1363;12;3;16-17;2,13;147314.823909;156060.83472699998;209238.36356583604;181298.11321899988;8746.01081799998;53177.528838836064;25237.278491999896;eev,integrated,separated,ws;lintim;SiouxFalls;SiouxFalls;True;False;1e-05;12000;1;2;20;1000;50;-5;50;0.75;2;50;50;10;10;16;2.7866;1363;1363
14050707;364;g_000;1;1;30;line_consecutive;0.5;1364;12;4;6-8;2;150151.59918999998;157464.673306;213784.53461499995;197646.72706999964;7313.074116000032;56319.86130899994;40182.05376399963;eev,integrated,separated,ws;lintim;SiouxFalls;SiouxFalls;True;False;1e-05;12000;1;2;20;1000;50;-5;50;0.75;2;50;50;10;10;16;2.7866;1364;1364
14050707;365;g_000;1;1;30;line_consecutive;0.5;1365;12;5;23-24;4;142310.089591;144116.62817500002;165454.21902199998;158249.34547;1806.5385840000235;21337.59084699996;14132.71729499998;eev,integrated,separated,ws;lintim;SiouxFalls;SiouxFalls;True;False;1e-05;12000;1;2;20;1000;50;-5;50;0.75;2;50;50;10;10;16;2.7866;1365;1365
14050707;366;g_000;1;1;30;line_consecutive;0.5;1366;12;6;21-22;13;136644.633844;136644.633844;136644.63384399994;136644.633844;0.0;-5.820766091346741e-11;0.0;eev,integrated,separated,ws;lintim;SiouxFalls;SiouxFalls;True;False;1e-05;12000;1;2;20;1000;50;-5;50;0.75;2;50;50;10;10;16;2.7866;1366;1366
14050707;367;g_000;1;1;30;line_consecutive;0.5;1367;12;7;8-9;3,7;136798.17447799997;137242.34519399996;154295.1388539924;154295.13885399245;444.17071599999326;17052.79365999243;17052.793659992487;eev,integrated,separated,ws;lintim;SiouxFalls;SiouxFalls;True;False;1e-05;12000;1;2;20;1000;50;-5;50;0.75;2;50;50;10;10;16;2.7866;1367;1367
14050707;368;g_000;1;1;30;line_consecutive;0.5;1368;12;8;9-10;7,9;144043.854324;148562.701119;178405.65904499995;184351.7637289641;4518.84679499999;29842.957925999945;35789.06260996411;eev,integrated,separated,ws;lintim;SiouxFalls;SiouxFalls;True;False;1e-05;12000;1;2;20;1000;50;-5;50;0.75;2;50;50;10;10;16;2.7866;1368;1368
14050707;369;g_000;1;1;30;line_consecutive;0.5;1369;12;9;7-8;3,7,11;137750.58763999998;138856.541436;152377.07942799997;152377.079428;1105.9537960000162;13520.537991999969;13520.537991999998;eev,integrated,separated,ws;lintim;SiouxFalls;SiouxFalls;True;False;1e-05;12000;1;2;20;1000;50;-5;50;0.75;2;50;50;10;10;16;2.7866;1369;1369
14050707;370;g_000;1;1;30;line_consecutive;0.5;1370;12;10;10-16;1,10;144485.219617;151117.57358100003;198046.453275;198668.107358;6632.353964000038;46928.87969399997;47550.533776999975;eev,integrated,separated,ws;lintim;SiouxFalls;SiouxFalls;True;False;1e-05;12000;1;2;20;1000;50;-5;50;0.75;2;50;50;10;10;16;2.7866;1370;1370
14050707;371;g_000;1;1;30;line_consecutive;0.5;1371;12;11;17-19;2,13,14;167308.316048;176153.41004499994;259540.53448449995;212040.76901;8845.09399699993;83387.12443950001;35887.35896500005;eev,integrated,separated,ws;lintim;SiouxFalls;SiouxFalls;True;False;1e-05;12000;1;2;20;1000;50;-5;50;0.75;2;50;50;10;10;16;2.7866;1371;1371
14050707;372;g_000;1;1;30;line_consecutive;0.5;1372;12;12;12-13;12;136644.633844;136644.63384398725;136644.63384399994;136644.633844;-1.2747477740049362e-08;1.2689270079135896e-08;1.2747477740049362e-08;eev,integrated,separated,ws;lintim;SiouxFalls;SiouxFalls;True;False;1e-05;12000;1;2;20;1000;50;-5;50;0.75;2;50;50;10;10;16;2.7866;1372;1372
14050707;373;g_000;1;1;30;line_consecutive;0.5;1373;12;13;11-14;4,8,10;162801.12498350005;185731.2144405;212874.879991;211119.219087;22930.089456999965;27143.66555049995;25388.00464649999;eev,integrated,separated,ws;lintim;SiouxFalls;SiouxFalls;True;False;1e-05;12000;1;2;20;1000;50;-5;50;0.75;2;50;50;10;10;16;2.7866;1373;1373
14050707;374;g_000;1;1;30;line_consecutive;0.5;1374;12;14;20-22;11;136644.633844;136644.633843997;136644.63384399994;136644.633844;-2.9976945370435715e-09;2.939486876130104e-09;2.9976945370435715e-09;eev,integrated,separated,ws;lintim;SiouxFalls;SiouxFalls;True;False;1e-05;12000;1;2;20;1000;50;-5;50;0.75;2;50;50;10;10;16;2.7866;1374;1374
14050707;375;g_000;1;1;30;line_consecutive;0.5;1375;12;15;2-6;2;162750.12825;181298.24603599776;268447.158295;223560.21582799964;18548.117785997747;87148.91225900222;42261.96979200188;eev,integrated,separated,ws;lintim;SiouxFalls;SiouxFalls;True;False;1e-05;12000;1;2;20;1000;50;-5;50;0.75;2;50;50;10;10;16;2.7866;1375;1375
14050707;376;g_000;1;1;30;line_consecutive;0.5;1376;12;16;1-3;4,8,12;158370.59740199996;174517.518126;241999.53832249995;199947.920274;16146.920724000054;67482.02019649994;25430.402147999997;eev,integrated,separated,ws;lintim;SiouxFalls;SiouxFalls;True;False;1e-05;12000;1;2;20;1000;50;-5;50;0.75;2;50;50;10;10;16;2.7866;1376;1376
14050707;377;g_000;1;1;30;line_consecutive;0.5;1377;12;17;7-18;3,11;137336.139466;137563.09729790234;145384.86724699996;145384.867247;226.95783190234212;7821.769949097623;7821.769949097652;eev,integrated,separated,ws;lintim;SiouxFalls;SiouxFalls;True;False;1e-05;12000;1;2;20;1000;50;-5;50;0.75;2;50;50;10;10;16;2.7866;1377;1377
14050707;378;g_000;1;1;30;line_consecutive;0.5;1378;12;18;4-11;4;148318.31783799993;158018.54068605174;212874.879991;188064.065473;9700.22284805181;54856.339304948255;30045.524786948223;eev,integrated,separated,ws;lintim;SiouxFalls;SiouxFalls;True;False;1e-05;12000;1;2;20;1000;50;-5;50;0.75;2;50;50;10;10;16;2.7866;1378;1378
14050707;379;g_000;1;1;30;line_consecutive;0.5;1379;12;19;10-17;14;136644.633844;136644.633844;136644.63384399994;136644.633844;0.0;-5.820766091346741e-11;0.0;eev,integrated,separated,ws;lintim;SiouxFalls;SiouxFalls;True;False;1e-05;12000;1;2;20;1000;50;-5;50;0.75;2;50;50;10;10;16;2.7866;1379;1379
14050707;380;g_000;1;1;30;line_consecutive;0.5;1380;12;20;22-23;5;140068.01657900002;141793.08307927448;157266.05554699997;157266.055547;1725.0665002744645;15472.972467725484;15472.972467725514;eev,integrated,separated,ws;lintim;SiouxFalls;SiouxFalls;True;False;1e-05;12000;1;2;20;1000;50;-5;50;0.75;2;50;50;10;10;16;2.7866;1380;1380
14050707;381;g_000;1;1;30;line_consecutive;0.5;1381;12;21;19-20;2;151419.706250004;159406.401147;200331.614394;170180.63483699964;7986.694896995992;40925.21324700001;10774.233689999644;eev,integrated,separated,ws;lintim;SiouxFalls;SiouxFalls;True;False;1e-05;12000;1;2;20;1000;50;-5;50;0.75;2;50;50;10;10;16;2.7866;1381;1381
14050707;382;g_000;1;1;30;line_consecutive;0.5;1382;12;22;5-6;9;144064.79327999993;151208.2454059998;188117.07833999995;188117.07834;7143.452125999873;36908.83293400015;36908.83293400021;eev,integrated,separated,ws;lintim;SiouxFalls;SiouxFalls;True;False;1e-05;12000;1;2;20;1000;50;-5;50;0.75;2;50;50;10;10;16;2.7866;1382;1382
14050707;383;g_000;1;1;30;line_consecutive;0.5;1383;12;23;11-12;1,7,8;151579.819739;158243.19457000005;251852.894145;203359.63464;6663.374831000052;93609.69957499996;45116.44006999995;eev,integrated,separated,ws;lintim;SiouxFalls;SiouxFalls;True;False;1e-05;12000;1;2;20;1000;50;-5;50;0.75;2;50;50;10;10;16;2.7866;1383;1383
14050707;384;g_000;1;1;30;line_consecutive;0.5;1384;12;24;4-5;3;137448.31361399993;137893.319786;153382.17046099994;153382.170461;445.0061720000813;15488.850674999936;15488.850674999994;eev,integrated,separated,ws;lintim;SiouxFalls;SiouxFalls;True;False;1e-05;12000;1;2;20;1000;50;-5;50;0.75;2;50;50;10;10;16;2.7866;1384;1384
14050707;385;g_000;1;1;30;line_consecutive;0.5;1385;12;25;8-16;2,10,13;148303.89145800003;156997.2764380076;201514.4805565;170316.94508999964;8693.38498000757;44517.2041184924;13319.668651992048;eev,integrated,separated,ws;lintim;SiouxFalls;SiouxFalls;True;False;1e-05;12000;1;2;20;1000;50;-5;50;0.75;2;50;50;10;10;16;2.7866;1385;1385
14050707;386;g_000;1;1;30;line_consecutive;0.5;1386;12;26;5-9;3,9;144143.476073;150573.671841;202593.5020179905;188215.3847238596;6430.195768000005;52019.83017699051;37641.7128828596;eev,integrated,separated,ws;lintim;SiouxFalls;SiouxFalls;True;False;1e-05;12000;1;2;20;1000;50;-5;50;0.75;2;50;50;10;10;16;2.7866;1386;1386
14050707;387;g_000;1;1;30;line_consecutive;0.5;1387;12;27;10-15;5,9;151805.571473;167097.084843;222464.6025940171;192067.562402;15291.51337;55367.51775101712;24970.47755900002;eev,integrated,separated,ws;lintim;SiouxFalls;SiouxFalls;True;False;1e-05;12000;1;2;20;1000;50;-5;50;0.75;2;50;50;10;10;16;2.7866;1387;1387
14050707;388;g_000;1;1;30;line_consecutive;0.5;1388;12;28;15-19;9,13,14;144704.63548599998;151848.08761199517;187864.4149;187864.41490000003;7143.452125995187;36016.32728800483;36016.32728800486;eev,integrated,separated,ws;lintim;SiouxFalls;SiouxFalls;True;False;1e-05;12000;1;2;20;1000;50;-5;50;0.75;2;50;50;10;10;16;2.7866;1388;1388
14050707;389;g_000;1;1;30;line_consecutive;0.5;1389;12;29;14-23;4,10;144423.91950699972;148346.3606369942;159944.08629599994;161875.51763100002;3922.4411299944913;11597.725659005722;13529.15699400581;eev,integrated,separated,ws;lintim;SiouxFalls;SiouxFalls;True;False;1e-05;12000;1;2;20;1000;50;-5;50;0.75;2;50;50;10;10;16;2.7866;1389;1389
14050707;390;g_000;2;1;30;line_consecutive;0.5;1390;13;0;10-17,17-19;14;171125.3890069994;178029.1187905001;259540.5344845;212040.76901;6903.72978350069;81511.41569399991;34011.65021949989;eev,integrated,separated,ws;lintim;SiouxFalls;SiouxFalls;True;False;1e-05;12000;1;2;20;1000;50;-5;50;0.75;2;50;50;10;10;16;2.7866;1390;1390
14050707;391;g_000;2;1;30;line_consecutive;0.5;1391;13;1;1-3,3-4;4;158951.47793;175266.91182799937;245084.678135;196603.01688399995;16315.433897999375;69817.7663070006;21336.105056000582;eev,integrated,separated,ws;lintim;SiouxFalls;SiouxFalls;True;False;1e-05;12000;1;2;20;1000;50;-5;50;0.75;2;50;50;10;10;16;2.7866;1391;1391
14050707;392;g_000;2;1;30;line_consecutive;0.5;1392;13;2;6-8,8-16;2;158394.349494;171987.29224500002;222672.139268;191341.64655699965;13592.942751000024;50684.84702299998;19354.354311999632;eev,integrated,separated,ws;lintim;SiouxFalls;SiouxFalls;True;False;1e-05;12000;1;2;20;1000;50;-5;50;0.75;2;50;50;10;10;16;2.7866;1392;1392
14050707;393;g_000;2;1;30;line_consecutive;0.5;1393;13;3;1-2,1-3;12;205204.634433;236160.2738649998;313722.714055;269318.856551;30955.639431999796;77562.4401900002;33158.58268600018;eev,integrated,separated,ws;lintim;SiouxFalls;SiouxFalls;True;False;1e-05;12000;1;2;20;1000;50;-5;50;0.75;2;50;50;10;10;16;2.7866;1393;1393
14050707;394;g_000;2;1;30;line_consecutive;0.5;1394;13;4;11-14,14-23;4,10;174736.329007;193414.310958;212874.879991;211119.219087;18677.981950999994;19460.569032999974;17704.908129000018;eev,integrated,separated,ws;lintim;SiouxFalls;SiouxFalls;True;False;1e-05;12000;1;2;20;1000;50;-5;50;0.75;2;50;50;10;10;16;2.7866;1394;1394
14050707;395;g_000;2;1;30;line_consecutive;0.5;1395;13;5;7-8,7-18;3,11;137750.58763999998;138856.54143600003;154951.13885399996;154951.138854;1105.9537960000453;16094.597417999932;16094.59741799996;eev,integrated,separated,ws;lintim;SiouxFalls;SiouxFalls;True;False;1e-05;12000;1;2;20;1000;50;-5;50;0.75;2;50;50;10;10;16;2.7866;1395;1395
14050707;396;g_000;2;1;30;line_consecutive;0.5;1396;13;6;5-6,5-9;9;144237.325338;151559.23582399954;204753.67917599727;189651.00428385864;7321.910485999542;53194.44335199773;38091.7684598591;eev,integrated,separated,ws;lintim;SiouxFalls;SiouxFalls;True;False;1e-05;12000;1;2;20;1000;50;-5;50;0.75;2;50;50;10;10;16;2.7866;1396;1396
14050707;397;g_000;2;1;30;line_consecutive;0.5;1397;13;7;10-16,16-18;1;145414.93839700002;150785.15447900002;198046.45327499995;193153.163619;5370.216081999999;47261.29879599993;42368.00913999998;eev,integrated,separated,ws;lintim;SiouxFalls;SiouxFalls;True;False;1e-05;12000;1;2;20;1000;50;-5;50;0.75;2;50;50;10;10;16;2.7866;1397;1397
14050707;398;g_000;2;1;30;line_consecutive;0.5;1398;13;8;15-22,22-23;5;143858.287301;148708.84971899996;165559.2440911428;165559.24409114284;4850.562417999958;16850.39437214285;16850.39437214288;eev,integrated,separated,ws;lintim;SiouxFalls;SiouxFalls;True;False;1e-05;12000;1;2;20;1000;50;-5;50;0.75;2;50;50;10;10;16;2.7866;1398;1398
14050707;399;g_000;2;1;30;line_consecutive;0.5;1399;13;9;8-16,16-17;2,13;153762.642963;161623.02859399997;201514.4805565;170316.94508999962;7860.385630999983;39891.451962500025;8693.916495999641;eev,integrated,separated,ws;lintim;SiouxFalls;SiouxFalls;True;False;1e-05;12000;1;2;20;1000;50;-5;50;0.75;2;50;50;10;10;16;2.7866;1399;1399
14050707;400;g_000;2;1;30;line_consecutive;0.5;1400;13;10;4-5,5-9;3;144237.325338;151559.23582399954;204753.67917599727;189651.00428385864;7321.910485999542;53194.44335199773;38091.7684598591;eev,integrated,separated,ws;lintim;SiouxFalls;SiouxFalls;True;False;1e-05;12000;1;2;20;1000;50;-5;50;0.75;2;50;50;10;10;16;2.7866;1400;1400
14050707;401;g_000;2;1;30;line_consecutive;0.5;1401;13;11;14-15,15-19;14;144744.84347;152116.37671999997;187864.4149;187864.41490000003;7371.533249999979;35748.03818000003;35748.03818000006;eev,integrated,separated,ws;lintim;SiouxFalls;SiouxFalls;True;False;1e-05;12000;1;2;20;1000;50;-5;50;0.75;2;50;50;10;10;16;2.7866;1401;1401
14050707;402;g_000;2;1;30;line_consecutive;0.5;1402;13;12;3-12,12-13;12;136644.633844;136644.633844;136644.63384399994;136644.633844;0.0;-5.820766091346741e-11;0.0;eev,integrated,separated,ws;lintim;SiouxFalls;SiouxFalls;True;False;1e-05;12000;1;2;20;1000;50;-5;50;0.75;2;50;50;10;10;16;2.7866;1402;1402
14050707;403;g_000;2;1;30;line_consecutive;0.5;1403;13;13;4-11,11-14;4;156504.247661;170492.96055299998;212874.879991;201089.429554;13988.71289199998;42381.91943799998;30596.46900100002;eev,integrated,separated,ws;lintim;SiouxFalls;SiouxFalls;True;False;1e-05;12000;1;2;20;1000;50;-5;50;0.75;2;50;50;10;10;16;2.7866;1403;1403
14050707;404;g_000;2;1;30;line_consecutive;0.5;1404;13;14;3-4,4-5;3;157314.011221;168622.65268899998;237402.121118;189076.69401;11308.641467999989;68779.46842900003;20454.041321000022;eev,integrated,separated,ws;lintim;SiouxFalls;SiouxFalls;True;False;1e-05;12000;1;2;20;1000;50;-5;50;0.75;2;50;50;10;10;16;2.7866;1404;1404
14050707;405;g_000;2;1;30;line_consecutive;0.5;1405;13;15;15-19,17-19;13,14;169137.02107100002;173742.025496;204087.321885;212606.56908;4605.004424999963;30345.296389000025;38864.543584;eev,integrated,separated,ws;lintim;SiouxFalls;SiouxFalls;True;False;1e-05;12000;1;2;20;1000;50;-5;50;0.75;2;50;50;10;10;16;2.7866;1405;1405
14050707;406;g_000;2;1;30;line_consecutive;0.5;1406;13;16;8-16,10-16;10;150480.6763879998;158736.66423000002;194247.290513;176664.83080671428;8255.987842000235;35510.62628299999;17928.166576714255;eev,integrated,separated,ws;lintim;SiouxFalls;SiouxFalls;True;False;1e-05;12000;1;2;20;1000;50;-5;50;0.75;2;50;50;10;10;16;2.7866;1406;1406
14050707;407;g_000;2;1;30;line_consecutive;0.5;1407;13;17;16-17,17-19;2,13;171125.3890069994;178029.1187905001;259540.5344845;212040.76901;6903.72978350069;81511.41569399991;34011.65021949989;eev,integrated,separated,ws;lintim;SiouxFalls;SiouxFalls;True;False;1e-05;12000;1;2;20;1000;50;-5;50;0.75;2;50;50;10;10;16;2.7866;1407;1407
14050707;408;g_000;2;1;30;line_consecutive;0.5;1408;13;18;9-10,10-15;9;152035.30284799993;164932.62479378757;208355.288967;185474.80233;12897.32194578764;43422.664173212426;20542.17753621243;eev,integrated,separated,ws;lintim;SiouxFalls;SiouxFalls;True;False;1e-05;12000;1;2;20;1000;50;-5;50;0.75;2;50;50;10;10;16;2.7866;1408;1408
14050707;409;g_000;2;1;30;line_consecutive;0.5;1409;13;19;3-4,4-11;4;157314.011221;168622.65268899998;237402.121118;189076.69401;11308.641467999989;68779.46842900003;20454.041321000022;eev,integrated,separated,ws;lintim;SiouxFalls;SiouxFalls;True;False;1e-05;12000;1;2;20;1000;50;-5;50;0.75;2;50;50;10;10;16;2.7866;1409;1409
14050707;410;g_000;2;1;30;line_consecutive;0.5;1410;13;20;9-10,10-11;7;157100.88391700003;172705.40146300002;271891.998092;229218.183907;15604.517545999988;99186.596629;56512.78244399998;eev,integrated,separated,ws;lintim;SiouxFalls;SiouxFalls;True;False;1e-05;12000;1;2;20;1000;50;-5;50;0.75;2;50;50;10;10;16;2.7866;1410;1410
14050707;411;g_000;2;1;30;line_consecutive;0.5;1411;13;21;5-9,9-10;9;144900.227082;151112.15308399984;203287.54147196293;187396.30436599115;6211.926001999847;52175.38838796309;36284.1512819913;eev,integrated,separated,ws;lintim;SiouxFalls;SiouxFalls;True;False;1e-05;12000;1;2;20;1000;50;-5;50;0.75;2;50;50;10;10;16;2.7866;1411;1411
14050707;412;g_000;2;1;30;line_consecutive;0.5;1412;13;22;10-11,11-12;1,7;159049.557002;170648.436922;236955.77162;197225.24534895847;11598.879920000008;66307.33469800002;26576.80842695848;eev,integrated,separated,ws;lintim;SiouxFalls;SiouxFalls;True;False;1e-05;12000;1;2;20;1000;50;-5;50;0.75;2;50;50;10;10;16;2.7866;1412;1412
14050707;413;g_000;2;1;30;line_consecutive;0.5;1413;13;23;18-20,20-22;11;136644.633844;136644.633844;136644.63384399994;136644.633844;0.0;-5.820766091346741e-11;0.0;eev,integrated,separated,ws;lintim;SiouxFalls;SiouxFalls;True;False;1e-05;12000;1;2;20;1000;50;-5;50;0.75;2;50;50;10;10;16;2.7866;1413;1413
14050707;414;g_000;2;1;30;line_consecutive;0.5;1414;13;24;15-19,15-22;13;150806.855587;160225.06844701435;208541.653933;208541.653933;9418.212860014348;48316.58548598565;48316.58548598565;eev,integrated,separated,ws;lintim;SiouxFalls;SiouxFalls;True;False;1e-05;12000;1;2;20;1000;50;-5;50;0.75;2;50;50;10;10;16;2.7866;1414;1414
14050707;415;g_000;2;1;30;line_consecutive;0.5;1415;13;25;3-12,11-12;8;160087.52738400217;167661.7366260002;194717.472418;197598.05014900025;7574.209241998033;27055.73579199976;29936.313523000048;eev,integrated,separated,ws;lintim;SiouxFalls;SiouxFalls;True;False;1e-05;12000;1;2;20;1000;50;-5;50;0.75;2;50;50;10;10;16;2.7866;1415;1415
14050707;416;g_000;2;1;30;line_consecutive;0.5;1416;13;26;2-6,6-8;2;167842.791322;185999.25340400008;270008.2452665;226352.9234669996;18156.46208200007;84008.99186249991;40353.67006299953;eev,integrated,separated,ws;lintim;SiouxFalls;SiouxFalls;True;False;1e-05;12000;1;2;20;1000;50;-5;50;0.75;2;50;50;10;10;16;2.7866;1416;1416
14050707;417;g_000;2;1;30;line_consecutive;0.5;1417;13;27;10-11,10-16;1,10;153335.02434299997;164472.02781300005;246069.241358;185936.640832;11137.003470000083;81597.21354499995;21464.613018999957;eev,integrated,separated,ws;lintim;SiouxFalls;SiouxFalls;True;False;1e-05;12000;1;2;20;1000;50;-5;50;0.75;2;50;50;10;10;16;2.7866;1417;1417
14050707;418;g_000;2;1;30;line_consecutive;0.5;1418;13;28;15-22,21-22;13;141726.881812;144706.72978;165559.24448399997;165559.244484;2979.8479679999878;20852.51470399997;20852.514704;eev,integrated,separated,ws;lintim;SiouxFalls;SiouxFalls;True;False;1e-05;12000;1;2;20;1000;50;-5;50;0.75;2;50;50;10;10;16;2.7866;1418;1418
14050707;419;g_000;2;1;30;line_consecutive;0.5;1419;13;29;11-12,11-14;8;168028.786862;183339.15821199995;238125.736667;221502.31662;15310.371349999945;54786.57845500004;38163.15840800005;eev,integrated,separated,ws;lintim;SiouxFalls;SiouxFalls;True;False;1e-05;12000;1;2;20;1000;50;-5;50;0.75;2;50;50;10;10;16;2.7866;1419;1419
14050707;420;g_000;1;1;30;line_consecutive;0.5;1420;14;0;6-8;2;165204.85502795124;176716.434624;233691.119066;211644.35974799964;11511.579596048745;56974.68444200003;34927.92512399965;eev,integrated,separated,ws;lintim;SiouxFalls;SiouxFalls;True;False;1e-05;12000;1;2;20;1000;500;-5;50;0.75;2;50;50;10;10;16;2.7866;1420;1420
14050707;421;g_000;1;1;30;line_consecutive;0.5;1421;14;1;22-23;5;144945.28932599997;149166.705619;163386.05554699997;163386.055547;4221.416293000017;14219.34992799998;14219.34992800001;eev,integrated,separated,ws;lintim;SiouxFalls;SiouxFalls;True;False;1e-05;12000;1;2;20;1000;500;-5;50;0.75;2;50;50;10;10;16;2.7866;1421;1421
14050707;422;g_000;1;1;30;line_consecutive;0.5;1422;14;2;10-17;14;136644.633844;136644.633844;136644.63384399994;136644.633844;0.0;-5.820766091346741e-11;0.0;eev,integrated,separated,ws;lintim;SiouxFalls;SiouxFalls;True;False;1e-05;12000;1;2;20;1000;500;-5;50;0.75;2;50;50;10;10;16;2.7866;1422;1422
14050707;423;g_000;1;1;30;line_consecutive;0.5;1423;14;3;14-15;14;136644.63384399988;136644.63384397037;136644.63384399994;136644.633844;-2.9511284083127972e-08;2.9569491744041443e-08;2.9627699404954914e-08;eev,integrated,separated,ws;lintim;SiouxFalls;SiouxFalls;True;False;1e-05;12000;1;2;20;1000;500;-5;50;0.75;2;50;50;10;10;16;2.7866;1423;1423
14050707;424;g_000;1;1;30;line_consecutive;0.5;1424;14;4;1-3;4,8,12;184567.96517900005;201870.05839400005;268133.710087;226721.343332;17302.093215;66263.65169299993;24851.28493799994;eev,integrated,separated,ws;lintim;SiouxFalls;SiouxFalls;True;False;1e-05;12000;1;2;20;1000;500;-5;50;0.75;2;50;50;10;10;16;2.7866;1424;1424
14050707;425;g_000;1;1;30;line_consecutive;0.5;1425;14;5;11-14;4,8,10;183909.316337;209534.120613;257555.632241;231689.429554;25624.80427600001;48021.51162800001;22155.308941;eev,integrated,separated,ws;lintim;SiouxFalls;SiouxFalls;True;False;1e-05;12000;1;2;20;1000;500;-5;50;0.75;2;50;50;10;10;16;2.7866;1425;1425
14050707;426;g_000;1;1;30;line_consecutive;0.5;1426;14;6;21-24;6;145191.015614;146921.897384;150205.16587999993;150205.16557711578;1730.8817700000072;3283.268495999917;3283.2681931157717;eev,integrated,separated,ws;lintim;SiouxFalls;SiouxFalls;True;False;1e-05;12000;1;2;20;1000;500;-5;50;0.75;2;50;50;10;10;16;2.7866;1426;1426
14050707;427;g_000;1;1;30;line_consecutive;0.5;1427;14;7;2-6;2;177054.8635539197;203875.06026699737;286473.5554565;237811.97694899965;26820.19671307766;82598.4951895026;33936.91668200228;eev,integrated,separated,ws;lintim;SiouxFalls;SiouxFalls;True;False;1e-05;12000;1;2;20;1000;500;-5;50;0.75;2;50;50;10;10;16;2.7866;1427;1427
14050707;428;g_000;1;1;30;line_consecutive;0.5;1428;14;8;12-13;12;136644.633844;136644.63384399563;136644.63384399994;136644.633844;-4.3655745685100555e-09;4.307366907596588e-09;4.3655745685100555e-09;eev,integrated,separated,ws;lintim;SiouxFalls;SiouxFalls;True;False;1e-05;12000;1;2;20;1000;500;-5;50;0.75;2;50;50;10;10;16;2.7866;1428;1428
14050707;429;g_000;1;1;30;line_consecutive;0.5;1429;14;9;8-9;3,7;137750.58763999998;138856.5414359529;161138.10858499992;161138.10858499998;1105.9537959529262;22281.56714904701;22281.56714904707;eev,integrated,separated,ws;lintim;SiouxFalls;SiouxFalls;True;False;1e-05;12000;1;2;20;1000;500;-5;50;0.75;2;50;50;10;10;16;2.7866;1429;1429
14050707;430;g_000;1;1;30;line_consecutive;0.5;1430;14;10;13-24;6;151581.92177799408;157574.28831899303;169726.81500799995;169726.8147051158;5992.366540998948;12152.526689006918;12152.526386122772;eev,integrated,separated,ws;lintim;SiouxFalls;SiouxFalls;True;False;1e-05;12000;1;2;20;1000;500;-5;50;0.75;2;50;50;10;10;16;2.7866;1430;1430
14050707;431;g_000;1;1;30;line_consecutive;0.5;1431;14;11;20-21;6;144474.644607;145989.07330699998;145989.07330699998;145989.07300411584;1514.4286999999897;0.0;-0.0003028841456398;eev,integrated,separated,ws;lintim;SiouxFalls;SiouxFalls;True;False;1e-05;12000;1;2;20;1000;500;-5;50;0.75;2;50;50;10;10;16;2.7866;1431;1431
14050707;432;g_000;1;1;30;line_consecutive;0.5;1432;14;12;3-12;8,12;136644.633844;136644.6338439473;136644.63384399994;136644.633844;-5.2707036957144744e-08;5.2648829296231276e-08;5.2707036957144744e-08;eev,integrated,separated,ws;lintim;SiouxFalls;SiouxFalls;True;False;1e-05;12000;1;2;20;1000;500;-5;50;0.75;2;50;50;10;10;16;2.7866;1432;1432
14050707;433;g_000;1;1;30;line_consecutive;0.5;1433;14;13;10-11;1,7,10;168581.62012233335;180937.40478499976;238154.81432300003;191525.999028;12355.78466266641;57217.40953800027;10588.594243000232;eev,integrated,separated,ws;lintim;SiouxFalls;SiouxFalls;True;False;1e-05;12000;1;2;20;1000;500;-5;50;0.75;2;50;50;10;10;16;2.7866;1433;1433
14050707;434;g_000;1;1;30;line_consecutive;0.5;1434;14;14;7-18;3,11;137485.766168;138326.89849199998;151718.29279999994;151718.2928;841.1323239999765;13391.39430799996;13391.394308000015;eev,integrated,separated,ws;lintim;SiouxFalls;SiouxFalls;True;False;1e-05;12000;1;2;20;1000;500;-5;50;0.75;2;50;50;10;10;16;2.7866;1434;1434
14050707;435;g_000;1;1;30;line_consecutive;0.5;1435;14;15;17-19;2,13,14;196344.569281;215385.15755296155;276363.8057265;236000.9993885;19040.588271961547;60978.64817353845;20615.84183553845;eev,integrated,separated,ws;lintim;SiouxFalls;SiouxFalls;True;False;1e-05;12000;1;2;20;1000;500;-5;50;0.75;2;50;50;10;10;16;2.7866;1435;1435
14050707;436;g_000;1;1;30;line_consecutive;0.5;1436;14;16;10-16;1,10;154480.78770497558;163177.69299499993;219295.89343899995;201251.263254;8696.905290024355;56118.20044400002;38073.57025900006;eev,integrated,separated,ws;lintim;SiouxFalls;SiouxFalls;True;False;1e-05;12000;1;2;20;1000;500;-5;50;0.75;2;50;50;10;10;16;2.7866;1436;1436
14050707;437;g_000;1;1;30;line_consecutive;0.5;1437;14;17;8-16;2,10,13;167102.57812999998;179300.35507999998;245460.72542499995;205326.94508999964;12197.77695;66160.37034499997;26026.590009999665;eev,integrated,separated,ws;lintim;SiouxFalls;SiouxFalls;True;False;1e-05;12000;1;2;20;1000;500;-5;50;0.75;2;50;50;10;10;16;2.7866;1437;1437
14050707;438;g_000;1;1;30;line_consecutive;0.5;1438;14;18;20-22;11;136644.63384399988;136644.633844;136644.63384399994;136644.633844;1.1641532182693479e-10;-5.820766091346741e-11;0.0;eev,integrated,separated,ws;lintim;SiouxFalls;SiouxFalls;True;False;1e-05;12000;1;2;20;1000;500;-5;50;0.75;2;50;50;10;10;16;2.7866;1438;1438
14050707;439;g_000;1;1;30;line_consecutive;0.5;1439;14;19;4-5;3;137485.766168;138326.89849199998;156945.19784899993;156945.197849;841.1323239999765;18618.299356999956;18618.29935700001;eev,integrated,separated,ws;lintim;SiouxFalls;SiouxFalls;True;False;1e-05;12000;1;2;20;1000;500;-5;50;0.75;2;50;50;10;10;16;2.7866;1439;1439
14050707;440;g_000;1;1;30;line_consecutive;0.5;1440;14;20;11-12;1,7,8;163616.516904;182550.1650240004;235835.48249499995;199804.866486;18933.648120000376;53285.31747099958;17254.701461999648;eev,integrated,separated,ws;lintim;SiouxFalls;SiouxFalls;True;False;1e-05;12000;1;2;20;1000;500;-5;50;0.75;2;50;50;10;10;16;2.7866;1440;1440
14050707;441;g_000;1;1;30;line_consecutive;0.5;1441;14;21;21-22;13;136644.633844;136644.633844;136644.63384399994;136644.633844;0.0;-5.820766091346741e-11;0.0;eev,integrated,separated,ws;lintim;SiouxFalls;SiouxFalls;True;False;1e-05;12000;1;2;20;1000;500;-5;50;0.75;2;50;50;10;10;16;2.7866;1441;1441
14050707;442;g_000;1;1;30;line_consecutive;0.5;1442;14;22;5-6;9;146055.705812;154088.24540599997;188960.780316;188960.780316;8032.539593999973;34872.53490999999;34872.53491000002;eev,integrated,separated,ws;lintim;SiouxFalls;SiouxFalls;True;False;1e-05;12000;1;2;20;1000;500;-5;50;0.75;2;50;50;10;10;16;2.7866;1442;1442
14050707;443;g_000;1;1;30;line_consecutive;0.5;1443;14;23;16-18;1;148668.790858;159501.199324;219295.89343899995;190864.88088042755;10832.408465999992;59794.69411499996;31363.68155642756;eev,integrated,separated,ws;lintim;SiouxFalls;SiouxFalls;True;False;1e-05;12000;1;2;20;1000;500;-5;50;0.75;2;50;50;10;10;16;2.7866;1443;1443
14050707;444;g_000;1;1;30;line_consecutive;0.5;1444;14;24;14-23;4,10;161383.01754402486;168359.1795059836;181544.086296;175375.51763100002;6976.161961958744;13184.906790016365;7016.338125016424;eev,integrated,separated,ws;lintim;SiouxFalls;SiouxFalls;True;False;1e-05;12000;1;2;20;1000;500;-5;50;0.75;2;50;50;10;10;16;2.7866;1444;1444
14050707;445;g_000;1;1;30;line_consecutive;0.5;1445;14;25;18-20;11;136644.633844;136644.633844;136644.63384399994;136644.633844;0.0;-5.820766091346741e-11;0.0;eev,integrated,separated,ws;lintim;SiouxFalls;SiouxFalls;True;False;1e-05;12000;1;2;20;1000;500;-5;50;0.75;2;50;50;10;10;16;2.7866;1445;1445
14050707;446;g_000;1;1;30;line_consecutive;0.5;1446;14;26;9-10;7,9;146851.581576;155279.89002499997;185965.65904499995;189152.37943996413;8428.308448999975;30685.769019999974;33872.48941496416;eev,integrated,separated,ws;lintim;SiouxFalls;SiouxFalls;True;False;1e-05;12000;1;2;20;1000;500;-5;50;0.75;2;50;50;10;10;16;2.7866;1446;1446
14050707;447;g_000;1;1;30;line_consecutive;0.5;1447;14;27;23-24;4;160770.813234;165082.35097800003;186874.21902199995;173549.34546403657;4311.53774400003;21791.868043999915;8466.994486036536;eev,integrated,separated,ws;lintim;SiouxFalls;SiouxFalls;True;False;1e-05;12000;1;2;20;1000;500;-5;50;0.75;2;50;50;10;10;16;2.7866;1447;1447
14050707;448;g_000;1;1;30;line_consecutive;0.5;1448;14;28;7-8;3,7,11;137750.58763999998;138856.541436;161138.10858499998;161138.108585;1105.9537960000162;22281.56714899998;22281.56714900001;eev,integrated,separated,ws;lintim;SiouxFalls;SiouxFalls;True;False;1e-05;12000;1;2;20;1000;500;-5;50;0.75;2;50;50;10;10;16;2.7866;1448;1448
14050707;449;g_000;1;1;30;line_consecutive;0.5;1449;14;29;19-20;2;171853.14687499992;188472.093388;219956.08739849995;205190.63483699964;16618.94651300009;31483.99401049994;16718.541448999633;eev,integrated,separated,ws;lintim;SiouxFalls;SiouxFalls;True;False;1e-05;12000;1;2;20;1000;500;-5;50;0.75;2;50;50;10;10;16;2.7866;1449;1449
14050707;450;g_000;2;1;30;line_consecutive;0.5;1450;15;0;3-12,11-12;8;198981.5845875537;218946.663777;243802.8088525;245569.88443200005;19965.07918944632;24856.145075499957;26623.22065500004;eev,integrated,separated,ws;lintim;SiouxFalls;SiouxFalls;True;False;1e-05;12000;1;2;20;1000;500;-5;50;0.75;2;50;50;10;10;16;2.7866;1450;1450
14050707;451;g_000;2;1;30;line_consecutive;0.5;1451;15;1;4-11,11-14;4;189891.40944500003;209534.12061299995;257555.632241;231689.429554;19642.71116799992;48021.51162800007;22155.30894100005;eev,integrated,separated,ws;lintim;SiouxFalls;SiouxFalls;True;False;1e-05;12000;1;2;20;1000;500;-5;50;0.75;2;50;50;10;10;16;2.7866;1451;1451
14050707;452;g_000;2;1;30;line_consecutive;0.5;1452;15;2;20-21,21-24;6;151392.733186;156636.15167697653;161676.71500799994;161676.71470511582;5243.418490976532;5040.563331023412;5040.563028139295;eev,integrated,separated,ws;lintim;SiouxFalls;SiouxFalls;True;False;1e-05;12000;1;2;20;1000;500;-5;50;0.75;2;50;50;10;10;16;2.7866;1452;1452
14050707;453;g_000;2;1;30;line_consecutive;0.5;1453;15;3;8-16,16-17;2,13;170747.81529;185420.67104999995;230081.554674;202581.71291199964;14672.855759999948;44660.88362400007;17161.041861999693;eev,integrated,separated,ws;lintim;SiouxFalls;SiouxFalls;True;False;1e-05;12000;1;2;20;1000;500;-5;50;0.75;2;50;50;10;10;16;2.7866;1453;1453
14050707;454;g_000;2;1;30;line_consecutive;0.5;1454;15;4;13-24,21-24;6;153388.171778;159373.94361299853;169726.81500799995;169726.81470511583;5985.771834998537;10352.87139500142;10352.871092117304;eev,integrated,separated,ws;lintim;SiouxFalls;SiouxFalls;True;False;1e-05;12000;1;2;20;1000;500;-5;50;0.75;2;50;50;10;10;16;2.7866;1454;1454
14050707;455;g_000;2;1;30;line_consecutive;0.5;1455;15;5;10-11,11-14;10;232269.61727591432;259888.993712;335018.767425;294016.787199;27619.376436085677;75129.77371300003;34127.79348700002;eev,integrated,separated,ws;lintim;SiouxFalls;SiouxFalls;True;False;1e-05;12000;1;2;20;1000;500;-5;50;0.75;2;50;50;10;10;16;2.7866;1455;1455
14050707;456;g_000;2;1;30;line_consecutive;0.5;1456;15;6;6-8,8-16;2;171944.94221799998;192237.74730600003;249313.132173;209011.33906399965;20292.80508800005;57075.38486699996;16773.591757999617;eev,integrated,separated,ws;lintim;SiouxFalls;SiouxFalls;True;False;1e-05;12000;1;2;20;1000;500;-5;50;0.75;2;50;50;10;10;16;2.7866;1456;1456
14050707;457;g_000;2;1;30;line_consecutive;0.5;1457;15;7;4-5,5-9;3;147117.325338;154439.2358239996;210856.082864;191459.3607898596;7321.9104859996;56416.84704000037;37020.12496586001;eev,integrated,separated,ws;lintim;SiouxFalls;SiouxFalls;True;False;1e-05;12000;1;2;20;1000;500;-5;50;0.75;2;50;50;10;10;16;2.7866;1457;1457
14050707;458;g_000;2;1;30;line_consecutive;0.5;1458;15;8;7-8,7-18;3,11;137750.58763999998;138856.54143596938;161138.10858499995;161138.10858499998;1105.953795969399;22281.56714903057;22281.5671490306;eev,integrated,separated,ws;lintim;SiouxFalls;SiouxFalls;True;False;1e-05;12000;1;2;20;1000;500;-5;50;0.75;2;50;50;10;10;16;2.7866;1458;1458
14050707;459;g_000;2;1;30;line_consecutive;0.5;1459;15;9;18-20,20-22;11;136644.633844;136644.633844;136644.63384399994;136644.633844;0.0;-5.820766091346741e-11;0.0;eev,integrated,separated,ws;lintim;SiouxFalls;SiouxFalls;True;False;1e-05;12000;1;2;20;1000;500;-5;50;0.75;2;50;50;10;10;16;2.7866;1459;1459
14050707;460;g_000;2;1;30;line_consecutive;0.5;1460;15;10;5-6,5-9;9;147117.325338;154439.2358239996;210856.082864;191459.3607898596;7321.9104859996;56416.84704000037;37020.12496586001;eev,integrated,separated,ws;lintim;SiouxFalls;SiouxFalls;True;False;1e-05;12000;1;2;20;1000;500;-5;50;0.75;2;50;50;10;10;16;2.7866;1460;1460
14050707;461;g_000;2;1;30;line_consecutive;0.5;1461;15;11;8-9,9-10;7;148936.91119999843;158291.40973299998;212668.106798;210932.1787559949;9354.498533001548;54376.697065000015;52640.76902299491;eev,integrated,separated,ws;lintim;SiouxFalls;SiouxFalls;True;False;1e-05;12000;1;2;20;1000;500;-5;50;0.75;2;50;50;10;10;16;2.7866;1461;1461
14050707;462;g_000;2;1;30;line_consecutive;0.5;1462;15;12;10-16,16-18;1;157814.01784400002;168009.00700200003;219295.89343899995;201251.263254;10194.989158000011;51286.88643699992;33242.25625199996;eev,integrated,separated,ws;lintim;SiouxFalls;SiouxFalls;True;False;1e-05;12000;1;2;20;1000;500;-5;50;0.75;2;50;50;10;10;16;2.7866;1462;1462
14050707;463;g_000;2;1;30;line_consecutive;0.5;1463;15;13;1-3,3-4;4;191631.83099600003;207983.21851700527;275643.613951;222828.193492;16351.387521005236;67660.39543399471;14844.974974994722;eev,integrated,separated,ws;lintim;SiouxFalls;SiouxFalls;True;False;1e-05;12000;1;2;20;1000;500;-5;50;0.75;2;50;50;10;10;16;2.7866;1463;1463
14050707;464;g_000;2;1;30;line_consecutive;0.5;1464;15;14;7-18,18-20;11;137485.766168;138326.89849199998;151718.29279999994;151718.2928;841.1323239999765;13391.39430799996;13391.394308000015;eev,integrated,separated,ws;lintim;SiouxFalls;SiouxFalls;True;False;1e-05;12000;1;2;20;1000;500;-5;50;0.75;2;50;50;10;10;16;2.7866;1464;1464
14050707;465;g_000;2;1;30;line_consecutive;0.5;1465;15;15;1-2,1-3;12;228400.8841;256202.10086799995;313722.714055;269318.856551;27801.216767999955;57520.61318700004;13116.755683000025;eev,integrated,separated,ws;lintim;SiouxFalls;SiouxFalls;True;False;1e-05;12000;1;2;20;1000;500;-5;50;0.75;2;50;50;10;10;16;2.7866;1465;1465
14050707;466;g_000;2;1;30;line_consecutive;0.5;1466;15;16;11-12,11-14;8;212148.027675;244634.56818299403;324361.70865;280016.299374;32486.54050799404;79727.14046700596;35381.731191005965;eev,integrated,separated,ws;lintim;SiouxFalls;SiouxFalls;True;False;1e-05;12000;1;2;20;1000;500;-5;50;0.75;2;50;50;10;10;16;2.7866;1466;1466
14050707;467;g_000;2;1;30;line_consecutive;0.5;1467;15;17;15-19,17-19;13,14;218174.837586;237268.951595;273113.6622555;259119.1966705;19094.114008999983;35844.710660499986;21850.245075500017;eev,integrated,separated,ws;lintim;SiouxFalls;SiouxFalls;True;False;1e-05;12000;1;2;20;1000;500;-5;50;0.75;2;50;50;10;10;16;2.7866;1467;1467
14050707;468;g_000;2;1;30;line_consecutive;0.5;1468;15;18;3-4,4-5;3;176956.200219;193773.04014399965;282746.223076;224554.385872;16816.83992499966;88973.18293200035;30781.345728000364;eev,integrated,separated,ws;lintim;SiouxFalls;SiouxFalls;True;False;1e-05;12000;1;2;20;1000;500;-5;50;0.75;2;50;50;10;10;16;2.7866;1468;1468
14050707;469;g_000;2;1;30;line_consecutive;0.5;1469;15;19;15-22,22-23;5;146128.25787799995;152278.32126599996;170959.24055542855;170959.24055542858;6150.06338800001;18680.919289428595;18680.919289428624;eev,integrated,separated,ws;lintim;SiouxFalls;SiouxFalls;True;False;1e-05;12000;1;2;20;1000;500;-5;50;0.75;2;50;50;10;10;16;2.7866;1469;1469
14050707;470;g_000;2;1;30;line_consecutive;0.5;1470;15;20;7-8,8-9;3,7;137750.58763999998;138856.541436;161138.10858500082;161138.10858500085;1105.9537960000162;22281.567149000824;22281.567149000854;eev,integrated,separated,ws;lintim;SiouxFalls;SiouxFalls;True;False;1e-05;12000;1;2;20;1000;500;-5;50;0.75;2;50;50;10;10;16;2.7866;1470;1470
14050707;471;g_000;2;1;30;line_consecutive;0.5;1471;15;21;10-15,15-19;9;161544.618929;177886.484918;233395.890884;199935.36064000003;16341.865989000013;55509.40596599996;22048.875722000023;eev,integrated,separated,ws;lintim;SiouxFalls;SiouxFalls;True;False;1e-05;12000;1;2;20;1000;500;-5;50;0.75;2;50;50;10;10;16;2.7866;1471;1471
14050707;472;g_000;2;1;30;line_consecutive;0.5;1472;15;22;14-15,15-19;14;146055.705812;155466.77777999995;188960.780316;188960.780316;9411.071967999946;33494.00253600004;33494.00253600004;eev,integrated,separated,ws;lintim;SiouxFalls;SiouxFalls;True;False;1e-05;12000;1;2;20;1000;500;-5;50;0.75;2;50;50;10;10;16;2.7866;1472;1472
14050707;473;g_000;2;1;30;line_consecutive;0.5;1473;15;23;5-9,9-10;9;148936.91119999843;158291.40973299998;212668.106798;195404.869692;9354.498533001548;54376.697065000015;37113.45995900003;eev,integrated,separated,ws;lintim;SiouxFalls;SiouxFalls;True;False;1e-05;12000;1;2;20;1000;500;-5;50;0.75;2;50;50;10;10;16;2.7866;1473;1473
14050707;474;g_000;2;1;30;line_consecutive;0.5;1474;15;24;8-16,10-16;10;181104.680494;190823.66474;265668.668141;203507.331501;9718.984246000007;74845.00340099997;12683.666761;eev,integrated,separated,ws;lintim;SiouxFalls;SiouxFalls;True;False;1e-05;12000;1;2;20;1000;500;-5;50;0.75;2;50;50;10;10;16;2.7866;1474;1474
14050707;475;g_000;2;1;30;line_consecutive;0.5;1475;15;25;10-11,10-16;1,10;175585.37265099998;190425.65307700005;256598.891847;196642.164523;14840.28042600007;66173.23876999991;6216.51144599996;eev,integrated,separated,ws;lintim;SiouxFalls;SiouxFalls;True;False;1e-05;12000;1;2;20;1000;500;-5;50;0.75;2;50;50;10;10;16;2.7866;1475;1475
14050707;476;g_000;2;1;30;line_consecutive;0.5;1476;15;26;2-6,6-8;2;180289.58145;210465.42128799937;288905.0810025;239539.39445299964;30175.83983799937;78439.65971450065;29073.973165000265;eev,integrated,separated,ws;lintim;SiouxFalls;SiouxFalls;True;False;1e-05;12000;1;2;20;1000;500;-5;50;0.75;2;50;50;10;10;16;2.7866;1476;1476
14050707;477;g_000;2;1;30;line_consecutive;0.5;1477;15;27;10-11,11-12;1,7;181193.5391575458;202637.89871699503;263098.9880334999;219233.6015570472;21444.35955944922;60461.08931650489;16595.702840052167;eev,integrated,separated,ws;lintim;SiouxFalls;SiouxFalls;True;False;1e-05;12000;1;2;20;1000;500;-5;50;0.75;2;50;50;10;10;16;2.7866;1477;1477
14050707;478;g_000;2;1;30;line_consecutive;0.5;1478;15;28;15-22,21-22;13;146128.257878;151590.16300399892;170959.24448399997;170959.244484;5461.905125998921;19369.08148000104;19369.08148000107;eev,integrated,separated,ws;lintim;SiouxFalls;SiouxFalls;True;False;1e-05;12000;1;2;20;1000;500;-5;50;0.75;2;50;50;10;10;16;2.7866;1478;1478
14050707;479;g_000;2;1;30;line_consecutive;0.5;1479;15;29;3-4,4-11;4;176956.200219;193773.04014399965;282746.223076;224554.385872;16816.83992499966;88973.18293200035;30781.345728000364;eev,integrated,separated,ws;lintim;SiouxFalls;SiouxFalls;True;False;1e-05;12000;1;2;20;1000;500;-5;50;0.75;2;50;50;10;10;16;2.7866;1479;1479
14050707;480;g_000;1;1;30;line_consecutive;0.5;1480;16;0;17-19;2,13,14;224891.987906;255515.0988904973;291466.201745;258297.8215505;30623.110984497296;35951.10285450274;2782.722660002677;eev,integrated,separated,ws;lintim;SiouxFalls;SiouxFalls;True;False;1e-05;12000;1;2;20;1000;5000;-5;50;0.75;2;50;50;10;10;16;2.7866;1480;1480
14050707;481;g_000;1;1;30;line_consecutive;0.5;1481;16;1;7-18;3,11;137485.766168;138326.89849199998;156945.19784899993;156945.197849;841.1323239999765;18618.299356999956;18618.29935700001;eev,integrated,separated,ws;lintim;SiouxFalls;SiouxFalls;True;False;1e-05;12000;1;2;20;1000;5000;-5;50;0.75;2;50;50;10;10;16;2.7866;1481;1481
14050707;482;g_000;1;1;30;line_consecutive;0.5;1482;16;2;4-11;4;175036.14221000002;210707.62496000004;312406.961291;243441.51043099992;35671.482750000025;101699.33633099995;32733.88547099987;eev,integrated,separated,ws;lintim;SiouxFalls;SiouxFalls;True;False;1e-05;12000;1;2;20;1000;5000;-5;50;0.75;2;50;50;10;10;16;2.7866;1482;1482
14050707;483;g_000;1;1;30;line_consecutive;0.5;1483;16;3;19-20;2;180289.58145;212143.6253210306;290958.033852;240790.57620499964;31854.04387103059;78814.40853096943;28646.950883969053;eev,integrated,separated,ws;lintim;SiouxFalls;SiouxFalls;True;False;1e-05;12000;1;2;20;1000;5000;-5;50;0.75;2;50;50;10;10;16;2.7866;1483;1483
14050707;484;g_000;1;1;30;line_consecutive;0.5;1484;16;4;8-9;3,7;137750.58763999998;138856.54143599997;167594.63664499996;167594.63664499996;1105.953795999987;28738.095208999992;28738.095208999992;eev,integrated,separated,ws;lintim;SiouxFalls;SiouxFalls;True;False;1e-05;12000;1;2;20;1000;5000;-5;50;0.75;2;50;50;10;10;16;2.7866;1484;1484
14050707;485;g_000;1;1;30;line_consecutive;0.5;1485;16;5;22-23;5;144945.2893259999;153245.94480799843;179380.80622599996;179380.80622600002;8300.655481998518;26134.86141800153;26134.861418001587;eev,integrated,separated,ws;lintim;SiouxFalls;SiouxFalls;True;False;1e-05;12000;1;2;20;1000;5000;-5;50;0.75;2;50;50;10;10;16;2.7866;1485;1485
14050707;486;g_000;1;1;30;line_consecutive;0.5;1486;16;6;1-2;12;136644.633844;136644.6338439946;136644.63384399994;136644.633844;-5.384208634495735e-09;5.326000973582268e-09;5.384208634495735e-09;eev,integrated,separated,ws;lintim;SiouxFalls;SiouxFalls;True;False;1e-05;12000;1;2;20;1000;5000;-5;50;0.75;2;50;50;10;10;16;2.7866;1486;1486
14050707;487;g_000;1;1;30;line_consecutive;0.5;1487;16;7;10-17;14;136644.633844;136644.63384399997;136644.63384399994;136644.633844;-2.9103830456733704e-11;-2.9103830456733704e-11;2.9103830456733704e-11;eev,integrated,separated,ws;lintim;SiouxFalls;SiouxFalls;True;False;1e-05;12000;1;2;20;1000;5000;-5;50;0.75;2;50;50;10;10;16;2.7866;1487;1487
14050707;488;g_000;1;1;30;line_consecutive;0.5;1488;16;8;3-4;3,4;194147.4513751344;225390.501714;339135.37631;249377.9493599999;31243.050338865607;113744.874596;23987.4476459999;eev,integrated,separated,ws;lintim;SiouxFalls;SiouxFalls;True;False;1e-05;12000;1;2;20;1000;5000;-5;50;0.75;2;50;50;10;10;16;2.7866;1488;1488
14050707;489;g_000;1;1;30;line_consecutive;0.5;1489;16;9;20-21;6;153449.32798596236;163327.23214099993;169726.81500799995;169726.81470511583;9877.90415503757;6399.582867000019;6399.582564115903;eev,integrated,separated,ws;lintim;SiouxFalls;SiouxFalls;True;False;1e-05;12000;1;2;20;1000;5000;-5;50;0.75;2;50;50;10;10;16;2.7866;1489;1489
14050707;490;g_000;1;1;30;line_consecutive;0.5;1490;16;10;16-18;1;148668.790858;160692.947872;251190.61611499992;197343.69145842752;12024.157013999997;90497.66824299992;36650.74358642753;eev,integrated,separated,ws;lintim;SiouxFalls;SiouxFalls;True;False;1e-05;12000;1;2;20;1000;5000;-5;50;0.75;2;50;50;10;10;16;2.7866;1490;1490
14050707;491;g_000;1;1;30;line_consecutive;0.5;1491;16;11;23-24;4;175036.14220999985;210707.6249600002;310070.0310339999;243441.51043099983;35671.482750000345;99362.40607399974;32733.88547099964;eev,integrated,separated,ws;lintim;SiouxFalls;SiouxFalls;True;False;1e-05;12000;1;2;20;1000;5000;-5;50;0.75;2;50;50;10;10;16;2.7866;1491;1491
14050707;492;g_000;1;1;30;line_consecutive;0.5;1492;16;12;10-15;5,9;158989.00547791313;178688.04842591012;235065.587654;201576.335055;19699.04294799699;56377.53922808988;22888.28662908988;eev,integrated,separated,ws;lintim;SiouxFalls;SiouxFalls;True;False;1e-05;12000;1;2;20;1000;5000;-5;50;0.75;2;50;50;10;10;16;2.7866;1492;1492
14050707;493;g_000;1;1;30;line_consecutive;0.5;1493;16;13;5-9;3,9;147196.0382;157747.44255598722;210856.082864;191459.3607898596;10551.404355987208;53108.64030801275;33711.91823387239;eev,integrated,separated,ws;lintim;SiouxFalls;SiouxFalls;True;False;1e-05;12000;1;2;20;1000;5000;-5;50;0.75;2;50;50;10;10;16;2.7866;1493;1493
14050707;494;g_000;1;1;30;line_consecutive;0.5;1494;16;14;11-14;4,8,10;209980.738342;245638.0890277977;312464.150383;271751.801595;35657.35068579769;66826.06135520228;26113.71256720234;eev,integrated,separated,ws;lintim;SiouxFalls;SiouxFalls;True;False;1e-05;12000;1;2;20;1000;5000;-5;50;0.75;2;50;50;10;10;16;2.7866;1494;1494
14050707;495;g_000;1;1;30;line_consecutive;0.5;1495;16;15;21-22;13;136644.633844;136644.63384394674;136644.63384399994;136644.633844;-5.3260009735822684e-08;5.320180207490922e-08;5.3260009735822684e-08;eev,integrated,separated,ws;lintim;SiouxFalls;SiouxFalls;True;False;1e-05;12000;1;2;20;1000;5000;-5;50;0.75;2;50;50;10;10;16;2.7866;1495;1495
14050707;496;g_000;1;1;30;line_consecutive;0.5;1496;16;16;8-16;2,10,13;188761.8146400635;219490.085627;291466.201745;242001.07640999963;30728.27098693649;71976.11611800003;22510.99078299964;eev,integrated,separated,ws;lintim;SiouxFalls;SiouxFalls;True;False;1e-05;12000;1;2;20;1000;5000;-5;50;0.75;2;50;50;10;10;16;2.7866;1496;1496
14050707;497;g_000;1;1;30;line_consecutive;0.5;1497;16;17;14-15;14;136644.633844;136644.63384399994;136644.63384399994;136644.633844;-5.820766091346741e-11;0.0;5.820766091346741e-11;eev,integrated,separated,ws;lintim;SiouxFalls;SiouxFalls;True;False;1e-05;12000;1;2;20;1000;5000;-5;50;0.75;2;50;50;10;10;16;2.7866;1497;1497
14050707;498;g_000;1;1;30;line_consecutive;0.5;1498;16;18;2-6;2;180289.58145;212143.62532100003;290958.033852;240790.57620499964;31854.04387100003;78814.408531;28646.95088399961;eev,integrated,separated,ws;lintim;SiouxFalls;SiouxFalls;True;False;1e-05;12000;1;2;20;1000;5000;-5;50;0.75;2;50;50;10;10;16;2.7866;1498;1498
14050707;499;g_000;1;1;30;line_consecutive;0.5;1499;16;19;15-19;9,13,14;146055.705812;155466.77777999995;188960.780316;188960.780316;9411.071967999946;33494.00253600004;33494.00253600004;eev,integrated,separated,ws;lintim;SiouxFalls;SiouxFalls;True;False;1e-05;12000;1;2;20;1000;5000;-5;50;0.75;2;50;50;10;10;16;2.7866;1499;1499
14050707;500;g_000;1;1;30;line_consecutive;0.5;1500;16;20;10-16;1,10;165063.54525;183546.022285;251190.61611499992;201251.263254;18482.477035000014;67644.59382999991;17705.240968999977;eev,integrated,separated,ws;lintim;SiouxFalls;SiouxFalls;True;False;1e-05;12000;1;2;20;1000;5000;-5;50;0.75;2;50;50;10;10;16;2.7866;1500;1500
14050707;501;g_000;1;1;30;line_consecutive;0.5;1501;16;21;3-12;8,12;136644.633844;136644.633844;136644.63384399994;136644.633844;0.0;-5.820766091346741e-11;0.0;eev,integrated,separated,ws;lintim;SiouxFalls;SiouxFalls;True;False;1e-05;12000;1;2;20;1000;5000;-5;50;0.75;2;50;50;10;10;16;2.7866;1501;1501
14050707;502;g_000;1;1;30;line_consecutive;0.5;1502;16;22;13-24;6;153449.32798600002;163327.23214099885;169726.81500799995;169726.8147051158;9877.904154998832;6399.582867001096;6399.58256411695;eev,integrated,separated,ws;lintim;SiouxFalls;SiouxFalls;True;False;1e-05;12000;1;2;20;1000;5000;-5;50;0.75;2;50;50;10;10;16;2.7866;1502;1502
14050707;503;g_000;1;1;30;line_consecutive;0.5;1503;16;23;10-11;1,7,10;193112.98170099995;213599.02927500004;269608.574783;219808.464992;20486.047574000084;56009.54550799995;6209.435716999957;eev,integrated,separated,ws;lintim;SiouxFalls;SiouxFalls;True;False;1e-05;12000;1;2;20;1000;5000;-5;50;0.75;2;50;50;10;10;16;2.7866;1503;1503
14050707;504;g_000;1;1;30;line_consecutive;0.5;1504;16;24;12-13;12;136644.633844;136644.63384398705;136644.63384399994;136644.633844;-1.2951204553246498e-08;1.289299689233303e-08;1.2951204553246498e-08;eev,integrated,separated,ws;lintim;SiouxFalls;SiouxFalls;True;False;1e-05;12000;1;2;20;1000;5000;-5;50;0.75;2;50;50;10;10;16;2.7866;1504;1504
14050707;505;g_000;1;1;30;line_consecutive;0.5;1505;16;25;4-5;3;137485.766168;138326.8983921312;156945.19784899993;156945.197849;841.1322241312009;18618.299456868728;18618.299456868783;eev,integrated,separated,ws;lintim;SiouxFalls;SiouxFalls;True;False;1e-05;12000;1;2;20;1000;5000;-5;50;0.75;2;50;50;10;10;16;2.7866;1505;1505
14050707;506;g_000;1;1;30;line_consecutive;0.5;1506;16;26;15-22;5,13;146128.257878;155220.57237898326;179380.80622599996;179380.80622600002;9092.314500983251;24160.2338470167;24160.23384701676;eev,integrated,separated,ws;lintim;SiouxFalls;SiouxFalls;True;False;1e-05;12000;1;2;20;1000;5000;-5;50;0.75;2;50;50;10;10;16;2.7866;1506;1506
14050707;507;g_000;1;1;30;line_consecutive;0.5;1507;16;27;7-8;3,7,11;137750.58763999993;138856.54143599997;167594.63664499996;167594.636645;1105.9537960000453;28738.095208999992;28738.09520900002;eev,integrated,separated,ws;lintim;SiouxFalls;SiouxFalls;True;False;1e-05;12000;1;2;20;1000;5000;-5;50;0.75;2;50;50;10;10;16;2.7866;1507;1507
14050707;508;g_000;1;1;30;line_consecutive;0.5;1508;16;28;18-20;11;136644.633844;136644.63384393946;136644.63384399994;136644.633844;-6.05359673500061e-08;6.047775968909265e-08;6.05359673500061e-08;eev,integrated,separated,ws;lintim;SiouxFalls;SiouxFalls;True;False;1e-05;12000;1;2;20;1000;5000;-5;50;0.75;2;50;50;10;10;16;2.7866;1508;1508
14050707;509;g_000;1;1;30;line_consecutive;0.5;1509;16;29;5-6;9;146055.705812;155466.77778;188960.780316;188960.780316;9411.071968000004;33494.00253599996;33494.002535999985;eev,integrated,separated,ws;lintim;SiouxFalls;SiouxFalls;True;False;1e-05;12000;1;2;20;1000;5000;-5;50;0.75;2;50;50;10;10;16;2.7866;1509;1509
14050707;510;g_000;2;1;30;line_consecutive;0.5;1510;17;0;10-11,11-14;10;305464.8962813765;343765.793284;444646.583533;354233.53060099995;38300.89700262353;100880.790249;10467.737316999934;eev,integrated,separated,ws;lintim;SiouxFalls;SiouxFalls;True;False;1e-05;12000;1;2;20;1000;5000;-5;50;0.75;2;50;50;10;10;16;2.7866;1510;1510
14050707;511;g_000;2;1;30;line_consecutive;0.5;1511;17;1;10-15,15-22;5;159327.12428599998;178688.048426;235065.587654;201576.335055;19360.924140000017;56377.53922800001;22888.28662900001;eev,integrated,separated,ws;lintim;SiouxFalls;SiouxFalls;True;False;1e-05;12000;1;2;20;1000;5000;-5;50;0.75;2;50;50;10;10;16;2.7866;1511;1511
14050707;512;g_000;2;1;30;line_consecutive;0.5;1512;17;2;7-8,8-9;3,7;137750.58763999998;138856.541436;167594.63664499996;167594.63664500002;1105.9537960000162;28738.095208999963;28738.09520900002;eev,integrated,separated,ws;lintim;SiouxFalls;SiouxFalls;True;False;1e-05;12000;1;2;20;1000;5000;-5;50;0.75;2;50;50;10;10;16;2.7866;1512;1512
14050707;513;g_000;2;1;30;line_consecutive;0.5;1513;17;3;15-19,15-22;13;169059.05874200002;189502.08307397552;235065.587654;235065.587654;20443.02433197549;45563.50458002448;45563.50458002448;eev,integrated,separated,ws;lintim;SiouxFalls;SiouxFalls;True;False;1e-05;12000;1;2;20;1000;5000;-5;50;0.75;2;50;50;10;10;16;2.7866;1513;1513
14050707;514;g_000;2;1;30;line_consecutive;0.5;1514;17;4;5-9,9-10;9;148936.91119999997;161229.188556;221717.75624599995;204454.51914;12292.277356000037;60488.56768999994;43225.33058399998;eev,integrated,separated,ws;lintim;SiouxFalls;SiouxFalls;True;False;1e-05;12000;1;2;20;1000;5000;-5;50;0.75;2;50;50;10;10;16;2.7866;1514;1514
14050707;515;g_000;2;1;30;line_consecutive;0.5;1515;17;5;9-10,10-15;9;159902.778628;179975.41772487137;245501.882873;212096.657899;20072.639096871368;65526.4651481286;32121.240174128645;eev,integrated,separated,ws;lintim;SiouxFalls;SiouxFalls;True;False;1e-05;12000;1;2;20;1000;5000;-5;50;0.75;2;50;50;10;10;16;2.7866;1515;1515
14050707;516;g_000;2;1;30;line_consecutive;0.5;1516;17;6;10-11,10-16;1,10;193112.981701;213599.02927498583;269608.574783;219808.464992;20486.047573985823;56009.54550801416;6209.435717014159;eev,integrated,separated,ws;lintim;SiouxFalls;SiouxFalls;True;False;1e-05;12000;1;2;20;1000;5000;-5;50;0.75;2;50;50;10;10;16;2.7866;1516;1516
14050707;517;g_000;2;1;30;line_consecutive;0.5;1517;17;7;18-20,20-22;11;136644.633844;136644.76169999997;136644.63384399994;136644.633844;0.1278559999773278;-0.1278560000355355;-0.1278559999773278;eev,integrated,separated,ws;lintim;SiouxFalls;SiouxFalls;True;False;1e-05;12000;1;2;20;1000;5000;-5;50;0.75;2;50;50;10;10;16;2.7866;1517;1517
14050707;518;g_000;2;1;30;line_consecutive;0.5;1518;17;8;4-11,11-14;4;209980.73834200003;245638.089029;312464.150383;271751.801595;35657.35068699997;66826.06135399998;26113.71256600003;eev,integrated,separated,ws;lintim;SiouxFalls;SiouxFalls;True;False;1e-05;12000;1;2;20;1000;5000;-5;50;0.75;2;50;50;10;10;16;2.7866;1518;1518
14050707;519;g_000;2;1;30;line_consecutive;0.5;1519;17;9;10-15,15-19;9;169059.05874188727;189502.083074;235065.587654;201576.335055;20443.02433211272;45563.50458000001;12074.251981000009;eev,integrated,separated,ws;lintim;SiouxFalls;SiouxFalls;True;False;1e-05;12000;1;2;20;1000;5000;-5;50;0.75;2;50;50;10;10;16;2.7866;1519;1519
14050707;520;g_000;2;1;30;line_consecutive;0.5;1520;17;10;17-19,19-20;2;224891.987906;255515.0988905;291466.201745;258297.8215505;30623.110984500003;35951.10285450003;2782.7226599999703;eev,integrated,separated,ws;lintim;SiouxFalls;SiouxFalls;True;False;1e-05;12000;1;2;20;1000;5000;-5;50;0.75;2;50;50;10;10;16;2.7866;1520;1520
14050707;521;g_000;2;1;30;line_consecutive;0.5;1521;17;11;15-22,21-22;13;146128.25787799995;155220.57237899408;179380.80622599996;179380.80622600002;9092.314500994136;24160.233847005875;24160.233847005933;eev,integrated,separated,ws;lintim;SiouxFalls;SiouxFalls;True;False;1e-05;12000;1;2;20;1000;5000;-5;50;0.75;2;50;50;10;10;16;2.7866;1521;1521
14050707;522;g_000;2;1;30;line_consecutive;0.5;1522;17;12;1-3,3-12;8,12;234445.0790406526;258570.21663498625;313722.71405499993;269318.856551;24125.13759433365;55152.49742001368;10748.639916013724;eev,integrated,separated,ws;lintim;SiouxFalls;SiouxFalls;True;False;1e-05;12000;1;2;20;1000;5000;-5;50;0.75;2;50;50;10;10;16;2.7866;1522;1522
14050707;523;g_000;2;1;30;line_consecutive;0.5;1523;17;13;8-9,9-10;7;148936.91119999997;161229.188556;221717.75624599995;210932.1787559949;12292.277356000037;60488.56768999994;49702.99019999488;eev,integrated,separated,ws;lintim;SiouxFalls;SiouxFalls;True;False;1e-05;12000;1;2;20;1000;5000;-5;50;0.75;2;50;50;10;10;16;2.7866;1523;1523
14050707;524;g_000;2;1;30;line_consecutive;0.5;1524;17;14;2-6,6-8;2;180289.58145;212143.625321;290958.0336133086;240790.57620499964;31854.043871;78814.40829230862;28646.95088399964;eev,integrated,separated,ws;lintim;SiouxFalls;SiouxFalls;True;False;1e-05;12000;1;2;20;1000;5000;-5;50;0.75;2;50;50;10;10;16;2.7866;1524;1524
14050707;525;g_000;2;1;30;line_consecutive;0.5;1525;17;15;13-24,21-24;6;153449.32798600002;163327.23214094073;169726.81500799995;169726.81470511583;9877.904154940712;6399.582867059216;6399.5825641751;eev,integrated,separated,ws;lintim;SiouxFalls;SiouxFalls;True;False;1e-05;12000;1;2;20;1000;5000;-5;50;0.75;2;50;50;10;10;16;2.7866;1525;1525
14050707;526;g_000;2;1;30;line_consecutive;0.5;1526;17;16;14-23,23-24;4;194046.408192;234080.74865499925;312406.96129099966;271751.801595;40034.34046299925;78326.21263600042;37671.05294000078;eev,integrated,separated,ws;lintim;SiouxFalls;SiouxFalls;True;False;1e-05;12000;1;2;20;1000;5000;-5;50;0.75;2;50;50;10;10;16;2.7866;1526;1526
14050707;527;g_000;2;1;30;line_consecutive;0.5;1527;17;17;7-8,7-18;3,11;137750.58763999998;138856.54143599994;167594.63664499996;167594.636645;1105.953795999958;28738.09520900002;28738.09520900005;eev,integrated,separated,ws;lintim;SiouxFalls;SiouxFalls;True;False;1e-05;12000;1;2;20;1000;5000;-5;50;0.75;2;50;50;10;10;16;2.7866;1527;1527
14050707;528;g_000;2;1;30;line_consecutive;0.5;1528;17;18;6-8,8-16;2;188761.81464;219490.085627;291466.201745;242001.07640999963;30728.270987;71976.11611800003;22510.99078299964;eev,integrated,separated,ws;lintim;SiouxFalls;SiouxFalls;True;False;1e-05;12000;1;2;20;1000;5000;-5;50;0.75;2;50;50;10;10;16;2.7866;1528;1528
14050707;529;g_000;2;1;30;line_consecutive;0.5;1529;17;19;15-19,17-19;13,14;256879.667494;296841.96304649994;358339.751461;327457.1186845;39962.29555249994;61497.78841450007;30615.15563800005;eev,integrated,separated,ws;lintim;SiouxFalls;SiouxFalls;True;False;1e-05;12000;1;2;20;1000;5000;-5;50;0.75;2;50;50;10;10;16;2.7866;1529;1529
14050707;530;g_000;2;1;30;line_consecutive;0.5;1530;17;20;20-21,21-24;6;153449.32798599984;163327.23214099073;169726.81500799995;169726.8147051158;9877.904154990889;6399.582867009216;6399.58256412507;eev,integrated,separated,ws;lintim;SiouxFalls;SiouxFalls;True;False;1e-05;12000;1;2;20;1000;5000;-5;50;0.75;2;50;50;10;10;16;2.7866;1530;1530
14050707;531;g_000;2;1;30;line_consecutive;0.5;1531;17;21;9-10,10-11;7;214383.93402600137;246586.518869;335560.0282974952;279052.2273308204;32202.584842998596;88973.50942849525;32465.70846182044;eev,integrated,separated,ws;lintim;SiouxFalls;SiouxFalls;True;False;1e-05;12000;1;2;20;1000;5000;-5;50;0.75;2;50;50;10;10;16;2.7866;1531;1531
14050707;532;g_000;2;1;30;line_consecutive;0.5;1532;17;22;8-16,16-17;2,13;188761.81464;219490.085627;291466.201745;242001.07640999963;30728.270987;71976.11611800003;22510.99078299964;eev,integrated,separated,ws;lintim;SiouxFalls;SiouxFalls;True;False;1e-05;12000;1;2;20;1000;5000;-5;50;0.75;2;50;50;10;10;16;2.7866;1532;1532
14050707;533;g_000;2;1;30;line_consecutive;0.5;1533;17;23;10-11,11-12;1,7;195838.460317;215825.65277200003;269608.574783;234871.5998609037;19987.19245500004;53782.92201099996;19045.94708890366;eev,integrated,separated,ws;lintim;SiouxFalls;SiouxFalls;True;False;1e-05;12000;1;2;20;1000;5000;-5;50;0.75;2;50;50;10;10;16;2.7866;1533;1533
14050707;534;g_000;2;1;30;line_consecutive;0.5;1534;17;24;15-22,22-23;5;146128.25787799995;155220.5723789885;179380.80622599996;179380.80622600002;9092.314500988548;24160.233847011463;24160.23384701152;eev,integrated,separated,ws;lintim;SiouxFalls;SiouxFalls;True;False;1e-05;12000;1;2;20;1000;5000;-5;50;0.75;2;50;50;10;10;16;2.7866;1534;1534
14050707;535;g_000;2;1;30;line_consecutive;0.5;1535;17;25;4-5,5-9;3;147196.0382;157747.44255599895;210856.082864;191459.3607898596;10551.404355998937;53108.64030800102;33711.91823386066;eev,integrated,separated,ws;lintim;SiouxFalls;SiouxFalls;True;False;1e-05;12000;1;2;20;1000;5000;-5;50;0.75;2;50;50;10;10;16;2.7866;1535;1535
14050707;536;g_000;2;1;30;line_consecutive;0.5;1536;17;26;11-14,14-23;4,10;209980.73834200003;245638.089029;312464.150383;271751.801595;35657.35068699997;66826.06135399998;26113.71256600003;eev,integrated,separated,ws;lintim;SiouxFalls;SiouxFalls;True;False;1e-05;12000;1;2;20;1000;5000;-5;50;0.75;2;50;50;10;10;16;2.7866;1536;1536
14050707;537;g_000;2;1;30;line_consecutive;0.5;1537;17;27;5-9,8-9;3;148936.91119999997;161229.188556;221717.75624599995;202321.0341749997;12292.277356000037;60488.56768999994;41091.84561899968;eev,integrated,separated,ws;lintim;SiouxFalls;SiouxFalls;True;False;1e-05;12000;1;2;20;1000;5000;-5;50;0.75;2;50;50;10;10;16;2.7866;1537;1537
14050707;538;g_000;2;1;30;line_consecutive;0.5;1538;17;28;3-12,12-13;12;136644.633844;136644.63384399863;136644.63384399994;136644.633844;-1.367880031466484e-09;1.3096723705530167e-09;1.367880031466484e-09;eev,integrated,separated,ws;lintim;SiouxFalls;SiouxFalls;True;False;1e-05;12000;1;2;20;1000;5000;-5;50;0.75;2;50;50;10;10;16;2.7866;1538;1538
14050707;539;g_000;2;1;30;line_consecutive;0.5;1539;17;29;3-12,11-12;8;214978.4926;235603.6938057473;269608.5747829192;254148.709548;20625.20120574729;34004.88097717191;18545.015742252726;eev,integrated,separated,ws;lintim;SiouxFalls;SiouxFalls;True;False;1e-05;12000;1;2;20;1000;5000;-5;50;0.75;2;50;50;10;10;16;2.7866;1539;1539
