array_job_id;task_id;run_group_id;case_k;case_per_run;case_variants;case_selection;case_p_fail;case_id;case_sweep_row;case_variant_idx;case_edges;case_lines;WS;RP;EEV_nom;EEV_mean;EVPI;VSS_nom;VSS_mean;procedures_present;source;network;scenario_line_data;routing_agg;waiting_time_frequency;gap;time_limit;travel_time_cost_mult;waiting_time_cost_mult;line_operation_cost_mult;cost_repl_freq;cost_repl_line;repl_budget;bypass_multiplier;overdemand_threshold;overdemand_multiplier;num_od;train_capacity;infrastructure_capacity;max_frequency;threads;scenario_infra_id;scenario_prob_id
12306543;0;g_000;1;1;38;line_consecutive;0.5;1000;0;0;11-12;1,7,8;53959.350000000006;53989.82500000001;53989.82499999717;53989.82499999718;30.47500000000582;-2.8448994271457195e-09;-2.8303475119173527e-09;eev,integrated,separated,ws;lintim;SiouxFalls;SiouxFalls;True;False;1e-05;6000;1;2;20;10;50;-5;50;0.75;2;55;50;10;10;16;1000;1000
12306543;1;g_000;1;1;38;line_consecutive;0.5;1001;0;1;10-11;1,7,10;54240.77500000008;54390.06000000428;54390.06000001033;54390.05999704275;149.28500000420172;6.046320777386427e-09;-2.96153302770108e-06;eev,integrated,separated,ws;lintim;SiouxFalls;SiouxFalls;True;False;1e-05;6000;1;2;20;10;50;-5;50;0.75;2;55;50;10;10;16;1001;1001
12306543;2;g_000;1;1;38;line_consecutive;0.5;1002;0;2;10-16;1,10;52512.33499999999;52664.384999999966;52752.38500001033;52752.38500001033;152.0499999999738;88.00000001036096;88.00000001036096;eev,integrated,separated,ws;lintim;SiouxFalls;SiouxFalls;True;False;1e-05;6000;1;2;20;10;50;-5;50;0.75;2;55;50;10;10;16;1002;1002
12306543;3;g_000;1;1;38;line_consecutive;0.5;1003;0;3;16-18;1;52157.78;52252.43000000001;52340.43000001031;52340.43000001031;94.65000000000872;88.00000001030276;88.00000001030276;eev,integrated,separated,ws;lintim;SiouxFalls;SiouxFalls;True;False;1e-05;6000;1;2;20;10;50;-5;50;0.75;2;55;50;10;10;16;1003;1003
12306543;4;g_000;1;1;38;line_consecutive;0.5;1004;0;4;2-6;2;55730.5;55810.36000000146;55810.36000001033;55810.36000001033;79.86000000146305;8.869392331689596e-09;8.869392331689596e-09;eev,integrated,separated,ws;lintim;SiouxFalls;SiouxFalls;True;False;1e-05;6000;1;2;20;10;50;-5;50;0.75;2;55;50;10;10;16;1004;1004
12306543;5;g_000;1;1;38;line_consecutive;0.5;1005;0;5;6-8;2;54405.22;54443.64000000001;54443.64000001052;54443.64000001053;38.42000000000553;1.051375875249505e-08;1.0521034710109234e-08;eev,integrated,separated,ws;lintim;SiouxFalls;SiouxFalls;True;False;1e-05;6000;1;2;20;10;50;-5;50;0.75;2;55;50;10;10;16;1005;1005
12306543;6;g_000;1;1;38;line_consecutive;0.5;1006;0;6;8-16;2,10,13;54076.05;54076.05000001687;54076.05000001007;54561.64499999999;1.686566974967718e-08;-6.795744411647321e-09;485.59499998312094;eev,integrated,separated,ws;lintim;SiouxFalls;SiouxFalls;True;False;1e-05;6000;1;2;20;10;50;-5;50;0.75;2;55;50;10;10;16;1006;1006
12306543;7;g_000;1;1;38;line_consecutive;0.5;1007;0;7;16-17;2,13;53618.295;53656.71500000001;53656.715000010445;53944.69;38.420000000012806;1.0433723218739033e-08;287.97499999999127;eev,integrated,separated,ws;lintim;SiouxFalls;SiouxFalls;True;False;1e-05;6000;1;2;20;10;50;-5;50;0.75;2;55;50;10;10;16;1007;1007
12306543;8;g_000;1;1;38;line_consecutive;0.5;1008;0;8;17-19;2,13,14;57462.93;57549.34999999999;57637.35000001032;58259.87499998215;86.41999999999098;88.00000001033186;710.5249999821608;eev,integrated,separated,ws;lintim;SiouxFalls;SiouxFalls;True;False;1e-05;6000;1;2;20;10;50;-5;50;0.75;2;55;50;10;10;16;1008;1008
12306543;9;g_000;1;1;38;line_consecutive;0.5;1009;0;9;19-20;2;53649.965;53688.38500000001;53688.38500001033;53688.385000010334;38.420000000012806;1.0317307896912098e-08;1.032458385452628e-08;eev,integrated,separated,ws;lintim;SiouxFalls;SiouxFalls;True;False;1e-05;6000;1;2;20;10;50;-5;50;0.75;2;55;50;10;10;16;1009;1009
12306543;10;g_000;1;1;38;line_consecutive;0.5;1010;0;10;3-4;3,4;53100.345;53100.34500000001;53100.34500001033;53100.34500001033;7.275957614183426e-12;1.032458385452628e-08;1.032458385452628e-08;eev,integrated,separated,ws;lintim;SiouxFalls;SiouxFalls;True;False;1e-05;6000;1;2;20;10;50;-5;50;0.75;2;55;50;10;10;16;1010;1010
12306543;11;g_000;1;1;38;line_consecutive;0.5;1011;0;11;4-5;3;51140.23999999862;51140.24000000001;51140.24000000968;51140.24000000968;1.3897079043090343e-09;9.669747669249771e-09;9.669747669249771e-09;eev,integrated,separated,ws;lintim;SiouxFalls;SiouxFalls;True;False;1e-05;6000;1;2;20;10;50;-5;50;0.75;2;55;50;10;10;16;1011;1011
12306543;12;g_000;1;1;38;line_consecutive;0.5;1012;0;12;5-9;3,9;51271.23999999999;51402.24;51460.240000003934;51460.240000003934;131.00000000000728;58.00000000393629;58.00000000393629;eev,integrated,separated,ws;lintim;SiouxFalls;SiouxFalls;True;False;1e-05;6000;1;2;20;10;50;-5;50;0.75;2;55;50;10;10;16;1012;1012
12306543;13;g_000;1;1;38;line_consecutive;0.5;1013;0;13;8-9;3,7;51140.24;51140.24000000001;51140.24000001032;51140.24000001032;1.4551915228366852e-11;1.0310031939297916e-08;1.0310031939297916e-08;eev,integrated,separated,ws;lintim;SiouxFalls;SiouxFalls;True;False;1e-05;6000;1;2;20;10;50;-5;50;0.75;2;55;50;10;10;16;1013;1013
12306543;14;g_000;1;1;38;line_consecutive;0.5;1014;0;14;7-8;3,7,11;51140.240000000966;51140.240000000005;51140.24000001032;51140.24000001034;-9.60426405072212e-10;1.0317307896912098e-08;1.0331859812140465e-08;eev,integrated,separated,ws;lintim;SiouxFalls;SiouxFalls;True;False;1e-05;6000;1;2;20;10;50;-5;50;0.75;2;55;50;10;10;16;1014;1014
12306543;15;g_000;1;1;38;line_consecutive;0.5;1015;0;15;7-18;3,11;51140.240000000005;51140.24000000001;51140.24000001032;51140.24000001032;7.275957614183426e-12;1.0310031939297916e-08;1.0310031939297916e-08;eev,integrated,separated,ws;lintim;SiouxFalls;SiouxFalls;True;False;1e-05;6000;1;2;20;10;50;-5;50;0.75;2;55;50;10;10;16;1015;1015
12306543;16;g_000;1;1;38;line_consecutive;0.5;1016;0;16;1-3;4,8,12;54288.72499999999;54288.725;54288.72500001032;54288.72500001033;7.275957614183426e-12;1.032458385452628e-08;1.0331859812140465e-08;eev,integrated,separated,ws;lintim;SiouxFalls;SiouxFalls;True;False;1e-05;6000;1;2;20;10;50;-5;50;0.75;2;55;50;10;10;16;1016;1016
12306543;17;g_000;1;1;38;line_consecutive;0.5;1017;0;17;4-11;4;52532.075;52562.54500000004;52562.54500001033;52562.54500001033;30.47000000004482;1.0288204066455364e-08;1.0288204066455364e-08;eev,integrated,separated,ws;lintim;SiouxFalls;SiouxFalls;True;False;1e-05;6000;1;2;20;10;50;-5;50;0.75;2;55;50;10;10;16;1017;1017
12306543;18;g_000;1;1;38;line_consecutive;0.5;1018;0;18;11-14;4,8,10;53080.99999999999;53154.29;53154.290000010325;53154.29000001033;73.29000000000815;1.032458385452628e-08;1.0331859812140465e-08;eev,integrated,separated,ws;lintim;SiouxFalls;SiouxFalls;True;False;1e-05;6000;1;2;20;10;50;-5;50;0.75;2;55;50;10;10;16;1018;1018
12306543;19;g_000;1;1;38;line_consecutive;0.5;1019;0;19;14-23;4,10;52953.05;53026.24500000001;53026.24500001033;53026.24500001034;73.19500000000698;1.0317307896912098e-08;1.0331859812140465e-08;eev,integrated,separated,ws;lintim;SiouxFalls;SiouxFalls;True;False;1e-05;6000;1;2;20;10;50;-5;50;0.75;2;55;50;10;10;16;1019;1019
12306543;20;g_000;1;1;38;line_consecutive;0.5;1020;0;20;23-24;4;52786.295;52786.295000000006;52786.29500001034;52786.295000010345;7.275957614183426e-12;1.0331859812140465e-08;1.0339135769754648e-08;eev,integrated,separated,ws;lintim;SiouxFalls;SiouxFalls;True;False;1e-05;6000;1;2;20;10;50;-5;50;0.75;2;55;50;10;10;16;1020;1020
12306543;21;g_000;1;1;38;line_consecutive;0.5;1021;0;21;10-15;5,9;51822.29999999956;51953.30000000001;52031.055000010514;52031.055000010514;131.0000000004511;77.75500001050386;77.75500001050386;eev,integrated,separated,ws;lintim;SiouxFalls;SiouxFalls;True;False;1e-05;6000;1;2;20;10;50;-5;50;0.75;2;55;50;10;10;16;1021;1021
12306543;22;g_000;1;1;38;line_consecutive;0.5;1022;0;22;15-22;5,13;52251.325;52251.325;52251.32500001033;52251.32500001034;0.0;1.0331859812140465e-08;1.0346411727368832e-08;eev,integrated,separated,ws;lintim;SiouxFalls;SiouxFalls;True;False;1e-05;6000;1;2;20;10;50;-5;50;0.75;2;55;50;10;10;16;1022;1022
12306543;23;g_000;1;1;38;line_consecutive;0.5;1023;0;23;22-23;5;51556.475;51556.47500000001;51556.47500001032;51556.47500001032;1.4551915228366852e-11;1.0310031939297916e-08;1.0310031939297916e-08;eev,integrated,separated,ws;lintim;SiouxFalls;SiouxFalls;True;False;1e-05;6000;1;2;20;10;50;-5;50;0.75;2;55;50;10;10;16;1023;1023
12306543;24;g_000;1;1;38;line_consecutive;0.5;1024;0;24;13-24;6;52793.935;52834.46;52834.46000001033;52834.46000001034;40.525000000001455;1.0331859812140465e-08;1.0339135769754648e-08;eev,integrated,separated,ws;lintim;SiouxFalls;SiouxFalls;True;False;1e-05;6000;1;2;20;10;50;-5;50;0.75;2;55;50;10;10;16;1024;1024
12306543;25;g_000;1;1;38;line_consecutive;0.5;1025;0;25;21-24;6;51788.19000000002;51806.865000000056;51806.86500001032;51806.86500001033;18.67500000003929;1.0266376193612814e-08;1.0273652151226996e-08;eev,integrated,separated,ws;lintim;SiouxFalls;SiouxFalls;True;False;1e-05;6000;1;2;20;10;50;-5;50;0.75;2;55;50;10;10;16;1025;1025
12306543;26;g_000;1;1;38;line_consecutive;0.5;1026;0;26;20-21;6;51802.95000000383;51808.82500000001;51808.82500001033;51808.82500001033;5.874999996180122;1.0317307896912098e-08;1.0317307896912098e-08;eev,integrated,separated,ws;lintim;SiouxFalls;SiouxFalls;True;False;1e-05;6000;1;2;20;10;50;-5;50;0.75;2;55;50;10;10;16;1026;1026
12306543;27;g_000;1;1;38;line_consecutive;0.5;1027;0;27;9-10;7,9;51736.895;51736.895;51736.895000010336;51736.895000010336;0.0;1.0339135769754648e-08;1.0339135769754648e-08;eev,integrated,separated,ws;lintim;SiouxFalls;SiouxFalls;True;False;1e-05;6000;1;2;20;10;50;-5;50;0.75;2;55;50;10;10;16;1027;1027
12306543;28;g_000;1;1;38;line_consecutive;0.5;1028;0;28;3-12;8,12;51140.24;51140.240000000005;51140.24000001032;51140.24000001032;7.275957614183426e-12;1.0317307896912098e-08;1.0317307896912098e-08;eev,integrated,separated,ws;lintim;SiouxFalls;SiouxFalls;True;False;1e-05;6000;1;2;20;10;50;-5;50;0.75;2;55;50;10;10;16;1028;1028
12306543;29;g_000;1;1;38;line_consecutive;0.5;1029;0;29;5-6;9;51271.23999999999;51402.24;51460.24000001032;51460.24000001033;131.00000000000728;58.00000001032458;58.00000001033186;eev,integrated,separated,ws;lintim;SiouxFalls;SiouxFalls;True;False;1e-05;6000;1;2;20;10;50;-5;50;0.75;2;55;50;10;10;16;1029;1029
12306543;30;g_000;1;1;38;line_consecutive;0.5;1030;0;30;15-19;9,13,14;51713.73;51745.75500000128;51745.75500001032;51745.75500001033;32.02500000127475;9.044015314429998e-09;9.051291272044182e-09;eev,integrated,separated,ws;lintim;SiouxFalls;SiouxFalls;True;False;1e-05;6000;1;2;20;10;50;-5;50;0.75;2;55;50;10;10;16;1030;1030
12306543;31;g_000;1;1;38;line_consecutive;0.5;1031;0;31;20-22;11;51140.24;51140.240000000405;51140.24000001033;51140.24000001034;4.074536263942719e-10;9.924406185746193e-09;9.931682143360376e-09;eev,integrated,separated,ws;lintim;SiouxFalls;SiouxFalls;True;False;1e-05;6000;1;2;20;10;50;-5;50;0.75;2;55;50;10;10;16;1031;1031
12306543;32;g_000;1;1;38;line_consecutive;0.5;1032;0;32;18-20;11;51140.240000000005;51140.23999999985;51140.24000001032;51140.24000001034;-1.5279510989785194e-10;1.0470103006809952e-08;1.0484654922038317e-08;eev,integrated,separated,ws;lintim;SiouxFalls;SiouxFalls;True;False;1e-05;6000;1;2;20;10;50;-5;50;0.75;2;55;50;10;10;16;1032;1032
12306543;33;g_000;1;1;38;line_consecutive;0.5;1033;0;33;12-13;12;51140.23999999999;51140.23998032377;51140.24000001035;51140.24000001035;-1.967621938092634e-05;1.9686580344568935e-05;1.9686580344568935e-05;eev,integrated,separated,ws;lintim;SiouxFalls;SiouxFalls;True;False;1e-05;6000;1;2;20;10;50;-5;50;0.75;2;55;50;10;10;16;1033;1033
12306543;34;g_000;1;1;38;line_consecutive;0.5;1034;0;34;1-2;12;51140.23999999999;51140.24;51140.24000001032;51140.24000001033;7.275957614183426e-12;1.032458385452628e-08;1.0331859812140465e-08;eev,integrated,separated,ws;lintim;SiouxFalls;SiouxFalls;True;False;1e-05;6000;1;2;20;10;50;-5;50;0.75;2;55;50;10;10;16;1034;1034
12306543;35;g_000;1;1;38;line_consecutive;0.5;1035;0;35;21-22;13;51366.225;51366.22499999977;51366.22500001032;51366.22500001032;-2.2555468603968618e-10;1.0550138540565968e-08;1.0550138540565968e-08;eev,integrated,separated,ws;lintim;SiouxFalls;SiouxFalls;True;False;1e-05;6000;1;2;20;10;50;-5;50;0.75;2;55;50;10;10;16;1035;1035
12306543;36;g_000;1;1;38;line_consecutive;0.5;1036;0;36;14-15;14;51299.17;51299.169999999605;51299.17000001033;51299.17000001033;-3.92901711165905e-10;1.0724761523306371e-08;1.0724761523306371e-08;eev,integrated,separated,ws;lintim;SiouxFalls;SiouxFalls;True;False;1e-05;6000;1;2;20;10;50;-5;50;0.75;2;55;50;10;10;16;1036;1036
12306543;37;g_000;1;1;38;line_consecutive;0.5;1037;0;37;10-17;14;51299.17;51299.169999996826;51299.17000001033;51299.17000001033;-3.1723175197839733e-09;1.3504177331924438e-08;1.3504177331924438e-08;eev,integrated,separated,ws;lintim;SiouxFalls;SiouxFalls;True;False;1e-05;6000;1;2;20;10;50;-5;50;0.75;2;55;50;10;10;16;1037;1037
12306543;38;g_000;1;1;38;line_consecutive;0.5;1038;1;0;11-12;1,7,8;54628.4;54678.664946141645;54678.665000010325;54678.66500001033;50.26494614164403;5.386867997003719e-05;5.3868687245994806e-05;eev,integrated,separated,ws;lintim;SiouxFalls;SiouxFalls;True;False;1e-05;6000;1;2;20;10;500;-5;50;0.75;2;55;50;10;10;16;1038;1038
12306543;39;g_000;1;1;38;line_consecutive;0.5;1039;1;1;10-11;1,7,10;54648.23000000016;54816.78500000082;54816.785000010335;54816.78499704275;168.55500000065513;9.51695255935192e-09;-2.9580696718767285e-06;eev,integrated,separated,ws;lintim;SiouxFalls;SiouxFalls;True;False;1e-05;6000;1;2;20;10;500;-5;50;0.75;2;55;50;10;10;16;1039;1039
12306543;40;g_000;1;1;38;line_consecutive;0.5;1040;1;2;10-16;1,10;53026.97499999999;53210.67;53298.67000001032;53298.67000001033;183.69500000000696;88.00000001032458;88.00000001033186;eev,integrated,separated,ws;lintim;SiouxFalls;SiouxFalls;True;False;1e-05;6000;1;2;20;10;500;-5;50;0.75;2;55;50;10;10;16;1040;1040
12306543;41;g_000;1;1;38;line_consecutive;0.5;1041;1;3;16-18;1;52363.84999999999;52577.09999999948;52665.100000014325;52665.10000001432;213.24999999949068;88.00000001484295;88.00000001483568;eev,integrated,separated,ws;lintim;SiouxFalls;SiouxFalls;True;False;1e-05;6000;1;2;20;10;500;-5;50;0.75;2;55;50;10;10;16;1041;1041
12306543;42;g_000;1;1;38;line_consecutive;0.5;1042;1;4;2-6;2;57085.74499998607;57188.80500000001;57188.805000010325;57188.80500001033;103.0600000139384;1.0317307896912098e-08;1.032458385452628e-08;eev,integrated,separated,ws;lintim;SiouxFalls;SiouxFalls;True;False;1e-05;6000;1;2;20;10;500;-5;50;0.75;2;55;50;10;10;16;1042;1042
12306543;43;g_000;1;1;38;line_consecutive;0.5;1043;1;5;6-8;2;57085.74499999998;57188.80499999999;57188.805000010325;57188.80500001033;103.06000000001222;1.0331859812140465e-08;1.0339135769754648e-08;eev,integrated,separated,ws;lintim;SiouxFalls;SiouxFalls;True;False;1e-05;6000;1;2;20;10;500;-5;50;0.75;2;55;50;10;10;16;1043;1043
12306543;44;g_000;1;1;38;line_consecutive;0.5;1044;1;6;8-16;2,10,13;58259.08499999999;58526.36999999999;58526.37000001033;58791.76999999999;267.2849999999962;1.0339135769754648e-08;265.40000000000146;eev,integrated,separated,ws;lintim;SiouxFalls;SiouxFalls;True;False;1e-05;6000;1;2;20;10;500;-5;50;0.75;2;55;50;10;10;16;1044;1044
12306543;45;g_000;1;1;38;line_consecutive;0.5;1045;1;7;16-17;2,13;57980.58500000001;58083.644999999415;58083.645000010336;58591.38000000007;103.05999999940832;1.0921212378889322e-08;507.7350000006554;eev,integrated,separated,ws;lintim;SiouxFalls;SiouxFalls;True;False;1e-05;6000;1;2;20;10;500;-5;50;0.75;2;55;50;10;10;16;1045;1045
12306543;46;g_000;1;1;38;line_consecutive;0.5;1046;1;8;17-19;2,13,14;63821.86499999999;64055.4449999998;64055.44500001034;64393.96999998108;233.57999999981257;1.05355866253376e-08;338.52499998127314;eev,integrated,separated,ws;lintim;SiouxFalls;SiouxFalls;True;False;1e-05;6000;1;2;20;10;500;-5;50;0.75;2;55;50;10;10;16;1046;1046
12306543;47;g_000;1;1;38;line_consecutive;0.5;1047;1;9;19-20;2;57085.745;57188.805;57188.80500001034;57188.80500001034;103.05999999999769;1.0339135769754648e-08;1.0339135769754648e-08;eev,integrated,separated,ws;lintim;SiouxFalls;SiouxFalls;True;False;1e-05;6000;1;2;20;10;500;-5;50;0.75;2;55;50;10;10;16;1047;1047
12306543;48;g_000;1;1;38;line_consecutive;0.5;1048;1;10;3-4;3,4;56258.82500000017;56384.78999999999;56384.790000010325;56384.79000001033;125.96499999982188;1.0331859812140465e-08;1.0339135769754648e-08;eev,integrated,separated,ws;lintim;SiouxFalls;SiouxFalls;True;False;1e-05;6000;1;2;20;10;500;-5;50;0.75;2;55;50;10;10;16;1048;1048
12306543;49;g_000;1;1;38;line_consecutive;0.5;1049;1;11;4-5;3;51140.23999999999;51140.239998885016;51140.23999999638;51140.23999999638;-1.1149750207550824e-06;1.1113661457784474e-06;1.1113661457784474e-06;eev,integrated,separated,ws;lintim;SiouxFalls;SiouxFalls;True;False;1e-05;6000;1;2;20;10;500;-5;50;0.75;2;55;50;10;10;16;1049;1049
12306543;50;g_000;1;1;38;line_consecutive;0.5;1050;1;12;5-9;3,9;51271.239999997335;51402.24;51547.74000001032;51547.74000001034;131.000000002663;145.50000001032458;145.50000001033914;eev,integrated,separated,ws;lintim;SiouxFalls;SiouxFalls;True;False;1e-05;6000;1;2;20;10;500;-5;50;0.75;2;55;50;10;10;16;1050;1050
12306543;51;g_000;1;1;38;line_consecutive;0.5;1051;1;13;8-9;3,7;51140.240000000005;51140.240000000005;51140.24000001032;51140.24000001032;0.0;1.0317307896912098e-08;1.0317307896912098e-08;eev,integrated,separated,ws;lintim;SiouxFalls;SiouxFalls;True;False;1e-05;6000;1;2;20;10;500;-5;50;0.75;2;55;50;10;10;16;1051;1051
12306543;52;g_000;1;1;38;line_consecutive;0.5;1052;1;14;7-8;3,7,11;51140.24;51140.24000000001;51140.240000029065;51140.24000002908;1.4551915228366852e-11;2.9052898753434423e-08;2.9067450668662783e-08;eev,integrated,separated,ws;lintim;SiouxFalls;SiouxFalls;True;False;1e-05;6000;1;2;20;10;500;-5;50;0.75;2;55;50;10;10;16;1052;1052
12306543;53;g_000;1;1;38;line_consecutive;0.5;1053;1;15;7-18;3,11;51140.24;51140.24;51140.24000001943;51140.24000001943;0.0;1.943408278748393e-08;1.943408278748393e-08;eev,integrated,separated,ws;lintim;SiouxFalls;SiouxFalls;True;False;1e-05;6000;1;2;20;10;500;-5;50;0.75;2;55;50;10;10;16;1053;1053
12306543;54;g_000;1;1;38;line_consecutive;0.5;1054;1;16;1-3;4,8,12;64501.34500001995;64556.22500000298;64557.22500001032;64557.22500001033;54.87999998302985;1.0000000073414412;1.0000000073487172;eev,integrated,separated,ws;lintim;SiouxFalls;SiouxFalls;True;False;1e-05;6000;1;2;20;10;500;-5;50;0.75;2;55;50;10;10;16;1054;1054
12306543;55;g_000;1;1;38;line_consecutive;0.5;1055;1;17;4-11;4;53779.74999999999;53949.64;53949.64000001033;53949.64000001033;169.8900000000067;1.0331859812140465e-08;1.0331859812140465e-08;eev,integrated,separated,ws;lintim;SiouxFalls;SiouxFalls;True;False;1e-05;6000;1;2;20;10;500;-5;50;0.75;2;55;50;10;10;16;1055;1055
12306543;56;g_000;1;1;38;line_consecutive;0.5;1056;1;18;11-14;4,8,10;56195.0249934016;56351.58494324845;56351.58500001032;56351.58500001033;156.5599498468437;5.676186992786825e-05;5.676188447978348e-05;eev,integrated,separated,ws;lintim;SiouxFalls;SiouxFalls;True;False;1e-05;6000;1;2;20;10;500;-5;50;0.75;2;55;50;10;10;16;1056;1056
12306543;57;g_000;1;1;38;line_consecutive;0.5;1057;1;19;14-23;4,10;55020.25;55151.25000000001;55151.25000001033;55151.25000001033;131.00000000000728;1.032458385452628e-08;1.032458385452628e-08;eev,integrated,separated,ws;lintim;SiouxFalls;SiouxFalls;True;False;1e-05;6000;1;2;20;10;500;-5;50;0.75;2;55;50;10;10;16;1057;1057
12306543;58;g_000;1;1;38;line_consecutive;0.5;1058;1;20;23-24;4;53779.75000000003;53949.64;53949.64000001033;53949.64000001033;169.8899999999703;1.0331859812140465e-08;1.0331859812140465e-08;eev,integrated,separated,ws;lintim;SiouxFalls;SiouxFalls;True;False;1e-05;6000;1;2;20;10;500;-5;50;0.75;2;55;50;10;10;16;1058;1058
12306543;59;g_000;1;1;38;line_consecutive;0.5;1059;1;21;10-15;5,9;51825.83499999999;51956.83499053556;52102.33500001032;52102.33500001033;130.9999905355653;145.50000947475928;145.50000947477383;eev,integrated,separated,ws;lintim;SiouxFalls;SiouxFalls;True;False;1e-05;6000;1;2;20;10;500;-5;50;0.75;2;55;50;10;10;16;1059;1059
12306543;60;g_000;1;1;38;line_consecutive;0.5;1060;1;22;15-22;5,13;53051.55500000001;53051.55497934468;53051.555000010325;53051.55500001034;-2.0655330445151776e-05;2.0665647753048688e-05;2.066566230496392e-05;eev,integrated,separated,ws;lintim;SiouxFalls;SiouxFalls;True;False;1e-05;6000;1;2;20;10;500;-5;50;0.75;2;55;50;10;10;16;1060;1060
12306543;61;g_000;1;1;38;line_consecutive;0.5;1061;1;23;22-23;5;51568.595;51568.595;51568.59500001033;51568.59500001033;0.0;1.0331859812140465e-08;1.0331859812140465e-08;eev,integrated,separated,ws;lintim;SiouxFalls;SiouxFalls;True;False;1e-05;6000;1;2;20;10;500;-5;50;0.75;2;55;50;10;10;16;1061;1061
12306543;62;g_000;1;1;38;line_consecutive;0.5;1062;1;24;13-24;6;52989.67000000653;53090.61000000072;53090.60999994163;53090.60999994163;100.93999999418884;-5.90880517847836e-08;-5.90880517847836e-08;eev,integrated,separated,ws;lintim;SiouxFalls;SiouxFalls;True;False;1e-05;6000;1;2;20;10;500;-5;50;0.75;2;55;50;10;10;16;1062;1062
12306543;63;g_000;1;1;38;line_consecutive;0.5;1063;1;25;21-24;6;52989.67;53090.61000000001;53090.61000000892;53090.61000000892;100.9400000000096;8.913048077374697e-09;8.913048077374697e-09;eev,integrated,separated,ws;lintim;SiouxFalls;SiouxFalls;True;False;1e-05;6000;1;2;20;10;500;-5;50;0.75;2;55;50;10;10;16;1063;1063
12306543;64;g_000;1;1;38;line_consecutive;0.5;1064;1;26;20-21;6;52989.67;53090.60967160128;53090.61000001033;53090.61000001033;100.93967160128524;0.0003284090489614;0.0003284090489614;eev,integrated,separated,ws;lintim;SiouxFalls;SiouxFalls;True;False;1e-05;6000;1;2;20;10;500;-5;50;0.75;2;55;50;10;10;16;1064;1064
12306543;65;g_000;1;1;38;line_consecutive;0.5;1065;1;27;9-10;7,9;51736.895;51736.89500000001;51736.89500001033;51736.895000010336;1.4551915228366852e-11;1.0317307896912098e-08;1.032458385452628e-08;eev,integrated,separated,ws;lintim;SiouxFalls;SiouxFalls;True;False;1e-05;6000;1;2;20;10;500;-5;50;0.75;2;55;50;10;10;16;1065;1065
12306543;66;g_000;1;1;38;line_consecutive;0.5;1066;1;28;3-12;8,12;51140.23999999993;51140.24000000087;51140.24000000954;51140.24000000954;9.38598532229662e-10;8.66566551849246e-09;8.66566551849246e-09;eev,integrated,separated,ws;lintim;SiouxFalls;SiouxFalls;True;False;1e-05;6000;1;2;20;10;500;-5;50;0.75;2;55;50;10;10;16;1066;1066
12306543;67;g_000;1;1;38;line_consecutive;0.5;1067;1;29;5-6;9;51271.240000000005;51402.23999999876;51547.74000001032;51547.74000001033;130.9999999987558;145.5000000115615;145.50000001156877;eev,integrated,separated,ws;lintim;SiouxFalls;SiouxFalls;True;False;1e-05;6000;1;2;20;10;500;-5;50;0.75;2;55;50;10;10;16;1067;1067
12306543;68;g_000;1;1;38;line_consecutive;0.5;1068;1;30;15-19;9,13,14;51717.97;51875.29500000001;51920.59500001052;51920.59500001052;157.32500000001164;45.30000001050939;45.30000001050939;eev,integrated,separated,ws;lintim;SiouxFalls;SiouxFalls;True;False;1e-05;6000;1;2;20;10;500;-5;50;0.75;2;55;50;10;10;16;1068;1068
12306543;69;g_000;1;1;38;line_consecutive;0.5;1069;1;31;20-22;11;51140.23999999999;51140.24000000001;51140.24000001033;51140.24000001034;2.182787284255028e-11;1.0317307896912098e-08;1.032458385452628e-08;eev,integrated,separated,ws;lintim;SiouxFalls;SiouxFalls;True;False;1e-05;6000;1;2;20;10;500;-5;50;0.75;2;55;50;10;10;16;1069;1069
12306543;70;g_000;1;1;38;line_consecutive;0.5;1070;1;32;18-20;11;51140.24;51140.240000000005;51140.23999999974;51140.23999999974;7.275957614183426e-12;-2.6193447411060333e-10;-2.6193447411060333e-10;eev,integrated,separated,ws;lintim;SiouxFalls;SiouxFalls;True;False;1e-05;6000;1;2;20;10;500;-5;50;0.75;2;55;50;10;10;16;1070;1070
12306543;71;g_000;1;1;38;line_consecutive;0.5;1071;1;33;12-13;12;51140.239999932586;51140.240000000005;51140.24000001033;51140.24000001034;6.741902325302362e-08;1.032458385452628e-08;1.0331859812140465e-08;eev,integrated,separated,ws;lintim;SiouxFalls;SiouxFalls;True;False;1e-05;6000;1;2;20;10;500;-5;50;0.75;2;55;50;10;10;16;1071;1071
12306543;72;g_000;1;1;38;line_consecutive;0.5;1072;1;34;1-2;12;51140.24;51140.24;51140.2400000097;51140.2400000097;0.0;9.698851499706508e-09;9.698851499706508e-09;eev,integrated,separated,ws;lintim;SiouxFalls;SiouxFalls;True;False;1e-05;6000;1;2;20;10;500;-5;50;0.75;2;55;50;10;10;16;1072;1072
12306543;73;g_000;1;1;38;line_consecutive;0.5;1073;1;35;21-22;13;51366.225;51366.225;51366.22500001032;51366.22500001032;0.0;1.032458385452628e-08;1.032458385452628e-08;eev,integrated,separated,ws;lintim;SiouxFalls;SiouxFalls;True;False;1e-05;6000;1;2;20;10;500;-5;50;0.75;2;55;50;10;10;16;1073;1073
12306543;74;g_000;1;1;38;line_consecutive;0.5;1074;1;36;14-15;14;51299.16999999999;51299.17000000001;51299.17000001017;51299.17000001017;2.182787284255028e-11;1.0157236829400064e-08;1.0157236829400064e-08;eev,integrated,separated,ws;lintim;SiouxFalls;SiouxFalls;True;False;1e-05;6000;1;2;20;10;500;-5;50;0.75;2;55;50;10;10;16;1074;1074
12306543;75;g_000;1;1;38;line_consecutive;0.5;1075;1;37;10-17;14;51299.17;51299.17000000001;51299.17000000792;51299.17000000792;1.4551915228366852e-11;7.908965926617384e-09;7.908965926617384e-09;eev,integrated,separated,ws;lintim;SiouxFalls;SiouxFalls;True;False;1e-05;6000;1;2;20;10;500;-5;50;0.75;2;55;50;10;10;16;1075;1075
12306543;76;g_000;1;1;38;line_consecutive;0.5;1076;2;0;11-12;1,7,8;54628.39999999976;54678.665;54678.66499999013;54678.66499999013;50.265000000239525;-9.873474482446909e-09;-9.873474482446909e-09;eev,integrated,separated,ws;lintim;SiouxFalls;SiouxFalls;True;False;1e-05;6000;1;2;20;10;5000;-5;50;0.75;2;55;50;10;10;16;1076;1076
12306543;77;g_000;1;1;38;line_consecutive;0.5;1077;2;1;10-11;1,7,10;54648.23;54816.78499999998;54816.785000010364;54816.78499704279;168.55499999997846;1.0382791515439749e-08;-2.9571892810054123e-06;eev,integrated,separated,ws;lintim;SiouxFalls;SiouxFalls;True;False;1e-05;6000;1;2;20;10;5000;-5;50;0.75;2;55;50;10;10;16;1077;1077
12306543;78;g_000;1;1;38;line_consecutive;0.5;1078;2;2;10-16;1,10;53026.974999999686;53210.670000000006;53298.67000001033;53298.67000001033;183.69500000031985;88.00000001032458;88.00000001032458;eev,integrated,separated,ws;lintim;SiouxFalls;SiouxFalls;True;False;1e-05;6000;1;2;20;10;5000;-5;50;0.75;2;55;50;10;10;16;1078;1078
12306543;79;g_000;1;1;38;line_consecutive;0.5;1079;2;3;16-18;1;52363.849999999526;52577.09999999992;52665.10000001032;52665.10000001032;213.2500000003929;88.00000001040462;88.00000001040462;eev,integrated,separated,ws;lintim;SiouxFalls;SiouxFalls;True;False;1e-05;6000;1;2;20;10;5000;-5;50;0.75;2;55;50;10;10;16;1079;1079
12306543;80;g_000;1;1;38;line_consecutive;0.5;1080;2;4;2-6;2;57085.74499999953;57188.80500000001;57188.80500001292;57188.80500001292;103.06000000047788;1.2914824765175581e-08;1.2914824765175581e-08;eev,integrated,separated,ws;lintim;SiouxFalls;SiouxFalls;True;False;1e-05;6000;1;2;20;10;5000;-5;50;0.75;2;55;50;10;10;16;1080;1080
12306543;81;g_000;1;1;38;line_consecutive;0.5;1081;2;5;6-8;2;57085.74499999998;57188.80500000001;57188.80500001034;57188.80500001034;103.06000000002678;1.0331859812140465e-08;1.0331859812140465e-08;eev,integrated,separated,ws;lintim;SiouxFalls;SiouxFalls;True;False;1e-05;6000;1;2;20;10;5000;-5;50;0.75;2;55;50;10;10;16;1081;1081
12306543;82;g_000;1;1;38;line_consecutive;0.5;1082;2;6;8-16;2,10,13;58259.08499473726;58526.370000000425;58526.370000081646;58791.76999999853;267.285005263162;8.122151484712958e-08;265.39999999810243;eev,integrated,separated,ws;lintim;SiouxFalls;SiouxFalls;True;False;1e-05;6000;1;2;20;10;5000;-5;50;0.75;2;55;50;10;10;16;1082;1082
12306543;83;g_000;1;1;38;line_consecutive;0.5;1083;2;7;16-17;2,13;57980.58500000002;58083.64500000048;58083.645000009245;58591.38;103.06000000045606;8.767528925091028e-09;507.7349999995204;eev,integrated,separated,ws;lintim;SiouxFalls;SiouxFalls;True;False;1e-05;6000;1;2;20;10;5000;-5;50;0.75;2;55;50;10;10;16;1083;1083
12306543;84;g_000;1;1;38;line_consecutive;0.5;1084;2;8;17-19;2,13,14;63821.86499999589;64055.445;64055.44500001032;64393.96999998215;233.58000000411263;1.0317307896912098e-08;338.5249999821536;eev,integrated,separated,ws;lintim;SiouxFalls;SiouxFalls;True;False;1e-05;6000;1;2;20;10;5000;-5;50;0.75;2;55;50;10;10;16;1084;1084
12306543;85;g_000;1;1;38;line_consecutive;0.5;1085;2;9;19-20;2;57085.745;57188.80500000001;57188.805000010325;57188.80500001033;103.06000000000496;1.0317307896912098e-08;1.032458385452628e-08;eev,integrated,separated,ws;lintim;SiouxFalls;SiouxFalls;True;False;1e-05;6000;1;2;20;10;5000;-5;50;0.75;2;55;50;10;10;16;1085;1085
12306543;86;g_000;1;1;38;line_consecutive;0.5;1086;2;10;3-4;3,4;56258.825;56384.789999999724;56384.790000007546;56384.79000000755;125.9649999997273;7.821654435247183e-09;7.828930392861366e-09;eev,integrated,separated,ws;lintim;SiouxFalls;SiouxFalls;True;False;1e-05;6000;1;2;20;10;5000;-5;50;0.75;2;55;50;10;10;16;1086;1086
12306543;87;g_000;1;1;38;line_consecutive;0.5;1087;2;11;4-5;3;51140.23999999999;51140.24;51140.24000001032;51140.24000001033;7.275957614183426e-12;1.032458385452628e-08;1.0331859812140465e-08;eev,integrated,separated,ws;lintim;SiouxFalls;SiouxFalls;True;False;1e-05;6000;1;2;20;10;5000;-5;50;0.75;2;55;50;10;10;16;1087;1087
12306543;88;g_000;1;1;38;line_consecutive;0.5;1088;2;12;5-9;3,9;51271.23999999823;51402.24000000001;51547.74000001034;51547.74000001034;131.0000000017826;145.50000001032458;145.50000001032458;eev,integrated,separated,ws;lintim;SiouxFalls;SiouxFalls;True;False;1e-05;6000;1;2;20;10;5000;-5;50;0.75;2;55;50;10;10;16;1088;1088
12306543;89;g_000;1;1;38;line_consecutive;0.5;1089;2;13;8-9;3,7;51140.23999999705;51140.240000000005;51140.24000001032;51140.24000001032;2.954038791358471e-09;1.0317307896912098e-08;1.0317307896912098e-08;eev,integrated,separated,ws;lintim;SiouxFalls;SiouxFalls;True;False;1e-05;6000;1;2;20;10;5000;-5;50;0.75;2;55;50;10;10;16;1089;1089
12306543;90;g_000;1;1;38;line_consecutive;0.5;1090;2;14;7-8;3,7,11;51140.23999999852;51140.24000000001;51140.24000001032;51140.24000001034;1.4915713109076023e-09;1.0310031939297916e-08;1.032458385452628e-08;eev,integrated,separated,ws;lintim;SiouxFalls;SiouxFalls;True;False;1e-05;6000;1;2;20;10;5000;-5;50;0.75;2;55;50;10;10;16;1090;1090
12306543;91;g_000;1;1;38;line_consecutive;0.5;1091;2;15;7-18;3,11;51140.23999999615;51140.24;51140.24000001032;51140.24000001032;3.848981577903032e-09;1.032458385452628e-08;1.032458385452628e-08;eev,integrated,separated,ws;lintim;SiouxFalls;SiouxFalls;True;False;1e-05;6000;1;2;20;10;5000;-5;50;0.75;2;55;50;10;10;16;1091;1091
12306543;92;g_000;1;1;38;line_consecutive;0.5;1092;2;16;1-3;4,8,12;67371.13999999808;67451.40500000003;67478.73500000988;67478.73500000988;80.26500000194937;27.330000009853396;27.330000009853396;eev,integrated,separated,ws;lintim;SiouxFalls;SiouxFalls;True;False;1e-05;6000;1;2;20;10;5000;-5;50;0.75;2;55;50;10;10;16;1092;1092
12306543;93;g_000;1;1;38;line_consecutive;0.5;1093;2;17;4-11;4;53779.75;53949.64000000001;53949.64000001033;53949.64000001033;169.8900000000067;1.032458385452628e-08;1.032458385452628e-08;eev,integrated,separated,ws;lintim;SiouxFalls;SiouxFalls;True;False;1e-05;6000;1;2;20;10;5000;-5;50;0.75;2;55;50;10;10;16;1093;1093
12306543;94;g_000;1;1;38;line_consecutive;0.5;1094;2;18;11-14;4,8,10;56195.025;56351.58500000017;56351.58500001034;56351.58500001034;156.56000000016502;1.0171788744628431e-08;1.0171788744628431e-08;eev,integrated,separated,ws;lintim;SiouxFalls;SiouxFalls;True;False;1e-05;6000;1;2;20;10;5000;-5;50;0.75;2;55;50;10;10;16;1094;1094
12306543;95;g_000;1;1;38;line_consecutive;0.5;1095;2;19;14-23;4,10;55020.24998973614;55151.250000000015;55151.25000001033;55151.25000001033;131.00001026387326;1.0317307896912098e-08;1.0317307896912098e-08;eev,integrated,separated,ws;lintim;SiouxFalls;SiouxFalls;True;False;1e-05;6000;1;2;20;10;5000;-5;50;0.75;2;55;50;10;10;16;1095;1095
12306543;96;g_000;1;1;38;line_consecutive;0.5;1096;2;20;23-24;4;53779.75;53949.64000000001;53949.64000000694;53949.64000000694;169.8900000000067;6.933987606316805e-09;6.933987606316805e-09;eev,integrated,separated,ws;lintim;SiouxFalls;SiouxFalls;True;False;1e-05;6000;1;2;20;10;5000;-5;50;0.75;2;55;50;10;10;16;1096;1096
12306543;97;g_000;1;1;38;line_consecutive;0.5;1097;2;21;10-15;5,9;51825.83499999999;51956.83499999852;52102.33500001032;52102.33500001033;130.99999999853026;145.50000001179433;145.50000001180888;eev,integrated,separated,ws;lintim;SiouxFalls;SiouxFalls;True;False;1e-05;6000;1;2;20;10;5000;-5;50;0.75;2;55;50;10;10;16;1097;1097
12306543;98;g_000;1;1;38;line_consecutive;0.5;1098;2;22;15-22;5,13;53051.555;53051.55500000002;53051.55499999398;53051.554999994;2.182787284255028e-11;-6.0390448197722435e-09;-6.0244929045438775e-09;eev,integrated,separated,ws;lintim;SiouxFalls;SiouxFalls;True;False;1e-05;6000;1;2;20;10;5000;-5;50;0.75;2;55;50;10;10;16;1098;1098
12306543;99;g_000;1;1;38;line_consecutive;0.5;1099;2;23;22-23;5;51568.595;51568.59498133303;51568.59500001033;51568.59500001033;-1.866697130026296e-05;1.8677303160075095e-05;1.8677303160075095e-05;eev,integrated,separated,ws;lintim;SiouxFalls;SiouxFalls;True;False;1e-05;6000;1;2;20;10;5000;-5;50;0.75;2;55;50;10;10;16;1099;1099
12306543;100;g_000;1;1;38;line_consecutive;0.5;1100;2;24;13-24;6;52989.67;53090.61000000001;53090.61000001033;53090.61000001033;100.9400000000096;1.032458385452628e-08;1.032458385452628e-08;eev,integrated,separated,ws;lintim;SiouxFalls;SiouxFalls;True;False;1e-05;6000;1;2;20;10;5000;-5;50;0.75;2;55;50;10;10;16;1100;1100
12306543;101;g_000;1;1;38;line_consecutive;0.5;1101;2;25;21-24;6;52989.669999999765;53090.61000000091;53090.61000000827;53090.61000000828;100.94000000114464;7.363269105553627e-09;7.370545063167809e-09;eev,integrated,separated,ws;lintim;SiouxFalls;SiouxFalls;True;False;1e-05;6000;1;2;20;10;5000;-5;50;0.75;2;55;50;10;10;16;1101;1101
12306543;102;g_000;1;1;38;line_consecutive;0.5;1102;2;26;20-21;6;52989.67;53090.61000000001;53090.61000001033;53090.61000001033;100.9400000000096;1.032458385452628e-08;1.032458385452628e-08;eev,integrated,separated,ws;lintim;SiouxFalls;SiouxFalls;True;False;1e-05;6000;1;2;20;10;5000;-5;50;0.75;2;55;50;10;10;16;1102;1102
12306543;103;g_000;1;1;38;line_consecutive;0.5;1103;2;27;9-10;7,9;51736.895;51736.894999999095;51736.89500000967;51736.89500000967;-9.022187441587447e-10;1.0571966413408518e-08;1.0571966413408518e-08;eev,integrated,separated,ws;lintim;SiouxFalls;SiouxFalls;True;False;1e-05;6000;1;2;20;10;5000;-5;50;0.75;2;55;50;10;10;16;1103;1103
12306543;104;g_000;1;1;38;line_consecutive;0.5;1104;2;28;3-12;8,12;51140.23999999899;51140.24000000569;51140.24000001032;51140.24000001032;6.701156962662935e-09;4.634785000234842e-09;4.634785000234842e-09;eev,integrated,separated,ws;lintim;SiouxFalls;SiouxFalls;True;False;1e-05;6000;1;2;20;10;5000;-5;50;0.75;2;55;50;10;10;16;1104;1104
12306543;105;g_000;1;1;38;line_consecutive;0.5;1105;2;29;5-6;9;51271.23999999999;51402.24;51547.74000001032;51547.74000001033;131.00000000000728;145.50000001032458;145.50000001033186;eev,integrated,separated,ws;lintim;SiouxFalls;SiouxFalls;True;False;1e-05;6000;1;2;20;10;5000;-5;50;0.75;2;55;50;10;10;16;1105;1105
12306543;106;g_000;1;1;38;line_consecutive;0.5;1106;2;30;15-19;9,13,14;51717.97;51875.29499999912;51920.5950000094;51920.5950000094;157.3249999991167;45.30000001028384;45.30000001028384;eev,integrated,separated,ws;lintim;SiouxFalls;SiouxFalls;True;False;1e-05;6000;1;2;20;10;5000;-5;50;0.75;2;55;50;10;10;16;1106;1106
12306543;107;g_000;1;1;38;line_consecutive;0.5;1107;2;31;20-22;11;51140.23999999999;51140.240000000005;51140.24000000715;51140.240000007165;1.4551915228366852e-11;7.144990377128124e-09;7.159542292356491e-09;eev,integrated,separated,ws;lintim;SiouxFalls;SiouxFalls;True;False;1e-05;6000;1;2;20;10;5000;-5;50;0.75;2;55;50;10;10;16;1107;1107
12306543;108;g_000;1;1;38;line_consecutive;0.5;1108;2;32;18-20;11;51140.24;51140.24000000076;51140.23999999974;51140.23999999974;7.639755494892596e-10;-1.0186340659856794e-09;-1.0186340659856794e-09;eev,integrated,separated,ws;lintim;SiouxFalls;SiouxFalls;True;False;1e-05;6000;1;2;20;10;5000;-5;50;0.75;2;55;50;10;10;16;1108;1108
12306543;109;g_000;1;1;38;line_consecutive;0.5;1109;2;33;12-13;12;51140.23999999999;51140.240000000005;51140.24000001032;51140.24000001033;1.4551915228366852e-11;1.0317307896912098e-08;1.032458385452628e-08;eev,integrated,separated,ws;lintim;SiouxFalls;SiouxFalls;True;False;1e-05;6000;1;2;20;10;5000;-5;50;0.75;2;55;50;10;10;16;1109;1109
12306543;110;g_000;1;1;38;line_consecutive;0.5;1110;2;34;1-2;12;51140.23999999999;51140.24000000001;51140.24000001032;51140.24000001033;2.182787284255028e-11;1.0310031939297916e-08;1.0317307896912098e-08;eev,integrated,separated,ws;lintim;SiouxFalls;SiouxFalls;True;False;1e-05;6000;1;2;20;10;5000;-5;50;0.75;2;55;50;10;10;16;1110;1110
12306543;111;g_000;1;1;38;line_consecutive;0.5;1111;2;35;21-22;13;51366.224999998536;51366.225;51366.22500001033;51366.22500001032;1.4624674804508684e-09;1.0331859812140465e-08;1.032458385452628e-08;eev,integrated,separated,ws;lintim;SiouxFalls;SiouxFalls;True;False;1e-05;6000;1;2;20;10;5000;-5;50;0.75;2;55;50;10;10;16;1111;1111
12306543;112;g_000;1;1;38;line_consecutive;0.5;1112;2;36;14-15;14;51299.17;51299.17000000001;51299.16999999985;51299.16999999985;1.4551915228366852e-11;-1.6007106751203534e-10;-1.6007106751203534e-10;eev,integrated,separated,ws;lintim;SiouxFalls;SiouxFalls;True;False;1e-05;6000;1;2;20;10;5000;-5;50;0.75;2;55;50;10;10;16;1112;1112
12306543;113;g_000;1;1;38;line_consecutive;0.5;1113;2;37;10-17;14;51299.169999999634;51299.17000000012;51299.17000000934;51299.17000000934;4.874891601502894e-10;9.2186382971704e-09;9.2186382971704e-09;eev,integrated,separated,ws;lintim;SiouxFalls;SiouxFalls;True;False;1e-05;6000;1;2;20;10;5000;-5;50;0.75;2;55;50;10;10;16;1113;1113
12306543;114;g_000;1;1;38;line_consecutive;0.5;1114;3;0;11-12;1,7,8;54052.405;54173.30000000001;54181.37999999999;54181.38;120.89500000001136;8.079999999979918;8.079999999987194;eev,integrated,separated,ws;lintim;SiouxFalls;SiouxFalls;True;False;1e-05;6000;1;2;20;100;50;-5;50;0.75;2;55;50;10;10;16;1114;1114
12306543;115;g_000;1;1;38;line_consecutive;0.5;1115;3;1;10-11;1,7,10;54453.58999999992;54770.57;55015.28500000131;55015.28499703373;316.98000000008324;244.71500000131343;244.71499703372683;eev,integrated,separated,ws;lintim;SiouxFalls;SiouxFalls;True;False;1e-05;6000;1;2;20;100;50;-5;50;0.75;2;55;50;10;10;16;1115;1115
12306543;116;g_000;1;1;38;line_consecutive;0.5;1116;3;2;10-16;1,10;52575.8;52769.360000000015;53057.625;53057.625;193.56000000001225;288.26499999998487;288.26499999998487;eev,integrated,separated,ws;lintim;SiouxFalls;SiouxFalls;True;False;1e-05;6000;1;2;20;100;50;-5;50;0.75;2;55;50;10;10;16;1116;1116
12306543;117;g_000;1;1;38;line_consecutive;0.5;1117;3;3;16-18;1;52157.78;52326.16000000043;53155.53999999999;53155.53999999999;168.38000000043394;829.3799999995608;829.3799999995608;eev,integrated,separated,ws;lintim;SiouxFalls;SiouxFalls;True;False;1e-05;6000;1;2;20;100;50;-5;50;0.75;2;55;50;10;10;16;1117;1117
12306543;118;g_000;1;1;38;line_consecutive;0.5;1118;3;4;2-6;2;56301.515;56828.935000000005;57250.015;57250.015;527.4200000000055;421.07999999999447;421.07999999999447;eev,integrated,separated,ws;lintim;SiouxFalls;SiouxFalls;True;False;1e-05;6000;1;2;20;100;50;-5;50;0.75;2;55;50;10;10;16;1118;1118
12306543;119;g_000;1;1;38;line_consecutive;0.5;1119;3;5;6-8;2;54511.32000000001;54734.240000000005;54734.23999999999;54734.24;222.91999999999825;-1.4551915228366852e-11;-7.275957614183426e-12;eev,integrated,separated,ws;lintim;SiouxFalls;SiouxFalls;True;False;1e-05;6000;1;2;20;100;50;-5;50;0.75;2;55;50;10;10;16;1119;1119
12306543;120;g_000;1;1;38;line_consecutive;0.5;1120;3;6;8-16;2,10,13;54302.04000000001;54782.66000000001;54829.449999999335;54926.95999999999;480.6200000000026;46.78999999932421;144.29999999998108;eev,integrated,separated,ws;lintim;SiouxFalls;SiouxFalls;True;False;1e-05;6000;1;2;20;100;50;-5;50;0.75;2;55;50;10;10;16;1120;1120
12306543;121;g_000;1;1;38;line_consecutive;0.5;1121;3;7;16-17;2,13;53654.100000000006;53972.98000004559;54117.87999999999;54054.11998931347;318.88000004558126;144.89999995440303;81.1399892678819;eev,integrated,separated,ws;lintim;SiouxFalls;SiouxFalls;True;False;1e-05;6000;1;2;20;100;50;-5;50;0.75;2;55;50;10;10;16;1121;1121
12306543;122;g_000;1;1;38;line_consecutive;0.5;1122;3;8;17-19;2,13,14;58047.560000000005;59129.29;59358.28;60384.76;1081.729999999996;228.989999999998;1255.4700000000012;eev,integrated,separated,ws;lintim;SiouxFalls;SiouxFalls;True;False;1e-05;6000;1;2;20;100;50;-5;50;0.75;2;55;50;10;10;16;1122;1122
12306543;123;g_000;1;1;38;line_consecutive;0.5;1123;3;9;19-20;2;53649.965;53850.005;53850.00499999999;53850.005;200.04000000000087;-7.275957614183426e-12;0.0;eev,integrated,separated,ws;lintim;SiouxFalls;SiouxFalls;True;False;1e-05;6000;1;2;20;100;50;-5;50;0.75;2;55;50;10;10;16;1123;1123
12306543;124;g_000;1;1;38;line_consecutive;0.5;1124;3;10;3-4;3,4;53129.36;53451.425;53474.02;53474.02;322.0650000000023;22.594999999993888;22.594999999993888;eev,integrated,separated,ws;lintim;SiouxFalls;SiouxFalls;True;False;1e-05;6000;1;2;20;100;50;-5;50;0.75;2;55;50;10;10;16;1124;1124
12306543;125;g_000;1;1;38;line_consecutive;0.5;1125;3;11;4-5;3;51140.240000000005;51140.24000000001;51140.23999999999;51140.24;7.275957614183426e-12;-2.182787284255028e-11;-1.4551915228366852e-11;eev,integrated,separated,ws;lintim;SiouxFalls;SiouxFalls;True;False;1e-05;6000;1;2;20;100;50;-5;50;0.75;2;55;50;10;10;16;1125;1125
12306543;126;g_000;1;1;38;line_consecutive;0.5;1126;3;12;5-9;3,9;51271.24;51402.240000000005;51460.23999999999;51460.240000000005;131.00000000000728;57.99999999998545;58.0;eev,integrated,separated,ws;lintim;SiouxFalls;SiouxFalls;True;False;1e-05;6000;1;2;20;100;50;-5;50;0.75;2;55;50;10;10;16;1126;1126
12306543;127;g_000;1;1;38;line_consecutive;0.5;1127;3;13;8-9;3,7;51140.240000000005;51140.24;51140.23999999999;51140.23999999999;-7.275957614183426e-12;-7.275957614183426e-12;-7.275957614183426e-12;eev,integrated,separated,ws;lintim;SiouxFalls;SiouxFalls;True;False;1e-05;6000;1;2;20;100;50;-5;50;0.75;2;55;50;10;10;16;1127;1127
12306543;128;g_000;1;1;38;line_consecutive;0.5;1128;3;14;7-8;3,7,11;51140.24;51140.24;51140.23999999999;51140.240000000005;0.0;-7.275957614183426e-12;7.275957614183426e-12;eev,integrated,separated,ws;lintim;SiouxFalls;SiouxFalls;True;False;1e-05;6000;1;2;20;100;50;-5;50;0.75;2;55;50;10;10;16;1128;1128
12306543;129;g_000;1;1;38;line_consecutive;0.5;1129;3;15;7-18;3,11;51140.240000000005;51140.240000000005;51140.23999999999;51140.23999999999;0.0;-1.4551915228366852e-11;-1.4551915228366852e-11;eev,integrated,separated,ws;lintim;SiouxFalls;SiouxFalls;True;False;1e-05;6000;1;2;20;100;50;-5;50;0.75;2;55;50;10;10;16;1129;1129
12306543;130;g_000;1;1;38;line_consecutive;0.5;1130;3;16;1-3;4,8,12;54311.90999999966;54823.89500000001;55482.06999999999;55482.06999999999;511.9850000003498;658.1749999999811;658.1749999999811;eev,integrated,separated,ws;lintim;SiouxFalls;SiouxFalls;True;False;1e-05;6000;1;2;20;100;50;-5;50;0.75;2;55;50;10;10;16;1130;1130
12306543;131;g_000;1;1;38;line_consecutive;0.5;1131;3;17;4-11;4;52532.075;52887.350000000006;52887.34999999999;52887.35;355.2750000000088;-1.4551915228366852e-11;-7.275957614183426e-12;eev,integrated,separated,ws;lintim;SiouxFalls;SiouxFalls;True;False;1e-05;6000;1;2;20;100;50;-5;50;0.75;2;55;50;10;10;16;1131;1131
12306543;132;g_000;1;1;38;line_consecutive;0.5;1132;3;18;11-14;4,8,10;53090.825;53256.83499999988;53566.22;53566.22;166.00999999988562;309.38500000011845;309.38500000011845;eev,integrated,separated,ws;lintim;SiouxFalls;SiouxFalls;True;False;1e-05;6000;1;2;20;100;50;-5;50;0.75;2;55;50;10;10;16;1132;1132
12306543;133;g_000;1;1;38;line_consecutive;0.5;1133;3;19;14-23;4,10;52953.05;53063.34;53180.03;53180.03;110.2899999999936;116.69000000000231;116.69000000000231;eev,integrated,separated,ws;lintim;SiouxFalls;SiouxFalls;True;False;1e-05;6000;1;2;20;100;50;-5;50;0.75;2;55;50;10;10;16;1133;1133
12306543;134;g_000;1;1;38;line_consecutive;0.5;1134;3;20;23-24;4;52786.295000000006;52786.295000000006;52786.295;52786.295;0.0;-7.275957614183426e-12;-7.275957614183426e-12;eev,integrated,separated,ws;lintim;SiouxFalls;SiouxFalls;True;False;1e-05;6000;1;2;20;100;50;-5;50;0.75;2;55;50;10;10;16;1134;1134
12306543;135;g_000;1;1;38;line_consecutive;0.5;1135;3;21;10-15;5,9;51822.3;51953.29999999983;52096.485;52096.485;130.99999999982538;143.1850000001723;143.1850000001723;eev,integrated,separated,ws;lintim;SiouxFalls;SiouxFalls;True;False;1e-05;6000;1;2;20;100;50;-5;50;0.75;2;55;50;10;10;16;1135;1135
12306543;136;g_000;1;1;38;line_consecutive;0.5;1136;3;22;15-22;5,13;52299.285;52299.285;52299.285;52299.285;0.0;0.0;0.0;eev,integrated,separated,ws;lintim;SiouxFalls;SiouxFalls;True;False;1e-05;6000;1;2;20;100;50;-5;50;0.75;2;55;50;10;10;16;1136;1136
12306543;137;g_000;1;1;38;line_consecutive;0.5;1137;3;23;22-23;5;51556.475000000006;51556.47500000001;51556.474999999584;51556.474999999584;7.275957614183426e-12;-4.292814992368221e-10;-4.292814992368221e-10;eev,integrated,separated,ws;lintim;SiouxFalls;SiouxFalls;True;False;1e-05;6000;1;2;20;100;50;-5;50;0.75;2;55;50;10;10;16;1137;1137
12306543;138;g_000;1;1;38;line_consecutive;0.5;1138;3;24;13-24;6;52793.93500000001;53112.88500000002;53266.905;53266.905;318.9500000000044;154.01999999998225;154.01999999998225;eev,integrated,separated,ws;lintim;SiouxFalls;SiouxFalls;True;False;1e-05;6000;1;2;20;100;50;-5;50;0.75;2;55;50;10;10;16;1138;1138
12306543;139;g_000;1;1;38;line_consecutive;0.5;1139;3;25;21-24;6;51788.18999402664;51806.864999998674;51806.86499999999;51806.865;18.67500597203616;1.3169483281672e-09;1.3242242857813835e-09;eev,integrated,separated,ws;lintim;SiouxFalls;SiouxFalls;True;False;1e-05;6000;1;2;20;100;50;-5;50;0.75;2;55;50;10;10;16;1139;1139
12306543;140;g_000;1;1;38;line_consecutive;0.5;1140;3;26;20-21;6;51810.39;51842.640000045416;51842.64;51842.64;32.25000004541653;-4.5416527427732944e-08;-4.5416527427732944e-08;eev,integrated,separated,ws;lintim;SiouxFalls;SiouxFalls;True;False;1e-05;6000;1;2;20;100;50;-5;50;0.75;2;55;50;10;10;16;1140;1140
12306543;141;g_000;1;1;38;line_consecutive;0.5;1141;3;27;9-10;7,9;51773.55;51812.600000000006;51812.59999999999;51812.600000000006;39.05000000000291;-1.4551915228366852e-11;0.0;eev,integrated,separated,ws;lintim;SiouxFalls;SiouxFalls;True;False;1e-05;6000;1;2;20;100;50;-5;50;0.75;2;55;50;10;10;16;1141;1141
12306543;142;g_000;1;1;38;line_consecutive;0.5;1142;3;28;3-12;8,12;51140.24;51140.24;51140.23999999999;51140.23999999999;0.0;-7.275957614183426e-12;-7.275957614183426e-12;eev,integrated,separated,ws;lintim;SiouxFalls;SiouxFalls;True;False;1e-05;6000;1;2;20;100;50;-5;50;0.75;2;55;50;10;10;16;1142;1142
12306543;143;g_000;1;1;38;line_consecutive;0.5;1143;3;29;5-6;9;51271.240000000005;51402.240000000005;51460.23999999999;51460.24;131.0;57.99999999998545;57.99999999999272;eev,integrated,separated,ws;lintim;SiouxFalls;SiouxFalls;True;False;1e-05;6000;1;2;20;100;50;-5;50;0.75;2;55;50;10;10;16;1143;1143
12306543;144;g_000;1;1;38;line_consecutive;0.5;1144;3;30;15-19;9,13,14;51713.73;52084.280000000006;52331.35999999999;52331.36;370.5500000000029;247.0799999999872;247.07999999999447;eev,integrated,separated,ws;lintim;SiouxFalls;SiouxFalls;True;False;1e-05;6000;1;2;20;100;50;-5;50;0.75;2;55;50;10;10;16;1144;1144
12306543;145;g_000;1;1;38;line_consecutive;0.5;1145;3;31;20-22;11;51140.24000000171;51140.240000000005;51140.23999999999;51140.240000000005;-1.7025740817189215e-09;-1.4551915228366852e-11;0.0;eev,integrated,separated,ws;lintim;SiouxFalls;SiouxFalls;True;False;1e-05;6000;1;2;20;100;50;-5;50;0.75;2;55;50;10;10;16;1145;1145
12306543;146;g_000;1;1;38;line_consecutive;0.5;1146;3;32;18-20;11;51140.24;51140.24;51140.23999999999;51140.240000000005;0.0;-7.275957614183426e-12;7.275957614183426e-12;eev,integrated,separated,ws;lintim;SiouxFalls;SiouxFalls;True;False;1e-05;6000;1;2;20;100;50;-5;50;0.75;2;55;50;10;10;16;1146;1146
12306543;147;g_000;1;1;38;line_consecutive;0.5;1147;3;33;12-13;12;51140.240000000005;51140.240000000005;51140.23999999999;51140.24;0.0;-1.4551915228366852e-11;-7.275957614183426e-12;eev,integrated,separated,ws;lintim;SiouxFalls;SiouxFalls;True;False;1e-05;6000;1;2;20;100;50;-5;50;0.75;2;55;50;10;10;16;1147;1147
12306543;148;g_000;1;1;38;line_consecutive;0.5;1148;3;34;1-2;12;51140.24;51140.24000000116;51140.23999999999;51140.24;1.164153218269348e-09;-1.1714291758835316e-09;-1.164153218269348e-09;eev,integrated,separated,ws;lintim;SiouxFalls;SiouxFalls;True;False;1e-05;6000;1;2;20;100;50;-5;50;0.75;2;55;50;10;10;16;1148;1148
12306543;149;g_000;1;1;38;line_consecutive;0.5;1149;3;35;21-22;13;51402.16;51568.76000000001;51568.76;51568.75999999999;166.60000000000582;-7.275957614183426e-12;-2.182787284255028e-11;eev,integrated,separated,ws;lintim;SiouxFalls;SiouxFalls;True;False;1e-05;6000;1;2;20;100;50;-5;50;0.75;2;55;50;10;10;16;1149;1149
12306543;150;g_000;1;1;38;line_consecutive;0.5;1150;3;36;14-15;14;51307.5;51441.31500000001;51441.315;51441.315;133.8150000000096;-7.275957614183426e-12;-7.275957614183426e-12;eev,integrated,separated,ws;lintim;SiouxFalls;SiouxFalls;True;False;1e-05;6000;1;2;20;100;50;-5;50;0.75;2;55;50;10;10;16;1150;1150
12306543;151;g_000;1;1;38;line_consecutive;0.5;1151;3;37;10-17;14;51307.5;51474.76000000001;51581.34999999999;51581.34999999999;167.2600000000093;106.58999999998196;106.58999999998196;eev,integrated,separated,ws;lintim;SiouxFalls;SiouxFalls;True;False;1e-05;6000;1;2;20;100;50;-5;50;0.75;2;55;50;10;10;16;1151;1151
12306543;152;g_000;1;1;38;line_consecutive;0.5;1152;4;0;11-12;1,7,8;55168.328;58095.12;59404.428;59404.428;2926.7920000000013;1309.3079999999973;1309.3079999999973;eev,integrated,separated,ws;lintim;SiouxFalls;SiouxFalls;True;False;1e-05;6000;1;2;20;100;500;-5;50;0.75;2;55;50;10;10;16;1152;1152
12306543;153;g_000;1;1;38;line_consecutive;0.5;1153;4;1;10-11;1,7,10;55042.648;57089.82800001225;60043.02799999999;60043.02799999999;2047.1800000122455;2953.1999999877444;2953.1999999877444;eev,integrated,separated,ws;lintim;SiouxFalls;SiouxFalls;True;False;1e-05;6000;1;2;20;100;500;-5;50;0.75;2;55;50;10;10;16;1153;1153
12306543;154;g_000;1;1;38;line_consecutive;0.5;1154;4;2;10-16;1,10;53226.132;54476.436;58194.984;58194.984;1250.3040000000035;3718.547999999995;3718.547999999995;eev,integrated,separated,ws;lintim;SiouxFalls;SiouxFalls;True;False;1e-05;6000;1;2;20;100;500;-5;50;0.75;2;55;50;10;10;16;1154;1154
12306543;155;g_000;1;1;38;line_consecutive;0.5;1155;4;3;16-18;1;52405.616;53431.60399999907;56775.10399999999;56775.104;1025.9879999990662;3343.500000000924;3343.500000000932;eev,integrated,separated,ws;lintim;SiouxFalls;SiouxFalls;True;False;1e-05;6000;1;2;20;100;500;-5;50;0.75;2;55;50;10;10;16;1155;1155
12306543;156;g_000;1;1;38;line_consecutive;0.5;1156;4;4;2-6;2;57739.364;61711.272;63860.35999999999;63860.35999999999;3971.907999999996;2149.087999999996;2149.087999999996;eev,integrated,separated,ws;lintim;SiouxFalls;SiouxFalls;True;False;1e-05;6000;1;2;20;100;500;-5;50;0.75;2;55;50;10;10;16;1156;1156
12306543;157;g_000;1;1;38;line_consecutive;0.5;1157;4;5;6-8;2;57739.364;60426.948;62182.80799999999;62182.808;2687.5839999999957;1755.8599999999933;1755.8600000000006;eev,integrated,separated,ws;lintim;SiouxFalls;SiouxFalls;True;False;1e-05;6000;1;2;20;100;500;-5;50;0.75;2;55;50;10;10;16;1157;1157
12306543;158;g_000;1;1;38;line_consecutive;0.5;1158;4;6;8-16;2,10,13;58328.71199999999;61271.3480000921;64081.67599999999;63106.14;2942.636000092105;2810.327999907895;1834.7919999079024;eev,integrated,separated,ws;lintim;SiouxFalls;SiouxFalls;True;False;1e-05;6000;1;2;20;100;500;-5;50;0.75;2;55;50;10;10;16;1158;1158
12306543;159;g_000;1;1;38;line_consecutive;0.5;1159;4;7;16-17;2,13;58100.74399999999;60340.62;61934.664000004224;61934.664000004224;2239.876000000011;1594.0440000042215;1594.0440000042215;eev,integrated,separated,ws;lintim;SiouxFalls;SiouxFalls;True;False;1e-05;6000;1;2;20;100;500;-5;50;0.75;2;55;50;10;10;16;1159;1159
12306543;160;g_000;1;1;38;line_consecutive;0.5;1160;4;8;17-19;2,13,14;63368.612;65885.67599999998;68082.36;67747.576;2517.0639999999767;2196.684000000023;1861.9000000000235;eev,integrated,separated,ws;lintim;SiouxFalls;SiouxFalls;True;False;1e-05;6000;1;2;20;100;500;-5;50;0.75;2;55;50;10;10;16;1160;1160
12306543;161;g_000;1;1;38;line_consecutive;0.5;1161;4;9;19-20;2;57739.36400000003;61154.548;63206.75199999999;63206.752;3415.183999999972;2052.20399999999;2052.203999999998;eev,integrated,separated,ws;lintim;SiouxFalls;SiouxFalls;True;False;1e-05;6000;1;2;20;100;500;-5;50;0.75;2;55;50;10;10;16;1161;1161
12306543;162;g_000;1;1;38;line_consecutive;0.5;1162;4;10;3-4;3,4;56191.968;58263.9719999992;60432.716;60432.716;2072.0039999992005;2168.744000000799;2168.744000000799;eev,integrated,separated,ws;lintim;SiouxFalls;SiouxFalls;True;False;1e-05;6000;1;2;20;100;500;-5;50;0.75;2;55;50;10;10;16;1162;1162
12306543;163;g_000;1;1;38;line_consecutive;0.5;1163;4;11;4-5;3;51140.24;51140.23999999999;51140.23999999999;51140.23999999999;-7.275957614183426e-12;0.0;0.0;eev,integrated,separated,ws;lintim;SiouxFalls;SiouxFalls;True;False;1e-05;6000;1;2;20;100;500;-5;50;0.75;2;55;50;10;10;16;1163;1163
12306543;164;g_000;1;1;38;line_consecutive;0.5;1164;4;12;5-9;3,9;51245.04;51402.23999999999;53333.31199999999;53333.312;157.1999999999898;1931.072;1931.0720000000076;eev,integrated,separated,ws;lintim;SiouxFalls;SiouxFalls;True;False;1e-05;6000;1;2;20;100;500;-5;50;0.75;2;55;50;10;10;16;1164;1164
12306543;165;g_000;1;1;38;line_consecutive;0.5;1165;4;13;8-9;3,7;51140.240000000005;51140.23999999999;51140.23999999999;51140.23999999999;-1.4551915228366852e-11;0.0;0.0;eev,integrated,separated,ws;lintim;SiouxFalls;SiouxFalls;True;False;1e-05;6000;1;2;20;100;500;-5;50;0.75;2;55;50;10;10;16;1165;1165
12306543;166;g_000;1;1;38;line_consecutive;0.5;1166;4;14;7-8;3,7,11;51140.240000000005;51140.24;51140.23999999999;51140.24;-7.275957614183426e-12;-7.275957614183426e-12;0.0;eev,integrated,separated,ws;lintim;SiouxFalls;SiouxFalls;True;False;1e-05;6000;1;2;20;100;500;-5;50;0.75;2;55;50;10;10;16;1166;1166
12306543;167;g_000;1;1;38;line_consecutive;0.5;1167;4;15;7-18;3,11;51140.24;51140.24;51140.23999999999;51140.24;0.0;-7.275957614183426e-12;0.0;eev,integrated,separated,ws;lintim;SiouxFalls;SiouxFalls;True;False;1e-05;6000;1;2;20;100;500;-5;50;0.75;2;55;50;10;10;16;1167;1167
12306543;168;g_000;1;1;38;line_consecutive;0.5;1168;4;16;1-3;4,8,12;62623.284;63559.01199999997;64934.228;64934.228;935.7279999999736;1375.2160000000297;1375.2160000000297;eev,integrated,separated,ws;lintim;SiouxFalls;SiouxFalls;True;False;1e-05;6000;1;2;20;100;500;-5;50;0.75;2;55;50;10;10;16;1168;1168
12306543;169;g_000;1;1;38;line_consecutive;0.5;1169;4;17;4-11;4;53938.84;56474.476;59222.10799999999;59222.10800000001;2535.636000000006;2747.6319999999905;2747.632000000005;eev,integrated,separated,ws;lintim;SiouxFalls;SiouxFalls;True;False;1e-05;6000;1;2;20;100;500;-5;50;0.75;2;55;50;10;10;16;1169;1169
12306543;170;g_000;1;1;38;line_consecutive;0.5;1170;4;18;11-14;4,8,10;56583.076;58795.527999999984;61655.67199999999;61655.672;2212.451999999983;2860.1440000000075;2860.144000000015;eev,integrated,separated,ws;lintim;SiouxFalls;SiouxFalls;True;False;1e-05;6000;1;2;20;100;500;-5;50;0.75;2;55;50;10;10;16;1170;1170
12306543;171;g_000;1;1;38;line_consecutive;0.5;1171;4;19;14-23;4,10;55438.04;57521.948;59488.16399999999;59488.164;2083.907999999996;1966.215999999993;1966.2160000000003;eev,integrated,separated,ws;lintim;SiouxFalls;SiouxFalls;True;False;1e-05;6000;1;2;20;100;500;-5;50;0.75;2;55;50;10;10;16;1171;1171
12306543;172;g_000;1;1;38;line_consecutive;0.5;1172;4;20;23-24;4;53938.84;56474.476;58714.684;58714.68400000001;2535.636000000006;2240.2079999999987;2240.208000000006;eev,integrated,separated,ws;lintim;SiouxFalls;SiouxFalls;True;False;1e-05;6000;1;2;20;100;500;-5;50;0.75;2;55;50;10;10;16;1172;1172
12306543;173;g_000;1;1;38;line_consecutive;0.5;1173;4;21;10-15;5,9;52022.33599999991;52249.11599999999;54176.612;54176.612;226.78000000007887;1927.4960000000135;1927.4960000000135;eev,integrated,separated,ws;lintim;SiouxFalls;SiouxFalls;True;False;1e-05;6000;1;2;20;100;500;-5;50;0.75;2;55;50;10;10;16;1173;1173
12306543;174;g_000;1;1;38;line_consecutive;0.5;1174;4;22;15-22;5,13;53188.276;54167.164;54333.09599999999;54333.096;978.887999999999;165.93199999999342;165.9320000000007;eev,integrated,separated,ws;lintim;SiouxFalls;SiouxFalls;True;False;1e-05;6000;1;2;20;100;500;-5;50;0.75;2;55;50;10;10;16;1174;1174
12306543;175;g_000;1;1;38;line_consecutive;0.5;1175;4;23;22-23;5;51661.952;51886.12399999999;51886.124;51886.124;224.17199999999136;1.4551915228366852e-11;1.4551915228366852e-11;eev,integrated,separated,ws;lintim;SiouxFalls;SiouxFalls;True;False;1e-05;6000;1;2;20;100;500;-5;50;0.75;2;55;50;10;10;16;1175;1175
12306543;176;g_000;1;1;38;line_consecutive;0.5;1176;4;24;13-24;6;53194.18400000001;53745.004;54834.684;54834.684;550.8199999999924;1089.6800000000003;1089.6800000000003;eev,integrated,separated,ws;lintim;SiouxFalls;SiouxFalls;True;False;1e-05;6000;1;2;20;100;500;-5;50;0.75;2;55;50;10;10;16;1176;1176
12306543;177;g_000;1;1;38;line_consecutive;0.5;1177;4;25;21-24;6;53194.184;53745.00399999991;54834.684;54834.684;550.8199999999124;1089.6800000000876;1089.6800000000876;eev,integrated,separated,ws;lintim;SiouxFalls;SiouxFalls;True;False;1e-05;6000;1;2;20;100;500;-5;50;0.75;2;55;50;10;10;16;1177;1177
12306543;178;g_000;1;1;38;line_consecutive;0.5;1178;4;26;20-21;6;53194.184;53745.004;54668.716;54668.716;550.8199999999997;923.7119999999996;923.7119999999996;eev,integrated,separated,ws;lintim;SiouxFalls;SiouxFalls;True;False;1e-05;6000;1;2;20;100;500;-5;50;0.75;2;55;50;10;10;16;1178;1178
12306543;179;g_000;1;1;38;line_consecutive;0.5;1179;4;27;9-10;7,9;51646.888000000006;52406.85999999999;53483.776;53483.776;759.971999999987;1076.9160000000047;1076.9160000000047;eev,integrated,separated,ws;lintim;SiouxFalls;SiouxFalls;True;False;1e-05;6000;1;2;20;100;500;-5;50;0.75;2;55;50;10;10;16;1179;1179
12306543;180;g_000;1;1;38;line_consecutive;0.5;1180;4;28;3-12;8,12;51140.24;51140.23999999999;51140.23999999999;51140.24;-7.275957614183426e-12;0.0;7.275957614183426e-12;eev,integrated,separated,ws;lintim;SiouxFalls;SiouxFalls;True;False;1e-05;6000;1;2;20;100;500;-5;50;0.75;2;55;50;10;10;16;1180;1180
12306543;181;g_000;1;1;38;line_consecutive;0.5;1181;4;29;5-6;9;51245.03999999999;51402.24;53333.31199999999;53333.312;157.20000000000437;1931.0719999999928;1931.072;eev,integrated,separated,ws;lintim;SiouxFalls;SiouxFalls;True;False;1e-05;6000;1;2;20;100;500;-5;50;0.75;2;55;50;10;10;16;1181;1181
12306543;182;g_000;1;1;38;line_consecutive;0.5;1182;4;30;15-19;9,13,14;51612.328;52320.46000000028;54877.076;54877.076;708.1320000002816;2556.615999999718;2556.615999999718;eev,integrated,separated,ws;lintim;SiouxFalls;SiouxFalls;True;False;1e-05;6000;1;2;20;100;500;-5;50;0.75;2;55;50;10;10;16;1182;1182
12306543;183;g_000;1;1;38;line_consecutive;0.5;1183;4;31;20-22;11;51140.24;51140.23999999999;51140.23999999999;51140.24;-7.275957614183426e-12;0.0;7.275957614183426e-12;eev,integrated,separated,ws;lintim;SiouxFalls;SiouxFalls;True;False;1e-05;6000;1;2;20;100;500;-5;50;0.75;2;55;50;10;10;16;1183;1183
12306543;184;g_000;1;1;38;line_consecutive;0.5;1184;4;32;18-20;11;51140.240000000005;51140.24;51140.23999999999;51140.24;-7.275957614183426e-12;-7.275957614183426e-12;0.0;eev,integrated,separated,ws;lintim;SiouxFalls;SiouxFalls;True;False;1e-05;6000;1;2;20;100;500;-5;50;0.75;2;55;50;10;10;16;1184;1184
12306543;185;g_000;1;1;38;line_consecutive;0.5;1185;4;33;12-13;12;51140.24;51140.24;51140.23999999999;51140.24;0.0;-7.275957614183426e-12;0.0;eev,integrated,separated,ws;lintim;SiouxFalls;SiouxFalls;True;False;1e-05;6000;1;2;20;100;500;-5;50;0.75;2;55;50;10;10;16;1185;1185
12306543;186;g_000;1;1;38;line_consecutive;0.5;1186;4;34;1-2;12;51140.23999999934;51140.240000000005;51140.23999999999;51140.24;6.621121428906918e-10;-1.4551915228366852e-11;-7.275957614183426e-12;eev,integrated,separated,ws;lintim;SiouxFalls;SiouxFalls;True;False;1e-05;6000;1;2;20;100;500;-5;50;0.75;2;55;50;10;10;16;1186;1186
12306543;187;g_000;1;1;38;line_consecutive;0.5;1187;4;35;21-22;13;51349.776;51664.08;51940.228;51940.228;314.3040000000037;276.14800000000105;276.14800000000105;eev,integrated,separated,ws;lintim;SiouxFalls;SiouxFalls;True;False;1e-05;6000;1;2;20;100;500;-5;50;0.75;2;55;50;10;10;16;1187;1187
12306543;188;g_000;1;1;38;line_consecutive;0.5;1188;4;36;14-15;14;51274.048;51474.76;51809.544;51809.544;200.71199999999956;334.78399999999965;334.78399999999965;eev,integrated,separated,ws;lintim;SiouxFalls;SiouxFalls;True;False;1e-05;6000;1;2;20;100;500;-5;50;0.75;2;55;50;10;10;16;1188;1188
12306543;189;g_000;1;1;38;line_consecutive;0.5;1189;4;37;10-17;14;51274.048;51474.76000000001;51809.544;51809.544;200.7120000000068;334.7839999999924;334.7839999999924;eev,integrated,separated,ws;lintim;SiouxFalls;SiouxFalls;True;False;1e-05;6000;1;2;20;100;500;-5;50;0.75;2;55;50;10;10;16;1189;1189
12306543;190;g_000;1;1;38;line_consecutive;0.5;1190;5;0;11-12;1,7,8;56175.35;58967.18500000005;61470.47508030756;61470.47508030756;2791.83500000005;2503.29008030751;2503.29008030751;eev,integrated,separated,ws;lintim;SiouxFalls;SiouxFalls;True;False;1e-05;6000;1;2;20;100;5000;-5;50;0.75;2;55;50;10;10;16;1190;1190
12306543;191;g_000;1;1;38;line_consecutive;0.5;1191;5;1;10-11;1,7,10;56018.25000000001;57789.28999999999;62268.72499999999;62268.72499703241;1771.0399999999863;4479.434999999998;4479.434997032418;eev,integrated,separated,ws;lintim;SiouxFalls;SiouxFalls;True;False;1e-05;6000;1;2;20;100;5000;-5;50;0.75;2;55;50;10;10;16;1191;1191
12306543;192;g_000;1;1;38;line_consecutive;0.5;1192;5;2;10-16;1,10;53747.60499999903;54789.52499999967;59958.67;59958.67;1041.9200000006383;5169.145000000332;5169.145000000332;eev,integrated,separated,ws;lintim;SiouxFalls;SiouxFalls;True;False;1e-05;6000;1;2;20;100;5000;-5;50;0.75;2;55;50;10;10;16;1192;1192
12306543;193;g_000;1;1;38;line_consecutive;0.5;1193;5;3;16-18;1;52721.96;53694.045;58183.81999999999;58183.81999999999;972.0849999999992;4489.774999999994;4489.774999999994;eev,integrated,separated,ws;lintim;SiouxFalls;SiouxFalls;True;False;1e-05;6000;1;2;20;100;5000;-5;50;0.75;2;55;50;10;10;16;1193;1193
12306543;194;g_000;1;1;38;line_consecutive;0.5;1194;5;4;2-6;2;59389.145;63208.57000002382;67040.38999999998;67040.38999999998;3819.425000023824;3831.819999976164;3831.819999976164;eev,integrated,separated,ws;lintim;SiouxFalls;SiouxFalls;True;False;1e-05;6000;1;2;20;100;5000;-5;50;0.75;2;55;50;10;10;16;1194;1194
12306543;195;g_000;1;1;38;line_consecutive;0.5;1195;5;5;6-8;2;59389.14499999922;63208.57;67040.3899062491;67040.3899062491;3819.425000000781;3831.8199062490967;3831.8199062490967;eev,integrated,separated,ws;lintim;SiouxFalls;SiouxFalls;True;False;1e-05;6000;1;2;20;100;5000;-5;50;0.75;2;55;50;10;10;16;1195;1195
12306543;196;g_000;1;1;38;line_consecutive;0.5;1196;5;6;8-16;2,10,13;60644.30500000001;64969.82000000004;72325.65999999699;70717.91999999998;4325.515000000036;7355.839999996948;5748.09999999994;eev,integrated,separated,ws;lintim;SiouxFalls;SiouxFalls;True;False;1e-05;6000;1;2;20;100;5000;-5;50;0.75;2;55;50;10;10;16;1196;1196
12306543;197;g_000;1;1;38;line_consecutive;0.5;1197;5;7;16-17;2,13;60332.79000000001;64392.35999999999;70023.0299999965;70394.35999999999;4059.569999999985;5630.669999996513;6001.999999999993;eev,integrated,separated,ws;lintim;SiouxFalls;SiouxFalls;True;False;1e-05;6000;1;2;20;100;5000;-5;50;0.75;2;55;50;10;10;16;1197;1197
12306543;198;g_000;1;1;38;line_consecutive;0.5;1198;5;8;17-19;2,13,14;66834.16999999978;70656.745;77253.215;76054.965;3822.575000000216;6596.470000000001;5398.220000000001;eev,integrated,separated,ws;lintim;SiouxFalls;SiouxFalls;True;False;1e-05;6000;1;2;20;100;5000;-5;50;0.75;2;55;50;10;10;16;1198;1198
12306543;199;g_000;1;1;38;line_consecutive;0.5;1199;5;9;19-20;2;59389.14499979011;63208.5700000189;67040.38990175;67040.38990175;3819.4250002287954;3831.819901731091;3831.819901731091;eev,integrated,separated,ws;lintim;SiouxFalls;SiouxFalls;True;False;1e-05;6000;1;2;20;100;5000;-5;50;0.75;2;55;50;10;10;16;1199;1199
12306543;200;g_000;1;1;38;line_consecutive;0.5;1200;5;10;3-4;3,4;57454.9;59257.75;63551.28;63551.28;1802.8499999999983;4293.529999999999;4293.529999999999;eev,integrated,separated,ws;lintim;SiouxFalls;SiouxFalls;True;False;1e-05;6000;1;2;20;100;5000;-5;50;0.75;2;55;50;10;10;16;1200;1200
12306543;201;g_000;1;1;38;line_consecutive;0.5;1201;5;11;4-5;3;51140.24;51140.24000000001;51140.23999999999;51140.24;1.4551915228366852e-11;-2.182787284255028e-11;-1.4551915228366852e-11;eev,integrated,separated,ws;lintim;SiouxFalls;SiouxFalls;True;False;1e-05;6000;1;2;20;100;5000;-5;50;0.75;2;55;50;10;10;16;1201;1201
12306543;202;g_000;1;1;38;line_consecutive;0.5;1202;5;12;5-9;3,9;51271.240000000005;51402.239999999816;53881.58;53881.58;130.99999999981085;2479.3400000001857;2479.3400000001857;eev,integrated,separated,ws;lintim;SiouxFalls;SiouxFalls;True;False;1e-05;6000;1;2;20;100;5000;-5;50;0.75;2;55;50;10;10;16;1202;1202
12306543;203;g_000;1;1;38;line_consecutive;0.5;1203;5;13;8-9;3,7;51140.240000000005;51140.240000000005;51140.23999999999;51140.23999999999;0.0;-1.4551915228366852e-11;-1.4551915228366852e-11;eev,integrated,separated,ws;lintim;SiouxFalls;SiouxFalls;True;False;1e-05;6000;1;2;20;100;5000;-5;50;0.75;2;55;50;10;10;16;1203;1203
12306543;204;g_000;1;1;38;line_consecutive;0.5;1204;5;14;7-8;3,7,11;51140.24;51140.24;51140.23999999999;51140.240000000005;0.0;-7.275957614183426e-12;7.275957614183426e-12;eev,integrated,separated,ws;lintim;SiouxFalls;SiouxFalls;True;False;1e-05;6000;1;2;20;100;5000;-5;50;0.75;2;55;50;10;10;16;1204;1204
12306543;205;g_000;1;1;38;line_consecutive;0.5;1205;5;15;7-18;3,11;51140.240000000005;51140.24;51140.23999999999;51140.23999999999;-7.275957614183426e-12;-7.275957614183426e-12;-7.275957614183426e-12;eev,integrated,separated,ws;lintim;SiouxFalls;SiouxFalls;True;False;1e-05;6000;1;2;20;100;5000;-5;50;0.75;2;55;50;10;10;16;1205;1205
12306543;206;g_000;1;1;38;line_consecutive;0.5;1206;5;16;1-3;4,8,12;69403.64999999566;70925.755;74087.225;74087.225;1522.105000004347;3161.470000000001;3161.470000000001;eev,integrated,separated,ws;lintim;SiouxFalls;SiouxFalls;True;False;1e-05;6000;1;2;20;100;5000;-5;50;0.75;2;55;50;10;10;16;1206;1206
12306543;207;g_000;1;1;38;line_consecutive;0.5;1207;5;17;4-11;4;54638.48999999836;56904.34000000001;61998.12999998506;61998.12999998506;2265.85000000165;5093.789999985049;5093.789999985049;eev,integrated,separated,ws;lintim;SiouxFalls;SiouxFalls;True;False;1e-05;6000;1;2;20;100;5000;-5;50;0.75;2;55;50;10;10;16;1207;1207
12306543;208;g_000;1;1;38;line_consecutive;0.5;1208;5;18;11-14;4,8,10;57943.785;61031.31000000003;67252.625;67252.625;3087.5250000000237;6221.314999999973;6221.314999999973;eev,integrated,separated,ws;lintim;SiouxFalls;SiouxFalls;True;False;1e-05;6000;1;2;20;100;5000;-5;50;0.75;2;55;50;10;10;16;1208;1208
12306543;209;g_000;1;1;38;line_consecutive;0.5;1209;5;19;14-23;4,10;56512.49;59527.77;64794.94499999999;64794.94500000001;3015.279999999999;5267.174999999996;5267.17500000001;eev,integrated,separated,ws;lintim;SiouxFalls;SiouxFalls;True;False;1e-05;6000;1;2;20;100;5000;-5;50;0.75;2;55;50;10;10;16;1209;1209
12306543;210;g_000;1;1;38;line_consecutive;0.5;1210;5;20;23-24;4;54638.49;56904.34;61998.12999999999;61998.13;2265.8499999999985;5093.789999999994;5093.790000000001;eev,integrated,separated,ws;lintim;SiouxFalls;SiouxFalls;True;False;1e-05;6000;1;2;20;100;5000;-5;50;0.75;2;55;50;10;10;16;1210;1210
12306543;211;g_000;1;1;38;line_consecutive;0.5;1211;5;21;10-15;5,9;52242.85999999855;52460.835000000014;54935.705;54935.705;217.975000001461;2474.869999999988;2474.869999999988;eev,integrated,separated,ws;lintim;SiouxFalls;SiouxFalls;True;False;1e-05;6000;1;2;20;100;5000;-5;50;0.75;2;55;50;10;10;16;1211;1211
12306543;212;g_000;1;1;38;line_consecutive;0.5;1212;5;22;15-22;5,13;53700.285;54622.54500000002;56012.97499999999;56012.975000000006;922.2600000000166;1390.4299999999712;1390.4299999999855;eev,integrated,separated,ws;lintim;SiouxFalls;SiouxFalls;True;False;1e-05;6000;1;2;20;100;5000;-5;50;0.75;2;55;50;10;10;16;1212;1212
12306543;213;g_000;1;1;38;line_consecutive;0.5;1213;5;23;22-23;5;51792.38;52072.59500000001;52072.595;52072.595;280.21500000001106;-7.275957614183426e-12;-7.275957614183426e-12;eev,integrated,separated,ws;lintim;SiouxFalls;SiouxFalls;True;False;1e-05;6000;1;2;20;100;5000;-5;50;0.75;2;55;50;10;10;16;1213;1213
12306543;214;g_000;1;1;38;line_consecutive;0.5;1214;5;24;13-24;6;53707.670000000006;54236.72;55758.295;55758.295;529.0499999999956;1521.574999999997;1521.574999999997;eev,integrated,separated,ws;lintim;SiouxFalls;SiouxFalls;True;False;1e-05;6000;1;2;20;100;5000;-5;50;0.75;2;55;50;10;10;16;1214;1214
12306543;215;g_000;1;1;38;line_consecutive;0.5;1215;5;25;21-24;6;53707.670000000006;54236.72;55758.295;55758.295;529.0499999999956;1521.574999999997;1521.574999999997;eev,integrated,separated,ws;lintim;SiouxFalls;SiouxFalls;True;False;1e-05;6000;1;2;20;100;5000;-5;50;0.75;2;55;50;10;10;16;1215;1215
12306543;216;g_000;1;1;38;line_consecutive;0.5;1216;5;26;20-21;6;53707.67;54236.72000000002;55758.295;55758.295;529.0500000000247;1521.5749999999753;1521.5749999999753;eev,integrated,separated,ws;lintim;SiouxFalls;SiouxFalls;True;False;1e-05;6000;1;2;20;100;5000;-5;50;0.75;2;55;50;10;10;16;1216;1216
12306543;217;g_000;1;1;38;line_consecutive;0.5;1217;5;27;9-10;7,9;51773.55;52406.860000000015;54069.65999999999;54069.66;633.3100000000122;1662.7999999999738;1662.7999999999884;eev,integrated,separated,ws;lintim;SiouxFalls;SiouxFalls;True;False;1e-05;6000;1;2;20;100;5000;-5;50;0.75;2;55;50;10;10;16;1217;1217
12306543;218;g_000;1;1;38;line_consecutive;0.5;1218;5;28;3-12;8,12;51140.240000000005;51140.240000000005;51140.23999999999;51140.23999999999;0.0;-1.4551915228366852e-11;-1.4551915228366852e-11;eev,integrated,separated,ws;lintim;SiouxFalls;SiouxFalls;True;False;1e-05;6000;1;2;20;100;5000;-5;50;0.75;2;55;50;10;10;16;1218;1218
12306543;219;g_000;1;1;38;line_consecutive;0.5;1219;5;29;5-6;9;51271.240000000005;51402.24000000001;53881.58;53881.58;131.00000000000728;2479.339999999989;2479.339999999989;eev,integrated,separated,ws;lintim;SiouxFalls;SiouxFalls;True;False;1e-05;6000;1;2;20;100;5000;-5;50;0.75;2;55;50;10;10;16;1219;1219
12306543;220;g_000;1;1;38;line_consecutive;0.5;1220;5;30;15-19;9,13,14;51730.349999998405;52320.46000000001;55811.285;55811.285;590.1100000016013;3490.824999999997;3490.824999999997;eev,integrated,separated,ws;lintim;SiouxFalls;SiouxFalls;True;False;1e-05;6000;1;2;20;100;5000;-5;50;0.75;2;55;50;10;10;16;1220;1220
12306543;221;g_000;1;1;38;line_consecutive;0.5;1221;5;31;20-22;11;51140.240000000005;51140.240000000005;51140.23999999999;51140.240000000005;0.0;-1.4551915228366852e-11;0.0;eev,integrated,separated,ws;lintim;SiouxFalls;SiouxFalls;True;False;1e-05;6000;1;2;20;100;5000;-5;50;0.75;2;55;50;10;10;16;1221;1221
12306543;222;g_000;1;1;38;line_consecutive;0.5;1222;5;32;18-20;11;51140.23999999999;51140.240000000005;51140.23999999999;51140.240000000005;1.4551915228366852e-11;-1.4551915228366852e-11;0.0;eev,integrated,separated,ws;lintim;SiouxFalls;SiouxFalls;True;False;1e-05;6000;1;2;20;100;5000;-5;50;0.75;2;55;50;10;10;16;1222;1222
12306543;223;g_000;1;1;38;line_consecutive;0.5;1223;5;33;12-13;12;51140.24;51140.24000000001;51140.23999999999;51140.24;1.4551915228366852e-11;-2.182787284255028e-11;-1.4551915228366852e-11;eev,integrated,separated,ws;lintim;SiouxFalls;SiouxFalls;True;False;1e-05;6000;1;2;20;100;5000;-5;50;0.75;2;55;50;10;10;16;1223;1223
12306543;224;g_000;1;1;38;line_consecutive;0.5;1224;5;34;1-2;12;51140.24;51140.23999999907;51140.23999999999;51140.24;-9.313225746154783e-10;9.240466170012951e-10;9.313225746154783e-10;eev,integrated,separated,ws;lintim;SiouxFalls;SiouxFalls;True;False;1e-05;6000;1;2;20;100;5000;-5;50;0.75;2;55;50;10;10;16;1224;1224
12306543;225;g_000;1;1;38;line_consecutive;0.5;1225;5;35;21-22;13;51402.15999999825;51664.08000000001;52140.22499999999;52140.22499999999;261.92000000175904;476.1449999999823;476.1449999999823;eev,integrated,separated,ws;lintim;SiouxFalls;SiouxFalls;True;False;1e-05;6000;1;2;20;100;5000;-5;50;0.75;2;55;50;10;10;16;1225;1225
12306543;226;g_000;1;1;38;line_consecutive;0.5;1226;5;36;14-15;14;51307.5;51474.76000000001;51976.87;51976.87;167.2600000000093;502.1099999999933;502.1099999999933;eev,integrated,separated,ws;lintim;SiouxFalls;SiouxFalls;True;False;1e-05;6000;1;2;20;100;5000;-5;50;0.75;2;55;50;10;10;16;1226;1226
12306543;227;g_000;1;1;38;line_consecutive;0.5;1227;5;37;10-17;14;51307.5;51474.76;51976.87;51976.87;167.26000000000204;502.1100000000006;502.1100000000006;eev,integrated,separated,ws;lintim;SiouxFalls;SiouxFalls;True;False;1e-05;6000;1;2;20;100;5000;-5;50;0.75;2;55;50;10;10;16;1227;1227
12306543;228;g_000;1;1;38;line_consecutive;0.5;1228;6;0;11-12;1,7,8;54634.838;54733.39999999936;54789.60799999999;54789.60799999999;98.5619999993578;56.20800000063173;56.20800000063173;eev,integrated,separated,ws;lintim;SiouxFalls;SiouxFalls;True;False;1e-05;6000;1;2;20;1000;50;-5;50;0.75;2;55;50;10;10;16;1228;1228
12306543;229;g_000;1;1;38;line_consecutive;0.5;1229;6;1;10-11;1,7,10;55116.25999999995;55450.12399999964;55790.294;55561.01800000001;333.86399999968853;340.17000000036205;110.8940000003713;eev,integrated,separated,ws;lintim;SiouxFalls;SiouxFalls;True;False;1e-05;6000;1;2;20;1000;50;-5;50;0.75;2;55;50;10;10;16;1229;1229
12306543;230;g_000;1;1;38;line_consecutive;0.5;1230;6;2;10-16;1,10;52862.912;53027.832;53441.10199999745;53140.92199999957;164.92000000000553;413.2699999974502;113.08999999956724;eev,integrated,separated,ws;lintim;SiouxFalls;SiouxFalls;True;False;1e-05;6000;1;2;20;1000;50;-5;50;0.75;2;55;50;10;10;16;1230;1230
12306543;231;g_000;1;1;38;line_consecutive;0.5;1231;6;3;16-18;1;52361.288;52495.99199999999;54554.288;54554.288;134.70399999999063;2058.2960000000094;2058.2960000000094;eev,integrated,separated,ws;lintim;SiouxFalls;SiouxFalls;True;False;1e-05;6000;1;2;20;1000;50;-5;50;0.75;2;55;50;10;10;16;1231;1231
12306543;232;g_000;1;1;38;line_consecutive;0.5;1232;6;4;2-6;2;57333.77;57851.81000000637;58471.97;57851.81;518.0400000063746;620.1599999936298;-6.373738870024681e-09;eev,integrated,separated,ws;lintim;SiouxFalls;SiouxFalls;True;False;1e-05;6000;1;2;20;1000;50;-5;50;0.75;2;55;50;10;10;16;1232;1232
12306543;233;g_000;1;1;38;line_consecutive;0.5;1233;6;5;6-8;2;55185.536;55415.26400000858;55453.03999999577;55415.264;229.72800000858115;37.775999987192336;-8.578354027122259e-09;eev,integrated,separated,ws;lintim;SiouxFalls;SiouxFalls;True;False;1e-05;6000;1;2;20;1000;50;-5;50;0.75;2;55;50;10;10;16;1233;1233
12306543;234;g_000;1;1;38;line_consecutive;0.5;1234;6;6;8-16;2,10,13;54934.4;55394.58399999999;55567.292;55533.768;460.18399999998655;172.70800000001327;139.18400000000838;eev,integrated,separated,ws;lintim;SiouxFalls;SiouxFalls;True;False;1e-05;6000;1;2;20;1000;50;-5;50;0.75;2;55;50;10;10;16;1234;1234
12306543;235;g_000;1;1;38;line_consecutive;0.5;1235;6;7;16-17;2,13;54156.872;54477.224;54713.408;54606.252;320.3519999999989;236.1840000000011;129.02799999999843;eev,integrated,separated,ws;lintim;SiouxFalls;SiouxFalls;True;False;1e-05;6000;1;2;20;1000;50;-5;50;0.75;2;55;50;10;10;16;1235;1235
12306543;236;g_000;1;1;38;line_consecutive;0.5;1236;6;8;17-19;2,13,14;59429.024000000005;60409.89199999999;61001.88799999999;63126.33200000001;980.8679999999875;591.9959999999992;2716.440000000017;eev,integrated,separated,ws;lintim;SiouxFalls;SiouxFalls;True;False;1e-05;6000;1;2;20;1000;50;-5;50;0.75;2;55;50;10;10;16;1236;1236
12306543;237;g_000;1;1;38;line_consecutive;0.5;1237;6;9;19-20;2;54151.91;54381.63800001183;54391.958;54381.63799999999;229.72800001182625;10.319999988169002;-1.1837983038276434e-08;eev,integrated,separated,ws;lintim;SiouxFalls;SiouxFalls;True;False;1e-05;6000;1;2;20;1000;50;-5;50;0.75;2;55;50;10;10;16;1237;1237
12306543;238;g_000;1;1;38;line_consecutive;0.5;1238;6;10;3-4;3,4;53527.18399999984;53827.842;53940.776;53940.776;300.6580000001559;112.9340000000011;112.9340000000011;eev,integrated,separated,ws;lintim;SiouxFalls;SiouxFalls;True;False;1e-05;6000;1;2;20;1000;50;-5;50;0.75;2;55;50;10;10;16;1238;1238
12306543;239;g_000;1;1;38;line_consecutive;0.5;1239;6;11;4-5;3;51140.240000000005;51140.24;51140.23999999999;51140.23999999999;-7.275957614183426e-12;-7.275957614183426e-12;-7.275957614183426e-12;eev,integrated,separated,ws;lintim;SiouxFalls;SiouxFalls;True;False;1e-05;6000;1;2;20;1000;50;-5;50;0.75;2;55;50;10;10;16;1239;1239
12306543;240;g_000;1;1;38;line_consecutive;0.5;1240;6;12;5-9;3,9;51297.44;51402.24;51524.23999999999;51524.24;104.79999999999563;121.99999999999272;122.0;eev,integrated,separated,ws;lintim;SiouxFalls;SiouxFalls;True;False;1e-05;6000;1;2;20;1000;50;-5;50;0.75;2;55;50;10;10;16;1240;1240
12306543;241;g_000;1;1;38;line_consecutive;0.5;1241;6;13;8-9;3,7;51140.240000000005;51140.23999999999;51140.23999999999;51140.24000000006;-1.4551915228366852e-11;0.0;7.275957614183426e-11;eev,integrated,separated,ws;lintim;SiouxFalls;SiouxFalls;True;False;1e-05;6000;1;2;20;1000;50;-5;50;0.75;2;55;50;10;10;16;1241;1241
12306543;242;g_000;1;1;38;line_consecutive;0.5;1242;6;14;7-8;3,7,11;51140.24;51140.2400003323;51140.23999999999;51140.24;3.3230026019737124e-07;-3.323075361549855e-07;-3.3230026019737124e-07;eev,integrated,separated,ws;lintim;SiouxFalls;SiouxFalls;True;False;1e-05;6000;1;2;20;1000;50;-5;50;0.75;2;55;50;10;10;16;1242;1242
12306543;243;g_000;1;1;38;line_consecutive;0.5;1243;6;15;7-18;3,11;51140.240000000136;51140.23999999999;51140.23999999999;51140.240000000005;-1.4551915228366852e-10;0.0;1.4551915228366852e-11;eev,integrated,separated,ws;lintim;SiouxFalls;SiouxFalls;True;False;1e-05;6000;1;2;20;1000;50;-5;50;0.75;2;55;50;10;10;16;1243;1243
12306543;244;g_000;1;1;38;line_consecutive;0.5;1244;6;16;1-3;4,8,12;54946.24399999999;55368.53999999949;57676.73;57676.73;422.29599999950005;2308.190000000512;2308.190000000512;eev,integrated,separated,ws;lintim;SiouxFalls;SiouxFalls;True;False;1e-05;6000;1;2;20;1000;50;-5;50;0.75;2;55;50;10;10;16;1244;1244
12306543;245;g_000;1;1;38;line_consecutive;0.5;1245;6;17;4-11;4;52810.442;53098.08199999715;53236.772;53236.772;287.63999999714724;138.69000000284723;138.69000000284723;eev,integrated,separated,ws;lintim;SiouxFalls;SiouxFalls;True;False;1e-05;6000;1;2;20;1000;50;-5;50;0.75;2;55;50;10;10;16;1245;1245
12306543;246;g_000;1;1;38;line_consecutive;0.5;1246;6;18;11-14;4,8,10;53480.942;53629.34200008391;54051.416;54051.416;148.4000000839078;422.0739999160869;422.0739999160869;eev,integrated,separated,ws;lintim;SiouxFalls;SiouxFalls;True;False;1e-05;6000;1;2;20;1000;50;-5;50;0.75;2;55;50;10;10;16;1246;1246
12306543;247;g_000;1;1;38;line_consecutive;0.5;1247;6;19;14-23;4,10;53315.61199999915;53403.84399999999;53587.988;53587.988;88.23200000084034;184.1440000000075;184.1440000000075;eev,integrated,separated,ws;lintim;SiouxFalls;SiouxFalls;True;False;1e-05;6000;1;2;20;1000;50;-5;50;0.75;2;55;50;10;10;16;1247;1247
12306543;248;g_000;1;1;38;line_consecutive;0.5;1248;6;20;23-24;4;53115.506;53115.506;53115.506;53115.506;0.0;0.0;0.0;eev,integrated,separated,ws;lintim;SiouxFalls;SiouxFalls;True;False;1e-05;6000;1;2;20;1000;50;-5;50;0.75;2;55;50;10;10;16;1248;1248
12306543;249;g_000;1;1;38;line_consecutive;0.5;1249;6;21;10-15;5,9;51958.712;52063.51200000962;52287.734;52287.734;104.80000000962173;224.22199999037548;224.22199999037548;eev,integrated,separated,ws;lintim;SiouxFalls;SiouxFalls;True;False;1e-05;6000;1;2;20;1000;50;-5;50;0.75;2;55;50;10;10;16;1249;1249
12306543;250;g_000;1;1;38;line_consecutive;0.5;1250;6;22;15-22;5,13;52531.094;52531.094000000005;52531.094;52531.094;7.275957614183426e-12;-7.275957614183426e-12;-7.275957614183426e-12;eev,integrated,separated,ws;lintim;SiouxFalls;SiouxFalls;True;False;1e-05;6000;1;2;20;1000;50;-5;50;0.75;2;55;50;10;10;16;1250;1250
12306543;251;g_000;1;1;38;line_consecutive;0.5;1251;6;23;22-23;5;51639.72200000001;51639.722;51639.722;51639.722;-7.275957614183426e-12;0.0;0.0;eev,integrated,separated,ws;lintim;SiouxFalls;SiouxFalls;True;False;1e-05;6000;1;2;20;1000;50;-5;50;0.75;2;55;50;10;10;16;1251;1251
12306543;252;g_000;1;1;38;line_consecutive;0.5;1252;6;24;13-24;6;53124.674;53379.834;53692.238;53692.238;255.1600000000035;312.403999999995;312.403999999995;eev,integrated,separated,ws;lintim;SiouxFalls;SiouxFalls;True;False;1e-05;6000;1;2;20;1000;50;-5;50;0.75;2;55;50;10;10;16;1252;1252
12306543;253;g_000;1;1;38;line_consecutive;0.5;1253;6;25;21-24;6;51917.780000000006;51940.18999999732;51940.19;51940.19;22.409999997311388;2.684828359633684e-09;2.684828359633684e-09;eev,integrated,separated,ws;lintim;SiouxFalls;SiouxFalls;True;False;1e-05;6000;1;2;20;1000;50;-5;50;0.75;2;55;50;10;10;16;1253;1253
12306543;254;g_000;1;1;38;line_consecutive;0.5;1254;6;26;20-21;6;51944.42;51983.12000000001;51983.12;51983.12;38.70000000001164;-7.275957614183426e-12;-7.275957614183426e-12;eev,integrated,separated,ws;lintim;SiouxFalls;SiouxFalls;True;False;1e-05;6000;1;2;20;1000;50;-5;50;0.75;2;55;50;10;10;16;1254;1254
12306543;255;g_000;1;1;38;line_consecutive;0.5;1255;6;27;9-10;7,9;51900.212;51947.072;51947.072;51947.072;46.86000000000058;0.0;0.0;eev,integrated,separated,ws;lintim;SiouxFalls;SiouxFalls;True;False;1e-05;6000;1;2;20;1000;50;-5;50;0.75;2;55;50;10;10;16;1255;1255
12306543;256;g_000;1;1;38;line_consecutive;0.5;1256;6;28;3-12;8,12;51140.2400000004;51140.23999999999;51140.23999999999;51140.24;-4.074536263942719e-10;0.0;7.275957614183426e-12;eev,integrated,separated,ws;lintim;SiouxFalls;SiouxFalls;True;False;1e-05;6000;1;2;20;1000;50;-5;50;0.75;2;55;50;10;10;16;1256;1256
12306543;257;g_000;1;1;38;line_consecutive;0.5;1257;6;29;5-6;9;51297.44;51402.23999999999;51524.23999999999;51524.23999999999;104.79999999998836;122.0;122.0;eev,integrated,separated,ws;lintim;SiouxFalls;SiouxFalls;True;False;1e-05;6000;1;2;20;1000;50;-5;50;0.75;2;55;50;10;10;16;1257;1257
12306543;258;g_000;1;1;38;line_consecutive;0.5;1258;6;30;15-19;9,13,14;51828.428;52124.868;52569.58399999999;52569.584;296.4400000000023;444.7159999999858;444.7160000000004;eev,integrated,separated,ws;lintim;SiouxFalls;SiouxFalls;True;False;1e-05;6000;1;2;20;1000;50;-5;50;0.75;2;55;50;10;10;16;1258;1258
12306543;259;g_000;1;1;38;line_consecutive;0.5;1259;6;31;20-22;11;51140.240000000005;51140.23999999999;51140.23999999999;51140.24;-1.4551915228366852e-11;0.0;7.275957614183426e-12;eev,integrated,separated,ws;lintim;SiouxFalls;SiouxFalls;True;False;1e-05;6000;1;2;20;1000;50;-5;50;0.75;2;55;50;10;10;16;1259;1259
12306543;260;g_000;1;1;38;line_consecutive;0.5;1260;6;32;18-20;11;51140.23999999993;51140.23999999975;51140.23999999999;51140.24;-1.8189894035458562e-10;2.40106601268053e-10;2.473825588822365e-10;eev,integrated,separated,ws;lintim;SiouxFalls;SiouxFalls;True;False;1e-05;6000;1;2;20;1000;50;-5;50;0.75;2;55;50;10;10;16;1260;1260
12306543;261;g_000;1;1;38;line_consecutive;0.5;1261;6;33;12-13;12;51140.240000000085;51140.24;51140.23999999999;51140.240000000005;-8.731149137020111e-11;-7.275957614183426e-12;7.275957614183426e-12;eev,integrated,separated,ws;lintim;SiouxFalls;SiouxFalls;True;False;1e-05;6000;1;2;20;1000;50;-5;50;0.75;2;55;50;10;10;16;1261;1261
12306543;262;g_000;1;1;38;line_consecutive;0.5;1262;6;34;1-2;12;51140.24;51140.23999999999;51140.23999999999;51140.240000000005;-7.275957614183426e-12;0.0;1.4551915228366852e-11;eev,integrated,separated,ws;lintim;SiouxFalls;SiouxFalls;True;False;1e-05;6000;1;2;20;1000;50;-5;50;0.75;2;55;50;10;10;16;1262;1262
12306543;263;g_000;1;1;38;line_consecutive;0.5;1263;6;35;21-22;13;51454.54400000001;51654.46400000001;51654.46399999999;51654.46399999999;199.91999999999825;-1.4551915228366852e-11;-1.4551915228366852e-11;eev,integrated,separated,ws;lintim;SiouxFalls;SiouxFalls;True;False;1e-05;6000;1;2;20;1000;50;-5;50;0.75;2;55;50;10;10;16;1263;1263
12306543;264;g_000;1;1;38;line_consecutive;0.5;1264;6;36;14-15;14;51340.952000000005;51474.76;51501.53;51501.52999999999;133.80799999999726;26.7699999999968;26.769999999989523;eev,integrated,separated,ws;lintim;SiouxFalls;SiouxFalls;True;False;1e-05;6000;1;2;20;1000;50;-5;50;0.75;2;55;50;10;10;16;1264;1264
12306543;265;g_000;1;1;38;line_consecutive;0.5;1265;6;37;10-17;14;51340.952000000005;51474.76;51669.572;51669.57199999999;133.80799999999726;194.81199999999808;194.8119999999908;eev,integrated,separated,ws;lintim;SiouxFalls;SiouxFalls;True;False;1e-05;6000;1;2;20;1000;50;-5;50;0.75;2;55;50;10;10;16;1265;1265
12306543;266;g_000;1;1;38;line_consecutive;0.5;1266;7;0;11-12;1,7,8;58210.61799999976;61240.77994859645;75557.836;70413.5;3030.161948596688;14317.056051403546;9172.72005140355;eev,integrated,separated,ws;lintim;SiouxFalls;SiouxFalls;True;False;1e-05;6000;1;2;20;1000;500;-5;50;0.75;2;55;50;10;10;16;1266;1266
12306543;267;g_000;1;1;38;line_consecutive;0.5;1267;7;1;10-11;1,7,10;58836.59999999999;62135.03999999999;83277.30299999876;71990.222;3298.4400000000023;21142.26299999877;9855.182;eev,integrated,separated,ws;lintim;SiouxFalls;SiouxFalls;True;False;1e-05;6000;1;2;20;1000;500;-5;50;0.75;2;55;50;10;10;16;1267;1267
12306543;268;g_000;1;1;38;line_consecutive;0.5;1268;7;2;10-16;1,10;54805.244;56375.95999999523;71792.17899999999;63738.00399999999;1570.7159999952346;15416.219000004756;7362.04400000476;eev,integrated,separated,ws;lintim;SiouxFalls;SiouxFalls;True;False;1e-05;6000;1;2;20;1000;500;-5;50;0.75;2;55;50;10;10;16;1268;1268
12306543;269;g_000;1;1;38;line_consecutive;0.5;1269;7;3;16-18;1;53354.64799999976;54303.68000000082;75381.65999999999;65036.264;949.0320000010616;21077.979999999166;10732.58399999918;eev,integrated,separated,ws;lintim;SiouxFalls;SiouxFalls;True;False;1e-05;6000;1;2;20;1000;500;-5;50;0.75;2;55;50;10;10;16;1269;1269
12306543;270;g_000;1;1;38;line_consecutive;0.5;1270;7;4;2-6;2;63623.32599997162;68973.22;102533.925;84785.78300000002;5349.894000028384;33560.705;15812.563000000024;eev,integrated,separated,ws;lintim;SiouxFalls;SiouxFalls;True;False;1e-05;6000;1;2;20;1000;500;-5;50;0.75;2;55;50;10;10;16;1270;1270
12306543;271;g_000;1;1;38;line_consecutive;0.5;1271;7;5;6-8;2;63477.796;66572.31999999977;76331.84;68860.188;3094.523999999772;9759.520000000222;2287.8680000002205;eev,integrated,separated,ws;lintim;SiouxFalls;SiouxFalls;True;False;1e-05;6000;1;2;20;1000;500;-5;50;0.75;2;55;50;10;10;16;1271;1271
12306543;272;g_000;1;1;38;line_consecutive;0.5;1272;7;6;8-16;2,10,13;64123.182;67155.512;84541.49600000001;68845.258;3032.3300000000017;17385.98400000001;1689.7459999999992;eev,integrated,separated,ws;lintim;SiouxFalls;SiouxFalls;True;False;1e-05;6000;1;2;20;1000;500;-5;50;0.75;2;55;50;10;10;16;1272;1272
12306543;273;g_000;1;1;38;line_consecutive;0.5;1273;7;7;16-17;2,13;63669.652;65849.428;77555.07599999999;66520.98400000001;2179.775999999998;11705.647999999986;671.5560000000114;eev,integrated,separated,ws;lintim;SiouxFalls;SiouxFalls;True;False;1e-05;6000;1;2;20;1000;500;-5;50;0.75;2;55;50;10;10;16;1273;1273
12306543;274;g_000;1;1;38;line_consecutive;0.5;1274;7;8;17-19;2,13,14;73824.66399999999;76398.57500000001;95582.414;76398.575;2573.911000000022;19183.838999999996;-1.4551915228366852e-11;eev,integrated,separated,ws;lintim;SiouxFalls;SiouxFalls;True;False;1e-05;6000;1;2;20;1000;500;-5;50;0.75;2;55;50;10;10;16;1274;1274
12306543;275;g_000;1;1;38;line_consecutive;0.5;1275;7;9;19-20;2;63623.326;67840.75499999999;81897.911;72134.011;4217.428999999989;14057.156000000004;4293.2560000000085;eev,integrated,separated,ws;lintim;SiouxFalls;SiouxFalls;True;False;1e-05;6000;1;2;20;1000;500;-5;50;0.75;2;55;50;10;10;16;1275;1275
12306543;276;g_000;1;1;38;line_consecutive;0.5;1276;7;10;3-4;3,4;61171.548;62031.474;71741.814;71741.8139683715;859.9259999999995;9710.339999999997;9710.339968371496;eev,integrated,separated,ws;lintim;SiouxFalls;SiouxFalls;True;False;1e-05;6000;1;2;20;1000;500;-5;50;0.75;2;55;50;10;10;16;1276;1276
12306543;277;g_000;1;1;38;line_consecutive;0.5;1277;7;11;4-5;3;51140.24000004101;51140.23999999999;51140.23999999999;51140.23999999999;-4.102184902876616e-08;0.0;0.0;eev,integrated,separated,ws;lintim;SiouxFalls;SiouxFalls;True;False;1e-05;6000;1;2;20;1000;500;-5;50;0.75;2;55;50;10;10;16;1277;1277
12306543;278;g_000;1;1;38;line_consecutive;0.5;1278;7;12;5-9;3,9;51323.64;51402.24;55620.23999999999;55620.24;78.59999999999854;4217.999999999993;4218.0;eev,integrated,separated,ws;lintim;SiouxFalls;SiouxFalls;True;False;1e-05;6000;1;2;20;1000;500;-5;50;0.75;2;55;50;10;10;16;1278;1278
12306543;279;g_000;1;1;38;line_consecutive;0.5;1279;7;13;8-9;3,7;51140.24;51140.23999999999;51140.23999999999;51140.24;-7.275957614183426e-12;0.0;7.275957614183426e-12;eev,integrated,separated,ws;lintim;SiouxFalls;SiouxFalls;True;False;1e-05;6000;1;2;20;1000;500;-5;50;0.75;2;55;50;10;10;16;1279;1279
12306543;280;g_000;1;1;38;line_consecutive;0.5;1280;7;14;7-8;3,7,11;51140.24;51140.24;51140.23999999999;51140.23999999999;0.0;-7.275957614183426e-12;-7.275957614183426e-12;eev,integrated,separated,ws;lintim;SiouxFalls;SiouxFalls;True;False;1e-05;6000;1;2;20;1000;500;-5;50;0.75;2;55;50;10;10;16;1280;1280
12306543;281;g_000;1;1;38;line_consecutive;0.5;1281;7;15;7-18;3,11;51140.24;51140.24;51140.23999999999;51140.23999999999;0.0;-7.275957614183426e-12;-7.275957614183426e-12;eev,integrated,separated,ws;lintim;SiouxFalls;SiouxFalls;True;False;1e-05;6000;1;2;20;1000;500;-5;50;0.75;2;55;50;10;10;16;1281;1281
12306543;282;g_000;1;1;38;line_consecutive;0.5;1282;7;16;1-3;4,8,12;72716.57800000001;73033.29999999938;84470.145;84470.14500000002;316.72199999936856;11436.845000000629;11436.84500000064;eev,integrated,separated,ws;lintim;SiouxFalls;SiouxFalls;True;False;1e-05;6000;1;2;20;1000;500;-5;50;0.75;2;55;50;10;10;16;1282;1282
12306543;283;g_000;1;1;38;line_consecutive;0.5;1283;7;17;4-11;4;56037.78999999999;58136.73999999999;69084.19399999999;69084.19400000072;2098.949999999997;10947.453999999998;10947.454000000726;eev,integrated,separated,ws;lintim;SiouxFalls;SiouxFalls;True;False;1e-05;6000;1;2;20;1000;500;-5;50;0.75;2;55;50;10;10;16;1283;1283
12306543;284;g_000;1;1;38;line_consecutive;0.5;1284;7;18;11-14;4,8,10;61334.37499999997;62923.90599999999;76712.612;70660.70899999872;1589.5310000000172;13788.706000000006;7736.802999998734;eev,integrated,separated,ws;lintim;SiouxFalls;SiouxFalls;True;False;1e-05;6000;1;2;20;1000;500;-5;50;0.75;2;55;50;10;10;16;1284;1284
12306543;285;g_000;1;1;38;line_consecutive;0.5;1285;7;19;14-23;4,10;58661.39;60558.62;69115.946;65084.348;1897.2300000000032;8557.325999999994;4525.727999999996;eev,integrated,separated,ws;lintim;SiouxFalls;SiouxFalls;True;False;1e-05;6000;1;2;20;1000;500;-5;50;0.75;2;55;50;10;10;16;1285;1285
12306543;286;g_000;1;1;38;line_consecutive;0.5;1286;7;20;23-24;4;56037.78999999999;58136.74000001903;66296.71699999999;66296.71700000072;2098.9500000190383;8159.976999980958;8159.976999981685;eev,integrated,separated,ws;lintim;SiouxFalls;SiouxFalls;True;False;1e-05;6000;1;2;20;1000;500;-5;50;0.75;2;55;50;10;10;16;1286;1286
12306543;287;g_000;1;1;38;line_consecutive;0.5;1287;7;21;10-15;5,9;52683.908;53345.47999999968;62974.783;62974.783;661.57199999968;9629.30300000032;9629.30300000032;eev,integrated,separated,ws;lintim;SiouxFalls;SiouxFalls;True;False;1e-05;6000;1;2;20;1000;500;-5;50;0.75;2;55;50;10;10;16;1287;1287
12306543;288;g_000;1;1;38;line_consecutive;0.5;1288;7;22;15-22;5,13;55449.20199999999;56911.861;60202.23699999925;60202.23699999926;1462.659000000007;3290.3759999992544;3290.3759999992617;eev,integrated,separated,ws;lintim;SiouxFalls;SiouxFalls;True;False;1e-05;6000;1;2;20;1000;500;-5;50;0.75;2;55;50;10;10;16;1288;1288
12306543;289;g_000;1;1;38;line_consecutive;0.5;1289;7;23;22-23;5;52053.236;52444.52;55754.96899999975;55754.96899999975;391.2839999999997;3310.448999999753;3310.448999999753;eev,integrated,separated,ws;lintim;SiouxFalls;SiouxFalls;True;False;1e-05;6000;1;2;20;1000;500;-5;50;0.75;2;55;50;10;10;16;1289;1289
12306543;290;g_000;1;1;38;line_consecutive;0.5;1290;7;24;13-24;6;54853.488;56444.880000000005;70298.771;70298.771;1591.392000000007;13853.890999999989;13853.890999999989;eev,integrated,separated,ws;lintim;SiouxFalls;SiouxFalls;True;False;1e-05;6000;1;2;20;1000;500;-5;50;0.75;2;55;50;10;10;16;1290;1290
12306543;291;g_000;1;1;38;line_consecutive;0.5;1291;7;25;21-24;6;54853.488;56444.88;60641.515;60641.515;1591.3919999999998;4196.635000000002;4196.635000000002;eev,integrated,separated,ws;lintim;SiouxFalls;SiouxFalls;True;False;1e-05;6000;1;2;20;1000;500;-5;50;0.75;2;55;50;10;10;16;1291;1291
12306543;292;g_000;1;1;38;line_consecutive;0.5;1292;7;26;20-21;6;54853.48799999999;56150.62;59885.2;59885.2;1297.1320000000123;3734.5799999999945;3734.5799999999945;eev,integrated,separated,ws;lintim;SiouxFalls;SiouxFalls;True;False;1e-05;6000;1;2;20;1000;500;-5;50;0.75;2;55;50;10;10;16;1292;1292
12306543;293;g_000;1;1;38;line_consecutive;0.5;1293;7;27;9-10;7,9;52026.874;52406.85999999999;56049.12999999999;56049.13;379.9859999999899;3642.269999999997;3642.270000000004;eev,integrated,separated,ws;lintim;SiouxFalls;SiouxFalls;True;False;1e-05;6000;1;2;20;1000;500;-5;50;0.75;2;55;50;10;10;16;1293;1293
12306543;294;g_000;1;1;38;line_consecutive;0.5;1294;7;28;3-12;8,12;51140.24;51140.23999999878;51140.23999999999;51140.23999999999;-1.215084921568632e-09;1.2078089639544487e-09;1.2078089639544487e-09;eev,integrated,separated,ws;lintim;SiouxFalls;SiouxFalls;True;False;1e-05;6000;1;2;20;1000;500;-5;50;0.75;2;55;50;10;10;16;1294;1294
12306543;295;g_000;1;1;38;line_consecutive;0.5;1295;7;29;5-6;9;51323.63999999999;51402.24;55620.23999999999;55620.24;78.60000000000582;4217.999999999993;4218.0;eev,integrated,separated,ws;lintim;SiouxFalls;SiouxFalls;True;False;1e-05;6000;1;2;20;1000;500;-5;50;0.75;2;55;50;10;10;16;1295;1295
12306543;296;g_000;1;1;38;line_consecutive;0.5;1296;7;30;15-19;9,13,14;51966.39399999999;52320.45999999964;69099.608;69099.608;354.06599999964965;16779.14800000035;16779.14800000035;eev,integrated,separated,ws;lintim;SiouxFalls;SiouxFalls;True;False;1e-05;6000;1;2;20;1000;500;-5;50;0.75;2;55;50;10;10;16;1296;1296
12306543;297;g_000;1;1;38;line_consecutive;0.5;1297;7;31;20-22;11;51140.23999999999;51140.23999999999;51140.23999999999;51140.24;0.0;0.0;7.275957614183426e-12;eev,integrated,separated,ws;lintim;SiouxFalls;SiouxFalls;True;False;1e-05;6000;1;2;20;1000;500;-5;50;0.75;2;55;50;10;10;16;1297;1297
12306543;298;g_000;1;1;38;line_consecutive;0.5;1298;7;32;18-20;11;51140.24;51140.24;51140.23999999999;51140.24;0.0;-7.275957614183426e-12;0.0;eev,integrated,separated,ws;lintim;SiouxFalls;SiouxFalls;True;False;1e-05;6000;1;2;20;1000;500;-5;50;0.75;2;55;50;10;10;16;1298;1298
12306543;299;g_000;1;1;38;line_consecutive;0.5;1299;7;33;12-13;12;51140.2399999994;51140.24000000012;51140.23999999999;51140.239999999576;7.203198038041592e-10;-1.3096723705530167e-10;-5.456968210637568e-10;eev,integrated,separated,ws;lintim;SiouxFalls;SiouxFalls;True;False;1e-05;6000;1;2;20;1000;500;-5;50;0.75;2;55;50;10;10;16;1299;1299
12306543;300;g_000;1;1;38;line_consecutive;0.5;1300;7;34;1-2;12;51140.23999999999;51140.23999999904;51140.23999999999;51140.239999999576;-9.531504474580288e-10;9.531504474580288e-10;5.384208634495734e-10;eev,integrated,separated,ws;lintim;SiouxFalls;SiouxFalls;True;False;1e-05;6000;1;2;20;1000;500;-5;50;0.75;2;55;50;10;10;16;1300;1300
12306543;301;g_000;1;1;38;line_consecutive;0.5;1301;7;35;21-22;13;51506.92799999999;51664.08;55661.246;55661.246;157.15200000000914;3997.165999999997;3997.165999999997;eev,integrated,separated,ws;lintim;SiouxFalls;SiouxFalls;True;False;1e-05;6000;1;2;20;1000;500;-5;50;0.75;2;55;50;10;10;16;1301;1301
12306543;302;g_000;1;1;38;line_consecutive;0.5;1302;7;36;14-15;14;51374.40399999994;51474.76000000001;55341.745;55341.745;100.35600000007253;3866.984999999993;3866.984999999993;eev,integrated,separated,ws;lintim;SiouxFalls;SiouxFalls;True;False;1e-05;6000;1;2;20;1000;500;-5;50;0.75;2;55;50;10;10;16;1302;1302
12306543;303;g_000;1;1;38;line_consecutive;0.5;1303;7;37;10-17;14;51374.404;51474.76;55081.42199999727;55081.42199999727;100.35599999999975;3606.661999997268;3606.661999997268;eev,integrated,separated,ws;lintim;SiouxFalls;SiouxFalls;True;False;1e-05;6000;1;2;20;1000;500;-5;50;0.75;2;55;50;10;10;16;1303;1303
12306543;304;g_000;1;1;38;line_consecutive;0.5;1304;8;0;11-12;1,7,8;59220.67199993805;61240.77999990965;126549.12;84474.364;2020.107999971602;65308.34000009034;23233.584000090348;eev,integrated,separated,ws;lintim;SiouxFalls;SiouxFalls;True;False;1e-05;6000;1;2;20;1000;5000;-5;50;0.75;2;55;50;10;10;16;1304;1304
12306543;305;g_000;1;1;38;line_consecutive;0.5;1305;8;1;10-11;1,7,10;59936.08;62135.03999999999;147260.01600000003;89021.40799999997;2198.959999999992;85124.97600000004;26886.367999999973;eev,integrated,separated,ws;lintim;SiouxFalls;SiouxFalls;True;False;1e-05;6000;1;2;20;1000;5000;-5;50;0.75;2;55;50;10;10;16;1305;1305
12306543;306;g_000;1;1;38;line_consecutive;0.5;1306;8;2;10-16;1,10;55328.81599999999;56375.95999999292;147124.09599999854;81037.52399999999;1047.143999992928;90748.13600000562;24661.56400000707;eev,integrated,separated,ws;lintim;SiouxFalls;SiouxFalls;True;False;1e-05;6000;1;2;20;1000;5000;-5;50;0.75;2;55;50;10;10;16;1306;1306
12306543;307;g_000;1;1;38;line_consecutive;0.5;1307;8;3;16-18;1;53670.99199999921;54303.67999999901;126549.12;83959.104;632.6879999997982;72245.44000000099;29655.424000001;eev,integrated,separated,ws;lintim;SiouxFalls;SiouxFalls;True;False;1e-05;6000;1;2;20;1000;5000;-5;50;0.75;2;55;50;10;10;16;1307;1307
12306543;308;g_000;1;1;38;line_consecutive;0.5;1308;8;4;2-6;2;65406.62400000001;68973.22000000002;151258.096;95181.62799999995;3566.596000000005;82284.87599999997;26208.407999999938;eev,integrated,separated,ws;lintim;SiouxFalls;SiouxFalls;True;False;1e-05;6000;1;2;20;1000;5000;-5;50;0.75;2;55;50;10;10;16;1308;1308
12306543;309;g_000;1;1;38;line_consecutive;0.5;1309;8;5;6-8;2;65406.62399999912;68973.22000000153;151258.096;95181.628;3566.596000002406;82284.87599999846;26208.407999998468;eev,integrated,separated,ws;lintim;SiouxFalls;SiouxFalls;True;False;1e-05;6000;1;2;20;1000;5000;-5;50;0.75;2;55;50;10;10;16;1309;1309
12306543;310;g_000;1;1;38;line_consecutive;0.5;1310;8;6;8-16;2,10,13;68493.48800000001;72831.8;189858.856;108516.83999999995;4338.311999999991;117027.056;35685.03999999995;eev,integrated,separated,ws;lintim;SiouxFalls;SiouxFalls;True;False;1e-05;6000;1;2;20;1000;5000;-5;50;0.75;2;55;50;10;10;16;1310;1310
12306543;311;g_000;1;1;38;line_consecutive;0.5;1311;8;7;16-17;2,13;67676.256;71810.26000000001;171343.528;105838.80799999996;4134.004000000015;99533.26799999998;34028.54799999995;eev,integrated,separated,ws;lintim;SiouxFalls;SiouxFalls;True;False;1e-05;6000;1;2;20;1000;5000;-5;50;0.75;2;55;50;10;10;16;1311;1311
12306543;312;g_000;1;1;38;line_consecutive;0.5;1312;8;8;17-19;2,13,14;86434.7520001521;95258.38;189971.224;107552.97599999997;8823.6279998479;94712.84399999998;12294.59599999996;eev,integrated,separated,ws;lintim;SiouxFalls;SiouxFalls;True;False;1e-05;6000;1;2;20;1000;5000;-5;50;0.75;2;55;50;10;10;16;1312;1312
12306543;313;g_000;1;1;38;line_consecutive;0.5;1313;8;9;19-20;2;65406.62400001416;68973.22;151258.096;95181.62799999994;3566.5959999858387;82284.87599999999;26208.407999999938;eev,integrated,separated,ws;lintim;SiouxFalls;SiouxFalls;True;False;1e-05;6000;1;2;20;1000;5000;-5;50;0.75;2;55;50;10;10;16;1313;1313
12306543;314;g_000;1;1;38;line_consecutive;0.5;1314;8;10;3-4;3,4;64796.39999999999;68210.43999999997;143577.80000000002;109050.61999999998;3414.0399999999863;75367.36000000004;40840.18000000001;eev,integrated,separated,ws;lintim;SiouxFalls;SiouxFalls;True;False;1e-05;6000;1;2;20;1000;5000;-5;50;0.75;2;55;50;10;10;16;1314;1314
12306543;315;g_000;1;1;38;line_consecutive;0.5;1315;8;11;4-5;3;51140.24;51140.240000000005;51140.24;51140.240000000005;7.275957614183426e-12;-7.275957614183426e-12;0.0;eev,integrated,separated,ws;lintim;SiouxFalls;SiouxFalls;True;False;1e-05;6000;1;2;20;1000;5000;-5;50;0.75;2;55;50;10;10;16;1315;1315
12306543;316;g_000;1;1;38;line_consecutive;0.5;1316;8;12;5-9;3,9;51349.84;51402.24;68787.31199999999;68787.312;52.400000000001455;17385.071999999993;17385.072000000007;eev,integrated,separated,ws;lintim;SiouxFalls;SiouxFalls;True;False;1e-05;6000;1;2;20;1000;5000;-5;50;0.75;2;55;50;10;10;16;1316;1316
12306543;317;g_000;1;1;38;line_consecutive;0.5;1317;8;13;8-9;3,7;51140.240000000005;51140.23999999812;51140.24;51140.24;-1.8844730220735073e-09;1.877197064459324e-09;1.877197064459324e-09;eev,integrated,separated,ws;lintim;SiouxFalls;SiouxFalls;True;False;1e-05;6000;1;2;20;1000;5000;-5;50;0.75;2;55;50;10;10;16;1317;1317
12306543;318;g_000;1;1;38;line_consecutive;0.5;1318;8;14;7-8;3,7,11;51140.23999999999;51140.24;51140.23999999999;51140.24;7.275957614183426e-12;-7.275957614183426e-12;0.0;eev,integrated,separated,ws;lintim;SiouxFalls;SiouxFalls;True;False;1e-05;6000;1;2;20;1000;5000;-5;50;0.75;2;55;50;10;10;16;1318;1318
12306543;319;g_000;1;1;38;line_consecutive;0.5;1319;8;15;7-18;3,11;51140.240000000005;51140.23999999747;51140.23999999999;51140.24;-2.532033249735832e-09;2.517481334507465e-09;2.5247572921216484e-09;eev,integrated,separated,ws;lintim;SiouxFalls;SiouxFalls;True;False;1e-05;6000;1;2;20;1000;5000;-5;50;0.75;2;55;50;10;10;16;1319;1319
12306543;320;g_000;1;1;38;line_consecutive;0.5;1320;8;16;1-3;4,8,12;98813.13600000016;103967.77999999787;145812.88;124188.40799999997;5154.643999997716;41845.10000000213;20220.62800000209;eev,integrated,separated,ws;lintim;SiouxFalls;SiouxFalls;True;False;1e-05;6000;1;2;20;1000;5000;-5;50;0.75;2;55;50;10;10;16;1320;1320
12306543;321;g_000;1;1;38;line_consecutive;0.5;1321;8;17;4-11;4;56737.44;58136.74;143577.80000000002;109050.61999999998;1399.2999999999956;85441.06000000003;50913.87999999998;eev,integrated,separated,ws;lintim;SiouxFalls;SiouxFalls;True;False;1e-05;6000;1;2;20;1000;5000;-5;50;0.75;2;55;50;10;10;16;1321;1321
12306543;322;g_000;1;1;38;line_consecutive;0.5;1322;8;18;11-14;4,8,10;63161.39199999999;66166.68000000001;170105.76799999998;113551.69999999998;3005.288000000015;103939.08799999996;47385.019999999975;eev,integrated,separated,ws;lintim;SiouxFalls;SiouxFalls;True;False;1e-05;6000;1;2;20;1000;5000;-5;50;0.75;2;55;50;10;10;16;1322;1322
12306543;323;g_000;1;1;38;line_consecutive;0.5;1323;8;19;14-23;4,10;59735.83999999999;61884.740000000005;165078.744;113551.7;2148.900000000016;103194.004;51666.95999999999;eev,integrated,separated,ws;lintim;SiouxFalls;SiouxFalls;True;False;1e-05;6000;1;2;20;1000;5000;-5;50;0.75;2;55;50;10;10;16;1323;1323
12306543;324;g_000;1;1;38;line_consecutive;0.5;1324;8;20;23-24;4;56737.44;58136.74;143577.80000000002;109050.61999999998;1399.2999999999956;85441.06000000003;50913.87999999998;eev,integrated,separated,ws;lintim;SiouxFalls;SiouxFalls;True;False;1e-05;6000;1;2;20;1000;5000;-5;50;0.75;2;55;50;10;10;16;1324;1324
12306543;325;g_000;1;1;38;line_consecutive;0.5;1325;8;21;10-15;5,9;52904.43199999978;53345.47999999979;78531.64799999999;78531.64799999999;441.0480000000098;25186.168000000194;25186.168000000194;eev,integrated,separated,ws;lintim;SiouxFalls;SiouxFalls;True;False;1e-05;6000;1;2;20;1000;5000;-5;50;0.75;2;55;50;10;10;16;1325;1325
12306543;326;g_000;1;1;38;line_consecutive;0.5;1326;8;22;15-22;5,13;56064.76799999459;57295.90000000001;81026.896;81026.89600000001;1231.1320000054184;23730.995999999985;23730.996;eev,integrated,separated,ws;lintim;SiouxFalls;SiouxFalls;True;False;1e-05;6000;1;2;20;1000;5000;-5;50;0.75;2;55;50;10;10;16;1326;1326
12306543;327;g_000;1;1;38;line_consecutive;0.5;1327;8;23;22-23;5;52183.664;52444.51999999994;60696.00799999999;60696.008;260.8559999999416;8251.488000000048;8251.488000000063;eev,integrated,separated,ws;lintim;SiouxFalls;SiouxFalls;True;False;1e-05;6000;1;2;20;1000;5000;-5;50;0.75;2;55;50;10;10;16;1327;1327
12306543;328;g_000;1;1;38;line_consecutive;0.5;1328;8;24;13-24;6;55383.952;56444.88000001447;78951.192;78951.19200000001;1060.9280000144718;22506.311999985526;22506.31199998554;eev,integrated,separated,ws;lintim;SiouxFalls;SiouxFalls;True;False;1e-05;6000;1;2;20;1000;5000;-5;50;0.75;2;55;50;10;10;16;1328;1328
12306543;329;g_000;1;1;38;line_consecutive;0.5;1329;8;25;21-24;6;55383.952000000005;56444.879999999575;78951.192;78951.19200000001;1060.9279999995706;22506.31200000042;22506.312000000435;eev,integrated,separated,ws;lintim;SiouxFalls;SiouxFalls;True;False;1e-05;6000;1;2;20;1000;5000;-5;50;0.75;2;55;50;10;10;16;1329;1329
12306543;330;g_000;1;1;38;line_consecutive;0.5;1330;8;26;20-21;6;55383.952;56444.88000000018;78951.192;78951.192;1060.9280000001818;22506.311999999816;22506.311999999816;eev,integrated,separated,ws;lintim;SiouxFalls;SiouxFalls;True;False;1e-05;6000;1;2;20;1000;5000;-5;50;0.75;2;55;50;10;10;16;1330;1330
12306543;331;g_000;1;1;38;line_consecutive;0.5;1331;8;27;9-10;7,9;52153.53600007534;52406.86000000001;68787.31199999999;68787.312;253.3239999246653;16380.451999999985;16380.451999999996;eev,integrated,separated,ws;lintim;SiouxFalls;SiouxFalls;True;False;1e-05;6000;1;2;20;1000;5000;-5;50;0.75;2;55;50;10;10;16;1331;1331
12306543;332;g_000;1;1;38;line_consecutive;0.5;1332;8;28;3-12;8,12;51140.23999999999;51140.24000000029;51140.23999999999;51140.24;2.9831426218152046e-10;-2.9831426218152046e-10;-2.9103830456733704e-10;eev,integrated,separated,ws;lintim;SiouxFalls;SiouxFalls;True;False;1e-05;6000;1;2;20;1000;5000;-5;50;0.75;2;55;50;10;10;16;1332;1332
12306543;333;g_000;1;1;38;line_consecutive;0.5;1333;8;29;5-6;9;51349.83999999999;51402.24;68787.31199999999;68787.312;52.40000000000873;17385.071999999993;17385.072000000007;eev,integrated,separated,ws;lintim;SiouxFalls;SiouxFalls;True;False;1e-05;6000;1;2;20;1000;5000;-5;50;0.75;2;55;50;10;10;16;1333;1333
12306543;334;g_000;1;1;38;line_consecutive;0.5;1334;8;30;15-19;9,13,14;52084.41599999999;52320.45999993244;95226.856;77931.832;236.0439999324517;42906.39600006756;25611.372000067557;eev,integrated,separated,ws;lintim;SiouxFalls;SiouxFalls;True;False;1e-05;6000;1;2;20;1000;5000;-5;50;0.75;2;55;50;10;10;16;1334;1334
12306543;335;g_000;1;1;38;line_consecutive;0.5;1335;8;31;20-22;11;51140.240000000005;51140.24;51140.23999999999;51140.24;-7.275957614183426e-12;-7.275957614183426e-12;0.0;eev,integrated,separated,ws;lintim;SiouxFalls;SiouxFalls;True;False;1e-05;6000;1;2;20;1000;5000;-5;50;0.75;2;55;50;10;10;16;1335;1335
12306543;336;g_000;1;1;38;line_consecutive;0.5;1336;8;32;18-20;11;51140.24;51140.24;51140.23999999999;51140.24;0.0;-7.275957614183426e-12;0.0;eev,integrated,separated,ws;lintim;SiouxFalls;SiouxFalls;True;False;1e-05;6000;1;2;20;1000;5000;-5;50;0.75;2;55;50;10;10;16;1336;1336
12306543;337;g_000;1;1;38;line_consecutive;0.5;1337;8;33;12-13;12;51140.24;51140.239999997655;51140.23999999999;51140.240000000005;-2.342858351767063e-09;2.3355823941528797e-09;2.350134309381246e-09;eev,integrated,separated,ws;lintim;SiouxFalls;SiouxFalls;True;False;1e-05;6000;1;2;20;1000;5000;-5;50;0.75;2;55;50;10;10;16;1337;1337
12306543;338;g_000;1;1;38;line_consecutive;0.5;1338;8;34;1-2;12;51140.24;51140.24;51140.23999999999;51140.240000000005;0.0;-7.275957614183426e-12;7.275957614183426e-12;eev,integrated,separated,ws;lintim;SiouxFalls;SiouxFalls;True;False;1e-05;6000;1;2;20;1000;5000;-5;50;0.75;2;55;50;10;10;16;1338;1338
12306543;339;g_000;1;1;38;line_consecutive;0.5;1339;8;35;21-22;13;51559.31199999999;51664.08;65124.216;65124.216;104.76800000001094;13460.136;13460.136;eev,integrated,separated,ws;lintim;SiouxFalls;SiouxFalls;True;False;1e-05;6000;1;2;20;1000;5000;-5;50;0.75;2;55;50;10;10;16;1339;1339
12306543;340;g_000;1;1;38;line_consecutive;0.5;1340;8;36;14-15;14;51407.856;51474.76;63322.048;63322.048;66.90400000000227;11847.288;11847.288;eev,integrated,separated,ws;lintim;SiouxFalls;SiouxFalls;True;False;1e-05;6000;1;2;20;1000;5000;-5;50;0.75;2;55;50;10;10;16;1340;1340
12306543;341;g_000;1;1;38;line_consecutive;0.5;1341;8;37;10-17;14;51407.855999997526;51474.76;63322.048;63322.048;66.9040000024761;11847.288;11847.288;eev,integrated,separated,ws;lintim;SiouxFalls;SiouxFalls;True;False;1e-05;6000;1;2;20;1000;5000;-5;50;0.75;2;55;50;10;10;16;1341;1341
