array_job_id;task_id;run_group_id;case_k;case_per_run;case_variants;case_selection;case_p_fail;case_id;case_sweep_row;case_variant_idx;case_edges;case_lines;WS;RP;EEV_nom;EEV_mean;EVPI;VSS_nom;VSS_mean;procedures_present;source;network;scenario_line_data;routing_agg;waiting_time_frequency;gap;time_limit;travel_time_cost_mult;waiting_time_cost_mult;line_operation_cost_mult;cost_repl_freq;cost_repl_line;repl_budget;bypass_multiplier;overdemand_threshold;overdemand_multiplier;num_od;train_capacity;infrastructure_capacity;max_frequency;threads;demand_scale;scenario_infra_id;scenario_prob_id
14050789;0;g_000;1;1;30;line_consecutive;0.05;1000;0;0;19-23;11;107825.39199999996;108402.24800001788;109236.6879999994;109236.6879999994;576.8560000179132;834.4399999815214;834.4399999815214;eev,integrated,separated,ws;lintim;Mumford0;Mumford0;True;False;1e-05;12000;1;2;20;50;200;-5;50;0.75;2;50;50;10;10;16;0.0368;1000;1000
14050789;1;g_000;1;1;30;line_consecutive;0.05;1001;0;1;15-21;7;110801.30399999996;110801.304;110801.30399999904;110801.30399999904;4.365574568510056e-11;-9.60426405072212e-10;-9.60426405072212e-10;eev,integrated,separated,ws;lintim;Mumford0;Mumford0;True;False;1e-05;12000;1;2;20;50;200;-5;50;0.75;2;50;50;10;10;16;0.0368;1001;1001
14050789;2;g_000;1;1;30;line_consecutive;0.05;1002;0;2;19-20;4;108566.41599999995;108566.416;108566.416;108566.416;4.365574568510056e-11;0.0;0.0;eev,integrated,separated,ws;lintim;Mumford0;Mumford0;True;False;1e-05;12000;1;2;20;50;200;-5;50;0.75;2;50;50;10;10;16;0.0368;1002;1002
14050789;3;g_000;1;1;30;line_consecutive;0.05;1003;0;3;3-8;6,12;108965.07599999996;109270.432;109270.432;109270.432;305.3560000000434;0.0;0.0;eev,integrated,separated,ws;lintim;Mumford0;Mumford0;True;False;1e-05;12000;1;2;20;50;200;-5;50;0.75;2;50;50;10;10;16;0.0368;1003;1003
14050789;4;g_000;1;1;30;line_consecutive;0.05;1004;0;4;14-19;4;109859.27799999996;109859.27799999996;109859.27799999998;109859.27799999998;0.0;1.4551915228366852e-11;1.4551915228366852e-11;eev,integrated,separated,ws;lintim;Mumford0;Mumford0;True;False;1e-05;12000;1;2;20;50;200;-5;50;0.75;2;50;50;10;10;16;0.0368;1004;1004
14050789;5;g_000;1;1;30;line_consecutive;0.05;1005;0;5;1-13;3;110610.57599999996;110610.576;110610.576;110610.576;4.365574568510056e-11;0.0;0.0;eev,integrated,separated,ws;lintim;Mumford0;Mumford0;True;False;1e-05;12000;1;2;20;50;200;-5;50;0.75;2;50;50;10;10;16;0.0368;1005;1005
14050789;6;g_000;1;1;30;line_consecutive;0.05;1006;0;6;8-21;12;105133.53599999996;105133.536;105133.536;105133.536;2.9103830456733704e-11;0.0;0.0;eev,integrated,separated,ws;lintim;Mumford0;Mumford0;True;False;1e-05;12000;1;2;20;50;200;-5;50;0.75;2;50;50;10;10;16;0.0368;1006;1006
14050789;7;g_000;1;1;30;line_consecutive;0.05;1007;0;7;7-14;4;112944.21799999994;112944.21800000058;112944.21799999996;112944.21799999996;6.402842700481415e-10;-6.111804395914078e-10;-6.111804395914078e-10;eev,integrated,separated,ws;lintim;Mumford0;Mumford0;True;False;1e-05;12000;1;2;20;50;200;-5;50;0.75;2;50;50;10;10;16;0.0368;1007;1007
14050789;8;g_000;1;1;30;line_consecutive;0.05;1008;0;8;18-23;2,11;116153.14399999996;117981.92799999722;119711.372;118552.24000000002;1828.783999997264;1729.4440000027826;570.3120000027993;eev,integrated,separated,ws;lintim;Mumford0;Mumford0;True;False;1e-05;12000;1;2;20;50;200;-5;50;0.75;2;50;50;10;10;16;0.0368;1008;1008
14050789;9;g_000;1;1;30;line_consecutive;0.05;1009;0;9;8-25;1;109525.71199999996;109525.712;109525.712;109525.712;4.365574568510056e-11;0.0;0.0;eev,integrated,separated,ws;lintim;Mumford0;Mumford0;True;False;1e-05;12000;1;2;20;50;200;-5;50;0.75;2;50;50;10;10;16;0.0368;1009;1009
14050789;10;g_000;1;1;30;line_consecutive;0.05;1010;0;10;28-30;3;112216.63199999995;112216.632;112216.632;112216.632;4.365574568510056e-11;0.0;0.0;eev,integrated,separated,ws;lintim;Mumford0;Mumford0;True;False;1e-05;12000;1;2;20;50;200;-5;50;0.75;2;50;50;10;10;16;0.0368;1010;1010
14050789;11;g_000;1;1;30;line_consecutive;0.05;1011;0;11;5-8;6;107780.89199999996;108086.24799999998;108086.248;108086.248;305.3560000000143;2.9103830456733704e-11;2.9103830456733704e-11;eev,integrated,separated,ws;lintim;Mumford0;Mumford0;True;False;1e-05;12000;1;2;20;50;200;-5;50;0.75;2;50;50;10;10;16;0.0368;1011;1011
14050789;12;g_000;1;1;30;line_consecutive;0.05;1012;0;12;6-7;4,10;114033.62599999996;115336.44399999996;116029.632;115563.506;1302.8179999999993;693.1880000000383;227.0620000000345;eev,integrated,separated,ws;lintim;Mumford0;Mumford0;True;False;1e-05;12000;1;2;20;50;200;-5;50;0.75;2;50;50;10;10;16;0.0368;1012;1012
14050789;13;g_000;1;1;30;line_consecutive;0.05;1013;0;13;7-17;10;110133.16799999998;111369.53799999984;112543.468;112543.468;1236.3699999998644;1173.930000000153;1173.930000000153;eev,integrated,separated,ws;lintim;Mumford0;Mumford0;True;False;1e-05;12000;1;2;20;50;200;-5;50;0.75;2;50;50;10;10;16;0.0368;1013;1013
14050789;14;g_000;1;1;30;line_consecutive;0.05;1014;0;14;15-24;5;112218.82399999996;112218.824;112218.824;112218.82400000002;2.9103830456733704e-11;0.0;2.9103830456733704e-11;eev,integrated,separated,ws;lintim;Mumford0;Mumford0;True;False;1e-05;12000;1;2;20;50;200;-5;50;0.75;2;50;50;10;10;16;0.0368;1014;1014
14050789;15;g_000;1;1;30;line_consecutive;0.05;1015;0;15;10-15;7;111902.98399999995;111902.9840000656;111902.984;111902.984;6.564368959516288e-08;-6.560003384947778e-08;-6.560003384947778e-08;eev,integrated,separated,ws;lintim;Mumford0;Mumford0;True;False;1e-05;12000;1;2;20;50;200;-5;50;0.75;2;50;50;10;10;16;0.0368;1015;1015
14050789;16;g_000;1;1;30;line_consecutive;0.05;1016;0;16;1-23;2;107664.63199999998;108036.41599999944;108311.036;108311.036;371.7839999994612;274.6200000005483;274.6200000005483;eev,integrated,separated,ws;lintim;Mumford0;Mumford0;True;False;1e-05;12000;1;2;20;50;200;-5;50;0.75;2;50;50;10;10;16;0.0368;1016;1016
14050789;17;g_000;1;1;30;line_consecutive;0.05;1017;0;17;21-24;12;105133.53599999996;105133.536;105133.536;105133.536;2.9103830456733704e-11;0.0;0.0;eev,integrated,separated,ws;lintim;Mumford0;Mumford0;True;False;1e-05;12000;1;2;20;50;200;-5;50;0.75;2;50;50;10;10;16;0.0368;1017;1017
14050789;18;g_000;1;1;30;line_consecutive;0.05;1018;0;18;11-22;1;110126.14399999996;110126.144;110126.144;110126.144;4.365574568510056e-11;0.0;0.0;eev,integrated,separated,ws;lintim;Mumford0;Mumford0;True;False;1e-05;12000;1;2;20;50;200;-5;50;0.75;2;50;50;10;10;16;0.0368;1018;1018
14050789;19;g_000;1;1;30;line_consecutive;0.05;1019;0;19;1-29;3;111527.77999999996;111527.78;111527.78;111527.78;4.365574568510056e-11;0.0;0.0;eev,integrated,separated,ws;lintim;Mumford0;Mumford0;True;False;1e-05;12000;1;2;20;50;200;-5;50;0.75;2;50;50;10;10;16;0.0368;1019;1019
14050789;20;g_000;1;1;30;line_consecutive;0.05;1020;0;20;1-14;2;108950.59999999996;110074.53999999884;111789.364;111789.364;1123.9399999988818;1714.8240000011574;1714.8240000011574;eev,integrated,separated,ws;lintim;Mumford0;Mumford0;True;False;1e-05;12000;1;2;20;50;200;-5;50;0.75;2;50;50;10;10;16;0.0368;1020;1020
14050789;21;g_000;1;1;30;line_consecutive;0.05;1021;0;21;17-29;3;113590.14199989873;113590.14199999944;113590.142;113590.142;1.00713805295527e-07;5.675246939063071e-10;5.675246939063071e-10;eev,integrated,separated,ws;lintim;Mumford0;Mumford0;True;False;1e-05;12000;1;2;20;50;200;-5;50;0.75;2;50;50;10;10;16;0.0368;1021;1021
14050789;22;g_000;1;1;30;line_consecutive;0.05;1022;0;22;12-15;5,11;117775.27399999998;119648.64;122948.792;120114.07600000002;1873.366000000024;3300.152000000002;465.43600000001607;eev,integrated,separated,ws;lintim;Mumford0;Mumford0;True;False;1e-05;12000;1;2;20;50;200;-5;50;0.75;2;50;50;10;10;16;0.0368;1022;1022
14050789;23;g_000;1;1;30;line_consecutive;0.05;1023;0;23;2-4;2;107843.73599999998;108215.51999999996;108534.304;108534.304;371.7839999999851;318.7840000000433;318.7840000000433;eev,integrated,separated,ws;lintim;Mumford0;Mumford0;True;False;1e-05;12000;1;2;20;50;200;-5;50;0.75;2;50;50;10;10;16;0.0368;1023;1023
14050789;24;g_000;1;1;30;line_consecutive;0.05;1024;0;24;4-12;2;110190.21599999996;111579.03599999905;113597.776;113597.776;1388.8199999990902;2018.740000000951;2018.740000000951;eev,integrated,separated,ws;lintim;Mumford0;Mumford0;True;False;1e-05;12000;1;2;20;50;200;-5;50;0.75;2;50;50;10;10;16;0.0368;1024;1024
14050789;25;g_000;1;1;30;line_consecutive;0.05;1025;0;25;8-15;10;110649.47399999996;112363.48799999998;113955.304;113955.304;1714.014000000025;1591.8160000000207;1591.8160000000207;eev,integrated,separated,ws;lintim;Mumford0;Mumford0;True;False;1e-05;12000;1;2;20;50;200;-5;50;0.75;2;50;50;10;10;16;0.0368;1025;1025
14050789;26;g_000;1;1;30;line_consecutive;0.05;1026;0;26;6-16;8;105133.53599999996;105133.536;105133.536;105133.536;2.9103830456733704e-11;0.0;0.0;eev,integrated,separated,ws;lintim;Mumford0;Mumford0;True;False;1e-05;12000;1;2;20;50;200;-5;50;0.75;2;50;50;10;10;16;0.0368;1026;1026
14050789;27;g_000;1;1;30;line_consecutive;0.05;1027;0;27;12-26;5;117312.48999999998;117312.49;117312.49;117312.49000000002;2.9103830456733704e-11;0.0;1.4551915228366852e-11;eev,integrated,separated,ws;lintim;Mumford0;Mumford0;True;False;1e-05;12000;1;2;20;50;200;-5;50;0.75;2;50;50;10;10;16;0.0368;1027;1027
14050789;28;g_000;1;1;30;line_consecutive;0.05;1028;0;28;2-25;1;109403.44399999996;109403.44400000355;109403.444;109403.444;3.594323061406612e-09;-3.5506673157215123e-09;-3.5506673157215123e-09;eev,integrated,separated,ws;lintim;Mumford0;Mumford0;True;False;1e-05;12000;1;2;20;50;200;-5;50;0.75;2;50;50;10;10;16;0.0368;1028;1028
14050789;29;g_000;1;1;30;line_consecutive;0.05;1029;0;29;9-13;3;110698.06399999995;110698.064;110698.064;110698.064;4.365574568510056e-11;0.0;0.0;eev,integrated,separated,ws;lintim;Mumford0;Mumford0;True;False;1e-05;12000;1;2;20;50;200;-5;50;0.75;2;50;50;10;10;16;0.0368;1029;1029
14050789;30;g_000;2;1;30;line_consecutive;0.05;1030;1;0;2-25,8-25;1;143609.95399999997;143609.95400000003;143609.954;143609.954;5.820766091346741e-11;-2.9103830456733704e-11;-2.9103830456733704e-11;eev,integrated,separated,ws;lintim;Mumford0;Mumford0;True;False;1e-05;12000;1;2;20;50;200;-5;50;0.75;2;50;50;10;10;16;0.0368;1030;1030
14050789;31;g_000;2;1;30;line_consecutive;0.05;1031;1;1;8-11,8-25;1;115264.73199999996;115264.73200000385;115264.732;115264.732;3.885361365973949e-09;-3.841705620288849e-09;-3.841705620288849e-09;eev,integrated,separated,ws;lintim;Mumford0;Mumford0;True;False;1e-05;12000;1;2;20;50;200;-5;50;0.75;2;50;50;10;10;16;0.0368;1031;1031
14050789;32;g_000;2;1;30;line_consecutive;0.05;1032;1;2;8-11,11-22;1;137397.6059999999;137397.60599999997;137397.606;137397.606;5.820766091346741e-11;2.9103830456733704e-11;2.9103830456733704e-11;eev,integrated,separated,ws;lintim;Mumford0;Mumford0;True;False;1e-05;12000;1;2;20;50;200;-5;50;0.75;2;50;50;10;10;16;0.0368;1032;1032
14050789;33;g_000;2;1;30;line_consecutive;0.05;1033;1;3;2-4,4-12;2;124573.13999999996;125961.96;127980.7;127980.7;1388.8200000000506;2018.7399999999907;2018.7399999999907;eev,integrated,separated,ws;lintim;Mumford0;Mumford0;True;False;1e-05;12000;1;2;20;50;200;-5;50;0.75;2;50;50;10;10;16;0.0368;1033;1033
14050789;34;g_000;2;1;30;line_consecutive;0.05;1034;1;4;4-12,12-18;2;174834.63999999996;178688.846;181289.71;178885.91800000003;3854.2060000000342;2600.8640000000014;197.07200000004377;eev,integrated,separated,ws;lintim;Mumford0;Mumford0;True;False;1e-05;12000;1;2;20;50;200;-5;50;0.75;2;50;50;10;10;16;0.0368;1034;1034
14050789;35;g_000;2;1;30;line_consecutive;0.05;1035;1;5;12-18,18-23;2,11;160133.59599999996;162957.61199999996;165558.476;163154.684;2824.0160000000037;2600.8640000000305;197.07200000004377;eev,integrated,separated,ws;lintim;Mumford0;Mumford0;True;False;1e-05;12000;1;2;20;50;200;-5;50;0.75;2;50;50;10;10;16;0.0368;1035;1035
14050789;36;g_000;2;1;30;line_consecutive;0.05;1036;1;6;1-23,18-23;2;116153.14399999996;117981.92799999722;119711.372;118552.24000000002;1828.783999997264;1729.4440000027826;570.3120000027993;eev,integrated,separated,ws;lintim;Mumford0;Mumford0;True;False;1e-05;12000;1;2;20;50;200;-5;50;0.75;2;50;50;10;10;16;0.0368;1036;1036
14050789;37;g_000;2;1;30;line_consecutive;0.05;1037;1;7;1-14,1-23;2;112032.62599999996;113421.44600000004;115262.904;115262.904;1388.8200000000795;1841.457999999955;1841.457999999955;eev,integrated,separated,ws;lintim;Mumford0;Mumford0;True;False;1e-05;12000;1;2;20;50;200;-5;50;0.75;2;50;50;10;10;16;0.0368;1037;1037
14050789;38;g_000;2;1;30;line_consecutive;0.05;1038;1;8;1-13,9-13;3;160365.86999999994;160365.87;160365.87;160365.87;5.820766091346741e-11;0.0;0.0;eev,integrated,separated,ws;lintim;Mumford0;Mumford0;True;False;1e-05;12000;1;2;20;50;200;-5;50;0.75;2;50;50;10;10;16;0.0368;1038;1038
14050789;39;g_000;2;1;30;line_consecutive;0.05;1039;1;9;1-13,1-29;3;115414.43999999996;115414.44000003776;115414.44;115414.44;3.780587576329708e-08;-3.776222001761198e-08;-3.776222001761198e-08;eev,integrated,separated,ws;lintim;Mumford0;Mumford0;True;False;1e-05;12000;1;2;20;50;200;-5;50;0.75;2;50;50;10;10;16;0.0368;1039;1039
14050789;40;g_000;2;1;30;line_consecutive;0.05;1040;1;10;1-29,17-29;3;118408.55599999995;118408.55600000345;118408.556;118408.556;3.492459654808044e-09;-3.448803909122944e-09;-3.448803909122944e-09;eev,integrated,separated,ws;lintim;Mumford0;Mumford0;True;False;1e-05;12000;1;2;20;50;200;-5;50;0.75;2;50;50;10;10;16;0.0368;1040;1040
14050789;41;g_000;2;1;30;line_consecutive;0.05;1041;1;11;17-28,17-29;3;114418.63799999996;114418.638;114418.638;114418.638;4.365574568510056e-11;0.0;0.0;eev,integrated,separated,ws;lintim;Mumford0;Mumford0;True;False;1e-05;12000;1;2;20;50;200;-5;50;0.75;2;50;50;10;10;16;0.0368;1041;1041
14050789;42;g_000;2;1;30;line_consecutive;0.05;1042;1;12;17-28,28-30;3;130968.84399999998;130968.8436975388;130968.844;130968.844;-0.0003024611796718;0.0003024611942237;0.0003024611942237;eev,integrated,separated,ws;lintim;Mumford0;Mumford0;True;False;1e-05;12000;1;2;20;50;200;-5;50;0.75;2;50;50;10;10;16;0.0368;1042;1042
14050789;43;g_000;2;1;30;line_consecutive;0.05;1043;1;13;6-7,7-14;4;119546.62199999996;120482.02400000828;120796.364;120482.024;935.4020000083256;314.33999999171647;-8.280039764940739e-09;eev,integrated,separated,ws;lintim;Mumford0;Mumford0;True;False;1e-05;12000;1;2;20;50;200;-5;50;0.75;2;50;50;10;10;16;0.0368;1043;1043
14050789;44;g_000;2;1;30;line_consecutive;0.05;1044;1;14;7-14,14-19;4;112944.21799999994;112944.21800000058;112944.21799999996;112944.21799999996;6.402842700481415e-10;-6.111804395914078e-10;-6.111804395914078e-10;eev,integrated,separated,ws;lintim;Mumford0;Mumford0;True;False;1e-05;12000;1;2;20;50;200;-5;50;0.75;2;50;50;10;10;16;0.0368;1044;1044
14050789;45;g_000;2;1;30;line_consecutive;0.05;1045;1;15;14-19,19-20;4;111259.27799999992;111259.27920947332;111259.278;111259.278;0.0012094733974663;-0.0012094733101548;-0.0012094733101548;eev,integrated,separated,ws;lintim;Mumford0;Mumford0;True;False;1e-05;12000;1;2;20;50;200;-5;50;0.75;2;50;50;10;10;16;0.0368;1045;1045
14050789;46;g_000;2;1;30;line_consecutive;0.05;1046;1;16;12-15,15-24;5;117775.27399999998;119648.64;122948.792;120114.07600000002;1873.366000000024;3300.152000000002;465.43600000001607;eev,integrated,separated,ws;lintim;Mumford0;Mumford0;True;False;1e-05;12000;1;2;20;50;200;-5;50;0.75;2;50;50;10;10;16;0.0368;1046;1046
14050789;47;g_000;2;1;30;line_consecutive;0.05;1047;1;17;12-15,12-26;5;117544.23999999998;118601.096;121435.81199999998;118601.096;1056.8560000000289;2834.7159999999712;0.0;eev,integrated,separated,ws;lintim;Mumford0;Mumford0;True;False;1e-05;12000;1;2;20;50;200;-5;50;0.75;2;50;50;10;10;16;0.0368;1047;1047
14050789;48;g_000;2;1;30;line_consecutive;0.05;1048;1;18;3-8,5-8;6;110905.55199999997;111210.90799999904;111210.908;111210.908;305.35599999906844;9.60426405072212e-10;9.60426405072212e-10;eev,integrated,separated,ws;lintim;Mumford0;Mumford0;True;False;1e-05;12000;1;2;20;50;200;-5;50;0.75;2;50;50;10;10;16;0.0368;1048;1048
14050789;49;g_000;2;1;30;line_consecutive;0.05;1049;1;19;10-15,15-21;7;116008.13199999995;116008.13199999998;116008.132;116008.132;2.9103830456733704e-11;1.4551915228366852e-11;1.4551915228366852e-11;eev,integrated,separated,ws;lintim;Mumford0;Mumford0;True;False;1e-05;12000;1;2;20;50;200;-5;50;0.75;2;50;50;10;10;16;0.0368;1049;1049
14050789;50;g_000;2;1;30;line_consecutive;0.05;1050;1;20;2-15,8-15;10;112606.54199999996;114667.72;116523.46;116523.46;2061.1780000000435;1855.7400000000048;1855.7400000000048;eev,integrated,separated,ws;lintim;Mumford0;Mumford0;True;False;1e-05;12000;1;2;20;50;200;-5;50;0.75;2;50;50;10;10;16;0.0368;1050;1050
14050789;51;g_000;2;1;30;line_consecutive;0.05;1051;1;21;8-15,8-17;10;112977.59799999995;114693.70199999795;116802.856;116802.856;1716.1039999979985;2109.154000002047;2109.154000002047;eev,integrated,separated,ws;lintim;Mumford0;Mumford0;True;False;1e-05;12000;1;2;20;50;200;-5;50;0.75;2;50;50;10;10;16;0.0368;1051;1051
14050789;52;g_000;2;1;30;line_consecutive;0.05;1052;1;22;7-17,8-17;10;111540.94400000472;112814.81426794257;113988.744;113988.744;1273.8702679378475;1173.9297320574406;1173.9297320574406;eev,integrated,separated,ws;lintim;Mumford0;Mumford0;True;False;1e-05;12000;1;2;20;50;200;-5;50;0.75;2;50;50;10;10;16;0.0368;1052;1052
14050789;53;g_000;2;1;30;line_consecutive;0.05;1053;1;23;6-7,7-17;10;114755.09999999992;117177.92999999976;118252.884;117177.93;2422.8299999998417;1074.9540000002453;2.3283064365386963e-10;eev,integrated,separated,ws;lintim;Mumford0;Mumford0;True;False;1e-05;12000;1;2;20;50;200;-5;50;0.75;2;50;50;10;10;16;0.0368;1053;1053
14050789;54;g_000;2;1;30;line_consecutive;0.05;1054;1;24;12-15,12-18;11;126842.04399999998;129978.15985268143;131916.3120000001;130175.23200000002;3136.1158526814543;1938.1521473186583;197.07214731858403;eev,integrated,separated,ws;lintim;Mumford0;Mumford0;True;False;1e-05;12000;1;2;20;50;200;-5;50;0.75;2;50;50;10;10;16;0.0368;1054;1054
14050789;55;g_000;2;1;30;line_consecutive;0.05;1055;1;25;18-23,19-23;11;130000.43799999997;131133.37399999998;131718.166;131297.91000000003;1132.936000000016;584.7920000000158;164.536000000051;eev,integrated,separated,ws;lintim;Mumford0;Mumford0;True;False;1e-05;12000;1;2;20;50;200;-5;50;0.75;2;50;50;10;10;16;0.0368;1055;1055
14050789;56;g_000;2;1;30;line_consecutive;0.05;1056;1;26;3-8,8-21;12;108965.07599999996;109270.432;109270.432;109270.432;305.3560000000434;0.0;0.0;eev,integrated,separated,ws;lintim;Mumford0;Mumford0;True;False;1e-05;12000;1;2;20;50;200;-5;50;0.75;2;50;50;10;10;16;0.0368;1056;1056
14050789;57;g_000;2;1;30;line_consecutive;0.05;1057;1;27;8-21,21-24;12;105133.53599999998;105133.53599999998;105133.536;105133.536;0.0;1.4551915228366852e-11;1.4551915228366852e-11;eev,integrated,separated,ws;lintim;Mumford0;Mumford0;True;False;1e-05;12000;1;2;20;50;200;-5;50;0.75;2;50;50;10;10;16;0.0368;1057;1057
14050789;58;g_000;1;1;30;line_consecutive;0.1;1058;2;0;18-23;2,11;116153.14399999996;117981.92799999722;119711.372;118552.24000000002;1828.783999997264;1729.4440000027826;570.3120000027993;eev,integrated,separated,ws;lintim;Mumford0;Mumford0;True;False;1e-05;12000;1;2;20;50;200;-5;50;0.75;2;50;50;10;10;16;0.0368;1058;1058
14050789;59;g_000;1;1;30;line_consecutive;0.1;1059;2;1;4-12;2;110190.21599999996;111579.03599999905;113597.776;113597.776;1388.8199999990902;2018.740000000951;2018.740000000951;eev,integrated,separated,ws;lintim;Mumford0;Mumford0;True;False;1e-05;12000;1;2;20;50;200;-5;50;0.75;2;50;50;10;10;16;0.0368;1059;1059
14050789;60;g_000;1;1;30;line_consecutive;0.1;1060;2;2;1-14;2;108950.59999999996;110074.53999999884;111789.364;111789.364;1123.9399999988818;1714.8240000011574;1714.8240000011574;eev,integrated,separated,ws;lintim;Mumford0;Mumford0;True;False;1e-05;12000;1;2;20;50;200;-5;50;0.75;2;50;50;10;10;16;0.0368;1060;1060
14050789;61;g_000;1;1;30;line_consecutive;0.1;1061;2;3;17-28;3;111485.86399999996;111485.86399999767;111485.864;111485.864;-2.2846506908535957e-09;2.3283064365386963e-09;2.3283064365386963e-09;eev,integrated,separated,ws;lintim;Mumford0;Mumford0;True;False;1e-05;12000;1;2;20;50;200;-5;50;0.75;2;50;50;10;10;16;0.0368;1061;1061
14050789;62;g_000;1;1;30;line_consecutive;0.1;1062;2;4;21-24;12;105133.53599999996;105133.536;105133.536;105133.536;2.9103830456733704e-11;0.0;0.0;eev,integrated,separated,ws;lintim;Mumford0;Mumford0;True;False;1e-05;12000;1;2;20;50;200;-5;50;0.75;2;50;50;10;10;16;0.0368;1062;1062
14050789;63;g_000;1;1;30;line_consecutive;0.1;1063;2;5;28-30;3;112216.63199999995;112216.632;112216.632;112216.632;4.365574568510056e-11;0.0;0.0;eev,integrated,separated,ws;lintim;Mumford0;Mumford0;True;False;1e-05;12000;1;2;20;50;200;-5;50;0.75;2;50;50;10;10;16;0.0368;1063;1063
14050789;64;g_000;1;1;30;line_consecutive;0.1;1064;2;6;14-19;4;109859.27799999996;109859.27799999996;109859.27799999998;109859.27799999998;0.0;1.4551915228366852e-11;1.4551915228366852e-11;eev,integrated,separated,ws;lintim;Mumford0;Mumford0;True;False;1e-05;12000;1;2;20;50;200;-5;50;0.75;2;50;50;10;10;16;0.0368;1064;1064
14050789;65;g_000;1;1;30;line_consecutive;0.1;1065;2;7;1-29;3;111527.77999999996;111527.78;111527.78;111527.78;4.365574568510056e-11;0.0;0.0;eev,integrated,separated,ws;lintim;Mumford0;Mumford0;True;False;1e-05;12000;1;2;20;50;200;-5;50;0.75;2;50;50;10;10;16;0.0368;1065;1065
14050789;66;g_000;1;1;30;line_consecutive;0.1;1066;2;8;8-11;1;110888.43199999996;110888.432;110888.432;110888.432;4.365574568510056e-11;0.0;0.0;eev,integrated,separated,ws;lintim;Mumford0;Mumford0;True;False;1e-05;12000;1;2;20;50;200;-5;50;0.75;2;50;50;10;10;16;0.0368;1066;1066
14050789;67;g_000;1;1;30;line_consecutive;0.1;1067;2;9;1-13;3;110610.57599999996;110610.576;110610.576;110610.576;4.365574568510056e-11;0.0;0.0;eev,integrated,separated,ws;lintim;Mumford0;Mumford0;True;False;1e-05;12000;1;2;20;50;200;-5;50;0.75;2;50;50;10;10;16;0.0368;1067;1067
14050789;68;g_000;1;1;30;line_consecutive;0.1;1068;2;10;8-25;1;109525.71199999996;109525.712;109525.712;109525.712;4.365574568510056e-11;0.0;0.0;eev,integrated,separated,ws;lintim;Mumford0;Mumford0;True;False;1e-05;12000;1;2;20;50;200;-5;50;0.75;2;50;50;10;10;16;0.0368;1068;1068
14050789;69;g_000;1;1;30;line_consecutive;0.1;1069;2;11;6-7;4,10;114033.62599999996;115336.44399999996;116029.632;115563.506;1302.8179999999993;693.1880000000383;227.0620000000345;eev,integrated,separated,ws;lintim;Mumford0;Mumford0;True;False;1e-05;12000;1;2;20;50;200;-5;50;0.75;2;50;50;10;10;16;0.0368;1069;1069
14050789;70;g_000;1;1;30;line_consecutive;0.1;1070;2;12;2-4;2;107843.73599999998;108215.51999999996;108534.304;108534.304;371.7839999999851;318.7840000000433;318.7840000000433;eev,integrated,separated,ws;lintim;Mumford0;Mumford0;True;False;1e-05;12000;1;2;20;50;200;-5;50;0.75;2;50;50;10;10;16;0.0368;1070;1070
14050789;71;g_000;1;1;30;line_consecutive;0.1;1071;2;13;2-25;1;109403.44399999996;109403.44400000355;109403.444;109403.444;3.594323061406612e-09;-3.5506673157215123e-09;-3.5506673157215123e-09;eev,integrated,separated,ws;lintim;Mumford0;Mumford0;True;False;1e-05;12000;1;2;20;50;200;-5;50;0.75;2;50;50;10;10;16;0.0368;1071;1071
14050789;72;g_000;1;1;30;line_consecutive;0.1;1072;2;14;6-16;8;105133.53599999996;105133.536;105133.536;105133.536;2.9103830456733704e-11;0.0;0.0;eev,integrated,separated,ws;lintim;Mumford0;Mumford0;True;False;1e-05;12000;1;2;20;50;200;-5;50;0.75;2;50;50;10;10;16;0.0368;1072;1072
14050789;73;g_000;1;1;30;line_consecutive;0.1;1073;2;15;9-13;3;110698.06399999995;110698.064;110698.064;110698.064;4.365574568510056e-11;0.0;0.0;eev,integrated,separated,ws;lintim;Mumford0;Mumford0;True;False;1e-05;12000;1;2;20;50;200;-5;50;0.75;2;50;50;10;10;16;0.0368;1073;1073
14050789;74;g_000;1;1;30;line_consecutive;0.1;1074;2;16;12-15;5,11;117775.27399999998;119648.64;122948.792;120114.07600000002;1873.366000000024;3300.152000000002;465.43600000001607;eev,integrated,separated,ws;lintim;Mumford0;Mumford0;True;False;1e-05;12000;1;2;20;50;200;-5;50;0.75;2;50;50;10;10;16;0.0368;1074;1074
14050789;75;g_000;1;1;30;line_consecutive;0.1;1075;2;17;11-22;1;110126.14399999996;110126.144;110126.144;110126.144;4.365574568510056e-11;0.0;0.0;eev,integrated,separated,ws;lintim;Mumford0;Mumford0;True;False;1e-05;12000;1;2;20;50;200;-5;50;0.75;2;50;50;10;10;16;0.0368;1075;1075
14050789;76;g_000;1;1;30;line_consecutive;0.1;1076;2;18;17-29;3;113590.14199989873;113590.14199999944;113590.142;113590.142;1.00713805295527e-07;5.675246939063071e-10;5.675246939063071e-10;eev,integrated,separated,ws;lintim;Mumford0;Mumford0;True;False;1e-05;12000;1;2;20;50;200;-5;50;0.75;2;50;50;10;10;16;0.0368;1076;1076
14050789;77;g_000;1;1;30;line_consecutive;0.1;1077;2;19;12-18;2,11;160133.59599999996;162957.61199999996;165558.476;163154.684;2824.0160000000037;2600.8640000000305;197.07200000004377;eev,integrated,separated,ws;lintim;Mumford0;Mumford0;True;False;1e-05;12000;1;2;20;50;200;-5;50;0.75;2;50;50;10;10;16;0.0368;1077;1077
14050789;78;g_000;1;1;30;line_consecutive;0.1;1078;2;20;8-21;12;105133.53599999996;105133.536;105133.536;105133.536;2.9103830456733704e-11;0.0;0.0;eev,integrated,separated,ws;lintim;Mumford0;Mumford0;True;False;1e-05;12000;1;2;20;50;200;-5;50;0.75;2;50;50;10;10;16;0.0368;1078;1078
14050789;79;g_000;1;1;30;line_consecutive;0.1;1079;2;21;15-24;5;112218.82399999996;112218.824;112218.824;112218.82400000002;2.9103830456733704e-11;0.0;2.9103830456733704e-11;eev,integrated,separated,ws;lintim;Mumford0;Mumford0;True;False;1e-05;12000;1;2;20;50;200;-5;50;0.75;2;50;50;10;10;16;0.0368;1079;1079
14050789;80;g_000;1;1;30;line_consecutive;0.1;1080;2;22;8-17;10;110722.73599999998;112436.202;114343.33;114343.33;1713.4660000000297;1907.127999999997;1907.127999999997;eev,integrated,separated,ws;lintim;Mumford0;Mumford0;True;False;1e-05;12000;1;2;20;50;200;-5;50;0.75;2;50;50;10;10;16;0.0368;1080;1080
14050789;81;g_000;1;1;30;line_consecutive;0.1;1081;2;23;9-27;9;105133.53599999996;105133.53600000004;105133.536;105133.536;7.275957614183426e-11;-4.365574568510056e-11;-4.365574568510056e-11;eev,integrated,separated,ws;lintim;Mumford0;Mumford0;True;False;1e-05;12000;1;2;20;50;200;-5;50;0.75;2;50;50;10;10;16;0.0368;1081;1081
14050789;82;g_000;1;1;30;line_consecutive;0.1;1082;2;24;8-15;10;110649.47399999996;112363.48799999998;113955.304;113955.304;1714.014000000025;1591.8160000000207;1591.8160000000207;eev,integrated,separated,ws;lintim;Mumford0;Mumford0;True;False;1e-05;12000;1;2;20;50;200;-5;50;0.75;2;50;50;10;10;16;0.0368;1082;1082
14050789;83;g_000;1;1;30;line_consecutive;0.1;1083;2;25;2-15;10;110599.87599999996;112297.39579388412;113912.198;113912.198;1697.5197938841593;1614.8022061158845;1614.8022061158845;eev,integrated,separated,ws;lintim;Mumford0;Mumford0;True;False;1e-05;12000;1;2;20;50;200;-5;50;0.75;2;50;50;10;10;16;0.0368;1083;1083
14050789;84;g_000;1;1;30;line_consecutive;0.1;1084;2;26;5-8;6;107780.89199999996;108086.24799999998;108086.248;108086.248;305.3560000000143;2.9103830456733704e-11;2.9103830456733704e-11;eev,integrated,separated,ws;lintim;Mumford0;Mumford0;True;False;1e-05;12000;1;2;20;50;200;-5;50;0.75;2;50;50;10;10;16;0.0368;1084;1084
14050789;85;g_000;1;1;30;line_consecutive;0.1;1085;2;27;7-17;10;110133.16799999998;111369.53799999984;112543.468;112543.468;1236.3699999998644;1173.930000000153;1173.930000000153;eev,integrated,separated,ws;lintim;Mumford0;Mumford0;True;False;1e-05;12000;1;2;20;50;200;-5;50;0.75;2;50;50;10;10;16;0.0368;1085;1085
14050789;86;g_000;1;1;30;line_consecutive;0.1;1086;2;28;15-21;7;110801.30399999996;110801.304;110801.30399999904;110801.30399999904;4.365574568510056e-11;-9.60426405072212e-10;-9.60426405072212e-10;eev,integrated,separated,ws;lintim;Mumford0;Mumford0;True;False;1e-05;12000;1;2;20;50;200;-5;50;0.75;2;50;50;10;10;16;0.0368;1086;1086
14050789;87;g_000;1;1;30;line_consecutive;0.1;1087;2;29;1-23;2;107664.63199999998;108036.41599999944;108311.036;108311.036;371.7839999994612;274.6200000005483;274.6200000005483;eev,integrated,separated,ws;lintim;Mumford0;Mumford0;True;False;1e-05;12000;1;2;20;50;200;-5;50;0.75;2;50;50;10;10;16;0.0368;1087;1087
14050789;88;g_000;2;1;30;line_consecutive;0.1;1088;3;0;2-25,8-25;1;143609.95399999997;143609.95400000003;143609.954;143609.954;5.820766091346741e-11;-2.9103830456733704e-11;-2.9103830456733704e-11;eev,integrated,separated,ws;lintim;Mumford0;Mumford0;True;False;1e-05;12000;1;2;20;50;200;-5;50;0.75;2;50;50;10;10;16;0.0368;1088;1088
14050789;89;g_000;2;1;30;line_consecutive;0.1;1089;3;1;8-11,8-25;1;115264.73199999996;115264.73200000385;115264.732;115264.732;3.885361365973949e-09;-3.841705620288849e-09;-3.841705620288849e-09;eev,integrated,separated,ws;lintim;Mumford0;Mumford0;True;False;1e-05;12000;1;2;20;50;200;-5;50;0.75;2;50;50;10;10;16;0.0368;1089;1089
14050789;90;g_000;2;1;30;line_consecutive;0.1;1090;3;2;8-11,11-22;1;137397.6059999999;137397.60599999997;137397.606;137397.606;5.820766091346741e-11;2.9103830456733704e-11;2.9103830456733704e-11;eev,integrated,separated,ws;lintim;Mumford0;Mumford0;True;False;1e-05;12000;1;2;20;50;200;-5;50;0.75;2;50;50;10;10;16;0.0368;1090;1090
14050789;91;g_000;2;1;30;line_consecutive;0.1;1091;3;3;2-4,4-12;2;124573.13999999996;125961.96;127980.7;127980.7;1388.8200000000506;2018.7399999999907;2018.7399999999907;eev,integrated,separated,ws;lintim;Mumford0;Mumford0;True;False;1e-05;12000;1;2;20;50;200;-5;50;0.75;2;50;50;10;10;16;0.0368;1091;1091
14050789;92;g_000;2;1;30;line_consecutive;0.1;1092;3;4;4-12,12-18;2;174834.63999999996;178688.846;181289.71;178885.91800000003;3854.2060000000342;2600.8640000000014;197.07200000004377;eev,integrated,separated,ws;lintim;Mumford0;Mumford0;True;False;1e-05;12000;1;2;20;50;200;-5;50;0.75;2;50;50;10;10;16;0.0368;1092;1092
14050789;93;g_000;2;1;30;line_consecutive;0.1;1093;3;5;12-18,18-23;2,11;160133.59599999996;162957.61199999996;165558.476;163154.684;2824.0160000000037;2600.8640000000305;197.07200000004377;eev,integrated,separated,ws;lintim;Mumford0;Mumford0;True;False;1e-05;12000;1;2;20;50;200;-5;50;0.75;2;50;50;10;10;16;0.0368;1093;1093
14050789;94;g_000;2;1;30;line_consecutive;0.1;1094;3;6;1-23,18-23;2;116153.14399999996;117981.92799999722;119711.372;118552.24000000002;1828.783999997264;1729.4440000027826;570.3120000027993;eev,integrated,separated,ws;lintim;Mumford0;Mumford0;True;False;1e-05;12000;1;2;20;50;200;-5;50;0.75;2;50;50;10;10;16;0.0368;1094;1094
14050789;95;g_000;2;1;30;line_consecutive;0.1;1095;3;7;1-14,1-23;2;112032.62599999996;113421.44600000004;115262.904;115262.904;1388.8200000000795;1841.457999999955;1841.457999999955;eev,integrated,separated,ws;lintim;Mumford0;Mumford0;True;False;1e-05;12000;1;2;20;50;200;-5;50;0.75;2;50;50;10;10;16;0.0368;1095;1095
14050789;96;g_000;2;1;30;line_consecutive;0.1;1096;3;8;1-13,9-13;3;160365.86999999994;160365.87;160365.87;160365.87;5.820766091346741e-11;0.0;0.0;eev,integrated,separated,ws;lintim;Mumford0;Mumford0;True;False;1e-05;12000;1;2;20;50;200;-5;50;0.75;2;50;50;10;10;16;0.0368;1096;1096
14050789;97;g_000;2;1;30;line_consecutive;0.1;1097;3;9;1-13,1-29;3;115414.43999999996;115414.44000003776;115414.44;115414.44;3.780587576329708e-08;-3.776222001761198e-08;-3.776222001761198e-08;eev,integrated,separated,ws;lintim;Mumford0;Mumford0;True;False;1e-05;12000;1;2;20;50;200;-5;50;0.75;2;50;50;10;10;16;0.0368;1097;1097
14050789;98;g_000;2;1;30;line_consecutive;0.1;1098;3;10;1-29,17-29;3;118408.55599999995;118408.55600000345;118408.556;118408.556;3.492459654808044e-09;-3.448803909122944e-09;-3.448803909122944e-09;eev,integrated,separated,ws;lintim;Mumford0;Mumford0;True;False;1e-05;12000;1;2;20;50;200;-5;50;0.75;2;50;50;10;10;16;0.0368;1098;1098
14050789;99;g_000;2;1;30;line_consecutive;0.1;1099;3;11;17-28,17-29;3;114418.63799999996;114418.638;114418.638;114418.638;4.365574568510056e-11;0.0;0.0;eev,integrated,separated,ws;lintim;Mumford0;Mumford0;True;False;1e-05;12000;1;2;20;50;200;-5;50;0.75;2;50;50;10;10;16;0.0368;1099;1099
14050789;100;g_000;2;1;30;line_consecutive;0.1;1100;3;12;17-28,28-30;3;130968.84399999998;130968.8436975388;130968.844;130968.844;-0.0003024611796718;0.0003024611942237;0.0003024611942237;eev,integrated,separated,ws;lintim;Mumford0;Mumford0;True;False;1e-05;12000;1;2;20;50;200;-5;50;0.75;2;50;50;10;10;16;0.0368;1100;1100
14050789;101;g_000;2;1;30;line_consecutive;0.1;1101;3;13;6-7,7-14;4;119546.62199999996;120482.02400000828;120796.364;120482.024;935.4020000083256;314.33999999171647;-8.280039764940739e-09;eev,integrated,separated,ws;lintim;Mumford0;Mumford0;True;False;1e-05;12000;1;2;20;50;200;-5;50;0.75;2;50;50;10;10;16;0.0368;1101;1101
14050789;102;g_000;2;1;30;line_consecutive;0.1;1102;3;14;7-14,14-19;4;112944.21799999994;112944.21800000058;112944.21799999996;112944.21799999996;6.402842700481415e-10;-6.111804395914078e-10;-6.111804395914078e-10;eev,integrated,separated,ws;lintim;Mumford0;Mumford0;True;False;1e-05;12000;1;2;20;50;200;-5;50;0.75;2;50;50;10;10;16;0.0368;1102;1102
14050789;103;g_000;2;1;30;line_consecutive;0.1;1103;3;15;14-19,19-20;4;111259.27799999992;111259.27920947332;111259.278;111259.278;0.0012094733974663;-0.0012094733101548;-0.0012094733101548;eev,integrated,separated,ws;lintim;Mumford0;Mumford0;True;False;1e-05;12000;1;2;20;50;200;-5;50;0.75;2;50;50;10;10;16;0.0368;1103;1103
14050789;104;g_000;2;1;30;line_consecutive;0.1;1104;3;16;12-15,15-24;5;117775.27399999998;119648.64;122948.792;120114.07600000002;1873.366000000024;3300.152000000002;465.43600000001607;eev,integrated,separated,ws;lintim;Mumford0;Mumford0;True;False;1e-05;12000;1;2;20;50;200;-5;50;0.75;2;50;50;10;10;16;0.0368;1104;1104
14050789;105;g_000;2;1;30;line_consecutive;0.1;1105;3;17;12-15,12-26;5;117544.23999999998;118601.096;121435.81199999998;118601.096;1056.8560000000289;2834.7159999999712;0.0;eev,integrated,separated,ws;lintim;Mumford0;Mumford0;True;False;1e-05;12000;1;2;20;50;200;-5;50;0.75;2;50;50;10;10;16;0.0368;1105;1105
14050789;106;g_000;2;1;30;line_consecutive;0.1;1106;3;18;3-8,5-8;6;110905.55199999997;111210.90799999904;111210.908;111210.908;305.35599999906844;9.60426405072212e-10;9.60426405072212e-10;eev,integrated,separated,ws;lintim;Mumford0;Mumford0;True;False;1e-05;12000;1;2;20;50;200;-5;50;0.75;2;50;50;10;10;16;0.0368;1106;1106
14050789;107;g_000;2;1;30;line_consecutive;0.1;1107;3;19;10-15,15-21;7;116008.13199999995;116008.13199999998;116008.132;116008.132;2.9103830456733704e-11;1.4551915228366852e-11;1.4551915228366852e-11;eev,integrated,separated,ws;lintim;Mumford0;Mumford0;True;False;1e-05;12000;1;2;20;50;200;-5;50;0.75;2;50;50;10;10;16;0.0368;1107;1107
14050789;108;g_000;2;1;30;line_consecutive;0.1;1108;3;20;2-15,8-15;10;112606.54199999996;114667.72;116523.46;116523.46;2061.1780000000435;1855.7400000000048;1855.7400000000048;eev,integrated,separated,ws;lintim;Mumford0;Mumford0;True;False;1e-05;12000;1;2;20;50;200;-5;50;0.75;2;50;50;10;10;16;0.0368;1108;1108
14050789;109;g_000;2;1;30;line_consecutive;0.1;1109;3;21;8-15,8-17;10;112977.59799999995;114693.70199999795;116802.856;116802.856;1716.1039999979985;2109.154000002047;2109.154000002047;eev,integrated,separated,ws;lintim;Mumford0;Mumford0;True;False;1e-05;12000;1;2;20;50;200;-5;50;0.75;2;50;50;10;10;16;0.0368;1109;1109
14050789;110;g_000;2;1;30;line_consecutive;0.1;1110;3;22;7-17,8-17;10;111540.94400000472;112814.81426794257;113988.744;113988.744;1273.8702679378475;1173.9297320574406;1173.9297320574406;eev,integrated,separated,ws;lintim;Mumford0;Mumford0;True;False;1e-05;12000;1;2;20;50;200;-5;50;0.75;2;50;50;10;10;16;0.0368;1110;1110
14050789;111;g_000;2;1;30;line_consecutive;0.1;1111;3;23;6-7,7-17;10;114755.09999999992;117177.92999999976;118252.884;117177.93;2422.8299999998417;1074.9540000002453;2.3283064365386963e-10;eev,integrated,separated,ws;lintim;Mumford0;Mumford0;True;False;1e-05;12000;1;2;20;50;200;-5;50;0.75;2;50;50;10;10;16;0.0368;1111;1111
14050789;112;g_000;2;1;30;line_consecutive;0.1;1112;3;24;12-15,12-18;11;126842.04399999998;129978.15985268143;131916.3120000001;130175.23200000002;3136.1158526814543;1938.1521473186583;197.07214731858403;eev,integrated,separated,ws;lintim;Mumford0;Mumford0;True;False;1e-05;12000;1;2;20;50;200;-5;50;0.75;2;50;50;10;10;16;0.0368;1112;1112
14050789;113;g_000;2;1;30;line_consecutive;0.1;1113;3;25;18-23,19-23;11;130000.43799999997;131133.37399999998;131718.166;131297.91000000003;1132.936000000016;584.7920000000158;164.536000000051;eev,integrated,separated,ws;lintim;Mumford0;Mumford0;True;False;1e-05;12000;1;2;20;50;200;-5;50;0.75;2;50;50;10;10;16;0.0368;1113;1113
14050789;114;g_000;2;1;30;line_consecutive;0.1;1114;3;26;3-8,8-21;12;108965.07599999996;109270.432;109270.432;109270.432;305.3560000000434;0.0;0.0;eev,integrated,separated,ws;lintim;Mumford0;Mumford0;True;False;1e-05;12000;1;2;20;50;200;-5;50;0.75;2;50;50;10;10;16;0.0368;1114;1114
14050789;115;g_000;2;1;30;line_consecutive;0.1;1115;3;27;8-21,21-24;12;105133.53599999998;105133.53599999998;105133.536;105133.536;0.0;1.4551915228366852e-11;1.4551915228366852e-11;eev,integrated,separated,ws;lintim;Mumford0;Mumford0;True;False;1e-05;12000;1;2;20;50;200;-5;50;0.75;2;50;50;10;10;16;0.0368;1115;1115
14050789;116;g_000;1;1;30;line_consecutive;0.2;1116;4;0;8-25;1;109525.71199999996;109525.712;109525.712;109525.712;4.365574568510056e-11;0.0;0.0;eev,integrated,separated,ws;lintim;Mumford0;Mumford0;True;False;1e-05;12000;1;2;20;50;200;-5;50;0.75;2;50;50;10;10;16;0.0368;1116;1116
14050789;117;g_000;1;1;30;line_consecutive;0.2;1117;4;1;8-11;1;110888.43199999996;110888.432;110888.432;110888.432;4.365574568510056e-11;0.0;0.0;eev,integrated,separated,ws;lintim;Mumford0;Mumford0;True;False;1e-05;12000;1;2;20;50;200;-5;50;0.75;2;50;50;10;10;16;0.0368;1117;1117
14050789;118;g_000;1;1;30;line_consecutive;0.2;1118;4;2;6-16;8;105133.53599999996;105133.536;105133.536;105133.536;2.9103830456733704e-11;0.0;0.0;eev,integrated,separated,ws;lintim;Mumford0;Mumford0;True;False;1e-05;12000;1;2;20;50;200;-5;50;0.75;2;50;50;10;10;16;0.0368;1118;1118
14050789;119;g_000;1;1;30;line_consecutive;0.2;1119;4;3;4-12;2;110190.21599999996;111579.03599999905;113597.776;113597.776;1388.8199999990902;2018.740000000951;2018.740000000951;eev,integrated,separated,ws;lintim;Mumford0;Mumford0;True;False;1e-05;12000;1;2;20;50;200;-5;50;0.75;2;50;50;10;10;16;0.0368;1119;1119
14050789;120;g_000;1;1;30;line_consecutive;0.2;1120;4;4;17-28;3;111485.86399999996;111485.86399999767;111485.864;111485.864;-2.2846506908535957e-09;2.3283064365386963e-09;2.3283064365386963e-09;eev,integrated,separated,ws;lintim;Mumford0;Mumford0;True;False;1e-05;12000;1;2;20;50;200;-5;50;0.75;2;50;50;10;10;16;0.0368;1120;1120
14050789;121;g_000;1;1;30;line_consecutive;0.2;1121;4;5;1-29;3;111527.77999999996;111527.78;111527.78;111527.78;4.365574568510056e-11;0.0;0.0;eev,integrated,separated,ws;lintim;Mumford0;Mumford0;True;False;1e-05;12000;1;2;20;50;200;-5;50;0.75;2;50;50;10;10;16;0.0368;1121;1121
14050789;122;g_000;1;1;30;line_consecutive;0.2;1122;4;6;15-24;5;112218.82399999996;112218.824;112218.824;112218.82400000002;2.9103830456733704e-11;0.0;2.9103830456733704e-11;eev,integrated,separated,ws;lintim;Mumford0;Mumford0;True;False;1e-05;12000;1;2;20;50;200;-5;50;0.75;2;50;50;10;10;16;0.0368;1122;1122
14050789;123;g_000;1;1;30;line_consecutive;0.2;1123;4;7;17-29;3;113590.14199989873;113590.14199999944;113590.142;113590.142;1.00713805295527e-07;5.675246939063071e-10;5.675246939063071e-10;eev,integrated,separated,ws;lintim;Mumford0;Mumford0;True;False;1e-05;12000;1;2;20;50;200;-5;50;0.75;2;50;50;10;10;16;0.0368;1123;1123
14050789;124;g_000;1;1;30;line_consecutive;0.2;1124;4;8;1-14;2;108950.59999999996;110074.53999999884;111789.364;111789.364;1123.9399999988818;1714.8240000011574;1714.8240000011574;eev,integrated,separated,ws;lintim;Mumford0;Mumford0;True;False;1e-05;12000;1;2;20;50;200;-5;50;0.75;2;50;50;10;10;16;0.0368;1124;1124
14050789;125;g_000;1;1;30;line_consecutive;0.2;1125;4;9;5-8;6;107780.89199999996;108086.24799999998;108086.248;108086.248;305.3560000000143;2.9103830456733704e-11;2.9103830456733704e-11;eev,integrated,separated,ws;lintim;Mumford0;Mumford0;True;False;1e-05;12000;1;2;20;50;200;-5;50;0.75;2;50;50;10;10;16;0.0368;1125;1125
14050789;126;g_000;1;1;30;line_consecutive;0.2;1126;4;10;18-23;2,11;116153.14399999996;117981.92799999722;119711.372;118552.24000000002;1828.783999997264;1729.4440000027826;570.3120000027993;eev,integrated,separated,ws;lintim;Mumford0;Mumford0;True;False;1e-05;12000;1;2;20;50;200;-5;50;0.75;2;50;50;10;10;16;0.0368;1126;1126
14050789;127;g_000;1;1;30;line_consecutive;0.2;1127;4;11;28-30;3;112216.63199999995;112216.632;112216.632;112216.632;4.365574568510056e-11;0.0;0.0;eev,integrated,separated,ws;lintim;Mumford0;Mumford0;True;False;1e-05;12000;1;2;20;50;200;-5;50;0.75;2;50;50;10;10;16;0.0368;1127;1127
14050789;128;g_000;1;1;30;line_consecutive;0.2;1128;4;12;10-15;7;111902.98399999995;111902.9840000656;111902.984;111902.984;6.564368959516288e-08;-6.560003384947778e-08;-6.560003384947778e-08;eev,integrated,separated,ws;lintim;Mumford0;Mumford0;True;False;1e-05;12000;1;2;20;50;200;-5;50;0.75;2;50;50;10;10;16;0.0368;1128;1128
14050789;129;g_000;1;1;30;line_consecutive;0.2;1129;4;13;7-14;4;112944.21799999994;112944.21800000058;112944.21799999996;112944.21799999996;6.402842700481415e-10;-6.111804395914078e-10;-6.111804395914078e-10;eev,integrated,separated,ws;lintim;Mumford0;Mumford0;True;False;1e-05;12000;1;2;20;50;200;-5;50;0.75;2;50;50;10;10;16;0.0368;1129;1129
14050789;130;g_000;1;1;30;line_consecutive;0.2;1130;4;14;3-8;6,12;108965.07599999996;109270.432;109270.432;109270.432;305.3560000000434;0.0;0.0;eev,integrated,separated,ws;lintim;Mumford0;Mumford0;True;False;1e-05;12000;1;2;20;50;200;-5;50;0.75;2;50;50;10;10;16;0.0368;1130;1130
14050789;131;g_000;1;1;30;line_consecutive;0.2;1131;4;15;9-27;9;105133.53599999996;105133.53600000004;105133.536;105133.536;7.275957614183426e-11;-4.365574568510056e-11;-4.365574568510056e-11;eev,integrated,separated,ws;lintim;Mumford0;Mumford0;True;False;1e-05;12000;1;2;20;50;200;-5;50;0.75;2;50;50;10;10;16;0.0368;1131;1131
14050789;132;g_000;1;1;30;line_consecutive;0.2;1132;4;16;8-17;10;110722.73599999998;112436.202;114343.33;114343.33;1713.4660000000297;1907.127999999997;1907.127999999997;eev,integrated,separated,ws;lintim;Mumford0;Mumford0;True;False;1e-05;12000;1;2;20;50;200;-5;50;0.75;2;50;50;10;10;16;0.0368;1132;1132
14050789;133;g_000;1;1;30;line_consecutive;0.2;1133;4;17;2-25;1;109403.44399999996;109403.44400000355;109403.444;109403.444;3.594323061406612e-09;-3.5506673157215123e-09;-3.5506673157215123e-09;eev,integrated,separated,ws;lintim;Mumford0;Mumford0;True;False;1e-05;12000;1;2;20;50;200;-5;50;0.75;2;50;50;10;10;16;0.0368;1133;1133
14050789;134;g_000;1;1;30;line_consecutive;0.2;1134;4;18;9-13;3;110698.06399999995;110698.064;110698.064;110698.064;4.365574568510056e-11;0.0;0.0;eev,integrated,separated,ws;lintim;Mumford0;Mumford0;True;False;1e-05;12000;1;2;20;50;200;-5;50;0.75;2;50;50;10;10;16;0.0368;1134;1134
14050789;135;g_000;1;1;30;line_consecutive;0.2;1135;4;19;19-20;4;108566.41599999995;108566.416;108566.416;108566.416;4.365574568510056e-11;0.0;0.0;eev,integrated,separated,ws;lintim;Mumford0;Mumford0;True;False;1e-05;12000;1;2;20;50;200;-5;50;0.75;2;50;50;10;10;16;0.0368;1135;1135
14050789;136;g_000;1;1;30;line_consecutive;0.2;1136;4;20;15-21;7;110801.30399999996;110801.304;110801.30399999904;110801.30399999904;4.365574568510056e-11;-9.60426405072212e-10;-9.60426405072212e-10;eev,integrated,separated,ws;lintim;Mumford0;Mumford0;True;False;1e-05;12000;1;2;20;50;200;-5;50;0.75;2;50;50;10;10;16;0.0368;1136;1136
14050789;137;g_000;1;1;30;line_consecutive;0.2;1137;4;21;14-19;4;109859.27799999996;109859.27799999996;109859.27799999998;109859.27799999998;0.0;1.4551915228366852e-11;1.4551915228366852e-11;eev,integrated,separated,ws;lintim;Mumford0;Mumford0;True;False;1e-05;12000;1;2;20;50;200;-5;50;0.75;2;50;50;10;10;16;0.0368;1137;1137
14050789;138;g_000;1;1;30;line_consecutive;0.2;1138;4;22;6-7;4,10;114033.62599999996;115336.44399999996;116029.632;115563.506;1302.8179999999993;693.1880000000383;227.0620000000345;eev,integrated,separated,ws;lintim;Mumford0;Mumford0;True;False;1e-05;12000;1;2;20;50;200;-5;50;0.75;2;50;50;10;10;16;0.0368;1138;1138
14050789;139;g_000;1;1;30;line_consecutive;0.2;1139;4;23;8-15;10;110649.47399999996;112363.48799999998;113955.304;113955.304;1714.014000000025;1591.8160000000207;1591.8160000000207;eev,integrated,separated,ws;lintim;Mumford0;Mumford0;True;False;1e-05;12000;1;2;20;50;200;-5;50;0.75;2;50;50;10;10;16;0.0368;1139;1139
14050789;140;g_000;1;1;30;line_consecutive;0.2;1140;4;24;1-23;2;107664.63199999998;108036.41599999944;108311.036;108311.036;371.7839999994612;274.6200000005483;274.6200000005483;eev,integrated,separated,ws;lintim;Mumford0;Mumford0;True;False;1e-05;12000;1;2;20;50;200;-5;50;0.75;2;50;50;10;10;16;0.0368;1140;1140
14050789;141;g_000;1;1;30;line_consecutive;0.2;1141;4;25;21-24;12;105133.53599999996;105133.536;105133.536;105133.536;2.9103830456733704e-11;0.0;0.0;eev,integrated,separated,ws;lintim;Mumford0;Mumford0;True;False;1e-05;12000;1;2;20;50;200;-5;50;0.75;2;50;50;10;10;16;0.0368;1141;1141
14050789;142;g_000;1;1;30;line_consecutive;0.2;1142;4;26;2-4;2;107843.73599999998;108215.51999999996;108534.304;108534.304;371.7839999999851;318.7840000000433;318.7840000000433;eev,integrated,separated,ws;lintim;Mumford0;Mumford0;True;False;1e-05;12000;1;2;20;50;200;-5;50;0.75;2;50;50;10;10;16;0.0368;1142;1142
14050789;143;g_000;1;1;30;line_consecutive;0.2;1143;4;27;1-13;3;110610.57599999996;110610.576;110610.576;110610.576;4.365574568510056e-11;0.0;0.0;eev,integrated,separated,ws;lintim;Mumford0;Mumford0;True;False;1e-05;12000;1;2;20;50;200;-5;50;0.75;2;50;50;10;10;16;0.0368;1143;1143
14050789;144;g_000;1;1;30;line_consecutive;0.2;1144;4;28;7-17;10;110133.16799999998;111369.53799999984;112543.468;112543.468;1236.3699999998644;1173.930000000153;1173.930000000153;eev,integrated,separated,ws;lintim;Mumford0;Mumford0;True;False;1e-05;12000;1;2;20;50;200;-5;50;0.75;2;50;50;10;10;16;0.0368;1144;1144
14050789;145;g_000;1;1;30;line_consecutive;0.2;1145;4;29;19-23;11;107825.39199999996;108402.24800001788;109236.6879999994;109236.6879999994;576.8560000179132;834.4399999815214;834.4399999815214;eev,integrated,separated,ws;lintim;Mumford0;Mumford0;True;False;1e-05;12000;1;2;20;50;200;-5;50;0.75;2;50;50;10;10;16;0.0368;1145;1145
14050789;146;g_000;2;1;30;line_consecutive;0.2;1146;5;0;2-25,8-25;1;143609.95399999997;143609.95400000003;143609.954;143609.954;5.820766091346741e-11;-2.9103830456733704e-11;-2.9103830456733704e-11;eev,integrated,separated,ws;lintim;Mumford0;Mumford0;True;False;1e-05;12000;1;2;20;50;200;-5;50;0.75;2;50;50;10;10;16;0.0368;1146;1146
14050789;147;g_000;2;1;30;line_consecutive;0.2;1147;5;1;8-11,8-25;1;115264.73199999996;115264.73200000385;115264.732;115264.732;3.885361365973949e-09;-3.841705620288849e-09;-3.841705620288849e-09;eev,integrated,separated,ws;lintim;Mumford0;Mumford0;True;False;1e-05;12000;1;2;20;50;200;-5;50;0.75;2;50;50;10;10;16;0.0368;1147;1147
14050789;148;g_000;2;1;30;line_consecutive;0.2;1148;5;2;8-11,11-22;1;137397.6059999999;137397.60599999997;137397.606;137397.606;5.820766091346741e-11;2.9103830456733704e-11;2.9103830456733704e-11;eev,integrated,separated,ws;lintim;Mumford0;Mumford0;True;False;1e-05;12000;1;2;20;50;200;-5;50;0.75;2;50;50;10;10;16;0.0368;1148;1148
14050789;149;g_000;2;1;30;line_consecutive;0.2;1149;5;3;2-4,4-12;2;124573.13999999996;125961.96;127980.7;127980.7;1388.8200000000506;2018.7399999999907;2018.7399999999907;eev,integrated,separated,ws;lintim;Mumford0;Mumford0;True;False;1e-05;12000;1;2;20;50;200;-5;50;0.75;2;50;50;10;10;16;0.0368;1149;1149
14050789;150;g_000;2;1;30;line_consecutive;0.2;1150;5;4;4-12,12-18;2;174834.63999999996;178688.846;181289.71;178885.91800000003;3854.2060000000342;2600.8640000000014;197.07200000004377;eev,integrated,separated,ws;lintim;Mumford0;Mumford0;True;False;1e-05;12000;1;2;20;50;200;-5;50;0.75;2;50;50;10;10;16;0.0368;1150;1150
14050789;151;g_000;2;1;30;line_consecutive;0.2;1151;5;5;12-18,18-23;2,11;160133.59599999996;162957.61199999996;165558.476;163154.684;2824.0160000000037;2600.8640000000305;197.07200000004377;eev,integrated,separated,ws;lintim;Mumford0;Mumford0;True;False;1e-05;12000;1;2;20;50;200;-5;50;0.75;2;50;50;10;10;16;0.0368;1151;1151
14050789;152;g_000;2;1;30;line_consecutive;0.2;1152;5;6;1-23,18-23;2;116153.14399999996;117981.92799999722;119711.372;118552.24000000002;1828.783999997264;1729.4440000027826;570.3120000027993;eev,integrated,separated,ws;lintim;Mumford0;Mumford0;True;False;1e-05;12000;1;2;20;50;200;-5;50;0.75;2;50;50;10;10;16;0.0368;1152;1152
14050789;153;g_000;2;1;30;line_consecutive;0.2;1153;5;7;1-14,1-23;2;112032.62599999996;113421.44600000004;115262.904;115262.904;1388.8200000000795;1841.457999999955;1841.457999999955;eev,integrated,separated,ws;lintim;Mumford0;Mumford0;True;False;1e-05;12000;1;2;20;50;200;-5;50;0.75;2;50;50;10;10;16;0.0368;1153;1153
14050789;154;g_000;2;1;30;line_consecutive;0.2;1154;5;8;1-13,9-13;3;160365.86999999994;160365.87;160365.87;160365.87;5.820766091346741e-11;0.0;0.0;eev,integrated,separated,ws;lintim;Mumford0;Mumford0;True;False;1e-05;12000;1;2;20;50;200;-5;50;0.75;2;50;50;10;10;16;0.0368;1154;1154
14050789;155;g_000;2;1;30;line_consecutive;0.2;1155;5;9;1-13,1-29;3;115414.43999999996;115414.44000003776;115414.44;115414.44;3.780587576329708e-08;-3.776222001761198e-08;-3.776222001761198e-08;eev,integrated,separated,ws;lintim;Mumford0;Mumford0;True;False;1e-05;12000;1;2;20;50;200;-5;50;0.75;2;50;50;10;10;16;0.0368;1155;1155
14050789;156;g_000;2;1;30;line_consecutive;0.2;1156;5;10;1-29,17-29;3;118408.55599999995;118408.55600000345;118408.556;118408.556;3.492459654808044e-09;-3.448803909122944e-09;-3.448803909122944e-09;eev,integrated,separated,ws;lintim;Mumford0;Mumford0;True;False;1e-05;12000;1;2;20;50;200;-5;50;0.75;2;50;50;10;10;16;0.0368;1156;1156
14050789;157;g_000;2;1;30;line_consecutive;0.2;1157;5;11;17-28,17-29;3;114418.63799999996;114418.638;114418.638;114418.638;4.365574568510056e-11;0.0;0.0;eev,integrated,separated,ws;lintim;Mumford0;Mumford0;True;False;1e-05;12000;1;2;20;50;200;-5;50;0.75;2;50;50;10;10;16;0.0368;1157;1157
14050789;158;g_000;2;1;30;line_consecutive;0.2;1158;5;12;17-28,28-30;3;130968.84399999998;130968.8436975388;130968.844;130968.844;-0.0003024611796718;0.0003024611942237;0.0003024611942237;eev,integrated,separated,ws;lintim;Mumford0;Mumford0;True;False;1e-05;12000;1;2;20;50;200;-5;50;0.75;2;50;50;10;10;16;0.0368;1158;1158
14050789;159;g_000;2;1;30;line_consecutive;0.2;1159;5;13;6-7,7-14;4;119546.62199999996;120482.02400000828;120796.364;120482.024;935.4020000083256;314.33999999171647;-8.280039764940739e-09;eev,integrated,separated,ws;lintim;Mumford0;Mumford0;True;False;1e-05;12000;1;2;20;50;200;-5;50;0.75;2;50;50;10;10;16;0.0368;1159;1159
14050789;160;g_000;2;1;30;line_consecutive;0.2;1160;5;14;7-14,14-19;4;112944.21799999994;112944.21800000058;112944.21799999996;112944.21799999996;6.402842700481415e-10;-6.111804395914078e-10;-6.111804395914078e-10;eev,integrated,separated,ws;lintim;Mumford0;Mumford0;True;False;1e-05;12000;1;2;20;50;200;-5;50;0.75;2;50;50;10;10;16;0.0368;1160;1160
14050789;161;g_000;2;1;30;line_consecutive;0.2;1161;5;15;14-19,19-20;4;111259.27799999992;111259.27920947332;111259.278;111259.278;0.0012094733974663;-0.0012094733101548;-0.0012094733101548;eev,integrated,separated,ws;lintim;Mumford0;Mumford0;True;False;1e-05;12000;1;2;20;50;200;-5;50;0.75;2;50;50;10;10;16;0.0368;1161;1161
14050789;162;g_000;2;1;30;line_consecutive;0.2;1162;5;16;12-15,15-24;5;117775.27399999998;119648.64;122948.792;120114.07600000002;1873.366000000024;3300.152000000002;465.43600000001607;eev,integrated,separated,ws;lintim;Mumford0;Mumford0;True;False;1e-05;12000;1;2;20;50;200;-5;50;0.75;2;50;50;10;10;16;0.0368;1162;1162
14050789;163;g_000;2;1;30;line_consecutive;0.2;1163;5;17;12-15,12-26;5;117544.23999999998;118601.096;121435.81199999998;118601.096;1056.8560000000289;2834.7159999999712;0.0;eev,integrated,separated,ws;lintim;Mumford0;Mumford0;True;False;1e-05;12000;1;2;20;50;200;-5;50;0.75;2;50;50;10;10;16;0.0368;1163;1163
14050789;164;g_000;2;1;30;line_consecutive;0.2;1164;5;18;3-8,5-8;6;110905.55199999997;111210.90799999904;111210.908;111210.908;305.35599999906844;9.60426405072212e-10;9.60426405072212e-10;eev,integrated,separated,ws;lintim;Mumford0;Mumford0;True;False;1e-05;12000;1;2;20;50;200;-5;50;0.75;2;50;50;10;10;16;0.0368;1164;1164
14050789;165;g_000;2;1;30;line_consecutive;0.2;1165;5;19;10-15,15-21;7;116008.13199999995;116008.13199999998;116008.132;116008.132;2.9103830456733704e-11;1.4551915228366852e-11;1.4551915228366852e-11;eev,integrated,separated,ws;lintim;Mumford0;Mumford0;True;False;1e-05;12000;1;2;20;50;200;-5;50;0.75;2;50;50;10;10;16;0.0368;1165;1165
14050789;166;g_000;2;1;30;line_consecutive;0.2;1166;5;20;2-15,8-15;10;112606.54199999996;114667.72;116523.46;116523.46;2061.1780000000435;1855.7400000000048;1855.7400000000048;eev,integrated,separated,ws;lintim;Mumford0;Mumford0;True;False;1e-05;12000;1;2;20;50;200;-5;50;0.75;2;50;50;10;10;16;0.0368;1166;1166
14050789;167;g_000;2;1;30;line_consecutive;0.2;1167;5;21;8-15,8-17;10;112977.59799999995;114693.70199999795;116802.856;116802.856;1716.1039999979985;2109.154000002047;2109.154000002047;eev,integrated,separated,ws;lintim;Mumford0;Mumford0;True;False;1e-05;12000;1;2;20;50;200;-5;50;0.75;2;50;50;10;10;16;0.0368;1167;1167
14050789;168;g_000;2;1;30;line_consecutive;0.2;1168;5;22;7-17,8-17;10;111540.94400000472;112814.81426794257;113988.744;113988.744;1273.8702679378475;1173.9297320574406;1173.9297320574406;eev,integrated,separated,ws;lintim;Mumford0;Mumford0;True;False;1e-05;12000;1;2;20;50;200;-5;50;0.75;2;50;50;10;10;16;0.0368;1168;1168
14050789;169;g_000;2;1;30;line_consecutive;0.2;1169;5;23;6-7,7-17;10;114755.09999999992;117177.92999999976;118252.884;117177.93;2422.8299999998417;1074.9540000002453;2.3283064365386963e-10;eev,integrated,separated,ws;lintim;Mumford0;Mumford0;True;False;1e-05;12000;1;2;20;50;200;-5;50;0.75;2;50;50;10;10;16;0.0368;1169;1169
14050789;170;g_000;2;1;30;line_consecutive;0.2;1170;5;24;12-15,12-18;11;126842.04399999998;129978.15985268143;131916.3120000001;130175.23200000002;3136.1158526814543;1938.1521473186583;197.07214731858403;eev,integrated,separated,ws;lintim;Mumford0;Mumford0;True;False;1e-05;12000;1;2;20;50;200;-5;50;0.75;2;50;50;10;10;16;0.0368;1170;1170
14050789;171;g_000;2;1;30;line_consecutive;0.2;1171;5;25;18-23,19-23;11;130000.43799999997;131133.37399999998;131718.166;131297.91000000003;1132.936000000016;584.7920000000158;164.536000000051;eev,integrated,separated,ws;lintim;Mumford0;Mumford0;True;False;1e-05;12000;1;2;20;50;200;-5;50;0.75;2;50;50;10;10;16;0.0368;1171;1171
14050789;172;g_000;2;1;30;line_consecutive;0.2;1172;5;26;3-8,8-21;12;108965.07599999996;109270.432;109270.432;109270.432;305.3560000000434;0.0;0.0;eev,integrated,separated,ws;lintim;Mumford0;Mumford0;True;False;1e-05;12000;1;2;20;50;200;-5;50;0.75;2;50;50;10;10;16;0.0368;1172;1172
14050789;173;g_000;2;1;30;line_consecutive;0.2;1173;5;27;8-21,21-24;12;105133.53599999998;105133.53599999998;105133.536;105133.536;0.0;1.4551915228366852e-11;1.4551915228366852e-11;eev,integrated,separated,ws;lintim;Mumford0;Mumford0;True;False;1e-05;12000;1;2;20;50;200;-5;50;0.75;2;50;50;10;10;16;0.0368;1173;1173
14050789;174;g_000;1;1;30;line_consecutive;0.3;1174;6;0;6-16;8;105133.53599999996;105133.536;105133.536;105133.536;2.9103830456733704e-11;0.0;0.0;eev,integrated,separated,ws;lintim;Mumford0;Mumford0;True;False;1e-05;12000;1;2;20;50;200;-5;50;0.75;2;50;50;10;10;16;0.0368;1174;1174
14050789;175;g_000;1;1;30;line_consecutive;0.3;1175;6;1;1-13;3;110610.57599999996;110610.576;110610.576;110610.576;4.365574568510056e-11;0.0;0.0;eev,integrated,separated,ws;lintim;Mumford0;Mumford0;True;False;1e-05;12000;1;2;20;50;200;-5;50;0.75;2;50;50;10;10;16;0.0368;1175;1175
14050789;176;g_000;1;1;30;line_consecutive;0.3;1176;6;2;1-29;3;111527.77999999996;111527.78;111527.78;111527.78;4.365574568510056e-11;0.0;0.0;eev,integrated,separated,ws;lintim;Mumford0;Mumford0;True;False;1e-05;12000;1;2;20;50;200;-5;50;0.75;2;50;50;10;10;16;0.0368;1176;1176
14050789;177;g_000;1;1;30;line_consecutive;0.3;1177;6;3;28-30;3;112216.63199999995;112216.632;112216.632;112216.632;4.365574568510056e-11;0.0;0.0;eev,integrated,separated,ws;lintim;Mumford0;Mumford0;True;False;1e-05;12000;1;2;20;50;200;-5;50;0.75;2;50;50;10;10;16;0.0368;1177;1177
14050789;178;g_000;1;1;30;line_consecutive;0.3;1178;6;4;2-25;1;109403.44399999996;109403.44400000355;109403.444;109403.444;3.594323061406612e-09;-3.5506673157215123e-09;-3.5506673157215123e-09;eev,integrated,separated,ws;lintim;Mumford0;Mumford0;True;False;1e-05;12000;1;2;20;50;200;-5;50;0.75;2;50;50;10;10;16;0.0368;1178;1178
14050789;179;g_000;1;1;30;line_consecutive;0.3;1179;6;5;17-28;3;111485.86399999996;111485.86399999767;111485.864;111485.864;-2.2846506908535957e-09;2.3283064365386963e-09;2.3283064365386963e-09;eev,integrated,separated,ws;lintim;Mumford0;Mumford0;True;False;1e-05;12000;1;2;20;50;200;-5;50;0.75;2;50;50;10;10;16;0.0368;1179;1179
14050789;180;g_000;1;1;30;line_consecutive;0.3;1180;6;6;19-20;4;108566.41599999995;108566.416;108566.416;108566.416;4.365574568510056e-11;0.0;0.0;eev,integrated,separated,ws;lintim;Mumford0;Mumford0;True;False;1e-05;12000;1;2;20;50;200;-5;50;0.75;2;50;50;10;10;16;0.0368;1180;1180
14050789;181;g_000;1;1;30;line_consecutive;0.3;1181;6;7;8-21;12;105133.53599999996;105133.536;105133.536;105133.536;2.9103830456733704e-11;0.0;0.0;eev,integrated,separated,ws;lintim;Mumford0;Mumford0;True;False;1e-05;12000;1;2;20;50;200;-5;50;0.75;2;50;50;10;10;16;0.0368;1181;1181
14050789;182;g_000;1;1;30;line_consecutive;0.3;1182;6;8;17-29;3;113590.14199989873;113590.14199999944;113590.142;113590.142;1.00713805295527e-07;5.675246939063071e-10;5.675246939063071e-10;eev,integrated,separated,ws;lintim;Mumford0;Mumford0;True;False;1e-05;12000;1;2;20;50;200;-5;50;0.75;2;50;50;10;10;16;0.0368;1182;1182
14050789;183;g_000;1;1;30;line_consecutive;0.3;1183;6;9;9-13;3;110698.06399999995;110698.064;110698.064;110698.064;4.365574568510056e-11;0.0;0.0;eev,integrated,separated,ws;lintim;Mumford0;Mumford0;True;False;1e-05;12000;1;2;20;50;200;-5;50;0.75;2;50;50;10;10;16;0.0368;1183;1183
14050789;184;g_000;1;1;30;line_consecutive;0.3;1184;6;10;1-14;2;108950.59999999996;110074.53999999884;111789.364;111789.364;1123.9399999988818;1714.8240000011574;1714.8240000011574;eev,integrated,separated,ws;lintim;Mumford0;Mumford0;True;False;1e-05;12000;1;2;20;50;200;-5;50;0.75;2;50;50;10;10;16;0.0368;1184;1184
14050789;185;g_000;1;1;30;line_consecutive;0.3;1185;6;11;10-15;7;111902.98399999995;111902.9840000656;111902.984;111902.984;6.564368959516288e-08;-6.560003384947778e-08;-6.560003384947778e-08;eev,integrated,separated,ws;lintim;Mumford0;Mumford0;True;False;1e-05;12000;1;2;20;50;200;-5;50;0.75;2;50;50;10;10;16;0.0368;1185;1185
14050789;186;g_000;1;1;30;line_consecutive;0.3;1186;6;12;12-26;5;117312.48999999998;117312.49;117312.49;117312.49000000002;2.9103830456733704e-11;0.0;1.4551915228366852e-11;eev,integrated,separated,ws;lintim;Mumford0;Mumford0;True;False;1e-05;12000;1;2;20;50;200;-5;50;0.75;2;50;50;10;10;16;0.0368;1186;1186
14050789;187;g_000;1;1;30;line_consecutive;0.3;1187;6;13;6-7;4,10;114033.62599999996;115336.44399999996;116029.632;115563.506;1302.8179999999993;693.1880000000383;227.0620000000345;eev,integrated,separated,ws;lintim;Mumford0;Mumford0;True;False;1e-05;12000;1;2;20;50;200;-5;50;0.75;2;50;50;10;10;16;0.0368;1187;1187
14050789;188;g_000;1;1;30;line_consecutive;0.3;1188;6;14;8-17;10;110722.73599999998;112436.202;114343.33;114343.33;1713.4660000000297;1907.127999999997;1907.127999999997;eev,integrated,separated,ws;lintim;Mumford0;Mumford0;True;False;1e-05;12000;1;2;20;50;200;-5;50;0.75;2;50;50;10;10;16;0.0368;1188;1188
14050789;189;g_000;1;1;30;line_consecutive;0.3;1189;6;15;8-15;10;110649.47399999996;112363.48799999998;113955.304;113955.304;1714.014000000025;1591.8160000000207;1591.8160000000207;eev,integrated,separated,ws;lintim;Mumford0;Mumford0;True;False;1e-05;12000;1;2;20;50;200;-5;50;0.75;2;50;50;10;10;16;0.0368;1189;1189
14050789;190;g_000;1;1;30;line_consecutive;0.3;1190;6;16;5-8;6;107780.89199999996;108086.24799999998;108086.248;108086.248;305.3560000000143;2.9103830456733704e-11;2.9103830456733704e-11;eev,integrated,separated,ws;lintim;Mumford0;Mumford0;True;False;1e-05;12000;1;2;20;50;200;-5;50;0.75;2;50;50;10;10;16;0.0368;1190;1190
14050789;191;g_000;1;1;30;line_consecutive;0.3;1191;6;17;7-17;10;110133.16799999998;111369.53799999984;112543.468;112543.468;1236.3699999998644;1173.930000000153;1173.930000000153;eev,integrated,separated,ws;lintim;Mumford0;Mumford0;True;False;1e-05;12000;1;2;20;50;200;-5;50;0.75;2;50;50;10;10;16;0.0368;1191;1191
14050789;192;g_000;1;1;30;line_consecutive;0.3;1192;6;18;21-24;12;105133.53599999996;105133.536;105133.536;105133.536;2.9103830456733704e-11;0.0;0.0;eev,integrated,separated,ws;lintim;Mumford0;Mumford0;True;False;1e-05;12000;1;2;20;50;200;-5;50;0.75;2;50;50;10;10;16;0.0368;1192;1192
14050789;193;g_000;1;1;30;line_consecutive;0.3;1193;6;19;14-19;4;109859.27799999996;109859.27799999996;109859.27799999998;109859.27799999998;0.0;1.4551915228366852e-11;1.4551915228366852e-11;eev,integrated,separated,ws;lintim;Mumford0;Mumford0;True;False;1e-05;12000;1;2;20;50;200;-5;50;0.75;2;50;50;10;10;16;0.0368;1193;1193
14050789;194;g_000;1;1;30;line_consecutive;0.3;1194;6;20;7-14;4;112944.21799999994;112944.21800000058;112944.21799999996;112944.21799999996;6.402842700481415e-10;-6.111804395914078e-10;-6.111804395914078e-10;eev,integrated,separated,ws;lintim;Mumford0;Mumford0;True;False;1e-05;12000;1;2;20;50;200;-5;50;0.75;2;50;50;10;10;16;0.0368;1194;1194
14050789;195;g_000;1;1;30;line_consecutive;0.3;1195;6;21;12-15;5,11;117775.27399999998;119648.64;122948.792;120114.07600000002;1873.366000000024;3300.152000000002;465.43600000001607;eev,integrated,separated,ws;lintim;Mumford0;Mumford0;True;False;1e-05;12000;1;2;20;50;200;-5;50;0.75;2;50;50;10;10;16;0.0368;1195;1195
14050789;196;g_000;1;1;30;line_consecutive;0.3;1196;6;22;11-22;1;110126.14399999996;110126.144;110126.144;110126.144;4.365574568510056e-11;0.0;0.0;eev,integrated,separated,ws;lintim;Mumford0;Mumford0;True;False;1e-05;12000;1;2;20;50;200;-5;50;0.75;2;50;50;10;10;16;0.0368;1196;1196
14050789;197;g_000;1;1;30;line_consecutive;0.3;1197;6;23;15-24;5;112218.82399999996;112218.824;112218.824;112218.82400000002;2.9103830456733704e-11;0.0;2.9103830456733704e-11;eev,integrated,separated,ws;lintim;Mumford0;Mumford0;True;False;1e-05;12000;1;2;20;50;200;-5;50;0.75;2;50;50;10;10;16;0.0368;1197;1197
14050789;198;g_000;1;1;30;line_consecutive;0.3;1198;6;24;19-23;11;107825.39199999996;108402.24800001788;109236.6879999994;109236.6879999994;576.8560000179132;834.4399999815214;834.4399999815214;eev,integrated,separated,ws;lintim;Mumford0;Mumford0;True;False;1e-05;12000;1;2;20;50;200;-5;50;0.75;2;50;50;10;10;16;0.0368;1198;1198
14050789;199;g_000;1;1;30;line_consecutive;0.3;1199;6;25;1-23;2;107664.63199999998;108036.41599999944;108311.036;108311.036;371.7839999994612;274.6200000005483;274.6200000005483;eev,integrated,separated,ws;lintim;Mumford0;Mumford0;True;False;1e-05;12000;1;2;20;50;200;-5;50;0.75;2;50;50;10;10;16;0.0368;1199;1199
14050789;200;g_000;1;1;30;line_consecutive;0.3;1200;6;26;15-21;7;110801.30399999996;110801.304;110801.30399999904;110801.30399999904;4.365574568510056e-11;-9.60426405072212e-10;-9.60426405072212e-10;eev,integrated,separated,ws;lintim;Mumford0;Mumford0;True;False;1e-05;12000;1;2;20;50;200;-5;50;0.75;2;50;50;10;10;16;0.0368;1200;1200
14050789;201;g_000;1;1;30;line_consecutive;0.3;1201;6;27;2-4;2;107843.73599999998;108215.51999999996;108534.304;108534.304;371.7839999999851;318.7840000000433;318.7840000000433;eev,integrated,separated,ws;lintim;Mumford0;Mumford0;True;False;1e-05;12000;1;2;20;50;200;-5;50;0.75;2;50;50;10;10;16;0.0368;1201;1201
14050789;202;g_000;1;1;30;line_consecutive;0.3;1202;6;28;18-23;2,11;116153.14399999996;117981.92799999722;119711.372;118552.24000000002;1828.783999997264;1729.4440000027826;570.3120000027993;eev,integrated,separated,ws;lintim;Mumford0;Mumford0;True;False;1e-05;12000;1;2;20;50;200;-5;50;0.75;2;50;50;10;10;16;0.0368;1202;1202
14050789;203;g_000;1;1;30;line_consecutive;0.3;1203;6;29;4-12;2;110190.21599999996;111579.03599999905;113597.776;113597.776;1388.8199999990902;2018.740000000951;2018.740000000951;eev,integrated,separated,ws;lintim;Mumford0;Mumford0;True;False;1e-05;12000;1;2;20;50;200;-5;50;0.75;2;50;50;10;10;16;0.0368;1203;1203
14050789;204;g_000;2;1;30;line_consecutive;0.3;1204;7;0;2-25,8-25;1;143609.95399999997;143609.95400000003;143609.954;143609.954;5.820766091346741e-11;-2.9103830456733704e-11;-2.9103830456733704e-11;eev,integrated,separated,ws;lintim;Mumford0;Mumford0;True;False;1e-05;12000;1;2;20;50;200;-5;50;0.75;2;50;50;10;10;16;0.0368;1204;1204
14050789;205;g_000;2;1;30;line_consecutive;0.3;1205;7;1;8-11,8-25;1;115264.73199999996;115264.73200000385;115264.732;115264.732;3.885361365973949e-09;-3.841705620288849e-09;-3.841705620288849e-09;eev,integrated,separated,ws;lintim;Mumford0;Mumford0;True;False;1e-05;12000;1;2;20;50;200;-5;50;0.75;2;50;50;10;10;16;0.0368;1205;1205
14050789;206;g_000;2;1;30;line_consecutive;0.3;1206;7;2;8-11,11-22;1;137397.6059999999;137397.60599999997;137397.606;137397.606;5.820766091346741e-11;2.9103830456733704e-11;2.9103830456733704e-11;eev,integrated,separated,ws;lintim;Mumford0;Mumford0;True;False;1e-05;12000;1;2;20;50;200;-5;50;0.75;2;50;50;10;10;16;0.0368;1206;1206
14050789;207;g_000;2;1;30;line_consecutive;0.3;1207;7;3;2-4,4-12;2;124573.13999999996;125961.96;127980.7;127980.7;1388.8200000000506;2018.7399999999907;2018.7399999999907;eev,integrated,separated,ws;lintim;Mumford0;Mumford0;True;False;1e-05;12000;1;2;20;50;200;-5;50;0.75;2;50;50;10;10;16;0.0368;1207;1207
14050789;208;g_000;2;1;30;line_consecutive;0.3;1208;7;4;4-12,12-18;2;174834.63999999996;178688.846;181289.71;178885.91800000003;3854.2060000000342;2600.8640000000014;197.07200000004377;eev,integrated,separated,ws;lintim;Mumford0;Mumford0;True;False;1e-05;12000;1;2;20;50;200;-5;50;0.75;2;50;50;10;10;16;0.0368;1208;1208
14050789;209;g_000;2;1;30;line_consecutive;0.3;1209;7;5;12-18,18-23;2,11;160133.59599999996;162957.61199999996;165558.476;163154.684;2824.0160000000037;2600.8640000000305;197.07200000004377;eev,integrated,separated,ws;lintim;Mumford0;Mumford0;True;False;1e-05;12000;1;2;20;50;200;-5;50;0.75;2;50;50;10;10;16;0.0368;1209;1209
14050789;210;g_000;2;1;30;line_consecutive;0.3;1210;7;6;1-23,18-23;2;116153.14399999996;117981.92799999722;119711.372;118552.24000000002;1828.783999997264;1729.4440000027826;570.3120000027993;eev,integrated,separated,ws;lintim;Mumford0;Mumford0;True;False;1e-05;12000;1;2;20;50;200;-5;50;0.75;2;50;50;10;10;16;0.0368;1210;1210
14050789;211;g_000;2;1;30;line_consecutive;0.3;1211;7;7;1-14,1-23;2;112032.62599999996;113421.44600000004;115262.904;115262.904;1388.8200000000795;1841.457999999955;1841.457999999955;eev,integrated,separated,ws;lintim;Mumford0;Mumford0;True;False;1e-05;12000;1;2;20;50;200;-5;50;0.75;2;50;50;10;10;16;0.0368;1211;1211
14050789;212;g_000;2;1;30;line_consecutive;0.3;1212;7;8;1-13,9-13;3;160365.86999999994;160365.87;160365.87;160365.87;5.820766091346741e-11;0.0;0.0;eev,integrated,separated,ws;lintim;Mumford0;Mumford0;True;False;1e-05;12000;1;2;20;50;200;-5;50;0.75;2;50;50;10;10;16;0.0368;1212;1212
14050789;213;g_000;2;1;30;line_consecutive;0.3;1213;7;9;1-13,1-29;3;115414.43999999996;115414.44000003776;115414.44;115414.44;3.780587576329708e-08;-3.776222001761198e-08;-3.776222001761198e-08;eev,integrated,separated,ws;lintim;Mumford0;Mumford0;True;False;1e-05;12000;1;2;20;50;200;-5;50;0.75;2;50;50;10;10;16;0.0368;1213;1213
14050789;214;g_000;2;1;30;line_consecutive;0.3;1214;7;10;1-29,17-29;3;118408.55599999995;118408.55600000345;118408.556;118408.556;3.492459654808044e-09;-3.448803909122944e-09;-3.448803909122944e-09;eev,integrated,separated,ws;lintim;Mumford0;Mumford0;True;False;1e-05;12000;1;2;20;50;200;-5;50;0.75;2;50;50;10;10;16;0.0368;1214;1214
14050789;215;g_000;2;1;30;line_consecutive;0.3;1215;7;11;17-28,17-29;3;114418.63799999996;114418.638;114418.638;114418.638;4.365574568510056e-11;0.0;0.0;eev,integrated,separated,ws;lintim;Mumford0;Mumford0;True;False;1e-05;12000;1;2;20;50;200;-5;50;0.75;2;50;50;10;10;16;0.0368;1215;1215
14050789;216;g_000;2;1;30;line_consecutive;0.3;1216;7;12;17-28,28-30;3;130968.84399999998;130968.8436975388;130968.844;130968.844;-0.0003024611796718;0.0003024611942237;0.0003024611942237;eev,integrated,separated,ws;lintim;Mumford0;Mumford0;True;False;1e-05;12000;1;2;20;50;200;-5;50;0.75;2;50;50;10;10;16;0.0368;1216;1216
14050789;217;g_000;2;1;30;line_consecutive;0.3;1217;7;13;6-7,7-14;4;119546.62199999996;120482.02400000828;120796.364;120482.024;935.4020000083256;314.33999999171647;-8.280039764940739e-09;eev,integrated,separated,ws;lintim;Mumford0;Mumford0;True;False;1e-05;12000;1;2;20;50;200;-5;50;0.75;2;50;50;10;10;16;0.0368;1217;1217
14050789;218;g_000;2;1;30;line_consecutive;0.3;1218;7;14;7-14,14-19;4;112944.21799999994;112944.21800000058;112944.21799999996;112944.21799999996;6.402842700481415e-10;-6.111804395914078e-10;-6.111804395914078e-10;eev,integrated,separated,ws;lintim;Mumford0;Mumford0;True;False;1e-05;12000;1;2;20;50;200;-5;50;0.75;2;50;50;10;10;16;0.0368;1218;1218
14050789;219;g_000;2;1;30;line_consecutive;0.3;1219;7;15;14-19,19-20;4;111259.27799999992;111259.27920947332;111259.278;111259.278;0.0012094733974663;-0.0012094733101548;-0.0012094733101548;eev,integrated,separated,ws;lintim;Mumford0;Mumford0;True;False;1e-05;12000;1;2;20;50;200;-5;50;0.75;2;50;50;10;10;16;0.0368;1219;1219
14050789;220;g_000;2;1;30;line_consecutive;0.3;1220;7;16;12-15,15-24;5;117775.27399999998;119648.64;122948.792;120114.07600000002;1873.366000000024;3300.152000000002;465.43600000001607;eev,integrated,separated,ws;lintim;Mumford0;Mumford0;True;False;1e-05;12000;1;2;20;50;200;-5;50;0.75;2;50;50;10;10;16;0.0368;1220;1220
14050789;221;g_000;2;1;30;line_consecutive;0.3;1221;7;17;12-15,12-26;5;117544.23999999998;118601.096;121435.81199999998;118601.096;1056.8560000000289;2834.7159999999712;0.0;eev,integrated,separated,ws;lintim;Mumford0;Mumford0;True;False;1e-05;12000;1;2;20;50;200;-5;50;0.75;2;50;50;10;10;16;0.0368;1221;1221
14050789;222;g_000;2;1;30;line_consecutive;0.3;1222;7;18;3-8,5-8;6;110905.55199999997;111210.90799999904;111210.908;111210.908;305.35599999906844;9.60426405072212e-10;9.60426405072212e-10;eev,integrated,separated,ws;lintim;Mumford0;Mumford0;True;False;1e-05;12000;1;2;20;50;200;-5;50;0.75;2;50;50;10;10;16;0.0368;1222;1222
14050789;223;g_000;2;1;30;line_consecutive;0.3;1223;7;19;10-15,15-21;7;116008.13199999995;116008.13199999998;116008.132;116008.132;2.9103830456733704e-11;1.4551915228366852e-11;1.4551915228366852e-11;eev,integrated,separated,ws;lintim;Mumford0;Mumford0;True;False;1e-05;12000;1;2;20;50;200;-5;50;0.75;2;50;50;10;10;16;0.0368;1223;1223
14050789;224;g_000;2;1;30;line_consecutive;0.3;1224;7;20;2-15,8-15;10;112606.54199999996;114667.72;116523.46;116523.46;2061.1780000000435;1855.7400000000048;1855.7400000000048;eev,integrated,separated,ws;lintim;Mumford0;Mumford0;True;False;1e-05;12000;1;2;20;50;200;-5;50;0.75;2;50;50;10;10;16;0.0368;1224;1224
14050789;225;g_000;2;1;30;line_consecutive;0.3;1225;7;21;8-15,8-17;10;112977.59799999995;114693.70199999795;116802.856;116802.856;1716.1039999979985;2109.154000002047;2109.154000002047;eev,integrated,separated,ws;lintim;Mumford0;Mumford0;True;False;1e-05;12000;1;2;20;50;200;-5;50;0.75;2;50;50;10;10;16;0.0368;1225;1225
14050789;226;g_000;2;1;30;line_consecutive;0.3;1226;7;22;7-17,8-17;10;111540.94400000472;112814.81426794257;113988.744;113988.744;1273.8702679378475;1173.9297320574406;1173.9297320574406;eev,integrated,separated,ws;lintim;Mumford0;Mumford0;True;False;1e-05;12000;1;2;20;50;200;-5;50;0.75;2;50;50;10;10;16;0.0368;1226;1226
14050789;227;g_000;2;1;30;line_consecutive;0.3;1227;7;23;6-7,7-17;10;114755.09999999992;117177.92999999976;118252.884;117177.93;2422.8299999998417;1074.9540000002453;2.3283064365386963e-10;eev,integrated,separated,ws;lintim;Mumford0;Mumford0;True;False;1e-05;12000;1;2;20;50;200;-5;50;0.75;2;50;50;10;10;16;0.0368;1227;1227
14050789;228;g_000;2;1;30;line_consecutive;0.3;1228;7;24;12-15,12-18;11;126842.04399999998;129978.15985268143;131916.3120000001;130175.23200000002;3136.1158526814543;1938.1521473186583;197.07214731858403;eev,integrated,separated,ws;lintim;Mumford0;Mumford0;True;False;1e-05;12000;1;2;20;50;200;-5;50;0.75;2;50;50;10;10;16;0.0368;1228;1228
14050789;229;g_000;2;1;30;line_consecutive;0.3;1229;7;25;18-23,19-23;11;130000.43799999997;131133.37399999998;131718.166;131297.91000000003;1132.936000000016;584.7920000000158;164.536000000051;eev,integrated,separated,ws;lintim;Mumford0;Mumford0;True;False;1e-05;12000;1;2;20;50;200;-5;50;0.75;2;50;50;10;10;16;0.0368;1229;1229
14050789;230;g_000;2;1;30;line_consecutive;0.3;1230;7;26;3-8,8-21;12;108965.07599999996;109270.432;109270.432;109270.432;305.3560000000434;0.0;0.0;eev,integrated,separated,ws;lintim;Mumford0;Mumford0;True;False;1e-05;12000;1;2;20;50;200;-5;50;0.75;2;50;50;10;10;16;0.0368;1230;1230
14050789;231;g_000;2;1;30;line_consecutive;0.3;1231;7;27;8-21,21-24;12;105133.53599999998;105133.53599999998;105133.536;105133.536;0.0;1.4551915228366852e-11;1.4551915228366852e-11;eev,integrated,separated,ws;lintim;Mumford0;Mumford0;True;False;1e-05;12000;1;2;20;50;200;-5;50;0.75;2;50;50;10;10;16;0.0368;1231;1231
14050789;232;g_000;1;1;30;line_consecutive;0.4;1232;8;0;3-8;6,12;108965.07599999996;109270.432;109270.432;109270.432;305.3560000000434;0.0;0.0;eev,integrated,separated,ws;lintim;Mumford0;Mumford0;True;False;1e-05;12000;1;2;20;50;200;-5;50;0.75;2;50;50;10;10;16;0.0368;1232;1232
14050789;233;g_000;1;1;30;line_consecutive;0.4;1233;8;1;1-13;3;110610.57599999996;110610.576;110610.576;110610.576;4.365574568510056e-11;0.0;0.0;eev,integrated,separated,ws;lintim;Mumford0;Mumford0;True;False;1e-05;12000;1;2;20;50;200;-5;50;0.75;2;50;50;10;10;16;0.0368;1233;1233
14050789;234;g_000;1;1;30;line_consecutive;0.4;1234;8;2;19-20;4;108566.41599999995;108566.416;108566.416;108566.416;4.365574568510056e-11;0.0;0.0;eev,integrated,separated,ws;lintim;Mumford0;Mumford0;True;False;1e-05;12000;1;2;20;50;200;-5;50;0.75;2;50;50;10;10;16;0.0368;1234;1234
14050789;235;g_000;1;1;30;line_consecutive;0.4;1235;8;3;7-14;4;112944.21799999994;112944.21800000058;112944.21799999996;112944.21799999996;6.402842700481415e-10;-6.111804395914078e-10;-6.111804395914078e-10;eev,integrated,separated,ws;lintim;Mumford0;Mumford0;True;False;1e-05;12000;1;2;20;50;200;-5;50;0.75;2;50;50;10;10;16;0.0368;1235;1235
14050789;236;g_000;1;1;30;line_consecutive;0.4;1236;8;4;8-25;1;109525.71199999996;109525.712;109525.712;109525.712;4.365574568510056e-11;0.0;0.0;eev,integrated,separated,ws;lintim;Mumford0;Mumford0;True;False;1e-05;12000;1;2;20;50;200;-5;50;0.75;2;50;50;10;10;16;0.0368;1236;1236
14050789;237;g_000;1;1;30;line_consecutive;0.4;1237;8;5;17-28;3;111485.86399999996;111485.86399999767;111485.864;111485.864;-2.2846506908535957e-09;2.3283064365386963e-09;2.3283064365386963e-09;eev,integrated,separated,ws;lintim;Mumford0;Mumford0;True;False;1e-05;12000;1;2;20;50;200;-5;50;0.75;2;50;50;10;10;16;0.0368;1237;1237
14050789;238;g_000;1;1;30;line_consecutive;0.4;1238;8;6;28-30;3;112216.63199999995;112216.632;112216.632;112216.632;4.365574568510056e-11;0.0;0.0;eev,integrated,separated,ws;lintim;Mumford0;Mumford0;True;False;1e-05;12000;1;2;20;50;200;-5;50;0.75;2;50;50;10;10;16;0.0368;1238;1238
14050789;239;g_000;1;1;30;line_consecutive;0.4;1239;8;7;9-13;3;110698.06399999995;110698.064;110698.064;110698.064;4.365574568510056e-11;0.0;0.0;eev,integrated,separated,ws;lintim;Mumford0;Mumford0;True;False;1e-05;12000;1;2;20;50;200;-5;50;0.75;2;50;50;10;10;16;0.0368;1239;1239
14050789;240;g_000;1;1;30;line_consecutive;0.4;1240;8;8;1-29;3;111527.77999999996;111527.78;111527.78;111527.78;4.365574568510056e-11;0.0;0.0;eev,integrated,separated,ws;lintim;Mumford0;Mumford0;True;False;1e-05;12000;1;2;20;50;200;-5;50;0.75;2;50;50;10;10;16;0.0368;1240;1240
14050789;241;g_000;1;1;30;line_consecutive;0.4;1241;8;9;21-24;12;105133.53599999996;105133.536;105133.536;105133.536;2.9103830456733704e-11;0.0;0.0;eev,integrated,separated,ws;lintim;Mumford0;Mumford0;True;False;1e-05;12000;1;2;20;50;200;-5;50;0.75;2;50;50;10;10;16;0.0368;1241;1241
14050789;242;g_000;1;1;30;line_consecutive;0.4;1242;8;10;8-21;12;105133.53599999996;105133.536;105133.536;105133.536;2.9103830456733704e-11;0.0;0.0;eev,integrated,separated,ws;lintim;Mumford0;Mumford0;True;False;1e-05;12000;1;2;20;50;200;-5;50;0.75;2;50;50;10;10;16;0.0368;1242;1242
14050789;243;g_000;1;1;30;line_consecutive;0.4;1243;8;11;2-15;10;110599.87599999996;112297.39579388412;113912.198;113912.198;1697.5197938841593;1614.8022061158845;1614.8022061158845;eev,integrated,separated,ws;lintim;Mumford0;Mumford0;True;False;1e-05;12000;1;2;20;50;200;-5;50;0.75;2;50;50;10;10;16;0.0368;1243;1243
14050789;244;g_000;1;1;30;line_consecutive;0.4;1244;8;12;15-21;7;110801.30399999996;110801.304;110801.30399999904;110801.30399999904;4.365574568510056e-11;-9.60426405072212e-10;-9.60426405072212e-10;eev,integrated,separated,ws;lintim;Mumford0;Mumford0;True;False;1e-05;12000;1;2;20;50;200;-5;50;0.75;2;50;50;10;10;16;0.0368;1244;1244
14050789;245;g_000;1;1;30;line_consecutive;0.4;1245;8;13;7-17;10;110133.16799999998;111369.53799999984;112543.468;112543.468;1236.3699999998644;1173.930000000153;1173.930000000153;eev,integrated,separated,ws;lintim;Mumford0;Mumford0;True;False;1e-05;12000;1;2;20;50;200;-5;50;0.75;2;50;50;10;10;16;0.0368;1245;1245
14050789;246;g_000;1;1;30;line_consecutive;0.4;1246;8;14;19-23;11;107825.39199999996;108402.24800001788;109236.6879999994;109236.6879999994;576.8560000179132;834.4399999815214;834.4399999815214;eev,integrated,separated,ws;lintim;Mumford0;Mumford0;True;False;1e-05;12000;1;2;20;50;200;-5;50;0.75;2;50;50;10;10;16;0.0368;1246;1246
14050789;247;g_000;1;1;30;line_consecutive;0.4;1247;8;15;2-4;2;107843.73599999998;108215.51999999996;108534.304;108534.304;371.7839999999851;318.7840000000433;318.7840000000433;eev,integrated,separated,ws;lintim;Mumford0;Mumford0;True;False;1e-05;12000;1;2;20;50;200;-5;50;0.75;2;50;50;10;10;16;0.0368;1247;1247
14050789;248;g_000;1;1;30;line_consecutive;0.4;1248;8;16;8-17;10;110722.73599999998;112436.202;114343.33;114343.33;1713.4660000000297;1907.127999999997;1907.127999999997;eev,integrated,separated,ws;lintim;Mumford0;Mumford0;True;False;1e-05;12000;1;2;20;50;200;-5;50;0.75;2;50;50;10;10;16;0.0368;1248;1248
14050789;249;g_000;1;1;30;line_consecutive;0.4;1249;8;17;9-27;9;105133.53599999996;105133.53600000004;105133.536;105133.536;7.275957614183426e-11;-4.365574568510056e-11;-4.365574568510056e-11;eev,integrated,separated,ws;lintim;Mumford0;Mumford0;True;False;1e-05;12000;1;2;20;50;200;-5;50;0.75;2;50;50;10;10;16;0.0368;1249;1249
14050789;250;g_000;1;1;30;line_consecutive;0.4;1250;8;18;12-15;5,11;117775.27399999998;119648.64;122948.792;120114.07600000002;1873.366000000024;3300.152000000002;465.43600000001607;eev,integrated,separated,ws;lintim;Mumford0;Mumford0;True;False;1e-05;12000;1;2;20;50;200;-5;50;0.75;2;50;50;10;10;16;0.0368;1250;1250
14050789;251;g_000;1;1;30;line_consecutive;0.4;1251;8;19;14-19;4;109859.27799999996;109859.27799999996;109859.27799999998;109859.27799999998;0.0;1.4551915228366852e-11;1.4551915228366852e-11;eev,integrated,separated,ws;lintim;Mumford0;Mumford0;True;False;1e-05;12000;1;2;20;50;200;-5;50;0.75;2;50;50;10;10;16;0.0368;1251;1251
14050789;252;g_000;1;1;30;line_consecutive;0.4;1252;8;20;8-15;10;110649.47399999996;112363.48799999998;113955.304;113955.304;1714.014000000025;1591.8160000000207;1591.8160000000207;eev,integrated,separated,ws;lintim;Mumford0;Mumford0;True;False;1e-05;12000;1;2;20;50;200;-5;50;0.75;2;50;50;10;10;16;0.0368;1252;1252
14050789;253;g_000;1;1;30;line_consecutive;0.4;1253;8;21;12-18;2,11;160133.59599999996;162957.61199999996;165558.476;163154.684;2824.0160000000037;2600.8640000000305;197.07200000004377;eev,integrated,separated,ws;lintim;Mumford0;Mumford0;True;False;1e-05;12000;1;2;20;50;200;-5;50;0.75;2;50;50;10;10;16;0.0368;1253;1253
14050789;254;g_000;1;1;30;line_consecutive;0.4;1254;8;22;2-25;1;109403.44399999996;109403.44400000355;109403.444;109403.444;3.594323061406612e-09;-3.5506673157215123e-09;-3.5506673157215123e-09;eev,integrated,separated,ws;lintim;Mumford0;Mumford0;True;False;1e-05;12000;1;2;20;50;200;-5;50;0.75;2;50;50;10;10;16;0.0368;1254;1254
14050789;255;g_000;1;1;30;line_consecutive;0.4;1255;8;23;1-14;2;108950.59999999996;110074.53999999884;111789.364;111789.364;1123.9399999988818;1714.8240000011574;1714.8240000011574;eev,integrated,separated,ws;lintim;Mumford0;Mumford0;True;False;1e-05;12000;1;2;20;50;200;-5;50;0.75;2;50;50;10;10;16;0.0368;1255;1255
14050789;256;g_000;1;1;30;line_consecutive;0.4;1256;8;24;1-23;2;107664.63199999998;108036.41599999944;108311.036;108311.036;371.7839999994612;274.6200000005483;274.6200000005483;eev,integrated,separated,ws;lintim;Mumford0;Mumford0;True;False;1e-05;12000;1;2;20;50;200;-5;50;0.75;2;50;50;10;10;16;0.0368;1256;1256
14050789;257;g_000;1;1;30;line_consecutive;0.4;1257;8;25;6-7;4,10;114033.62599999996;115336.44399999996;116029.632;115563.506;1302.8179999999993;693.1880000000383;227.0620000000345;eev,integrated,separated,ws;lintim;Mumford0;Mumford0;True;False;1e-05;12000;1;2;20;50;200;-5;50;0.75;2;50;50;10;10;16;0.0368;1257;1257
14050789;258;g_000;1;1;30;line_consecutive;0.4;1258;8;26;8-11;1;110888.43199999996;110888.432;110888.432;110888.432;4.365574568510056e-11;0.0;0.0;eev,integrated,separated,ws;lintim;Mumford0;Mumford0;True;False;1e-05;12000;1;2;20;50;200;-5;50;0.75;2;50;50;10;10;16;0.0368;1258;1258
14050789;259;g_000;1;1;30;line_consecutive;0.4;1259;8;27;11-22;1;110126.14399999996;110126.144;110126.144;110126.144;4.365574568510056e-11;0.0;0.0;eev,integrated,separated,ws;lintim;Mumford0;Mumford0;True;False;1e-05;12000;1;2;20;50;200;-5;50;0.75;2;50;50;10;10;16;0.0368;1259;1259
14050789;260;g_000;1;1;30;line_consecutive;0.4;1260;8;28;6-16;8;105133.53599999996;105133.536;105133.536;105133.536;2.9103830456733704e-11;0.0;0.0;eev,integrated,separated,ws;lintim;Mumford0;Mumford0;True;False;1e-05;12000;1;2;20;50;200;-5;50;0.75;2;50;50;10;10;16;0.0368;1260;1260
14050789;261;g_000;1;1;30;line_consecutive;0.4;1261;8;29;12-26;5;117312.48999999998;117312.49;117312.49;117312.49000000002;2.9103830456733704e-11;0.0;1.4551915228366852e-11;eev,integrated,separated,ws;lintim;Mumford0;Mumford0;True;False;1e-05;12000;1;2;20;50;200;-5;50;0.75;2;50;50;10;10;16;0.0368;1261;1261
14050789;262;g_000;2;1;30;line_consecutive;0.4;1262;9;0;2-25,8-25;1;143609.95399999997;143609.95400000003;143609.954;143609.954;5.820766091346741e-11;-2.9103830456733704e-11;-2.9103830456733704e-11;eev,integrated,separated,ws;lintim;Mumford0;Mumford0;True;False;1e-05;12000;1;2;20;50;200;-5;50;0.75;2;50;50;10;10;16;0.0368;1262;1262
14050789;263;g_000;2;1;30;line_consecutive;0.4;1263;9;1;8-11,8-25;1;115264.73199999996;115264.73200000385;115264.732;115264.732;3.885361365973949e-09;-3.841705620288849e-09;-3.841705620288849e-09;eev,integrated,separated,ws;lintim;Mumford0;Mumford0;True;False;1e-05;12000;1;2;20;50;200;-5;50;0.75;2;50;50;10;10;16;0.0368;1263;1263
14050789;264;g_000;2;1;30;line_consecutive;0.4;1264;9;2;8-11,11-22;1;137397.6059999999;137397.60599999997;137397.606;137397.606;5.820766091346741e-11;2.9103830456733704e-11;2.9103830456733704e-11;eev,integrated,separated,ws;lintim;Mumford0;Mumford0;True;False;1e-05;12000;1;2;20;50;200;-5;50;0.75;2;50;50;10;10;16;0.0368;1264;1264
14050789;265;g_000;2;1;30;line_consecutive;0.4;1265;9;3;2-4,4-12;2;124573.13999999996;125961.96;127980.7;127980.7;1388.8200000000506;2018.7399999999907;2018.7399999999907;eev,integrated,separated,ws;lintim;Mumford0;Mumford0;True;False;1e-05;12000;1;2;20;50;200;-5;50;0.75;2;50;50;10;10;16;0.0368;1265;1265
14050789;266;g_000;2;1;30;line_consecutive;0.4;1266;9;4;4-12,12-18;2;174834.63999999996;178688.846;181289.71;178885.91800000003;3854.2060000000342;2600.8640000000014;197.07200000004377;eev,integrated,separated,ws;lintim;Mumford0;Mumford0;True;False;1e-05;12000;1;2;20;50;200;-5;50;0.75;2;50;50;10;10;16;0.0368;1266;1266
14050789;267;g_000;2;1;30;line_consecutive;0.4;1267;9;5;12-18,18-23;2,11;160133.59599999996;162957.61199999996;165558.476;163154.684;2824.0160000000037;2600.8640000000305;197.07200000004377;eev,integrated,separated,ws;lintim;Mumford0;Mumford0;True;False;1e-05;12000;1;2;20;50;200;-5;50;0.75;2;50;50;10;10;16;0.0368;1267;1267
14050789;268;g_000;2;1;30;line_consecutive;0.4;1268;9;6;1-23,18-23;2;116153.14399999996;117981.92799999722;119711.372;118552.24000000002;1828.783999997264;1729.4440000027826;570.3120000027993;eev,integrated,separated,ws;lintim;Mumford0;Mumford0;True;False;1e-05;12000;1;2;20;50;200;-5;50;0.75;2;50;50;10;10;16;0.0368;1268;1268
14050789;269;g_000;2;1;30;line_consecutive;0.4;1269;9;7;1-14,1-23;2;112032.62599999996;113421.44600000004;115262.904;115262.904;1388.8200000000795;1841.457999999955;1841.457999999955;eev,integrated,separated,ws;lintim;Mumford0;Mumford0;True;False;1e-05;12000;1;2;20;50;200;-5;50;0.75;2;50;50;10;10;16;0.0368;1269;1269
14050789;270;g_000;2;1;30;line_consecutive;0.4;1270;9;8;1-13,9-13;3;160365.86999999994;160365.87;160365.87;160365.87;5.820766091346741e-11;0.0;0.0;eev,integrated,separated,ws;lintim;Mumford0;Mumford0;True;False;1e-05;12000;1;2;20;50;200;-5;50;0.75;2;50;50;10;10;16;0.0368;1270;1270
14050789;271;g_000;2;1;30;line_consecutive;0.4;1271;9;9;1-13,1-29;3;115414.43999999996;115414.44000003776;115414.44;115414.44;3.780587576329708e-08;-3.776222001761198e-08;-3.776222001761198e-08;eev,integrated,separated,ws;lintim;Mumford0;Mumford0;True;False;1e-05;12000;1;2;20;50;200;-5;50;0.75;2;50;50;10;10;16;0.0368;1271;1271
14050789;272;g_000;2;1;30;line_consecutive;0.4;1272;9;10;1-29,17-29;3;118408.55599999995;118408.55600000345;118408.556;118408.556;3.492459654808044e-09;-3.448803909122944e-09;-3.448803909122944e-09;eev,integrated,separated,ws;lintim;Mumford0;Mumford0;True;False;1e-05;12000;1;2;20;50;200;-5;50;0.75;2;50;50;10;10;16;0.0368;1272;1272
14050789;273;g_000;2;1;30;line_consecutive;0.4;1273;9;11;17-28,17-29;3;114418.63799999996;114418.638;114418.638;114418.638;4.365574568510056e-11;0.0;0.0;eev,integrated,separated,ws;lintim;Mumford0;Mumford0;True;False;1e-05;12000;1;2;20;50;200;-5;50;0.75;2;50;50;10;10;16;0.0368;1273;1273
14050789;274;g_000;2;1;30;line_consecutive;0.4;1274;9;12;17-28,28-30;3;130968.84399999998;130968.8436975388;130968.844;130968.844;-0.0003024611796718;0.0003024611942237;0.0003024611942237;eev,integrated,separated,ws;lintim;Mumford0;Mumford0;True;False;1e-05;12000;1;2;20;50;200;-5;50;0.75;2;50;50;10;10;16;0.0368;1274;1274
14050789;275;g_000;2;1;30;line_consecutive;0.4;1275;9;13;6-7,7-14;4;119546.62199999996;120482.02400000828;120796.364;120482.024;935.4020000083256;314.33999999171647;-8.280039764940739e-09;eev,integrated,separated,ws;lintim;Mumford0;Mumford0;True;False;1e-05;12000;1;2;20;50;200;-5;50;0.75;2;50;50;10;10;16;0.0368;1275;1275
14050789;276;g_000;2;1;30;line_consecutive;0.4;1276;9;14;7-14,14-19;4;112944.21799999994;112944.21800000058;112944.21799999996;112944.21799999996;6.402842700481415e-10;-6.111804395914078e-10;-6.111804395914078e-10;eev,integrated,separated,ws;lintim;Mumford0;Mumford0;True;False;1e-05;12000;1;2;20;50;200;-5;50;0.75;2;50;50;10;10;16;0.0368;1276;1276
14050789;277;g_000;2;1;30;line_consecutive;0.4;1277;9;15;14-19,19-20;4;111259.27799999992;111259.27920947332;111259.278;111259.278;0.0012094733974663;-0.0012094733101548;-0.0012094733101548;eev,integrated,separated,ws;lintim;Mumford0;Mumford0;True;False;1e-05;12000;1;2;20;50;200;-5;50;0.75;2;50;50;10;10;16;0.0368;1277;1277
14050789;278;g_000;2;1;30;line_consecutive;0.4;1278;9;16;12-15,15-24;5;117775.27399999998;119648.64;122948.792;120114.07600000002;1873.366000000024;3300.152000000002;465.43600000001607;eev,integrated,separated,ws;lintim;Mumford0;Mumford0;True;False;1e-05;12000;1;2;20;50;200;-5;50;0.75;2;50;50;10;10;16;0.0368;1278;1278
14050789;279;g_000;2;1;30;line_consecutive;0.4;1279;9;17;12-15,12-26;5;117544.23999999998;118601.096;121435.81199999998;118601.096;1056.8560000000289;2834.7159999999712;0.0;eev,integrated,separated,ws;lintim;Mumford0;Mumford0;True;False;1e-05;12000;1;2;20;50;200;-5;50;0.75;2;50;50;10;10;16;0.0368;1279;1279
14050789;280;g_000;2;1;30;line_consecutive;0.4;1280;9;18;3-8,5-8;6;110905.55199999997;111210.90799999904;111210.908;111210.908;305.35599999906844;9.60426405072212e-10;9.60426405072212e-10;eev,integrated,separated,ws;lintim;Mumford0;Mumford0;True;False;1e-05;12000;1;2;20;50;200;-5;50;0.75;2;50;50;10;10;16;0.0368;1280;1280
14050789;281;g_000;2;1;30;line_consecutive;0.4;1281;9;19;10-15,15-21;7;116008.13199999995;116008.13199999998;116008.132;116008.132;2.9103830456733704e-11;1.4551915228366852e-11;1.4551915228366852e-11;eev,integrated,separated,ws;lintim;Mumford0;Mumford0;True;False;1e-05;12000;1;2;20;50;200;-5;50;0.75;2;50;50;10;10;16;0.0368;1281;1281
14050789;282;g_000;2;1;30;line_consecutive;0.4;1282;9;20;2-15,8-15;10;112606.54199999996;114667.72;116523.46;116523.46;2061.1780000000435;1855.7400000000048;1855.7400000000048;eev,integrated,separated,ws;lintim;Mumford0;Mumford0;True;False;1e-05;12000;1;2;20;50;200;-5;50;0.75;2;50;50;10;10;16;0.0368;1282;1282
14050789;283;g_000;2;1;30;line_consecutive;0.4;1283;9;21;8-15,8-17;10;112977.59799999995;114693.70199999795;116802.856;116802.856;1716.1039999979985;2109.154000002047;2109.154000002047;eev,integrated,separated,ws;lintim;Mumford0;Mumford0;True;False;1e-05;12000;1;2;20;50;200;-5;50;0.75;2;50;50;10;10;16;0.0368;1283;1283
14050789;284;g_000;2;1;30;line_consecutive;0.4;1284;9;22;7-17,8-17;10;111540.94400000472;112814.81426794257;113988.744;113988.744;1273.8702679378475;1173.9297320574406;1173.9297320574406;eev,integrated,separated,ws;lintim;Mumford0;Mumford0;True;False;1e-05;12000;1;2;20;50;200;-5;50;0.75;2;50;50;10;10;16;0.0368;1284;1284
14050789;285;g_000;2;1;30;line_consecutive;0.4;1285;9;23;6-7,7-17;10;114755.09999999992;117177.92999999976;118252.884;117177.93;2422.8299999998417;1074.9540000002453;2.3283064365386963e-10;eev,integrated,separated,ws;lintim;Mumford0;Mumford0;True;False;1e-05;12000;1;2;20;50;200;-5;50;0.75;2;50;50;10;10;16;0.0368;1285;1285
14050789;286;g_000;2;1;30;line_consecutive;0.4;1286;9;24;12-15,12-18;11;126842.04399999998;129978.15985268143;131916.3120000001;130175.23200000002;3136.1158526814543;1938.1521473186583;197.07214731858403;eev,integrated,separated,ws;lintim;Mumford0;Mumford0;True;False;1e-05;12000;1;2;20;50;200;-5;50;0.75;2;50;50;10;10;16;0.0368;1286;1286
14050789;287;g_000;2;1;30;line_consecutive;0.4;1287;9;25;18-23,19-23;11;130000.43799999997;131133.37399999998;131718.166;131297.91000000003;1132.936000000016;584.7920000000158;164.536000000051;eev,integrated,separated,ws;lintim;Mumford0;Mumford0;True;False;1e-05;12000;1;2;20;50;200;-5;50;0.75;2;50;50;10;10;16;0.0368;1287;1287
14050789;288;g_000;2;1;30;line_consecutive;0.4;1288;9;26;3-8,8-21;12;108965.07599999996;109270.432;109270.432;109270.432;305.3560000000434;0.0;0.0;eev,integrated,separated,ws;lintim;Mumford0;Mumford0;True;False;1e-05;12000;1;2;20;50;200;-5;50;0.75;2;50;50;10;10;16;0.0368;1288;1288
14050789;289;g_000;2;1;30;line_consecutive;0.4;1289;9;27;8-21,21-24;12;105133.53599999998;105133.53599999998;105133.536;105133.536;0.0;1.4551915228366852e-11;1.4551915228366852e-11;eev,integrated,separated,ws;lintim;Mumford0;Mumford0;True;False;1e-05;12000;1;2;20;50;200;-5;50;0.75;2;50;50;10;10;16;0.0368;1289;1289
14050789;290;g_000;1;1;30;line_consecutive;0.5;1290;10;0;18-23;2,11;116153.14399999996;117981.92799999722;119711.372;118552.24000000002;1828.783999997264;1729.4440000027826;570.3120000027993;eev,integrated,separated,ws;lintim;Mumford0;Mumford0;True;False;1e-05;12000;1;2;20;50;200;-5;50;0.75;2;50;50;10;10;16;0.0368;1290;1290
14050789;291;g_000;1;1;30;line_consecutive;0.5;1291;10;1;9-27;9;105133.53599999996;105133.53600000004;105133.536;105133.536;7.275957614183426e-11;-4.365574568510056e-11;-4.365574568510056e-11;eev,integrated,separated,ws;lintim;Mumford0;Mumford0;True;False;1e-05;12000;1;2;20;50;200;-5;50;0.75;2;50;50;10;10;16;0.0368;1291;1291
14050789;292;g_000;1;1;30;line_consecutive;0.5;1292;10;2;8-25;1;109525.71199999996;109525.712;109525.712;109525.712;4.365574568510056e-11;0.0;0.0;eev,integrated,separated,ws;lintim;Mumford0;Mumford0;True;False;1e-05;12000;1;2;20;50;200;-5;50;0.75;2;50;50;10;10;16;0.0368;1292;1292
14050789;293;g_000;1;1;30;line_consecutive;0.5;1293;10;3;1-14;2;108950.59999999996;110074.53999999884;111789.364;111789.364;1123.9399999988818;1714.8240000011574;1714.8240000011574;eev,integrated,separated,ws;lintim;Mumford0;Mumford0;True;False;1e-05;12000;1;2;20;50;200;-5;50;0.75;2;50;50;10;10;16;0.0368;1293;1293
14050789;294;g_000;1;1;30;line_consecutive;0.5;1294;10;4;21-24;12;105133.53599999996;105133.536;105133.536;105133.536;2.9103830456733704e-11;0.0;0.0;eev,integrated,separated,ws;lintim;Mumford0;Mumford0;True;False;1e-05;12000;1;2;20;50;200;-5;50;0.75;2;50;50;10;10;16;0.0368;1294;1294
14050789;295;g_000;1;1;30;line_consecutive;0.5;1295;10;5;2-15;10;110599.87599999996;112297.39579388412;113912.198;113912.198;1697.5197938841593;1614.8022061158845;1614.8022061158845;eev,integrated,separated,ws;lintim;Mumford0;Mumford0;True;False;1e-05;12000;1;2;20;50;200;-5;50;0.75;2;50;50;10;10;16;0.0368;1295;1295
14050789;296;g_000;1;1;30;line_consecutive;0.5;1296;10;6;12-15;5,11;117775.27399999998;119648.64;122948.792;120114.07600000002;1873.366000000024;3300.152000000002;465.43600000001607;eev,integrated,separated,ws;lintim;Mumford0;Mumford0;True;False;1e-05;12000;1;2;20;50;200;-5;50;0.75;2;50;50;10;10;16;0.0368;1296;1296
14050789;297;g_000;1;1;30;line_consecutive;0.5;1297;10;7;8-21;12;105133.53599999996;105133.536;105133.536;105133.536;2.9103830456733704e-11;0.0;0.0;eev,integrated,separated,ws;lintim;Mumford0;Mumford0;True;False;1e-05;12000;1;2;20;50;200;-5;50;0.75;2;50;50;10;10;16;0.0368;1297;1297
14050789;298;g_000;1;1;30;line_consecutive;0.5;1298;10;8;5-8;6;107780.89199999996;108086.24799999998;108086.248;108086.248;305.3560000000143;2.9103830456733704e-11;2.9103830456733704e-11;eev,integrated,separated,ws;lintim;Mumford0;Mumford0;True;False;1e-05;12000;1;2;20;50;200;-5;50;0.75;2;50;50;10;10;16;0.0368;1298;1298
14050789;299;g_000;1;1;30;line_consecutive;0.5;1299;10;9;8-17;10;110722.73599999998;112436.202;114343.33;114343.33;1713.4660000000297;1907.127999999997;1907.127999999997;eev,integrated,separated,ws;lintim;Mumford0;Mumford0;True;False;1e-05;12000;1;2;20;50;200;-5;50;0.75;2;50;50;10;10;16;0.0368;1299;1299
14050789;300;g_000;1;1;30;line_consecutive;0.5;1300;10;10;1-29;3;111527.77999999996;111527.78;111527.78;111527.78;4.365574568510056e-11;0.0;0.0;eev,integrated,separated,ws;lintim;Mumford0;Mumford0;True;False;1e-05;12000;1;2;20;50;200;-5;50;0.75;2;50;50;10;10;16;0.0368;1300;1300
14050789;301;g_000;1;1;30;line_consecutive;0.5;1301;10;11;6-16;8;105133.53599999996;105133.536;105133.536;105133.536;2.9103830456733704e-11;0.0;0.0;eev,integrated,separated,ws;lintim;Mumford0;Mumford0;True;False;1e-05;12000;1;2;20;50;200;-5;50;0.75;2;50;50;10;10;16;0.0368;1301;1301
14050789;302;g_000;1;1;30;line_consecutive;0.5;1302;10;12;17-28;3;111485.86399999996;111485.86399999767;111485.864;111485.864;-2.2846506908535957e-09;2.3283064365386963e-09;2.3283064365386963e-09;eev,integrated,separated,ws;lintim;Mumford0;Mumford0;True;False;1e-05;12000;1;2;20;50;200;-5;50;0.75;2;50;50;10;10;16;0.0368;1302;1302
14050789;303;g_000;1;1;30;line_consecutive;0.5;1303;10;13;4-12;2;110190.21599999996;111579.03599999905;113597.776;113597.776;1388.8199999990902;2018.740000000951;2018.740000000951;eev,integrated,separated,ws;lintim;Mumford0;Mumford0;True;False;1e-05;12000;1;2;20;50;200;-5;50;0.75;2;50;50;10;10;16;0.0368;1303;1303
14050789;304;g_000;1;1;30;line_consecutive;0.5;1304;10;14;1-23;2;107664.63199999998;108036.41599999944;108311.036;108311.036;371.7839999994612;274.6200000005483;274.6200000005483;eev,integrated,separated,ws;lintim;Mumford0;Mumford0;True;False;1e-05;12000;1;2;20;50;200;-5;50;0.75;2;50;50;10;10;16;0.0368;1304;1304
14050789;305;g_000;1;1;30;line_consecutive;0.5;1305;10;15;6-7;4,10;114033.62599999996;115336.44399999996;116029.632;115563.506;1302.8179999999993;693.1880000000383;227.0620000000345;eev,integrated,separated,ws;lintim;Mumford0;Mumford0;True;False;1e-05;12000;1;2;20;50;200;-5;50;0.75;2;50;50;10;10;16;0.0368;1305;1305
14050789;306;g_000;1;1;30;line_consecutive;0.5;1306;10;16;15-24;5;112218.82399999996;112218.824;112218.824;112218.82400000002;2.9103830456733704e-11;0.0;2.9103830456733704e-11;eev,integrated,separated,ws;lintim;Mumford0;Mumford0;True;False;1e-05;12000;1;2;20;50;200;-5;50;0.75;2;50;50;10;10;16;0.0368;1306;1306
14050789;307;g_000;1;1;30;line_consecutive;0.5;1307;10;17;14-19;4;109859.27799999996;109859.27799999996;109859.27799999998;109859.27799999998;0.0;1.4551915228366852e-11;1.4551915228366852e-11;eev,integrated,separated,ws;lintim;Mumford0;Mumford0;True;False;1e-05;12000;1;2;20;50;200;-5;50;0.75;2;50;50;10;10;16;0.0368;1307;1307
14050789;308;g_000;1;1;30;line_consecutive;0.5;1308;10;18;3-8;6,12;108965.07599999996;109270.432;109270.432;109270.432;305.3560000000434;0.0;0.0;eev,integrated,separated,ws;lintim;Mumford0;Mumford0;True;False;1e-05;12000;1;2;20;50;200;-5;50;0.75;2;50;50;10;10;16;0.0368;1308;1308
14050789;309;g_000;1;1;30;line_consecutive;0.5;1309;10;19;12-26;5;117312.48999999998;117312.49;117312.49;117312.49000000002;2.9103830456733704e-11;0.0;1.4551915228366852e-11;eev,integrated,separated,ws;lintim;Mumford0;Mumford0;True;False;1e-05;12000;1;2;20;50;200;-5;50;0.75;2;50;50;10;10;16;0.0368;1309;1309
14050789;310;g_000;1;1;30;line_consecutive;0.5;1310;10;20;8-11;1;110888.43199999996;110888.432;110888.432;110888.432;4.365574568510056e-11;0.0;0.0;eev,integrated,separated,ws;lintim;Mumford0;Mumford0;True;False;1e-05;12000;1;2;20;50;200;-5;50;0.75;2;50;50;10;10;16;0.0368;1310;1310
14050789;311;g_000;1;1;30;line_consecutive;0.5;1311;10;21;2-25;1;109403.44399999996;109403.44400000355;109403.444;109403.444;3.594323061406612e-09;-3.5506673157215123e-09;-3.5506673157215123e-09;eev,integrated,separated,ws;lintim;Mumford0;Mumford0;True;False;1e-05;12000;1;2;20;50;200;-5;50;0.75;2;50;50;10;10;16;0.0368;1311;1311
14050789;312;g_000;1;1;30;line_consecutive;0.5;1312;10;22;7-14;4;112944.21799999994;112944.21800000058;112944.21799999996;112944.21799999996;6.402842700481415e-10;-6.111804395914078e-10;-6.111804395914078e-10;eev,integrated,separated,ws;lintim;Mumford0;Mumford0;True;False;1e-05;12000;1;2;20;50;200;-5;50;0.75;2;50;50;10;10;16;0.0368;1312;1312
14050789;313;g_000;1;1;30;line_consecutive;0.5;1313;10;23;11-22;1;110126.14399999996;110126.144;110126.144;110126.144;4.365574568510056e-11;0.0;0.0;eev,integrated,separated,ws;lintim;Mumford0;Mumford0;True;False;1e-05;12000;1;2;20;50;200;-5;50;0.75;2;50;50;10;10;16;0.0368;1313;1313
14050789;314;g_000;1;1;30;line_consecutive;0.5;1314;10;24;2-4;2;107843.73599999998;108215.51999999996;108534.304;108534.304;371.7839999999851;318.7840000000433;318.7840000000433;eev,integrated,separated,ws;lintim;Mumford0;Mumford0;True;False;1e-05;12000;1;2;20;50;200;-5;50;0.75;2;50;50;10;10;16;0.0368;1314;1314
14050789;315;g_000;1;1;30;line_consecutive;0.5;1315;10;25;28-30;3;112216.63199999995;112216.632;112216.632;112216.632;4.365574568510056e-11;0.0;0.0;eev,integrated,separated,ws;lintim;Mumford0;Mumford0;True;False;1e-05;12000;1;2;20;50;200;-5;50;0.75;2;50;50;10;10;16;0.0368;1315;1315
14050789;316;g_000;1;1;30;line_consecutive;0.5;1316;10;26;19-20;4;108566.41599999995;108566.416;108566.416;108566.416;4.365574568510056e-11;0.0;0.0;eev,integrated,separated,ws;lintim;Mumford0;Mumford0;True;False;1e-05;12000;1;2;20;50;200;-5;50;0.75;2;50;50;10;10;16;0.0368;1316;1316
14050789;317;g_000;1;1;30;line_consecutive;0.5;1317;10;27;8-15;10;110649.47399999996;112363.48799999998;113955.304;113955.304;1714.014000000025;1591.8160000000207;1591.8160000000207;eev,integrated,separated,ws;lintim;Mumford0;Mumford0;True;False;1e-05;12000;1;2;20;50;200;-5;50;0.75;2;50;50;10;10;16;0.0368;1317;1317
14050789;318;g_000;1;1;30;line_consecutive;0.5;1318;10;28;9-13;3;110698.06399999995;110698.064;110698.064;110698.064;4.365574568510056e-11;0.0;0.0;eev,integrated,separated,ws;lintim;Mumford0;Mumford0;True;False;1e-05;12000;1;2;20;50;200;-5;50;0.75;2;50;50;10;10;16;0.0368;1318;1318
14050789;319;g_000;1;1;30;line_consecutive;0.5;1319;10;29;17-29;3;113590.14199989873;113590.14199999944;113590.142;113590.142;1.00713805295527e-07;5.675246939063071e-10;5.675246939063071e-10;eev,integrated,separated,ws;lintim;Mumford0;Mumford0;True;False;1e-05;12000;1;2;20;50;200;-5;50;0.75;2;50;50;10;10;16;0.0368;1319;1319
14050789;320;g_000;2;1;30;line_consecutive;0.5;1320;11;0;2-25,8-25;1;143609.95399999997;143609.95400000003;143609.954;143609.954;5.820766091346741e-11;-2.9103830456733704e-11;-2.9103830456733704e-11;eev,integrated,separated,ws;lintim;Mumford0;Mumford0;True;False;1e-05;12000;1;2;20;50;200;-5;50;0.75;2;50;50;10;10;16;0.0368;1320;1320
14050789;321;g_000;2;1;30;line_consecutive;0.5;1321;11;1;8-11,8-25;1;115264.73199999996;115264.73200000385;115264.732;115264.732;3.885361365973949e-09;-3.841705620288849e-09;-3.841705620288849e-09;eev,integrated,separated,ws;lintim;Mumford0;Mumford0;True;False;1e-05;12000;1;2;20;50;200;-5;50;0.75;2;50;50;10;10;16;0.0368;1321;1321
14050789;322;g_000;2;1;30;line_consecutive;0.5;1322;11;2;8-11,11-22;1;137397.6059999999;137397.60599999997;137397.606;137397.606;5.820766091346741e-11;2.9103830456733704e-11;2.9103830456733704e-11;eev,integrated,separated,ws;lintim;Mumford0;Mumford0;True;False;1e-05;12000;1;2;20;50;200;-5;50;0.75;2;50;50;10;10;16;0.0368;1322;1322
14050789;323;g_000;2;1;30;line_consecutive;0.5;1323;11;3;2-4,4-12;2;124573.13999999996;125961.96;127980.7;127980.7;1388.8200000000506;2018.7399999999907;2018.7399999999907;eev,integrated,separated,ws;lintim;Mumford0;Mumford0;True;False;1e-05;12000;1;2;20;50;200;-5;50;0.75;2;50;50;10;10;16;0.0368;1323;1323
14050789;324;g_000;2;1;30;line_consecutive;0.5;1324;11;4;4-12,12-18;2;174834.63999999996;178688.846;181289.71;178885.91800000003;3854.2060000000342;2600.8640000000014;197.07200000004377;eev,integrated,separated,ws;lintim;Mumford0;Mumford0;True;False;1e-05;12000;1;2;20;50;200;-5;50;0.75;2;50;50;10;10;16;0.0368;1324;1324
14050789;325;g_000;2;1;30;line_consecutive;0.5;1325;11;5;12-18,18-23;2,11;160133.59599999996;162957.61199999996;165558.476;163154.684;2824.0160000000037;2600.8640000000305;197.07200000004377;eev,integrated,separated,ws;lintim;Mumford0;Mumford0;True;False;1e-05;12000;1;2;20;50;200;-5;50;0.75;2;50;50;10;10;16;0.0368;1325;1325
14050789;326;g_000;2;1;30;line_consecutive;0.5;1326;11;6;1-23,18-23;2;116153.14399999996;117981.92799999722;119711.372;118552.24000000002;1828.783999997264;1729.4440000027826;570.3120000027993;eev,integrated,separated,ws;lintim;Mumford0;Mumford0;True;False;1e-05;12000;1;2;20;50;200;-5;50;0.75;2;50;50;10;10;16;0.0368;1326;1326
14050789;327;g_000;2;1;30;line_consecutive;0.5;1327;11;7;1-14,1-23;2;112032.62599999996;113421.44600000004;115262.904;115262.904;1388.8200000000795;1841.457999999955;1841.457999999955;eev,integrated,separated,ws;lintim;Mumford0;Mumford0;True;False;1e-05;12000;1;2;20;50;200;-5;50;0.75;2;50;50;10;10;16;0.0368;1327;1327
14050789;328;g_000;2;1;30;line_consecutive;0.5;1328;11;8;1-13,9-13;3;160365.86999999994;160365.87;160365.87;160365.87;5.820766091346741e-11;0.0;0.0;eev,integrated,separated,ws;lintim;Mumford0;Mumford0;True;False;1e-05;12000;1;2;20;50;200;-5;50;0.75;2;50;50;10;10;16;0.0368;1328;1328
14050789;329;g_000;2;1;30;line_consecutive;0.5;1329;11;9;1-13,1-29;3;115414.43999999996;115414.44000003776;115414.44;115414.44;3.780587576329708e-08;-3.776222001761198e-08;-3.776222001761198e-08;eev,integrated,separated,ws;lintim;Mumford0;Mumford0;True;False;1e-05;12000;1;2;20;50;200;-5;50;0.75;2;50;50;10;10;16;0.0368;1329;1329
14050789;330;g_000;2;1;30;line_consecutive;0.5;1330;11;10;1-29,17-29;3;118408.55599999995;118408.55600000345;118408.556;118408.556;3.492459654808044e-09;-3.448803909122944e-09;-3.448803909122944e-09;eev,integrated,separated,ws;lintim;Mumford0;Mumford0;True;False;1e-05;12000;1;2;20;50;200;-5;50;0.75;2;50;50;10;10;16;0.0368;1330;1330
14050789;331;g_000;2;1;30;line_consecutive;0.5;1331;11;11;17-28,17-29;3;114418.63799999996;114418.638;114418.638;114418.638;4.365574568510056e-11;0.0;0.0;eev,integrated,separated,ws;lintim;Mumford0;Mumford0;True;False;1e-05;12000;1;2;20;50;200;-5;50;0.75;2;50;50;10;10;16;0.0368;1331;1331
14050789;332;g_000;2;1;30;line_consecutive;0.5;1332;11;12;17-28,28-30;3;130968.84399999998;130968.8436975388;130968.844;130968.844;-0.0003024611796718;0.0003024611942237;0.0003024611942237;eev,integrated,separated,ws;lintim;Mumford0;Mumford0;True;False;1e-05;12000;1;2;20;50;200;-5;50;0.75;2;50;50;10;10;16;0.0368;1332;1332
14050789;333;g_000;2;1;30;line_consecutive;0.5;1333;11;13;6-7,7-14;4;119546.62199999996;120482.02400000828;120796.364;120482.024;935.4020000083256;314.33999999171647;-8.280039764940739e-09;eev,integrated,separated,ws;lintim;Mumford0;Mumford0;True;False;1e-05;12000;1;2;20;50;200;-5;50;0.75;2;50;50;10;10;16;0.0368;1333;1333
14050789;334;g_000;2;1;30;line_consecutive;0.5;1334;11;14;7-14,14-19;4;112944.21799999994;112944.21800000058;112944.21799999996;112944.21799999996;6.402842700481415e-10;-6.111804395914078e-10;-6.111804395914078e-10;eev,integrated,separated,ws;lintim;Mumford0;Mumford0;True;False;1e-05;12000;1;2;20;50;200;-5;50;0.75;2;50;50;10;10;16;0.0368;1334;1334
14050789;335;g_000;2;1;30;line_consecutive;0.5;1335;11;15;14-19,19-20;4;111259.27799999992;111259.27920947332;111259.278;111259.278;0.0012094733974663;-0.0012094733101548;-0.0012094733101548;eev,integrated,separated,ws;lintim;Mumford0;Mumford0;True;False;1e-05;12000;1;2;20;50;200;-5;50;0.75;2;50;50;10;10;16;0.0368;1335;1335
14050789;336;g_000;2;1;30;line_consecutive;0.5;1336;11;16;12-15,15-24;5;117775.27399999998;119648.64;122948.792;120114.07600000002;1873.366000000024;3300.152000000002;465.43600000001607;eev,integrated,separated,ws;lintim;Mumford0;Mumford0;True;False;1e-05;12000;1;2;20;50;200;-5;50;0.75;2;50;50;10;10;16;0.0368;1336;1336
14050789;337;g_000;2;1;30;line_consecutive;0.5;1337;11;17;12-15,12-26;5;117544.23999999998;118601.096;121435.81199999998;118601.096;1056.8560000000289;2834.7159999999712;0.0;eev,integrated,separated,ws;lintim;Mumford0;Mumford0;True;False;1e-05;12000;1;2;20;50;200;-5;50;0.75;2;50;50;10;10;16;0.0368;1337;1337
14050789;338;g_000;2;1;30;line_consecutive;0.5;1338;11;18;3-8,5-8;6;110905.55199999997;111210.90799999904;111210.908;111210.908;305.35599999906844;9.60426405072212e-10;9.60426405072212e-10;eev,integrated,separated,ws;lintim;Mumford0;Mumford0;True;False;1e-05;12000;1;2;20;50;200;-5;50;0.75;2;50;50;10;10;16;0.0368;1338;1338
14050789;339;g_000;2;1;30;line_consecutive;0.5;1339;11;19;10-15,15-21;7;116008.13199999995;116008.13199999998;116008.132;116008.132;2.9103830456733704e-11;1.4551915228366852e-11;1.4551915228366852e-11;eev,integrated,separated,ws;lintim;Mumford0;Mumford0;True;False;1e-05;12000;1;2;20;50;200;-5;50;0.75;2;50;50;10;10;16;0.0368;1339;1339
14050789;340;g_000;2;1;30;line_consecutive;0.5;1340;11;20;2-15,8-15;10;112606.54199999996;114667.72;116523.46;116523.46;2061.1780000000435;1855.7400000000048;1855.7400000000048;eev,integrated,separated,ws;lintim;Mumford0;Mumford0;True;False;1e-05;12000;1;2;20;50;200;-5;50;0.75;2;50;50;10;10;16;0.0368;1340;1340
14050789;341;g_000;2;1;30;line_consecutive;0.5;1341;11;21;8-15,8-17;10;112977.59799999995;114693.70199999795;116802.856;116802.856;1716.1039999979985;2109.154000002047;2109.154000002047;eev,integrated,separated,ws;lintim;Mumford0;Mumford0;True;False;1e-05;12000;1;2;20;50;200;-5;50;0.75;2;50;50;10;10;16;0.0368;1341;1341
14050789;342;g_000;2;1;30;line_consecutive;0.5;1342;11;22;7-17,8-17;10;111540.94400000472;112814.81426794257;113988.744;113988.744;1273.8702679378475;1173.9297320574406;1173.9297320574406;eev,integrated,separated,ws;lintim;Mumford0;Mumford0;True;False;1e-05;12000;1;2;20;50;200;-5;50;0.75;2;50;50;10;10;16;0.0368;1342;1342
14050789;343;g_000;2;1;30;line_consecutive;0.5;1343;11;23;6-7,7-17;10;114755.09999999992;117177.92999999976;118252.884;117177.93;2422.8299999998417;1074.9540000002453;2.3283064365386963e-10;eev,integrated,separated,ws;lintim;Mumford0;Mumford0;True;False;1e-05;12000;1;2;20;50;200;-5;50;0.75;2;50;50;10;10;16;0.0368;1343;1343
14050789;344;g_000;2;1;30;line_consecutive;0.5;1344;11;24;12-15,12-18;11;126842.04399999998;129978.15985268143;131916.3120000001;130175.23200000002;3136.1158526814543;1938.1521473186583;197.07214731858403;eev,integrated,separated,ws;lintim;Mumford0;Mumford0;True;False;1e-05;12000;1;2;20;50;200;-5;50;0.75;2;50;50;10;10;16;0.0368;1344;1344
14050789;345;g_000;2;1;30;line_consecutive;0.5;1345;11;25;18-23,19-23;11;130000.43799999997;131133.37399999998;131718.166;131297.91000000003;1132.936000000016;584.7920000000158;164.536000000051;eev,integrated,separated,ws;lintim;Mumford0;Mumford0;True;False;1e-05;12000;1;2;20;50;200;-5;50;0.75;2;50;50;10;10;16;0.0368;1345;1345
14050789;346;g_000;2;1;30;line_consecutive;0.5;1346;11;26;3-8,8-21;12;108965.07599999996;109270.432;109270.432;109270.432;305.3560000000434;0.0;0.0;eev,integrated,separated,ws;lintim;Mumford0;Mumford0;True;False;1e-05;12000;1;2;20;50;200;-5;50;0.75;2;50;50;10;10;16;0.0368;1346;1346
14050789;347;g_000;2;1;30;line_consecutive;0.5;1347;11;27;8-21,21-24;12;105133.53599999998;105133.53599999998;105133.536;105133.536;0.0;1.4551915228366852e-11;1.4551915228366852e-11;eev,integrated,separated,ws;lintim;Mumford0;Mumford0;True;False;1e-05;12000;1;2;20;50;200;-5;50;0.75;2;50;50;10;10;16;0.0368;1347;1347
14050789;348;g_000;1;1;30;line_consecutive;0.6;1348;12;0;8-21;12;105133.53599999996;105133.536;105133.536;105133.536;2.9103830456733704e-11;0.0;0.0;eev,integrated,separated,ws;lintim;Mumford0;Mumford0;True;False;1e-05;12000;1;2;20;50;200;-5;50;0.75;2;50;50;10;10;16;0.0368;1348;1348
14050789;349;g_000;1;1;30;line_consecutive;0.6;1349;12;1;10-15;7;111902.98399999995;111902.9840000656;111902.984;111902.984;6.564368959516288e-08;-6.560003384947778e-08;-6.560003384947778e-08;eev,integrated,separated,ws;lintim;Mumford0;Mumford0;True;False;1e-05;12000;1;2;20;50;200;-5;50;0.75;2;50;50;10;10;16;0.0368;1349;1349
14050789;350;g_000;1;1;30;line_consecutive;0.6;1350;12;2;18-23;2,11;116153.14399999996;117981.92799999722;119711.372;118552.24000000002;1828.783999997264;1729.4440000027826;570.3120000027993;eev,integrated,separated,ws;lintim;Mumford0;Mumford0;True;False;1e-05;12000;1;2;20;50;200;-5;50;0.75;2;50;50;10;10;16;0.0368;1350;1350
14050789;351;g_000;1;1;30;line_consecutive;0.6;1351;12;3;4-12;2;110190.21599999996;111579.03599999905;113597.776;113597.776;1388.8199999990902;2018.740000000951;2018.740000000951;eev,integrated,separated,ws;lintim;Mumford0;Mumford0;True;False;1e-05;12000;1;2;20;50;200;-5;50;0.75;2;50;50;10;10;16;0.0368;1351;1351
14050789;352;g_000;1;1;30;line_consecutive;0.6;1352;12;4;15-24;5;112218.82399999996;112218.824;112218.824;112218.82400000002;2.9103830456733704e-11;0.0;2.9103830456733704e-11;eev,integrated,separated,ws;lintim;Mumford0;Mumford0;True;False;1e-05;12000;1;2;20;50;200;-5;50;0.75;2;50;50;10;10;16;0.0368;1352;1352
14050789;353;g_000;1;1;30;line_consecutive;0.6;1353;12;5;21-24;12;105133.53599999996;105133.536;105133.536;105133.536;2.9103830456733704e-11;0.0;0.0;eev,integrated,separated,ws;lintim;Mumford0;Mumford0;True;False;1e-05;12000;1;2;20;50;200;-5;50;0.75;2;50;50;10;10;16;0.0368;1353;1353
14050789;354;g_000;1;1;30;line_consecutive;0.6;1354;12;6;17-29;3;113590.14199989873;113590.14199999944;113590.142;113590.142;1.00713805295527e-07;5.675246939063071e-10;5.675246939063071e-10;eev,integrated,separated,ws;lintim;Mumford0;Mumford0;True;False;1e-05;12000;1;2;20;50;200;-5;50;0.75;2;50;50;10;10;16;0.0368;1354;1354
14050789;355;g_000;1;1;30;line_consecutive;0.6;1355;12;7;6-16;8;105133.53599999996;105133.536;105133.536;105133.536;2.9103830456733704e-11;0.0;0.0;eev,integrated,separated,ws;lintim;Mumford0;Mumford0;True;False;1e-05;12000;1;2;20;50;200;-5;50;0.75;2;50;50;10;10;16;0.0368;1355;1355
14050789;356;g_000;1;1;30;line_consecutive;0.6;1356;12;8;17-28;3;111485.86399999996;111485.86399999767;111485.864;111485.864;-2.2846506908535957e-09;2.3283064365386963e-09;2.3283064365386963e-09;eev,integrated,separated,ws;lintim;Mumford0;Mumford0;True;False;1e-05;12000;1;2;20;50;200;-5;50;0.75;2;50;50;10;10;16;0.0368;1356;1356
14050789;357;g_000;1;1;30;line_consecutive;0.6;1357;12;9;8-11;1;110888.43199999996;110888.432;110888.432;110888.432;4.365574568510056e-11;0.0;0.0;eev,integrated,separated,ws;lintim;Mumford0;Mumford0;True;False;1e-05;12000;1;2;20;50;200;-5;50;0.75;2;50;50;10;10;16;0.0368;1357;1357
14050789;358;g_000;1;1;30;line_consecutive;0.6;1358;12;10;1-23;2;107664.63199999998;108036.41599999944;108311.036;108311.036;371.7839999994612;274.6200000005483;274.6200000005483;eev,integrated,separated,ws;lintim;Mumford0;Mumford0;True;False;1e-05;12000;1;2;20;50;200;-5;50;0.75;2;50;50;10;10;16;0.0368;1358;1358
14050789;359;g_000;1;1;30;line_consecutive;0.6;1359;12;11;19-23;11;107825.39199999996;108402.24800001788;109236.6879999994;109236.6879999994;576.8560000179132;834.4399999815214;834.4399999815214;eev,integrated,separated,ws;lintim;Mumford0;Mumford0;True;False;1e-05;12000;1;2;20;50;200;-5;50;0.75;2;50;50;10;10;16;0.0368;1359;1359
14050789;360;g_000;1;1;30;line_consecutive;0.6;1360;12;12;14-19;4;109859.27799999996;109859.27799999996;109859.27799999998;109859.27799999998;0.0;1.4551915228366852e-11;1.4551915228366852e-11;eev,integrated,separated,ws;lintim;Mumford0;Mumford0;True;False;1e-05;12000;1;2;20;50;200;-5;50;0.75;2;50;50;10;10;16;0.0368;1360;1360
14050789;361;g_000;1;1;30;line_consecutive;0.6;1361;12;13;8-17;10;110722.73599999998;112436.202;114343.33;114343.33;1713.4660000000297;1907.127999999997;1907.127999999997;eev,integrated,separated,ws;lintim;Mumford0;Mumford0;True;False;1e-05;12000;1;2;20;50;200;-5;50;0.75;2;50;50;10;10;16;0.0368;1361;1361
14050789;362;g_000;1;1;30;line_consecutive;0.6;1362;12;14;2-4;2;107843.73599999998;108215.51999999996;108534.304;108534.304;371.7839999999851;318.7840000000433;318.7840000000433;eev,integrated,separated,ws;lintim;Mumford0;Mumford0;True;False;1e-05;12000;1;2;20;50;200;-5;50;0.75;2;50;50;10;10;16;0.0368;1362;1362
14050789;363;g_000;1;1;30;line_consecutive;0.6;1363;12;15;6-7;4,10;114033.62599999996;115336.44399999996;116029.632;115563.506;1302.8179999999993;693.1880000000383;227.0620000000345;eev,integrated,separated,ws;lintim;Mumford0;Mumford0;True;False;1e-05;12000;1;2;20;50;200;-5;50;0.75;2;50;50;10;10;16;0.0368;1363;1363
14050789;364;g_000;1;1;30;line_consecutive;0.6;1364;12;16;28-30;3;112216.63199999995;112216.632;112216.632;112216.632;4.365574568510056e-11;0.0;0.0;eev,integrated,separated,ws;lintim;Mumford0;Mumford0;True;False;1e-05;12000;1;2;20;50;200;-5;50;0.75;2;50;50;10;10;16;0.0368;1364;1364
14050789;365;g_000;1;1;30;line_consecutive;0.6;1365;12;17;7-14;4;112944.21799999994;112944.21800000058;112944.21799999996;112944.21799999996;6.402842700481415e-10;-6.111804395914078e-10;-6.111804395914078e-10;eev,integrated,separated,ws;lintim;Mumford0;Mumford0;True;False;1e-05;12000;1;2;20;50;200;-5;50;0.75;2;50;50;10;10;16;0.0368;1365;1365
14050789;366;g_000;1;1;30;line_consecutive;0.6;1366;12;18;3-8;6,12;108965.07599999996;109270.432;109270.432;109270.432;305.3560000000434;0.0;0.0;eev,integrated,separated,ws;lintim;Mumford0;Mumford0;True;False;1e-05;12000;1;2;20;50;200;-5;50;0.75;2;50;50;10;10;16;0.0368;1366;1366
14050789;367;g_000;1;1;30;line_consecutive;0.6;1367;12;19;1-14;2;108950.59999999996;110074.53999999884;111789.364;111789.364;1123.9399999988818;1714.8240000011574;1714.8240000011574;eev,integrated,separated,ws;lintim;Mumford0;Mumford0;True;False;1e-05;12000;1;2;20;50;200;-5;50;0.75;2;50;50;10;10;16;0.0368;1367;1367
14050789;368;g_000;1;1;30;line_consecutive;0.6;1368;12;20;2-15;10;110599.87599999996;112297.39579388412;113912.198;113912.198;1697.5197938841593;1614.8022061158845;1614.8022061158845;eev,integrated,separated,ws;lintim;Mumford0;Mumford0;True;False;1e-05;12000;1;2;20;50;200;-5;50;0.75;2;50;50;10;10;16;0.0368;1368;1368
14050789;369;g_000;1;1;30;line_consecutive;0.6;1369;12;21;2-25;1;109403.44399999996;109403.44400000355;109403.444;109403.444;3.594323061406612e-09;-3.5506673157215123e-09;-3.5506673157215123e-09;eev,integrated,separated,ws;lintim;Mumford0;Mumford0;True;False;1e-05;12000;1;2;20;50;200;-5;50;0.75;2;50;50;10;10;16;0.0368;1369;1369
14050789;370;g_000;1;1;30;line_consecutive;0.6;1370;12;22;1-13;3;110610.57599999996;110610.576;110610.576;110610.576;4.365574568510056e-11;0.0;0.0;eev,integrated,separated,ws;lintim;Mumford0;Mumford0;True;False;1e-05;12000;1;2;20;50;200;-5;50;0.75;2;50;50;10;10;16;0.0368;1370;1370
14050789;371;g_000;1;1;30;line_consecutive;0.6;1371;12;23;12-18;2,11;160133.59599999996;162957.61199999996;165558.476;163154.684;2824.0160000000037;2600.8640000000305;197.07200000004377;eev,integrated,separated,ws;lintim;Mumford0;Mumford0;True;False;1e-05;12000;1;2;20;50;200;-5;50;0.75;2;50;50;10;10;16;0.0368;1371;1371
14050789;372;g_000;1;1;30;line_consecutive;0.6;1372;12;24;1-29;3;111527.77999999996;111527.78;111527.78;111527.78;4.365574568510056e-11;0.0;0.0;eev,integrated,separated,ws;lintim;Mumford0;Mumford0;True;False;1e-05;12000;1;2;20;50;200;-5;50;0.75;2;50;50;10;10;16;0.0368;1372;1372
14050789;373;g_000;1;1;30;line_consecutive;0.6;1373;12;25;12-15;5,11;117775.27399999998;119648.64;122948.792;120114.07600000002;1873.366000000024;3300.152000000002;465.43600000001607;eev,integrated,separated,ws;lintim;Mumford0;Mumford0;True;False;1e-05;12000;1;2;20;50;200;-5;50;0.75;2;50;50;10;10;16;0.0368;1373;1373
14050789;374;g_000;1;1;30;line_consecutive;0.6;1374;12;26;8-15;10;110649.47399999996;112363.48799999998;113955.304;113955.304;1714.014000000025;1591.8160000000207;1591.8160000000207;eev,integrated,separated,ws;lintim;Mumford0;Mumford0;True;False;1e-05;12000;1;2;20;50;200;-5;50;0.75;2;50;50;10;10;16;0.0368;1374;1374
14050789;375;g_000;1;1;30;line_consecutive;0.6;1375;12;27;19-20;4;108566.41599999995;108566.416;108566.416;108566.416;4.365574568510056e-11;0.0;0.0;eev,integrated,separated,ws;lintim;Mumford0;Mumford0;True;False;1e-05;12000;1;2;20;50;200;-5;50;0.75;2;50;50;10;10;16;0.0368;1375;1375
14050789;376;g_000;1;1;30;line_consecutive;0.6;1376;12;28;7-17;10;110133.16799999998;111369.53799999984;112543.468;112543.468;1236.3699999998644;1173.930000000153;1173.930000000153;eev,integrated,separated,ws;lintim;Mumford0;Mumford0;True;False;1e-05;12000;1;2;20;50;200;-5;50;0.75;2;50;50;10;10;16;0.0368;1376;1376
14050789;377;g_000;1;1;30;line_consecutive;0.6;1377;12;29;9-27;9;105133.53599999996;105133.53600000004;105133.536;105133.536;7.275957614183426e-11;-4.365574568510056e-11;-4.365574568510056e-11;eev,integrated,separated,ws;lintim;Mumford0;Mumford0;True;False;1e-05;12000;1;2;20;50;200;-5;50;0.75;2;50;50;10;10;16;0.0368;1377;1377
14050789;378;g_000;2;1;30;line_consecutive;0.6;1378;13;0;2-25,8-25;1;143609.95399999997;143609.95400000003;143609.954;143609.954;5.820766091346741e-11;-2.9103830456733704e-11;-2.9103830456733704e-11;eev,integrated,separated,ws;lintim;Mumford0;Mumford0;True;False;1e-05;12000;1;2;20;50;200;-5;50;0.75;2;50;50;10;10;16;0.0368;1378;1378
14050789;379;g_000;2;1;30;line_consecutive;0.6;1379;13;1;8-11,8-25;1;115264.73199999996;115264.73200000385;115264.732;115264.732;3.885361365973949e-09;-3.841705620288849e-09;-3.841705620288849e-09;eev,integrated,separated,ws;lintim;Mumford0;Mumford0;True;False;1e-05;12000;1;2;20;50;200;-5;50;0.75;2;50;50;10;10;16;0.0368;1379;1379
14050789;380;g_000;2;1;30;line_consecutive;0.6;1380;13;2;8-11,11-22;1;137397.6059999999;137397.60599999997;137397.606;137397.606;5.820766091346741e-11;2.9103830456733704e-11;2.9103830456733704e-11;eev,integrated,separated,ws;lintim;Mumford0;Mumford0;True;False;1e-05;12000;1;2;20;50;200;-5;50;0.75;2;50;50;10;10;16;0.0368;1380;1380
14050789;381;g_000;2;1;30;line_consecutive;0.6;1381;13;3;2-4,4-12;2;124573.13999999996;125961.96;127980.7;127980.7;1388.8200000000506;2018.7399999999907;2018.7399999999907;eev,integrated,separated,ws;lintim;Mumford0;Mumford0;True;False;1e-05;12000;1;2;20;50;200;-5;50;0.75;2;50;50;10;10;16;0.0368;1381;1381
14050789;382;g_000;2;1;30;line_consecutive;0.6;1382;13;4;4-12,12-18;2;174834.63999999996;178688.846;181289.71;178885.91800000003;3854.2060000000342;2600.8640000000014;197.07200000004377;eev,integrated,separated,ws;lintim;Mumford0;Mumford0;True;False;1e-05;12000;1;2;20;50;200;-5;50;0.75;2;50;50;10;10;16;0.0368;1382;1382
14050789;383;g_000;2;1;30;line_consecutive;0.6;1383;13;5;12-18,18-23;2,11;160133.59599999996;162957.61199999996;165558.476;163154.684;2824.0160000000037;2600.8640000000305;197.07200000004377;eev,integrated,separated,ws;lintim;Mumford0;Mumford0;True;False;1e-05;12000;1;2;20;50;200;-5;50;0.75;2;50;50;10;10;16;0.0368;1383;1383
14050789;384;g_000;2;1;30;line_consecutive;0.6;1384;13;6;1-23,18-23;2;116153.14399999996;117981.92799999722;119711.372;118552.24000000002;1828.783999997264;1729.4440000027826;570.3120000027993;eev,integrated,separated,ws;lintim;Mumford0;Mumford0;True;False;1e-05;12000;1;2;20;50;200;-5;50;0.75;2;50;50;10;10;16;0.0368;1384;1384
14050789;385;g_000;2;1;30;line_consecutive;0.6;1385;13;7;1-14,1-23;2;112032.62599999996;113421.44600000004;115262.904;115262.904;1388.8200000000795;1841.457999999955;1841.457999999955;eev,integrated,separated,ws;lintim;Mumford0;Mumford0;True;False;1e-05;12000;1;2;20;50;200;-5;50;0.75;2;50;50;10;10;16;0.0368;1385;1385
14050789;386;g_000;2;1;30;line_consecutive;0.6;1386;13;8;1-13,9-13;3;160365.86999999994;160365.87;160365.87;160365.87;5.820766091346741e-11;0.0;0.0;eev,integrated,separated,ws;lintim;Mumford0;Mumford0;True;False;1e-05;12000;1;2;20;50;200;-5;50;0.75;2;50;50;10;10;16;0.0368;1386;1386
14050789;387;g_000;2;1;30;line_consecutive;0.6;1387;13;9;1-13,1-29;3;115414.43999999996;115414.44000003776;115414.44;115414.44;3.780587576329708e-08;-3.776222001761198e-08;-3.776222001761198e-08;eev,integrated,separated,ws;lintim;Mumford0;Mumford0;True;False;1e-05;12000;1;2;20;50;200;-5;50;0.75;2;50;50;10;10;16;0.0368;1387;1387
14050789;388;g_000;2;1;30;line_consecutive;0.6;1388;13;10;1-29,17-29;3;118408.55599999995;118408.55600000345;118408.556;118408.556;3.492459654808044e-09;-3.448803909122944e-09;-3.448803909122944e-09;eev,integrated,separated,ws;lintim;Mumford0;Mumford0;True;False;1e-05;12000;1;2;20;50;200;-5;50;0.75;2;50;50;10;10;16;0.0368;1388;1388
14050789;389;g_000;2;1;30;line_consecutive;0.6;1389;13;11;17-28,17-29;3;114418.63799999996;114418.638;114418.638;114418.638;4.365574568510056e-11;0.0;0.0;eev,integrated,separated,ws;lintim;Mumford0;Mumford0;True;False;1e-05;12000;1;2;20;50;200;-5;50;0.75;2;50;50;10;10;16;0.0368;1389;1389
14050789;390;g_000;2;1;30;line_consecutive;0.6;1390;13;12;17-28,28-30;3;130968.84399999998;130968.8436975388;130968.844;130968.844;-0.0003024611796718;0.0003024611942237;0.0003024611942237;eev,integrated,separated,ws;lintim;Mumford0;Mumford0;True;False;1e-05;12000;1;2;20;50;200;-5;50;0.75;2;50;50;10;10;16;0.0368;1390;1390
14050789;391;g_000;2;1;30;line_consecutive;0.6;1391;13;13;6-7,7-14;4;119546.62199999996;120482.02400000828;120796.364;120482.024;935.4020000083256;314.33999999171647;-8.280039764940739e-09;eev,integrated,separated,ws;lintim;Mumford0;Mumford0;True;False;1e-05;12000;1;2;20;50;200;-5;50;0.75;2;50;50;10;10;16;0.0368;1391;1391
14050789;392;g_000;2;1;30;line_consecutive;0.6;1392;13;14;7-14,14-19;4;112944.21799999994;112944.21800000058;112944.21799999996;112944.21799999996;6.402842700481415e-10;-6.111804395914078e-10;-6.111804395914078e-10;eev,integrated,separated,ws;lintim;Mumford0;Mumford0;True;False;1e-05;12000;1;2;20;50;200;-5;50;0.75;2;50;50;10;10;16;0.0368;1392;1392
14050789;393;g_000;2;1;30;line_consecutive;0.6;1393;13;15;14-19,19-20;4;111259.27799999992;111259.27920947332;111259.278;111259.278;0.0012094733974663;-0.0012094733101548;-0.0012094733101548;eev,integrated,separated,ws;lintim;Mumford0;Mumford0;True;False;1e-05;12000;1;2;20;50;200;-5;50;0.75;2;50;50;10;10;16;0.0368;1393;1393
14050789;394;g_000;2;1;30;line_consecutive;0.6;1394;13;16;12-15,15-24;5;117775.27399999998;119648.64;122948.792;120114.07600000002;1873.366000000024;3300.152000000002;465.43600000001607;eev,integrated,separated,ws;lintim;Mumford0;Mumford0;True;False;1e-05;12000;1;2;20;50;200;-5;50;0.75;2;50;50;10;10;16;0.0368;1394;1394
14050789;395;g_000;2;1;30;line_consecutive;0.6;1395;13;17;12-15,12-26;5;117544.23999999998;118601.096;121435.81199999998;118601.096;1056.8560000000289;2834.7159999999712;0.0;eev,integrated,separated,ws;lintim;Mumford0;Mumford0;True;False;1e-05;12000;1;2;20;50;200;-5;50;0.75;2;50;50;10;10;16;0.0368;1395;1395
14050789;396;g_000;2;1;30;line_consecutive;0.6;1396;13;18;3-8,5-8;6;110905.55199999997;111210.90799999904;111210.908;111210.908;305.35599999906844;9.60426405072212e-10;9.60426405072212e-10;eev,integrated,separated,ws;lintim;Mumford0;Mumford0;True;False;1e-05;12000;1;2;20;50;200;-5;50;0.75;2;50;50;10;10;16;0.0368;1396;1396
14050789;397;g_000;2;1;30;line_consecutive;0.6;1397;13;19;10-15,15-21;7;116008.13199999995;116008.13199999998;116008.132;116008.132;2.9103830456733704e-11;1.4551915228366852e-11;1.4551915228366852e-11;eev,integrated,separated,ws;lintim;Mumford0;Mumford0;True;False;1e-05;12000;1;2;20;50;200;-5;50;0.75;2;50;50;10;10;16;0.0368;1397;1397
14050789;398;g_000;2;1;30;line_consecutive;0.6;1398;13;20;2-15,8-15;10;112606.54199999996;114667.72;116523.46;116523.46;2061.1780000000435;1855.7400000000048;1855.7400000000048;eev,integrated,separated,ws;lintim;Mumford0;Mumford0;True;False;1e-05;12000;1;2;20;50;200;-5;50;0.75;2;50;50;10;10;16;0.0368;1398;1398
14050789;399;g_000;2;1;30;line_consecutive;0.6;1399;13;21;8-15,8-17;10;112977.59799999995;114693.70199999795;116802.856;116802.856;1716.1039999979985;2109.154000002047;2109.154000002047;eev,integrated,separated,ws;lintim;Mumford0;Mumford0;True;False;1e-05;12000;1;2;20;50;200;-5;50;0.75;2;50;50;10;10;16;0.0368;1399;1399
14050789;400;g_000;2;1;30;line_consecutive;0.6;1400;13;22;7-17,8-17;10;111540.94400000472;112814.81426794257;113988.744;113988.744;1273.8702679378475;1173.9297320574406;1173.9297320574406;eev,integrated,separated,ws;lintim;Mumford0;Mumford0;True;False;1e-05;12000;1;2;20;50;200;-5;50;0.75;2;50;50;10;10;16;0.0368;1400;1400
14050789;401;g_000;2;1;30;line_consecutive;0.6;1401;13;23;6-7,7-17;10;114755.09999999992;117177.92999999976;118252.884;117177.93;2422.8299999998417;1074.9540000002453;2.3283064365386963e-10;eev,integrated,separated,ws;lintim;Mumford0;Mumford0;True;False;1e-05;12000;1;2;20;50;200;-5;50;0.75;2;50;50;10;10;16;0.0368;1401;1401
14050789;402;g_000;2;1;30;line_consecutive;0.6;1402;13;24;12-15,12-18;11;126842.04399999998;129978.15985268143;131916.3120000001;130175.23200000002;3136.1158526814543;1938.1521473186583;197.07214731858403;eev,integrated,separated,ws;lintim;Mumford0;Mumford0;True;False;1e-05;12000;1;2;20;50;200;-5;50;0.75;2;50;50;10;10;16;0.0368;1402;1402
14050789;403;g_000;2;1;30;line_consecutive;0.6;1403;13;25;18-23,19-23;11;130000.43799999997;131133.37399999998;131718.166;131297.91000000003;1132.936000000016;584.7920000000158;164.536000000051;eev,integrated,separated,ws;lintim;Mumford0;Mumford0;True;False;1e-05;12000;1;2;20;50;200;-5;50;0.75;2;50;50;10;10;16;0.0368;1403;1403
14050789;404;g_000;2;1;30;line_consecutive;0.6;1404;13;26;3-8,8-21;12;108965.07599999996;109270.432;109270.432;109270.432;305.3560000000434;0.0;0.0;eev,integrated,separated,ws;lintim;Mumford0;Mumford0;True;False;1e-05;12000;1;2;20;50;200;-5;50;0.75;2;50;50;10;10;16;0.0368;1404;1404
14050789;405;g_000;2;1;30;line_consecutive;0.6;1405;13;27;8-21,21-24;12;105133.53599999998;105133.53599999998;105133.536;105133.536;0.0;1.4551915228366852e-11;1.4551915228366852e-11;eev,integrated,separated,ws;lintim;Mumford0;Mumford0;True;False;1e-05;12000;1;2;20;50;200;-5;50;0.75;2;50;50;10;10;16;0.0368;1405;1405
14050789;406;g_000;1;1;30;line_consecutive;0.7;1406;14;0;4-12;2;110190.21599999996;111579.03599999905;113597.776;113597.776;1388.8199999990902;2018.740000000951;2018.740000000951;eev,integrated,separated,ws;lintim;Mumford0;Mumford0;True;False;1e-05;12000;1;2;20;50;200;-5;50;0.75;2;50;50;10;10;16;0.0368;1406;1406
14050789;407;g_000;1;1;30;line_consecutive;0.7;1407;14;1;3-8;6,12;108965.07599999996;109270.432;109270.432;109270.432;305.3560000000434;0.0;0.0;eev,integrated,separated,ws;lintim;Mumford0;Mumford0;True;False;1e-05;12000;1;2;20;50;200;-5;50;0.75;2;50;50;10;10;16;0.0368;1407;1407
14050789;408;g_000;1;1;30;line_consecutive;0.7;1408;14;2;6-7;4,10;114033.62599999996;115336.44399999996;116029.632;115563.506;1302.8179999999993;693.1880000000383;227.0620000000345;eev,integrated,separated,ws;lintim;Mumford0;Mumford0;True;False;1e-05;12000;1;2;20;50;200;-5;50;0.75;2;50;50;10;10;16;0.0368;1408;1408
14050789;409;g_000;1;1;30;line_consecutive;0.7;1409;14;3;14-19;4;109859.27799999996;109859.27799999996;109859.27799999998;109859.27799999998;0.0;1.4551915228366852e-11;1.4551915228366852e-11;eev,integrated,separated,ws;lintim;Mumford0;Mumford0;True;False;1e-05;12000;1;2;20;50;200;-5;50;0.75;2;50;50;10;10;16;0.0368;1409;1409
14050789;410;g_000;1;1;30;line_consecutive;0.7;1410;14;4;10-15;7;111902.98399999995;111902.9840000656;111902.984;111902.984;6.564368959516288e-08;-6.560003384947778e-08;-6.560003384947778e-08;eev,integrated,separated,ws;lintim;Mumford0;Mumford0;True;False;1e-05;12000;1;2;20;50;200;-5;50;0.75;2;50;50;10;10;16;0.0368;1410;1410
14050789;411;g_000;1;1;30;line_consecutive;0.7;1411;14;5;2-4;2;107843.73599999998;108215.51999999996;108534.304;108534.304;371.7839999999851;318.7840000000433;318.7840000000433;eev,integrated,separated,ws;lintim;Mumford0;Mumford0;True;False;1e-05;12000;1;2;20;50;200;-5;50;0.75;2;50;50;10;10;16;0.0368;1411;1411
14050789;412;g_000;1;1;30;line_consecutive;0.7;1412;14;6;19-23;11;107825.39199999996;108402.24800001788;109236.6879999994;109236.6879999994;576.8560000179132;834.4399999815214;834.4399999815214;eev,integrated,separated,ws;lintim;Mumford0;Mumford0;True;False;1e-05;12000;1;2;20;50;200;-5;50;0.75;2;50;50;10;10;16;0.0368;1412;1412
14050789;413;g_000;1;1;30;line_consecutive;0.7;1413;14;7;17-29;3;113590.14199989873;113590.14199999944;113590.142;113590.142;1.00713805295527e-07;5.675246939063071e-10;5.675246939063071e-10;eev,integrated,separated,ws;lintim;Mumford0;Mumford0;True;False;1e-05;12000;1;2;20;50;200;-5;50;0.75;2;50;50;10;10;16;0.0368;1413;1413
14050789;414;g_000;1;1;30;line_consecutive;0.7;1414;14;8;5-8;6;107780.89199999996;108086.24799999998;108086.248;108086.248;305.3560000000143;2.9103830456733704e-11;2.9103830456733704e-11;eev,integrated,separated,ws;lintim;Mumford0;Mumford0;True;False;1e-05;12000;1;2;20;50;200;-5;50;0.75;2;50;50;10;10;16;0.0368;1414;1414
14050789;415;g_000;1;1;30;line_consecutive;0.7;1415;14;9;15-21;7;110801.30399999996;110801.304;110801.30399999904;110801.30399999904;4.365574568510056e-11;-9.60426405072212e-10;-9.60426405072212e-10;eev,integrated,separated,ws;lintim;Mumford0;Mumford0;True;False;1e-05;12000;1;2;20;50;200;-5;50;0.75;2;50;50;10;10;16;0.0368;1415;1415
14050789;416;g_000;1;1;30;line_consecutive;0.7;1416;14;10;9-27;9;105133.53599999996;105133.53600000004;105133.536;105133.536;7.275957614183426e-11;-4.365574568510056e-11;-4.365574568510056e-11;eev,integrated,separated,ws;lintim;Mumford0;Mumford0;True;False;1e-05;12000;1;2;20;50;200;-5;50;0.75;2;50;50;10;10;16;0.0368;1416;1416
14050789;417;g_000;1;1;30;line_consecutive;0.7;1417;14;11;8-25;1;109525.71199999996;109525.712;109525.712;109525.712;4.365574568510056e-11;0.0;0.0;eev,integrated,separated,ws;lintim;Mumford0;Mumford0;True;False;1e-05;12000;1;2;20;50;200;-5;50;0.75;2;50;50;10;10;16;0.0368;1417;1417
14050789;418;g_000;1;1;30;line_consecutive;0.7;1418;14;12;28-30;3;112216.63199999995;112216.632;112216.632;112216.632;4.365574568510056e-11;0.0;0.0;eev,integrated,separated,ws;lintim;Mumford0;Mumford0;True;False;1e-05;12000;1;2;20;50;200;-5;50;0.75;2;50;50;10;10;16;0.0368;1418;1418
14050789;419;g_000;1;1;30;line_consecutive;0.7;1419;14;13;1-23;2;107664.63199999998;108036.41599999944;108311.036;108311.036;371.7839999994612;274.6200000005483;274.6200000005483;eev,integrated,separated,ws;lintim;Mumford0;Mumford0;True;False;1e-05;12000;1;2;20;50;200;-5;50;0.75;2;50;50;10;10;16;0.0368;1419;1419
14050789;420;g_000;1;1;30;line_consecutive;0.7;1420;14;14;8-11;1;110888.43199999996;110888.432;110888.432;110888.432;4.365574568510056e-11;0.0;0.0;eev,integrated,separated,ws;lintim;Mumford0;Mumford0;True;False;1e-05;12000;1;2;20;50;200;-5;50;0.75;2;50;50;10;10;16;0.0368;1420;1420
14050789;421;g_000;1;1;30;line_consecutive;0.7;1421;14;15;12-18;2,11;160133.59599999996;162957.61199999996;165558.476;163154.684;2824.0160000000037;2600.8640000000305;197.07200000004377;eev,integrated,separated,ws;lintim;Mumford0;Mumford0;True;False;1e-05;12000;1;2;20;50;200;-5;50;0.75;2;50;50;10;10;16;0.0368;1421;1421
14050789;422;g_000;1;1;30;line_consecutive;0.7;1422;14;16;8-17;10;110722.73599999998;112436.202;114343.33;114343.33;1713.4660000000297;1907.127999999997;1907.127999999997;eev,integrated,separated,ws;lintim;Mumford0;Mumford0;True;False;1e-05;12000;1;2;20;50;200;-5;50;0.75;2;50;50;10;10;16;0.0368;1422;1422
14050789;423;g_000;1;1;30;line_consecutive;0.7;1423;14;17;1-13;3;110610.57599999996;110610.576;110610.576;110610.576;4.365574568510056e-11;0.0;0.0;eev,integrated,separated,ws;lintim;Mumford0;Mumford0;True;False;1e-05;12000;1;2;20;50;200;-5;50;0.75;2;50;50;10;10;16;0.0368;1423;1423
14050789;424;g_000;1;1;30;line_consecutive;0.7;1424;14;18;2-25;1;109403.44399999996;109403.44400000355;109403.444;109403.444;3.594323061406612e-09;-3.5506673157215123e-09;-3.5506673157215123e-09;eev,integrated,separated,ws;lintim;Mumford0;Mumford0;True;False;1e-05;12000;1;2;20;50;200;-5;50;0.75;2;50;50;10;10;16;0.0368;1424;1424
14050789;425;g_000;1;1;30;line_consecutive;0.7;1425;14;19;21-24;12;105133.53599999996;105133.536;105133.536;105133.536;2.9103830456733704e-11;0.0;0.0;eev,integrated,separated,ws;lintim;Mumford0;Mumford0;True;False;1e-05;12000;1;2;20;50;200;-5;50;0.75;2;50;50;10;10;16;0.0368;1425;1425
14050789;426;g_000;1;1;30;line_consecutive;0.7;1426;14;20;2-15;10;110599.87599999996;112297.39579388412;113912.198;113912.198;1697.5197938841593;1614.8022061158845;1614.8022061158845;eev,integrated,separated,ws;lintim;Mumford0;Mumford0;True;False;1e-05;12000;1;2;20;50;200;-5;50;0.75;2;50;50;10;10;16;0.0368;1426;1426
14050789;427;g_000;1;1;30;line_consecutive;0.7;1427;14;21;11-22;1;110126.14399999996;110126.144;110126.144;110126.144;4.365574568510056e-11;0.0;0.0;eev,integrated,separated,ws;lintim;Mumford0;Mumford0;True;False;1e-05;12000;1;2;20;50;200;-5;50;0.75;2;50;50;10;10;16;0.0368;1427;1427
14050789;428;g_000;1;1;30;line_consecutive;0.7;1428;14;22;19-20;4;108566.41599999995;108566.416;108566.416;108566.416;4.365574568510056e-11;0.0;0.0;eev,integrated,separated,ws;lintim;Mumford0;Mumford0;True;False;1e-05;12000;1;2;20;50;200;-5;50;0.75;2;50;50;10;10;16;0.0368;1428;1428
14050789;429;g_000;1;1;30;line_consecutive;0.7;1429;14;23;7-17;10;110133.16799999998;111369.53799999984;112543.468;112543.468;1236.3699999998644;1173.930000000153;1173.930000000153;eev,integrated,separated,ws;lintim;Mumford0;Mumford0;True;False;1e-05;12000;1;2;20;50;200;-5;50;0.75;2;50;50;10;10;16;0.0368;1429;1429
14050789;430;g_000;1;1;30;line_consecutive;0.7;1430;14;24;6-16;8;105133.53599999996;105133.536;105133.536;105133.536;2.9103830456733704e-11;0.0;0.0;eev,integrated,separated,ws;lintim;Mumford0;Mumford0;True;False;1e-05;12000;1;2;20;50;200;-5;50;0.75;2;50;50;10;10;16;0.0368;1430;1430
14050789;431;g_000;1;1;30;line_consecutive;0.7;1431;14;25;15-24;5;112218.82399999996;112218.824;112218.824;112218.82400000002;2.9103830456733704e-11;0.0;2.9103830456733704e-11;eev,integrated,separated,ws;lintim;Mumford0;Mumford0;True;False;1e-05;12000;1;2;20;50;200;-5;50;0.75;2;50;50;10;10;16;0.0368;1431;1431
14050789;432;g_000;1;1;30;line_consecutive;0.7;1432;14;26;17-28;3;111485.86399999996;111485.86399999767;111485.864;111485.864;-2.2846506908535957e-09;2.3283064365386963e-09;2.3283064365386963e-09;eev,integrated,separated,ws;lintim;Mumford0;Mumford0;True;False;1e-05;12000;1;2;20;50;200;-5;50;0.75;2;50;50;10;10;16;0.0368;1432;1432
14050789;433;g_000;1;1;30;line_consecutive;0.7;1433;14;27;1-14;2;108950.59999999996;110074.53999999884;111789.364;111789.364;1123.9399999988818;1714.8240000011574;1714.8240000011574;eev,integrated,separated,ws;lintim;Mumford0;Mumford0;True;False;1e-05;12000;1;2;20;50;200;-5;50;0.75;2;50;50;10;10;16;0.0368;1433;1433
14050789;434;g_000;1;1;30;line_consecutive;0.7;1434;14;28;8-15;10;110649.47399999996;112363.48799999998;113955.304;113955.304;1714.014000000025;1591.8160000000207;1591.8160000000207;eev,integrated,separated,ws;lintim;Mumford0;Mumford0;True;False;1e-05;12000;1;2;20;50;200;-5;50;0.75;2;50;50;10;10;16;0.0368;1434;1434
14050789;435;g_000;1;1;30;line_consecutive;0.7;1435;14;29;9-13;3;110698.06399999995;110698.064;110698.064;110698.064;4.365574568510056e-11;0.0;0.0;eev,integrated,separated,ws;lintim;Mumford0;Mumford0;True;False;1e-05;12000;1;2;20;50;200;-5;50;0.75;2;50;50;10;10;16;0.0368;1435;1435
14050789;436;g_000;2;1;30;line_consecutive;0.7;1436;15;0;2-25,8-25;1;143609.95399999997;143609.95400000003;143609.954;143609.954;5.820766091346741e-11;-2.9103830456733704e-11;-2.9103830456733704e-11;eev,integrated,separated,ws;lintim;Mumford0;Mumford0;True;False;1e-05;12000;1;2;20;50;200;-5;50;0.75;2;50;50;10;10;16;0.0368;1436;1436
14050789;437;g_000;2;1;30;line_consecutive;0.7;1437;15;1;8-11,8-25;1;115264.73199999996;115264.73200000385;115264.732;115264.732;3.885361365973949e-09;-3.841705620288849e-09;-3.841705620288849e-09;eev,integrated,separated,ws;lintim;Mumford0;Mumford0;True;False;1e-05;12000;1;2;20;50;200;-5;50;0.75;2;50;50;10;10;16;0.0368;1437;1437
14050789;438;g_000;2;1;30;line_consecutive;0.7;1438;15;2;8-11,11-22;1;137397.6059999999;137397.60599999997;137397.606;137397.606;5.820766091346741e-11;2.9103830456733704e-11;2.9103830456733704e-11;eev,integrated,separated,ws;lintim;Mumford0;Mumford0;True;False;1e-05;12000;1;2;20;50;200;-5;50;0.75;2;50;50;10;10;16;0.0368;1438;1438
14050789;439;g_000;2;1;30;line_consecutive;0.7;1439;15;3;2-4,4-12;2;124573.13999999996;125961.96;127980.7;127980.7;1388.8200000000506;2018.7399999999907;2018.7399999999907;eev,integrated,separated,ws;lintim;Mumford0;Mumford0;True;False;1e-05;12000;1;2;20;50;200;-5;50;0.75;2;50;50;10;10;16;0.0368;1439;1439
14050789;440;g_000;2;1;30;line_consecutive;0.7;1440;15;4;4-12,12-18;2;174834.63999999996;178688.846;181289.71;178885.91800000003;3854.2060000000342;2600.8640000000014;197.07200000004377;eev,integrated,separated,ws;lintim;Mumford0;Mumford0;True;False;1e-05;12000;1;2;20;50;200;-5;50;0.75;2;50;50;10;10;16;0.0368;1440;1440
14050789;441;g_000;2;1;30;line_consecutive;0.7;1441;15;5;12-18,18-23;2,11;160133.59599999996;162957.61199999996;165558.476;163154.684;2824.0160000000037;2600.8640000000305;197.07200000004377;eev,integrated,separated,ws;lintim;Mumford0;Mumford0;True;False;1e-05;12000;1;2;20;50;200;-5;50;0.75;2;50;50;10;10;16;0.0368;1441;1441
14050789;442;g_000;2;1;30;line_consecutive;0.7;1442;15;6;1-23,18-23;2;116153.14399999996;117981.92799999722;119711.372;118552.24000000002;1828.783999997264;1729.4440000027826;570.3120000027993;eev,integrated,separated,ws;lintim;Mumford0;Mumford0;True;False;1e-05;12000;1;2;20;50;200;-5;50;0.75;2;50;50;10;10;16;0.0368;1442;1442
14050789;443;g_000;2;1;30;line_consecutive;0.7;1443;15;7;1-14,1-23;2;112032.62599999996;113421.44600000004;115262.904;115262.904;1388.8200000000795;1841.457999999955;1841.457999999955;eev,integrated,separated,ws;lintim;Mumford0;Mumford0;True;False;1e-05;12000;1;2;20;50;200;-5;50;0.75;2;50;50;10;10;16;0.0368;1443;1443
14050789;444;g_000;2;1;30;line_consecutive;0.7;1444;15;8;1-13,9-13;3;160365.86999999994;160365.87;160365.87;160365.87;5.820766091346741e-11;0.0;0.0;eev,integrated,separated,ws;lintim;Mumford0;Mumford0;True;False;1e-05;12000;1;2;20;50;200;-5;50;0.75;2;50;50;10;10;16;0.0368;1444;1444
14050789;445;g_000;2;1;30;line_consecutive;0.7;1445;15;9;1-13,1-29;3;115414.43999999996;115414.44000003776;115414.44;115414.44;3.780587576329708e-08;-3.776222001761198e-08;-3.776222001761198e-08;eev,integrated,separated,ws;lintim;Mumford0;Mumford0;True;False;1e-05;12000;1;2;20;50;200;-5;50;0.75;2;50;50;10;10;16;0.0368;1445;1445
14050789;446;g_000;2;1;30;line_consecutive;0.7;1446;15;10;1-29,17-29;3;118408.55599999995;118408.55600000345;118408.556;118408.556;3.492459654808044e-09;-3.448803909122944e-09;-3.448803909122944e-09;eev,integrated,separated,ws;lintim;Mumford0;Mumford0;True;False;1e-05;12000;1;2;20;50;200;-5;50;0.75;2;50;50;10;10;16;0.0368;1446;1446
14050789;447;g_000;2;1;30;line_consecutive;0.7;1447;15;11;17-28,17-29;3;114418.63799999996;114418.638;114418.638;114418.638;4.365574568510056e-11;0.0;0.0;eev,integrated,separated,ws;lintim;Mumford0;Mumford0;True;False;1e-05;12000;1;2;20;50;200;-5;50;0.75;2;50;50;10;10;16;0.0368;1447;1447
14050789;448;g_000;2;1;30;line_consecutive;0.7;1448;15;12;17-28,28-30;3;130968.84399999998;130968.8436975388;130968.844;130968.844;-0.0003024611796718;0.0003024611942237;0.0003024611942237;eev,integrated,separated,ws;lintim;Mumford0;Mumford0;True;False;1e-05;12000;1;2;20;50;200;-5;50;0.75;2;50;50;10;10;16;0.0368;1448;1448
14050789;449;g_000;2;1;30;line_consecutive;0.7;1449;15;13;6-7,7-14;4;119546.62199999996;120482.02400000828;120796.364;120482.024;935.4020000083256;314.33999999171647;-8.280039764940739e-09;eev,integrated,separated,ws;lintim;Mumford0;Mumford0;True;False;1e-05;12000;1;2;20;50;200;-5;50;0.75;2;50;50;10;10;16;0.0368;1449;1449
14050789;450;g_000;2;1;30;line_consecutive;0.7;1450;15;14;7-14,14-19;4;112944.21799999994;112944.21800000058;112944.21799999996;112944.21799999996;6.402842700481415e-10;-6.111804395914078e-10;-6.111804395914078e-10;eev,integrated,separated,ws;lintim;Mumford0;Mumford0;True;False;1e-05;12000;1;2;20;50;200;-5;50;0.75;2;50;50;10;10;16;0.0368;1450;1450
14050789;451;g_000;2;1;30;line_consecutive;0.7;1451;15;15;14-19,19-20;4;111259.27799999992;111259.27920947332;111259.278;111259.278;0.0012094733974663;-0.0012094733101548;-0.0012094733101548;eev,integrated,separated,ws;lintim;Mumford0;Mumford0;True;False;1e-05;12000;1;2;20;50;200;-5;50;0.75;2;50;50;10;10;16;0.0368;1451;1451
14050789;452;g_000;2;1;30;line_consecutive;0.7;1452;15;16;12-15,15-24;5;117775.27399999998;119648.64;122948.792;120114.07600000002;1873.366000000024;3300.152000000002;465.43600000001607;eev,integrated,separated,ws;lintim;Mumford0;Mumford0;True;False;1e-05;12000;1;2;20;50;200;-5;50;0.75;2;50;50;10;10;16;0.0368;1452;1452
14050789;453;g_000;2;1;30;line_consecutive;0.7;1453;15;17;12-15,12-26;5;117544.23999999998;118601.096;121435.81199999998;118601.096;1056.8560000000289;2834.7159999999712;0.0;eev,integrated,separated,ws;lintim;Mumford0;Mumford0;True;False;1e-05;12000;1;2;20;50;200;-5;50;0.75;2;50;50;10;10;16;0.0368;1453;1453
14050789;454;g_000;2;1;30;line_consecutive;0.7;1454;15;18;3-8,5-8;6;110905.55199999997;111210.90799999904;111210.908;111210.908;305.35599999906844;9.60426405072212e-10;9.60426405072212e-10;eev,integrated,separated,ws;lintim;Mumford0;Mumford0;True;False;1e-05;12000;1;2;20;50;200;-5;50;0.75;2;50;50;10;10;16;0.0368;1454;1454
14050789;455;g_000;2;1;30;line_consecutive;0.7;1455;15;19;10-15,15-21;7;116008.13199999995;116008.13199999998;116008.132;116008.132;2.9103830456733704e-11;1.4551915228366852e-11;1.4551915228366852e-11;eev,integrated,separated,ws;lintim;Mumford0;Mumford0;True;False;1e-05;12000;1;2;20;50;200;-5;50;0.75;2;50;50;10;10;16;0.0368;1455;1455
14050789;456;g_000;2;1;30;line_consecutive;0.7;1456;15;20;2-15,8-15;10;112606.54199999996;114667.72;116523.46;116523.46;2061.1780000000435;1855.7400000000048;1855.7400000000048;eev,integrated,separated,ws;lintim;Mumford0;Mumford0;True;False;1e-05;12000;1;2;20;50;200;-5;50;0.75;2;50;50;10;10;16;0.0368;1456;1456
14050789;457;g_000;2;1;30;line_consecutive;0.7;1457;15;21;8-15,8-17;10;112977.59799999995;114693.70199999795;116802.856;116802.856;1716.1039999979985;2109.154000002047;2109.154000002047;eev,integrated,separated,ws;lintim;Mumford0;Mumford0;True;False;1e-05;12000;1;2;20;50;200;-5;50;0.75;2;50;50;10;10;16;0.0368;1457;1457
14050789;458;g_000;2;1;30;line_consecutive;0.7;1458;15;22;7-17,8-17;10;111540.94400000472;112814.81426794257;113988.744;113988.744;1273.8702679378475;1173.9297320574406;1173.9297320574406;eev,integrated,separated,ws;lintim;Mumford0;Mumford0;True;False;1e-05;12000;1;2;20;50;200;-5;50;0.75;2;50;50;10;10;16;0.0368;1458;1458
14050789;459;g_000;2;1;30;line_consecutive;0.7;1459;15;23;6-7,7-17;10;114755.09999999992;117177.92999999976;118252.884;117177.93;2422.8299999998417;1074.9540000002453;2.3283064365386963e-10;eev,integrated,separated,ws;lintim;Mumford0;Mumford0;True;False;1e-05;12000;1;2;20;50;200;-5;50;0.75;2;50;50;10;10;16;0.0368;1459;1459
14050789;460;g_000;2;1;30;line_consecutive;0.7;1460;15;24;12-15,12-18;11;126842.04399999998;129978.15985268143;131916.3120000001;130175.23200000002;3136.1158526814543;1938.1521473186583;197.07214731858403;eev,integrated,separated,ws;lintim;Mumford0;Mumford0;True;False;1e-05;12000;1;2;20;50;200;-5;50;0.75;2;50;50;10;10;16;0.0368;1460;1460
14050789;461;g_000;2;1;30;line_consecutive;0.7;1461;15;25;18-23,19-23;11;130000.43799999997;131133.37399999998;131718.166;131297.91000000003;1132.936000000016;584.7920000000158;164.536000000051;eev,integrated,separated,ws;lintim;Mumford0;Mumford0;True;False;1e-05;12000;1;2;20;50;200;-5;50;0.75;2;50;50;10;10;16;0.0368;1461;1461
14050789;462;g_000;2;1;30;line_consecutive;0.7;1462;15;26;3-8,8-21;12;108965.07599999996;109270.432;109270.432;109270.432;305.3560000000434;0.0;0.0;eev,integrated,separated,ws;lintim;Mumford0;Mumford0;True;False;1e-05;12000;1;2;20;50;200;-5;50;0.75;2;50;50;10;10;16;0.0368;1462;1462
14050789;463;g_000;2;1;30;line_consecutive;0.7;1463;15;27;8-21,21-24;12;105133.53599999998;105133.53599999998;105133.536;105133.536;0.0;1.4551915228366852e-11;1.4551915228366852e-11;eev,integrated,separated,ws;lintim;Mumford0;Mumford0;True;False;1e-05;12000;1;2;20;50;200;-5;50;0.75;2;50;50;10;10;16;0.0368;1463;1463
14050789;464;g_000;1;1;30;line_consecutive;0.8;1464;16;0;1-23;2;107664.63199999998;108036.41599999944;108311.036;108311.036;371.7839999994612;274.6200000005483;274.6200000005483;eev,integrated,separated,ws;lintim;Mumford0;Mumford0;True;False;1e-05;12000;1;2;20;50;200;-5;50;0.75;2;50;50;10;10;16;0.0368;1464;1464
14050789;465;g_000;1;1;30;line_consecutive;0.8;1465;16;1;28-30;3;112216.63199999995;112216.632;112216.632;112216.632;4.365574568510056e-11;0.0;0.0;eev,integrated,separated,ws;lintim;Mumford0;Mumford0;True;False;1e-05;12000;1;2;20;50;200;-5;50;0.75;2;50;50;10;10;16;0.0368;1465;1465
14050789;466;g_000;1;1;30;line_consecutive;0.8;1466;16;2;7-14;4;112944.21799999994;112944.21800000058;112944.21799999996;112944.21799999996;6.402842700481415e-10;-6.111804395914078e-10;-6.111804395914078e-10;eev,integrated,separated,ws;lintim;Mumford0;Mumford0;True;False;1e-05;12000;1;2;20;50;200;-5;50;0.75;2;50;50;10;10;16;0.0368;1466;1466
14050789;467;g_000;1;1;30;line_consecutive;0.8;1467;16;3;1-14;2;108950.59999999996;110074.53999999884;111789.364;111789.364;1123.9399999988818;1714.8240000011574;1714.8240000011574;eev,integrated,separated,ws;lintim;Mumford0;Mumford0;True;False;1e-05;12000;1;2;20;50;200;-5;50;0.75;2;50;50;10;10;16;0.0368;1467;1467
14050789;468;g_000;1;1;30;line_consecutive;0.8;1468;16;4;17-29;3;113590.14199989873;113590.14199999944;113590.142;113590.142;1.00713805295527e-07;5.675246939063071e-10;5.675246939063071e-10;eev,integrated,separated,ws;lintim;Mumford0;Mumford0;True;False;1e-05;12000;1;2;20;50;200;-5;50;0.75;2;50;50;10;10;16;0.0368;1468;1468
14050789;469;g_000;1;1;30;line_consecutive;0.8;1469;16;5;3-8;6,12;108965.07599999996;109270.432;109270.432;109270.432;305.3560000000434;0.0;0.0;eev,integrated,separated,ws;lintim;Mumford0;Mumford0;True;False;1e-05;12000;1;2;20;50;200;-5;50;0.75;2;50;50;10;10;16;0.0368;1469;1469
14050789;470;g_000;1;1;30;line_consecutive;0.8;1470;16;6;8-21;12;105133.53599999996;105133.536;105133.536;105133.536;2.9103830456733704e-11;0.0;0.0;eev,integrated,separated,ws;lintim;Mumford0;Mumford0;True;False;1e-05;12000;1;2;20;50;200;-5;50;0.75;2;50;50;10;10;16;0.0368;1470;1470
14050789;471;g_000;1;1;30;line_consecutive;0.8;1471;16;7;9-13;3;110698.06399999995;110698.064;110698.064;110698.064;4.365574568510056e-11;0.0;0.0;eev,integrated,separated,ws;lintim;Mumford0;Mumford0;True;False;1e-05;12000;1;2;20;50;200;-5;50;0.75;2;50;50;10;10;16;0.0368;1471;1471
14050789;472;g_000;1;1;30;line_consecutive;0.8;1472;16;8;15-21;7;110801.30399999996;110801.304;110801.30399999904;110801.30399999904;4.365574568510056e-11;-9.60426405072212e-10;-9.60426405072212e-10;eev,integrated,separated,ws;lintim;Mumford0;Mumford0;True;False;1e-05;12000;1;2;20;50;200;-5;50;0.75;2;50;50;10;10;16;0.0368;1472;1472
14050789;473;g_000;1;1;30;line_consecutive;0.8;1473;16;9;11-22;1;110126.14399999996;110126.144;110126.144;110126.144;4.365574568510056e-11;0.0;0.0;eev,integrated,separated,ws;lintim;Mumford0;Mumford0;True;False;1e-05;12000;1;2;20;50;200;-5;50;0.75;2;50;50;10;10;16;0.0368;1473;1473
14050789;474;g_000;1;1;30;line_consecutive;0.8;1474;16;10;15-24;5;112218.82399999996;112218.824;112218.824;112218.82400000002;2.9103830456733704e-11;0.0;2.9103830456733704e-11;eev,integrated,separated,ws;lintim;Mumford0;Mumford0;True;False;1e-05;12000;1;2;20;50;200;-5;50;0.75;2;50;50;10;10;16;0.0368;1474;1474
14050789;475;g_000;1;1;30;line_consecutive;0.8;1475;16;11;12-15;5,11;117775.27399999998;119648.64;122948.792;120114.07600000002;1873.366000000024;3300.152000000002;465.43600000001607;eev,integrated,separated,ws;lintim;Mumford0;Mumford0;True;False;1e-05;12000;1;2;20;50;200;-5;50;0.75;2;50;50;10;10;16;0.0368;1475;1475
14050789;476;g_000;1;1;30;line_consecutive;0.8;1476;16;12;1-29;3;111527.77999999996;111527.78;111527.78;111527.78;4.365574568510056e-11;0.0;0.0;eev,integrated,separated,ws;lintim;Mumford0;Mumford0;True;False;1e-05;12000;1;2;20;50;200;-5;50;0.75;2;50;50;10;10;16;0.0368;1476;1476
14050789;477;g_000;1;1;30;line_consecutive;0.8;1477;16;13;14-19;4;109859.27799999996;109859.27799999996;109859.27799999998;109859.27799999998;0.0;1.4551915228366852e-11;1.4551915228366852e-11;eev,integrated,separated,ws;lintim;Mumford0;Mumford0;True;False;1e-05;12000;1;2;20;50;200;-5;50;0.75;2;50;50;10;10;16;0.0368;1477;1477
14050789;478;g_000;1;1;30;line_consecutive;0.8;1478;16;14;21-24;12;105133.53599999996;105133.536;105133.536;105133.536;2.9103830456733704e-11;0.0;0.0;eev,integrated,separated,ws;lintim;Mumford0;Mumford0;True;False;1e-05;12000;1;2;20;50;200;-5;50;0.75;2;50;50;10;10;16;0.0368;1478;1478
14050789;479;g_000;1;1;30;line_consecutive;0.8;1479;16;15;12-18;2,11;160133.59599999996;162957.61199999996;165558.476;163154.684;2824.0160000000037;2600.8640000000305;197.07200000004377;eev,integrated,separated,ws;lintim;Mumford0;Mumford0;True;False;1e-05;12000;1;2;20;50;200;-5;50;0.75;2;50;50;10;10;16;0.0368;1479;1479
14050789;480;g_000;1;1;30;line_consecutive;0.8;1480;16;16;2-4;2;107843.73599999998;108215.51999999996;108534.304;108534.304;371.7839999999851;318.7840000000433;318.7840000000433;eev,integrated,separated,ws;lintim;Mumford0;Mumford0;True;False;1e-05;12000;1;2;20;50;200;-5;50;0.75;2;50;50;10;10;16;0.0368;1480;1480
14050789;481;g_000;1;1;30;line_consecutive;0.8;1481;16;17;8-15;10;110649.47399999996;112363.48799999998;113955.304;113955.304;1714.014000000025;1591.8160000000207;1591.8160000000207;eev,integrated,separated,ws;lintim;Mumford0;Mumford0;True;False;1e-05;12000;1;2;20;50;200;-5;50;0.75;2;50;50;10;10;16;0.0368;1481;1481
14050789;482;g_000;1;1;30;line_consecutive;0.8;1482;16;18;8-11;1;110888.43199999996;110888.432;110888.432;110888.432;4.365574568510056e-11;0.0;0.0;eev,integrated,separated,ws;lintim;Mumford0;Mumford0;True;False;1e-05;12000;1;2;20;50;200;-5;50;0.75;2;50;50;10;10;16;0.0368;1482;1482
14050789;483;g_000;1;1;30;line_consecutive;0.8;1483;16;19;9-27;9;105133.53599999996;105133.53600000004;105133.536;105133.536;7.275957614183426e-11;-4.365574568510056e-11;-4.365574568510056e-11;eev,integrated,separated,ws;lintim;Mumford0;Mumford0;True;False;1e-05;12000;1;2;20;50;200;-5;50;0.75;2;50;50;10;10;16;0.0368;1483;1483
14050789;484;g_000;1;1;30;line_consecutive;0.8;1484;16;20;5-8;6;107780.89199999996;108086.24799999998;108086.248;108086.248;305.3560000000143;2.9103830456733704e-11;2.9103830456733704e-11;eev,integrated,separated,ws;lintim;Mumford0;Mumford0;True;False;1e-05;12000;1;2;20;50;200;-5;50;0.75;2;50;50;10;10;16;0.0368;1484;1484
14050789;485;g_000;1;1;30;line_consecutive;0.8;1485;16;21;8-25;1;109525.71199999996;109525.712;109525.712;109525.712;4.365574568510056e-11;0.0;0.0;eev,integrated,separated,ws;lintim;Mumford0;Mumford0;True;False;1e-05;12000;1;2;20;50;200;-5;50;0.75;2;50;50;10;10;16;0.0368;1485;1485
14050789;486;g_000;1;1;30;line_consecutive;0.8;1486;16;22;19-23;11;107825.39199999996;108402.24800001788;109236.6879999994;109236.6879999994;576.8560000179132;834.4399999815214;834.4399999815214;eev,integrated,separated,ws;lintim;Mumford0;Mumford0;True;False;1e-05;12000;1;2;20;50;200;-5;50;0.75;2;50;50;10;10;16;0.0368;1486;1486
14050789;487;g_000;1;1;30;line_consecutive;0.8;1487;16;23;1-13;3;110610.57599999996;110610.576;110610.576;110610.576;4.365574568510056e-11;0.0;0.0;eev,integrated,separated,ws;lintim;Mumford0;Mumford0;True;False;1e-05;12000;1;2;20;50;200;-5;50;0.75;2;50;50;10;10;16;0.0368;1487;1487
14050789;488;g_000;1;1;30;line_consecutive;0.8;1488;16;24;12-26;5;117312.48999999998;117312.49;117312.49;117312.49000000002;2.9103830456733704e-11;0.0;1.4551915228366852e-11;eev,integrated,separated,ws;lintim;Mumford0;Mumford0;True;False;1e-05;12000;1;2;20;50;200;-5;50;0.75;2;50;50;10;10;16;0.0368;1488;1488
14050789;489;g_000;1;1;30;line_consecutive;0.8;1489;16;25;17-28;3;111485.86399999996;111485.86399999767;111485.864;111485.864;-2.2846506908535957e-09;2.3283064365386963e-09;2.3283064365386963e-09;eev,integrated,separated,ws;lintim;Mumford0;Mumford0;True;False;1e-05;12000;1;2;20;50;200;-5;50;0.75;2;50;50;10;10;16;0.0368;1489;1489
14050789;490;g_000;1;1;30;line_consecutive;0.8;1490;16;26;7-17;10;110133.16799999998;111369.53799999984;112543.468;112543.468;1236.3699999998644;1173.930000000153;1173.930000000153;eev,integrated,separated,ws;lintim;Mumford0;Mumford0;True;False;1e-05;12000;1;2;20;50;200;-5;50;0.75;2;50;50;10;10;16;0.0368;1490;1490
14050789;491;g_000;1;1;30;line_consecutive;0.8;1491;16;27;2-15;10;110599.87599999996;112297.39579388412;113912.198;113912.198;1697.5197938841593;1614.8022061158845;1614.8022061158845;eev,integrated,separated,ws;lintim;Mumford0;Mumford0;True;False;1e-05;12000;1;2;20;50;200;-5;50;0.75;2;50;50;10;10;16;0.0368;1491;1491
14050789;492;g_000;1;1;30;line_consecutive;0.8;1492;16;28;6-7;4,10;114033.62599999996;115336.44399999996;116029.632;115563.506;1302.8179999999993;693.1880000000383;227.0620000000345;eev,integrated,separated,ws;lintim;Mumford0;Mumford0;True;False;1e-05;12000;1;2;20;50;200;-5;50;0.75;2;50;50;10;10;16;0.0368;1492;1492
14050789;493;g_000;1;1;30;line_consecutive;0.8;1493;16;29;10-15;7;111902.98399999995;111902.9840000656;111902.984;111902.984;6.564368959516288e-08;-6.560003384947778e-08;-6.560003384947778e-08;eev,integrated,separated,ws;lintim;Mumford0;Mumford0;True;False;1e-05;12000;1;2;20;50;200;-5;50;0.75;2;50;50;10;10;16;0.0368;1493;1493
14050789;494;g_000;2;1;30;line_consecutive;0.8;1494;17;0;2-25,8-25;1;143609.95399999997;143609.95400000003;143609.954;143609.954;5.820766091346741e-11;-2.9103830456733704e-11;-2.9103830456733704e-11;eev,integrated,separated,ws;lintim;Mumford0;Mumford0;True;False;1e-05;12000;1;2;20;50;200;-5;50;0.75;2;50;50;10;10;16;0.0368;1494;1494
14050789;495;g_000;2;1;30;line_consecutive;0.8;1495;17;1;8-11,8-25;1;115264.73199999996;115264.73200000385;115264.732;115264.732;3.885361365973949e-09;-3.841705620288849e-09;-3.841705620288849e-09;eev,integrated,separated,ws;lintim;Mumford0;Mumford0;True;False;1e-05;12000;1;2;20;50;200;-5;50;0.75;2;50;50;10;10;16;0.0368;1495;1495
14050789;496;g_000;2;1;30;line_consecutive;0.8;1496;17;2;8-11,11-22;1;137397.6059999999;137397.60599999997;137397.606;137397.606;5.820766091346741e-11;2.9103830456733704e-11;2.9103830456733704e-11;eev,integrated,separated,ws;lintim;Mumford0;Mumford0;True;False;1e-05;12000;1;2;20;50;200;-5;50;0.75;2;50;50;10;10;16;0.0368;1496;1496
14050789;497;g_000;2;1;30;line_consecutive;0.8;1497;17;3;2-4,4-12;2;124573.13999999996;125961.96;127980.7;127980.7;1388.8200000000506;2018.7399999999907;2018.7399999999907;eev,integrated,separated,ws;lintim;Mumford0;Mumford0;True;False;1e-05;12000;1;2;20;50;200;-5;50;0.75;2;50;50;10;10;16;0.0368;1497;1497
14050789;498;g_000;2;1;30;line_consecutive;0.8;1498;17;4;4-12,12-18;2;174834.63999999996;178688.846;181289.71;178885.91800000003;3854.2060000000342;2600.8640000000014;197.07200000004377;eev,integrated,separated,ws;lintim;Mumford0;Mumford0;True;False;1e-05;12000;1;2;20;50;200;-5;50;0.75;2;50;50;10;10;16;0.0368;1498;1498
14050789;499;g_000;2;1;30;line_consecutive;0.8;1499;17;5;12-18,18-23;2,11;160133.59599999996;162957.61199999996;165558.476;163154.684;2824.0160000000037;2600.8640000000305;197.07200000004377;eev,integrated,separated,ws;lintim;Mumford0;Mumford0;True;False;1e-05;12000;1;2;20;50;200;-5;50;0.75;2;50;50;10;10;16;0.0368;1499;1499
14050789;500;g_000;2;1;30;line_consecutive;0.8;1500;17;6;1-23,18-23;2;116153.14399999996;117981.92799999722;119711.372;118552.24000000002;1828.783999997264;1729.4440000027826;570.3120000027993;eev,integrated,separated,ws;lintim;Mumford0;Mumford0;True;False;1e-05;12000;1;2;20;50;200;-5;50;0.75;2;50;50;10;10;16;0.0368;1500;1500
14050789;501;g_000;2;1;30;line_consecutive;0.8;1501;17;7;1-14,1-23;2;112032.62599999996;113421.44600000004;115262.904;115262.904;1388.8200000000795;1841.457999999955;1841.457999999955;eev,integrated,separated,ws;lintim;Mumford0;Mumford0;True;False;1e-05;12000;1;2;20;50;200;-5;50;0.75;2;50;50;10;10;16;0.0368;1501;1501
14050789;502;g_000;2;1;30;line_consecutive;0.8;1502;17;8;1-13,9-13;3;160365.86999999994;160365.87;160365.87;160365.87;5.820766091346741e-11;0.0;0.0;eev,integrated,separated,ws;lintim;Mumford0;Mumford0;True;False;1e-05;12000;1;2;20;50;200;-5;50;0.75;2;50;50;10;10;16;0.0368;1502;1502
14050789;503;g_000;2;1;30;line_consecutive;0.8;1503;17;9;1-13,1-29;3;115414.43999999996;115414.44000003776;115414.44;115414.44;3.780587576329708e-08;-3.776222001761198e-08;-3.776222001761198e-08;eev,integrated,separated,ws;lintim;Mumford0;Mumford0;True;False;1e-05;12000;1;2;20;50;200;-5;50;0.75;2;50;50;10;10;16;0.0368;1503;1503
14050789;504;g_000;2;1;30;line_consecutive;0.8;1504;17;10;1-29,17-29;3;118408.55599999995;118408.55600000345;118408.556;118408.556;3.492459654808044e-09;-3.448803909122944e-09;-3.448803909122944e-09;eev,integrated,separated,ws;lintim;Mumford0;Mumford0;True;False;1e-05;12000;1;2;20;50;200;-5;50;0.75;2;50;50;10;10;16;0.0368;1504;1504
14050789;505;g_000;2;1;30;line_consecutive;0.8;1505;17;11;17-28,17-29;3;114418.63799999996;114418.638;114418.638;114418.638;4.365574568510056e-11;0.0;0.0;eev,integrated,separated,ws;lintim;Mumford0;Mumford0;True;False;1e-05;12000;1;2;20;50;200;-5;50;0.75;2;50;50;10;10;16;0.0368;1505;1505
14050789;506;g_000;2;1;30;line_consecutive;0.8;1506;17;12;17-28,28-30;3;130968.84399999998;130968.8436975388;130968.844;130968.844;-0.0003024611796718;0.0003024611942237;0.0003024611942237;eev,integrated,separated,ws;lintim;Mumford0;Mumford0;True;False;1e-05;12000;1;2;20;50;200;-5;50;0.75;2;50;50;10;10;16;0.0368;1506;1506
14050789;507;g_000;2;1;30;line_consecutive;0.8;1507;17;13;6-7,7-14;4;119546.62199999996;120482.02400000828;120796.364;120482.024;935.4020000083256;314.33999999171647;-8.280039764940739e-09;eev,integrated,separated,ws;lintim;Mumford0;Mumford0;True;False;1e-05;12000;1;2;20;50;200;-5;50;0.75;2;50;50;10;10;16;0.0368;1507;1507
14050789;508;g_000;2;1;30;line_consecutive;0.8;1508;17;14;7-14,14-19;4;112944.21799999994;112944.21800000058;112944.21799999996;112944.21799999996;6.402842700481415e-10;-6.111804395914078e-10;-6.111804395914078e-10;eev,integrated,separated,ws;lintim;Mumford0;Mumford0;True;False;1e-05;12000;1;2;20;50;200;-5;50;0.75;2;50;50;10;10;16;0.0368;1508;1508
14050789;509;g_000;2;1;30;line_consecutive;0.8;1509;17;15;14-19,19-20;4;111259.27799999992;111259.27920947332;111259.278;111259.278;0.0012094733974663;-0.0012094733101548;-0.0012094733101548;eev,integrated,separated,ws;lintim;Mumford0;Mumford0;True;False;1e-05;12000;1;2;20;50;200;-5;50;0.75;2;50;50;10;10;16;0.0368;1509;1509
14050789;510;g_000;2;1;30;line_consecutive;0.8;1510;17;16;12-15,15-24;5;117775.27399999998;119648.64;122948.792;120114.07600000002;1873.366000000024;3300.152000000002;465.43600000001607;eev,integrated,separated,ws;lintim;Mumford0;Mumford0;True;False;1e-05;12000;1;2;20;50;200;-5;50;0.75;2;50;50;10;10;16;0.0368;1510;1510
14050789;511;g_000;2;1;30;line_consecutive;0.8;1511;17;17;12-15,12-26;5;117544.23999999998;118601.096;121435.81199999998;118601.096;1056.8560000000289;2834.7159999999712;0.0;eev,integrated,separated,ws;lintim;Mumford0;Mumford0;True;False;1e-05;12000;1;2;20;50;200;-5;50;0.75;2;50;50;10;10;16;0.0368;1511;1511
14050789;512;g_000;2;1;30;line_consecutive;0.8;1512;17;18;3-8,5-8;6;110905.55199999997;111210.90799999904;111210.908;111210.908;305.35599999906844;9.60426405072212e-10;9.60426405072212e-10;eev,integrated,separated,ws;lintim;Mumford0;Mumford0;True;False;1e-05;12000;1;2;20;50;200;-5;50;0.75;2;50;50;10;10;16;0.0368;1512;1512
14050789;513;g_000;2;1;30;line_consecutive;0.8;1513;17;19;10-15,15-21;7;116008.13199999995;116008.13199999998;116008.132;116008.132;2.9103830456733704e-11;1.4551915228366852e-11;1.4551915228366852e-11;eev,integrated,separated,ws;lintim;Mumford0;Mumford0;True;False;1e-05;12000;1;2;20;50;200;-5;50;0.75;2;50;50;10;10;16;0.0368;1513;1513
14050789;514;g_000;2;1;30;line_consecutive;0.8;1514;17;20;2-15,8-15;10;112606.54199999996;114667.72;116523.46;116523.46;2061.1780000000435;1855.7400000000048;1855.7400000000048;eev,integrated,separated,ws;lintim;Mumford0;Mumford0;True;False;1e-05;12000;1;2;20;50;200;-5;50;0.75;2;50;50;10;10;16;0.0368;1514;1514
14050789;515;g_000;2;1;30;line_consecutive;0.8;1515;17;21;8-15,8-17;10;112977.59799999995;114693.70199999795;116802.856;116802.856;1716.1039999979985;2109.154000002047;2109.154000002047;eev,integrated,separated,ws;lintim;Mumford0;Mumford0;True;False;1e-05;12000;1;2;20;50;200;-5;50;0.75;2;50;50;10;10;16;0.0368;1515;1515
14050789;516;g_000;2;1;30;line_consecutive;0.8;1516;17;22;7-17,8-17;10;111540.94400000472;112814.81426794257;113988.744;113988.744;1273.8702679378475;1173.9297320574406;1173.9297320574406;eev,integrated,separated,ws;lintim;Mumford0;Mumford0;True;False;1e-05;12000;1;2;20;50;200;-5;50;0.75;2;50;50;10;10;16;0.0368;1516;1516
14050789;517;g_000;2;1;30;line_consecutive;0.8;1517;17;23;6-7,7-17;10;114755.09999999992;117177.92999999976;118252.884;117177.93;2422.8299999998417;1074.9540000002453;2.3283064365386963e-10;eev,integrated,separated,ws;lintim;Mumford0;Mumford0;True;False;1e-05;12000;1;2;20;50;200;-5;50;0.75;2;50;50;10;10;16;0.0368;1517;1517
14050789;518;g_000;2;1;30;line_consecutive;0.8;1518;17;24;12-15,12-18;11;126842.04399999998;129978.15985268143;131916.3120000001;130175.23200000002;3136.1158526814543;1938.1521473186583;197.07214731858403;eev,integrated,separated,ws;lintim;Mumford0;Mumford0;True;False;1e-05;12000;1;2;20;50;200;-5;50;0.75;2;50;50;10;10;16;0.0368;1518;1518
14050789;519;g_000;2;1;30;line_consecutive;0.8;1519;17;25;18-23,19-23;11;130000.43799999997;131133.37399999998;131718.166;131297.91000000003;1132.936000000016;584.7920000000158;164.536000000051;eev,integrated,separated,ws;lintim;Mumford0;Mumford0;True;False;1e-05;12000;1;2;20;50;200;-5;50;0.75;2;50;50;10;10;16;0.0368;1519;1519
14050789;520;g_000;2;1;30;line_consecutive;0.8;1520;17;26;3-8,8-21;12;108965.07599999996;109270.432;109270.432;109270.432;305.3560000000434;0.0;0.0;eev,integrated,separated,ws;lintim;Mumford0;Mumford0;True;False;1e-05;12000;1;2;20;50;200;-5;50;0.75;2;50;50;10;10;16;0.0368;1520;1520
14050789;521;g_000;2;1;30;line_consecutive;0.8;1521;17;27;8-21,21-24;12;105133.53599999998;105133.53599999998;105133.536;105133.536;0.0;1.4551915228366852e-11;1.4551915228366852e-11;eev,integrated,separated,ws;lintim;Mumford0;Mumford0;True;False;1e-05;12000;1;2;20;50;200;-5;50;0.75;2;50;50;10;10;16;0.0368;1521;1521
14050789;522;g_000;1;1;30;line_consecutive;0.9;1522;18;0;12-26;5;127055.6532;127055.65320000326;127055.6532;171163.38799999992;3.2596290111541752e-09;-3.2596290111541752e-09;44107.73479999666;eev,integrated,separated,ws;lintim;Mumford0;Mumford0;True;False;1e-05;12000;1;2;20;50;200;-5;50;0.75;2;50;50;10;10;16;0.0368;1522;1522
14050789;523;g_000;1;1;30;line_consecutive;0.9;1523;18;1;1-23;2;109689.5088;109763.86560000002;110853.036;110441.5575999902;74.35680000002321;1089.1703999999736;677.6919999901875;eev,integrated,separated,ws;lintim;Mumford0;Mumford0;True;False;1e-05;12000;1;2;20;50;200;-5;50;0.75;2;50;50;10;10;16;0.0368;1523;1523
14050789;524;g_000;1;1;30;line_consecutive;0.9;1524;18;2;12-15;5,11;127888.6644;128390.1908;137200.9968;172577.04679999998;501.52640000000247;8810.805999999997;44186.85599999999;eev,integrated,separated,ws;lintim;Mumford0;Mumford0;True;False;1e-05;12000;1;2;20;50;200;-5;50;0.75;2;50;50;10;10;16;0.0368;1524;1524
14050789;525;g_000;1;1;30;line_consecutive;0.9;1525;18;3;2-4;2;110011.896;110086.25257338885;111254.9184;110704.3215999902;74.35657338885358;1168.665826611148;618.0690266013553;eev,integrated,separated,ws;lintim;Mumford0;Mumford0;True;False;1e-05;12000;1;2;20;50;200;-5;50;0.75;2;50;50;10;10;16;0.0368;1525;1525
14050789;526;g_000;1;1;30;line_consecutive;0.9;1526;18;4;12-18;2,11;204133.644;205024.7688;213898.428;258487.4392;891.1247999999905;8873.659200000024;53462.6704;eev,integrated,separated,ws;lintim;Mumford0;Mumford0;True;False;1e-05;12000;1;2;20;50;200;-5;50;0.75;2;50;50;10;10;16;0.0368;1526;1526
14050789;527;g_000;1;1;30;line_consecutive;0.9;1527;18;5;14-19;4;113639.8716;113639.87159999995;113639.87159999995;114176.3555999994;-4.365574568510056e-11;0.0;536.4839999994438;eev,integrated,separated,ws;lintim;Mumford0;Mumford0;True;False;1e-05;12000;1;2;20;50;200;-5;50;0.75;2;50;50;10;10;16;0.0368;1527;1527
14050789;528;g_000;1;1;30;line_consecutive;0.9;1528;18;6;15-24;5;117887.0544;117887.0544;117887.0544;166563.0524;0.0;0.0;48675.99799999999;eev,integrated,separated,ws;lintim;Mumford0;Mumford0;True;False;1e-05;12000;1;2;20;50;200;-5;50;0.75;2;50;50;10;10;16;0.0368;1528;1528
14050789;529;g_000;1;1;30;line_consecutive;0.9;1529;18;7;2-15;10;114972.948;115647.8759999998;120935.1276;115647.876;674.9279999997962;5287.251600000207;2.0372681319713595e-10;eev,integrated,separated,ws;lintim;Mumford0;Mumford0;True;False;1e-05;12000;1;2;20;50;200;-5;50;0.75;2;50;50;10;10;16;0.0368;1529;1529
14050789;530;g_000;1;1;30;line_consecutive;0.9;1530;18;8;8-17;10;115194.096;115869.02399570812;121711.1652;115869.024;674.9279957081162;5842.141204291882;4.291883669793606e-06;eev,integrated,separated,ws;lintim;Mumford0;Mumford0;True;False;1e-05;12000;1;2;20;50;200;-5;50;0.75;2;50;50;10;10;16;0.0368;1530;1530
14050789;531;g_000;1;1;30;line_consecutive;0.9;1531;18;9;8-11;1;115492.3488;115492.34880000002;115492.3488;152772.22999999998;1.4551915228366852e-11;-1.4551915228366852e-11;37279.88119999996;eev,integrated,separated,ws;lintim;Mumford0;Mumford0;True;False;1e-05;12000;1;2;20;50;200;-5;50;0.75;2;50;50;10;10;16;0.0368;1531;1531
14050789;532;g_000;1;1;30;line_consecutive;0.9;1532;18;10;6-7;4,10;121153.69799999996;121463.57;124746.5088;185518.30319999988;309.8720000000467;3282.938799999989;64054.73319999987;eev,integrated,separated,ws;lintim;Mumford0;Mumford0;True;False;1e-05;12000;1;2;20;50;200;-5;50;0.75;2;50;50;10;10;16;0.0368;1532;1532
14050789;533;g_000;1;1;30;line_consecutive;0.9;1533;18;11;3-8;6,12;112030.308;112168.16559999852;112579.94879999998;112168.1655901497;137.8575999985187;411.7832000014605;-9.848823538050056e-06;eev,integrated,separated,ws;lintim;Mumford0;Mumford0;True;False;1e-05;12000;1;2;20;50;200;-5;50;0.75;2;50;50;10;10;16;0.0368;1533;1533
14050789;534;g_000;1;1;30;line_consecutive;0.9;1534;18;12;18-23;2,11;124968.8304;125459.86800001454;131373.6408;183836.158;491.0376000145334;5913.772799985454;58376.289999985456;eev,integrated,separated,ws;lintim;Mumford0;Mumford0;True;False;1e-05;12000;1;2;20;50;200;-5;50;0.75;2;50;50;10;10;16;0.0368;1534;1534
14050789;535;g_000;1;1;30;line_consecutive;0.9;1535;18;13;8-15;10;115062.2244;115737.1524000015;121012.7184;115737.1524;674.9280000014987;5275.565999998493;-1.4988472685217855e-09;eev,integrated,separated,ws;lintim;Mumford0;Mumford0;True;False;1e-05;12000;1;2;20;50;200;-5;50;0.75;2;50;50;10;10;16;0.0368;1535;1535
14050789;536;g_000;1;1;30;line_consecutive;0.9;1536;18;14;7-17;10;114132.8736;114602.74400000002;118471.4136;114807.8016;469.8704000000144;3868.6695999999793;205.05759999998557;eev,integrated,separated,ws;lintim;Mumford0;Mumford0;True;False;1e-05;12000;1;2;20;50;200;-5;50;0.75;2;50;50;10;10;16;0.0368;1536;1536
14050789;537;g_000;1;1;30;line_consecutive;0.9;1537;18;15;21-24;12;105133.536;105133.53599999916;105133.536;105133.536;-8.294591680169106e-10;8.294591680169106e-10;8.294591680169106e-10;eev,integrated,separated,ws;lintim;Mumford0;Mumford0;True;False;1e-05;12000;1;2;20;50;200;-5;50;0.75;2;50;50;10;10;16;0.0368;1537;1537
14050789;538;g_000;1;1;30;line_consecutive;0.9;1538;18;16;2-25;1;112819.3704;112819.3704;112819.3704;152161.8896;0.0;0.0;39342.5192;eev,integrated,separated,ws;lintim;Mumford0;Mumford0;True;False;1e-05;12000;1;2;20;50;200;-5;50;0.75;2;50;50;10;10;16;0.0368;1538;1538
14050789;539;g_000;1;1;30;line_consecutive;0.9;1539;18;17;5-8;6;109898.77679999998;110036.63439999988;110448.4176;110036.63439014967;137.85759999990114;411.7832000001217;-9.85020596999675e-06;eev,integrated,separated,ws;lintim;Mumford0;Mumford0;True;False;1e-05;12000;1;2;20;50;200;-5;50;0.75;2;50;50;10;10;16;0.0368;1539;1539
14050789;540;g_000;1;1;30;line_consecutive;0.9;1540;18;18;4-12;2;114235.56;114572.53600000002;120369.168;114572.5359999902;336.9760000000242;5796.631999999983;-9.822542779147625e-09;eev,integrated,separated,ws;lintim;Mumford0;Mumford0;True;False;1e-05;12000;1;2;20;50;200;-5;50;0.75;2;50;50;10;10;16;0.0368;1540;1540
14050789;541;g_000;1;1;30;line_consecutive;0.9;1541;18;19;10-15;7;117318.5424;117318.5424;117318.5424;183713.9824;0.0;0.0;66395.44;eev,integrated,separated,ws;lintim;Mumford0;Mumford0;True;False;1e-05;12000;1;2;20;50;200;-5;50;0.75;2;50;50;10;10;16;0.0368;1541;1541
14050789;542;g_000;1;1;30;line_consecutive;0.9;1542;18;20;1-29;3;116643.1752;116643.17520000176;116643.1752;201739.7404;1.760781742632389e-09;-1.760781742632389e-09;85096.56519999825;eev,integrated,separated,ws;lintim;Mumford0;Mumford0;True;False;1e-05;12000;1;2;20;50;200;-5;50;0.75;2;50;50;10;10;16;0.0368;1542;1542
14050789;543;g_000;1;1;30;line_consecutive;0.9;1543;18;21;17-28;3;116567.7264;116567.7264;116567.7264;198726.8968;0.0;0.0;82159.17039999999;eev,integrated,separated,ws;lintim;Mumford0;Mumford0;True;False;1e-05;12000;1;2;20;50;200;-5;50;0.75;2;50;50;10;10;16;0.0368;1543;1543
14050789;544;g_000;1;1;30;line_consecutive;0.9;1544;18;22;9-27;9;105133.53599999998;105133.53600000002;105133.536;105133.536;4.365574568510056e-11;-2.9103830456733704e-11;-2.9103830456733704e-11;eev,integrated,separated,ws;lintim;Mumford0;Mumford0;True;False;1e-05;12000;1;2;20;50;200;-5;50;0.75;2;50;50;10;10;16;0.0368;1544;1544
14050789;545;g_000;1;1;30;line_consecutive;0.9;1545;18;23;11-22;1;114120.2304;114120.23040000004;114120.2304;149754.65959999998;4.365574568510056e-11;-4.365574568510056e-11;35634.42919999994;eev,integrated,separated,ws;lintim;Mumford0;Mumford0;True;False;1e-05;12000;1;2;20;50;200;-5;50;0.75;2;50;50;10;10;16;0.0368;1545;1545
14050789;546;g_000;1;1;30;line_consecutive;0.9;1546;18;24;19-20;4;111312.72;111312.71999999975;111312.72;112376.3555999994;-2.473825588822365e-10;2.473825588822365e-10;1063.635599999645;eev,integrated,separated,ws;lintim;Mumford0;Mumford0;True;False;1e-05;12000;1;2;20;50;200;-5;50;0.75;2;50;50;10;10;16;0.0368;1546;1546
14050789;547;g_000;1;1;30;line_consecutive;0.9;1547;18;25;8-21;12;105133.53599999998;105133.53600000002;105133.536;105133.536;4.365574568510056e-11;-2.9103830456733704e-11;-2.9103830456733704e-11;eev,integrated,separated,ws;lintim;Mumford0;Mumford0;True;False;1e-05;12000;1;2;20;50;200;-5;50;0.75;2;50;50;10;10;16;0.0368;1547;1547
14050789;548;g_000;1;1;30;line_consecutive;0.9;1548;18;26;6-16;8;105133.536;105133.53599999394;105133.536;105133.536;-6.05359673500061e-09;6.05359673500061e-09;6.05359673500061e-09;eev,integrated,separated,ws;lintim;Mumford0;Mumford0;True;False;1e-05;12000;1;2;20;50;200;-5;50;0.75;2;50;50;10;10;16;0.0368;1548;1548
14050789;549;g_000;1;1;30;line_consecutive;0.9;1549;18;27;15-21;7;115335.5184;115335.5184;115335.51839999824;181730.9584;0.0;-1.760781742632389e-09;66395.44;eev,integrated,separated,ws;lintim;Mumford0;Mumford0;True;False;1e-05;12000;1;2;20;50;200;-5;50;0.75;2;50;50;10;10;16;0.0368;1549;1549
14050789;550;g_000;1;1;30;line_consecutive;0.9;1550;18;28;17-29;3;120355.42679981772;120355.42677961312;120355.4268;201083.1868;-2.0204606698825955e-05;2.038688398897648e-05;80727.76002038688;eev,integrated,separated,ws;lintim;Mumford0;Mumford0;True;False;1e-05;12000;1;2;20;50;200;-5;50;0.75;2;50;50;10;10;16;0.0368;1550;1550
14050789;551;g_000;1;1;30;line_consecutive;0.9;1551;18;29;19-23;11;109978.8768;110094.24800000002;112519.20959999895;110772.3;115.37120000002324;2424.961599998933;678.0519999999815;eev,integrated,separated,ws;lintim;Mumford0;Mumford0;True;False;1e-05;12000;1;2;20;50;200;-5;50;0.75;2;50;50;10;10;16;0.0368;1551;1551
14050789;552;g_000;2;1;30;line_consecutive;0.9;1552;19;0;2-25,8-25;1;174391.0884;174391.0884;174391.0884;210149.1092;0.0;0.0;35758.0208;eev,integrated,separated,ws;lintim;Mumford0;Mumford0;True;False;1e-05;12000;1;2;20;50;200;-5;50;0.75;2;50;50;10;10;16;0.0368;1552;1552
14050789;553;g_000;2;1;30;line_consecutive;0.9;1553;19;1;8-11,8-25;1;123369.6888;123369.68880000002;123369.6888;160593.0428;1.4551915228366852e-11;-1.4551915228366852e-11;37223.35399999998;eev,integrated,separated,ws;lintim;Mumford0;Mumford0;True;False;1e-05;12000;1;2;20;50;200;-5;50;0.75;2;50;50;10;10;16;0.0368;1553;1553
14050789;554;g_000;2;1;30;line_consecutive;0.9;1554;19;2;8-11,11-22;1;163208.8619999999;163208.86199999994;163208.862;196395.6404;2.9103830456733704e-11;5.820766091346741e-11;33186.77840000007;eev,integrated,separated,ws;lintim;Mumford0;Mumford0;True;False;1e-05;12000;1;2;20;50;200;-5;50;0.75;2;50;50;10;10;16;0.0368;1554;1554
14050789;555;g_000;2;1;30;line_consecutive;0.9;1555;19;3;2-4,4-12;2;140124.82319999998;140461.7992;146258.4312;140461.7991999902;336.9760000000242;5796.631999999983;-9.807990863919258e-09;eev,integrated,separated,ws;lintim;Mumford0;Mumford0;True;False;1e-05;12000;1;2;20;50;200;-5;50;0.75;2;50;50;10;10;16;0.0368;1555;1555
14050789;556;g_000;2;1;30;line_consecutive;0.9;1556;19;4;4-12,12-18;2;230595.5232;231486.648;242214.6492;287508.4576;891.1247999999905;10728.001200000028;56021.80960000004;eev,integrated,separated,ws;lintim;Mumford0;Mumford0;True;False;1e-05;12000;1;2;20;50;200;-5;50;0.75;2;50;50;10;10;16;0.0368;1556;1556
14050789;557;g_000;2;1;30;line_consecutive;0.9;1557;19;5;12-18,18-23;2,11;204133.644;205024.7688;213898.428;258487.4392;891.1247999999905;8873.659200000024;53462.6704;eev,integrated,separated,ws;lintim;Mumford0;Mumford0;True;False;1e-05;12000;1;2;20;50;200;-5;50;0.75;2;50;50;10;10;16;0.0368;1557;1557
14050789;558;g_000;2;1;30;line_consecutive;0.9;1558;19;6;1-23,18-23;2;124968.8304;125459.86800001454;131373.6408;183836.158;491.0376000145334;5913.772799985454;58376.289999985456;eev,integrated,separated,ws;lintim;Mumford0;Mumford0;True;False;1e-05;12000;1;2;20;50;200;-5;50;0.75;2;50;50;10;10;16;0.0368;1558;1558
14050789;559;g_000;2;1;30;line_consecutive;0.9;1559;19;7;1-14,1-23;2;117551.898;117888.87399999956;123366.3984;117888.8739999902;336.9759999995585;5477.524400000446;-9.356881491839886e-09;eev,integrated,separated,ws;lintim;Mumford0;Mumford0;True;False;1e-05;12000;1;2;20;50;200;-5;50;0.75;2;50;50;10;10;16;0.0368;1559;1559
14050789;560;g_000;2;1;30;line_consecutive;0.9;1560;19;8;1-13,9-13;3;204551.7372;204551.7371999995;204551.7372;282677.7952;-4.656612873077393e-10;4.94765117764473e-10;78126.05800000048;eev,integrated,separated,ws;lintim;Mumford0;Mumford0;True;False;1e-05;12000;1;2;20;50;200;-5;50;0.75;2;50;50;10;10;16;0.0368;1560;1560
14050789;561;g_000;2;1;30;line_consecutive;0.9;1561;19;9;1-13,1-29;3;123639.1632;123639.16320013076;123639.1632;208662.8554;1.3076351024210453e-07;-1.3076351024210453e-07;85023.69219986924;eev,integrated,separated,ws;lintim;Mumford0;Mumford0;True;False;1e-05;12000;1;2;20;50;200;-5;50;0.75;2;50;50;10;10;16;0.0368;1561;1561
14050789;562;g_000;2;1;30;line_consecutive;0.9;1562;19;10;1-29,17-29;3;129028.572;129028.572;129028.572;208850.6044;0.0;0.0;79822.03240000001;eev,integrated,separated,ws;lintim;Mumford0;Mumford0;True;False;1e-05;12000;1;2;20;50;200;-5;50;0.75;2;50;50;10;10;16;0.0368;1562;1562
14050789;563;g_000;2;1;30;line_consecutive;0.9;1563;19;11;17-28,17-29;3;121846.71959999998;121846.7196;121846.7196;202101.6915999452;1.4551915228366852e-11;0.0;80254.97199994519;eev,integrated,separated,ws;lintim;Mumford0;Mumford0;True;False;1e-05;12000;1;2;20;50;200;-5;50;0.75;2;50;50;10;10;16;0.0368;1563;1563
14050789;564;g_000;2;1;30;line_consecutive;0.9;1564;19;12;17-28,28-30;3;151637.09040000002;151637.0904;151637.0904;231934.5964;-2.9103830456733704e-11;0.0;80297.50600000002;eev,integrated,separated,ws;lintim;Mumford0;Mumford0;True;False;1e-05;12000;1;2;20;50;200;-5;50;0.75;2;50;50;10;10;16;0.0368;1564;1564
14050789;565;g_000;2;1;30;line_consecutive;0.9;1565;19;13;6-7,7-14;4;131077.09079999998;131386.96279999995;133326.6264;196127.14680000587;309.8719999999739;1939.663600000058;64740.18400000592;eev,integrated,separated,ws;lintim;Mumford0;Mumford0;True;False;1e-05;12000;1;2;20;50;200;-5;50;0.75;2;50;50;10;10;16;0.0368;1565;1565
14050789;566;g_000;2;1;30;line_consecutive;0.9;1566;19;14;7-14,14-19;4;119192.76359999992;119192.76359999934;119192.7635999999;119729.2475999994;-5.820766091346741e-10;5.675246939063071e-10;536.4840000000695;eev,integrated,separated,ws;lintim;Mumford0;Mumford0;True;False;1e-05;12000;1;2;20;50;200;-5;50;0.75;2;50;50;10;10;16;0.0368;1566;1566
14050789;567;g_000;2;1;30;line_consecutive;0.9;1567;19;15;14-19,19-20;4;116159.87159999994;116159.87160000004;116159.87159999998;116696.35559999936;1.0186340659856795e-10;-5.820766091346741e-11;536.4839999993128;eev,integrated,separated,ws;lintim;Mumford0;Mumford0;True;False;1e-05;12000;1;2;20;50;200;-5;50;0.75;2;50;50;10;10;16;0.0368;1567;1567
14050789;568;g_000;2;1;30;line_consecutive;0.9;1568;19;16;12-15,15-24;5;127888.6644;128390.1908;137200.9968;172577.04679999998;501.52640000000247;8810.805999999997;44186.85599999999;eev,integrated,separated,ws;lintim;Mumford0;Mumford0;True;False;1e-05;12000;1;2;20;50;200;-5;50;0.75;2;50;50;10;10;16;0.0368;1568;1568
14050789;569;g_000;2;1;30;line_consecutive;0.9;1569;19;17;12-15,12-26;5;127472.8032;127716.171943;134477.63279999996;172730.8424;243.36874299999909;6761.460856999969;45014.670457;eev,integrated,separated,ws;lintim;Mumford0;Mumford0;True;False;1e-05;12000;1;2;20;50;200;-5;50;0.75;2;50;50;10;10;16;0.0368;1569;1569
14050789;570;g_000;2;1;30;line_consecutive;0.9;1570;19;18;3-8,5-8;6;115523.1648;115661.02240000002;116072.8056;115661.0223901497;137.85760000001756;411.7831999999908;-9.850322385318576e-06;eev,integrated,separated,ws;lintim;Mumford0;Mumford0;True;False;1e-05;12000;1;2;20;50;200;-5;50;0.75;2;50;50;10;10;16;0.0368;1570;1570
14050789;571;g_000;2;1;30;line_consecutive;0.9;1571;19;19;10-15,15-21;7;124707.8088;124707.8088;124707.8088;191103.2488;0.0;0.0;66395.44;eev,integrated,separated,ws;lintim;Mumford0;Mumford0;True;False;1e-05;12000;1;2;20;50;200;-5;50;0.75;2;50;50;10;10;16;0.0368;1571;1571
14050789;572;g_000;2;1;30;line_consecutive;0.9;1572;19;20;2-15,8-15;10;118584.94679999998;119259.87480001172;125635.3992;119259.8748;674.9280000117433;6375.5243999882805;-1.1714291758835316e-08;eev,integrated,separated,ws;lintim;Mumford0;Mumford0;True;False;1e-05;12000;1;2;20;50;200;-5;50;0.75;2;50;50;10;10;16;0.0368;1572;1572
14050789;573;g_000;2;1;30;line_consecutive;0.9;1573;19;21;8-15,8-17;10;119252.8476;119927.77560000002;126138.312;119927.7756;674.928000000029;6210.536399999983;-2.9103830456733704e-11;eev,integrated,separated,ws;lintim;Mumford0;Mumford0;True;False;1e-05;12000;1;2;20;50;200;-5;50;0.75;2;50;50;10;10;16;0.0368;1573;1573
14050789;574;g_000;2;1;30;line_consecutive;0.9;1574;19;22;7-17,8-17;10;116666.87040000854;117186.50720000002;121072.9104;117341.7984;519.6367999914801;3886.403199999972;155.29119999997783;eev,integrated,separated,ws;lintim;Mumford0;Mumford0;True;False;1e-05;12000;1;2;20;50;200;-5;50;0.75;2;50;50;10;10;16;0.0368;1574;1574
14050789;575;g_000;2;1;30;line_consecutive;0.9;1575;19;23;6-7,7-17;10;122452.35119999992;123310.42559997144;128748.3624;185518.30319999988;858.0743999715196;5437.936800028561;62207.87760002844;eev,integrated,separated,ws;lintim;Mumford0;Mumford0;True;False;1e-05;12000;1;2;20;50;200;-5;50;0.75;2;50;50;10;10;16;0.0368;1575;1575
14050789;576;g_000;2;1;30;line_consecutive;0.9;1576;19;24;12-15,12-18;11;144208.8504;144955.88800000894;153342.53280000016;285915.1743999969;747.0376000089454;8386.64479999122;140959.28639998793;eev,integrated,separated,ws;lintim;Mumford0;Mumford0;True;False;1e-05;12000;1;2;20;50;200;-5;50;0.75;2;50;50;10;10;16;0.0368;1576;1576
14050789;577;g_000;2;1;30;line_consecutive;0.9;1577;19;25;18-23,19-23;11;149893.95959999997;150153.45399999965;152985.87;206737.3636;259.4943999996758;2832.4160000003467;56583.90960000036;eev,integrated,separated,ws;lintim;Mumford0;Mumford0;True;False;1e-05;12000;1;2;20;50;200;-5;50;0.75;2;50;50;10;10;16;0.0368;1577;1577
14050789;578;g_000;2;1;30;line_consecutive;0.9;1578;19;26;3-8,8-21;12;112030.308;112168.1656;112579.94879999998;112168.1655901497;137.85759999998845;411.7831999999908;-9.85029328148812e-06;eev,integrated,separated,ws;lintim;Mumford0;Mumford0;True;False;1e-05;12000;1;2;20;50;200;-5;50;0.75;2;50;50;10;10;16;0.0368;1578;1578
14050789;579;g_000;2;1;30;line_consecutive;0.9;1579;19;27;8-21,21-24;12;105133.536;105133.53585038678;105133.536;105133.536;-0.0001496132172178;0.0001496132172178;0.0001496132172178;eev,integrated,separated,ws;lintim;Mumford0;Mumford0;True;False;1e-05;12000;1;2;20;50;200;-5;50;0.75;2;50;50;10;10;16;0.0368;1579;1579
14050789;580;g_000;1;1;30;line_consecutive;0.95;1580;20;0;6-7;4,10;122043.70699999998;122198.64205023993;125836.1184;323182.30359999096;154.93505023994658;3637.47634976008;200983.66154975104;eev,integrated,separated,ws;lintim;Mumford0;Mumford0;True;False;1e-05;12000;1;2;20;50;200;-5;50;0.75;2;50;50;10;10;16;0.0368;1580;1580
14050789;581;g_000;1;1;30;line_consecutive;0.95;1581;20;1;7-14;4;119973.83179999994;119973.8318;119973.8317999999;161020.08419999998;5.820766091346741e-11;-1.0186340659856795e-10;41046.25239999998;eev,integrated,separated,ws;lintim;Mumford0;Mumford0;True;False;1e-05;12000;1;2;20;50;200;-5;50;0.75;2;50;50;10;10;16;0.0368;1581;1581
14050789;582;g_000;1;1;30;line_consecutive;0.95;1582;20;2;7-17;10;114632.83680000002;114956.66;119212.40679999998;132454.79439999998;323.82319999998435;4255.746799999979;17498.13439999998;eev,integrated,separated,ws;lintim;Mumford0;Mumford0;True;False;1e-05;12000;1;2;20;50;200;-5;50;0.75;2;50;50;10;10;16;0.0368;1582;1582
14050789;583;g_000;1;1;30;line_consecutive;0.95;1583;20;3;15-21;7;115902.2952;115902.2952;115902.29519999816;282018.8951999949;0.0;-1.8335413187742235e-09;166116.5999999949;eev,integrated,separated,ws;lintim;Mumford0;Mumford0;True;False;1e-05;12000;1;2;20;50;200;-5;50;0.75;2;50;50;10;10;16;0.0368;1583;1583
14050789;584;g_000;1;1;30;line_consecutive;0.95;1584;20;4;8-11;1;116067.8384;116067.8384;116067.8384;295865.5533999696;0.0;0.0;179797.71499996958;eev,integrated,separated,ws;lintim;Mumford0;Mumford0;True;False;1e-05;12000;1;2;20;50;200;-5;50;0.75;2;50;50;10;10;16;0.0368;1584;1584
14050789;585;g_000;1;1;30;line_consecutive;0.95;1585;20;5;1-14;2;112385.95759999998;112554.4450066497;117779.6092;148924.30279999983;168.4874066497141;5225.164193350312;36369.85779335014;eev,integrated,separated,ws;lintim;Mumford0;Mumford0;True;False;1e-05;12000;1;2;20;50;200;-5;50;0.75;2;50;50;10;10;16;0.0368;1585;1585
14050789;586;g_000;1;1;30;line_consecutive;0.95;1586;20;6;1-13;3;115539.912;115539.912;115539.91199999998;399182.0166;0.0;-1.4551915228366852e-11;283642.1046;eev,integrated,separated,ws;lintim;Mumford0;Mumford0;True;False;1e-05;12000;1;2;20;50;200;-5;50;0.75;2;50;50;10;10;16;0.0368;1586;1586
14050789;587;g_000;1;1;30;line_consecutive;0.95;1587;20;7;1-23;2;109942.6184;109979.7968;111170.786;146754.36599999966;37.17839999998978;1190.9891999999963;36774.56919999966;eev,integrated,separated,ws;lintim;Mumford0;Mumford0;True;False;1e-05;12000;1;2;20;50;200;-5;50;0.75;2;50;50;10;10;16;0.0368;1587;1587
14050789;588;g_000;1;1;30;line_consecutive;0.95;1588;20;8;21-24;12;105133.536;105133.53566205084;105133.536;105133.536;-0.0003379491536179;0.0003379491536179;0.0003379491536179;eev,integrated,separated,ws;lintim;Mumford0;Mumford0;True;False;1e-05;12000;1;2;20;50;200;-5;50;0.75;2;50;50;10;10;16;0.0368;1588;1588
14050789;589;g_000;1;1;30;line_consecutive;0.95;1589;20;9;3-8;6,12;112413.46199999998;112482.3908;112993.6384;127099.70279999996;68.92880000000878;511.2476000000024;14617.311999999962;eev,integrated,separated,ws;lintim;Mumford0;Mumford0;True;False;1e-05;12000;1;2;20;50;200;-5;50;0.75;2;50;50;10;10;16;0.0368;1589;1589
14050789;590;g_000;1;1;30;line_consecutive;0.95;1590;20;10;10-15;7;117995.4872;117995.4872;117995.4872;284112.0871999949;0.0;0.0;166116.59999999488;eev,integrated,separated,ws;lintim;Mumford0;Mumford0;True;False;1e-05;12000;1;2;20;50;200;-5;50;0.75;2;50;50;10;10;16;0.0368;1590;1590
14050789;591;g_000;1;1;30;line_consecutive;0.95;1591;20;11;28-30;3;118591.4184;118591.41840001431;118591.4184;395750.9814000007;1.4319084584712982e-08;-1.4319084584712982e-08;277159.56299998634;eev,integrated,separated,ws;lintim;Mumford0;Mumford0;True;False;1e-05;12000;1;2;20;50;200;-5;50;0.75;2;50;50;10;10;16;0.0368;1591;1591
14050789;592;g_000;1;1;30;line_consecutive;0.95;1592;20;12;18-23;2,11;126070.7912;126351.194;132831.42440000002;329052.75859998685;280.4027999999962;6480.230400000015;202701.56459998683;eev,integrated,separated,ws;lintim;Mumford0;Mumford0;True;False;1e-05;12000;1;2;20;50;200;-5;50;0.75;2;50;50;10;10;16;0.0368;1592;1592
14050789;593;g_000;1;1;30;line_consecutive;0.95;1593;20;13;8-15;10;115613.8182;115951.2822;121894.89519999998;133363.534;337.4640000000072;5943.612999999983;17412.251800000013;eev,integrated,separated,ws;lintim;Mumford0;Mumford0;True;False;1e-05;12000;1;2;20;50;200;-5;50;0.75;2;50;50;10;10;16;0.0368;1593;1593
14050789;594;g_000;1;1;30;line_consecutive;0.95;1594;20;14;12-18;2,11;209633.65;210079.2124000006;219940.922;407794.5003999999;445.5624000006064;9861.70959999939;197715.2879999993;eev,integrated,separated,ws;lintim;Mumford0;Mumford0;True;False;1e-05;12000;1;2;20;50;200;-5;50;0.75;2;50;50;10;10;16;0.0368;1594;1594
14050789;595;g_000;1;1;30;line_consecutive;0.95;1595;20;15;4-12;2;114741.228;114909.71600000004;121215.592;151147.86519999983;168.4880000000412;6305.87599999996;36238.14919999978;eev,integrated,separated,ws;lintim;Mumford0;Mumford0;True;False;1e-05;12000;1;2;20;50;200;-5;50;0.75;2;50;50;10;10;16;0.0368;1595;1595
14050789;596;g_000;1;1;30;line_consecutive;0.95;1596;20;16;2-25;1;113246.3612;113246.36119999996;113246.3612;295274.2391999696;-4.365574568510056e-11;4.365574568510056e-11;182027.87799996967;eev,integrated,separated,ws;lintim;Mumford0;Mumford0;True;False;1e-05;12000;1;2;20;50;200;-5;50;0.75;2;50;50;10;10;16;0.0368;1596;1596
14050789;597;g_000;1;1;30;line_consecutive;0.95;1597;20;17;2-15;10;115519.582;115857.04599999978;121812.9938;133292.284;337.46399999978894;5955.947800000213;17435.23800000023;eev,integrated,separated,ws;lintim;Mumford0;Mumford0;True;False;1e-05;12000;1;2;20;50;200;-5;50;0.75;2;50;50;10;10;16;0.0368;1597;1597
14050789;598;g_000;1;1;30;line_consecutive;0.95;1598;20;18;17-29;3;121201.0873998076;121201.0874;121201.0874;397050.0037999991;1.924054231494665e-07;0.0;275848.91639999906;eev,integrated,separated,ws;lintim;Mumford0;Mumford0;True;False;1e-05;12000;1;2;20;50;200;-5;50;0.75;2;50;50;10;10;16;0.0368;1598;1598
14050789;599;g_000;1;1;30;line_consecutive;0.95;1599;20;19;8-17;10;115753.016;116090.47999999998;122632.1446;133326.05839999998;337.4639999999781;6541.664600000018;17235.5784;eev,integrated,separated,ws;lintim;Mumford0;Mumford0;True;False;1e-05;12000;1;2;20;50;200;-5;50;0.75;2;50;50;10;10;16;0.0368;1599;1599
14050789;600;g_000;1;1;30;line_consecutive;0.95;1600;20;20;12-15;5,11;129152.8382;129403.6014;138982.52240000002;220596.0686;250.76320000000123;9578.921000000017;91192.4672;eev,integrated,separated,ws;lintim;Mumford0;Mumford0;True;False;1e-05;12000;1;2;20;50;200;-5;50;0.75;2;50;50;10;10;16;0.0368;1600;1600
14050789;601;g_000;1;1;30;line_consecutive;0.95;1601;20;21;2-4;2;110282.916;110320.09433968432;111594.9952;147068.42079999985;37.17833968432387;1274.9008603156835;36748.326460315526;eev,integrated,separated,ws;lintim;Mumford0;Mumford0;True;False;1e-05;12000;1;2;20;50;200;-5;50;0.75;2;50;50;10;10;16;0.0368;1601;1601
14050789;602;g_000;1;1;30;line_consecutive;0.95;1602;20;22;15-24;5;118595.5832;118595.58319999996;118595.5832;214098.0388;-2.9103830456733704e-11;2.9103830456733704e-11;95502.45560000004;eev,integrated,separated,ws;lintim;Mumford0;Mumford0;True;False;1e-05;12000;1;2;20;50;200;-5;50;0.75;2;50;50;10;10;16;0.0368;1602;1602
14050789;603;g_000;1;1;30;line_consecutive;0.95;1603;20;23;12-26;5;128273.5486;128273.5486;128273.5486;218972.162;0.0;0.0;90698.61340000002;eev,integrated,separated,ws;lintim;Mumford0;Mumford0;True;False;1e-05;12000;1;2;20;50;200;-5;50;0.75;2;50;50;10;10;16;0.0368;1603;1603
14050789;604;g_000;1;1;30;line_consecutive;0.95;1604;20;24;5-8;6;110163.5124;110232.44119999996;110743.6888;124849.75319999998;68.92879999995057;511.2476000000461;14617.31200000002;eev,integrated,separated,ws;lintim;Mumford0;Mumford0;True;False;1e-05;12000;1;2;20;50;200;-5;50;0.75;2;50;50;10;10;16;0.0368;1604;1604
14050789;605;g_000;1;1;30;line_consecutive;0.95;1605;20;25;8-25;1;113478.6704;113478.6704;113478.6704;295481.2631999696;0.0;0.0;182002.5927999696;eev,integrated,separated,ws;lintim;Mumford0;Mumford0;True;False;1e-05;12000;1;2;20;50;200;-5;50;0.75;2;50;50;10;10;16;0.0368;1605;1605
14050789;606;g_000;1;1;30;line_consecutive;0.95;1606;20;26;9-27;9;105133.536;105133.536;105133.536;105133.536;0.0;0.0;0.0;eev,integrated,separated,ws;lintim;Mumford0;Mumford0;True;False;1e-05;12000;1;2;20;50;200;-5;50;0.75;2;50;50;10;10;16;0.0368;1606;1606
14050789;607;g_000;1;1;30;line_consecutive;0.95;1607;20;27;6-16;8;105133.536;105133.53600000012;105133.536;105133.536;1.3096723705530167e-10;-1.3096723705530167e-10;-1.3096723705530167e-10;eev,integrated,separated,ws;lintim;Mumford0;Mumford0;True;False;1e-05;12000;1;2;20;50;200;-5;50;0.75;2;50;50;10;10;16;0.0368;1607;1607
14050789;608;g_000;1;1;30;line_consecutive;0.95;1608;20;28;1-29;3;117282.5996;117282.5996;117282.5996;397398.5398;0.0;0.0;280115.9402;eev,integrated,separated,ws;lintim;Mumford0;Mumford0;True;False;1e-05;12000;1;2;20;50;200;-5;50;0.75;2;50;50;10;10;16;0.0368;1608;1608
14050789;609;g_000;1;1;30;line_consecutive;0.95;1609;20;29;17-28;3;117202.9592;117202.95919999998;117202.95919999998;394753.7474;-1.4551915228366852e-11;0.0;277550.7882;eev,integrated,separated,ws;lintim;Mumford0;Mumford0;True;False;1e-05;12000;1;2;20;50;200;-5;50;0.75;2;50;50;10;10;16;0.0368;1609;1609
14050789;610;g_000;2;1;30;line_consecutive;0.95;1610;21;0;2-25,8-25;1;178238.73020000002;178238.7302;178238.7302;356470.21439996955;-2.9103830456733704e-11;0.0;178231.48419996956;eev,integrated,separated,ws;lintim;Mumford0;Mumford0;True;False;1e-05;12000;1;2;20;50;200;-5;50;0.75;2;50;50;10;10;16;0.0368;1610;1610
14050789;611;g_000;2;1;30;line_consecutive;0.95;1611;21;1;8-11,8-25;1;124382.8084;124382.8084;124382.8084;304138.3661999696;0.0;0.0;179755.55779996965;eev,integrated,separated,ws;lintim;Mumford0;Mumford0;True;False;1e-05;12000;1;2;20;50;200;-5;50;0.75;2;50;50;10;10;16;0.0368;1611;1611
14050789;612;g_000;2;1;30;line_consecutive;0.95;1612;21;2;8-11,11-22;1;166435.2689999999;166435.2690000014;166435.26899999997;341877.0857999696;1.4842953532934187e-09;-1.4260876923799515e-09;175441.81679996822;eev,integrated,separated,ws;lintim;Mumford0;Mumford0;True;False;1e-05;12000;1;2;20;50;200;-5;50;0.75;2;50;50;10;10;16;0.0368;1612;1612
14050789;613;g_000;2;1;30;line_consecutive;0.95;1613;21;3;2-4,4-12;2;142068.7836;142237.27159999992;148543.14759999997;170922.36979999987;168.4879999999248;6305.876000000048;28685.09819999995;eev,integrated,separated,ws;lintim;Mumford0;Mumford0;True;False;1e-05;12000;1;2;20;50;200;-5;50;0.75;2;50;50;10;10;16;0.0368;1613;1613
14050789;614;g_000;2;1;30;line_consecutive;0.95;1614;21;4;4-12,12-18;2;237565.6336;238011.196;249830.26660000003;433154.0017999999;445.5623999999953;11819.070600000035;195142.80579999991;eev,integrated,separated,ws;lintim;Mumford0;Mumford0;True;False;1e-05;12000;1;2;20;50;200;-5;50;0.75;2;50;50;10;10;16;0.0368;1614;1614
14050789;615;g_000;2;1;30;line_consecutive;0.95;1615;21;5;12-18,18-23;2,11;209633.65;210079.2124000006;219940.922;407794.5003999999;445.5624000006064;9861.70959999939;197715.2879999993;eev,integrated,separated,ws;lintim;Mumford0;Mumford0;True;False;1e-05;12000;1;2;20;50;200;-5;50;0.75;2;50;50;10;10;16;0.0368;1615;1615
14050789;616;g_000;2;1;30;line_consecutive;0.95;1616;21;6;1-23,18-23;2;126070.7912;126351.194;132831.42440000002;329052.75859998685;280.4027999999962;6480.230400000015;202701.56459998683;eev,integrated,separated,ws;lintim;Mumford0;Mumford0;True;False;1e-05;12000;1;2;20;50;200;-5;50;0.75;2;50;50;10;10;16;0.0368;1616;1616
14050789;617;g_000;2;1;30;line_consecutive;0.95;1617;21;7;1-14,1-23;2;118241.807;118410.29499678238;124379.3352;153709.57439999987;168.48799678237992;5969.040203217621;35299.279403217486;eev,integrated,separated,ws;lintim;Mumford0;Mumford0;True;False;1e-05;12000;1;2;20;50;200;-5;50;0.75;2;50;50;10;10;16;0.0368;1617;1617
14050789;618;g_000;2;1;30;line_consecutive;0.95;1618;21;8;1-13,9-13;3;210074.9706;210074.9706;210074.9706;483043.3768;2.9103830456733704e-11;0.0;272968.4062;eev,integrated,separated,ws;lintim;Mumford0;Mumford0;True;False;1e-05;12000;1;2;20;50;200;-5;50;0.75;2;50;50;10;10;16;0.0368;1618;1618
14050789;619;g_000;2;1;30;line_consecutive;0.95;1619;21;9;1-13,1-29;3;124667.2536;124667.2536;124667.25359999998;404837.017;0.0;-1.4551915228366852e-11;280169.7634;eev,integrated,separated,ws;lintim;Mumford0;Mumford0;True;False;1e-05;12000;1;2;20;50;200;-5;50;0.75;2;50;50;10;10;16;0.0368;1619;1619
14050789;620;g_000;2;1;30;line_consecutive;0.95;1620;21;10;1-29,17-29;3;130356.074;130356.07399999672;130356.074;405108.4814;-3.2741809263825412e-09;3.2741809263825412e-09;274752.4074000033;eev,integrated,separated,ws;lintim;Mumford0;Mumford0;True;False;1e-05;12000;1;2;20;50;200;-5;50;0.75;2;50;50;10;10;16;0.0368;1620;1620
14050789;621;g_000;2;1;30;line_consecutive;0.95;1621;21;11;17-28,17-29;3;122775.2298;122775.2298;122775.2298;398125.0922;0.0;0.0;275349.8624;eev,integrated,separated,ws;lintim;Mumford0;Mumford0;True;False;1e-05;12000;1;2;20;50;200;-5;50;0.75;2;50;50;10;10;16;0.0368;1621;1621
14050789;622;g_000;2;1;30;line_consecutive;0.95;1622;21;12;17-28,28-30;3;154220.62120000002;154220.6211967811;154220.6212;429809.2642;-3.2189127523452044e-06;3.218883648514748e-06;275588.64300321887;eev,integrated,separated,ws;lintim;Mumford0;Mumford0;True;False;1e-05;12000;1;2;20;50;200;-5;50;0.75;2;50;50;10;10;16;0.0368;1622;1622
14050789;623;g_000;2;1;30;line_consecutive;0.95;1623;21;13;6-7,7-14;4;132518.39939999997;132673.3353999999;134892.9092;334357.9705999996;154.93599999992875;2219.5738000001;201684.6351999997;eev,integrated,separated,ws;lintim;Mumford0;Mumford0;True;False;1e-05;12000;1;2;20;50;200;-5;50;0.75;2;50;50;10;10;16;0.0368;1623;1623
14050789;624;g_000;2;1;30;line_consecutive;0.95;1624;21;14;7-14,14-19;4;119973.83179999994;119973.8318;119973.8317999999;161020.08419999998;5.820766091346741e-11;-1.0186340659856795e-10;41046.25239999998;eev,integrated,separated,ws;lintim;Mumford0;Mumford0;True;False;1e-05;12000;1;2;20;50;200;-5;50;0.75;2;50;50;10;10;16;0.0368;1624;1624
14050789;625;g_000;2;1;30;line_consecutive;0.95;1625;21;15;14-19,19-20;4;116772.44579999994;116772.44580005066;116772.4458;157721.44099999996;5.0713424570858485e-08;-5.065521690994501e-08;40948.995199949306;eev,integrated,separated,ws;lintim;Mumford0;Mumford0;True;False;1e-05;12000;1;2;20;50;200;-5;50;0.75;2;50;50;10;10;16;0.0368;1625;1625
14050789;626;g_000;2;1;30;line_consecutive;0.95;1626;21;16;12-15,15-24;5;129152.8382;129403.6014;138982.52240000002;220596.06860000003;250.76320000000123;9578.921000000017;91192.46720000004;eev,integrated,separated,ws;lintim;Mumford0;Mumford0;True;False;1e-05;12000;1;2;20;50;200;-5;50;0.75;2;50;50;10;10;16;0.0368;1626;1626
14050789;627;g_000;2;1;30;line_consecutive;0.95;1627;21;17;12-15,12-26;5;128713.8736;128835.5592;136107.86039999995;220861.7988;121.68559999999708;7272.301199999943;92026.2396;eev,integrated,separated,ws;lintim;Mumford0;Mumford0;True;False;1e-05;12000;1;2;20;50;200;-5;50;0.75;2;50;50;10;10;16;0.0368;1627;1627
14050789;628;g_000;2;1;30;line_consecutive;0.95;1628;21;18;3-8,5-8;6;116100.3664;116169.29519999996;116680.5428;130786.60719999998;68.92879999996512;511.2476000000315;14617.31200000002;eev,integrated,separated,ws;lintim;Mumford0;Mumford0;True;False;1e-05;12000;1;2;20;50;200;-5;50;0.75;2;50;50;10;10;16;0.0368;1628;1628
14050789;629;g_000;2;1;30;line_consecutive;0.95;1629;21;19;10-15,15-21;7;125795.2684;125795.26840000194;125795.2684;291326.9115999949;1.9354047253727913e-09;-1.9354047253727913e-09;165531.643199993;eev,integrated,separated,ws;lintim;Mumford0;Mumford0;True;False;1e-05;12000;1;2;20;50;200;-5;50;0.75;2;50;50;10;10;16;0.0368;1629;1629
14050789;630;g_000;2;1;30;line_consecutive;0.95;1630;21;20;2-15,8-15;10;119332.24739999998;119669.71093578576;126774.3916;136769.68679999985;337.4635357857769;7104.680664214247;17099.975864214095;eev,integrated,separated,ws;lintim;Mumford0;Mumford0;True;False;1e-05;12000;1;2;20;50;200;-5;50;0.75;2;50;50;10;10;16;0.0368;1630;1630
14050789;631;g_000;2;1;30;line_consecutive;0.95;1631;21;21;8-15,8-17;10;120037.2538;120374.71779999998;127305.244;137615.30839999998;337.4639999999781;6930.526200000022;17240.590599999996;eev,integrated,separated,ws;lintim;Mumford0;Mumford0;True;False;1e-05;12000;1;2;20;50;200;-5;50;0.75;2;50;50;10;10;16;0.0368;1631;1631
14050789;632;g_000;2;1;30;line_consecutive;0.95;1632;21;22;7-17,8-17;10;117307.61120000902;117645.0752;121958.4312;135129.56879999998;337.46399999098503;4313.356;17484.493599999973;eev,integrated,separated,ws;lintim;Mumford0;Mumford0;True;False;1e-05;12000;1;2;20;50;200;-5;50;0.75;2;50;50;10;10;16;0.0368;1632;1632
14050789;633;g_000;2;1;30;line_consecutive;0.95;1633;21;23;6-7,7-17;10;123414.50759999992;123851.33;130060.2972;323182.3035999997;436.8224000000773;6208.967199999999;199330.97359999968;eev,integrated,separated,ws;lintim;Mumford0;Mumford0;True;False;1e-05;12000;1;2;20;50;200;-5;50;0.75;2;50;50;10;10;16;0.0368;1633;1633
14050789;634;g_000;2;1;30;line_consecutive;0.95;1634;21;24;12-15,12-18;11;146379.7012;146788.10399999868;156020.8104000002;441844.1847697085;408.402799998672;9232.706400001509;295056.0807697098;eev,integrated,separated,ws;lintim;Mumford0;Mumford0;True;False;1e-05;12000;1;2;20;50;200;-5;50;0.75;2;50;50;10;10;16;0.0368;1634;1634
14050789;635;g_000;2;1;30;line_consecutive;0.95;1635;21;25;18-23,19-23;11;152380.64979999998;152510.397;155644.33299999998;353508.38060000044;129.74720000001253;3133.935999999987;200997.98360000044;eev,integrated,separated,ws;lintim;Mumford0;Mumford0;True;False;1e-05;12000;1;2;20;50;200;-5;50;0.75;2;50;50;10;10;16;0.0368;1635;1635
14050789;636;g_000;2;1;30;line_consecutive;0.95;1636;21;26;3-8,8-21;12;112413.462;112482.39077961346;112993.6384;127099.70279999996;68.92877961345948;511.2476203865372;14617.312020386496;eev,integrated,separated,ws;lintim;Mumford0;Mumford0;True;False;1e-05;12000;1;2;20;50;200;-5;50;0.75;2;50;50;10;10;16;0.0368;1636;1636
14050789;637;g_000;2;1;30;line_consecutive;0.95;1637;21;27;8-21,21-24;12;105133.53600000002;105133.536;105133.536;105133.536;-2.9103830456733704e-11;0.0;0.0;eev,integrated,separated,ws;lintim;Mumford0;Mumford0;True;False;1e-05;12000;1;2;20;50;200;-5;50;0.75;2;50;50;10;10;16;0.0368;1637;1637
