array_job_id;task_id;run_group_id;case_k;case_per_run;case_variants;case_selection;case_p_fail;case_id;case_sweep_row;case_variant_idx;case_edges;case_lines;WS;RP;EEV_nom;EEV_mean;EVPI;VSS_nom;VSS_mean;procedures_present;source;network;scenario_line_data;routing_agg;waiting_time_frequency;gap;time_limit;travel_time_cost_mult;waiting_time_cost_mult;line_operation_cost_mult;cost_repl_freq;cost_repl_line;repl_budget;bypass_multiplier;overdemand_threshold;overdemand_multiplier;num_od;train_capacity;infrastructure_capacity;max_frequency;threads;scenario_infra_id;scenario_prob_id
12306544;0;g_000;1;1;38;line_consecutive;0.05;1000;0;0;11-12;1,7,8;55805.34999999551;56860.90999999957;57296.33499999839;57296.3349999984;1055.5600000040577;435.4249999988242;435.4249999988315;eev,integrated,separated,ws;lintim;SiouxFalls;SiouxFalls;True;False;1e-05;6000;1;2;20;50;200;-5;50;0.75;2;55;50;10;10;16;1000;1000
12306544;1;g_000;1;1;38;line_consecutive;0.05;1001;0;1;10-11;1,7,10;55473.42;56713.88000000002;58023.90499999839;58023.90499703081;1240.460000000021;1310.0249999983716;1310.0249970307923;eev,integrated,separated,ws;lintim;SiouxFalls;SiouxFalls;True;False;1e-05;6000;1;2;20;50;200;-5;50;0.75;2;55;50;10;10;16;1001;1001
12306544;2;g_000;1;1;38;line_consecutive;0.05;1002;0;2;10-16;1,10;53377.605;54149.60500000002;55900.32999999838;55900.32999999839;772.0000000000146;1750.7249999983617;1750.7249999983687;eev,integrated,separated,ws;lintim;SiouxFalls;SiouxFalls;True;False;1e-05;6000;1;2;20;50;200;-5;50;0.75;2;55;50;10;10;16;1002;1002
12306544;3;g_000;1;1;38;line_consecutive;0.05;1003;0;3;16-18;1;52659.84999999999;53324.045000000006;55021.82999999839;55021.82999999839;664.1950000000143;1697.784999998381;1697.784999998381;eev,integrated,separated,ws;lintim;SiouxFalls;SiouxFalls;True;False;1e-05;6000;1;2;20;50;200;-5;50;0.75;2;55;50;10;10;16;1003;1003
12306544;4;g_000;1;1;38;line_consecutive;0.05;1004;0;4;2-6;2;58649.22000000003;60364.61000000001;61235.3099999984;61235.3099999984;1715.3899999999776;870.6999999983891;870.6999999983891;eev,integrated,separated,ws;lintim;SiouxFalls;SiouxFalls;True;False;1e-05;6000;1;2;20;50;200;-5;50;0.75;2;55;50;10;10;16;1004;1004
12306544;5;g_000;1;1;38;line_consecutive;0.05;1005;0;5;6-8;2;57174.70999999999;58215.33000000001;58779.639999998384;58779.63999999839;1040.6200000000172;564.3099999983751;564.3099999983824;eev,integrated,separated,ws;lintim;SiouxFalls;SiouxFalls;True;False;1e-05;6000;1;2;20;50;200;-5;50;0.75;2;55;50;10;10;16;1005;1005
12306544;6;g_000;1;1;38;line_consecutive;0.05;1006;0;6;8-16;2,10,13;57078.69;58362.380000000034;59573.35499999838;58810.01999999999;1283.6900000000314;1210.974999998347;447.63999999995576;eev,integrated,separated,ws;lintim;SiouxFalls;SiouxFalls;True;False;1e-05;6000;1;2;20;50;200;-5;50;0.75;2;55;50;10;10;16;1006;1006
12306544;7;g_000;1;1;38;line_consecutive;0.05;1007;0;7;16-17;2,13;56436.240000000005;57344.130000000005;57945.2149999984;57889.19;907.8899999999994;601.0849999983984;545.0599999999977;eev,integrated,separated,ws;lintim;SiouxFalls;SiouxFalls;True;False;1e-05;6000;1;2;20;50;200;-5;50;0.75;2;55;50;10;10;16;1007;1007
12306544;8;g_000;1;1;38;line_consecutive;0.05;1008;0;8;17-19;2,13,14;60308.675;60993.63499999944;61877.76999999839;61414.10544037583;684.9599999994389;884.134999998947;420.4704403763899;eev,integrated,separated,ws;lintim;SiouxFalls;SiouxFalls;True;False;1e-05;6000;1;2;20;50;200;-5;50;0.75;2;55;50;10;10;16;1008;1008
12306544;9;g_000;1;1;38;line_consecutive;0.05;1009;0;9;19-20;2;57520.875;58598.405000000006;59162.71499999838;59162.71499999839;1077.530000000006;564.3099999983751;564.3099999983824;eev,integrated,separated,ws;lintim;SiouxFalls;SiouxFalls;True;False;1e-05;6000;1;2;20;50;200;-5;50;0.75;2;55;50;10;10;16;1009;1009
12306544;10;g_000;1;1;38;line_consecutive;0.05;1010;0;10;3-4;3,4;55065.46000000001;55980.80500000001;57075.83499999839;57075.83499999839;915.3450000000012;1095.0299999983836;1095.0299999983836;eev,integrated,separated,ws;lintim;SiouxFalls;SiouxFalls;True;False;1e-05;6000;1;2;20;50;200;-5;50;0.75;2;55;50;10;10;16;1010;1010
12306544;11;g_000;1;1;38;line_consecutive;0.05;1011;0;11;4-5;3;51140.23999999999;51140.24000002087;51140.23999999839;51140.2399999984;2.0881998352706432e-08;-2.2482709027826783e-08;-2.2475433070212606e-08;eev,integrated,separated,ws;lintim;SiouxFalls;SiouxFalls;True;False;1e-05;6000;1;2;20;50;200;-5;50;0.75;2;55;50;10;10;16;1011;1011
12306544;12;g_000;1;1;38;line_consecutive;0.05;1012;0;12;5-9;3,9;51271.23999999945;51402.240000000005;52420.23999999839;52420.239999998405;131.00000000055297;1017.9999999983849;1017.9999999983992;eev,integrated,separated,ws;lintim;SiouxFalls;SiouxFalls;True;False;1e-05;6000;1;2;20;50;200;-5;50;0.75;2;55;50;10;10;16;1012;1012
12306544;13;g_000;1;1;38;line_consecutive;0.05;1013;0;13;8-9;3,7;51140.23999999999;51140.23999999955;51140.23999999839;51140.23999999839;-4.4383341446518903e-10;-1.1568772606551647e-09;-1.1568772606551647e-09;eev,integrated,separated,ws;lintim;SiouxFalls;SiouxFalls;True;False;1e-05;6000;1;2;20;50;200;-5;50;0.75;2;55;50;10;10;16;1013;1013
12306544;14;g_000;1;1;38;line_consecutive;0.05;1014;0;14;7-8;3,7,11;51140.23999999874;51140.240000000005;51140.23999999839;51140.2399999984;1.266016624867916e-09;-1.6152625903487206e-09;-1.6079866327345371e-09;eev,integrated,separated,ws;lintim;SiouxFalls;SiouxFalls;True;False;1e-05;6000;1;2;20;50;200;-5;50;0.75;2;55;50;10;10;16;1014;1014
12306544;15;g_000;1;1;38;line_consecutive;0.05;1015;0;15;7-18;3,11;51140.23999999999;51140.24000000001;51140.23999999839;51140.23999999839;2.182787284255028e-11;-1.622538547962904e-09;-1.622538547962904e-09;eev,integrated,separated,ws;lintim;SiouxFalls;SiouxFalls;True;False;1e-05;6000;1;2;20;50;200;-5;50;0.75;2;55;50;10;10;16;1015;1015
12306544;16;g_000;1;1;38;line_consecutive;0.05;1016;0;16;1-3;4,8,12;58391.90999999965;58918.000000000015;59192.72499999839;59192.7249999984;526.0900000003676;274.724999998376;274.7249999983833;eev,integrated,separated,ws;lintim;SiouxFalls;SiouxFalls;True;False;1e-05;6000;1;2;20;50;200;-5;50;0.75;2;55;50;10;10;16;1016;1016
12306544;17;g_000;1;1;38;line_consecutive;0.05;1017;0;17;4-11;4;54346.69;55250.21499999997;55779.53499999839;55779.5349999984;903.5249999999652;529.3199999984208;529.3199999984354;eev,integrated,separated,ws;lintim;SiouxFalls;SiouxFalls;True;False;1e-05;6000;1;2;20;50;200;-5;50;0.75;2;55;50;10;10;16;1017;1017
12306544;18;g_000;1;1;38;line_consecutive;0.05;1018;0;18;11-14;4,8,10;55715.63;56294.27999999999;57293.02999999839;57293.0299999984;578.6499999999942;998.7499999983992;998.7499999984066;eev,integrated,separated,ws;lintim;SiouxFalls;SiouxFalls;True;False;1e-05;6000;1;2;20;50;200;-5;50;0.75;2;55;50;10;10;16;1018;1018
12306544;19;g_000;1;1;38;line_consecutive;0.05;1019;0;19;14-23;4,10;54841.905;55396.175;56078.2449999984;56078.2449999984;554.2700000000041;682.069999998399;682.069999998399;eev,integrated,separated,ws;lintim;SiouxFalls;SiouxFalls;True;False;1e-05;6000;1;2;20;50;200;-5;50;0.75;2;55;50;10;10;16;1019;1019
12306544;20;g_000;1;1;38;line_consecutive;0.05;1020;0;20;23-24;4;54286.7;55198.02999992916;55588.29499999839;55588.2949999984;911.329999929163;390.26500006923015;390.26500006923743;eev,integrated,separated,ws;lintim;SiouxFalls;SiouxFalls;True;False;1e-05;6000;1;2;20;50;200;-5;50;0.75;2;55;50;10;10;16;1020;1020
12306544;21;g_000;1;1;38;line_consecutive;0.05;1021;0;21;10-15;5,9;52049.83500000001;52180.835000000014;53427.95499999839;53427.9549999984;131.00000000000728;1247.1199999983728;1247.1199999983874;eev,integrated,separated,ws;lintim;SiouxFalls;SiouxFalls;True;False;1e-05;6000;1;2;20;50;200;-5;50;0.75;2;55;50;10;10;16;1021;1021
12306544;22;g_000;1;1;38;line_consecutive;0.05;1022;0;22;15-22;5,13;53051.31;53051.31000000001;53051.30999999839;53051.3099999984;1.4551915228366852e-11;-1.622538547962904e-09;-1.6152625903487206e-09;eev,integrated,separated,ws;lintim;SiouxFalls;SiouxFalls;True;False;1e-05;6000;1;2;20;50;200;-5;50;0.75;2;55;50;10;10;16;1022;1022
12306544;23;g_000;1;1;38;line_consecutive;0.05;1023;0;23;22-23;5;51792.595;51792.595000000016;51792.59499999839;51792.59499999839;1.4551915228366852e-11;-1.622538547962904e-09;-1.622538547962904e-09;eev,integrated,separated,ws;lintim;SiouxFalls;SiouxFalls;True;False;1e-05;6000;1;2;20;50;200;-5;50;0.75;2;55;50;10;10;16;1023;1023
12306544;24;g_000;1;1;38;line_consecutive;0.05;1024;0;24;13-24;6;53437.67;53966.72;54488.29499999839;54488.2949999984;529.0500000000029;521.5749999983891;521.5749999983964;eev,integrated,separated,ws;lintim;SiouxFalls;SiouxFalls;True;False;1e-05;6000;1;2;20;50;200;-5;50;0.75;2;55;50;10;10;16;1024;1024
12306544;25;g_000;1;1;38;line_consecutive;0.05;1025;0;25;21-24;6;52808.19;53127.14000000001;53497.5899999984;53497.5899999984;318.9500000000044;370.4499999983964;370.4499999983964;eev,integrated,separated,ws;lintim;SiouxFalls;SiouxFalls;True;False;1e-05;6000;1;2;20;50;200;-5;50;0.75;2;55;50;10;10;16;1025;1025
12306544;26;g_000;1;1;38;line_consecutive;0.05;1026;0;26;20-21;6;52734.39;53053.34;53432.83499999839;53432.83499999839;318.9499999999971;379.4949999983946;379.4949999983946;eev,integrated,separated,ws;lintim;SiouxFalls;SiouxFalls;True;False;1e-05;6000;1;2;20;50;200;-5;50;0.75;2;55;50;10;10;16;1026;1026
12306544;27;g_000;1;1;38;line_consecutive;0.05;1027;0;27;9-10;7,9;51773.55;52406.859999992805;52726.58999999839;52726.5899999984;633.3099999928017;319.73000000558386;319.7300000055984;eev,integrated,separated,ws;lintim;SiouxFalls;SiouxFalls;True;False;1e-05;6000;1;2;20;50;200;-5;50;0.75;2;55;50;10;10;16;1027;1027
12306544;28;g_000;1;1;38;line_consecutive;0.05;1028;0;28;3-12;8,12;51140.24;51140.24000000001;51140.23999999839;51140.23999999839;1.4551915228366852e-11;-1.622538547962904e-09;-1.622538547962904e-09;eev,integrated,separated,ws;lintim;SiouxFalls;SiouxFalls;True;False;1e-05;6000;1;2;20;50;200;-5;50;0.75;2;55;50;10;10;16;1028;1028
12306544;29;g_000;1;1;38;line_consecutive;0.05;1029;0;29;5-6;9;51271.23999999541;51402.240000000005;52420.23999999839;52420.23999999839;131.0000000045984;1017.9999999983849;1017.9999999983849;eev,integrated,separated,ws;lintim;SiouxFalls;SiouxFalls;True;False;1e-05;6000;1;2;20;50;200;-5;50;0.75;2;55;50;10;10;16;1029;1029
12306544;30;g_000;1;1;38;line_consecutive;0.05;1030;0;30;15-19;9,13,14;51730.34999999999;52320.46000000001;53741.714999998265;53741.714999998265;590.1100000000151;1421.2549999982584;1421.2549999982584;eev,integrated,separated,ws;lintim;SiouxFalls;SiouxFalls;True;False;1e-05;6000;1;2;20;50;200;-5;50;0.75;2;55;50;10;10;16;1030;1030
12306544;31;g_000;1;1;38;line_consecutive;0.05;1031;0;31;20-22;11;51140.24000000012;51140.24000000001;51140.23999998155;51140.23999998155;-1.0913936421275139e-10;-1.845910446718335e-08;-1.845910446718335e-08;eev,integrated,separated,ws;lintim;SiouxFalls;SiouxFalls;True;False;1e-05;6000;1;2;20;50;200;-5;50;0.75;2;55;50;10;10;16;1031;1031
12306544;32;g_000;1;1;38;line_consecutive;0.05;1032;0;32;18-20;11;51140.24;51140.24000000485;51140.23999998507;51140.23999998508;4.853063728660345e-09;-1.9783328752964732e-08;-1.9768776837736368e-08;eev,integrated,separated,ws;lintim;SiouxFalls;SiouxFalls;True;False;1e-05;6000;1;2;20;50;200;-5;50;0.75;2;55;50;10;10;16;1032;1032
12306544;33;g_000;1;1;38;line_consecutive;0.05;1033;0;33;12-13;12;51140.23999995939;51140.24000000001;51140.23999999839;51140.23999999839;4.0621671359986073e-08;-1.622538547962904e-09;-1.622538547962904e-09;eev,integrated,separated,ws;lintim;SiouxFalls;SiouxFalls;True;False;1e-05;6000;1;2;20;50;200;-5;50;0.75;2;55;50;10;10;16;1033;1033
12306544;34;g_000;1;1;38;line_consecutive;0.05;1034;0;34;1-2;12;51140.240000000005;51140.24000000041;51140.23999999839;51140.23999999839;4.074536263942719e-10;-2.0227162167429924e-09;-2.0227162167429924e-09;eev,integrated,separated,ws;lintim;SiouxFalls;SiouxFalls;True;False;1e-05;6000;1;2;20;50;200;-5;50;0.75;2;55;50;10;10;16;1034;1034
12306544;35;g_000;1;1;38;line_consecutive;0.05;1035;0;35;21-22;13;51402.16;51664.08000000001;51710.22499999839;51710.22499999838;261.9200000000056;46.144999998381536;46.14499999837426;eev,integrated,separated,ws;lintim;SiouxFalls;SiouxFalls;True;False;1e-05;6000;1;2;20;50;200;-5;50;0.75;2;55;50;10;10;16;1035;1035
12306544;36;g_000;1;1;38;line_consecutive;0.05;1036;0;36;14-15;14;51307.5;51474.76;51600.3699999984;51600.3699999984;167.26000000000204;125.60999999839989;125.60999999839989;eev,integrated,separated,ws;lintim;SiouxFalls;SiouxFalls;True;False;1e-05;6000;1;2;20;50;200;-5;50;0.75;2;55;50;10;10;16;1036;1036
12306544;37;g_000;1;1;38;line_consecutive;0.05;1037;0;37;10-17;14;51307.5;51474.76;51600.3699999984;51600.3699999984;167.26000000000204;125.60999999839989;125.60999999839989;eev,integrated,separated,ws;lintim;SiouxFalls;SiouxFalls;True;False;1e-05;6000;1;2;20;50;200;-5;50;0.75;2;55;50;10;10;16;1037;1037
12306544;38;g_000;1;1;38;line_consecutive;0.1;1038;1;0;11-12;1,7,8;55805.34999999551;56860.90999999957;57296.33499999839;57296.3349999984;1055.5600000040577;435.4249999988242;435.4249999988315;eev,integrated,separated,ws;lintim;SiouxFalls;SiouxFalls;True;False;1e-05;6000;1;2;20;50;200;-5;50;0.75;2;55;50;10;10;16;1038;1038
12306544;39;g_000;1;1;38;line_consecutive;0.1;1039;1;1;10-11;1,7,10;55473.42;56713.88000000002;58023.90499999839;58023.90499703081;1240.460000000021;1310.0249999983716;1310.0249970307923;eev,integrated,separated,ws;lintim;SiouxFalls;SiouxFalls;True;False;1e-05;6000;1;2;20;50;200;-5;50;0.75;2;55;50;10;10;16;1039;1039
12306544;40;g_000;1;1;38;line_consecutive;0.1;1040;1;2;10-16;1,10;53377.605;54149.60500000002;55900.32999999838;55900.32999999839;772.0000000000146;1750.7249999983617;1750.7249999983687;eev,integrated,separated,ws;lintim;SiouxFalls;SiouxFalls;True;False;1e-05;6000;1;2;20;50;200;-5;50;0.75;2;55;50;10;10;16;1040;1040
12306544;41;g_000;1;1;38;line_consecutive;0.1;1041;1;3;16-18;1;52659.84999999999;53324.045000000006;55021.82999999839;55021.82999999839;664.1950000000143;1697.784999998381;1697.784999998381;eev,integrated,separated,ws;lintim;SiouxFalls;SiouxFalls;True;False;1e-05;6000;1;2;20;50;200;-5;50;0.75;2;55;50;10;10;16;1041;1041
12306544;42;g_000;1;1;38;line_consecutive;0.1;1042;1;4;2-6;2;58649.22000000003;60364.61000000001;61235.3099999984;61235.3099999984;1715.3899999999776;870.6999999983891;870.6999999983891;eev,integrated,separated,ws;lintim;SiouxFalls;SiouxFalls;True;False;1e-05;6000;1;2;20;50;200;-5;50;0.75;2;55;50;10;10;16;1042;1042
12306544;43;g_000;1;1;38;line_consecutive;0.1;1043;1;5;6-8;2;57174.70999999999;58215.33000000001;58779.639999998384;58779.63999999839;1040.6200000000172;564.3099999983751;564.3099999983824;eev,integrated,separated,ws;lintim;SiouxFalls;SiouxFalls;True;False;1e-05;6000;1;2;20;50;200;-5;50;0.75;2;55;50;10;10;16;1043;1043
12306544;44;g_000;1;1;38;line_consecutive;0.1;1044;1;6;8-16;2,10,13;57078.69;58362.380000000034;59573.35499999838;58810.01999999999;1283.6900000000314;1210.974999998347;447.63999999995576;eev,integrated,separated,ws;lintim;SiouxFalls;SiouxFalls;True;False;1e-05;6000;1;2;20;50;200;-5;50;0.75;2;55;50;10;10;16;1044;1044
12306544;45;g_000;1;1;38;line_consecutive;0.1;1045;1;7;16-17;2,13;56436.240000000005;57344.130000000005;57945.2149999984;57889.19;907.8899999999994;601.0849999983984;545.0599999999977;eev,integrated,separated,ws;lintim;SiouxFalls;SiouxFalls;True;False;1e-05;6000;1;2;20;50;200;-5;50;0.75;2;55;50;10;10;16;1045;1045
12306544;46;g_000;1;1;38;line_consecutive;0.1;1046;1;8;17-19;2,13,14;60308.675;60993.63499999944;61877.76999999839;61414.10544037583;684.9599999994389;884.134999998947;420.4704403763899;eev,integrated,separated,ws;lintim;SiouxFalls;SiouxFalls;True;False;1e-05;6000;1;2;20;50;200;-5;50;0.75;2;55;50;10;10;16;1046;1046
12306544;47;g_000;1;1;38;line_consecutive;0.1;1047;1;9;19-20;2;57520.875;58598.405000000006;59162.71499999838;59162.71499999839;1077.530000000006;564.3099999983751;564.3099999983824;eev,integrated,separated,ws;lintim;SiouxFalls;SiouxFalls;True;False;1e-05;6000;1;2;20;50;200;-5;50;0.75;2;55;50;10;10;16;1047;1047
12306544;48;g_000;1;1;38;line_consecutive;0.1;1048;1;10;3-4;3,4;55065.46000000001;55980.80500000001;57075.83499999839;57075.83499999839;915.3450000000012;1095.0299999983836;1095.0299999983836;eev,integrated,separated,ws;lintim;SiouxFalls;SiouxFalls;True;False;1e-05;6000;1;2;20;50;200;-5;50;0.75;2;55;50;10;10;16;1048;1048
12306544;49;g_000;1;1;38;line_consecutive;0.1;1049;1;11;4-5;3;51140.23999999999;51140.24000002087;51140.23999999839;51140.2399999984;2.0881998352706432e-08;-2.2482709027826783e-08;-2.2475433070212606e-08;eev,integrated,separated,ws;lintim;SiouxFalls;SiouxFalls;True;False;1e-05;6000;1;2;20;50;200;-5;50;0.75;2;55;50;10;10;16;1049;1049
12306544;50;g_000;1;1;38;line_consecutive;0.1;1050;1;12;5-9;3,9;51271.23999999945;51402.240000000005;52420.23999999839;52420.239999998405;131.00000000055297;1017.9999999983849;1017.9999999983992;eev,integrated,separated,ws;lintim;SiouxFalls;SiouxFalls;True;False;1e-05;6000;1;2;20;50;200;-5;50;0.75;2;55;50;10;10;16;1050;1050
12306544;51;g_000;1;1;38;line_consecutive;0.1;1051;1;13;8-9;3,7;51140.23999999999;51140.23999999955;51140.23999999839;51140.23999999839;-4.4383341446518903e-10;-1.1568772606551647e-09;-1.1568772606551647e-09;eev,integrated,separated,ws;lintim;SiouxFalls;SiouxFalls;True;False;1e-05;6000;1;2;20;50;200;-5;50;0.75;2;55;50;10;10;16;1051;1051
12306544;52;g_000;1;1;38;line_consecutive;0.1;1052;1;14;7-8;3,7,11;51140.23999999874;51140.240000000005;51140.23999999839;51140.2399999984;1.266016624867916e-09;-1.6152625903487206e-09;-1.6079866327345371e-09;eev,integrated,separated,ws;lintim;SiouxFalls;SiouxFalls;True;False;1e-05;6000;1;2;20;50;200;-5;50;0.75;2;55;50;10;10;16;1052;1052
12306544;53;g_000;1;1;38;line_consecutive;0.1;1053;1;15;7-18;3,11;51140.23999999999;51140.24000000001;51140.23999999839;51140.23999999839;2.182787284255028e-11;-1.622538547962904e-09;-1.622538547962904e-09;eev,integrated,separated,ws;lintim;SiouxFalls;SiouxFalls;True;False;1e-05;6000;1;2;20;50;200;-5;50;0.75;2;55;50;10;10;16;1053;1053
12306544;54;g_000;1;1;38;line_consecutive;0.1;1054;1;16;1-3;4,8,12;58391.90999999965;58918.000000000015;59192.72499999839;59192.7249999984;526.0900000003676;274.724999998376;274.7249999983833;eev,integrated,separated,ws;lintim;SiouxFalls;SiouxFalls;True;False;1e-05;6000;1;2;20;50;200;-5;50;0.75;2;55;50;10;10;16;1054;1054
12306544;55;g_000;1;1;38;line_consecutive;0.1;1055;1;17;4-11;4;54346.69;55250.21499999997;55779.53499999839;55779.5349999984;903.5249999999652;529.3199999984208;529.3199999984354;eev,integrated,separated,ws;lintim;SiouxFalls;SiouxFalls;True;False;1e-05;6000;1;2;20;50;200;-5;50;0.75;2;55;50;10;10;16;1055;1055
12306544;56;g_000;1;1;38;line_consecutive;0.1;1056;1;18;11-14;4,8,10;55715.63;56294.27999999999;57293.02999999839;57293.0299999984;578.6499999999942;998.7499999983992;998.7499999984066;eev,integrated,separated,ws;lintim;SiouxFalls;SiouxFalls;True;False;1e-05;6000;1;2;20;50;200;-5;50;0.75;2;55;50;10;10;16;1056;1056
12306544;57;g_000;1;1;38;line_consecutive;0.1;1057;1;19;14-23;4,10;54841.905;55396.175;56078.2449999984;56078.2449999984;554.2700000000041;682.069999998399;682.069999998399;eev,integrated,separated,ws;lintim;SiouxFalls;SiouxFalls;True;False;1e-05;6000;1;2;20;50;200;-5;50;0.75;2;55;50;10;10;16;1057;1057
12306544;58;g_000;1;1;38;line_consecutive;0.1;1058;1;20;23-24;4;54286.7;55198.02999992916;55588.29499999839;55588.2949999984;911.329999929163;390.26500006923015;390.26500006923743;eev,integrated,separated,ws;lintim;SiouxFalls;SiouxFalls;True;False;1e-05;6000;1;2;20;50;200;-5;50;0.75;2;55;50;10;10;16;1058;1058
12306544;59;g_000;1;1;38;line_consecutive;0.1;1059;1;21;10-15;5,9;52049.83500000001;52180.835000000014;53427.95499999839;53427.9549999984;131.00000000000728;1247.1199999983728;1247.1199999983874;eev,integrated,separated,ws;lintim;SiouxFalls;SiouxFalls;True;False;1e-05;6000;1;2;20;50;200;-5;50;0.75;2;55;50;10;10;16;1059;1059
12306544;60;g_000;1;1;38;line_consecutive;0.1;1060;1;22;15-22;5,13;53051.31;53051.31000000001;53051.30999999839;53051.3099999984;1.4551915228366852e-11;-1.622538547962904e-09;-1.6152625903487206e-09;eev,integrated,separated,ws;lintim;SiouxFalls;SiouxFalls;True;False;1e-05;6000;1;2;20;50;200;-5;50;0.75;2;55;50;10;10;16;1060;1060
12306544;61;g_000;1;1;38;line_consecutive;0.1;1061;1;23;22-23;5;51792.595;51792.595000000016;51792.59499999839;51792.59499999839;1.4551915228366852e-11;-1.622538547962904e-09;-1.622538547962904e-09;eev,integrated,separated,ws;lintim;SiouxFalls;SiouxFalls;True;False;1e-05;6000;1;2;20;50;200;-5;50;0.75;2;55;50;10;10;16;1061;1061
12306544;62;g_000;1;1;38;line_consecutive;0.1;1062;1;24;13-24;6;53437.67;53966.72;54488.29499999839;54488.2949999984;529.0500000000029;521.5749999983891;521.5749999983964;eev,integrated,separated,ws;lintim;SiouxFalls;SiouxFalls;True;False;1e-05;6000;1;2;20;50;200;-5;50;0.75;2;55;50;10;10;16;1062;1062
12306544;63;g_000;1;1;38;line_consecutive;0.1;1063;1;25;21-24;6;52808.19;53127.14000000001;53497.5899999984;53497.5899999984;318.9500000000044;370.4499999983964;370.4499999983964;eev,integrated,separated,ws;lintim;SiouxFalls;SiouxFalls;True;False;1e-05;6000;1;2;20;50;200;-5;50;0.75;2;55;50;10;10;16;1063;1063
12306544;64;g_000;1;1;38;line_consecutive;0.1;1064;1;26;20-21;6;52734.39;53053.34;53432.83499999839;53432.83499999839;318.9499999999971;379.4949999983946;379.4949999983946;eev,integrated,separated,ws;lintim;SiouxFalls;SiouxFalls;True;False;1e-05;6000;1;2;20;50;200;-5;50;0.75;2;55;50;10;10;16;1064;1064
12306544;65;g_000;1;1;38;line_consecutive;0.1;1065;1;27;9-10;7,9;51773.55;52406.859999992805;52726.58999999839;52726.5899999984;633.3099999928017;319.73000000558386;319.7300000055984;eev,integrated,separated,ws;lintim;SiouxFalls;SiouxFalls;True;False;1e-05;6000;1;2;20;50;200;-5;50;0.75;2;55;50;10;10;16;1065;1065
12306544;66;g_000;1;1;38;line_consecutive;0.1;1066;1;28;3-12;8,12;51140.24;51140.24000000001;51140.23999999839;51140.23999999839;1.4551915228366852e-11;-1.622538547962904e-09;-1.622538547962904e-09;eev,integrated,separated,ws;lintim;SiouxFalls;SiouxFalls;True;False;1e-05;6000;1;2;20;50;200;-5;50;0.75;2;55;50;10;10;16;1066;1066
12306544;67;g_000;1;1;38;line_consecutive;0.1;1067;1;29;5-6;9;51271.23999999541;51402.240000000005;52420.23999999839;52420.23999999839;131.0000000045984;1017.9999999983849;1017.9999999983849;eev,integrated,separated,ws;lintim;SiouxFalls;SiouxFalls;True;False;1e-05;6000;1;2;20;50;200;-5;50;0.75;2;55;50;10;10;16;1067;1067
12306544;68;g_000;1;1;38;line_consecutive;0.1;1068;1;30;15-19;9,13,14;51730.34999999999;52320.46000000001;53741.714999998265;53741.714999998265;590.1100000000151;1421.2549999982584;1421.2549999982584;eev,integrated,separated,ws;lintim;SiouxFalls;SiouxFalls;True;False;1e-05;6000;1;2;20;50;200;-5;50;0.75;2;55;50;10;10;16;1068;1068
12306544;69;g_000;1;1;38;line_consecutive;0.1;1069;1;31;20-22;11;51140.24000000012;51140.24000000001;51140.23999998155;51140.23999998155;-1.0913936421275139e-10;-1.845910446718335e-08;-1.845910446718335e-08;eev,integrated,separated,ws;lintim;SiouxFalls;SiouxFalls;True;False;1e-05;6000;1;2;20;50;200;-5;50;0.75;2;55;50;10;10;16;1069;1069
12306544;70;g_000;1;1;38;line_consecutive;0.1;1070;1;32;18-20;11;51140.24;51140.24000000485;51140.23999998507;51140.23999998508;4.853063728660345e-09;-1.9783328752964732e-08;-1.9768776837736368e-08;eev,integrated,separated,ws;lintim;SiouxFalls;SiouxFalls;True;False;1e-05;6000;1;2;20;50;200;-5;50;0.75;2;55;50;10;10;16;1070;1070
12306544;71;g_000;1;1;38;line_consecutive;0.1;1071;1;33;12-13;12;51140.23999995939;51140.24000000001;51140.23999999839;51140.23999999839;4.0621671359986073e-08;-1.622538547962904e-09;-1.622538547962904e-09;eev,integrated,separated,ws;lintim;SiouxFalls;SiouxFalls;True;False;1e-05;6000;1;2;20;50;200;-5;50;0.75;2;55;50;10;10;16;1071;1071
12306544;72;g_000;1;1;38;line_consecutive;0.1;1072;1;34;1-2;12;51140.240000000005;51140.24000000041;51140.23999999839;51140.23999999839;4.074536263942719e-10;-2.0227162167429924e-09;-2.0227162167429924e-09;eev,integrated,separated,ws;lintim;SiouxFalls;SiouxFalls;True;False;1e-05;6000;1;2;20;50;200;-5;50;0.75;2;55;50;10;10;16;1072;1072
12306544;73;g_000;1;1;38;line_consecutive;0.1;1073;1;35;21-22;13;51402.16;51664.08000000001;51710.22499999839;51710.22499999838;261.9200000000056;46.144999998381536;46.14499999837426;eev,integrated,separated,ws;lintim;SiouxFalls;SiouxFalls;True;False;1e-05;6000;1;2;20;50;200;-5;50;0.75;2;55;50;10;10;16;1073;1073
12306544;74;g_000;1;1;38;line_consecutive;0.1;1074;1;36;14-15;14;51307.5;51474.76;51600.3699999984;51600.3699999984;167.26000000000204;125.60999999839989;125.60999999839989;eev,integrated,separated,ws;lintim;SiouxFalls;SiouxFalls;True;False;1e-05;6000;1;2;20;50;200;-5;50;0.75;2;55;50;10;10;16;1074;1074
12306544;75;g_000;1;1;38;line_consecutive;0.1;1075;1;37;10-17;14;51307.5;51474.76;51600.3699999984;51600.3699999984;167.26000000000204;125.60999999839989;125.60999999839989;eev,integrated,separated,ws;lintim;SiouxFalls;SiouxFalls;True;False;1e-05;6000;1;2;20;50;200;-5;50;0.75;2;55;50;10;10;16;1075;1075
12306544;76;g_000;1;1;38;line_consecutive;0.2;1076;2;0;11-12;1,7,8;55805.34999999551;56860.90999999957;57296.33499999839;57296.3349999984;1055.5600000040577;435.4249999988242;435.4249999988315;eev,integrated,separated,ws;lintim;SiouxFalls;SiouxFalls;True;False;1e-05;6000;1;2;20;50;200;-5;50;0.75;2;55;50;10;10;16;1076;1076
12306544;77;g_000;1;1;38;line_consecutive;0.2;1077;2;1;10-11;1,7,10;55473.42;56713.88000000002;58023.90499999839;58023.90499703081;1240.460000000021;1310.0249999983716;1310.0249970307923;eev,integrated,separated,ws;lintim;SiouxFalls;SiouxFalls;True;False;1e-05;6000;1;2;20;50;200;-5;50;0.75;2;55;50;10;10;16;1077;1077
12306544;78;g_000;1;1;38;line_consecutive;0.2;1078;2;2;10-16;1,10;53377.605;54149.60500000002;55900.32999999838;55900.32999999839;772.0000000000146;1750.7249999983617;1750.7249999983687;eev,integrated,separated,ws;lintim;SiouxFalls;SiouxFalls;True;False;1e-05;6000;1;2;20;50;200;-5;50;0.75;2;55;50;10;10;16;1078;1078
12306544;79;g_000;1;1;38;line_consecutive;0.2;1079;2;3;16-18;1;52659.84999999999;53324.045000000006;55021.82999999839;55021.82999999839;664.1950000000143;1697.784999998381;1697.784999998381;eev,integrated,separated,ws;lintim;SiouxFalls;SiouxFalls;True;False;1e-05;6000;1;2;20;50;200;-5;50;0.75;2;55;50;10;10;16;1079;1079
12306544;80;g_000;1;1;38;line_consecutive;0.2;1080;2;4;2-6;2;58649.22000000003;60364.61000000001;61235.3099999984;61235.3099999984;1715.3899999999776;870.6999999983891;870.6999999983891;eev,integrated,separated,ws;lintim;SiouxFalls;SiouxFalls;True;False;1e-05;6000;1;2;20;50;200;-5;50;0.75;2;55;50;10;10;16;1080;1080
12306544;81;g_000;1;1;38;line_consecutive;0.2;1081;2;5;6-8;2;57174.70999999999;58215.33000000001;58779.639999998384;58779.63999999839;1040.6200000000172;564.3099999983751;564.3099999983824;eev,integrated,separated,ws;lintim;SiouxFalls;SiouxFalls;True;False;1e-05;6000;1;2;20;50;200;-5;50;0.75;2;55;50;10;10;16;1081;1081
12306544;82;g_000;1;1;38;line_consecutive;0.2;1082;2;6;8-16;2,10,13;57078.69;58362.380000000034;59573.35499999838;58810.01999999999;1283.6900000000314;1210.974999998347;447.63999999995576;eev,integrated,separated,ws;lintim;SiouxFalls;SiouxFalls;True;False;1e-05;6000;1;2;20;50;200;-5;50;0.75;2;55;50;10;10;16;1082;1082
12306544;83;g_000;1;1;38;line_consecutive;0.2;1083;2;7;16-17;2,13;56436.240000000005;57344.130000000005;57945.2149999984;57889.19;907.8899999999994;601.0849999983984;545.0599999999977;eev,integrated,separated,ws;lintim;SiouxFalls;SiouxFalls;True;False;1e-05;6000;1;2;20;50;200;-5;50;0.75;2;55;50;10;10;16;1083;1083
12306544;84;g_000;1;1;38;line_consecutive;0.2;1084;2;8;17-19;2,13,14;60308.675;60993.63499999944;61877.76999999839;61414.10544037583;684.9599999994389;884.134999998947;420.4704403763899;eev,integrated,separated,ws;lintim;SiouxFalls;SiouxFalls;True;False;1e-05;6000;1;2;20;50;200;-5;50;0.75;2;55;50;10;10;16;1084;1084
12306544;85;g_000;1;1;38;line_consecutive;0.2;1085;2;9;19-20;2;57520.875;58598.405000000006;59162.71499999838;59162.71499999839;1077.530000000006;564.3099999983751;564.3099999983824;eev,integrated,separated,ws;lintim;SiouxFalls;SiouxFalls;True;False;1e-05;6000;1;2;20;50;200;-5;50;0.75;2;55;50;10;10;16;1085;1085
12306544;86;g_000;1;1;38;line_consecutive;0.2;1086;2;10;3-4;3,4;55065.46000000001;55980.80500000001;57075.83499999839;57075.83499999839;915.3450000000012;1095.0299999983836;1095.0299999983836;eev,integrated,separated,ws;lintim;SiouxFalls;SiouxFalls;True;False;1e-05;6000;1;2;20;50;200;-5;50;0.75;2;55;50;10;10;16;1086;1086
12306544;87;g_000;1;1;38;line_consecutive;0.2;1087;2;11;4-5;3;51140.23999999999;51140.24000002087;51140.23999999839;51140.2399999984;2.0881998352706432e-08;-2.2482709027826783e-08;-2.2475433070212606e-08;eev,integrated,separated,ws;lintim;SiouxFalls;SiouxFalls;True;False;1e-05;6000;1;2;20;50;200;-5;50;0.75;2;55;50;10;10;16;1087;1087
12306544;88;g_000;1;1;38;line_consecutive;0.2;1088;2;12;5-9;3,9;51271.23999999945;51402.240000000005;52420.23999999839;52420.239999998405;131.00000000055297;1017.9999999983849;1017.9999999983992;eev,integrated,separated,ws;lintim;SiouxFalls;SiouxFalls;True;False;1e-05;6000;1;2;20;50;200;-5;50;0.75;2;55;50;10;10;16;1088;1088
12306544;89;g_000;1;1;38;line_consecutive;0.2;1089;2;13;8-9;3,7;51140.23999999999;51140.23999999955;51140.23999999839;51140.23999999839;-4.4383341446518903e-10;-1.1568772606551647e-09;-1.1568772606551647e-09;eev,integrated,separated,ws;lintim;SiouxFalls;SiouxFalls;True;False;1e-05;6000;1;2;20;50;200;-5;50;0.75;2;55;50;10;10;16;1089;1089
12306544;90;g_000;1;1;38;line_consecutive;0.2;1090;2;14;7-8;3,7,11;51140.23999999874;51140.240000000005;51140.23999999839;51140.2399999984;1.266016624867916e-09;-1.6152625903487206e-09;-1.6079866327345371e-09;eev,integrated,separated,ws;lintim;SiouxFalls;SiouxFalls;True;False;1e-05;6000;1;2;20;50;200;-5;50;0.75;2;55;50;10;10;16;1090;1090
12306544;91;g_000;1;1;38;line_consecutive;0.2;1091;2;15;7-18;3,11;51140.23999999999;51140.24000000001;51140.23999999839;51140.23999999839;2.182787284255028e-11;-1.622538547962904e-09;-1.622538547962904e-09;eev,integrated,separated,ws;lintim;SiouxFalls;SiouxFalls;True;False;1e-05;6000;1;2;20;50;200;-5;50;0.75;2;55;50;10;10;16;1091;1091
12306544;92;g_000;1;1;38;line_consecutive;0.2;1092;2;16;1-3;4,8,12;58391.90999999965;58918.000000000015;59192.72499999839;59192.7249999984;526.0900000003676;274.724999998376;274.7249999983833;eev,integrated,separated,ws;lintim;SiouxFalls;SiouxFalls;True;False;1e-05;6000;1;2;20;50;200;-5;50;0.75;2;55;50;10;10;16;1092;1092
12306544;93;g_000;1;1;38;line_consecutive;0.2;1093;2;17;4-11;4;54346.69;55250.21499999997;55779.53499999839;55779.5349999984;903.5249999999652;529.3199999984208;529.3199999984354;eev,integrated,separated,ws;lintim;SiouxFalls;SiouxFalls;True;False;1e-05;6000;1;2;20;50;200;-5;50;0.75;2;55;50;10;10;16;1093;1093
12306544;94;g_000;1;1;38;line_consecutive;0.2;1094;2;18;11-14;4,8,10;55715.63;56294.27999999999;57293.02999999839;57293.0299999984;578.6499999999942;998.7499999983992;998.7499999984066;eev,integrated,separated,ws;lintim;SiouxFalls;SiouxFalls;True;False;1e-05;6000;1;2;20;50;200;-5;50;0.75;2;55;50;10;10;16;1094;1094
12306544;95;g_000;1;1;38;line_consecutive;0.2;1095;2;19;14-23;4,10;54841.905;55396.175;56078.2449999984;56078.2449999984;554.2700000000041;682.069999998399;682.069999998399;eev,integrated,separated,ws;lintim;SiouxFalls;SiouxFalls;True;False;1e-05;6000;1;2;20;50;200;-5;50;0.75;2;55;50;10;10;16;1095;1095
12306544;96;g_000;1;1;38;line_consecutive;0.2;1096;2;20;23-24;4;54286.7;55198.02999992916;55588.29499999839;55588.2949999984;911.329999929163;390.26500006923015;390.26500006923743;eev,integrated,separated,ws;lintim;SiouxFalls;SiouxFalls;True;False;1e-05;6000;1;2;20;50;200;-5;50;0.75;2;55;50;10;10;16;1096;1096
12306544;97;g_000;1;1;38;line_consecutive;0.2;1097;2;21;10-15;5,9;52049.83500000001;52180.835000000014;53427.95499999839;53427.9549999984;131.00000000000728;1247.1199999983728;1247.1199999983874;eev,integrated,separated,ws;lintim;SiouxFalls;SiouxFalls;True;False;1e-05;6000;1;2;20;50;200;-5;50;0.75;2;55;50;10;10;16;1097;1097
12306544;98;g_000;1;1;38;line_consecutive;0.2;1098;2;22;15-22;5,13;53051.31;53051.31000000001;53051.30999999839;53051.3099999984;1.4551915228366852e-11;-1.622538547962904e-09;-1.6152625903487206e-09;eev,integrated,separated,ws;lintim;SiouxFalls;SiouxFalls;True;False;1e-05;6000;1;2;20;50;200;-5;50;0.75;2;55;50;10;10;16;1098;1098
12306544;99;g_000;1;1;38;line_consecutive;0.2;1099;2;23;22-23;5;51792.595;51792.595000000016;51792.59499999839;51792.59499999839;1.4551915228366852e-11;-1.622538547962904e-09;-1.622538547962904e-09;eev,integrated,separated,ws;lintim;SiouxFalls;SiouxFalls;True;False;1e-05;6000;1;2;20;50;200;-5;50;0.75;2;55;50;10;10;16;1099;1099
12306544;100;g_000;1;1;38;line_consecutive;0.2;1100;2;24;13-24;6;53437.67;53966.72;54488.29499999839;54488.2949999984;529.0500000000029;521.5749999983891;521.5749999983964;eev,integrated,separated,ws;lintim;SiouxFalls;SiouxFalls;True;False;1e-05;6000;1;2;20;50;200;-5;50;0.75;2;55;50;10;10;16;1100;1100
12306544;101;g_000;1;1;38;line_consecutive;0.2;1101;2;25;21-24;6;52808.19;53127.14000000001;53497.5899999984;53497.5899999984;318.9500000000044;370.4499999983964;370.4499999983964;eev,integrated,separated,ws;lintim;SiouxFalls;SiouxFalls;True;False;1e-05;6000;1;2;20;50;200;-5;50;0.75;2;55;50;10;10;16;1101;1101
12306544;102;g_000;1;1;38;line_consecutive;0.2;1102;2;26;20-21;6;52734.39;53053.34;53432.83499999839;53432.83499999839;318.9499999999971;379.4949999983946;379.4949999983946;eev,integrated,separated,ws;lintim;SiouxFalls;SiouxFalls;True;False;1e-05;6000;1;2;20;50;200;-5;50;0.75;2;55;50;10;10;16;1102;1102
12306544;103;g_000;1;1;38;line_consecutive;0.2;1103;2;27;9-10;7,9;51773.55;52406.859999992805;52726.58999999839;52726.5899999984;633.3099999928017;319.73000000558386;319.7300000055984;eev,integrated,separated,ws;lintim;SiouxFalls;SiouxFalls;True;False;1e-05;6000;1;2;20;50;200;-5;50;0.75;2;55;50;10;10;16;1103;1103
12306544;104;g_000;1;1;38;line_consecutive;0.2;1104;2;28;3-12;8,12;51140.24;51140.24000000001;51140.23999999839;51140.23999999839;1.4551915228366852e-11;-1.622538547962904e-09;-1.622538547962904e-09;eev,integrated,separated,ws;lintim;SiouxFalls;SiouxFalls;True;False;1e-05;6000;1;2;20;50;200;-5;50;0.75;2;55;50;10;10;16;1104;1104
12306544;105;g_000;1;1;38;line_consecutive;0.2;1105;2;29;5-6;9;51271.23999999541;51402.240000000005;52420.23999999839;52420.23999999839;131.0000000045984;1017.9999999983849;1017.9999999983849;eev,integrated,separated,ws;lintim;SiouxFalls;SiouxFalls;True;False;1e-05;6000;1;2;20;50;200;-5;50;0.75;2;55;50;10;10;16;1105;1105
12306544;106;g_000;1;1;38;line_consecutive;0.2;1106;2;30;15-19;9,13,14;51730.34999999999;52320.46000000001;53741.714999998265;53741.714999998265;590.1100000000151;1421.2549999982584;1421.2549999982584;eev,integrated,separated,ws;lintim;SiouxFalls;SiouxFalls;True;False;1e-05;6000;1;2;20;50;200;-5;50;0.75;2;55;50;10;10;16;1106;1106
12306544;107;g_000;1;1;38;line_consecutive;0.2;1107;2;31;20-22;11;51140.24000000012;51140.24000000001;51140.23999998155;51140.23999998155;-1.0913936421275139e-10;-1.845910446718335e-08;-1.845910446718335e-08;eev,integrated,separated,ws;lintim;SiouxFalls;SiouxFalls;True;False;1e-05;6000;1;2;20;50;200;-5;50;0.75;2;55;50;10;10;16;1107;1107
12306544;108;g_000;1;1;38;line_consecutive;0.2;1108;2;32;18-20;11;51140.24;51140.24000000485;51140.23999998507;51140.23999998508;4.853063728660345e-09;-1.9783328752964732e-08;-1.9768776837736368e-08;eev,integrated,separated,ws;lintim;SiouxFalls;SiouxFalls;True;False;1e-05;6000;1;2;20;50;200;-5;50;0.75;2;55;50;10;10;16;1108;1108
12306544;109;g_000;1;1;38;line_consecutive;0.2;1109;2;33;12-13;12;51140.23999995939;51140.24000000001;51140.23999999839;51140.23999999839;4.0621671359986073e-08;-1.622538547962904e-09;-1.622538547962904e-09;eev,integrated,separated,ws;lintim;SiouxFalls;SiouxFalls;True;False;1e-05;6000;1;2;20;50;200;-5;50;0.75;2;55;50;10;10;16;1109;1109
12306544;110;g_000;1;1;38;line_consecutive;0.2;1110;2;34;1-2;12;51140.240000000005;51140.24000000041;51140.23999999839;51140.23999999839;4.074536263942719e-10;-2.0227162167429924e-09;-2.0227162167429924e-09;eev,integrated,separated,ws;lintim;SiouxFalls;SiouxFalls;True;False;1e-05;6000;1;2;20;50;200;-5;50;0.75;2;55;50;10;10;16;1110;1110
12306544;111;g_000;1;1;38;line_consecutive;0.2;1111;2;35;21-22;13;51402.16;51664.08000000001;51710.22499999839;51710.22499999838;261.9200000000056;46.144999998381536;46.14499999837426;eev,integrated,separated,ws;lintim;SiouxFalls;SiouxFalls;True;False;1e-05;6000;1;2;20;50;200;-5;50;0.75;2;55;50;10;10;16;1111;1111
12306544;112;g_000;1;1;38;line_consecutive;0.2;1112;2;36;14-15;14;51307.5;51474.76;51600.3699999984;51600.3699999984;167.26000000000204;125.60999999839989;125.60999999839989;eev,integrated,separated,ws;lintim;SiouxFalls;SiouxFalls;True;False;1e-05;6000;1;2;20;50;200;-5;50;0.75;2;55;50;10;10;16;1112;1112
12306544;113;g_000;1;1;38;line_consecutive;0.2;1113;2;37;10-17;14;51307.5;51474.76;51600.3699999984;51600.3699999984;167.26000000000204;125.60999999839989;125.60999999839989;eev,integrated,separated,ws;lintim;SiouxFalls;SiouxFalls;True;False;1e-05;6000;1;2;20;50;200;-5;50;0.75;2;55;50;10;10;16;1113;1113
12306544;114;g_000;1;1;38;line_consecutive;0.3;1114;3;0;11-12;1,7,8;55805.34999999551;56860.90999999957;57296.33499999839;57296.3349999984;1055.5600000040577;435.4249999988242;435.4249999988315;eev,integrated,separated,ws;lintim;SiouxFalls;SiouxFalls;True;False;1e-05;6000;1;2;20;50;200;-5;50;0.75;2;55;50;10;10;16;1114;1114
12306544;115;g_000;1;1;38;line_consecutive;0.3;1115;3;1;10-11;1,7,10;55473.42;56713.88000000002;58023.90499999839;58023.90499703081;1240.460000000021;1310.0249999983716;1310.0249970307923;eev,integrated,separated,ws;lintim;SiouxFalls;SiouxFalls;True;False;1e-05;6000;1;2;20;50;200;-5;50;0.75;2;55;50;10;10;16;1115;1115
12306544;116;g_000;1;1;38;line_consecutive;0.3;1116;3;2;10-16;1,10;53377.605;54149.60500000002;55900.32999999838;55900.32999999839;772.0000000000146;1750.7249999983617;1750.7249999983687;eev,integrated,separated,ws;lintim;SiouxFalls;SiouxFalls;True;False;1e-05;6000;1;2;20;50;200;-5;50;0.75;2;55;50;10;10;16;1116;1116
12306544;117;g_000;1;1;38;line_consecutive;0.3;1117;3;3;16-18;1;52659.84999999999;53324.045000000006;55021.82999999839;55021.82999999839;664.1950000000143;1697.784999998381;1697.784999998381;eev,integrated,separated,ws;lintim;SiouxFalls;SiouxFalls;True;False;1e-05;6000;1;2;20;50;200;-5;50;0.75;2;55;50;10;10;16;1117;1117
12306544;118;g_000;1;1;38;line_consecutive;0.3;1118;3;4;2-6;2;58649.22000000003;60364.61000000001;61235.3099999984;61235.3099999984;1715.3899999999776;870.6999999983891;870.6999999983891;eev,integrated,separated,ws;lintim;SiouxFalls;SiouxFalls;True;False;1e-05;6000;1;2;20;50;200;-5;50;0.75;2;55;50;10;10;16;1118;1118
12306544;119;g_000;1;1;38;line_consecutive;0.3;1119;3;5;6-8;2;57174.70999999999;58215.33000000001;58779.639999998384;58779.63999999839;1040.6200000000172;564.3099999983751;564.3099999983824;eev,integrated,separated,ws;lintim;SiouxFalls;SiouxFalls;True;False;1e-05;6000;1;2;20;50;200;-5;50;0.75;2;55;50;10;10;16;1119;1119
12306544;120;g_000;1;1;38;line_consecutive;0.3;1120;3;6;8-16;2,10,13;57078.69;58362.380000000034;59573.35499999838;58810.01999999999;1283.6900000000314;1210.974999998347;447.63999999995576;eev,integrated,separated,ws;lintim;SiouxFalls;SiouxFalls;True;False;1e-05;6000;1;2;20;50;200;-5;50;0.75;2;55;50;10;10;16;1120;1120
12306544;121;g_000;1;1;38;line_consecutive;0.3;1121;3;7;16-17;2,13;56436.240000000005;57344.130000000005;57945.2149999984;57889.19;907.8899999999994;601.0849999983984;545.0599999999977;eev,integrated,separated,ws;lintim;SiouxFalls;SiouxFalls;True;False;1e-05;6000;1;2;20;50;200;-5;50;0.75;2;55;50;10;10;16;1121;1121
12306544;122;g_000;1;1;38;line_consecutive;0.3;1122;3;8;17-19;2,13,14;60308.675;60993.63499999944;61877.76999999839;61414.10544037583;684.9599999994389;884.134999998947;420.4704403763899;eev,integrated,separated,ws;lintim;SiouxFalls;SiouxFalls;True;False;1e-05;6000;1;2;20;50;200;-5;50;0.75;2;55;50;10;10;16;1122;1122
12306544;123;g_000;1;1;38;line_consecutive;0.3;1123;3;9;19-20;2;57520.875;58598.405000000006;59162.71499999838;59162.71499999839;1077.530000000006;564.3099999983751;564.3099999983824;eev,integrated,separated,ws;lintim;SiouxFalls;SiouxFalls;True;False;1e-05;6000;1;2;20;50;200;-5;50;0.75;2;55;50;10;10;16;1123;1123
12306544;124;g_000;1;1;38;line_consecutive;0.3;1124;3;10;3-4;3,4;55065.46000000001;55980.80500000001;57075.83499999839;57075.83499999839;915.3450000000012;1095.0299999983836;1095.0299999983836;eev,integrated,separated,ws;lintim;SiouxFalls;SiouxFalls;True;False;1e-05;6000;1;2;20;50;200;-5;50;0.75;2;55;50;10;10;16;1124;1124
12306544;125;g_000;1;1;38;line_consecutive;0.3;1125;3;11;4-5;3;51140.23999999999;51140.24000002087;51140.23999999839;51140.2399999984;2.0881998352706432e-08;-2.2482709027826783e-08;-2.2475433070212606e-08;eev,integrated,separated,ws;lintim;SiouxFalls;SiouxFalls;True;False;1e-05;6000;1;2;20;50;200;-5;50;0.75;2;55;50;10;10;16;1125;1125
12306544;126;g_000;1;1;38;line_consecutive;0.3;1126;3;12;5-9;3,9;51271.23999999945;51402.240000000005;52420.23999999839;52420.239999998405;131.00000000055297;1017.9999999983849;1017.9999999983992;eev,integrated,separated,ws;lintim;SiouxFalls;SiouxFalls;True;False;1e-05;6000;1;2;20;50;200;-5;50;0.75;2;55;50;10;10;16;1126;1126
12306544;127;g_000;1;1;38;line_consecutive;0.3;1127;3;13;8-9;3,7;51140.23999999999;51140.23999999955;51140.23999999839;51140.23999999839;-4.4383341446518903e-10;-1.1568772606551647e-09;-1.1568772606551647e-09;eev,integrated,separated,ws;lintim;SiouxFalls;SiouxFalls;True;False;1e-05;6000;1;2;20;50;200;-5;50;0.75;2;55;50;10;10;16;1127;1127
12306544;128;g_000;1;1;38;line_consecutive;0.3;1128;3;14;7-8;3,7,11;51140.23999999874;51140.240000000005;51140.23999999839;51140.2399999984;1.266016624867916e-09;-1.6152625903487206e-09;-1.6079866327345371e-09;eev,integrated,separated,ws;lintim;SiouxFalls;SiouxFalls;True;False;1e-05;6000;1;2;20;50;200;-5;50;0.75;2;55;50;10;10;16;1128;1128
12306544;129;g_000;1;1;38;line_consecutive;0.3;1129;3;15;7-18;3,11;51140.23999999999;51140.24000000001;51140.23999999839;51140.23999999839;2.182787284255028e-11;-1.622538547962904e-09;-1.622538547962904e-09;eev,integrated,separated,ws;lintim;SiouxFalls;SiouxFalls;True;False;1e-05;6000;1;2;20;50;200;-5;50;0.75;2;55;50;10;10;16;1129;1129
12306544;130;g_000;1;1;38;line_consecutive;0.3;1130;3;16;1-3;4,8,12;58391.90999999965;58918.000000000015;59192.72499999839;59192.7249999984;526.0900000003676;274.724999998376;274.7249999983833;eev,integrated,separated,ws;lintim;SiouxFalls;SiouxFalls;True;False;1e-05;6000;1;2;20;50;200;-5;50;0.75;2;55;50;10;10;16;1130;1130
12306544;131;g_000;1;1;38;line_consecutive;0.3;1131;3;17;4-11;4;54346.69;55250.21499999997;55779.53499999839;55779.5349999984;903.5249999999652;529.3199999984208;529.3199999984354;eev,integrated,separated,ws;lintim;SiouxFalls;SiouxFalls;True;False;1e-05;6000;1;2;20;50;200;-5;50;0.75;2;55;50;10;10;16;1131;1131
12306544;132;g_000;1;1;38;line_consecutive;0.3;1132;3;18;11-14;4,8,10;55715.63;56294.27999999999;57293.02999999839;57293.0299999984;578.6499999999942;998.7499999983992;998.7499999984066;eev,integrated,separated,ws;lintim;SiouxFalls;SiouxFalls;True;False;1e-05;6000;1;2;20;50;200;-5;50;0.75;2;55;50;10;10;16;1132;1132
12306544;133;g_000;1;1;38;line_consecutive;0.3;1133;3;19;14-23;4,10;54841.905;55396.175;56078.2449999984;56078.2449999984;554.2700000000041;682.069999998399;682.069999998399;eev,integrated,separated,ws;lintim;SiouxFalls;SiouxFalls;True;False;1e-05;6000;1;2;20;50;200;-5;50;0.75;2;55;50;10;10;16;1133;1133
12306544;134;g_000;1;1;38;line_consecutive;0.3;1134;3;20;23-24;4;54286.7;55198.02999992916;55588.29499999839;55588.2949999984;911.329999929163;390.26500006923015;390.26500006923743;eev,integrated,separated,ws;lintim;SiouxFalls;SiouxFalls;True;False;1e-05;6000;1;2;20;50;200;-5;50;0.75;2;55;50;10;10;16;1134;1134
12306544;135;g_000;1;1;38;line_consecutive;0.3;1135;3;21;10-15;5,9;52049.83500000001;52180.835000000014;53427.95499999839;53427.9549999984;131.00000000000728;1247.1199999983728;1247.1199999983874;eev,integrated,separated,ws;lintim;SiouxFalls;SiouxFalls;True;False;1e-05;6000;1;2;20;50;200;-5;50;0.75;2;55;50;10;10;16;1135;1135
12306544;136;g_000;1;1;38;line_consecutive;0.3;1136;3;22;15-22;5,13;53051.31;53051.31000000001;53051.30999999839;53051.3099999984;1.4551915228366852e-11;-1.622538547962904e-09;-1.6152625903487206e-09;eev,integrated,separated,ws;lintim;SiouxFalls;SiouxFalls;True;False;1e-05;6000;1;2;20;50;200;-5;50;0.75;2;55;50;10;10;16;1136;1136
12306544;137;g_000;1;1;38;line_consecutive;0.3;1137;3;23;22-23;5;51792.595;51792.595000000016;51792.59499999839;51792.59499999839;1.4551915228366852e-11;-1.622538547962904e-09;-1.622538547962904e-09;eev,integrated,separated,ws;lintim;SiouxFalls;SiouxFalls;True;False;1e-05;6000;1;2;20;50;200;-5;50;0.75;2;55;50;10;10;16;1137;1137
12306544;138;g_000;1;1;38;line_consecutive;0.3;1138;3;24;13-24;6;53437.67;53966.72;54488.29499999839;54488.2949999984;529.0500000000029;521.5749999983891;521.5749999983964;eev,integrated,separated,ws;lintim;SiouxFalls;SiouxFalls;True;False;1e-05;6000;1;2;20;50;200;-5;50;0.75;2;55;50;10;10;16;1138;1138
12306544;139;g_000;1;1;38;line_consecutive;0.3;1139;3;25;21-24;6;52808.19;53127.14000000001;53497.5899999984;53497.5899999984;318.9500000000044;370.4499999983964;370.4499999983964;eev,integrated,separated,ws;lintim;SiouxFalls;SiouxFalls;True;False;1e-05;6000;1;2;20;50;200;-5;50;0.75;2;55;50;10;10;16;1139;1139
12306544;140;g_000;1;1;38;line_consecutive;0.3;1140;3;26;20-21;6;52734.39;53053.34;53432.83499999839;53432.83499999839;318.9499999999971;379.4949999983946;379.4949999983946;eev,integrated,separated,ws;lintim;SiouxFalls;SiouxFalls;True;False;1e-05;6000;1;2;20;50;200;-5;50;0.75;2;55;50;10;10;16;1140;1140
12306544;141;g_000;1;1;38;line_consecutive;0.3;1141;3;27;9-10;7,9;51773.55;52406.859999992805;52726.58999999839;52726.5899999984;633.3099999928017;319.73000000558386;319.7300000055984;eev,integrated,separated,ws;lintim;SiouxFalls;SiouxFalls;True;False;1e-05;6000;1;2;20;50;200;-5;50;0.75;2;55;50;10;10;16;1141;1141
12306544;142;g_000;1;1;38;line_consecutive;0.3;1142;3;28;3-12;8,12;51140.24;51140.24000000001;51140.23999999839;51140.23999999839;1.4551915228366852e-11;-1.622538547962904e-09;-1.622538547962904e-09;eev,integrated,separated,ws;lintim;SiouxFalls;SiouxFalls;True;False;1e-05;6000;1;2;20;50;200;-5;50;0.75;2;55;50;10;10;16;1142;1142
12306544;143;g_000;1;1;38;line_consecutive;0.3;1143;3;29;5-6;9;51271.23999999541;51402.240000000005;52420.23999999839;52420.23999999839;131.0000000045984;1017.9999999983849;1017.9999999983849;eev,integrated,separated,ws;lintim;SiouxFalls;SiouxFalls;True;False;1e-05;6000;1;2;20;50;200;-5;50;0.75;2;55;50;10;10;16;1143;1143
12306544;144;g_000;1;1;38;line_consecutive;0.3;1144;3;30;15-19;9,13,14;51730.34999999999;52320.46000000001;53741.714999998265;53741.714999998265;590.1100000000151;1421.2549999982584;1421.2549999982584;eev,integrated,separated,ws;lintim;SiouxFalls;SiouxFalls;True;False;1e-05;6000;1;2;20;50;200;-5;50;0.75;2;55;50;10;10;16;1144;1144
12306544;145;g_000;1;1;38;line_consecutive;0.3;1145;3;31;20-22;11;51140.24000000012;51140.24000000001;51140.23999998155;51140.23999998155;-1.0913936421275139e-10;-1.845910446718335e-08;-1.845910446718335e-08;eev,integrated,separated,ws;lintim;SiouxFalls;SiouxFalls;True;False;1e-05;6000;1;2;20;50;200;-5;50;0.75;2;55;50;10;10;16;1145;1145
12306544;146;g_000;1;1;38;line_consecutive;0.3;1146;3;32;18-20;11;51140.24;51140.24000000485;51140.23999998507;51140.23999998508;4.853063728660345e-09;-1.9783328752964732e-08;-1.9768776837736368e-08;eev,integrated,separated,ws;lintim;SiouxFalls;SiouxFalls;True;False;1e-05;6000;1;2;20;50;200;-5;50;0.75;2;55;50;10;10;16;1146;1146
12306544;147;g_000;1;1;38;line_consecutive;0.3;1147;3;33;12-13;12;51140.23999995939;51140.24000000001;51140.23999999839;51140.23999999839;4.0621671359986073e-08;-1.622538547962904e-09;-1.622538547962904e-09;eev,integrated,separated,ws;lintim;SiouxFalls;SiouxFalls;True;False;1e-05;6000;1;2;20;50;200;-5;50;0.75;2;55;50;10;10;16;1147;1147
12306544;148;g_000;1;1;38;line_consecutive;0.3;1148;3;34;1-2;12;51140.240000000005;51140.24000000041;51140.23999999839;51140.23999999839;4.074536263942719e-10;-2.0227162167429924e-09;-2.0227162167429924e-09;eev,integrated,separated,ws;lintim;SiouxFalls;SiouxFalls;True;False;1e-05;6000;1;2;20;50;200;-5;50;0.75;2;55;50;10;10;16;1148;1148
12306544;149;g_000;1;1;38;line_consecutive;0.3;1149;3;35;21-22;13;51402.16;51664.08000000001;51710.22499999839;51710.22499999838;261.9200000000056;46.144999998381536;46.14499999837426;eev,integrated,separated,ws;lintim;SiouxFalls;SiouxFalls;True;False;1e-05;6000;1;2;20;50;200;-5;50;0.75;2;55;50;10;10;16;1149;1149
12306544;150;g_000;1;1;38;line_consecutive;0.3;1150;3;36;14-15;14;51307.5;51474.76;51600.3699999984;51600.3699999984;167.26000000000204;125.60999999839989;125.60999999839989;eev,integrated,separated,ws;lintim;SiouxFalls;SiouxFalls;True;False;1e-05;6000;1;2;20;50;200;-5;50;0.75;2;55;50;10;10;16;1150;1150
12306544;151;g_000;1;1;38;line_consecutive;0.3;1151;3;37;10-17;14;51307.5;51474.76;51600.3699999984;51600.3699999984;167.26000000000204;125.60999999839989;125.60999999839989;eev,integrated,separated,ws;lintim;SiouxFalls;SiouxFalls;True;False;1e-05;6000;1;2;20;50;200;-5;50;0.75;2;55;50;10;10;16;1151;1151
12306544;152;g_000;1;1;38;line_consecutive;0.4;1152;4;0;11-12;1,7,8;54872.3279999964;55829.996;56065.11599999808;56065.11599999808;957.6680000035994;235.11999999808177;235.11999999808177;eev,integrated,separated,ws;lintim;SiouxFalls;SiouxFalls;True;False;1e-05;6000;1;2;20;50;200;-5;50;0.75;2;55;50;10;10;16;1152;1152
12306544;153;g_000;1;1;38;line_consecutive;0.4;1153;4;1;10-11;1,7,10;54606.784;55841.34799999998;56647.17199999807;56647.17199999807;1234.563999999984;805.823999998087;805.823999998087;eev,integrated,separated,ws;lintim;SiouxFalls;SiouxFalls;True;False;1e-05;6000;1;2;20;50;200;-5;50;0.75;2;55;50;10;10;16;1153;1153
12306544;154;g_000;1;1;38;line_consecutive;0.4;1154;4;2;10-16;1,10;52930.132;53752.43999999999;54948.311999998055;54948.31199999806;822.30799999999;1195.8719999980676;1195.871999998075;eev,integrated,separated,ws;lintim;SiouxFalls;SiouxFalls;True;False;1e-05;6000;1;2;20;50;200;-5;50;0.75;2;55;50;10;10;16;1154;1154
12306544;155;g_000;1;1;38;line_consecutive;0.4;1155;4;3;16-18;1;52355.928;53135.60399999999;54245.51199999807;54245.51199999808;779.6759999999922;1109.907999998075;1109.9079999980895;eev,integrated,separated,ws;lintim;SiouxFalls;SiouxFalls;True;False;1e-05;6000;1;2;20;50;200;-5;50;0.75;2;55;50;10;10;16;1155;1155
12306544;156;g_000;1;1;38;line_consecutive;0.4;1156;4;4;2-6;2;57147.42400000003;58824.34399999999;59216.29599999807;59216.29599999808;1676.919999999962;391.95199999807664;391.9519999980912;eev,integrated,separated,ws;lintim;SiouxFalls;SiouxFalls;True;False;1e-05;6000;1;2;20;50;200;-5;50;0.75;2;55;50;10;10;16;1156;1156
12306544;157;g_000;1;1;38;line_consecutive;0.4;1157;4;5;6-8;2;55967.81599999999;56983.216;57251.75999999808;57251.75999999808;1015.4000000000088;268.54399999808084;268.54399999808084;eev,integrated,separated,ws;lintim;SiouxFalls;SiouxFalls;True;False;1e-05;6000;1;2;20;50;200;-5;50;0.75;2;55;50;10;10;16;1157;1157
12306544;158;g_000;1;1;38;line_consecutive;0.4;1158;4;6;8-16;2,10,13;55891.0;57238.96799999999;57886.73199999807;57487.196;1347.9679999999937;647.7639999980747;248.22800000001007;eev,integrated,separated,ws;lintim;SiouxFalls;SiouxFalls;True;False;1e-05;6000;1;2;20;50;200;-5;50;0.75;2;55;50;10;10;16;1158;1158
12306544;159;g_000;1;1;38;line_consecutive;0.4;1159;4;7;16-17;2,13;55377.04;56315.67599999999;56584.21999999807;56584.21999999807;938.6359999999912;268.54399999808084;268.54399999808084;eev,integrated,separated,ws;lintim;SiouxFalls;SiouxFalls;True;False;1e-05;6000;1;2;20;50;200;-5;50;0.75;2;55;50;10;10;16;1159;1159
12306544;160;g_000;1;1;38;line_consecutive;0.4;1160;4;8;17-19;2,13,14;58474.988;59296.94000000001;59730.26399999808;59696.67999993247;821.952000000012;433.3239999980724;399.7399999324625;eev,integrated,separated,ws;lintim;SiouxFalls;SiouxFalls;True;False;1e-05;6000;1;2;20;50;200;-5;50;0.75;2;55;50;10;10;16;1160;1160
12306544;161;g_000;1;1;38;line_consecutive;0.4;1161;4;9;19-20;2;56244.74799999999;57289.67599999991;57558.21999999807;57558.21999999807;1044.9279999999198;268.54399999816087;268.54399999816087;eev,integrated,separated,ws;lintim;SiouxFalls;SiouxFalls;True;False;1e-05;6000;1;2;20;50;200;-5;50;0.75;2;55;50;10;10;16;1161;1161
12306544;162;g_000;1;1;38;line_consecutive;0.4;1162;4;10;3-4;3,4;54280.416;55239.97199999971;55888.71599999807;55888.71599999807;959.5559999997132;648.7439999983617;648.7439999983617;eev,integrated,separated,ws;lintim;SiouxFalls;SiouxFalls;True;False;1e-05;6000;1;2;20;50;200;-5;50;0.75;2;55;50;10;10;16;1162;1162
12306544;163;g_000;1;1;38;line_consecutive;0.4;1163;4;11;4-5;3;51140.23999999999;51140.24;51140.23999999807;51140.23999999807;7.275957614183426e-12;-1.928128767758608e-09;-1.928128767758608e-09;eev,integrated,separated,ws;lintim;SiouxFalls;SiouxFalls;True;False;1e-05;6000;1;2;20;50;200;-5;50;0.75;2;55;50;10;10;16;1163;1163
12306544;164;g_000;1;1;38;line_consecutive;0.4;1164;4;12;5-9;3,9;51245.03999999956;51402.24;52164.23999999807;52164.23999999808;157.20000000044092;761.9999999980719;761.9999999980791;eev,integrated,separated,ws;lintim;SiouxFalls;SiouxFalls;True;False;1e-05;6000;1;2;20;50;200;-5;50;0.75;2;55;50;10;10;16;1164;1164
12306544;165;g_000;1;1;38;line_consecutive;0.4;1165;4;13;8-9;3,7;51140.23999999999;51140.240000001286;51140.23999999807;51140.23999999807;1.2951204553246496e-09;-3.2159732654690742e-09;-3.2159732654690742e-09;eev,integrated,separated,ws;lintim;SiouxFalls;SiouxFalls;True;False;1e-05;6000;1;2;20;50;200;-5;50;0.75;2;55;50;10;10;16;1165;1165
12306544;166;g_000;1;1;38;line_consecutive;0.4;1166;4;14;7-8;3,7,11;51140.23999999899;51140.24;51140.23999999807;51140.23999999807;1.0113581083714962e-09;-1.928128767758608e-09;-1.928128767758608e-09;eev,integrated,separated,ws;lintim;SiouxFalls;SiouxFalls;True;False;1e-05;6000;1;2;20;50;200;-5;50;0.75;2;55;50;10;10;16;1166;1166
12306544;167;g_000;1;1;38;line_consecutive;0.4;1167;4;15;7-18;3,11;51140.23999999999;51140.24000008032;51140.23999999807;51140.23999999807;8.032657206058502e-08;-8.224742487072946e-08;-8.224742487072946e-08;eev,integrated,separated,ws;lintim;SiouxFalls;SiouxFalls;True;False;1e-05;6000;1;2;20;50;200;-5;50;0.75;2;55;50;10;10;16;1167;1167
12306544;168;g_000;1;1;38;line_consecutive;0.4;1168;4;16;1-3;4,8,12;56941.575999999724;57533.508;57582.22799999807;57582.22799999808;591.9320000002772;48.71999999806576;48.71999999808031;eev,integrated,separated,ws;lintim;SiouxFalls;SiouxFalls;True;False;1e-05;6000;1;2;20;50;200;-5;50;0.75;2;55;50;10;10;16;1168;1168
12306544;169;g_000;1;1;38;line_consecutive;0.4;1169;4;17;4-11;4;53705.4;54653.168000000005;54851.67599999807;54851.67599999808;947.7680000000036;198.50799999806625;198.5079999980735;eev,integrated,separated,ws;lintim;SiouxFalls;SiouxFalls;True;False;1e-05;6000;1;2;20;50;200;-5;50;0.75;2;55;50;10;10;16;1169;1169
12306544;170;g_000;1;1;38;line_consecutive;0.4;1170;4;18;11-14;4,8,10;54800.552;55485.18;56062.47199999807;56062.47199999807;684.627999999997;577.2919999980732;577.2919999980732;eev,integrated,separated,ws;lintim;SiouxFalls;SiouxFalls;True;False;1e-05;6000;1;2;20;50;200;-5;50;0.75;2;55;50;10;10;16;1170;1170
12306544;171;g_000;1;1;38;line_consecutive;0.4;1171;4;19;14-23;4,10;54101.572;54766.696;55090.64399999807;55090.64399999807;665.1240000000034;323.9479999980685;323.9479999980685;eev,integrated,separated,ws;lintim;SiouxFalls;SiouxFalls;True;False;1e-05;6000;1;2;20;50;200;-5;50;0.75;2;55;50;10;10;16;1171;1171
12306544;172;g_000;1;1;38;line_consecutive;0.4;1172;4;20;23-24;4;53657.408;54530.292;54698.68399999807;54698.68399999807;872.8839999999982;168.3919999980717;168.3919999980717;eev,integrated,separated,ws;lintim;SiouxFalls;SiouxFalls;True;False;1e-05;6000;1;2;20;50;200;-5;50;0.75;2;55;50;10;10;16;1172;1172
12306544;173;g_000;1;1;38;line_consecutive;0.4;1173;4;21;10-15;5,9;51867.916;52025.116;52970.41199999808;52970.41199999808;157.20000000000437;945.2959999980812;945.2959999980812;eev,integrated,separated,ws;lintim;SiouxFalls;SiouxFalls;True;False;1e-05;6000;1;2;20;50;200;-5;50;0.75;2;55;50;10;10;16;1173;1173
12306544;174;g_000;1;1;38;line_consecutive;0.4;1174;4;22;15-22;5,13;52669.096;52669.09599999999;52669.09599999807;52669.09599999807;-7.275957614183426e-12;-1.920852810144424e-09;-1.920852810144424e-09;eev,integrated,separated,ws;lintim;SiouxFalls;SiouxFalls;True;False;1e-05;6000;1;2;20;50;200;-5;50;0.75;2;55;50;10;10;16;1174;1174
12306544;175;g_000;1;1;38;line_consecutive;0.4;1175;4;23;22-23;5;51662.124;51662.124;51662.12399999808;51662.12399999808;0.0;-1.920852810144424e-09;-1.920852810144424e-09;eev,integrated,separated,ws;lintim;SiouxFalls;SiouxFalls;True;False;1e-05;6000;1;2;20;50;200;-5;50;0.75;2;55;50;10;10;16;1175;1175
12306544;176;g_000;1;1;38;line_consecutive;0.4;1176;4;24;13-24;6;52978.184;53529.004;53818.68399999807;53818.68399999807;550.8199999999997;289.67999999807216;289.67999999807216;eev,integrated,separated,ws;lintim;SiouxFalls;SiouxFalls;True;False;1e-05;6000;1;2;20;50;200;-5;50;0.75;2;55;50;10;10;16;1176;1176
12306544;177;g_000;1;1;38;line_consecutive;0.4;1177;4;25;21-24;6;52474.6;52857.34;53026.11999999808;53026.11999999808;382.739999999998;168.77999999808526;168.77999999808526;eev,integrated,separated,ws;lintim;SiouxFalls;SiouxFalls;True;False;1e-05;6000;1;2;20;50;200;-5;50;0.75;2;55;50;10;10;16;1177;1177
12306544;178;g_000;1;1;38;line_consecutive;0.4;1178;4;26;20-21;6;52415.56;52798.3;52974.31599999807;52974.31599999808;382.7400000000053;176.01599999806783;176.01599999807513;eev,integrated,separated,ws;lintim;SiouxFalls;SiouxFalls;True;False;1e-05;6000;1;2;20;50;200;-5;50;0.75;2;55;50;10;10;16;1178;1178
12306544;179;g_000;1;1;38;line_consecutive;0.4;1179;4;27;9-10;7,9;51646.888;52319.347999975806;52409.31999999807;52409.31999999807;672.4599999758066;89.972000022266;89.972000022266;eev,integrated,separated,ws;lintim;SiouxFalls;SiouxFalls;True;False;1e-05;6000;1;2;20;50;200;-5;50;0.75;2;55;50;10;10;16;1179;1179
12306544;180;g_000;1;1;38;line_consecutive;0.4;1180;4;28;3-12;8,12;51140.24;51140.23999999999;51140.23999999807;51140.23999999807;-7.275957614183426e-12;-1.920852810144424e-09;-1.920852810144424e-09;eev,integrated,separated,ws;lintim;SiouxFalls;SiouxFalls;True;False;1e-05;6000;1;2;20;50;200;-5;50;0.75;2;55;50;10;10;16;1180;1180
12306544;181;g_000;1;1;38;line_consecutive;0.4;1181;4;29;5-6;9;51245.03999999633;51402.23999999999;52164.23999999807;52164.23999999807;157.20000000366417;761.9999999980791;761.9999999980791;eev,integrated,separated,ws;lintim;SiouxFalls;SiouxFalls;True;False;1e-05;6000;1;2;20;50;200;-5;50;0.75;2;55;50;10;10;16;1181;1181
12306544;182;g_000;1;1;38;line_consecutive;0.4;1182;4;30;15-19;9,13,14;51612.328;52320.46000000001;53221.41999999796;53221.41999999797;708.1320000000051;900.9599999979546;900.959999997962;eev,integrated,separated,ws;lintim;SiouxFalls;SiouxFalls;True;False;1e-05;6000;1;2;20;50;200;-5;50;0.75;2;55;50;10;10;16;1182;1182
12306544;183;g_000;1;1;38;line_consecutive;0.4;1183;4;31;20-22;11;51140.2400000001;51140.24;51140.2399999846;51140.2399999846;-1.0186340659856795e-10;-1.5395926311612133e-08;-1.5395926311612133e-08;eev,integrated,separated,ws;lintim;SiouxFalls;SiouxFalls;True;False;1e-05;6000;1;2;20;50;200;-5;50;0.75;2;55;50;10;10;16;1183;1183
12306544;184;g_000;1;1;38;line_consecutive;0.4;1184;4;32;18-20;11;51140.24;51140.24;51140.23999998742;51140.23999998742;0.0;-1.2580130714923143e-08;-1.2580130714923143e-08;eev,integrated,separated,ws;lintim;SiouxFalls;SiouxFalls;True;False;1e-05;6000;1;2;20;50;200;-5;50;0.75;2;55;50;10;10;16;1184;1184
12306544;185;g_000;1;1;38;line_consecutive;0.4;1185;4;33;12-13;12;51140.23999996751;51140.23999999999;51140.23999999807;51140.23999999807;3.247987478971481e-08;-1.920852810144424e-09;-1.920852810144424e-09;eev,integrated,separated,ws;lintim;SiouxFalls;SiouxFalls;True;False;1e-05;6000;1;2;20;50;200;-5;50;0.75;2;55;50;10;10;16;1185;1185
12306544;186;g_000;1;1;38;line_consecutive;0.4;1186;4;34;1-2;12;51140.240000000005;51140.23999999999;51140.23999999807;51140.23999999807;-1.4551915228366852e-11;-1.920852810144424e-09;-1.920852810144424e-09;eev,integrated,separated,ws;lintim;SiouxFalls;SiouxFalls;True;False;1e-05;6000;1;2;20;50;200;-5;50;0.75;2;55;50;10;10;16;1186;1186
12306544;187;g_000;1;1;38;line_consecutive;0.4;1187;4;35;21-22;13;51349.776;51596.228;51596.22799999807;51596.22799999808;246.4520000000048;-1.9354047253727913e-09;-1.920852810144424e-09;eev,integrated,separated,ws;lintim;SiouxFalls;SiouxFalls;True;False;1e-05;6000;1;2;20;50;200;-5;50;0.75;2;55;50;10;10;16;1187;1187
12306544;188;g_000;1;1;38;line_consecutive;0.4;1188;4;36;14-15;14;51274.048;51474.76000000001;51508.34399999808;51508.34399999808;200.7120000000068;33.58399999806716;33.58399999806716;eev,integrated,separated,ws;lintim;SiouxFalls;SiouxFalls;True;False;1e-05;6000;1;2;20;50;200;-5;50;0.75;2;55;50;10;10;16;1188;1188
12306544;189;g_000;1;1;38;line_consecutive;0.4;1189;4;37;10-17;14;51274.048;51474.76;51508.34399999808;51508.34399999808;200.71199999999956;33.58399999807443;33.58399999807443;eev,integrated,separated,ws;lintim;SiouxFalls;SiouxFalls;True;False;1e-05;6000;1;2;20;50;200;-5;50;0.75;2;55;50;10;10;16;1189;1189
12306544;190;g_000;1;1;38;line_consecutive;0.5;1190;5;0;11-12;1,7,8;55805.34999999551;56860.90999999957;57296.33499999839;57296.3349999984;1055.5600000040577;435.4249999988242;435.4249999988315;eev,integrated,separated,ws;lintim;SiouxFalls;SiouxFalls;True;False;1e-05;6000;1;2;20;50;200;-5;50;0.75;2;55;50;10;10;16;1190;1190
12306544;191;g_000;1;1;38;line_consecutive;0.5;1191;5;1;10-11;1,7,10;55473.42;56713.88000000002;58023.90499999839;58023.90499703081;1240.460000000021;1310.0249999983716;1310.0249970307923;eev,integrated,separated,ws;lintim;SiouxFalls;SiouxFalls;True;False;1e-05;6000;1;2;20;50;200;-5;50;0.75;2;55;50;10;10;16;1191;1191
12306544;192;g_000;1;1;38;line_consecutive;0.5;1192;5;2;10-16;1,10;53377.605;54149.60500000002;55900.32999999838;55900.32999999839;772.0000000000146;1750.7249999983617;1750.7249999983687;eev,integrated,separated,ws;lintim;SiouxFalls;SiouxFalls;True;False;1e-05;6000;1;2;20;50;200;-5;50;0.75;2;55;50;10;10;16;1192;1192
12306544;193;g_000;1;1;38;line_consecutive;0.5;1193;5;3;16-18;1;52659.84999999999;53324.045000000006;55021.82999999839;55021.82999999839;664.1950000000143;1697.784999998381;1697.784999998381;eev,integrated,separated,ws;lintim;SiouxFalls;SiouxFalls;True;False;1e-05;6000;1;2;20;50;200;-5;50;0.75;2;55;50;10;10;16;1193;1193
12306544;194;g_000;1;1;38;line_consecutive;0.5;1194;5;4;2-6;2;58649.22000000003;60364.61000000001;61235.3099999984;61235.3099999984;1715.3899999999776;870.6999999983891;870.6999999983891;eev,integrated,separated,ws;lintim;SiouxFalls;SiouxFalls;True;False;1e-05;6000;1;2;20;50;200;-5;50;0.75;2;55;50;10;10;16;1194;1194
12306544;195;g_000;1;1;38;line_consecutive;0.5;1195;5;5;6-8;2;57174.70999999999;58215.33000000001;58779.639999998384;58779.63999999839;1040.6200000000172;564.3099999983751;564.3099999983824;eev,integrated,separated,ws;lintim;SiouxFalls;SiouxFalls;True;False;1e-05;6000;1;2;20;50;200;-5;50;0.75;2;55;50;10;10;16;1195;1195
12306544;196;g_000;1;1;38;line_consecutive;0.5;1196;5;6;8-16;2,10,13;57078.69;58362.380000000034;59573.35499999838;58810.01999999999;1283.6900000000314;1210.974999998347;447.63999999995576;eev,integrated,separated,ws;lintim;SiouxFalls;SiouxFalls;True;False;1e-05;6000;1;2;20;50;200;-5;50;0.75;2;55;50;10;10;16;1196;1196
12306544;197;g_000;1;1;38;line_consecutive;0.5;1197;5;7;16-17;2,13;56436.240000000005;57344.130000000005;57945.2149999984;57889.19;907.8899999999994;601.0849999983984;545.0599999999977;eev,integrated,separated,ws;lintim;SiouxFalls;SiouxFalls;True;False;1e-05;6000;1;2;20;50;200;-5;50;0.75;2;55;50;10;10;16;1197;1197
12306544;198;g_000;1;1;38;line_consecutive;0.5;1198;5;8;17-19;2,13,14;60308.675;60993.63499999944;61877.76999999839;61414.10544037583;684.9599999994389;884.134999998947;420.4704403763899;eev,integrated,separated,ws;lintim;SiouxFalls;SiouxFalls;True;False;1e-05;6000;1;2;20;50;200;-5;50;0.75;2;55;50;10;10;16;1198;1198
12306544;199;g_000;1;1;38;line_consecutive;0.5;1199;5;9;19-20;2;57520.875;58598.405000000006;59162.71499999838;59162.71499999839;1077.530000000006;564.3099999983751;564.3099999983824;eev,integrated,separated,ws;lintim;SiouxFalls;SiouxFalls;True;False;1e-05;6000;1;2;20;50;200;-5;50;0.75;2;55;50;10;10;16;1199;1199
12306544;200;g_000;1;1;38;line_consecutive;0.5;1200;5;10;3-4;3,4;55065.46000000001;55980.80500000001;57075.83499999839;57075.83499999839;915.3450000000012;1095.0299999983836;1095.0299999983836;eev,integrated,separated,ws;lintim;SiouxFalls;SiouxFalls;True;False;1e-05;6000;1;2;20;50;200;-5;50;0.75;2;55;50;10;10;16;1200;1200
12306544;201;g_000;1;1;38;line_consecutive;0.5;1201;5;11;4-5;3;51140.23999999999;51140.24000002087;51140.23999999839;51140.2399999984;2.0881998352706432e-08;-2.2482709027826783e-08;-2.2475433070212606e-08;eev,integrated,separated,ws;lintim;SiouxFalls;SiouxFalls;True;False;1e-05;6000;1;2;20;50;200;-5;50;0.75;2;55;50;10;10;16;1201;1201
12306544;202;g_000;1;1;38;line_consecutive;0.5;1202;5;12;5-9;3,9;51271.23999999945;51402.240000000005;52420.23999999839;52420.239999998405;131.00000000055297;1017.9999999983849;1017.9999999983992;eev,integrated,separated,ws;lintim;SiouxFalls;SiouxFalls;True;False;1e-05;6000;1;2;20;50;200;-5;50;0.75;2;55;50;10;10;16;1202;1202
12306544;203;g_000;1;1;38;line_consecutive;0.5;1203;5;13;8-9;3,7;51140.23999999999;51140.23999999955;51140.23999999839;51140.23999999839;-4.4383341446518903e-10;-1.1568772606551647e-09;-1.1568772606551647e-09;eev,integrated,separated,ws;lintim;SiouxFalls;SiouxFalls;True;False;1e-05;6000;1;2;20;50;200;-5;50;0.75;2;55;50;10;10;16;1203;1203
12306544;204;g_000;1;1;38;line_consecutive;0.5;1204;5;14;7-8;3,7,11;51140.23999999874;51140.240000000005;51140.23999999839;51140.2399999984;1.266016624867916e-09;-1.6152625903487206e-09;-1.6079866327345371e-09;eev,integrated,separated,ws;lintim;SiouxFalls;SiouxFalls;True;False;1e-05;6000;1;2;20;50;200;-5;50;0.75;2;55;50;10;10;16;1204;1204
12306544;205;g_000;1;1;38;line_consecutive;0.5;1205;5;15;7-18;3,11;51140.23999999999;51140.24000000001;51140.23999999839;51140.23999999839;2.182787284255028e-11;-1.622538547962904e-09;-1.622538547962904e-09;eev,integrated,separated,ws;lintim;SiouxFalls;SiouxFalls;True;False;1e-05;6000;1;2;20;50;200;-5;50;0.75;2;55;50;10;10;16;1205;1205
12306544;206;g_000;1;1;38;line_consecutive;0.5;1206;5;16;1-3;4,8,12;58391.90999999965;58918.000000000015;59192.72499999839;59192.7249999984;526.0900000003676;274.724999998376;274.7249999983833;eev,integrated,separated,ws;lintim;SiouxFalls;SiouxFalls;True;False;1e-05;6000;1;2;20;50;200;-5;50;0.75;2;55;50;10;10;16;1206;1206
12306544;207;g_000;1;1;38;line_consecutive;0.5;1207;5;17;4-11;4;54346.69;55250.21499999997;55779.53499999839;55779.5349999984;903.5249999999652;529.3199999984208;529.3199999984354;eev,integrated,separated,ws;lintim;SiouxFalls;SiouxFalls;True;False;1e-05;6000;1;2;20;50;200;-5;50;0.75;2;55;50;10;10;16;1207;1207
12306544;208;g_000;1;1;38;line_consecutive;0.5;1208;5;18;11-14;4,8,10;55715.63;56294.27999999999;57293.02999999839;57293.0299999984;578.6499999999942;998.7499999983992;998.7499999984066;eev,integrated,separated,ws;lintim;SiouxFalls;SiouxFalls;True;False;1e-05;6000;1;2;20;50;200;-5;50;0.75;2;55;50;10;10;16;1208;1208
12306544;209;g_000;1;1;38;line_consecutive;0.5;1209;5;19;14-23;4,10;54841.905;55396.175;56078.2449999984;56078.2449999984;554.2700000000041;682.069999998399;682.069999998399;eev,integrated,separated,ws;lintim;SiouxFalls;SiouxFalls;True;False;1e-05;6000;1;2;20;50;200;-5;50;0.75;2;55;50;10;10;16;1209;1209
12306544;210;g_000;1;1;38;line_consecutive;0.5;1210;5;20;23-24;4;54286.7;55198.02999992916;55588.29499999839;55588.2949999984;911.329999929163;390.26500006923015;390.26500006923743;eev,integrated,separated,ws;lintim;SiouxFalls;SiouxFalls;True;False;1e-05;6000;1;2;20;50;200;-5;50;0.75;2;55;50;10;10;16;1210;1210
12306544;211;g_000;1;1;38;line_consecutive;0.5;1211;5;21;10-15;5,9;52049.83500000001;52180.835000000014;53427.95499999839;53427.9549999984;131.00000000000728;1247.1199999983728;1247.1199999983874;eev,integrated,separated,ws;lintim;SiouxFalls;SiouxFalls;True;False;1e-05;6000;1;2;20;50;200;-5;50;0.75;2;55;50;10;10;16;1211;1211
12306544;212;g_000;1;1;38;line_consecutive;0.5;1212;5;22;15-22;5,13;53051.31;53051.31000000001;53051.30999999839;53051.3099999984;1.4551915228366852e-11;-1.622538547962904e-09;-1.6152625903487206e-09;eev,integrated,separated,ws;lintim;SiouxFalls;SiouxFalls;True;False;1e-05;6000;1;2;20;50;200;-5;50;0.75;2;55;50;10;10;16;1212;1212
12306544;213;g_000;1;1;38;line_consecutive;0.5;1213;5;23;22-23;5;51792.595;51792.595000000016;51792.59499999839;51792.59499999839;1.4551915228366852e-11;-1.622538547962904e-09;-1.622538547962904e-09;eev,integrated,separated,ws;lintim;SiouxFalls;SiouxFalls;True;False;1e-05;6000;1;2;20;50;200;-5;50;0.75;2;55;50;10;10;16;1213;1213
12306544;214;g_000;1;1;38;line_consecutive;0.5;1214;5;24;13-24;6;53437.67;53966.72;54488.29499999839;54488.2949999984;529.0500000000029;521.5749999983891;521.5749999983964;eev,integrated,separated,ws;lintim;SiouxFalls;SiouxFalls;True;False;1e-05;6000;1;2;20;50;200;-5;50;0.75;2;55;50;10;10;16;1214;1214
12306544;215;g_000;1;1;38;line_consecutive;0.5;1215;5;25;21-24;6;52808.19;53127.14000000001;53497.5899999984;53497.5899999984;318.9500000000044;370.4499999983964;370.4499999983964;eev,integrated,separated,ws;lintim;SiouxFalls;SiouxFalls;True;False;1e-05;6000;1;2;20;50;200;-5;50;0.75;2;55;50;10;10;16;1215;1215
12306544;216;g_000;1;1;38;line_consecutive;0.5;1216;5;26;20-21;6;52734.39;53053.34;53432.83499999839;53432.83499999839;318.9499999999971;379.4949999983946;379.4949999983946;eev,integrated,separated,ws;lintim;SiouxFalls;SiouxFalls;True;False;1e-05;6000;1;2;20;50;200;-5;50;0.75;2;55;50;10;10;16;1216;1216
12306544;217;g_000;1;1;38;line_consecutive;0.5;1217;5;27;9-10;7,9;51773.55;52406.859999992805;52726.58999999839;52726.5899999984;633.3099999928017;319.73000000558386;319.7300000055984;eev,integrated,separated,ws;lintim;SiouxFalls;SiouxFalls;True;False;1e-05;6000;1;2;20;50;200;-5;50;0.75;2;55;50;10;10;16;1217;1217
12306544;218;g_000;1;1;38;line_consecutive;0.5;1218;5;28;3-12;8,12;51140.24;51140.24000000001;51140.23999999839;51140.23999999839;1.4551915228366852e-11;-1.622538547962904e-09;-1.622538547962904e-09;eev,integrated,separated,ws;lintim;SiouxFalls;SiouxFalls;True;False;1e-05;6000;1;2;20;50;200;-5;50;0.75;2;55;50;10;10;16;1218;1218
12306544;219;g_000;1;1;38;line_consecutive;0.5;1219;5;29;5-6;9;51271.23999999541;51402.240000000005;52420.23999999839;52420.23999999839;131.0000000045984;1017.9999999983849;1017.9999999983849;eev,integrated,separated,ws;lintim;SiouxFalls;SiouxFalls;True;False;1e-05;6000;1;2;20;50;200;-5;50;0.75;2;55;50;10;10;16;1219;1219
12306544;220;g_000;1;1;38;line_consecutive;0.5;1220;5;30;15-19;9,13,14;51730.34999999999;52320.46000000001;53741.714999998265;53741.714999998265;590.1100000000151;1421.2549999982584;1421.2549999982584;eev,integrated,separated,ws;lintim;SiouxFalls;SiouxFalls;True;False;1e-05;6000;1;2;20;50;200;-5;50;0.75;2;55;50;10;10;16;1220;1220
12306544;221;g_000;1;1;38;line_consecutive;0.5;1221;5;31;20-22;11;51140.24000000012;51140.24000000001;51140.23999998155;51140.23999998155;-1.0913936421275139e-10;-1.845910446718335e-08;-1.845910446718335e-08;eev,integrated,separated,ws;lintim;SiouxFalls;SiouxFalls;True;False;1e-05;6000;1;2;20;50;200;-5;50;0.75;2;55;50;10;10;16;1221;1221
12306544;222;g_000;1;1;38;line_consecutive;0.5;1222;5;32;18-20;11;51140.24;51140.24000000485;51140.23999998507;51140.23999998508;4.853063728660345e-09;-1.9783328752964732e-08;-1.9768776837736368e-08;eev,integrated,separated,ws;lintim;SiouxFalls;SiouxFalls;True;False;1e-05;6000;1;2;20;50;200;-5;50;0.75;2;55;50;10;10;16;1222;1222
12306544;223;g_000;1;1;38;line_consecutive;0.5;1223;5;33;12-13;12;51140.23999995939;51140.24000000001;51140.23999999839;51140.23999999839;4.0621671359986073e-08;-1.622538547962904e-09;-1.622538547962904e-09;eev,integrated,separated,ws;lintim;SiouxFalls;SiouxFalls;True;False;1e-05;6000;1;2;20;50;200;-5;50;0.75;2;55;50;10;10;16;1223;1223
12306544;224;g_000;1;1;38;line_consecutive;0.5;1224;5;34;1-2;12;51140.240000000005;51140.24000000041;51140.23999999839;51140.23999999839;4.074536263942719e-10;-2.0227162167429924e-09;-2.0227162167429924e-09;eev,integrated,separated,ws;lintim;SiouxFalls;SiouxFalls;True;False;1e-05;6000;1;2;20;50;200;-5;50;0.75;2;55;50;10;10;16;1224;1224
12306544;225;g_000;1;1;38;line_consecutive;0.5;1225;5;35;21-22;13;51402.16;51664.08000000001;51710.22499999839;51710.22499999838;261.9200000000056;46.144999998381536;46.14499999837426;eev,integrated,separated,ws;lintim;SiouxFalls;SiouxFalls;True;False;1e-05;6000;1;2;20;50;200;-5;50;0.75;2;55;50;10;10;16;1225;1225
12306544;226;g_000;1;1;38;line_consecutive;0.5;1226;5;36;14-15;14;51307.5;51474.76;51600.3699999984;51600.3699999984;167.26000000000204;125.60999999839989;125.60999999839989;eev,integrated,separated,ws;lintim;SiouxFalls;SiouxFalls;True;False;1e-05;6000;1;2;20;50;200;-5;50;0.75;2;55;50;10;10;16;1226;1226
12306544;227;g_000;1;1;38;line_consecutive;0.5;1227;5;37;10-17;14;51307.5;51474.76;51600.3699999984;51600.3699999984;167.26000000000204;125.60999999839989;125.60999999839989;eev,integrated,separated,ws;lintim;SiouxFalls;SiouxFalls;True;False;1e-05;6000;1;2;20;50;200;-5;50;0.75;2;55;50;10;10;16;1227;1227
12306544;228;g_000;1;1;38;line_consecutive;0.6;1228;6;0;11-12;1,7,8;56738.37199999461;57789.87;58527.55399999871;58527.55399999872;1051.498000005391;737.683999998706;737.6839999987205;eev,integrated,separated,ws;lintim;SiouxFalls;SiouxFalls;True;False;1e-05;6000;1;2;20;50;200;-5;50;0.75;2;55;50;10;10;16;1228;1228
12306544;229;g_000;1;1;38;line_consecutive;0.6;1229;6;1;10-11;1,7,10;56340.056;57586.41199999998;59400.63799999871;58856.93199999999;1246.3559999999852;1814.225999998729;1270.5200000000114;eev,integrated,separated,ws;lintim;SiouxFalls;SiouxFalls;True;False;1e-05;6000;1;2;20;50;200;-5;50;0.75;2;55;50;10;10;16;1229;1229
12306544;230;g_000;1;1;38;line_consecutive;0.6;1230;6;2;10-16;1,10;53825.078;54546.76999999999;56852.347999998696;55959.54800000002;721.6919999999882;2305.577999998706;1412.7780000000275;eev,integrated,separated,ws;lintim;SiouxFalls;SiouxFalls;True;False;1e-05;6000;1;2;20;50;200;-5;50;0.75;2;55;50;10;10;16;1230;1230
12306544;231;g_000;1;1;38;line_consecutive;0.6;1231;6;3;16-18;1;52963.772;53512.48600000288;55798.14799999871;55798.14799999871;548.7140000028812;2285.661999995835;2285.661999995835;eev,integrated,separated,ws;lintim;SiouxFalls;SiouxFalls;True;False;1e-05;6000;1;2;20;50;200;-5;50;0.75;2;55;50;10;10;16;1231;1231
12306544;232;g_000;1;1;38;line_consecutive;0.6;1232;6;4;2-6;2;60151.01600000005;61805.16399999782;63254.32399999871;62564.348;1654.1479999977746;1449.1600000008912;759.1840000021766;eev,integrated,separated,ws;lintim;SiouxFalls;SiouxFalls;True;False;1e-05;6000;1;2;20;50;200;-5;50;0.75;2;55;50;10;10;16;1232;1232
12306544;233;g_000;1;1;38;line_consecutive;0.6;1233;6;5;6-8;2;58381.60399999999;59418.164;60307.51999999871;59617.544;1036.560000000005;889.3559999987119;199.38000000000463;eev,integrated,separated,ws;lintim;SiouxFalls;SiouxFalls;True;False;1e-05;6000;1;2;20;50;200;-5;50;0.75;2;55;50;10;10;16;1233;1233
12306544;234;g_000;1;1;38;line_consecutive;0.6;1234;6;6;8-16;2,10,13;58266.37999999999;59456.51199999999;61259.97799999871;59660.112;1190.1319999999978;1803.46599999872;203.6000000000131;eev,integrated,separated,ws;lintim;SiouxFalls;SiouxFalls;True;False;1e-05;6000;1;2;20;50;200;-5;50;0.75;2;55;50;10;10;16;1234;1234
12306544;235;g_000;1;1;38;line_consecutive;0.6;1235;6;7;16-17;2,13;57495.44;58266.08399999999;59306.20999999871;58465.46399999999;770.6439999999857;1040.1259999987233;199.38000000000463;eev,integrated,separated,ws;lintim;SiouxFalls;SiouxFalls;True;False;1e-05;6000;1;2;20;50;200;-5;50;0.75;2;55;50;10;10;16;1235;1235
12306544;236;g_000;1;1;38;line_consecutive;0.6;1236;6;8;17-19;2,13,14;62142.362;62690.33;64025.27599999872;62690.33;547.9680000000008;1334.9459999987157;0.0;eev,integrated,separated,ws;lintim;SiouxFalls;SiouxFalls;True;False;1e-05;6000;1;2;20;50;200;-5;50;0.75;2;55;50;10;10;16;1236;1236
12306544;237;g_000;1;1;38;line_consecutive;0.6;1237;6;9;19-20;2;58797.00199999999;59856.794;60767.20999999871;60077.234;1059.7920000000086;910.4159999987096;220.43999999999505;eev,integrated,separated,ws;lintim;SiouxFalls;SiouxFalls;True;False;1e-05;6000;1;2;20;50;200;-5;50;0.75;2;55;50;10;10;16;1237;1237
12306544;238;g_000;1;1;38;line_consecutive;0.6;1238;6;10;3-4;3,4;55850.504;56721.63799999981;58262.95399999871;58262.95399999872;871.133999999809;1541.3159999989002;1541.3159999989075;eev,integrated,separated,ws;lintim;SiouxFalls;SiouxFalls;True;False;1e-05;6000;1;2;20;50;200;-5;50;0.75;2;55;50;10;10;16;1238;1238
12306544;239;g_000;1;1;38;line_consecutive;0.6;1239;6;11;4-5;3;51140.23999999999;51140.24000000145;51140.23999999871;51140.23999999871;1.4624674804508684e-09;-2.7430360205471516e-09;-2.7430360205471516e-09;eev,integrated,separated,ws;lintim;SiouxFalls;SiouxFalls;True;False;1e-05;6000;1;2;20;50;200;-5;50;0.75;2;55;50;10;10;16;1239;1239
12306544;240;g_000;1;1;38;line_consecutive;0.6;1240;6;12;5-9;3,9;51297.43999999935;51402.24;52676.23999999871;52676.23999999872;104.80000000065048;1273.9999999987122;1273.9999999987194;eev,integrated,separated,ws;lintim;SiouxFalls;SiouxFalls;True;False;1e-05;6000;1;2;20;50;200;-5;50;0.75;2;55;50;10;10;16;1240;1240
12306544;241;g_000;1;1;38;line_consecutive;0.6;1241;6;13;8-9;3,7;51140.23999999999;51140.23999999999;51140.23999999871;51140.23999999878;0.0;-1.280568540096283e-09;-1.2078089639544487e-09;eev,integrated,separated,ws;lintim;SiouxFalls;SiouxFalls;True;False;1e-05;6000;1;2;20;50;200;-5;50;0.75;2;55;50;10;10;16;1241;1241
12306544;242;g_000;1;1;38;line_consecutive;0.6;1242;6;14;7-8;3,7,11;51140.239999998485;51140.23999999999;51140.23999999871;51140.23999999871;1.5061232261359692e-09;-1.280568540096283e-09;-1.280568540096283e-09;eev,integrated,separated,ws;lintim;SiouxFalls;SiouxFalls;True;False;1e-05;6000;1;2;20;50;200;-5;50;0.75;2;55;50;10;10;16;1242;1242
12306544;243;g_000;1;1;38;line_consecutive;0.6;1243;6;15;7-18;3,11;51140.23999999999;51140.23999999999;51140.23999999871;51140.23999999872;0.0;-1.280568540096283e-09;-1.2732925824820995e-09;eev,integrated,separated,ws;lintim;SiouxFalls;SiouxFalls;True;False;1e-05;6000;1;2;20;50;200;-5;50;0.75;2;55;50;10;10;16;1243;1243
12306544;244;g_000;1;1;38;line_consecutive;0.6;1244;6;16;1-3;4,8,12;59842.243999999584;60264.541617676216;60803.22199999872;60803.22199999872;422.2976176766315;538.6803823225055;538.6803823225055;eev,integrated,separated,ws;lintim;SiouxFalls;SiouxFalls;True;False;1e-05;6000;1;2;20;50;200;-5;50;0.75;2;55;50;10;10;16;1244;1244
12306544;245;g_000;1;1;38;line_consecutive;0.6;1245;6;17;4-11;4;54987.98;55844.93000000003;56707.39399999871;56707.39399999872;856.9500000000262;862.463999998683;862.4639999986903;eev,integrated,separated,ws;lintim;SiouxFalls;SiouxFalls;True;False;1e-05;6000;1;2;20;50;200;-5;50;0.75;2;55;50;10;10;16;1245;1245
12306544;246;g_000;1;1;38;line_consecutive;0.6;1246;6;18;11-14;4,8,10;56630.708;57103.37999999999;58523.58799999871;58523.58799999871;472.6719999999914;1420.2079999987182;1420.2079999987182;eev,integrated,separated,ws;lintim;SiouxFalls;SiouxFalls;True;False;1e-05;6000;1;2;20;50;200;-5;50;0.75;2;55;50;10;10;16;1246;1246
12306544;247;g_000;1;1;38;line_consecutive;0.6;1247;6;19;14-23;4,10;55582.238;56025.654;57065.84599999871;57065.84599999871;443.4160000000047;1040.1919999987076;1040.1919999987076;eev,integrated,separated,ws;lintim;SiouxFalls;SiouxFalls;True;False;1e-05;6000;1;2;20;50;200;-5;50;0.75;2;55;50;10;10;16;1247;1247
12306544;248;g_000;1;1;38;line_consecutive;0.6;1248;6;20;23-24;4;54915.992;55792.076;56477.90599999871;56477.90599999872;876.0840000000026;685.8299999987066;685.8299999987212;eev,integrated,separated,ws;lintim;SiouxFalls;SiouxFalls;True;False;1e-05;6000;1;2;20;50;200;-5;50;0.75;2;55;50;10;10;16;1248;1248
12306544;249;g_000;1;1;38;line_consecutive;0.6;1249;6;21;10-15;5,9;52231.754;52336.554;53885.49799999871;53885.49799999871;104.79999999999563;1548.9439999987153;1548.9439999987153;eev,integrated,separated,ws;lintim;SiouxFalls;SiouxFalls;True;False;1e-05;6000;1;2;20;50;200;-5;50;0.75;2;55;50;10;10;16;1249;1249
12306544;250;g_000;1;1;38;line_consecutive;0.6;1250;6;22;15-22;5,13;53433.524000000005;53433.524000000005;53433.52399999871;53433.52399999871;0.0;-1.2951204553246496e-09;-1.2951204553246496e-09;eev,integrated,separated,ws;lintim;SiouxFalls;SiouxFalls;True;False;1e-05;6000;1;2;20;50;200;-5;50;0.75;2;55;50;10;10;16;1250;1250
12306544;251;g_000;1;1;38;line_consecutive;0.6;1251;6;23;22-23;5;51923.066;51923.06599999999;51923.06599999871;51923.06599999871;-7.275957614183426e-12;-1.280568540096283e-09;-1.280568540096283e-09;eev,integrated,separated,ws;lintim;SiouxFalls;SiouxFalls;True;False;1e-05;6000;1;2;20;50;200;-5;50;0.75;2;55;50;10;10;16;1251;1251
12306544;252;g_000;1;1;38;line_consecutive;0.6;1252;6;24;13-24;6;53897.156;54404.436;55157.90599999871;55157.90599999871;507.2799999999989;753.469999998706;753.469999998706;eev,integrated,separated,ws;lintim;SiouxFalls;SiouxFalls;True;False;1e-05;6000;1;2;20;50;200;-5;50;0.75;2;55;50;10;10;16;1252;1252
12306544;253;g_000;1;1;38;line_consecutive;0.6;1253;6;25;21-24;6;53141.78;53396.93999999999;53969.05999999872;53969.05999999872;255.1599999999889;572.1199999987293;572.1199999987293;eev,integrated,separated,ws;lintim;SiouxFalls;SiouxFalls;True;False;1e-05;6000;1;2;20;50;200;-5;50;0.75;2;55;50;10;10;16;1253;1253
12306544;254;g_000;1;1;38;line_consecutive;0.6;1254;6;26;20-21;6;53053.22;53308.380000000005;53891.35399999871;53891.35399999871;255.1600000000035;582.9739999987069;582.9739999987069;eev,integrated,separated,ws;lintim;SiouxFalls;SiouxFalls;True;False;1e-05;6000;1;2;20;50;200;-5;50;0.75;2;55;50;10;10;16;1254;1254
12306544;255;g_000;1;1;38;line_consecutive;0.6;1255;6;27;9-10;7,9;51900.212;52406.85999999999;53043.85999999871;53043.85999999871;506.6479999999938;636.9999999987194;636.9999999987194;eev,integrated,separated,ws;lintim;SiouxFalls;SiouxFalls;True;False;1e-05;6000;1;2;20;50;200;-5;50;0.75;2;55;50;10;10;16;1255;1255
12306544;256;g_000;1;1;38;line_consecutive;0.6;1256;6;28;3-12;8,12;51140.24;51140.23999999999;51140.23999999871;51140.23999999871;-7.275957614183426e-12;-1.280568540096283e-09;-1.280568540096283e-09;eev,integrated,separated,ws;lintim;SiouxFalls;SiouxFalls;True;False;1e-05;6000;1;2;20;50;200;-5;50;0.75;2;55;50;10;10;16;1256;1256
12306544;257;g_000;1;1;38;line_consecutive;0.6;1257;6;29;5-6;9;51297.43999999449;51402.23999999999;52676.23999999871;52676.23999999871;104.80000000550352;1273.9999999987194;1273.9999999987194;eev,integrated,separated,ws;lintim;SiouxFalls;SiouxFalls;True;False;1e-05;6000;1;2;20;50;200;-5;50;0.75;2;55;50;10;10;16;1257;1257
12306544;258;g_000;1;1;38;line_consecutive;0.6;1258;6;30;15-19;9,13,14;51848.372;52320.45999999991;54262.00999999856;54262.00999999856;472.0879999999088;1941.5499999986496;1941.5499999986496;eev,integrated,separated,ws;lintim;SiouxFalls;SiouxFalls;True;False;1e-05;6000;1;2;20;50;200;-5;50;0.75;2;55;50;10;10;16;1258;1258
12306544;259;g_000;1;1;38;line_consecutive;0.6;1259;6;31;20-22;11;51140.24000000015;51140.24;51140.2399999785;51140.239999978505;-1.5279510989785194e-10;-2.1500454749912024e-08;-2.1493178792297843e-08;eev,integrated,separated,ws;lintim;SiouxFalls;SiouxFalls;True;False;1e-05;6000;1;2;20;50;200;-5;50;0.75;2;55;50;10;10;16;1259;1259
12306544;260;g_000;1;1;38;line_consecutive;0.6;1260;6;32;18-20;11;51140.24;51140.24;51140.23999998272;51140.239999982725;0.0;-1.7280399333685637e-08;-1.7273123376071453e-08;eev,integrated,separated,ws;lintim;SiouxFalls;SiouxFalls;True;False;1e-05;6000;1;2;20;50;200;-5;50;0.75;2;55;50;10;10;16;1260;1260
12306544;261;g_000;1;1;38;line_consecutive;0.6;1261;6;33;12-13;12;51140.23999995127;51140.23999999999;51140.23999999871;51140.23999999872;4.8719812184572226e-08;-1.280568540096283e-09;-1.2732925824820995e-09;eev,integrated,separated,ws;lintim;SiouxFalls;SiouxFalls;True;False;1e-05;6000;1;2;20;50;200;-5;50;0.75;2;55;50;10;10;16;1261;1261
12306544;262;g_000;1;1;38;line_consecutive;0.6;1262;6;34;1-2;12;51140.240000000005;51140.240000000005;51140.23999999871;51140.23999999872;0.0;-1.2951204553246496e-09;-1.2878444977104664e-09;eev,integrated,separated,ws;lintim;SiouxFalls;SiouxFalls;True;False;1e-05;6000;1;2;20;50;200;-5;50;0.75;2;55;50;10;10;16;1262;1262
12306544;263;g_000;1;1;38;line_consecutive;0.6;1263;6;35;21-22;13;51454.544;51664.07999999999;51824.22199999872;51824.22199999872;209.5359999999855;160.1419999987338;160.1419999987338;eev,integrated,separated,ws;lintim;SiouxFalls;SiouxFalls;True;False;1e-05;6000;1;2;20;50;200;-5;50;0.75;2;55;50;10;10;16;1263;1263
12306544;264;g_000;1;1;38;line_consecutive;0.6;1264;6;36;14-15;14;51340.952000000005;51474.76;51692.39599999871;51692.39599999871;133.80799999999726;217.6359999987108;217.6359999987108;eev,integrated,separated,ws;lintim;SiouxFalls;SiouxFalls;True;False;1e-05;6000;1;2;20;50;200;-5;50;0.75;2;55;50;10;10;16;1264;1264
12306544;265;g_000;1;1;38;line_consecutive;0.6;1265;6;37;10-17;14;51340.952;51474.76000000001;51692.39599999871;51692.39599999871;133.80800000001182;217.63599999870348;217.63599999870348;eev,integrated,separated,ws;lintim;SiouxFalls;SiouxFalls;True;False;1e-05;6000;1;2;20;50;200;-5;50;0.75;2;55;50;10;10;16;1265;1265
12306544;266;g_000;1;1;38;line_consecutive;0.7;1266;7;0;11-12;1,7,8;57671.39399999371;58619.49499999944;59758.77299999904;59391.937;948.1010000057358;1139.2779999995985;772.4420000005557;eev,integrated,separated,ws;lintim;SiouxFalls;SiouxFalls;True;False;1e-05;6000;1;2;20;50;200;-5;50;0.75;2;55;50;10;10;16;1266;1266
12306544;267;g_000;1;1;38;line_consecutive;0.7;1267;7;1;10-11;1,7,10;57206.692;58152.21400000068;60777.370999999024;59270.24899999998;945.522000000674;2625.156999998348;1118.034999999305;eev,integrated,separated,ws;lintim;SiouxFalls;SiouxFalls;True;False;1e-05;6000;1;2;20;50;200;-5;50;0.75;2;55;50;10;10;16;1267;1267
12306544;268;g_000;1;1;38;line_consecutive;0.7;1268;7;2;10-16;1,10;54272.551;54897.703;57804.36599999902;55783.25999824681;625.1520000000019;2906.662999999018;885.5569982468078;eev,integrated,separated,ws;lintim;SiouxFalls;SiouxFalls;True;False;1e-05;6000;1;2;20;50;200;-5;50;0.75;2;55;50;10;10;16;1268;1268
12306544;269;g_000;1;1;38;line_consecutive;0.7;1269;7;3;16-18;1;53267.69399999999;53698.194;56574.46599999903;55516.866000000016;430.50000000001455;2876.271999999029;1818.6720000000128;eev,integrated,separated,ws;lintim;SiouxFalls;SiouxFalls;True;False;1e-05;6000;1;2;20;50;200;-5;50;0.75;2;55;50;10;10;16;1269;1269
12306544;270;g_000;1;1;38;line_consecutive;0.7;1270;7;4;2-6;2;61652.81200000005;63245.718000000015;65273.33799999903;63911.055;1592.9059999999663;2027.619999999013;665.336999999985;eev,integrated,separated,ws;lintim;SiouxFalls;SiouxFalls;True;False;1e-05;6000;1;2;20;50;200;-5;50;0.75;2;55;50;10;10;16;1270;1270
12306544;271;g_000;1;1;38;line_consecutive;0.7;1271;7;5;6-8;2;59588.49799999999;60386.11199999998;61835.39999999904;60789.762;797.6139999999868;1449.287999999062;403.6500000000233;eev,integrated,separated,ws;lintim;SiouxFalls;SiouxFalls;True;False;1e-05;6000;1;2;20;50;200;-5;50;0.75;2;55;50;10;10;16;1271;1271
12306544;272;g_000;1;1;38;line_consecutive;0.7;1272;7;6;8-16;2,10,13;59454.06999999999;60498.69400000001;62946.60099999902;60781.25789333264;1044.624000000018;2447.9069999990097;282.5638933326263;eev,integrated,separated,ws;lintim;SiouxFalls;SiouxFalls;True;False;1e-05;6000;1;2;20;50;200;-5;50;0.75;2;55;50;10;10;16;1272;1272
12306544;273;g_000;1;1;38;line_consecutive;0.7;1273;7;7;16-17;2,13;58554.64;59188.03800000001;60667.20499999903;59553.18399999841;633.3980000000083;1479.166999999019;365.14599999839993;eev,integrated,separated,ws;lintim;SiouxFalls;SiouxFalls;True;False;1e-05;6000;1;2;20;50;200;-5;50;0.75;2;55;50;10;10;16;1273;1273
12306544;274;g_000;1;1;38;line_consecutive;0.7;1274;7;8;17-19;2,13,14;63976.049;64387.025;66172.78199999903;65354.675;410.9760000000024;1785.75699999903;967.6500000000016;eev,integrated,separated,ws;lintim;SiouxFalls;SiouxFalls;True;False;1e-05;6000;1;2;20;50;200;-5;50;0.75;2;55;50;10;10;16;1274;1274
12306544;275;g_000;1;1;38;line_consecutive;0.7;1275;7;9;19-20;2;60073.12899999999;60870.74299999999;62371.70499999903;61275.38699999998;797.6139999999941;1500.961999999039;404.64399999999296;eev,integrated,separated,ws;lintim;SiouxFalls;SiouxFalls;True;False;1e-05;6000;1;2;20;50;200;-5;50;0.75;2;55;50;10;10;16;1275;1275
12306544;276;g_000;1;1;38;line_consecutive;0.7;1276;7;10;3-4;3,4;56635.548;57445.257;59450.07299999903;59450.072968370536;809.7089999999953;2004.8159999990312;2004.815968370538;eev,integrated,separated,ws;lintim;SiouxFalls;SiouxFalls;True;False;1e-05;6000;1;2;20;50;200;-5;50;0.75;2;55;50;10;10;16;1276;1276
12306544;277;g_000;1;1;38;line_consecutive;0.7;1277;7;11;4-5;3;51140.23999999999;51140.239999998565;51140.23999999903;51140.23999999903;-1.4260876923799515e-09;4.656612873077393e-10;4.656612873077393e-10;eev,integrated,separated,ws;lintim;SiouxFalls;SiouxFalls;True;False;1e-05;6000;1;2;20;50;200;-5;50;0.75;2;55;50;10;10;16;1277;1277
12306544;278;g_000;1;1;38;line_consecutive;0.7;1278;7;12;5-9;3,9;51323.63999999924;51402.24;52932.23999999903;52932.23999999904;78.60000000075524;1529.9999999990323;1529.9999999990396;eev,integrated,separated,ws;lintim;SiouxFalls;SiouxFalls;True;False;1e-05;6000;1;2;20;50;200;-5;50;0.75;2;55;50;10;10;16;1278;1278
12306544;279;g_000;1;1;38;line_consecutive;0.7;1279;7;13;8-9;3,7;51140.23999999999;51140.24;51140.23999999903;51140.23999999904;7.275957614183426e-12;-9.677023626863954e-10;-9.60426405072212e-10;eev,integrated,separated,ws;lintim;SiouxFalls;SiouxFalls;True;False;1e-05;6000;1;2;20;50;200;-5;50;0.75;2;55;50;10;10;16;1279;1279
12306544;280;g_000;1;1;38;line_consecutive;0.7;1280;7;14;7-8;3,7,11;51140.23999999823;51140.23999982255;51140.23999999903;51140.23999999903;-1.7567799659445884e-07;1.76478351932019e-07;1.76478351932019e-07;eev,integrated,separated,ws;lintim;SiouxFalls;SiouxFalls;True;False;1e-05;6000;1;2;20;50;200;-5;50;0.75;2;55;50;10;10;16;1280;1280
12306544;281;g_000;1;1;38;line_consecutive;0.7;1281;7;15;7-18;3,11;51140.23999999999;51140.24;51140.23999999903;51140.23999999903;7.275957614183426e-12;-9.677023626863954e-10;-9.677023626863954e-10;eev,integrated,separated,ws;lintim;SiouxFalls;SiouxFalls;True;False;1e-05;6000;1;2;20;50;200;-5;50;0.75;2;55;50;10;10;16;1281;1281
12306544;282;g_000;1;1;38;line_consecutive;0.7;1282;7;16;1-3;4,8,12;61292.57799999952;61609.30000000002;62413.71899999902;62413.71899999903;316.72200000049634;804.4189999990049;804.4189999990122;eev,integrated,separated,ws;lintim;SiouxFalls;SiouxFalls;True;False;1e-05;6000;1;2;20;50;200;-5;50;0.75;2;55;50;10;10;16;1282;1282
12306544;283;g_000;1;1;38;line_consecutive;0.7;1283;7;17;4-11;4;55629.26999999999;56422.431;57635.25299999904;57635.25299999976;793.1610000000073;1212.8219999990397;1212.82199999976;eev,integrated,separated,ws;lintim;SiouxFalls;SiouxFalls;True;False;1e-05;6000;1;2;20;50;200;-5;50;0.75;2;55;50;10;10;16;1283;1283
12306544;284;g_000;1;1;38;line_consecutive;0.7;1284;7;18;11-14;4,8,10;57545.78599999999;57912.48;59754.14599999903;58889.523;366.6940000000104;1841.6659999990295;977.0429999999978;eev,integrated,separated,ws;lintim;SiouxFalls;SiouxFalls;True;False;1e-05;6000;1;2;20;50;200;-5;50;0.75;2;55;50;10;10;16;1284;1284
12306544;285;g_000;1;1;38;line_consecutive;0.7;1285;7;19;14-23;4,10;56322.57099999999;56655.133;58053.44699999903;57520.484;332.56200000001263;1398.3139999990308;865.3509999999951;eev,integrated,separated,ws;lintim;SiouxFalls;SiouxFalls;True;False;1e-05;6000;1;2;20;50;200;-5;50;0.75;2;55;50;10;10;16;1285;1285
12306544;286;g_000;1;1;38;line_consecutive;0.7;1286;7;20;23-24;4;55545.284;56368.321;57367.51699999903;57367.51699999976;823.0370000000039;999.1959999990286;999.1959999997562;eev,integrated,separated,ws;lintim;SiouxFalls;SiouxFalls;True;False;1e-05;6000;1;2;20;50;200;-5;50;0.75;2;55;50;10;10;16;1286;1286
12306544;287;g_000;1;1;38;line_consecutive;0.7;1287;7;21;10-15;5,9;52413.673;52492.273;54343.04099999903;54343.04099999904;78.59999999999854;1850.7679999990287;1850.767999999036;eev,integrated,separated,ws;lintim;SiouxFalls;SiouxFalls;True;False;1e-05;6000;1;2;20;50;200;-5;50;0.75;2;55;50;10;10;16;1287;1287
12306544;288;g_000;1;1;38;line_consecutive;0.7;1288;7;22;15-22;5,13;53815.738;53815.738;53815.73799999903;53815.73799999904;0.0;-9.677023626863954e-10;-9.60426405072212e-10;eev,integrated,separated,ws;lintim;SiouxFalls;SiouxFalls;True;False;1e-05;6000;1;2;20;50;200;-5;50;0.75;2;55;50;10;10;16;1288;1288
12306544;289;g_000;1;1;38;line_consecutive;0.7;1289;7;23;22-23;5;52053.537;52053.537;52053.53699999904;52053.53699999904;0.0;-9.531504474580288e-10;-9.531504474580288e-10;eev,integrated,separated,ws;lintim;SiouxFalls;SiouxFalls;True;False;1e-05;6000;1;2;20;50;200;-5;50;0.75;2;55;50;10;10;16;1289;1289
12306544;290;g_000;1;1;38;line_consecutive;0.7;1290;7;24;13-24;6;54356.642;54842.152;55827.51699999903;55827.51699999903;485.5100000000021;985.3649999990304;985.3649999990304;eev,integrated,separated,ws;lintim;SiouxFalls;SiouxFalls;True;False;1e-05;6000;1;2;20;50;200;-5;50;0.75;2;55;50;10;10;16;1290;1290
12306544;291;g_000;1;1;38;line_consecutive;0.7;1291;7;25;21-24;6;53475.37;53666.73999999999;54440.52999999904;54440.52999999904;191.36999999998807;773.7899999990477;773.7899999990477;eev,integrated,separated,ws;lintim;SiouxFalls;SiouxFalls;True;False;1e-05;6000;1;2;20;50;200;-5;50;0.75;2;55;50;10;10;16;1291;1291
12306544;292;g_000;1;1;38;line_consecutive;0.7;1292;7;26;20-21;6;53372.05;53563.42000000001;54349.87299999903;54349.87299999903;191.3700000000099;786.4529999990191;786.4529999990191;eev,integrated,separated,ws;lintim;SiouxFalls;SiouxFalls;True;False;1e-05;6000;1;2;20;50;200;-5;50;0.75;2;55;50;10;10;16;1292;1292
12306544;293;g_000;1;1;38;line_consecutive;0.7;1293;7;27;9-10;7,9;52026.874;52406.86000000085;53361.12999999903;53361.12999999903;379.9860000008484;954.2699999981778;954.2699999981778;eev,integrated,separated,ws;lintim;SiouxFalls;SiouxFalls;True;False;1e-05;6000;1;2;20;50;200;-5;50;0.75;2;55;50;10;10;16;1293;1293
12306544;294;g_000;1;1;38;line_consecutive;0.7;1294;7;28;3-12;8,12;51140.24;51140.23999999773;51140.23999999903;51140.23999999903;-2.270098775625229e-09;1.302396412938833e-09;1.302396412938833e-09;eev,integrated,separated,ws;lintim;SiouxFalls;SiouxFalls;True;False;1e-05;6000;1;2;20;50;200;-5;50;0.75;2;55;50;10;10;16;1294;1294
12306544;295;g_000;1;1;38;line_consecutive;0.7;1295;7;29;5-6;9;51323.63999999356;51402.23999999999;52932.23999999903;52932.23999999903;78.60000000643049;1529.9999999990396;1529.9999999990396;eev,integrated,separated,ws;lintim;SiouxFalls;SiouxFalls;True;False;1e-05;6000;1;2;20;50;200;-5;50;0.75;2;55;50;10;10;16;1295;1295
12306544;296;g_000;1;1;38;line_consecutive;0.7;1296;7;30;15-19;9,13,14;51966.39399999999;52320.45999999988;54782.30499999884;54782.30499999884;354.0659999998897;2461.8449999989607;2461.8449999989607;eev,integrated,separated,ws;lintim;SiouxFalls;SiouxFalls;True;False;1e-05;6000;1;2;20;50;200;-5;50;0.75;2;55;50;10;10;16;1296;1296
12306544;297;g_000;1;1;38;line_consecutive;0.7;1297;7;31;20-22;11;51140.24000000017;51140.24;51140.239999975456;51140.239999975456;-1.7462298274040222e-10;-2.4541805032640696e-08;-2.4541805032640696e-08;eev,integrated,separated,ws;lintim;SiouxFalls;SiouxFalls;True;False;1e-05;6000;1;2;20;50;200;-5;50;0.75;2;55;50;10;10;16;1297;1297
12306544;298;g_000;1;1;38;line_consecutive;0.7;1298;7;32;18-20;11;51140.24;51140.24;51140.239999980375;51140.23999998038;0.0;-1.96232576854527e-08;-1.961598172783852e-08;eev,integrated,separated,ws;lintim;SiouxFalls;SiouxFalls;True;False;1e-05;6000;1;2;20;50;200;-5;50;0.75;2;55;50;10;10;16;1298;1298
12306544;299;g_000;1;1;38;line_consecutive;0.7;1299;7;33;12-13;12;51140.23999994314;51140.23999999999;51140.23999999903;51140.23999999861;5.684705683961511e-08;-9.60426405072212e-10;-1.382431946694851e-09;eev,integrated,separated,ws;lintim;SiouxFalls;SiouxFalls;True;False;1e-05;6000;1;2;20;50;200;-5;50;0.75;2;55;50;10;10;16;1299;1299
12306544;300;g_000;1;1;38;line_consecutive;0.7;1300;7;34;1-2;12;51140.24;51140.23999999999;51140.23999999903;51140.23999999861;-7.275957614183426e-12;-9.60426405072212e-10;-1.382431946694851e-09;eev,integrated,separated,ws;lintim;SiouxFalls;SiouxFalls;True;False;1e-05;6000;1;2;20;50;200;-5;50;0.75;2;55;50;10;10;16;1300;1300
12306544;301;g_000;1;1;38;line_consecutive;0.7;1301;7;35;21-22;13;51506.92799999999;51664.08;51938.21899999903;51938.21899999904;157.15200000000914;274.1389999990279;274.13899999903515;eev,integrated,separated,ws;lintim;SiouxFalls;SiouxFalls;True;False;1e-05;6000;1;2;20;50;200;-5;50;0.75;2;55;50;10;10;16;1301;1301
12306544;302;g_000;1;1;38;line_consecutive;0.7;1302;7;36;14-15;14;51374.404;51474.76;51784.42199999903;51784.42199999903;100.35599999999975;309.6619999990289;309.6619999990289;eev,integrated,separated,ws;lintim;SiouxFalls;SiouxFalls;True;False;1e-05;6000;1;2;20;50;200;-5;50;0.75;2;55;50;10;10;16;1302;1302
12306544;303;g_000;1;1;38;line_consecutive;0.7;1303;7;37;10-17;14;51374.404;51474.75999999978;51784.42199999903;51784.42199999903;100.3559999997742;309.6619999992545;309.6619999992545;eev,integrated,separated,ws;lintim;SiouxFalls;SiouxFalls;True;False;1e-05;6000;1;2;20;50;200;-5;50;0.75;2;55;50;10;10;16;1303;1303
12306544;304;g_000;1;1;38;line_consecutive;0.8;1304;8;0;11-12;1,7,8;58604.41599999281;59449.12;60989.99199999936;59543.772;844.7040000071938;1540.8719999993557;94.6519999999946;eev,integrated,separated,ws;lintim;SiouxFalls;SiouxFalls;True;False;1e-05;6000;1;2;20;50;200;-5;50;0.75;2;55;50;10;10;16;1304;1304
12306544;305;g_000;1;1;38;line_consecutive;0.8;1305;8;1;10-11;1,7,10;58073.328;58703.67599999999;62154.10399999935;59943.42399999999;630.3479999999909;3450.42799999936;1239.7479999999996;eev,integrated,separated,ws;lintim;SiouxFalls;SiouxFalls;True;False;1e-05;6000;1;2;20;50;200;-5;50;0.75;2;55;50;10;10;16;1305;1305
12306544;306;g_000;1;1;38;line_consecutive;0.8;1306;8;2;10-16;1,10;54720.024;55136.792;58756.383999999336;55341.09999999913;416.76800000000367;3619.591999999335;204.30799999913145;eev,integrated,separated,ws;lintim;SiouxFalls;SiouxFalls;True;False;1e-05;6000;1;2;20;50;200;-5;50;0.75;2;55;50;10;10;16;1306;1306
12306544;307;g_000;1;1;38;line_consecutive;0.8;1307;8;3;16-18;1;53571.616;53858.616;57350.78399999935;54992.83999883117;287.0;3492.1679999993503;1134.2239988311703;eev,integrated,separated,ws;lintim;SiouxFalls;SiouxFalls;True;False;1e-05;6000;1;2;20;50;200;-5;50;0.75;2;55;50;10;10;16;1307;1307
12306544;308;g_000;1;1;38;line_consecutive;0.8;1308;8;4;2-6;2;63154.60800000005;64483.27999999999;67292.35199999936;65271.076;1328.6719999999405;2809.071999999367;787.7960000000094;eev,integrated,separated,ws;lintim;SiouxFalls;SiouxFalls;True;False;1e-05;6000;1;2;20;50;200;-5;50;0.75;2;55;50;10;10;16;1308;1308
12306544;309;g_000;1;1;38;line_consecutive;0.8;1309;8;5;6-8;2;60795.39199999998;61330.828;63363.27999999936;62110.37999999999;535.4360000000233;2032.4519999993568;779.5519999999888;eev,integrated,separated,ws;lintim;SiouxFalls;SiouxFalls;True;False;1e-05;6000;1;2;20;50;200;-5;50;0.75;2;55;50;10;10;16;1309;1309
12306544;310;g_000;1;1;38;line_consecutive;0.8;1310;8;6;8-16;2,10,13;60641.76;61338.176000000014;64633.22399999935;62318.17800000001;696.416000000012;3295.047999999333;980.0019999999932;eev,integrated,separated,ws;lintim;SiouxFalls;SiouxFalls;True;False;1e-05;6000;1;2;20;50;200;-5;50;0.75;2;55;50;10;10;16;1310;1310
12306544;311;g_000;1;1;38;line_consecutive;0.8;1311;8;7;16-17;2,13;59613.84;60109.991999997816;62028.19999999936;61680.92999999999;496.1519999978191;1918.2080000015408;1570.9380000021774;eev,integrated,separated,ws;lintim;SiouxFalls;SiouxFalls;True;False;1e-05;6000;1;2;20;50;200;-5;50;0.75;2;55;50;10;10;16;1311;1311
12306544;312;g_000;1;1;38;line_consecutive;0.8;1312;8;8;17-19;2,13,14;65809.736;66083.72;68320.28799999936;70203.616;273.98399999999674;2236.567999999359;4119.895999999993;eev,integrated,separated,ws;lintim;SiouxFalls;SiouxFalls;True;False;1e-05;6000;1;2;20;50;200;-5;50;0.75;2;55;50;10;10;16;1312;1312
12306544;313;g_000;1;1;38;line_consecutive;0.8;1313;8;9;19-20;2;61349.256;61884.69199999998;63976.19999999936;62658.796;535.4359999999797;2091.507999999376;774.1040000000212;eev,integrated,separated,ws;lintim;SiouxFalls;SiouxFalls;True;False;1e-05;6000;1;2;20;50;200;-5;50;0.75;2;55;50;10;10;16;1313;1313
12306544;314;g_000;1;1;38;line_consecutive;0.8;1314;8;10;3-4;3,4;57420.592;57993.87599999998;60637.19199999936;59116.652;573.2839999999851;2643.3159999993804;1122.7760000000198;eev,integrated,separated,ws;lintim;SiouxFalls;SiouxFalls;True;False;1e-05;6000;1;2;20;50;200;-5;50;0.75;2;55;50;10;10;16;1314;1314
12306544;315;g_000;1;1;38;line_consecutive;0.8;1315;8;11;4-5;3;51140.23999999999;51140.2399999935;51140.23999999935;51140.23999999936;-6.490154191851616e-09;5.849869921803473e-09;5.857145879417658e-09;eev,integrated,separated,ws;lintim;SiouxFalls;SiouxFalls;True;False;1e-05;6000;1;2;20;50;200;-5;50;0.75;2;55;50;10;10;16;1315;1315
12306544;316;g_000;1;1;38;line_consecutive;0.8;1316;8;12;5-9;3,9;51349.83999999912;51402.24;53188.23999999935;53188.23999999936;52.40000000087457;1785.9999999993524;1785.9999999993595;eev,integrated,separated,ws;lintim;SiouxFalls;SiouxFalls;True;False;1e-05;6000;1;2;20;50;200;-5;50;0.75;2;55;50;10;10;16;1316;1316
12306544;317;g_000;1;1;38;line_consecutive;0.8;1317;8;13;8-9;3,7;51140.23999999999;51140.24;51140.23999999935;51140.23999999935;7.275957614183426e-12;-6.475602276623248e-10;-6.475602276623248e-10;eev,integrated,separated,ws;lintim;SiouxFalls;SiouxFalls;True;False;1e-05;6000;1;2;20;50;200;-5;50;0.75;2;55;50;10;10;16;1317;1317
12306544;318;g_000;1;1;38;line_consecutive;0.8;1318;8;14;7-8;3,7,11;51140.239999997975;51140.24;51140.23999999935;51140.23999999935;2.0227162167429924e-09;-6.475602276623248e-10;-6.475602276623248e-10;eev,integrated,separated,ws;lintim;SiouxFalls;SiouxFalls;True;False;1e-05;6000;1;2;20;50;200;-5;50;0.75;2;55;50;10;10;16;1318;1318
12306544;319;g_000;1;1;38;line_consecutive;0.8;1319;8;15;7-18;3,11;51140.23999999999;51140.24;51140.23999999935;51140.23999999935;7.275957614183426e-12;-6.475602276623248e-10;-6.475602276623248e-10;eev,integrated,separated,ws;lintim;SiouxFalls;SiouxFalls;True;False;1e-05;6000;1;2;20;50;200;-5;50;0.75;2;55;50;10;10;16;1319;1319
12306544;320;g_000;1;1;38;line_consecutive;0.8;1320;8;16;1-3;4,8,12;62742.91199999945;62954.05999999998;64024.21599999936;62957.8;211.1480000005322;1070.155999999377;3.740000000019791;eev,integrated,separated,ws;lintim;SiouxFalls;SiouxFalls;True;False;1e-05;6000;1;2;20;50;200;-5;50;0.75;2;55;50;10;10;16;1320;1320
12306544;321;g_000;1;1;38;line_consecutive;0.8;1321;8;17;4-11;4;56270.55999999999;56843.84400000014;58563.11199999935;57446.99599999999;573.2840000001524;1719.2679999992106;603.1519999998491;eev,integrated,separated,ws;lintim;SiouxFalls;SiouxFalls;True;False;1e-05;6000;1;2;20;50;200;-5;50;0.75;2;55;50;10;10;16;1321;1321
12306544;322;g_000;1;1;38;line_consecutive;0.8;1322;8;18;11-14;4,8,10;58460.864;58721.58000000001;60984.70399999936;58721.58;260.7160000000076;2263.1239999993486;-7.275957614183426e-12;eev,integrated,separated,ws;lintim;SiouxFalls;SiouxFalls;True;False;1e-05;6000;1;2;20;50;200;-5;50;0.75;2;55;50;10;10;16;1322;1322
12306544;323;g_000;1;1;38;line_consecutive;0.8;1323;8;19;14-23;4,10;57062.904;57284.61200000001;59041.04799999936;57284.61199999983;221.708000000006;1756.435999999354;-1.8189894035458562e-10;eev,integrated,separated,ws;lintim;SiouxFalls;SiouxFalls;True;False;1e-05;6000;1;2;20;50;200;-5;50;0.75;2;55;50;10;10;16;1323;1323
12306544;324;g_000;1;1;38;line_consecutive;0.8;1324;8;20;23-24;4;56174.576;56747.86;58257.12799999935;57201.244;573.2839999999997;1509.2679999993488;453.3839999999982;eev,integrated,separated,ws;lintim;SiouxFalls;SiouxFalls;True;False;1e-05;6000;1;2;20;50;200;-5;50;0.75;2;55;50;10;10;16;1324;1324
12306544;325;g_000;1;1;38;line_consecutive;0.8;1325;8;21;10-15;5,9;52595.592;52647.992000000006;54800.58399999935;54800.58399999936;52.40000000000873;2152.591999999342;2152.5919999993566;eev,integrated,separated,ws;lintim;SiouxFalls;SiouxFalls;True;False;1e-05;6000;1;2;20;50;200;-5;50;0.75;2;55;50;10;10;16;1325;1325
12306544;326;g_000;1;1;38;line_consecutive;0.8;1326;8;22;15-22;5,13;54197.952;54197.952;54197.95199999935;54197.95199999935;0.0;-6.475602276623248e-10;-6.475602276623248e-10;eev,integrated,separated,ws;lintim;SiouxFalls;SiouxFalls;True;False;1e-05;6000;1;2;20;50;200;-5;50;0.75;2;55;50;10;10;16;1326;1326
12306544;327;g_000;1;1;38;line_consecutive;0.8;1327;8;23;22-23;5;52184.008;52184.008;52184.00799999936;52184.00799999936;0.0;-6.402842700481415e-10;-6.402842700481415e-10;eev,integrated,separated,ws;lintim;SiouxFalls;SiouxFalls;True;False;1e-05;6000;1;2;20;50;200;-5;50;0.75;2;55;50;10;10;16;1327;1327
12306544;328;g_000;1;1;38;line_consecutive;0.8;1328;8;24;13-24;6;54816.128;55279.868;56497.12799999935;56497.12799999936;463.7400000000053;1217.2599999993472;1217.2599999993545;eev,integrated,separated,ws;lintim;SiouxFalls;SiouxFalls;True;False;1e-05;6000;1;2;20;50;200;-5;50;0.75;2;55;50;10;10;16;1328;1328
12306544;329;g_000;1;1;38;line_consecutive;0.8;1329;8;25;21-24;6;53808.96;53936.53999999999;54911.99999999935;54911.99999999936;127.57999999999448;975.4599999993588;975.459999999366;eev,integrated,separated,ws;lintim;SiouxFalls;SiouxFalls;True;False;1e-05;6000;1;2;20;50;200;-5;50;0.75;2;55;50;10;10;16;1329;1329
12306544;330;g_000;1;1;38;line_consecutive;0.8;1330;8;26;20-21;6;53690.87999999999;53818.46000000001;54808.39199999935;54808.39199999936;127.5800000000163;989.931999999346;989.9319999993533;eev,integrated,separated,ws;lintim;SiouxFalls;SiouxFalls;True;False;1e-05;6000;1;2;20;50;200;-5;50;0.75;2;55;50;10;10;16;1330;1330
12306544;331;g_000;1;1;38;line_consecutive;0.8;1331;8;27;9-10;7,9;52153.536;52406.85999999999;53678.39999999935;53678.39999999936;253.32399999999325;1271.5399999993533;1271.539999999368;eev,integrated,separated,ws;lintim;SiouxFalls;SiouxFalls;True;False;1e-05;6000;1;2;20;50;200;-5;50;0.75;2;55;50;10;10;16;1331;1331
12306544;332;g_000;1;1;38;line_consecutive;0.8;1332;8;28;3-12;8,12;51140.24;51140.240000000005;51140.23999999935;51140.23999999935;7.275957614183426e-12;-6.548361852765082e-10;-6.548361852765082e-10;eev,integrated,separated,ws;lintim;SiouxFalls;SiouxFalls;True;False;1e-05;6000;1;2;20;50;200;-5;50;0.75;2;55;50;10;10;16;1332;1332
12306544;333;g_000;1;1;38;line_consecutive;0.8;1333;8;29;5-6;9;51349.83999999265;51402.24;53188.23999999935;53188.23999999935;52.40000000735017;1785.9999999993524;1785.9999999993524;eev,integrated,separated,ws;lintim;SiouxFalls;SiouxFalls;True;False;1e-05;6000;1;2;20;50;200;-5;50;0.75;2;55;50;10;10;16;1333;1333
12306544;334;g_000;1;1;38;line_consecutive;0.8;1334;8;30;15-19;9,13,14;52084.41599999999;52320.46000000001;55302.59999999914;53414.232;236.04400000001624;2982.1399999991336;1093.7719999999972;eev,integrated,separated,ws;lintim;SiouxFalls;SiouxFalls;True;False;1e-05;6000;1;2;20;50;200;-5;50;0.75;2;55;50;10;10;16;1334;1334
12306544;335;g_000;1;1;38;line_consecutive;0.8;1335;8;31;20-22;11;51140.2400000002;51140.23997376751;51140.2399999724;51140.23999997241;-2.623269392643124e-05;2.6204892492387444e-05;2.6204899768345055e-05;eev,integrated,separated,ws;lintim;SiouxFalls;SiouxFalls;True;False;1e-05;6000;1;2;20;50;200;-5;50;0.75;2;55;50;10;10;16;1335;1335
12306544;336;g_000;1;1;38;line_consecutive;0.8;1336;8;32;18-20;11;51140.24;51140.23999999991;51140.23999997803;51140.23999997804;-8.731149137020111e-11;-2.1878804545849562e-08;-2.1871528588235375e-08;eev,integrated,separated,ws;lintim;SiouxFalls;SiouxFalls;True;False;1e-05;6000;1;2;20;50;200;-5;50;0.75;2;55;50;10;10;16;1336;1336
12306544;337;g_000;1;1;38;line_consecutive;0.8;1337;8;33;12-13;12;51140.23999993502;51140.24000000001;51140.23999999935;51140.23999999936;6.499612936750054e-08;-6.621121428906918e-10;-6.548361852765082e-10;eev,integrated,separated,ws;lintim;SiouxFalls;SiouxFalls;True;False;1e-05;6000;1;2;20;50;200;-5;50;0.75;2;55;50;10;10;16;1337;1337
12306544;338;g_000;1;1;38;line_consecutive;0.8;1338;8;34;1-2;12;51140.240000000005;51140.24000000165;51140.23999999935;51140.23999999936;1.6443664208054543e-09;-2.299202606081962e-09;-2.291926648467779e-09;eev,integrated,separated,ws;lintim;SiouxFalls;SiouxFalls;True;False;1e-05;6000;1;2;20;50;200;-5;50;0.75;2;55;50;10;10;16;1338;1338
12306544;339;g_000;1;1;38;line_consecutive;0.8;1339;8;35;21-22;13;51559.31199999999;51664.08000000185;52052.21599999935;52052.21599999936;104.76800000185904;388.13599999750295;388.1359999975102;eev,integrated,separated,ws;lintim;SiouxFalls;SiouxFalls;True;False;1e-05;6000;1;2;20;50;200;-5;50;0.75;2;55;50;10;10;16;1339;1339
12306544;340;g_000;1;1;38;line_consecutive;0.8;1340;8;36;14-15;14;51407.856;51474.76;51876.44799999935;51876.44799999935;66.90400000000227;401.6879999993471;401.6879999993471;eev,integrated,separated,ws;lintim;SiouxFalls;SiouxFalls;True;False;1e-05;6000;1;2;20;50;200;-5;50;0.75;2;55;50;10;10;16;1340;1340
12306544;341;g_000;1;1;38;line_consecutive;0.8;1341;8;37;10-17;14;51407.85599999999;51474.76;51876.44799999935;51876.44799999935;66.90400000000955;401.6879999993471;401.6879999993471;eev,integrated,separated,ws;lintim;SiouxFalls;SiouxFalls;True;False;1e-05;6000;1;2;20;50;200;-5;50;0.75;2;55;50;10;10;16;1341;1341
12306544;342;g_000;1;1;38;line_consecutive;0.9;1342;9;0;11-12;1,7,8;59537.437999991904;60159.217;62221.21099999968;61058.752999999175;621.7790000080931;2061.993999999686;899.5359999991779;eev,integrated,separated,ws;lintim;SiouxFalls;SiouxFalls;True;False;1e-05;6000;1;2;20;50;200;-5;50;0.75;2;55;50;10;10;16;1342;1342
12306544;343;g_000;1;1;38;line_consecutive;0.9;1343;9;1;10-11;1,7,10;58939.96399999999;59255.138000000006;63530.83699999968;59752.79800000001;315.1740000000136;4275.698999999673;497.6600000000035;eev,integrated,separated,ws;lintim;SiouxFalls;SiouxFalls;True;False;1e-05;6000;1;2;20;50;200;-5;50;0.75;2;55;50;10;10;16;1343;1343
12306544;344;g_000;1;1;38;line_consecutive;0.9;1344;9;2;10-16;1,10;55167.497;55375.88099999679;59708.40199999965;55460.067;208.3839999967895;4332.52100000286;84.18600000321021;eev,integrated,separated,ws;lintim;SiouxFalls;SiouxFalls;True;False;1e-05;6000;1;2;20;50;200;-5;50;0.75;2;55;50;10;10;16;1344;1344
12306544;345;g_000;1;1;38;line_consecutive;0.9;1345;9;3;16-18;1;53875.53799999999;54019.03800000004;58127.10199999967;54773.21399999999;143.50000000004366;4108.063999999635;754.1759999999558;eev,integrated,separated,ws;lintim;SiouxFalls;SiouxFalls;True;False;1e-05;6000;1;2;20;50;200;-5;50;0.75;2;55;50;10;10;16;1345;1345
12306544;346;g_000;1;1;38;line_consecutive;0.9;1346;9;4;2-6;2;64656.40400000005;65442.37000000001;69311.36599999967;66900.687;785.9659999999567;3868.995999999665;1458.3169999999957;eev,integrated,separated,ws;lintim;SiouxFalls;SiouxFalls;True;False;1e-05;6000;1;2;20;50;200;-5;50;0.75;2;55;50;10;10;16;1346;1346
12306544;347;g_000;1;1;38;line_consecutive;0.9;1347;9;5;6-8;2;62002.28599999998;62275.171999999984;64891.15999999967;64526.082;272.8860000000059;2615.9879999996847;2250.910000000018;eev,integrated,separated,ws;lintim;SiouxFalls;SiouxFalls;True;False;1e-05;6000;1;2;20;50;200;-5;50;0.75;2;55;50;10;10;16;1347;1347
12306544;348;g_000;1;1;38;line_consecutive;0.9;1348;9;6;8-16;2,10,13;61829.44999999998;62177.658;66319.84699999967;65554.31099999999;348.20800000002055;4142.188999999671;3376.652999999984;eev,integrated,separated,ws;lintim;SiouxFalls;SiouxFalls;True;False;1e-05;6000;1;2;20;50;200;-5;50;0.75;2;55;50;10;10;16;1348;1348
12306544;349;g_000;1;1;38;line_consecutive;0.9;1349;9;7;16-17;2,13;60673.03999999999;60972.12;63389.19499999967;65338.184;299.080000000009;2417.0749999996697;4366.063999999999;eev,integrated,separated,ws;lintim;SiouxFalls;SiouxFalls;True;False;1e-05;6000;1;2;20;50;200;-5;50;0.75;2;55;50;10;10;16;1349;1349
12306544;350;g_000;1;1;38;line_consecutive;0.9;1350;9;8;17-19;2,13,14;67643.423;67780.415;70467.79399999967;80290.18300000692;136.99199999999837;2687.3789999996807;12509.768000006923;eev,integrated,separated,ws;lintim;SiouxFalls;SiouxFalls;True;False;1e-05;6000;1;2;20;50;200;-5;50;0.75;2;55;50;10;10;16;1350;1350
12306544;351;g_000;1;1;38;line_consecutive;0.9;1351;9;9;19-20;2;62625.38299999999;62898.269000046654;65580.69499999967;64990.527;272.8860000466666;2682.4259999530186;2092.257999953348;eev,integrated,separated,ws;lintim;SiouxFalls;SiouxFalls;True;False;1e-05;6000;1;2;20;50;200;-5;50;0.75;2;55;50;10;10;16;1351;1351
12306544;352;g_000;1;1;38;line_consecutive;0.9;1352;9;10;3-4;3,4;58205.636;58492.278;61824.31099999967;58492.27799999999;286.6419999999998;3332.0329999996684;-7.275957614183426e-12;eev,integrated,separated,ws;lintim;SiouxFalls;SiouxFalls;True;False;1e-05;6000;1;2;20;50;200;-5;50;0.75;2;55;50;10;10;16;1352;1352
12306544;353;g_000;1;1;38;line_consecutive;0.9;1353;9;11;4-5;3;51140.23999999999;51140.23999999887;51140.23999999967;51140.239999999685;-1.1204974725842476e-09;8.003553375601767e-10;8.149072527885436e-10;eev,integrated,separated,ws;lintim;SiouxFalls;SiouxFalls;True;False;1e-05;6000;1;2;20;50;200;-5;50;0.75;2;55;50;10;10;16;1353;1353
12306544;354;g_000;1;1;38;line_consecutive;0.9;1354;9;12;5-9;3,9;51376.03999999901;51402.23999999999;53444.23999999967;53444.23999999968;26.200000000979344;2041.99999999968;2041.9999999996871;eev,integrated,separated,ws;lintim;SiouxFalls;SiouxFalls;True;False;1e-05;6000;1;2;20;50;200;-5;50;0.75;2;55;50;10;10;16;1354;1354
12306544;355;g_000;1;1;38;line_consecutive;0.9;1355;9;13;8-9;3,7;51140.23999999999;51140.24;51140.23999999967;51140.23999999967;7.275957614183426e-12;-3.2741809263825417e-10;-3.2741809263825417e-10;eev,integrated,separated,ws;lintim;SiouxFalls;SiouxFalls;True;False;1e-05;6000;1;2;20;50;200;-5;50;0.75;2;55;50;10;10;16;1355;1355
12306544;356;g_000;1;1;38;line_consecutive;0.9;1356;9;14;7-8;3,7,11;51140.23999999772;51140.23999999999;51140.23999999967;51140.23999999967;2.270098775625229e-09;-3.2014213502407074e-10;-3.2014213502407074e-10;eev,integrated,separated,ws;lintim;SiouxFalls;SiouxFalls;True;False;1e-05;6000;1;2;20;50;200;-5;50;0.75;2;55;50;10;10;16;1356;1356
12306544;357;g_000;1;1;38;line_consecutive;0.9;1357;9;15;7-18;3,11;51140.23999999999;51140.23999999785;51140.23999999967;51140.23999999967;-2.139131538569927e-09;1.8189894035458563e-09;1.8189894035458563e-09;eev,integrated,separated,ws;lintim;SiouxFalls;SiouxFalls;True;False;1e-05;6000;1;2;20;50;200;-5;50;0.75;2;55;50;10;10;16;1357;1357
12306544;358;g_000;1;1;38;line_consecutive;0.9;1358;9;16;1-3;4,8,12;64193.24599999939;64298.81999999855;65634.71299999967;73498.86099999999;105.5739999991638;1335.893000001117;9200.041000001438;eev,integrated,separated,ws;lintim;SiouxFalls;SiouxFalls;True;False;1e-05;6000;1;2;20;50;200;-5;50;0.75;2;55;50;10;10;16;1358;1358
12306544;359;g_000;1;1;38;line_consecutive;0.9;1359;9;17;4-11;4;56911.84999999999;57198.491999999984;59490.97099999967;57198.492;286.6419999999925;2292.4789999996865;1.4551915228366852e-11;eev,integrated,separated,ws;lintim;SiouxFalls;SiouxFalls;True;False;1e-05;6000;1;2;20;50;200;-5;50;0.75;2;55;50;10;10;16;1359;1359
12306544;360;g_000;1;1;38;line_consecutive;0.9;1360;9;18;11-14;4,8,10;59375.942;59530.54899999999;62215.26199999967;60039.182;154.60699999998906;2684.712999999676;508.6330000000089;eev,integrated,separated,ws;lintim;SiouxFalls;SiouxFalls;True;False;1e-05;6000;1;2;20;50;200;-5;50;0.75;2;55;50;10;10;16;1360;1360
12306544;361;g_000;1;1;38;line_consecutive;0.9;1361;9;19;14-23;4,10;57803.237;57914.09099999999;60028.64899999967;58667.41999999999;110.85399999999208;2114.557999999677;753.3289999999979;eev,integrated,separated,ws;lintim;SiouxFalls;SiouxFalls;True;False;1e-05;6000;1;2;20;50;200;-5;50;0.75;2;55;50;10;10;16;1361;1361
12306544;362;g_000;1;1;38;line_consecutive;0.9;1362;9;20;23-24;4;56803.868;57090.51;59146.73899999967;57090.51;286.6419999999998;2056.2289999996647;0.0;eev,integrated,separated,ws;lintim;SiouxFalls;SiouxFalls;True;False;1e-05;6000;1;2;20;50;200;-5;50;0.75;2;55;50;10;10;16;1362;1362
12306544;363;g_000;1;1;38;line_consecutive;0.9;1363;9;21;10-15;5,9;52777.511;52803.71099999999;55258.12699999967;52803.711;26.199999999989814;2454.4159999996846;1.4551915228366852e-11;eev,integrated,separated,ws;lintim;SiouxFalls;SiouxFalls;True;False;1e-05;6000;1;2;20;50;200;-5;50;0.75;2;55;50;10;10;16;1363;1363
12306544;364;g_000;1;1;38;line_consecutive;0.9;1364;9;22;15-22;5,13;54580.166;54580.16599999999;54580.16599999967;55652.16100000023;-7.275957614183426e-12;-3.2014213502407074e-10;1071.9950000002427;eev,integrated,separated,ws;lintim;SiouxFalls;SiouxFalls;True;False;1e-05;6000;1;2;20;50;200;-5;50;0.75;2;55;50;10;10;16;1364;1364
12306544;365;g_000;1;1;38;line_consecutive;0.9;1365;9;23;22-23;5;52314.47899999999;52314.47900000001;52314.47899999967;52314.47899999967;1.4551915228366852e-11;-3.346940502524376e-10;-3.346940502524376e-10;eev,integrated,separated,ws;lintim;SiouxFalls;SiouxFalls;True;False;1e-05;6000;1;2;20;50;200;-5;50;0.75;2;55;50;10;10;16;1365;1365
12306544;366;g_000;1;1;38;line_consecutive;0.9;1366;9;24;13-24;6;55275.614;55556.12199999997;57166.73899999967;55717.58399999997;280.50799999996525;1610.6169999997;161.4620000000068;eev,integrated,separated,ws;lintim;SiouxFalls;SiouxFalls;True;False;1e-05;6000;1;2;20;50;200;-5;50;0.75;2;55;50;10;10;16;1366;1366
12306544;367;g_000;1;1;38;line_consecutive;0.9;1367;9;25;21-24;6;54142.54999999999;54206.34;55383.46999999968;54206.33999999999;63.79000000000815;1177.1299999996843;-7.275957614183426e-12;eev,integrated,separated,ws;lintim;SiouxFalls;SiouxFalls;True;False;1e-05;6000;1;2;20;50;200;-5;50;0.75;2;55;50;10;10;16;1367;1367
12306544;368;g_000;1;1;38;line_consecutive;0.9;1368;9;26;20-21;6;54009.70999999999;54073.5;55266.91099999967;54073.49999999999;63.79000000000815;1193.4109999996726;-7.275957614183426e-12;eev,integrated,separated,ws;lintim;SiouxFalls;SiouxFalls;True;False;1e-05;6000;1;2;20;50;200;-5;50;0.75;2;55;50;10;10;16;1368;1368
12306544;369;g_000;1;1;38;line_consecutive;0.9;1369;9;27;9-10;7,9;52280.19799999999;52406.86;53995.66999999966;53995.66999999968;126.66200000001118;1588.809999999663;1588.8099999996775;eev,integrated,separated,ws;lintim;SiouxFalls;SiouxFalls;True;False;1e-05;6000;1;2;20;50;200;-5;50;0.75;2;55;50;10;10;16;1369;1369
12306544;370;g_000;1;1;38;line_consecutive;0.9;1370;9;28;3-12;8,12;51140.23999999999;51140.23999999999;51140.23999999967;51140.23999999967;0.0;-3.2014213502407074e-10;-3.2014213502407074e-10;eev,integrated,separated,ws;lintim;SiouxFalls;SiouxFalls;True;False;1e-05;6000;1;2;20;50;200;-5;50;0.75;2;55;50;10;10;16;1370;1370
12306544;371;g_000;1;1;38;line_consecutive;0.9;1371;9;29;5-6;9;51376.03999999173;51402.23999999999;53444.23999999967;53444.23999999968;26.200000008262577;2041.99999999968;2041.9999999996871;eev,integrated,separated,ws;lintim;SiouxFalls;SiouxFalls;True;False;1e-05;6000;1;2;20;50;200;-5;50;0.75;2;55;50;10;10;16;1371;1371
12306544;372;g_000;1;1;38;line_consecutive;0.9;1372;9;30;15-19;9,13,14;52202.438;52320.45999999999;55822.89499999944;53191.03299999592;118.02199999998992;3502.4349999994447;870.5729999959294;eev,integrated,separated,ws;lintim;SiouxFalls;SiouxFalls;True;False;1e-05;6000;1;2;20;50;200;-5;50;0.75;2;55;50;10;10;16;1372;1372
12306544;373;g_000;1;1;38;line_consecutive;0.9;1373;9;31;20-22;11;51140.24000000022;51140.24000000296;51140.23999996936;51140.23999996936;2.735760062932968e-09;-3.360037226229906e-08;-3.360037226229906e-08;eev,integrated,separated,ws;lintim;SiouxFalls;SiouxFalls;True;False;1e-05;6000;1;2;20;50;200;-5;50;0.75;2;55;50;10;10;16;1373;1373
12306544;374;g_000;1;1;38;line_consecutive;0.9;1374;9;32;18-20;11;51140.23999999999;51140.24;51140.23999997569;51140.23999997569;7.275957614183426e-12;-2.4308974388986826e-08;-2.4308974388986826e-08;eev,integrated,separated,ws;lintim;SiouxFalls;SiouxFalls;True;False;1e-05;6000;1;2;20;50;200;-5;50;0.75;2;55;50;10;10;16;1374;1374
12306544;375;g_000;1;1;38;line_consecutive;0.9;1375;9;33;12-13;12;51140.2399999269;51140.23999999902;51140.23999999967;51140.23999999968;7.21265678294003e-08;6.475602276623248e-10;6.548361852765082e-10;eev,integrated,separated,ws;lintim;SiouxFalls;SiouxFalls;True;False;1e-05;6000;1;2;20;50;200;-5;50;0.75;2;55;50;10;10;16;1375;1375
12306544;376;g_000;1;1;38;line_consecutive;0.9;1376;9;34;1-2;12;51140.240000000005;51140.240000000005;51140.23999999967;51140.23999999968;0.0;-3.346940502524376e-10;-3.2741809263825417e-10;eev,integrated,separated,ws;lintim;SiouxFalls;SiouxFalls;True;False;1e-05;6000;1;2;20;50;200;-5;50;0.75;2;55;50;10;10;16;1376;1376
12306544;377;g_000;1;1;38;line_consecutive;0.9;1377;9;35;21-22;13;51611.696;51664.08;52166.21299999967;52166.21299999968;52.3839999999982;502.1329999996669;502.1329999996815;eev,integrated,separated,ws;lintim;SiouxFalls;SiouxFalls;True;False;1e-05;6000;1;2;20;50;200;-5;50;0.75;2;55;50;10;10;16;1377;1377
12306544;378;g_000;1;1;38;line_consecutive;0.9;1378;9;36;14-15;14;51441.30799999999;51474.76000000004;51968.47399999967;51968.47399999967;33.45200000004843;493.71399999962887;493.71399999962887;eev,integrated,separated,ws;lintim;SiouxFalls;SiouxFalls;True;False;1e-05;6000;1;2;20;50;200;-5;50;0.75;2;55;50;10;10;16;1378;1378
12306544;379;g_000;1;1;38;line_consecutive;0.9;1379;9;37;10-17;14;51441.30799999999;51474.76;51968.47399999967;51968.47399999967;33.45200000001205;493.7139999996653;493.7139999996653;eev,integrated,separated,ws;lintim;SiouxFalls;SiouxFalls;True;False;1e-05;6000;1;2;20;50;200;-5;50;0.75;2;55;50;10;10;16;1379;1379
12306544;380;g_000;1;1;38;line_consecutive;0.95;1380;10;0;11-12;1,7,8;60003.948999991466;60340.696;62836.82049999984;61202.26399999998;336.7470000085377;2496.124499999838;861.5679999999775;eev,integrated,separated,ws;lintim;SiouxFalls;SiouxFalls;True;False;1e-05;6000;1;2;20;50;200;-5;50;0.75;2;55;50;10;10;16;1380;1380
12306544;381;g_000;1;1;38;line_consecutive;0.95;1381;10;1;10-11;1,7,10;59373.282;59530.86899999999;64219.20349999983;62021.34649999997;157.58699999999226;4688.334499999837;2490.477499999979;eev,integrated,separated,ws;lintim;SiouxFalls;SiouxFalls;True;False;1e-05;6000;1;2;20;50;200;-5;50;0.75;2;55;50;10;10;16;1381;1381
12306544;382;g_000;1;1;38;line_consecutive;0.95;1382;10;2;10-16;1,10;55391.2335;55495.42549999999;60184.41099999982;56355.3855;104.19199999998818;4688.985499999828;859.9600000000064;eev,integrated,separated,ws;lintim;SiouxFalls;SiouxFalls;True;False;1e-05;6000;1;2;20;50;200;-5;50;0.75;2;55;50;10;10;16;1382;1382
12306544;383;g_000;1;1;38;line_consecutive;0.95;1383;10;3;16-18;1;54027.49899999999;54099.249;58515.26099999984;54297.469;71.75000000001455;4416.011999999835;198.2199999999939;eev,integrated,separated,ws;lintim;SiouxFalls;SiouxFalls;True;False;1e-05;6000;1;2;20;50;200;-5;50;0.75;2;55;50;10;10;16;1383;1383
12306544;384;g_000;1;1;38;line_consecutive;0.95;1384;10;4;2-6;2;65407.30200000007;65800.28499999974;70320.87299999985;68876.99349999998;392.9829999996728;4520.588000000105;3076.7085000002407;eev,integrated,separated,ws;lintim;SiouxFalls;SiouxFalls;True;False;1e-05;6000;1;2;20;50;200;-5;50;0.75;2;55;50;10;10;16;1384;1384
12306544;385;g_000;1;1;38;line_consecutive;0.95;1385;10;5;6-8;2;62605.73299999998;62742.1760000136;65655.09999999983;68876.99349999998;136.4430000136199;2912.923999986233;6134.817499986384;eev,integrated,separated,ws;lintim;SiouxFalls;SiouxFalls;True;False;1e-05;6000;1;2;20;50;200;-5;50;0.75;2;55;50;10;10;16;1385;1385
12306544;386;g_000;1;1;38;line_consecutive;0.95;1386;10;6;8-16;2,10,13;62423.29499999999;62597.39899999999;67163.15849999983;72666.38600000001;174.10399999999936;4565.75949999984;10068.987000000025;eev,integrated,separated,ws;lintim;SiouxFalls;SiouxFalls;True;False;1e-05;6000;1;2;20;50;200;-5;50;0.75;2;55;50;10;10;16;1386;1386
12306544;387;g_000;1;1;38;line_consecutive;0.95;1387;10;7;16-17;2,13;61202.64000000001;61352.18;64069.692499999845;71658.2525;149.5399999999936;2717.5124999998443;10306.072500000002;eev,integrated,separated,ws;lintim;SiouxFalls;SiouxFalls;True;False;1e-05;6000;1;2;20;50;200;-5;50;0.75;2;55;50;10;10;16;1387;1387
12306544;388;g_000;1;1;38;line_consecutive;0.95;1388;10;8;17-19;2,13,14;68560.2665;68628.76250000004;71541.54699999983;93247.5885;68.49600000004284;2912.7844999997906;24618.82599999996;eev,integrated,separated,ws;lintim;SiouxFalls;SiouxFalls;True;False;1e-05;6000;1;2;20;50;200;-5;50;0.75;2;55;50;10;10;16;1388;1388
12306544;389;g_000;1;1;38;line_consecutive;0.95;1389;10;9;19-20;2;63263.4465;63399.88949999999;66382.94249999983;68876.99349999998;136.44299999999205;2983.05299999984;5477.103999999992;eev,integrated,separated,ws;lintim;SiouxFalls;SiouxFalls;True;False;1e-05;6000;1;2;20;50;200;-5;50;0.75;2;55;50;10;10;16;1389;1389
12306544;390;g_000;1;1;38;line_consecutive;0.95;1390;10;10;3-4;3,4;58598.15800000001;58741.47900016541;62417.87049999983;67493.73449999999;143.32100016540062;3676.391499834419;8752.25549983458;eev,integrated,separated,ws;lintim;SiouxFalls;SiouxFalls;True;False;1e-05;6000;1;2;20;50;200;-5;50;0.75;2;55;50;10;10;16;1390;1390
12306544;391;g_000;1;1;38;line_consecutive;0.95;1391;10;11;4-5;3;51140.23999999999;51140.23999999999;51140.23999999983;51140.23999999983;0.0;-1.6007106751203534e-10;-1.6007106751203534e-10;eev,integrated,separated,ws;lintim;SiouxFalls;SiouxFalls;True;False;1e-05;6000;1;2;20;50;200;-5;50;0.75;2;55;50;10;10;16;1391;1391
12306544;392;g_000;1;1;38;line_consecutive;0.95;1392;10;12;5-9;3,9;51389.13999999896;51402.23999999999;53572.23999999983;51402.240000000005;13.10000000103173;2169.99999999984;1.4551915228366852e-11;eev,integrated,separated,ws;lintim;SiouxFalls;SiouxFalls;True;False;1e-05;6000;1;2;20;50;200;-5;50;0.75;2;55;50;10;10;16;1392;1392
12306544;393;g_000;1;1;38;line_consecutive;0.95;1393;10;13;8-9;3,7;51140.23999999999;51140.23999999998;51140.23999999983;51140.23999999984;-7.275957614183426e-12;-1.5279510989785194e-10;-1.4551915228366852e-10;eev,integrated,separated,ws;lintim;SiouxFalls;SiouxFalls;True;False;1e-05;6000;1;2;20;50;200;-5;50;0.75;2;55;50;10;10;16;1393;1393
12306544;394;g_000;1;1;38;line_consecutive;0.95;1394;10;14;7-8;3,7,11;51140.2399999976;51140.23999999999;51140.23999999983;51140.23999999983;2.393790055066347e-09;-1.6007106751203534e-10;-1.6007106751203534e-10;eev,integrated,separated,ws;lintim;SiouxFalls;SiouxFalls;True;False;1e-05;6000;1;2;20;50;200;-5;50;0.75;2;55;50;10;10;16;1394;1394
12306544;395;g_000;1;1;38;line_consecutive;0.95;1395;10;15;7-18;3,11;51140.23999999999;51140.2400000174;51140.23999999983;51140.23999999984;1.7411366570740938e-08;-1.7571437638252974e-08;-1.756416168063879e-08;eev,integrated,separated,ws;lintim;SiouxFalls;SiouxFalls;True;False;1e-05;6000;1;2;20;50;200;-5;50;0.75;2;55;50;10;10;16;1395;1395
12306544;396;g_000;1;1;38;line_consecutive;0.95;1396;10;16;1-3;4,8,12;64918.41299999935;64971.19999999786;66439.96149999983;98470.983;52.78699999850505;1468.7615000019723;33499.783000002135;eev,integrated,separated,ws;lintim;SiouxFalls;SiouxFalls;True;False;1e-05;6000;1;2;20;50;200;-5;50;0.75;2;55;50;10;10;16;1396;1396
12306544;397;g_000;1;1;38;line_consecutive;0.95;1397;10;17;4-11;4;57232.495;57375.81600002683;59954.90049999984;58126.1565;143.32100002683;2579.0844999730107;750.3404999731647;eev,integrated,separated,ws;lintim;SiouxFalls;SiouxFalls;True;False;1e-05;6000;1;2;20;50;200;-5;50;0.75;2;55;50;10;10;16;1397;1397
12306544;398;g_000;1;1;38;line_consecutive;0.95;1398;10;18;11-14;4,8,10;59833.481;59925.97949999984;62830.54099999984;66063.1495;92.49849999984144;2904.561499999996;6137.170000000158;eev,integrated,separated,ws;lintim;SiouxFalls;SiouxFalls;True;False;1e-05;6000;1;2;20;50;200;-5;50;0.75;2;55;50;10;10;16;1398;1398
12306544;399;g_000;1;1;38;line_consecutive;0.95;1399;10;19;14-23;4,10;58173.40349999999;58228.8305;60522.44949999984;61851.1925;55.42700000000332;2293.618999999846;3622.362000000001;eev,integrated,separated,ws;lintim;SiouxFalls;SiouxFalls;True;False;1e-05;6000;1;2;20;50;200;-5;50;0.75;2;55;50;10;10;16;1399;1399
12306544;400;g_000;1;1;38;line_consecutive;0.95;1400;10;20;23-24;4;57118.514;57261.83500000001;59591.54449999983;58126.1565;143.32100000000355;2329.7094999998226;864.3214999999909;eev,integrated,separated,ws;lintim;SiouxFalls;SiouxFalls;True;False;1e-05;6000;1;2;20;50;200;-5;50;0.75;2;55;50;10;10;16;1400;1400
12306544;401;g_000;1;1;38;line_consecutive;0.95;1401;10;21;10-15;5,9;52868.47050000001;52881.5705;55486.89849999984;53341.9855;13.099999999991269;2605.3279999998413;460.4150000000009;eev,integrated,separated,ws;lintim;SiouxFalls;SiouxFalls;True;False;1e-05;6000;1;2;20;50;200;-5;50;0.75;2;55;50;10;10;16;1401;1401
12306544;402;g_000;1;1;38;line_consecutive;0.95;1402;10;22;15-22;5,13;54771.273;54771.273000000845;54771.27299999983;57216.1215;8.440110832452773e-10;-1.0186340659856794e-09;2444.848499999156;eev,integrated,separated,ws;lintim;SiouxFalls;SiouxFalls;True;False;1e-05;6000;1;2;20;50;200;-5;50;0.75;2;55;50;10;10;16;1402;1402
12306544;403;g_000;1;1;38;line_consecutive;0.95;1403;10;23;22-23;5;52379.7145;52379.71449999999;52379.71449999984;52444.52;-1.4551915228366852e-11;-1.4551915228366852e-10;64.80550000000949;eev,integrated,separated,ws;lintim;SiouxFalls;SiouxFalls;True;False;1e-05;6000;1;2;20;50;200;-5;50;0.75;2;55;50;10;10;16;1403;1403
12306544;404;g_000;1;1;38;line_consecutive;0.95;1404;10;24;13-24;6;55505.357;55645.611;57501.54449999983;56409.391;140.25399999999354;1855.933499999832;763.7800000000061;eev,integrated,separated,ws;lintim;SiouxFalls;SiouxFalls;True;False;1e-05;6000;1;2;20;50;200;-5;50;0.75;2;55;50;10;10;16;1404;1404
12306544;405;g_000;1;1;38;line_consecutive;0.95;1405;10;25;21-24;6;54309.345;54341.24;55619.20499999984;56409.391;31.8949999999968;1277.9649999998437;2068.1510000000053;eev,integrated,separated,ws;lintim;SiouxFalls;SiouxFalls;True;False;1e-05;6000;1;2;20;50;200;-5;50;0.75;2;55;50;10;10;16;1405;1405
12306544;406;g_000;1;1;38;line_consecutive;0.95;1406;10;26;20-21;6;54169.12499999999;54201.02000000001;55496.17049999983;56409.391;31.895000000018623;1295.1504999998217;2208.370999999992;eev,integrated,separated,ws;lintim;SiouxFalls;SiouxFalls;True;False;1e-05;6000;1;2;20;50;200;-5;50;0.75;2;55;50;10;10;16;1406;1406
12306544;407;g_000;1;1;38;line_consecutive;0.95;1407;10;27;9-10;7,9;52343.529;52406.86000000001;54154.30499999983;52406.86;63.33100000000559;1747.444999999825;-7.275957614183426e-12;eev,integrated,separated,ws;lintim;SiouxFalls;SiouxFalls;True;False;1e-05;6000;1;2;20;50;200;-5;50;0.75;2;55;50;10;10;16;1407;1407
12306544;408;g_000;1;1;38;line_consecutive;0.95;1408;10;28;3-12;8,12;51140.24;51140.23999999999;51140.23999999983;51140.23999999984;-7.275957614183426e-12;-1.6007106751203534e-10;-1.5279510989785194e-10;eev,integrated,separated,ws;lintim;SiouxFalls;SiouxFalls;True;False;1e-05;6000;1;2;20;50;200;-5;50;0.75;2;55;50;10;10;16;1408;1408
12306544;409;g_000;1;1;38;line_consecutive;0.95;1409;10;29;5-6;9;51389.13999999127;51402.24;53572.23999999983;51402.240000000005;13.100000008729694;2169.9999999998327;7.275957614183426e-12;eev,integrated,separated,ws;lintim;SiouxFalls;SiouxFalls;True;False;1e-05;6000;1;2;20;50;200;-5;50;0.75;2;55;50;10;10;16;1409;1409
12306544;410;g_000;1;1;38;line_consecutive;0.95;1410;10;30;15-19;9,13,14;52261.44899999999;52320.4600000256;56083.04249999959;52320.459999999934;59.01100002560997;3762.582499973985;-2.566957846283913e-08;eev,integrated,separated,ws;lintim;SiouxFalls;SiouxFalls;True;False;1e-05;6000;1;2;20;50;200;-5;50;0.75;2;55;50;10;10;16;1410;1410
12306544;411;g_000;1;1;38;line_consecutive;0.95;1411;10;31;20-22;11;51140.24000000024;51140.24000000035;51140.23999996783;51140.23999996784;1.0913936421275139e-10;-3.251625457778573e-08;-3.2508978620171554e-08;eev,integrated,separated,ws;lintim;SiouxFalls;SiouxFalls;True;False;1e-05;6000;1;2;20;50;200;-5;50;0.75;2;55;50;10;10;16;1411;1411
12306544;412;g_000;1;1;38;line_consecutive;0.95;1412;10;32;18-20;11;51140.24;51140.24000000316;51140.239999974525;51140.239999974525;3.1650415621697903e-09;-2.8638169169425964e-08;-2.8638169169425964e-08;eev,integrated,separated,ws;lintim;SiouxFalls;SiouxFalls;True;False;1e-05;6000;1;2;20;50;200;-5;50;0.75;2;55;50;10;10;16;1412;1412
12306544;413;g_000;1;1;38;line_consecutive;0.95;1413;10;33;12-13;12;51140.23999992284;51140.239999999976;51140.23999999983;51140.23999999984;7.713970262557268e-08;-1.4551915228366852e-10;-1.382431946694851e-10;eev,integrated,separated,ws;lintim;SiouxFalls;SiouxFalls;True;False;1e-05;6000;1;2;20;50;200;-5;50;0.75;2;55;50;10;10;16;1413;1413
12306544;414;g_000;1;1;38;line_consecutive;0.95;1414;10;34;1-2;12;51140.240000000005;51140.23999999999;51140.23999999983;51140.23999999984;-1.4551915228366852e-11;-1.6007106751203534e-10;-1.5279510989785194e-10;eev,integrated,separated,ws;lintim;SiouxFalls;SiouxFalls;True;False;1e-05;6000;1;2;20;50;200;-5;50;0.75;2;55;50;10;10;16;1414;1414
12306544;415;g_000;1;1;38;line_consecutive;0.95;1415;10;35;21-22;13;51637.88799999999;51664.07999999999;52223.21149999983;51664.08;26.19199999999546;559.1314999998431;1.4551915228366852e-11;eev,integrated,separated,ws;lintim;SiouxFalls;SiouxFalls;True;False;1e-05;6000;1;2;20;50;200;-5;50;0.75;2;55;50;10;10;16;1415;1415
12306544;416;g_000;1;1;38;line_consecutive;0.95;1416;10;36;14-15;14;51458.034;51474.76;52014.48699999984;51474.75999999436;16.726000000002387;539.7269999998389;-5.638867150992155e-09;eev,integrated,separated,ws;lintim;SiouxFalls;SiouxFalls;True;False;1e-05;6000;1;2;20;50;200;-5;50;0.75;2;55;50;10;10;16;1416;1416
12306544;417;g_000;1;1;38;line_consecutive;0.95;1417;10;37;10-17;14;51458.03399999999;51474.76;52014.48699999984;51474.75999999436;16.726000000009662;539.7269999998389;-5.638867150992155e-09;eev,integrated,separated,ws;lintim;SiouxFalls;SiouxFalls;True;False;1e-05;6000;1;2;20;50;200;-5;50;0.75;2;55;50;10;10;16;1417;1417
