array_job_id;task_id;run_group_id;case_k;case_per_run;case_variants;case_selection;case_p_fail;case_id;case_sweep_row;case_variant_idx;case_edges;case_lines;WS;RP;EEV_nom;EEV_mean;EVPI;VSS_nom;VSS_mean;procedures_present;source;network;scenario_line_data;routing_agg;waiting_time_frequency;gap;time_limit;travel_time_cost_mult;waiting_time_cost_mult;line_operation_cost_mult;cost_repl_freq;cost_repl_line;repl_budget;bypass_multiplier;overdemand_threshold;overdemand_multiplier;num_od;train_capacity;infrastructure_capacity;max_frequency;threads;scenario_infra_id;scenario_prob_id
12329485;0;g_000;1;1;36;line_consecutive;0.05;1000;0;0;2-25;1;5343842.5;5347142.5;5349141.25;5349141.25;3300.0;1998.75;1998.75;eev,integrated,separated,ws;lintim;Mumford0;Mumford0;True;False;1e-05;6000;1;2;20;50;200;-5;100;0.75;2;50;250;30;20;16;1000;1000
12329485;1;g_000;1;1;36;line_consecutive;0.05;1001;0;1;8-25;1;5343237.5;5346537.5;5348566.25;5348566.25;3300.0;2028.75;2028.75;eev,integrated,separated,ws;lintim;Mumford0;Mumford0;True;False;1e-05;6000;1;2;20;50;200;-5;100;0.75;2;50;250;30;20;16;1001;1001
12329485;2;g_000;1;1;36;line_consecutive;0.05;1002;0;2;8-11;1;5331442.5;5335337.5;5337366.25;5337366.25;3895.0;2028.75;2028.75;eev,integrated,separated,ws;lintim;Mumford0;Mumford0;True;False;1e-05;6000;1;2;20;50;200;-5;100;0.75;2;50;250;30;20;16;1002;1002
12329485;3;g_000;1;1;36;line_consecutive;0.05;1003;0;3;11-22;1;5333837.5;5338210.0;5340238.75;5340238.75;4372.5;2028.75;2028.75;eev,integrated,separated,ws;lintim;Mumford0;Mumford0;True;False;1e-05;6000;1;2;20;50;200;-5;100;0.75;2;50;250;30;20;16;1003;1003
12329485;4;g_000;1;1;36;line_consecutive;0.05;1004;0;4;2-4;2;6438476.25;6438510.0;6438510.0;6446444.989014569;33.75;0.0;7934.989014568739;eev,integrated,separated,ws;lintim;Mumford0;Mumford0;True;False;1e-05;6000;1;2;20;50;200;-5;100;0.75;2;50;250;30;20;16;1004;1004
12329485;5;g_000;1;1;36;line_consecutive;0.05;1005;0;5;4-12;2;6939713.75;6950067.5;6952506.25;6951441.239014569;10353.75;2438.75;1373.7390145687386;eev,integrated,separated,ws;lintim;Mumford0;Mumford0;True;False;1e-05;6000;1;2;20;50;200;-5;100;0.75;2;50;250;30;20;16;1005;1005
12329485;6;g_000;1;1;36;line_consecutive;0.05;1006;0;6;12-18;2,11;7775067.5;7778895.0;7780988.75;15090442.5;3827.5;2093.75;7311547.5;eev,integrated,separated,ws;lintim;Mumford0;Mumford0;True;False;1e-05;6000;1;2;20;50;200;-5;100;0.75;2;50;250;30;20;16;1006;1006
12329485;7;g_000;1;1;36;line_consecutive;0.05;1007;0;7;18-23;2,11;5403196.2499951;5404706.25;5405816.25;12719245.0;1510.000004899688;1110.0;7314538.75;eev,integrated,separated,ws;lintim;Mumford0;Mumford0;True;False;1e-05;6000;1;2;20;50;200;-5;100;0.75;2;50;250;30;20;16;1007;1007
12329485;8;g_000;1;1;36;line_consecutive;0.05;1008;0;8;1-23;2;5379672.5;5382665.0;5385243.75;5386478.739014569;2992.5;2578.75;3813.739014568738;eev,integrated,separated,ws;lintim;Mumford0;Mumford0;True;False;1e-05;6000;1;2;20;50;200;-5;100;0.75;2;50;250;30;20;16;1008;1008
12329485;9;g_000;1;1;36;line_consecutive;0.05;1009;0;9;1-14;2;5404582.5;5407575.0;5410153.75;5411388.739014569;2992.5;2578.75;3813.739014568738;eev,integrated,separated,ws;lintim;Mumford0;Mumford0;True;False;1e-05;6000;1;2;20;50;200;-5;100;0.75;2;50;250;30;20;16;1009;1009
12329485;10;g_000;1;1;36;line_consecutive;0.05;1010;0;10;9-13;3;5370232.5;5374868.75;5376487.5;5391217.5;4636.25;1618.75;16348.75;eev,integrated,separated,ws;lintim;Mumford0;Mumford0;True;False;1e-05;6000;1;2;20;50;200;-5;100;0.75;2;50;250;30;20;16;1010;1010
12329485;11;g_000;1;1;36;line_consecutive;0.05;1011;0;11;1-13;3;5367537.5;5370733.75;5372352.5;5389682.5;3196.25;1618.75;18948.75;eev,integrated,separated,ws;lintim;Mumford0;Mumford0;True;False;1e-05;6000;1;2;20;50;200;-5;100;0.75;2;50;250;30;20;16;1011;1011
12329485;12;g_000;1;1;36;line_consecutive;0.05;1012;0;12;1-29;3;5330773.75;5332453.75;5334006.25;5351363.75;1680.0;1552.5;18910.0;eev,integrated,separated,ws;lintim;Mumford0;Mumford0;True;False;1e-05;6000;1;2;20;50;200;-5;100;0.75;2;50;250;30;20;16;1012;1012
12329485;13;g_000;1;1;36;line_consecutive;0.05;1013;0;13;17-29;3;5341555.0;5343623.75;5345203.75;5362533.75;2068.75;1580.0;18910.0;eev,integrated,separated,ws;lintim;Mumford0;Mumford0;True;False;1e-05;6000;1;2;20;50;200;-5;100;0.75;2;50;250;30;20;16;1013;1013
12329485;14;g_000;1;1;36;line_consecutive;0.05;1014;0;14;17-28;3;5349571.25;5352645.0;5354266.25;5371596.25;3073.75;1621.25;18951.25;eev,integrated,separated,ws;lintim;Mumford0;Mumford0;True;False;1e-05;6000;1;2;20;50;200;-5;100;0.75;2;50;250;30;20;16;1014;1014
12329485;15;g_000;1;1;36;line_consecutive;0.05;1015;0;15;28-30;3;5334963.75;5337023.749258158;5338761.25;5356091.25;2059.999258157797;1737.5007418422028;19067.500741842203;eev,integrated,separated,ws;lintim;Mumford0;Mumford0;True;False;1e-05;6000;1;2;20;50;200;-5;100;0.75;2;50;250;30;20;16;1015;1015
12329485;16;g_000;1;1;36;line_consecutive;0.05;1016;0;16;6-7;4,10;5374077.5;5377292.5;5378471.25;8600597.499538876;3215.0;1178.75;3223304.999538876;eev,integrated,separated,ws;lintim;Mumford0;Mumford0;True;False;1e-05;6000;1;2;20;50;200;-5;100;0.75;2;50;250;30;20;16;1016;1016
12329485;17;g_000;1;1;36;line_consecutive;0.05;1017;0;17;7-14;4;5332116.25;5334846.25;5335956.25;5334986.248777449;2730.0;1110.0;139.998777449131;eev,integrated,separated,ws;lintim;Mumford0;Mumford0;True;False;1e-05;6000;1;2;20;50;200;-5;100;0.75;2;50;250;30;20;16;1017;1017
12329485;18;g_000;1;1;36;line_consecutive;0.05;1018;0;18;14-19;4;5341305.0;5344042.5;5345482.5;5344512.498777449;2737.5;1440.0;469.998777449131;eev,integrated,separated,ws;lintim;Mumford0;Mumford0;True;False;1e-05;6000;1;2;20;50;200;-5;100;0.75;2;50;250;30;20;16;1018;1018
12329485;19;g_000;1;1;36;line_consecutive;0.05;1019;0;19;19-20;4;5332588.75;5335326.25;5337187.5;5336217.498777449;2737.5;1861.25;891.248777449131;eev,integrated,separated,ws;lintim;Mumford0;Mumford0;True;False;1e-05;6000;1;2;20;50;200;-5;100;0.75;2;50;250;30;20;16;1019;1019
12329485;20;g_000;1;1;36;line_consecutive;0.05;1020;0;20;15-24;5;6442361.25;6443676.25;6443676.25;6443676.25;1315.0;0.0;0.0;eev,integrated,separated,ws;lintim;Mumford0;Mumford0;True;False;1e-05;6000;1;2;20;50;200;-5;100;0.75;2;50;250;30;20;16;1020;1020
12329485;21;g_000;1;1;36;line_consecutive;0.05;1021;0;21;12-15;5,11;6510446.25;6515295.0;6516811.25;7200932.5;4848.75;1516.25;685637.5;eev,integrated,separated,ws;lintim;Mumford0;Mumford0;True;False;1e-05;6000;1;2;20;50;200;-5;100;0.75;2;50;250;30;20;16;1021;1021
12329485;22;g_000;1;1;36;line_consecutive;0.05;1022;0;22;12-26;5;5348031.25;5351731.25;5356688.75;5356688.75;3700.0;4957.5;4957.5;eev,integrated,separated,ws;lintim;Mumford0;Mumford0;True;False;1e-05;6000;1;2;20;50;200;-5;100;0.75;2;50;250;30;20;16;1022;1022
12329485;23;g_000;1;1;36;line_consecutive;0.05;1023;0;23;3-8;6,12;5341295.0;5344161.25;5345340.0;5345340.0;2866.25;1178.75;1178.75;eev,integrated,separated,ws;lintim;Mumford0;Mumford0;True;False;1e-05;6000;1;2;20;50;200;-5;100;0.75;2;50;250;30;20;16;1023;1023
12329485;24;g_000;1;1;36;line_consecutive;0.05;1024;0;24;5-8;6;5338701.25;5341731.25;5342910.0;5342910.0;3030.0;1178.75;1178.75;eev,integrated,separated,ws;lintim;Mumford0;Mumford0;True;False;1e-05;6000;1;2;20;50;200;-5;100;0.75;2;50;250;30;20;16;1024;1024
12329485;25;g_000;1;1;36;line_consecutive;0.05;1025;0;25;10-15;7;6447392.5;6447392.5;6447392.5;6450027.5;0.0;0.0;2635.0;eev,integrated,separated,ws;lintim;Mumford0;Mumford0;True;False;1e-05;6000;1;2;20;50;200;-5;100;0.75;2;50;250;30;20;16;1025;1025
12329485;26;g_000;1;1;36;line_consecutive;0.05;1026;0;26;15-21;7;6442525.0;6443157.5;6443302.5;6445937.5;632.5;145.0;2780.0;eev,integrated,separated,ws;lintim;Mumford0;Mumford0;True;False;1e-05;6000;1;2;20;50;200;-5;100;0.75;2;50;250;30;20;16;1026;1026
12329485;27;g_000;1;1;36;line_consecutive;0.05;1027;0;27;6-16;8;5334967.5;5338701.25;5339850.0;5339850.0;3733.75;1148.75;1148.75;eev,integrated,separated,ws;lintim;Mumford0;Mumford0;True;False;1e-05;6000;1;2;20;50;200;-5;100;0.75;2;50;250;30;20;16;1027;1027
12329485;28;g_000;1;1;36;line_consecutive;0.05;1028;0;28;9-27;9;6412325.0;6412325.0;6412325.0;6412325.0;0.0;0.0;0.0;eev,integrated,separated,ws;lintim;Mumford0;Mumford0;True;False;1e-05;6000;1;2;20;50;200;-5;100;0.75;2;50;250;30;20;16;1028;1028
12329485;29;g_000;1;1;36;line_consecutive;0.05;1029;0;29;2-15;10;5378800.0;5381022.5;5382201.25;7594750.0;2222.5;1178.75;2213727.5;eev,integrated,separated,ws;lintim;Mumford0;Mumford0;True;False;1e-05;6000;1;2;20;50;200;-5;100;0.75;2;50;250;30;20;16;1029;1029
12329485;30;g_000;1;1;36;line_consecutive;0.05;1030;0;30;8-15;10;5383306.249996563;5386682.5;5387880.0;7597455.0;3376.2500034365803;1197.5;2210772.5;eev,integrated,separated,ws;lintim;Mumford0;Mumford0;True;False;1e-05;6000;1;2;20;50;200;-5;100;0.75;2;50;250;30;20;16;1030;1030
12329485;31;g_000;1;1;36;line_consecutive;0.05;1031;0;31;8-17;10;5389446.25;5393843.75;5394882.5;7603111.25;4397.5;1038.75;2209267.5;eev,integrated,separated,ws;lintim;Mumford0;Mumford0;True;False;1e-05;6000;1;2;20;50;200;-5;100;0.75;2;50;250;30;20;16;1031;1031
12329485;32;g_000;1;1;36;line_consecutive;0.05;1032;0;32;7-17;10;5370847.5;5376002.5;5379583.75;7589637.5;5155.0;3581.25;2213635.0;eev,integrated,separated,ws;lintim;Mumford0;Mumford0;True;False;1e-05;6000;1;2;20;50;200;-5;100;0.75;2;50;250;30;20;16;1032;1032
12329485;33;g_000;1;1;36;line_consecutive;0.05;1033;0;33;19-23;11;5367200.0;5368643.75;5369753.75;5368783.75;1443.75;1110.0;140.0;eev,integrated,separated,ws;lintim;Mumford0;Mumford0;True;False;1e-05;6000;1;2;20;50;200;-5;100;0.75;2;50;250;30;20;16;1033;1033
12329485;34;g_000;1;1;36;line_consecutive;0.05;1034;0;34;8-21;12;5345195.0;5349500.0;5350678.75;5350678.75;4305.0;1178.75;1178.75;eev,integrated,separated,ws;lintim;Mumford0;Mumford0;True;False;1e-05;6000;1;2;20;50;200;-5;100;0.75;2;50;250;30;20;16;1034;1034
12329485;35;g_000;1;1;36;line_consecutive;0.05;1035;0;35;21-24;12;5342620.0;5346925.0;5348103.75;5348103.75;4305.0;1178.75;1178.75;eev,integrated,separated,ws;lintim;Mumford0;Mumford0;True;False;1e-05;6000;1;2;20;50;200;-5;100;0.75;2;50;250;30;20;16;1035;1035
12329485;36;g_000;1;1;36;line_consecutive;0.1;1036;1;0;2-25;1;5343842.5;5347142.5;5349141.25;5349141.25;3300.0;1998.75;1998.75;eev,integrated,separated,ws;lintim;Mumford0;Mumford0;True;False;1e-05;6000;1;2;20;50;200;-5;100;0.75;2;50;250;30;20;16;1036;1036
12329485;37;g_000;1;1;36;line_consecutive;0.1;1037;1;1;8-25;1;5343237.5;5346537.5;5348566.25;5348566.25;3300.0;2028.75;2028.75;eev,integrated,separated,ws;lintim;Mumford0;Mumford0;True;False;1e-05;6000;1;2;20;50;200;-5;100;0.75;2;50;250;30;20;16;1037;1037
12329485;38;g_000;1;1;36;line_consecutive;0.1;1038;1;2;8-11;1;5331442.5;5335337.5;5337366.25;5337366.25;3895.0;2028.75;2028.75;eev,integrated,separated,ws;lintim;Mumford0;Mumford0;True;False;1e-05;6000;1;2;20;50;200;-5;100;0.75;2;50;250;30;20;16;1038;1038
12329485;39;g_000;1;1;36;line_consecutive;0.1;1039;1;3;11-22;1;5333837.5;5338210.0;5340238.75;5340238.75;4372.5;2028.75;2028.75;eev,integrated,separated,ws;lintim;Mumford0;Mumford0;True;False;1e-05;6000;1;2;20;50;200;-5;100;0.75;2;50;250;30;20;16;1039;1039
12329485;40;g_000;1;1;36;line_consecutive;0.1;1040;1;4;2-4;2;6438476.25;6438510.0;6438510.0;6446444.989014569;33.75;0.0;7934.989014568739;eev,integrated,separated,ws;lintim;Mumford0;Mumford0;True;False;1e-05;6000;1;2;20;50;200;-5;100;0.75;2;50;250;30;20;16;1040;1040
12329485;41;g_000;1;1;36;line_consecutive;0.1;1041;1;5;4-12;2;6939713.75;6950067.5;6952506.25;6951441.239014569;10353.75;2438.75;1373.7390145687386;eev,integrated,separated,ws;lintim;Mumford0;Mumford0;True;False;1e-05;6000;1;2;20;50;200;-5;100;0.75;2;50;250;30;20;16;1041;1041
12329485;42;g_000;1;1;36;line_consecutive;0.1;1042;1;6;12-18;2,11;7775067.5;7778895.0;7780988.75;15090442.5;3827.5;2093.75;7311547.5;eev,integrated,separated,ws;lintim;Mumford0;Mumford0;True;False;1e-05;6000;1;2;20;50;200;-5;100;0.75;2;50;250;30;20;16;1042;1042
12329485;43;g_000;1;1;36;line_consecutive;0.1;1043;1;7;18-23;2,11;5403196.2499951;5404706.25;5405816.25;12719245.0;1510.000004899688;1110.0;7314538.75;eev,integrated,separated,ws;lintim;Mumford0;Mumford0;True;False;1e-05;6000;1;2;20;50;200;-5;100;0.75;2;50;250;30;20;16;1043;1043
12329485;44;g_000;1;1;36;line_consecutive;0.1;1044;1;8;1-23;2;5379672.5;5382665.0;5385243.75;5386478.739014569;2992.5;2578.75;3813.739014568738;eev,integrated,separated,ws;lintim;Mumford0;Mumford0;True;False;1e-05;6000;1;2;20;50;200;-5;100;0.75;2;50;250;30;20;16;1044;1044
12329485;45;g_000;1;1;36;line_consecutive;0.1;1045;1;9;1-14;2;5404582.5;5407575.0;5410153.75;5411388.739014569;2992.5;2578.75;3813.739014568738;eev,integrated,separated,ws;lintim;Mumford0;Mumford0;True;False;1e-05;6000;1;2;20;50;200;-5;100;0.75;2;50;250;30;20;16;1045;1045
12329485;46;g_000;1;1;36;line_consecutive;0.1;1046;1;10;9-13;3;5370232.5;5374868.75;5376487.5;5391217.5;4636.25;1618.75;16348.75;eev,integrated,separated,ws;lintim;Mumford0;Mumford0;True;False;1e-05;6000;1;2;20;50;200;-5;100;0.75;2;50;250;30;20;16;1046;1046
12329485;47;g_000;1;1;36;line_consecutive;0.1;1047;1;11;1-13;3;5367537.5;5370733.75;5372352.5;5389682.5;3196.25;1618.75;18948.75;eev,integrated,separated,ws;lintim;Mumford0;Mumford0;True;False;1e-05;6000;1;2;20;50;200;-5;100;0.75;2;50;250;30;20;16;1047;1047
12329485;48;g_000;1;1;36;line_consecutive;0.1;1048;1;12;1-29;3;5330773.75;5332453.75;5334006.25;5351363.75;1680.0;1552.5;18910.0;eev,integrated,separated,ws;lintim;Mumford0;Mumford0;True;False;1e-05;6000;1;2;20;50;200;-5;100;0.75;2;50;250;30;20;16;1048;1048
12329485;49;g_000;1;1;36;line_consecutive;0.1;1049;1;13;17-29;3;5341555.0;5343623.75;5345203.75;5362533.75;2068.75;1580.0;18910.0;eev,integrated,separated,ws;lintim;Mumford0;Mumford0;True;False;1e-05;6000;1;2;20;50;200;-5;100;0.75;2;50;250;30;20;16;1049;1049
12329485;50;g_000;1;1;36;line_consecutive;0.1;1050;1;14;17-28;3;5349571.25;5352645.0;5354266.25;5371596.25;3073.75;1621.25;18951.25;eev,integrated,separated,ws;lintim;Mumford0;Mumford0;True;False;1e-05;6000;1;2;20;50;200;-5;100;0.75;2;50;250;30;20;16;1050;1050
12329485;51;g_000;1;1;36;line_consecutive;0.1;1051;1;15;28-30;3;5334963.75;5337023.749258158;5338761.25;5356091.25;2059.999258157797;1737.5007418422028;19067.500741842203;eev,integrated,separated,ws;lintim;Mumford0;Mumford0;True;False;1e-05;6000;1;2;20;50;200;-5;100;0.75;2;50;250;30;20;16;1051;1051
12329485;52;g_000;1;1;36;line_consecutive;0.1;1052;1;16;6-7;4,10;5374077.5;5377292.5;5378471.25;8600597.499538876;3215.0;1178.75;3223304.999538876;eev,integrated,separated,ws;lintim;Mumford0;Mumford0;True;False;1e-05;6000;1;2;20;50;200;-5;100;0.75;2;50;250;30;20;16;1052;1052
12329485;53;g_000;1;1;36;line_consecutive;0.1;1053;1;17;7-14;4;5332116.25;5334846.25;5335956.25;5334986.248777449;2730.0;1110.0;139.998777449131;eev,integrated,separated,ws;lintim;Mumford0;Mumford0;True;False;1e-05;6000;1;2;20;50;200;-5;100;0.75;2;50;250;30;20;16;1053;1053
12329485;54;g_000;1;1;36;line_consecutive;0.1;1054;1;18;14-19;4;5341305.0;5344042.5;5345482.5;5344512.498777449;2737.5;1440.0;469.998777449131;eev,integrated,separated,ws;lintim;Mumford0;Mumford0;True;False;1e-05;6000;1;2;20;50;200;-5;100;0.75;2;50;250;30;20;16;1054;1054
12329485;55;g_000;1;1;36;line_consecutive;0.1;1055;1;19;19-20;4;5332588.75;5335326.25;5337187.5;5336217.498777449;2737.5;1861.25;891.248777449131;eev,integrated,separated,ws;lintim;Mumford0;Mumford0;True;False;1e-05;6000;1;2;20;50;200;-5;100;0.75;2;50;250;30;20;16;1055;1055
12329485;56;g_000;1;1;36;line_consecutive;0.1;1056;1;20;15-24;5;6442361.25;6443676.25;6443676.25;6443676.25;1315.0;0.0;0.0;eev,integrated,separated,ws;lintim;Mumford0;Mumford0;True;False;1e-05;6000;1;2;20;50;200;-5;100;0.75;2;50;250;30;20;16;1056;1056
12329485;57;g_000;1;1;36;line_consecutive;0.1;1057;1;21;12-15;5,11;6510446.25;6515295.0;6516811.25;7200932.5;4848.75;1516.25;685637.5;eev,integrated,separated,ws;lintim;Mumford0;Mumford0;True;False;1e-05;6000;1;2;20;50;200;-5;100;0.75;2;50;250;30;20;16;1057;1057
12329485;58;g_000;1;1;36;line_consecutive;0.1;1058;1;22;12-26;5;5348031.25;5351731.25;5356688.75;5356688.75;3700.0;4957.5;4957.5;eev,integrated,separated,ws;lintim;Mumford0;Mumford0;True;False;1e-05;6000;1;2;20;50;200;-5;100;0.75;2;50;250;30;20;16;1058;1058
12329485;59;g_000;1;1;36;line_consecutive;0.1;1059;1;23;3-8;6,12;5341295.0;5344161.25;5345340.0;5345340.0;2866.25;1178.75;1178.75;eev,integrated,separated,ws;lintim;Mumford0;Mumford0;True;False;1e-05;6000;1;2;20;50;200;-5;100;0.75;2;50;250;30;20;16;1059;1059
12329485;60;g_000;1;1;36;line_consecutive;0.1;1060;1;24;5-8;6;5338701.25;5341731.25;5342910.0;5342910.0;3030.0;1178.75;1178.75;eev,integrated,separated,ws;lintim;Mumford0;Mumford0;True;False;1e-05;6000;1;2;20;50;200;-5;100;0.75;2;50;250;30;20;16;1060;1060
12329485;61;g_000;1;1;36;line_consecutive;0.1;1061;1;25;10-15;7;6447392.5;6447392.5;6447392.5;6450027.5;0.0;0.0;2635.0;eev,integrated,separated,ws;lintim;Mumford0;Mumford0;True;False;1e-05;6000;1;2;20;50;200;-5;100;0.75;2;50;250;30;20;16;1061;1061
12329485;62;g_000;1;1;36;line_consecutive;0.1;1062;1;26;15-21;7;6442525.0;6443157.5;6443302.5;6445937.5;632.5;145.0;2780.0;eev,integrated,separated,ws;lintim;Mumford0;Mumford0;True;False;1e-05;6000;1;2;20;50;200;-5;100;0.75;2;50;250;30;20;16;1062;1062
12329485;63;g_000;1;1;36;line_consecutive;0.1;1063;1;27;6-16;8;5334967.5;5338701.25;5339850.0;5339850.0;3733.75;1148.75;1148.75;eev,integrated,separated,ws;lintim;Mumford0;Mumford0;True;False;1e-05;6000;1;2;20;50;200;-5;100;0.75;2;50;250;30;20;16;1063;1063
12329485;64;g_000;1;1;36;line_consecutive;0.1;1064;1;28;9-27;9;6412325.0;6412325.0;6412325.0;6412325.0;0.0;0.0;0.0;eev,integrated,separated,ws;lintim;Mumford0;Mumford0;True;False;1e-05;6000;1;2;20;50;200;-5;100;0.75;2;50;250;30;20;16;1064;1064
12329485;65;g_000;1;1;36;line_consecutive;0.1;1065;1;29;2-15;10;5378800.0;5381022.5;5382201.25;7594750.0;2222.5;1178.75;2213727.5;eev,integrated,separated,ws;lintim;Mumford0;Mumford0;True;False;1e-05;6000;1;2;20;50;200;-5;100;0.75;2;50;250;30;20;16;1065;1065
12329485;66;g_000;1;1;36;line_consecutive;0.1;1066;1;30;8-15;10;5383306.249996563;5386682.5;5387880.0;7597455.0;3376.2500034365803;1197.5;2210772.5;eev,integrated,separated,ws;lintim;Mumford0;Mumford0;True;False;1e-05;6000;1;2;20;50;200;-5;100;0.75;2;50;250;30;20;16;1066;1066
12329485;67;g_000;1;1;36;line_consecutive;0.1;1067;1;31;8-17;10;5389446.25;5393843.75;5394882.5;7603111.25;4397.5;1038.75;2209267.5;eev,integrated,separated,ws;lintim;Mumford0;Mumford0;True;False;1e-05;6000;1;2;20;50;200;-5;100;0.75;2;50;250;30;20;16;1067;1067
12329485;68;g_000;1;1;36;line_consecutive;0.1;1068;1;32;7-17;10;5370847.5;5376002.5;5379583.75;7589637.5;5155.0;3581.25;2213635.0;eev,integrated,separated,ws;lintim;Mumford0;Mumford0;True;False;1e-05;6000;1;2;20;50;200;-5;100;0.75;2;50;250;30;20;16;1068;1068
12329485;69;g_000;1;1;36;line_consecutive;0.1;1069;1;33;19-23;11;5367200.0;5368643.75;5369753.75;5368783.75;1443.75;1110.0;140.0;eev,integrated,separated,ws;lintim;Mumford0;Mumford0;True;False;1e-05;6000;1;2;20;50;200;-5;100;0.75;2;50;250;30;20;16;1069;1069
12329485;70;g_000;1;1;36;line_consecutive;0.1;1070;1;34;8-21;12;5345195.0;5349500.0;5350678.75;5350678.75;4305.0;1178.75;1178.75;eev,integrated,separated,ws;lintim;Mumford0;Mumford0;True;False;1e-05;6000;1;2;20;50;200;-5;100;0.75;2;50;250;30;20;16;1070;1070
12329485;71;g_000;1;1;36;line_consecutive;0.1;1071;1;35;21-24;12;5342620.0;5346925.0;5348103.75;5348103.75;4305.0;1178.75;1178.75;eev,integrated,separated,ws;lintim;Mumford0;Mumford0;True;False;1e-05;6000;1;2;20;50;200;-5;100;0.75;2;50;250;30;20;16;1071;1071
12329485;72;g_000;1;1;36;line_consecutive;0.2;1072;2;0;2-25;1;5343842.5;5347142.5;5349141.25;5349141.25;3300.0;1998.75;1998.75;eev,integrated,separated,ws;lintim;Mumford0;Mumford0;True;False;1e-05;6000;1;2;20;50;200;-5;100;0.75;2;50;250;30;20;16;1072;1072
12329485;73;g_000;1;1;36;line_consecutive;0.2;1073;2;1;8-25;1;5343237.5;5346537.5;5348566.25;5348566.25;3300.0;2028.75;2028.75;eev,integrated,separated,ws;lintim;Mumford0;Mumford0;True;False;1e-05;6000;1;2;20;50;200;-5;100;0.75;2;50;250;30;20;16;1073;1073
12329485;74;g_000;1;1;36;line_consecutive;0.2;1074;2;2;8-11;1;5331442.5;5335337.5;5337366.25;5337366.25;3895.0;2028.75;2028.75;eev,integrated,separated,ws;lintim;Mumford0;Mumford0;True;False;1e-05;6000;1;2;20;50;200;-5;100;0.75;2;50;250;30;20;16;1074;1074
12329485;75;g_000;1;1;36;line_consecutive;0.2;1075;2;3;11-22;1;5333837.5;5338210.0;5340238.75;5340238.75;4372.5;2028.75;2028.75;eev,integrated,separated,ws;lintim;Mumford0;Mumford0;True;False;1e-05;6000;1;2;20;50;200;-5;100;0.75;2;50;250;30;20;16;1075;1075
12329485;76;g_000;1;1;36;line_consecutive;0.2;1076;2;4;2-4;2;6438476.25;6438510.0;6438510.0;6446444.989014569;33.75;0.0;7934.989014568739;eev,integrated,separated,ws;lintim;Mumford0;Mumford0;True;False;1e-05;6000;1;2;20;50;200;-5;100;0.75;2;50;250;30;20;16;1076;1076
12329485;77;g_000;1;1;36;line_consecutive;0.2;1077;2;5;4-12;2;6939713.75;6950067.5;6952506.25;6951441.239014569;10353.75;2438.75;1373.7390145687386;eev,integrated,separated,ws;lintim;Mumford0;Mumford0;True;False;1e-05;6000;1;2;20;50;200;-5;100;0.75;2;50;250;30;20;16;1077;1077
12329485;78;g_000;1;1;36;line_consecutive;0.2;1078;2;6;12-18;2,11;7775067.5;7778895.0;7780988.75;15090442.5;3827.5;2093.75;7311547.5;eev,integrated,separated,ws;lintim;Mumford0;Mumford0;True;False;1e-05;6000;1;2;20;50;200;-5;100;0.75;2;50;250;30;20;16;1078;1078
12329485;79;g_000;1;1;36;line_consecutive;0.2;1079;2;7;18-23;2,11;5403196.2499951;5404706.25;5405816.25;12719245.0;1510.000004899688;1110.0;7314538.75;eev,integrated,separated,ws;lintim;Mumford0;Mumford0;True;False;1e-05;6000;1;2;20;50;200;-5;100;0.75;2;50;250;30;20;16;1079;1079
12329485;80;g_000;1;1;36;line_consecutive;0.2;1080;2;8;1-23;2;5379672.5;5382665.0;5385243.75;5386478.739014569;2992.5;2578.75;3813.739014568738;eev,integrated,separated,ws;lintim;Mumford0;Mumford0;True;False;1e-05;6000;1;2;20;50;200;-5;100;0.75;2;50;250;30;20;16;1080;1080
12329485;81;g_000;1;1;36;line_consecutive;0.2;1081;2;9;1-14;2;5404582.5;5407575.0;5410153.75;5411388.739014569;2992.5;2578.75;3813.739014568738;eev,integrated,separated,ws;lintim;Mumford0;Mumford0;True;False;1e-05;6000;1;2;20;50;200;-5;100;0.75;2;50;250;30;20;16;1081;1081
12329485;82;g_000;1;1;36;line_consecutive;0.2;1082;2;10;9-13;3;5370232.5;5374868.75;5376487.5;5391217.5;4636.25;1618.75;16348.75;eev,integrated,separated,ws;lintim;Mumford0;Mumford0;True;False;1e-05;6000;1;2;20;50;200;-5;100;0.75;2;50;250;30;20;16;1082;1082
12329485;83;g_000;1;1;36;line_consecutive;0.2;1083;2;11;1-13;3;5367537.5;5370733.75;5372352.5;5389682.5;3196.25;1618.75;18948.75;eev,integrated,separated,ws;lintim;Mumford0;Mumford0;True;False;1e-05;6000;1;2;20;50;200;-5;100;0.75;2;50;250;30;20;16;1083;1083
12329485;84;g_000;1;1;36;line_consecutive;0.2;1084;2;12;1-29;3;5330773.75;5332453.75;5334006.25;5351363.75;1680.0;1552.5;18910.0;eev,integrated,separated,ws;lintim;Mumford0;Mumford0;True;False;1e-05;6000;1;2;20;50;200;-5;100;0.75;2;50;250;30;20;16;1084;1084
12329485;85;g_000;1;1;36;line_consecutive;0.2;1085;2;13;17-29;3;5341555.0;5343623.75;5345203.75;5362533.75;2068.75;1580.0;18910.0;eev,integrated,separated,ws;lintim;Mumford0;Mumford0;True;False;1e-05;6000;1;2;20;50;200;-5;100;0.75;2;50;250;30;20;16;1085;1085
12329485;86;g_000;1;1;36;line_consecutive;0.2;1086;2;14;17-28;3;5349571.25;5352645.0;5354266.25;5371596.25;3073.75;1621.25;18951.25;eev,integrated,separated,ws;lintim;Mumford0;Mumford0;True;False;1e-05;6000;1;2;20;50;200;-5;100;0.75;2;50;250;30;20;16;1086;1086
12329485;87;g_000;1;1;36;line_consecutive;0.2;1087;2;15;28-30;3;5334963.75;5337023.749258158;5338761.25;5356091.25;2059.999258157797;1737.5007418422028;19067.500741842203;eev,integrated,separated,ws;lintim;Mumford0;Mumford0;True;False;1e-05;6000;1;2;20;50;200;-5;100;0.75;2;50;250;30;20;16;1087;1087
12329485;88;g_000;1;1;36;line_consecutive;0.2;1088;2;16;6-7;4,10;5374077.5;5377292.5;5378471.25;8600597.499538876;3215.0;1178.75;3223304.999538876;eev,integrated,separated,ws;lintim;Mumford0;Mumford0;True;False;1e-05;6000;1;2;20;50;200;-5;100;0.75;2;50;250;30;20;16;1088;1088
12329485;89;g_000;1;1;36;line_consecutive;0.2;1089;2;17;7-14;4;5332116.25;5334846.25;5335956.25;5334986.248777449;2730.0;1110.0;139.998777449131;eev,integrated,separated,ws;lintim;Mumford0;Mumford0;True;False;1e-05;6000;1;2;20;50;200;-5;100;0.75;2;50;250;30;20;16;1089;1089
12329485;90;g_000;1;1;36;line_consecutive;0.2;1090;2;18;14-19;4;5341305.0;5344042.5;5345482.5;5344512.498777449;2737.5;1440.0;469.998777449131;eev,integrated,separated,ws;lintim;Mumford0;Mumford0;True;False;1e-05;6000;1;2;20;50;200;-5;100;0.75;2;50;250;30;20;16;1090;1090
12329485;91;g_000;1;1;36;line_consecutive;0.2;1091;2;19;19-20;4;5332588.75;5335326.25;5337187.5;5336217.498777449;2737.5;1861.25;891.248777449131;eev,integrated,separated,ws;lintim;Mumford0;Mumford0;True;False;1e-05;6000;1;2;20;50;200;-5;100;0.75;2;50;250;30;20;16;1091;1091
12329485;92;g_000;1;1;36;line_consecutive;0.2;1092;2;20;15-24;5;6442361.25;6443676.25;6443676.25;6443676.25;1315.0;0.0;0.0;eev,integrated,separated,ws;lintim;Mumford0;Mumford0;True;False;1e-05;6000;1;2;20;50;200;-5;100;0.75;2;50;250;30;20;16;1092;1092
12329485;93;g_000;1;1;36;line_consecutive;0.2;1093;2;21;12-15;5,11;6510446.25;6515295.0;6516811.25;7200932.5;4848.75;1516.25;685637.5;eev,integrated,separated,ws;lintim;Mumford0;Mumford0;True;False;1e-05;6000;1;2;20;50;200;-5;100;0.75;2;50;250;30;20;16;1093;1093
12329485;94;g_000;1;1;36;line_consecutive;0.2;1094;2;22;12-26;5;5348031.25;5351731.25;5356688.75;5356688.75;3700.0;4957.5;4957.5;eev,integrated,separated,ws;lintim;Mumford0;Mumford0;True;False;1e-05;6000;1;2;20;50;200;-5;100;0.75;2;50;250;30;20;16;1094;1094
12329485;95;g_000;1;1;36;line_consecutive;0.2;1095;2;23;3-8;6,12;5341295.0;5344161.25;5345340.0;5345340.0;2866.25;1178.75;1178.75;eev,integrated,separated,ws;lintim;Mumford0;Mumford0;True;False;1e-05;6000;1;2;20;50;200;-5;100;0.75;2;50;250;30;20;16;1095;1095
12329485;96;g_000;1;1;36;line_consecutive;0.2;1096;2;24;5-8;6;5338701.25;5341731.25;5342910.0;5342910.0;3030.0;1178.75;1178.75;eev,integrated,separated,ws;lintim;Mumford0;Mumford0;True;False;1e-05;6000;1;2;20;50;200;-5;100;0.75;2;50;250;30;20;16;1096;1096
12329485;97;g_000;1;1;36;line_consecutive;0.2;1097;2;25;10-15;7;6447392.5;6447392.5;6447392.5;6450027.5;0.0;0.0;2635.0;eev,integrated,separated,ws;lintim;Mumford0;Mumford0;True;False;1e-05;6000;1;2;20;50;200;-5;100;0.75;2;50;250;30;20;16;1097;1097
12329485;98;g_000;1;1;36;line_consecutive;0.2;1098;2;26;15-21;7;6442525.0;6443157.5;6443302.5;6445937.5;632.5;145.0;2780.0;eev,integrated,separated,ws;lintim;Mumford0;Mumford0;True;False;1e-05;6000;1;2;20;50;200;-5;100;0.75;2;50;250;30;20;16;1098;1098
12329485;99;g_000;1;1;36;line_consecutive;0.2;1099;2;27;6-16;8;5334967.5;5338701.25;5339850.0;5339850.0;3733.75;1148.75;1148.75;eev,integrated,separated,ws;lintim;Mumford0;Mumford0;True;False;1e-05;6000;1;2;20;50;200;-5;100;0.75;2;50;250;30;20;16;1099;1099
12329485;100;g_000;1;1;36;line_consecutive;0.2;1100;2;28;9-27;9;6412325.0;6412325.0;6412325.0;6412325.0;0.0;0.0;0.0;eev,integrated,separated,ws;lintim;Mumford0;Mumford0;True;False;1e-05;6000;1;2;20;50;200;-5;100;0.75;2;50;250;30;20;16;1100;1100
12329485;101;g_000;1;1;36;line_consecutive;0.2;1101;2;29;2-15;10;5378800.0;5381022.5;5382201.25;7594750.0;2222.5;1178.75;2213727.5;eev,integrated,separated,ws;lintim;Mumford0;Mumford0;True;False;1e-05;6000;1;2;20;50;200;-5;100;0.75;2;50;250;30;20;16;1101;1101
12329485;102;g_000;1;1;36;line_consecutive;0.2;1102;2;30;8-15;10;5383306.249996563;5386682.5;5387880.0;7597455.0;3376.2500034365803;1197.5;2210772.5;eev,integrated,separated,ws;lintim;Mumford0;Mumford0;True;False;1e-05;6000;1;2;20;50;200;-5;100;0.75;2;50;250;30;20;16;1102;1102
12329485;103;g_000;1;1;36;line_consecutive;0.2;1103;2;31;8-17;10;5389446.25;5393843.75;5394882.5;7603111.25;4397.5;1038.75;2209267.5;eev,integrated,separated,ws;lintim;Mumford0;Mumford0;True;False;1e-05;6000;1;2;20;50;200;-5;100;0.75;2;50;250;30;20;16;1103;1103
12329485;104;g_000;1;1;36;line_consecutive;0.2;1104;2;32;7-17;10;5370847.5;5376002.5;5379583.75;7589637.5;5155.0;3581.25;2213635.0;eev,integrated,separated,ws;lintim;Mumford0;Mumford0;True;False;1e-05;6000;1;2;20;50;200;-5;100;0.75;2;50;250;30;20;16;1104;1104
12329485;105;g_000;1;1;36;line_consecutive;0.2;1105;2;33;19-23;11;5367200.0;5368643.75;5369753.75;5368783.75;1443.75;1110.0;140.0;eev,integrated,separated,ws;lintim;Mumford0;Mumford0;True;False;1e-05;6000;1;2;20;50;200;-5;100;0.75;2;50;250;30;20;16;1105;1105
12329485;106;g_000;1;1;36;line_consecutive;0.2;1106;2;34;8-21;12;5345195.0;5349500.0;5350678.75;5350678.75;4305.0;1178.75;1178.75;eev,integrated,separated,ws;lintim;Mumford0;Mumford0;True;False;1e-05;6000;1;2;20;50;200;-5;100;0.75;2;50;250;30;20;16;1106;1106
12329485;107;g_000;1;1;36;line_consecutive;0.2;1107;2;35;21-24;12;5342620.0;5346925.0;5348103.75;5348103.75;4305.0;1178.75;1178.75;eev,integrated,separated,ws;lintim;Mumford0;Mumford0;True;False;1e-05;6000;1;2;20;50;200;-5;100;0.75;2;50;250;30;20;16;1107;1107
12329485;108;g_000;1;1;36;line_consecutive;0.3;1108;3;0;2-25;1;5343842.5;5347142.5;5349141.25;5349141.25;3300.0;1998.75;1998.75;eev,integrated,separated,ws;lintim;Mumford0;Mumford0;True;False;1e-05;6000;1;2;20;50;200;-5;100;0.75;2;50;250;30;20;16;1108;1108
12329485;109;g_000;1;1;36;line_consecutive;0.3;1109;3;1;8-25;1;5343237.5;5346537.5;5348566.25;5348566.25;3300.0;2028.75;2028.75;eev,integrated,separated,ws;lintim;Mumford0;Mumford0;True;False;1e-05;6000;1;2;20;50;200;-5;100;0.75;2;50;250;30;20;16;1109;1109
12329485;110;g_000;1;1;36;line_consecutive;0.3;1110;3;2;8-11;1;5331442.5;5335337.5;5337366.25;5337366.25;3895.0;2028.75;2028.75;eev,integrated,separated,ws;lintim;Mumford0;Mumford0;True;False;1e-05;6000;1;2;20;50;200;-5;100;0.75;2;50;250;30;20;16;1110;1110
12329485;111;g_000;1;1;36;line_consecutive;0.3;1111;3;3;11-22;1;5333837.5;5338210.0;5340238.75;5340238.75;4372.5;2028.75;2028.75;eev,integrated,separated,ws;lintim;Mumford0;Mumford0;True;False;1e-05;6000;1;2;20;50;200;-5;100;0.75;2;50;250;30;20;16;1111;1111
12329485;112;g_000;1;1;36;line_consecutive;0.3;1112;3;4;2-4;2;6438476.25;6438510.0;6438510.0;6446444.989014569;33.75;0.0;7934.989014568739;eev,integrated,separated,ws;lintim;Mumford0;Mumford0;True;False;1e-05;6000;1;2;20;50;200;-5;100;0.75;2;50;250;30;20;16;1112;1112
12329485;113;g_000;1;1;36;line_consecutive;0.3;1113;3;5;4-12;2;6939713.75;6950067.5;6952506.25;6951441.239014569;10353.75;2438.75;1373.7390145687386;eev,integrated,separated,ws;lintim;Mumford0;Mumford0;True;False;1e-05;6000;1;2;20;50;200;-5;100;0.75;2;50;250;30;20;16;1113;1113
12329485;114;g_000;1;1;36;line_consecutive;0.3;1114;3;6;12-18;2,11;7775067.5;7778895.0;7780988.75;15090442.5;3827.5;2093.75;7311547.5;eev,integrated,separated,ws;lintim;Mumford0;Mumford0;True;False;1e-05;6000;1;2;20;50;200;-5;100;0.75;2;50;250;30;20;16;1114;1114
12329485;115;g_000;1;1;36;line_consecutive;0.3;1115;3;7;18-23;2,11;5403196.2499951;5404706.25;5405816.25;12719245.0;1510.000004899688;1110.0;7314538.75;eev,integrated,separated,ws;lintim;Mumford0;Mumford0;True;False;1e-05;6000;1;2;20;50;200;-5;100;0.75;2;50;250;30;20;16;1115;1115
12329485;116;g_000;1;1;36;line_consecutive;0.3;1116;3;8;1-23;2;5379672.5;5382665.0;5385243.75;5386478.739014569;2992.5;2578.75;3813.739014568738;eev,integrated,separated,ws;lintim;Mumford0;Mumford0;True;False;1e-05;6000;1;2;20;50;200;-5;100;0.75;2;50;250;30;20;16;1116;1116
12329485;117;g_000;1;1;36;line_consecutive;0.3;1117;3;9;1-14;2;5404582.5;5407575.0;5410153.75;5411388.739014569;2992.5;2578.75;3813.739014568738;eev,integrated,separated,ws;lintim;Mumford0;Mumford0;True;False;1e-05;6000;1;2;20;50;200;-5;100;0.75;2;50;250;30;20;16;1117;1117
12329485;118;g_000;1;1;36;line_consecutive;0.3;1118;3;10;9-13;3;5370232.5;5374868.75;5376487.5;5391217.5;4636.25;1618.75;16348.75;eev,integrated,separated,ws;lintim;Mumford0;Mumford0;True;False;1e-05;6000;1;2;20;50;200;-5;100;0.75;2;50;250;30;20;16;1118;1118
12329485;119;g_000;1;1;36;line_consecutive;0.3;1119;3;11;1-13;3;5367537.5;5370733.75;5372352.5;5389682.5;3196.25;1618.75;18948.75;eev,integrated,separated,ws;lintim;Mumford0;Mumford0;True;False;1e-05;6000;1;2;20;50;200;-5;100;0.75;2;50;250;30;20;16;1119;1119
12329485;120;g_000;1;1;36;line_consecutive;0.3;1120;3;12;1-29;3;5330773.75;5332453.75;5334006.25;5351363.75;1680.0;1552.5;18910.0;eev,integrated,separated,ws;lintim;Mumford0;Mumford0;True;False;1e-05;6000;1;2;20;50;200;-5;100;0.75;2;50;250;30;20;16;1120;1120
12329485;121;g_000;1;1;36;line_consecutive;0.3;1121;3;13;17-29;3;5341555.0;5343623.75;5345203.75;5362533.75;2068.75;1580.0;18910.0;eev,integrated,separated,ws;lintim;Mumford0;Mumford0;True;False;1e-05;6000;1;2;20;50;200;-5;100;0.75;2;50;250;30;20;16;1121;1121
12329485;122;g_000;1;1;36;line_consecutive;0.3;1122;3;14;17-28;3;5349571.25;5352645.0;5354266.25;5371596.25;3073.75;1621.25;18951.25;eev,integrated,separated,ws;lintim;Mumford0;Mumford0;True;False;1e-05;6000;1;2;20;50;200;-5;100;0.75;2;50;250;30;20;16;1122;1122
12329485;123;g_000;1;1;36;line_consecutive;0.3;1123;3;15;28-30;3;5334963.75;5337023.749258158;5338761.25;5356091.25;2059.999258157797;1737.5007418422028;19067.500741842203;eev,integrated,separated,ws;lintim;Mumford0;Mumford0;True;False;1e-05;6000;1;2;20;50;200;-5;100;0.75;2;50;250;30;20;16;1123;1123
12329485;124;g_000;1;1;36;line_consecutive;0.3;1124;3;16;6-7;4,10;5374077.5;5377292.5;5378471.25;8600597.499538876;3215.0;1178.75;3223304.999538876;eev,integrated,separated,ws;lintim;Mumford0;Mumford0;True;False;1e-05;6000;1;2;20;50;200;-5;100;0.75;2;50;250;30;20;16;1124;1124
12329485;125;g_000;1;1;36;line_consecutive;0.3;1125;3;17;7-14;4;5332116.25;5334846.25;5335956.25;5334986.248777449;2730.0;1110.0;139.998777449131;eev,integrated,separated,ws;lintim;Mumford0;Mumford0;True;False;1e-05;6000;1;2;20;50;200;-5;100;0.75;2;50;250;30;20;16;1125;1125
12329485;126;g_000;1;1;36;line_consecutive;0.3;1126;3;18;14-19;4;5341305.0;5344042.5;5345482.5;5344512.498777449;2737.5;1440.0;469.998777449131;eev,integrated,separated,ws;lintim;Mumford0;Mumford0;True;False;1e-05;6000;1;2;20;50;200;-5;100;0.75;2;50;250;30;20;16;1126;1126
12329485;127;g_000;1;1;36;line_consecutive;0.3;1127;3;19;19-20;4;5332588.75;5335326.25;5337187.5;5336217.498777449;2737.5;1861.25;891.248777449131;eev,integrated,separated,ws;lintim;Mumford0;Mumford0;True;False;1e-05;6000;1;2;20;50;200;-5;100;0.75;2;50;250;30;20;16;1127;1127
12329485;128;g_000;1;1;36;line_consecutive;0.3;1128;3;20;15-24;5;6442361.25;6443676.25;6443676.25;6443676.25;1315.0;0.0;0.0;eev,integrated,separated,ws;lintim;Mumford0;Mumford0;True;False;1e-05;6000;1;2;20;50;200;-5;100;0.75;2;50;250;30;20;16;1128;1128
12329485;129;g_000;1;1;36;line_consecutive;0.3;1129;3;21;12-15;5,11;6510446.25;6515295.0;6516811.25;7200932.5;4848.75;1516.25;685637.5;eev,integrated,separated,ws;lintim;Mumford0;Mumford0;True;False;1e-05;6000;1;2;20;50;200;-5;100;0.75;2;50;250;30;20;16;1129;1129
12329485;130;g_000;1;1;36;line_consecutive;0.3;1130;3;22;12-26;5;5348031.25;5351731.25;5356688.75;5356688.75;3700.0;4957.5;4957.5;eev,integrated,separated,ws;lintim;Mumford0;Mumford0;True;False;1e-05;6000;1;2;20;50;200;-5;100;0.75;2;50;250;30;20;16;1130;1130
12329485;131;g_000;1;1;36;line_consecutive;0.3;1131;3;23;3-8;6,12;5341295.0;5344161.25;5345340.0;5345340.0;2866.25;1178.75;1178.75;eev,integrated,separated,ws;lintim;Mumford0;Mumford0;True;False;1e-05;6000;1;2;20;50;200;-5;100;0.75;2;50;250;30;20;16;1131;1131
12329485;132;g_000;1;1;36;line_consecutive;0.3;1132;3;24;5-8;6;5338701.25;5341731.25;5342910.0;5342910.0;3030.0;1178.75;1178.75;eev,integrated,separated,ws;lintim;Mumford0;Mumford0;True;False;1e-05;6000;1;2;20;50;200;-5;100;0.75;2;50;250;30;20;16;1132;1132
12329485;133;g_000;1;1;36;line_consecutive;0.3;1133;3;25;10-15;7;6447392.5;6447392.5;6447392.5;6450027.5;0.0;0.0;2635.0;eev,integrated,separated,ws;lintim;Mumford0;Mumford0;True;False;1e-05;6000;1;2;20;50;200;-5;100;0.75;2;50;250;30;20;16;1133;1133
12329485;134;g_000;1;1;36;line_consecutive;0.3;1134;3;26;15-21;7;6442525.0;6443157.5;6443302.5;6445937.5;632.5;145.0;2780.0;eev,integrated,separated,ws;lintim;Mumford0;Mumford0;True;False;1e-05;6000;1;2;20;50;200;-5;100;0.75;2;50;250;30;20;16;1134;1134
12329485;135;g_000;1;1;36;line_consecutive;0.3;1135;3;27;6-16;8;5334967.5;5338701.25;5339850.0;5339850.0;3733.75;1148.75;1148.75;eev,integrated,separated,ws;lintim;Mumford0;Mumford0;True;False;1e-05;6000;1;2;20;50;200;-5;100;0.75;2;50;250;30;20;16;1135;1135
12329485;136;g_000;1;1;36;line_consecutive;0.3;1136;3;28;9-27;9;6412325.0;6412325.0;6412325.0;6412325.0;0.0;0.0;0.0;eev,integrated,separated,ws;lintim;Mumford0;Mumford0;True;False;1e-05;6000;1;2;20;50;200;-5;100;0.75;2;50;250;30;20;16;1136;1136
12329485;137;g_000;1;1;36;line_consecutive;0.3;1137;3;29;2-15;10;5378800.0;5381022.5;5382201.25;7594750.0;2222.5;1178.75;2213727.5;eev,integrated,separated,ws;lintim;Mumford0;Mumford0;True;False;1e-05;6000;1;2;20;50;200;-5;100;0.75;2;50;250;30;20;16;1137;1137
12329485;138;g_000;1;1;36;line_consecutive;0.3;1138;3;30;8-15;10;5383306.249996563;5386682.5;5387880.0;7597455.0;3376.2500034365803;1197.5;2210772.5;eev,integrated,separated,ws;lintim;Mumford0;Mumford0;True;False;1e-05;6000;1;2;20;50;200;-5;100;0.75;2;50;250;30;20;16;1138;1138
12329485;139;g_000;1;1;36;line_consecutive;0.3;1139;3;31;8-17;10;5389446.25;5393843.75;5394882.5;7603111.25;4397.5;1038.75;2209267.5;eev,integrated,separated,ws;lintim;Mumford0;Mumford0;True;False;1e-05;6000;1;2;20;50;200;-5;100;0.75;2;50;250;30;20;16;1139;1139
12329485;140;g_000;1;1;36;line_consecutive;0.3;1140;3;32;7-17;10;5370847.5;5376002.5;5379583.75;7589637.5;5155.0;3581.25;2213635.0;eev,integrated,separated,ws;lintim;Mumford0;Mumford0;True;False;1e-05;6000;1;2;20;50;200;-5;100;0.75;2;50;250;30;20;16;1140;1140
12329485;141;g_000;1;1;36;line_consecutive;0.3;1141;3;33;19-23;11;5367200.0;5368643.75;5369753.75;5368783.75;1443.75;1110.0;140.0;eev,integrated,separated,ws;lintim;Mumford0;Mumford0;True;False;1e-05;6000;1;2;20;50;200;-5;100;0.75;2;50;250;30;20;16;1141;1141
12329485;142;g_000;1;1;36;line_consecutive;0.3;1142;3;34;8-21;12;5345195.0;5349500.0;5350678.75;5350678.75;4305.0;1178.75;1178.75;eev,integrated,separated,ws;lintim;Mumford0;Mumford0;True;False;1e-05;6000;1;2;20;50;200;-5;100;0.75;2;50;250;30;20;16;1142;1142
12329485;143;g_000;1;1;36;line_consecutive;0.3;1143;3;35;21-24;12;5342620.0;5346925.0;5348103.75;5348103.75;4305.0;1178.75;1178.75;eev,integrated,separated,ws;lintim;Mumford0;Mumford0;True;False;1e-05;6000;1;2;20;50;200;-5;100;0.75;2;50;250;30;20;16;1143;1143
12329485;144;g_000;1;1;36;line_consecutive;0.4;1144;4;0;2-25;1;5557539.0;5560322.0;5561778.0;5561778.0;2783.0;1456.0;1456.0;eev,integrated,separated,ws;lintim;Mumford0;Mumford0;True;False;1e-05;6000;1;2;20;50;200;-5;100;0.75;2;50;250;30;20;16;1144;1144
12329485;145;g_000;1;1;36;line_consecutive;0.4;1145;4;1;8-25;1;5557055.0;5559862.0;5561318.0;5561318.0;2807.0;1456.0;1456.0;eev,integrated,separated,ws;lintim;Mumford0;Mumford0;True;False;1e-05;6000;1;2;20;50;200;-5;100;0.75;2;50;250;30;20;16;1145;1145
12329485;146;g_000;1;1;36;line_consecutive;0.4;1146;4;2;8-11;1;5547619.0;5550902.0;5552358.0;5552358.0;3283.0;1456.0;1456.0;eev,integrated,separated,ws;lintim;Mumford0;Mumford0;True;False;1e-05;6000;1;2;20;50;200;-5;100;0.75;2;50;250;30;20;16;1146;1146
12329485;147;g_000;1;1;36;line_consecutive;0.4;1147;4;3;11-22;1;5549535.0;5553200.0;5554656.0;5554656.0;3665.0;1456.0;1456.0;eev,integrated,separated,ws;lintim;Mumford0;Mumford0;True;False;1e-05;6000;1;2;20;50;200;-5;100;0.75;2;50;250;30;20;16;1147;1147
12329485;148;g_000;1;1;36;line_consecutive;0.4;1148;4;4;2-4;2;6433246.0;6433273.0;6433273.0;6433272.998453715;27.0;0.0;-0.0015462851151823;eev,integrated,separated,ws;lintim;Mumford0;Mumford0;True;False;1e-05;6000;1;2;20;50;200;-5;100;0.75;2;50;250;30;20;16;1148;1148
12329485;149;g_000;1;1;36;line_consecutive;0.4;1149;4;5;4-12;2;6834236.0;6842654.0;6844470.0;6844469.998453715;8418.0;1816.0;1815.9984537148848;eev,integrated,separated,ws;lintim;Mumford0;Mumford0;True;False;1e-05;6000;1;2;20;50;200;-5;100;0.75;2;50;250;30;20;16;1149;1149
12329485;150;g_000;1;1;36;line_consecutive;0.4;1150;4;6;12-18;2,11;7502519.0;7505715.998146151;7507256.0;13053530.0;3196.9981461511925;1540.0018538488075;5547814.001853849;eev,integrated,separated,ws;lintim;Mumford0;Mumford0;True;False;1e-05;6000;1;2;20;50;200;-5;100;0.75;2;50;250;30;20;16;1150;1150
12329485;151;g_000;1;1;36;line_consecutive;0.4;1151;4;7;18-23;2,11;5605021.99999608;5606262.0;5607118.0;11157428.0;1240.0000039199367;856.0;5551166.0;eev,integrated,separated,ws;lintim;Mumford0;Mumford0;True;False;1e-05;6000;1;2;20;50;200;-5;100;0.75;2;50;250;30;20;16;1151;1151
12329485;152;g_000;1;1;36;line_consecutive;0.4;1152;4;8;1-23;2;5586203.0;5588756.0;5590660.0;5590659.998453715;2553.0;1904.0;1903.9984537148848;eev,integrated,separated,ws;lintim;Mumford0;Mumford0;True;False;1e-05;6000;1;2;20;50;200;-5;100;0.75;2;50;250;30;20;16;1152;1152
12329485;153;g_000;1;1;36;line_consecutive;0.4;1153;4;9;1-14;2;5606131.0;5608683.998826881;5610588.0;5610587.998453715;2552.9988268809398;1904.0011731190607;1903.9996268339453;eev,integrated,separated,ws;lintim;Mumford0;Mumford0;True;False;1e-05;6000;1;2;20;50;200;-5;100;0.75;2;50;250;30;20;16;1153;1153
12329485;154;g_000;1;1;36;line_consecutive;0.4;1154;4;10;9-13;3;5578651.0;5582583.0;5583655.0;5583655.0;3932.0;1072.0;1072.0;eev,integrated,separated,ws;lintim;Mumford0;Mumford0;True;False;1e-05;6000;1;2;20;50;200;-5;100;0.75;2;50;250;30;20;16;1154;1154
12329485;155;g_000;1;1;36;line_consecutive;0.4;1155;4;11;1-13;3;5576495.0;5579275.0;5580347.0;5580347.0;2780.0;1072.0;1072.0;eev,integrated,separated,ws;lintim;Mumford0;Mumford0;True;False;1e-05;6000;1;2;20;50;200;-5;100;0.75;2;50;250;30;20;16;1155;1155
12329485;156;g_000;1;1;36;line_consecutive;0.4;1156;4;12;1-29;3;5547084.0;5548620.0;5549670.0;5549670.0;1536.0;1050.0;1050.0;eev,integrated,separated,ws;lintim;Mumford0;Mumford0;True;False;1e-05;6000;1;2;20;50;200;-5;100;0.75;2;50;250;30;20;16;1156;1156
12329485;157;g_000;1;1;36;line_consecutive;0.4;1157;4;13;17-29;3;5555709.0;5557555.999444835;5558628.0;5558628.0;1846.999444834888;1072.000555165112;1072.000555165112;eev,integrated,separated,ws;lintim;Mumford0;Mumford0;True;False;1e-05;6000;1;2;20;50;200;-5;100;0.75;2;50;250;30;20;16;1157;1157
12329485;158;g_000;1;1;36;line_consecutive;0.4;1158;4;14;17-28;3;5562122.0;5564806.0;5565878.0;5565878.0;2684.0;1072.0;1072.0;eev,integrated,separated,ws;lintim;Mumford0;Mumford0;True;False;1e-05;6000;1;2;20;50;200;-5;100;0.75;2;50;250;30;20;16;1158;1158
12329485;159;g_000;1;1;36;line_consecutive;0.4;1159;4;15;28-30;3;5550436.0;5552356.0;5553474.0;5553474.0;1920.0;1118.0;1118.0;eev,integrated,separated,ws;lintim;Mumford0;Mumford0;True;False;1e-05;6000;1;2;20;50;200;-5;100;0.75;2;50;250;30;20;16;1159;1159
12329485;160;g_000;1;1;36;line_consecutive;0.4;1160;4;16;6-7;4,10;5581727.0;5584385.999417595;5585242.0;7463763.0;2658.999417594634;856.000582405366;1879377.0005824051;eev,integrated,separated,ws;lintim;Mumford0;Mumford0;True;False;1e-05;6000;1;2;20;50;200;-5;100;0.75;2;50;250;30;20;16;1160;1160
12329485;161;g_000;1;1;36;line_consecutive;0.4;1161;4;17;7-14;4;5548158.0;5550374.0;5551230.0;5551230.0;2216.0;856.0;856.0;eev,integrated,separated,ws;lintim;Mumford0;Mumford0;True;False;1e-05;6000;1;2;20;50;200;-5;100;0.75;2;50;250;30;20;16;1161;1161
12329485;162;g_000;1;1;36;line_consecutive;0.4;1162;4;18;14-19;4;5555509.0;5557947.0;5558851.0;5558851.0;2438.0;904.0;904.0;eev,integrated,separated,ws;lintim;Mumford0;Mumford0;True;False;1e-05;6000;1;2;20;50;200;-5;100;0.75;2;50;250;30;20;16;1162;1162
12329485;163;g_000;1;1;36;line_consecutive;0.4;1163;4;19;19-20;4;5548536.0;5551117.0;5552215.0;5552215.0;2581.0;1098.0;1098.0;eev,integrated,separated,ws;lintim;Mumford0;Mumford0;True;False;1e-05;6000;1;2;20;50;200;-5;100;0.75;2;50;250;30;20;16;1163;1163
12329485;164;g_000;1;1;36;line_consecutive;0.4;1164;4;20;15-24;5;6436354.0;6437405.99941015;6437406.0;6437406.0;1051.999410149641;0.0005898503586649;0.0005898503586649;eev,integrated,separated,ws;lintim;Mumford0;Mumford0;True;False;1e-05;6000;1;2;20;50;200;-5;100;0.75;2;50;250;30;20;16;1164;1164
12329485;165;g_000;1;1;36;line_consecutive;0.4;1165;4;21;12-15;5,11;6490822.0;6495068.0;6495914.0;6577666.5;4246.0;846.0;82598.5;eev,integrated,separated,ws;lintim;Mumford0;Mumford0;True;False;1e-05;6000;1;2;20;50;200;-5;100;0.75;2;50;250;30;20;16;1165;1165
12329485;166;g_000;1;1;36;line_consecutive;0.4;1166;4;22;12-26;5;5560890.0;5564222.0;5567816.0;5567816.0;3332.0;3594.0;3594.0;eev,integrated,separated,ws;lintim;Mumford0;Mumford0;True;False;1e-05;6000;1;2;20;50;200;-5;100;0.75;2;50;250;30;20;16;1166;1166
12329485;167;g_000;1;1;36;line_consecutive;0.4;1167;4;23;3-8;6,12;5555501.0;5557881.0;5558737.0;5558737.0;2380.0;856.0;856.0;eev,integrated,separated,ws;lintim;Mumford0;Mumford0;True;False;1e-05;6000;1;2;20;50;200;-5;100;0.75;2;50;250;30;20;16;1167;1167
12329485;168;g_000;1;1;36;line_consecutive;0.4;1168;4;24;5-8;6;5553426.0;5555937.0;5556793.0;5556793.0;2511.0;856.0;856.0;eev,integrated,separated,ws;lintim;Mumford0;Mumford0;True;False;1e-05;6000;1;2;20;50;200;-5;100;0.75;2;50;250;30;20;16;1168;1168
12329485;169;g_000;1;1;36;line_consecutive;0.4;1169;4;25;10-15;7;6440379.0;6440379.0;6440379.0;6440379.0;0.0;0.0;0.0;eev,integrated,separated,ws;lintim;Mumford0;Mumford0;True;False;1e-05;6000;1;2;20;50;200;-5;100;0.75;2;50;250;30;20;16;1169;1169
12329485;170;g_000;1;1;36;line_consecutive;0.4;1170;4;26;15-21;7;6436485.0;6437107.0;6437107.0;6437107.0;622.0;0.0;0.0;eev,integrated,separated,ws;lintim;Mumford0;Mumford0;True;False;1e-05;6000;1;2;20;50;200;-5;100;0.75;2;50;250;30;20;16;1170;1170
12329485;171;g_000;1;1;36;line_consecutive;0.4;1171;4;27;6-16;8;5550439.0;5553489.0;5554345.0;5554345.0;3050.0;856.0;856.0;eev,integrated,separated,ws;lintim;Mumford0;Mumford0;True;False;1e-05;6000;1;2;20;50;200;-5;100;0.75;2;50;250;30;20;16;1171;1171
12329485;172;g_000;1;1;36;line_consecutive;0.4;1172;4;28;9-27;9;6412325.0;6412325.0;6412325.0;6412325.0;0.0;0.0;0.0;eev,integrated,separated,ws;lintim;Mumford0;Mumford0;True;False;1e-05;6000;1;2;20;50;200;-5;100;0.75;2;50;250;30;20;16;1172;1172
12329485;173;g_000;1;1;36;line_consecutive;0.4;1173;4;29;2-15;10;5585505.0;5587369.999417595;5588226.0;6457888.71450858;1864.999417594634;856.000582405366;870518.7150909854;eev,integrated,separated,ws;lintim;Mumford0;Mumford0;True;False;1e-05;6000;1;2;20;50;200;-5;100;0.75;2;50;250;30;20;16;1173;1173
12329485;174;g_000;1;1;36;line_consecutive;0.4;1174;4;30;8-15;10;5589109.999997251;5591898.0;5592769.0;6462360.71450858;2788.000002749264;871.0;870462.71450858;eev,integrated,separated,ws;lintim;Mumford0;Mumford0;True;False;1e-05;6000;1;2;20;50;200;-5;100;0.75;2;50;250;30;20;16;1174;1174
12329485;175;g_000;1;1;36;line_consecutive;0.4;1175;4;31;8-17;10;5594022.0;5597602.999417595;5598371.0;6467177.71450858;3580.999417594634;768.000582405366;869574.7150909854;eev,integrated,separated,ws;lintim;Mumford0;Mumford0;True;False;1e-05;6000;1;2;20;50;200;-5;100;0.75;2;50;250;30;20;16;1175;1175
12329485;176;g_000;1;1;36;line_consecutive;0.4;1176;4;32;7-17;10;5579143.0;5583586.0;5586132.0;6456398.71450858;4443.0;2546.0;872812.71450858;eev,integrated,separated,ws;lintim;Mumford0;Mumford0;True;False;1e-05;6000;1;2;20;50;200;-5;100;0.75;2;50;250;30;20;16;1176;1176
12329485;177;g_000;1;1;36;line_consecutive;0.4;1177;4;33;19-23;11;5576225.0;5577412.0;5578268.0;5577500.0;1187.0;856.0;88.0;eev,integrated,separated,ws;lintim;Mumford0;Mumford0;True;False;1e-05;6000;1;2;20;50;200;-5;100;0.75;2;50;250;30;20;16;1177;1177
12329485;178;g_000;1;1;36;line_consecutive;0.4;1178;4;34;8-21;12;5558621.0;5562152.0;5563008.0;5563007.998949333;3531.0;856.0;855.9989493330941;eev,integrated,separated,ws;lintim;Mumford0;Mumford0;True;False;1e-05;6000;1;2;20;50;200;-5;100;0.75;2;50;250;30;20;16;1178;1178
12329485;179;g_000;1;1;36;line_consecutive;0.4;1179;4;35;21-24;12;5556561.0;5560092.0;5560948.0;5560947.998949333;3531.0;856.0;855.9989493330941;eev,integrated,separated,ws;lintim;Mumford0;Mumford0;True;False;1e-05;6000;1;2;20;50;200;-5;100;0.75;2;50;250;30;20;16;1179;1179
12329485;180;g_000;1;1;36;line_consecutive;0.5;1180;5;0;2-25;1;5343842.5;5347142.5;5349141.25;5349141.25;3300.0;1998.75;1998.75;eev,integrated,separated,ws;lintim;Mumford0;Mumford0;True;False;1e-05;6000;1;2;20;50;200;-5;100;0.75;2;50;250;30;20;16;1180;1180
12329485;181;g_000;1;1;36;line_consecutive;0.5;1181;5;1;8-25;1;5343237.5;5346537.5;5348566.25;5348566.25;3300.0;2028.75;2028.75;eev,integrated,separated,ws;lintim;Mumford0;Mumford0;True;False;1e-05;6000;1;2;20;50;200;-5;100;0.75;2;50;250;30;20;16;1181;1181
12329485;182;g_000;1;1;36;line_consecutive;0.5;1182;5;2;8-11;1;5331442.5;5335337.5;5337366.25;5337366.25;3895.0;2028.75;2028.75;eev,integrated,separated,ws;lintim;Mumford0;Mumford0;True;False;1e-05;6000;1;2;20;50;200;-5;100;0.75;2;50;250;30;20;16;1182;1182
12329485;183;g_000;1;1;36;line_consecutive;0.5;1183;5;3;11-22;1;5333837.5;5338210.0;5340238.75;5340238.75;4372.5;2028.75;2028.75;eev,integrated,separated,ws;lintim;Mumford0;Mumford0;True;False;1e-05;6000;1;2;20;50;200;-5;100;0.75;2;50;250;30;20;16;1183;1183
12329485;184;g_000;1;1;36;line_consecutive;0.5;1184;5;4;2-4;2;6438476.25;6438510.0;6438510.0;6446444.989014569;33.75;0.0;7934.989014568739;eev,integrated,separated,ws;lintim;Mumford0;Mumford0;True;False;1e-05;6000;1;2;20;50;200;-5;100;0.75;2;50;250;30;20;16;1184;1184
12329485;185;g_000;1;1;36;line_consecutive;0.5;1185;5;5;4-12;2;6939713.75;6950067.5;6952506.25;6951441.239014569;10353.75;2438.75;1373.7390145687386;eev,integrated,separated,ws;lintim;Mumford0;Mumford0;True;False;1e-05;6000;1;2;20;50;200;-5;100;0.75;2;50;250;30;20;16;1185;1185
12329485;186;g_000;1;1;36;line_consecutive;0.5;1186;5;6;12-18;2,11;7775067.5;7778895.0;7780988.75;15090442.5;3827.5;2093.75;7311547.5;eev,integrated,separated,ws;lintim;Mumford0;Mumford0;True;False;1e-05;6000;1;2;20;50;200;-5;100;0.75;2;50;250;30;20;16;1186;1186
12329485;187;g_000;1;1;36;line_consecutive;0.5;1187;5;7;18-23;2,11;5403196.2499951;5404706.25;5405816.25;12719245.0;1510.000004899688;1110.0;7314538.75;eev,integrated,separated,ws;lintim;Mumford0;Mumford0;True;False;1e-05;6000;1;2;20;50;200;-5;100;0.75;2;50;250;30;20;16;1187;1187
12329485;188;g_000;1;1;36;line_consecutive;0.5;1188;5;8;1-23;2;5379672.5;5382665.0;5385243.75;5386478.739014569;2992.5;2578.75;3813.739014568738;eev,integrated,separated,ws;lintim;Mumford0;Mumford0;True;False;1e-05;6000;1;2;20;50;200;-5;100;0.75;2;50;250;30;20;16;1188;1188
12329485;189;g_000;1;1;36;line_consecutive;0.5;1189;5;9;1-14;2;5404582.5;5407575.0;5410153.75;5411388.739014569;2992.5;2578.75;3813.739014568738;eev,integrated,separated,ws;lintim;Mumford0;Mumford0;True;False;1e-05;6000;1;2;20;50;200;-5;100;0.75;2;50;250;30;20;16;1189;1189
12329485;190;g_000;1;1;36;line_consecutive;0.5;1190;5;10;9-13;3;5370232.5;5374868.75;5376487.5;5391217.5;4636.25;1618.75;16348.75;eev,integrated,separated,ws;lintim;Mumford0;Mumford0;True;False;1e-05;6000;1;2;20;50;200;-5;100;0.75;2;50;250;30;20;16;1190;1190
12329485;191;g_000;1;1;36;line_consecutive;0.5;1191;5;11;1-13;3;5367537.5;5370733.75;5372352.5;5389682.5;3196.25;1618.75;18948.75;eev,integrated,separated,ws;lintim;Mumford0;Mumford0;True;False;1e-05;6000;1;2;20;50;200;-5;100;0.75;2;50;250;30;20;16;1191;1191
12329485;192;g_000;1;1;36;line_consecutive;0.5;1192;5;12;1-29;3;5330773.75;5332453.75;5334006.25;5351363.75;1680.0;1552.5;18910.0;eev,integrated,separated,ws;lintim;Mumford0;Mumford0;True;False;1e-05;6000;1;2;20;50;200;-5;100;0.75;2;50;250;30;20;16;1192;1192
12329485;193;g_000;1;1;36;line_consecutive;0.5;1193;5;13;17-29;3;5341555.0;5343623.75;5345203.75;5362533.75;2068.75;1580.0;18910.0;eev,integrated,separated,ws;lintim;Mumford0;Mumford0;True;False;1e-05;6000;1;2;20;50;200;-5;100;0.75;2;50;250;30;20;16;1193;1193
12329485;194;g_000;1;1;36;line_consecutive;0.5;1194;5;14;17-28;3;5349571.25;5352645.0;5354266.25;5371596.25;3073.75;1621.25;18951.25;eev,integrated,separated,ws;lintim;Mumford0;Mumford0;True;False;1e-05;6000;1;2;20;50;200;-5;100;0.75;2;50;250;30;20;16;1194;1194
12329485;195;g_000;1;1;36;line_consecutive;0.5;1195;5;15;28-30;3;5334963.75;5337023.749258158;5338761.25;5356091.25;2059.999258157797;1737.5007418422028;19067.500741842203;eev,integrated,separated,ws;lintim;Mumford0;Mumford0;True;False;1e-05;6000;1;2;20;50;200;-5;100;0.75;2;50;250;30;20;16;1195;1195
12329485;196;g_000;1;1;36;line_consecutive;0.5;1196;5;16;6-7;4,10;5374077.5;5377292.5;5378471.25;8600597.499538876;3215.0;1178.75;3223304.999538876;eev,integrated,separated,ws;lintim;Mumford0;Mumford0;True;False;1e-05;6000;1;2;20;50;200;-5;100;0.75;2;50;250;30;20;16;1196;1196
12329485;197;g_000;1;1;36;line_consecutive;0.5;1197;5;17;7-14;4;5332116.25;5334846.25;5335956.25;5334986.248777449;2730.0;1110.0;139.998777449131;eev,integrated,separated,ws;lintim;Mumford0;Mumford0;True;False;1e-05;6000;1;2;20;50;200;-5;100;0.75;2;50;250;30;20;16;1197;1197
12329485;198;g_000;1;1;36;line_consecutive;0.5;1198;5;18;14-19;4;5341305.0;5344042.5;5345482.5;5344512.498777449;2737.5;1440.0;469.998777449131;eev,integrated,separated,ws;lintim;Mumford0;Mumford0;True;False;1e-05;6000;1;2;20;50;200;-5;100;0.75;2;50;250;30;20;16;1198;1198
12329485;199;g_000;1;1;36;line_consecutive;0.5;1199;5;19;19-20;4;5332588.75;5335326.25;5337187.5;5336217.498777449;2737.5;1861.25;891.248777449131;eev,integrated,separated,ws;lintim;Mumford0;Mumford0;True;False;1e-05;6000;1;2;20;50;200;-5;100;0.75;2;50;250;30;20;16;1199;1199
12329485;200;g_000;1;1;36;line_consecutive;0.5;1200;5;20;15-24;5;6442361.25;6443676.25;6443676.25;6443676.25;1315.0;0.0;0.0;eev,integrated,separated,ws;lintim;Mumford0;Mumford0;True;False;1e-05;6000;1;2;20;50;200;-5;100;0.75;2;50;250;30;20;16;1200;1200
12329485;201;g_000;1;1;36;line_consecutive;0.5;1201;5;21;12-15;5,11;6510446.25;6515295.0;6516811.25;7200932.5;4848.75;1516.25;685637.5;eev,integrated,separated,ws;lintim;Mumford0;Mumford0;True;False;1e-05;6000;1;2;20;50;200;-5;100;0.75;2;50;250;30;20;16;1201;1201
12329485;202;g_000;1;1;36;line_consecutive;0.5;1202;5;22;12-26;5;5348031.25;5351731.25;5356688.75;5356688.75;3700.0;4957.5;4957.5;eev,integrated,separated,ws;lintim;Mumford0;Mumford0;True;False;1e-05;6000;1;2;20;50;200;-5;100;0.75;2;50;250;30;20;16;1202;1202
12329485;203;g_000;1;1;36;line_consecutive;0.5;1203;5;23;3-8;6,12;5341295.0;5344161.25;5345340.0;5345340.0;2866.25;1178.75;1178.75;eev,integrated,separated,ws;lintim;Mumford0;Mumford0;True;False;1e-05;6000;1;2;20;50;200;-5;100;0.75;2;50;250;30;20;16;1203;1203
12329485;204;g_000;1;1;36;line_consecutive;0.5;1204;5;24;5-8;6;5338701.25;5341731.25;5342910.0;5342910.0;3030.0;1178.75;1178.75;eev,integrated,separated,ws;lintim;Mumford0;Mumford0;True;False;1e-05;6000;1;2;20;50;200;-5;100;0.75;2;50;250;30;20;16;1204;1204
12329485;205;g_000;1;1;36;line_consecutive;0.5;1205;5;25;10-15;7;6447392.5;6447392.5;6447392.5;6450027.5;0.0;0.0;2635.0;eev,integrated,separated,ws;lintim;Mumford0;Mumford0;True;False;1e-05;6000;1;2;20;50;200;-5;100;0.75;2;50;250;30;20;16;1205;1205
12329485;206;g_000;1;1;36;line_consecutive;0.5;1206;5;26;15-21;7;6442525.0;6443157.5;6443302.5;6445937.5;632.5;145.0;2780.0;eev,integrated,separated,ws;lintim;Mumford0;Mumford0;True;False;1e-05;6000;1;2;20;50;200;-5;100;0.75;2;50;250;30;20;16;1206;1206
12329485;207;g_000;1;1;36;line_consecutive;0.5;1207;5;27;6-16;8;5334967.5;5338701.25;5339850.0;5339850.0;3733.75;1148.75;1148.75;eev,integrated,separated,ws;lintim;Mumford0;Mumford0;True;False;1e-05;6000;1;2;20;50;200;-5;100;0.75;2;50;250;30;20;16;1207;1207
12329485;208;g_000;1;1;36;line_consecutive;0.5;1208;5;28;9-27;9;6412325.0;6412325.0;6412325.0;6412325.0;0.0;0.0;0.0;eev,integrated,separated,ws;lintim;Mumford0;Mumford0;True;False;1e-05;6000;1;2;20;50;200;-5;100;0.75;2;50;250;30;20;16;1208;1208
12329485;209;g_000;1;1;36;line_consecutive;0.5;1209;5;29;2-15;10;5378800.0;5381022.5;5382201.25;7594750.0;2222.5;1178.75;2213727.5;eev,integrated,separated,ws;lintim;Mumford0;Mumford0;True;False;1e-05;6000;1;2;20;50;200;-5;100;0.75;2;50;250;30;20;16;1209;1209
12329485;210;g_000;1;1;36;line_consecutive;0.5;1210;5;30;8-15;10;5383306.249996563;5386682.5;5387880.0;7597455.0;3376.2500034365803;1197.5;2210772.5;eev,integrated,separated,ws;lintim;Mumford0;Mumford0;True;False;1e-05;6000;1;2;20;50;200;-5;100;0.75;2;50;250;30;20;16;1210;1210
12329485;211;g_000;1;1;36;line_consecutive;0.5;1211;5;31;8-17;10;5389446.25;5393843.75;5394882.5;7603111.25;4397.5;1038.75;2209267.5;eev,integrated,separated,ws;lintim;Mumford0;Mumford0;True;False;1e-05;6000;1;2;20;50;200;-5;100;0.75;2;50;250;30;20;16;1211;1211
12329485;212;g_000;1;1;36;line_consecutive;0.5;1212;5;32;7-17;10;5370847.5;5376002.5;5379583.75;7589637.5;5155.0;3581.25;2213635.0;eev,integrated,separated,ws;lintim;Mumford0;Mumford0;True;False;1e-05;6000;1;2;20;50;200;-5;100;0.75;2;50;250;30;20;16;1212;1212
12329485;213;g_000;1;1;36;line_consecutive;0.5;1213;5;33;19-23;11;5367200.0;5368643.75;5369753.75;5368783.75;1443.75;1110.0;140.0;eev,integrated,separated,ws;lintim;Mumford0;Mumford0;True;False;1e-05;6000;1;2;20;50;200;-5;100;0.75;2;50;250;30;20;16;1213;1213
12329485;214;g_000;1;1;36;line_consecutive;0.5;1214;5;34;8-21;12;5345195.0;5349500.0;5350678.75;5350678.75;4305.0;1178.75;1178.75;eev,integrated,separated,ws;lintim;Mumford0;Mumford0;True;False;1e-05;6000;1;2;20;50;200;-5;100;0.75;2;50;250;30;20;16;1214;1214
12329485;215;g_000;1;1;36;line_consecutive;0.5;1215;5;35;21-24;12;5342620.0;5346925.0;5348103.75;5348103.75;4305.0;1178.75;1178.75;eev,integrated,separated,ws;lintim;Mumford0;Mumford0;True;False;1e-05;6000;1;2;20;50;200;-5;100;0.75;2;50;250;30;20;16;1215;1215
12329485;216;g_000;1;1;36;line_consecutive;0.6;1216;6;0;2-25;1;5130146.0;5133567.0;5136504.5;5135404.5;3421.0;2937.5;1837.5;eev,integrated,separated,ws;lintim;Mumford0;Mumford0;True;False;1e-05;6000;1;2;20;50;200;-5;100;0.75;2;50;250;30;20;16;1216;1216
12329485;217;g_000;1;1;36;line_consecutive;0.6;1217;6;1;8-25;1;5129420.0;5132817.0;5135814.5;5134714.5;3397.0;2997.5;1897.5;eev,integrated,separated,ws;lintim;Mumford0;Mumford0;True;False;1e-05;6000;1;2;20;50;200;-5;100;0.75;2;50;250;30;20;16;1217;1217
12329485;218;g_000;1;1;36;line_consecutive;0.6;1218;6;2;8-11;1;5115266.0;5119377.0;5122374.5;5121274.5;4111.0;2997.5;1897.5;eev,integrated,separated,ws;lintim;Mumford0;Mumford0;True;False;1e-05;6000;1;2;20;50;200;-5;100;0.75;2;50;250;30;20;16;1218;1218
12329485;219;g_000;1;1;36;line_consecutive;0.6;1219;6;3;11-22;1;5118140.0;5122696.0;5125821.5;5124721.5;4556.0;3125.5;2025.5;eev,integrated,separated,ws;lintim;Mumford0;Mumford0;True;False;1e-05;6000;1;2;20;50;200;-5;100;0.75;2;50;250;30;20;16;1219;1219
12329485;220;g_000;1;1;36;line_consecutive;0.6;1220;6;4;2-4;2;6443706.5;6443747.0;6443747.0;6475569.0;40.5;0.0;31822.0;eev,integrated,separated,ws;lintim;Mumford0;Mumford0;True;False;1e-05;6000;1;2;20;50;200;-5;100;0.75;2;50;250;30;20;16;1220;1220
12329485;221;g_000;1;1;36;line_consecutive;0.6;1221;6;5;4-12;2;7045191.5;7056323.5;7060542.5;7066407.0;11132.0;4219.0;10083.5;eev,integrated,separated,ws;lintim;Mumford0;Mumford0;True;False;1e-05;6000;1;2;20;50;200;-5;100;0.75;2;50;250;30;20;16;1221;1221
12329485;222;g_000;1;1;36;line_consecutive;0.6;1222;6;6;12-18;2,11;8047616.0;8051510.0;8054721.5;17527968.0;3894.0;3211.5;9476458.0;eev,integrated,separated,ws;lintim;Mumford0;Mumford0;True;False;1e-05;6000;1;2;20;50;200;-5;100;0.75;2;50;250;30;20;16;1222;1222
12329485;223;g_000;1;1;36;line_consecutive;0.6;1223;6;7;18-23;2,11;5201370.49999412;5202990.5;5204514.5;14681247.0;1620.0000058803707;1524.0;9478256.5;eev,integrated,separated,ws;lintim;Mumford0;Mumford0;True;False;1e-05;6000;1;2;20;50;200;-5;100;0.75;2;50;250;30;20;16;1223;1223
12329485;224;g_000;1;1;36;line_consecutive;0.6;1224;6;8;1-23;2;5173142.0;5176187.500272991;5179827.5;5200446.0;3045.500272991136;3639.999727008864;24258.499727008864;eev,integrated,separated,ws;lintim;Mumford0;Mumford0;True;False;1e-05;6000;1;2;20;50;200;-5;100;0.75;2;50;250;30;20;16;1224;1224
12329485;225;g_000;1;1;36;line_consecutive;0.6;1225;6;9;1-14;2;5203034.0;5206079.5;5209719.5;5230338.0;3045.5;3640.0;24258.5;eev,integrated,separated,ws;lintim;Mumford0;Mumford0;True;False;1e-05;6000;1;2;20;50;200;-5;100;0.75;2;50;250;30;20;16;1225;1225
12329485;226;g_000;1;1;36;line_consecutive;0.6;1226;6;10;9-13;3;5161814.0;5166598.5;5169320.0;5304400.0;4784.5;2721.5;137801.5;eev,integrated,separated,ws;lintim;Mumford0;Mumford0;True;False;1e-05;6000;1;2;20;50;200;-5;100;0.75;2;50;250;30;20;16;1226;1226
12329485;227;g_000;1;1;36;line_consecutive;0.6;1227;6;11;1-13;3;5158580.0;5161733.5;5164358.0;5311601.5;3153.5;2624.5;149868.0;eev,integrated,separated,ws;lintim;Mumford0;Mumford0;True;False;1e-05;6000;1;2;20;50;200;-5;100;0.75;2;50;250;30;20;16;1227;1227
12329485;228;g_000;1;1;36;line_consecutive;0.6;1228;6;12;1-29;3;5114463.5;5116127.5;5118342.5;5265277.0;1664.0;2215.0;149149.5;eev,integrated,separated,ws;lintim;Mumford0;Mumford0;True;False;1e-05;6000;1;2;20;50;200;-5;100;0.75;2;50;250;30;20;16;1228;1228
12329485;229;g_000;1;1;36;line_consecutive;0.6;1229;6;13;17-29;3;5127401.0;5129531.5;5131779.5;5278549.0;2130.5;2248.0;149017.5;eev,integrated,separated,ws;lintim;Mumford0;Mumford0;True;False;1e-05;6000;1;2;20;50;200;-5;100;0.75;2;50;250;30;20;16;1229;1229
12329485;230;g_000;1;1;36;line_consecutive;0.6;1230;6;14;17-28;3;5137020.5;5140063.0;5142654.5;5290738.0;3042.5;2591.5;150675.0;eev,integrated,separated,ws;lintim;Mumford0;Mumford0;True;False;1e-05;6000;1;2;20;50;200;-5;100;0.75;2;50;250;30;20;16;1230;1230
12329485;231;g_000;1;1;36;line_consecutive;0.6;1231;6;15;28-30;3;5119491.5;5121531.499448049;5124048.5;5270726.5;2039.9994480488824;2517.000551951118;149195.00055195112;eev,integrated,separated,ws;lintim;Mumford0;Mumford0;True;False;1e-05;6000;1;2;20;50;200;-5;100;0.75;2;50;250;30;20;16;1231;1231
12329485;232;g_000;1;1;36;line_consecutive;0.6;1232;6;16;6-7;4,10;5166428.0;5169803.0;5171700.5;9766469.5;3375.0;1897.5;4596666.5;eev,integrated,separated,ws;lintim;Mumford0;Mumford0;True;False;1e-05;6000;1;2;20;50;200;-5;100;0.75;2;50;250;30;20;16;1232;1232
12329485;233;g_000;1;1;36;line_consecutive;0.6;1233;6;17;7-14;4;5116074.5;5119158.498541145;5120682.5;5120682.5;3083.998541144654;1524.0014588553458;1524.0014588553458;eev,integrated,separated,ws;lintim;Mumford0;Mumford0;True;False;1e-05;6000;1;2;20;50;200;-5;100;0.75;2;50;250;30;20;16;1233;1233
12329485;234;g_000;1;1;36;line_consecutive;0.6;1234;6;18;14-19;4;5127101.0;5129783.0;5132114.0;5132114.0;2682.0;2331.0;2331.0;eev,integrated,separated,ws;lintim;Mumford0;Mumford0;True;False;1e-05;6000;1;2;20;50;200;-5;100;0.75;2;50;250;30;20;16;1234;1234
12329485;235;g_000;1;1;36;line_consecutive;0.6;1235;6;19;19-20;4;5116641.5;5119323.498566528;5122160.0;5122160.0;2681.998566527851;2836.501433472149;2836.501433472149;eev,integrated,separated,ws;lintim;Mumford0;Mumford0;True;False;1e-05;6000;1;2;20;50;200;-5;100;0.75;2;50;250;30;20;16;1235;1235
12329485;236;g_000;1;1;36;line_consecutive;0.6;1236;6;20;15-24;5;6448368.5;6449951.5;6449946.5;6450694.0;1583.0;-5.0;742.5;eev,integrated,separated,ws;lintim;Mumford0;Mumford0;True;False;1e-05;6000;1;2;20;50;200;-5;100;0.75;2;50;250;30;20;16;1236;1236
12329485;237;g_000;1;1;36;line_consecutive;0.6;1237;6;21;12-15;5,11;6530070.5;6535074.0;6537708.5;8393799.0;5003.5;2634.5;1858725.0;eev,integrated,separated,ws;lintim;Mumford0;Mumford0;True;False;1e-05;6000;1;2;20;50;200;-5;100;0.75;2;50;250;30;20;16;1237;1237
12329485;238;g_000;1;1;36;line_consecutive;0.6;1238;6;22;12-26;5;5135172.5;5139080.5;5145561.5;5143912.0;3908.0;6481.0;4831.5;eev,integrated,separated,ws;lintim;Mumford0;Mumford0;True;False;1e-05;6000;1;2;20;50;200;-5;100;0.75;2;50;250;30;20;16;1238;1238
12329485;239;g_000;1;1;36;line_consecutive;0.6;1239;6;23;3-8;6,12;5127089.0;5130062.0;5131943.0;5131943.0;2973.0;1881.0;1881.0;eev,integrated,separated,ws;lintim;Mumford0;Mumford0;True;False;1e-05;6000;1;2;20;50;200;-5;100;0.75;2;50;250;30;20;16;1239;1239
12329485;240;g_000;1;1;36;line_consecutive;0.6;1240;6;24;5-8;6;5123976.5;5127159.5;5129027.0;5129026.998453715;3183.0;1867.5;1867.4984537148848;eev,integrated,separated,ws;lintim;Mumford0;Mumford0;True;False;1e-05;6000;1;2;20;50;200;-5;100;0.75;2;50;250;30;20;16;1240;1240
12329485;241;g_000;1;1;36;line_consecutive;0.6;1241;6;25;10-15;7;6454406.0;6454406.0;6454406.0;6612225.999972669;0.0;0.0;157819.9999726694;eev,integrated,separated,ws;lintim;Mumford0;Mumford0;True;False;1e-05;6000;1;2;20;50;200;-5;100;0.75;2;50;250;30;20;16;1241;1241
12329485;242;g_000;1;1;36;line_consecutive;0.6;1242;6;26;15-21;7;6448565.0;6449123.0;6449498.0;6607317.999972669;558.0;375.0;158194.9999726694;eev,integrated,separated,ws;lintim;Mumford0;Mumford0;True;False;1e-05;6000;1;2;20;50;200;-5;100;0.75;2;50;250;30;20;16;1242;1242
12329485;243;g_000;1;1;36;line_consecutive;0.6;1243;6;27;6-16;8;5119496.0;5123330.0;5125355.0;5125355.0;3834.0;2025.0;2025.0;eev,integrated,separated,ws;lintim;Mumford0;Mumford0;True;False;1e-05;6000;1;2;20;50;200;-5;100;0.75;2;50;250;30;20;16;1243;1243
12329485;244;g_000;1;1;36;line_consecutive;0.6;1244;6;28;9-27;9;6412325.0;6412325.0;6412325.0;6412325.0;0.0;0.0;0.0;eev,integrated,separated,ws;lintim;Mumford0;Mumford0;True;False;1e-05;6000;1;2;20;50;200;-5;100;0.75;2;50;250;30;20;16;1244;1244
12329485;245;g_000;1;1;36;line_consecutive;0.6;1245;6;29;2-15;10;5172095.0;5174382.0;5176176.5;8786675.0;2287.0;1794.5;3612293.0;eev,integrated,separated,ws;lintim;Mumford0;Mumford0;True;False;1e-05;6000;1;2;20;50;200;-5;100;0.75;2;50;250;30;20;16;1245;1245
12329485;246;g_000;1;1;36;line_consecutive;0.6;1246;6;30;8-15;10;5177502.499995876;5181071.0;5182991.0;8788394.0;3568.5000041238964;1920.0;3607323.0;eev,integrated,separated,ws;lintim;Mumford0;Mumford0;True;False;1e-05;6000;1;2;20;50;200;-5;100;0.75;2;50;250;30;20;16;1246;1246
12329485;247;g_000;1;1;36;line_consecutive;0.6;1247;6;31;8-17;10;5184870.5;5189399.5;5191394.0;8795739.5;4529.0;1994.5;3606340.0;eev,integrated,separated,ws;lintim;Mumford0;Mumford0;True;False;1e-05;6000;1;2;20;50;200;-5;100;0.75;2;50;250;30;20;16;1247;1247
12329485;248;g_000;1;1;36;line_consecutive;0.6;1248;6;32;7-17;10;5162552.0;5167767.0;5173035.5;8775698.0;5215.0;5268.5;3607931.0;eev,integrated,separated,ws;lintim;Mumford0;Mumford0;True;False;1e-05;6000;1;2;20;50;200;-5;100;0.75;2;50;250;30;20;16;1248;1248
12329485;249;g_000;1;1;36;line_consecutive;0.6;1249;6;33;19-23;11;5158175.0;5159715.5;5161239.5;5161239.5;1540.5;1524.0;1524.0;eev,integrated,separated,ws;lintim;Mumford0;Mumford0;True;False;1e-05;6000;1;2;20;50;200;-5;100;0.75;2;50;250;30;20;16;1249;1249
12329485;250;g_000;1;1;36;line_consecutive;0.6;1250;6;34;8-21;12;5131769.0;5136320.0;5138349.5;5138349.5;4551.0;2029.5;2029.5;eev,integrated,separated,ws;lintim;Mumford0;Mumford0;True;False;1e-05;6000;1;2;20;50;200;-5;100;0.75;2;50;250;30;20;16;1250;1250
12329485;251;g_000;1;1;36;line_consecutive;0.6;1251;6;35;21-24;12;5128679.0;5133200.0;5135259.5;5135259.5;4521.0;2059.5;2059.5;eev,integrated,separated,ws;lintim;Mumford0;Mumford0;True;False;1e-05;6000;1;2;20;50;200;-5;100;0.75;2;50;250;30;20;16;1251;1251
12329485;252;g_000;1;1;36;line_consecutive;0.7;1252;7;0;2-25;1;4916449.5;4919331.5;4923867.75;4946287.75;2882.0;4536.25;26956.25;eev,integrated,separated,ws;lintim;Mumford0;Mumford0;True;False;1e-05;6000;1;2;20;50;200;-5;100;0.75;2;50;250;30;20;16;1252;1252
12329485;253;g_000;1;1;36;line_consecutive;0.7;1253;7;1;8-25;1;4915602.5;4918466.5;4923062.75;4945482.75;2864.0;4596.25;27016.25;eev,integrated,separated,ws;lintim;Mumford0;Mumford0;True;False;1e-05;6000;1;2;20;50;200;-5;100;0.75;2;50;250;30;20;16;1253;1253
12329485;254;g_000;1;1;36;line_consecutive;0.7;1254;7;2;8-11;1;4899089.5;4902721.5;4907382.75;4929802.75;3632.0;4661.25;27081.25;eev,integrated,separated,ws;lintim;Mumford0;Mumford0;True;False;1e-05;6000;1;2;20;50;200;-5;100;0.75;2;50;250;30;20;16;1254;1254
12329485;255;g_000;1;1;36;line_consecutive;0.7;1255;7;3;11-22;1;4902442.5;4906232.0;4911404.25;4930604.25;3789.5;5172.25;24372.25;eev,integrated,separated,ws;lintim;Mumford0;Mumford0;True;False;1e-05;6000;1;2;20;50;200;-5;100;0.75;2;50;250;30;20;16;1255;1255
12329485;256;g_000;1;1;36;line_consecutive;0.7;1256;7;4;2-4;2;6448936.75;6448984.0;6448984.0;6958696.75;47.25;0.0;509712.75;eev,integrated,separated,ws;lintim;Mumford0;Mumford0;True;False;1e-05;6000;1;2;20;50;200;-5;100;0.75;2;50;250;30;20;16;1256;1256
12329485;257;g_000;1;1;36;line_consecutive;0.7;1257;7;5;4-12;2;7150669.25;7159522.75;7168578.75;7634007.75;8853.5;9056.0;474485.0;eev,integrated,separated,ws;lintim;Mumford0;Mumford0;True;False;1e-05;6000;1;2;20;50;200;-5;100;0.75;2;50;250;30;20;16;1257;1257
12329485;258;g_000;1;1;36;line_consecutive;0.7;1258;7;6;12-18;2,11;8320164.5;8323084.999994425;8328454.25;20141351.5;2920.499994425103;5369.250005574897;11818266.500005577;eev,integrated,separated,ws;lintim;Mumford0;Mumford0;True;False;1e-05;6000;1;2;20;50;200;-5;100;0.75;2;50;250;30;20;16;1258;1258
12329485;259;g_000;1;1;36;line_consecutive;0.7;1259;7;7;18-23;2,11;4999544.74999314;5000874.75;5003212.75;16818525.0;1330.000006860122;2338.0;11817650.25;eev,integrated,separated,ws;lintim;Mumford0;Mumford0;True;False;1e-05;6000;1;2;20;50;200;-5;100;0.75;2;50;250;30;20;16;1259;1259
12329485;260;g_000;1;1;36;line_consecutive;0.7;1260;7;8;1-23;2;4966611.5;4969051.25;4974411.25;5463493.25;2439.75;5360.0;494442.0;eev,integrated,separated,ws;lintim;Mumford0;Mumford0;True;False;1e-05;6000;1;2;20;50;200;-5;100;0.75;2;50;250;30;20;16;1260;1260
12329485;261;g_000;1;1;36;line_consecutive;0.7;1261;7;9;1-14;2;5001485.5;5003925.25;5009285.25;5498367.25;2439.75;5360.0;494442.0;eev,integrated,separated,ws;lintim;Mumford0;Mumford0;True;False;1e-05;6000;1;2;20;50;200;-5;100;0.75;2;50;250;30;20;16;1261;1261
12329485;262;g_000;1;1;36;line_consecutive;0.7;1262;7;10;9-13;3;4953395.5;4957114.0;4962152.5;5540995.75;3718.5;5038.5;583881.75;eev,integrated,separated,ws;lintim;Mumford0;Mumford0;True;False;1e-05;6000;1;2;20;50;200;-5;100;0.75;2;50;250;30;20;16;1262;1262
12329485;263;g_000;1;1;36;line_consecutive;0.7;1263;7;11;1-13;3;4949622.5;4952035.75;4956363.5;5548947.75;2413.25;4327.75;596912.0;eev,integrated,separated,ws;lintim;Mumford0;Mumford0;True;False;1e-05;6000;1;2;20;50;200;-5;100;0.75;2;50;250;30;20;16;1263;1263
12329485;264;g_000;1;1;36;line_consecutive;0.7;1264;7;12;1-29;3;4898153.25;4899401.25;4902678.75;5495506.25;1248.0;3277.5;596105.0;eev,integrated,separated,ws;lintim;Mumford0;Mumford0;True;False;1e-05;6000;1;2;20;50;200;-5;100;0.75;2;50;250;30;20;16;1264;1264
12329485;265;g_000;1;1;36;line_consecutive;0.7;1265;7;13;17-29;3;4913247.0;4914974.997028113;4918355.25;5510530.0;1727.9970281133428;3380.252971886657;595555.0029718867;eev,integrated,separated,ws;lintim;Mumford0;Mumford0;True;False;1e-05;6000;1;2;20;50;200;-5;100;0.75;2;50;250;30;20;16;1265;1265
12329485;266;g_000;1;1;36;line_consecutive;0.7;1266;7;14;17-28;3;4924469.75;4926848.5;4931042.75;5523490.5;2378.75;4194.25;596642.0;eev,integrated,separated,ws;lintim;Mumford0;Mumford0;True;False;1e-05;6000;1;2;20;50;200;-5;100;0.75;2;50;250;30;20;16;1266;1266
12329485;267;g_000;1;1;36;line_consecutive;0.7;1267;7;15;28-30;3;4904019.25;4905639.249087273;4909335.75;5501659.25;1619.9990872731432;3696.5009127268568;596020.0009127269;eev,integrated,separated,ws;lintim;Mumford0;Mumford0;True;False;1e-05;6000;1;2;20;50;200;-5;100;0.75;2;50;250;30;20;16;1267;1267
12329485;268;g_000;1;1;36;line_consecutive;0.7;1268;7;16;6-7;4,10;4958778.5;4961563.5;4964929.75;11160400.49822203;2785.0;3366.25;6198836.998222031;eev,integrated,separated,ws;lintim;Mumford0;Mumford0;True;False;1e-05;6000;1;2;20;50;200;-5;100;0.75;2;50;250;30;20;16;1268;1268
12329485;269;g_000;1;1;36;line_consecutive;0.7;1269;7;17;7-14;4;4900032.75;4902448.248783911;4905408.75;4905408.75;2415.498783910647;2960.501216089353;2960.501216089353;eev,integrated,separated,ws;lintim;Mumford0;Mumford0;True;False;1e-05;6000;1;2;20;50;200;-5;100;0.75;2;50;250;30;20;16;1269;1269
12329485;270;g_000;1;1;36;line_consecutive;0.7;1270;7;18;14-19;4;4912897.0;4914993.5;4918745.5;4918745.5;2096.5;3752.0;3752.0;eev,integrated,separated,ws;lintim;Mumford0;Mumford0;True;False;1e-05;6000;1;2;20;50;200;-5;100;0.75;2;50;250;30;20;16;1270;1270
12329485;271;g_000;1;1;36;line_consecutive;0.7;1271;7;19;19-20;4;4900694.25;4902790.75;4907132.5;4907132.5;2096.5;4341.75;4341.75;eev,integrated,separated,ws;lintim;Mumford0;Mumford0;True;False;1e-05;6000;1;2;20;50;200;-5;100;0.75;2;50;250;30;20;16;1271;1271
12329485;272;g_000;1;1;36;line_consecutive;0.7;1272;7;20;15-24;5;6454375.75;6455911.75;6456216.75;6487528.24843134;1536.0;305.0;31616.49843133986;eev,integrated,separated,ws;lintim;Mumford0;Mumford0;True;False;1e-05;6000;1;2;20;50;200;-5;100;0.75;2;50;250;30;20;16;1272;1272
12329485;273;g_000;1;1;36;line_consecutive;0.7;1273;7;21;12-15;5,11;6549694.75;6553616.5;6558605.75;9876683.0;3921.75;4989.25;3323066.5;eev,integrated,separated,ws;lintim;Mumford0;Mumford0;True;False;1e-05;6000;1;2;20;50;200;-5;100;0.75;2;50;250;30;20;16;1273;1273
12329485;274;g_000;1;1;36;line_consecutive;0.7;1274;7;22;12-26;5;4922313.75;4925407.25;4934434.25;4967604.24843134;3093.5;9027.0;42196.99843133986;eev,integrated,separated,ws;lintim;Mumford0;Mumford0;True;False;1e-05;6000;1;2;20;50;200;-5;100;0.75;2;50;250;30;20;16;1274;1274
12329485;275;g_000;1;1;36;line_consecutive;0.7;1275;7;23;3-8;6,12;4912883.0;4915319.0;4918546.0;4918546.0;2436.0;3227.0;3227.0;eev,integrated,separated,ws;lintim;Mumford0;Mumford0;True;False;1e-05;6000;1;2;20;50;200;-5;100;0.75;2;50;250;30;20;16;1275;1275
12329485;276;g_000;1;1;36;line_consecutive;0.7;1276;7;24;5-8;6;4909251.75;4911927.75;4915144.0;4913769.998453715;2676.0;3216.25;1842.2484537148848;eev,integrated,separated,ws;lintim;Mumford0;Mumford0;True;False;1e-05;6000;1;2;20;50;200;-5;100;0.75;2;50;250;30;20;16;1276;1276
12329485;277;g_000;1;1;36;line_consecutive;0.7;1277;7;25;10-15;7;6461419.5;6461419.5;6461419.5;7461249.5;0.0;0.0;999830.0;eev,integrated,separated,ws;lintim;Mumford0;Mumford0;True;False;1e-05;6000;1;2;20;50;200;-5;100;0.75;2;50;250;30;20;16;1277;1277
12329485;278;g_000;1;1;36;line_consecutive;0.7;1278;7;26;15-21;7;6454605.0;6455023.5;6455693.5;7455523.5;418.5;670.0;1000500.0;eev,integrated,separated,ws;lintim;Mumford0;Mumford0;True;False;1e-05;6000;1;2;20;50;200;-5;100;0.75;2;50;250;30;20;16;1278;1278
12329485;279;g_000;1;1;36;line_consecutive;0.7;1279;7;27;6-16;8;4904024.5;4906985.0;4910860.0;4910860.0;2960.5;3875.0;3875.0;eev,integrated,separated,ws;lintim;Mumford0;Mumford0;True;False;1e-05;6000;1;2;20;50;200;-5;100;0.75;2;50;250;30;20;16;1279;1279
12329485;280;g_000;1;1;36;line_consecutive;0.7;1280;7;28;9-27;9;6412325.0;6412325.0;6412325.0;6412325.0;0.0;0.0;0.0;eev,integrated,separated,ws;lintim;Mumford0;Mumford0;True;False;1e-05;6000;1;2;20;50;200;-5;100;0.75;2;50;250;30;20;16;1280;1280
12329485;281;g_000;1;1;36;line_consecutive;0.7;1281;7;29;2-15;10;4965390.0;4967199.0;4970151.75;10049855.0;1809.0;2952.75;5082656.0;eev,integrated,separated,ws;lintim;Mumford0;Mumford0;True;False;1e-05;6000;1;2;20;50;200;-5;100;0.75;2;50;250;30;20;16;1281;1281
12329485;282;g_000;1;1;36;line_consecutive;0.7;1282;7;30;8-15;10;4971698.749995188;4974775.0;4978102.0;10052350.5;3076.250004812144;3327.0;5077575.5;eev,integrated,separated,ws;lintim;Mumford0;Mumford0;True;False;1e-05;6000;1;2;20;50;200;-5;100;0.75;2;50;250;30;20;16;1282;1282
12329485;283;g_000;1;1;36;line_consecutive;0.7;1283;7;31;8-17;10;4980294.75;4983772.75;4987905.5;10066378.5;3478.0;4132.75;5082605.75;eev,integrated,separated,ws;lintim;Mumford0;Mumford0;True;False;1e-05;6000;1;2;20;50;200;-5;100;0.75;2;50;250;30;20;16;1283;1283
12329485;284;g_000;1;1;36;line_consecutive;0.7;1284;7;32;7-17;10;4954256.5;4958261.5;4966487.25;10037657.5;4005.0;8225.75;5079396.0;eev,integrated,separated,ws;lintim;Mumford0;Mumford0;True;False;1e-05;6000;1;2;20;50;200;-5;100;0.75;2;50;250;30;20;16;1284;1284
12329485;285;g_000;1;1;36;line_consecutive;0.7;1285;7;33;19-23;11;4949150.0;4950387.25;4952725.25;5379627.0;1237.25;2338.0;429239.75;eev,integrated,separated,ws;lintim;Mumford0;Mumford0;True;False;1e-05;6000;1;2;20;50;200;-5;100;0.75;2;50;250;30;20;16;1285;1285
12329485;286;g_000;1;1;36;line_consecutive;0.7;1286;7;34;8-21;12;4918343.0;4921940.0;4926020.25;4924646.25;3597.0;4080.25;2706.25;eev,integrated,separated,ws;lintim;Mumford0;Mumford0;True;False;1e-05;6000;1;2;20;50;200;-5;100;0.75;2;50;250;30;20;16;1286;1286
12329485;287;g_000;1;1;36;line_consecutive;0.7;1287;7;35;21-24;12;4914738.0;4918335.0;4922415.25;4921041.25;3597.0;4080.25;2706.25;eev,integrated,separated,ws;lintim;Mumford0;Mumford0;True;False;1e-05;6000;1;2;20;50;200;-5;100;0.75;2;50;250;30;20;16;1287;1287
12329485;288;g_000;1;1;36;line_consecutive;0.8;1288;8;0;2-25;1;4702752.999999999;4704988.0;4711231.0;5030223.0;2235.000000000932;6243.0;325235.0;eev,integrated,separated,ws;lintim;Mumford0;Mumford0;True;False;1e-05;6000;1;2;20;50;200;-5;100;0.75;2;50;250;30;20;16;1288;1288
12329485;289;g_000;1;1;36;line_consecutive;0.8;1289;8;1;8-25;1;4701784.999999999;4704008.0;4710311.0;5028275.0;2223.000000000932;6303.0;324267.0;eev,integrated,separated,ws;lintim;Mumford0;Mumford0;True;False;1e-05;6000;1;2;20;50;200;-5;100;0.75;2;50;250;30;20;16;1289;1289
12329485;290;g_000;1;1;36;line_consecutive;0.8;1290;8;2;8-11;1;4682912.999999999;4685648.0;4692391.0;5008855.0;2735.000000000932;6743.0;323207.0;eev,integrated,separated,ws;lintim;Mumford0;Mumford0;True;False;1e-05;6000;1;2;20;50;200;-5;100;0.75;2;50;250;30;20;16;1290;1290
12329485;291;g_000;1;1;36;line_consecutive;0.8;1291;8;3;11-22;1;4686744.999999999;4689636.0;4696987.0;5001183.0;2891.000000000932;7351.0;311547.0;eev,integrated,separated,ws;lintim;Mumford0;Mumford0;True;False;1e-05;6000;1;2;20;50;200;-5;100;0.75;2;50;250;30;20;16;1291;1291
12329485;292;g_000;1;1;36;line_consecutive;0.8;1292;8;4;2-4;2;6454166.999999999;6454282.9993192;6454221.0;8303869.5;115.99931920133533;-61.99931920040399;1849586.5006808;eev,integrated,separated,ws;lintim;Mumford0;Mumford0;True;False;1e-05;6000;1;2;20;50;200;-5;100;0.75;2;50;250;30;20;16;1292;1292
12329485;293;g_000;1;1;36;line_consecutive;0.8;1293;8;5;4-12;2;7256146.999999999;7262223.0;7276615.0;9075653.5;6076.000000000931;14392.0;1813430.5;eev,integrated,separated,ws;lintim;Mumford0;Mumford0;True;False;1e-05;6000;1;2;20;50;200;-5;100;0.75;2;50;250;30;20;16;1293;1293
12329485;294;g_000;1;1;36;line_consecutive;0.8;1294;8;6;12-18;2,11;8592713.0;8594659.999688001;8602187.0;22788324.0;1946.9996880013496;7527.00031199865;14193664.000312;eev,integrated,separated,ws;lintim;Mumford0;Mumford0;True;False;1e-05;6000;1;2;20;50;200;-5;100;0.75;2;50;250;30;20;16;1294;1294
12329485;295;g_000;1;1;36;line_consecutive;0.8;1295;8;7;18-23;2,11;4797718.99999216;4798719.0;4801911.0;18994356.0;1000.0000078398734;3192.0;14195637.0;eev,integrated,separated,ws;lintim;Mumford0;Mumford0;True;False;1e-05;6000;1;2;20;50;200;-5;100;0.75;2;50;250;30;20;16;1295;1295
12329485;296;g_000;1;1;36;line_consecutive;0.8;1296;8;8;1-23;2;4760080.999999999;4761875.0;4768995.0;6595065.5;1794.000000000931;7120.0;1833190.5;eev,integrated,separated,ws;lintim;Mumford0;Mumford0;True;False;1e-05;6000;1;2;20;50;200;-5;100;0.75;2;50;250;30;20;16;1296;1296
12329485;297;g_000;1;1;36;line_consecutive;0.8;1297;8;9;1-14;2;4799936.999999999;4801731.0;4808851.0;6634921.5;1794.000000000931;7120.0;1833190.5;eev,integrated,separated,ws;lintim;Mumford0;Mumford0;True;False;1e-05;6000;1;2;20;50;200;-5;100;0.75;2;50;250;30;20;16;1297;1297
12329485;298;g_000;1;1;36;line_consecutive;0.8;1298;8;10;9-13;3;4744976.999999999;4747456.0;4754985.0;6681152.0;2479.000000000932;7529.0;1933696.0;eev,integrated,separated,ws;lintim;Mumford0;Mumford0;True;False;1e-05;6000;1;2;20;50;200;-5;100;0.75;2;50;250;30;20;16;1298;1298
12329485;299;g_000;1;1;36;line_consecutive;0.8;1299;8;11;1-13;3;4740664.999999999;4742338.0;4748369.0;6692300.0;1673.000000000931;6031.0;1949962.0;eev,integrated,separated,ws;lintim;Mumford0;Mumford0;True;False;1e-05;6000;1;2;20;50;200;-5;100;0.75;2;50;250;30;20;16;1299;1299
12329485;300;g_000;1;1;36;line_consecutive;0.8;1300;8;12;1-29;3;4681842.999999999;4682675.0;4687015.0;6632616.0;832.0000000009313;4340.0;1949941.0;eev,integrated,separated,ws;lintim;Mumford0;Mumford0;True;False;1e-05;6000;1;2;20;50;200;-5;100;0.75;2;50;250;30;20;16;1300;1300
12329485;301;g_000;1;1;36;line_consecutive;0.8;1301;8;13;17-29;3;4699092.999999999;4700245.0;4704931.0;6650052.0;1152.000000000931;4686.0;1949807.0;eev,integrated,separated,ws;lintim;Mumford0;Mumford0;True;False;1e-05;6000;1;2;20;50;200;-5;100;0.75;2;50;250;30;20;16;1301;1301
12329485;302;g_000;1;1;36;line_consecutive;0.8;1302;8;14;17-28;3;4711918.999999999;4713634.0;4719431.0;6663548.0;1715.000000000931;5797.0;1949914.0;eev,integrated,separated,ws;lintim;Mumford0;Mumford0;True;False;1e-05;6000;1;2;20;50;200;-5;100;0.75;2;50;250;30;20;16;1302;1302
12329485;303;g_000;1;1;36;line_consecutive;0.8;1303;8;15;28-30;3;4688546.999999999;4689746.999681987;4694623.0;6638876.0;1199.9996819877997;4876.000318013132;1949129.000318013;eev,integrated,separated,ws;lintim;Mumford0;Mumford0;True;False;1e-05;6000;1;2;20;50;200;-5;100;0.75;2;50;250;30;20;16;1303;1303
12329485;304;g_000;1;1;36;line_consecutive;0.8;1304;8;16;6-7;4,10;4751128.999999999;4753138.0;4758159.0;13676766.99865359;2009.0000000009315;5021.0;8923628.99865359;eev,integrated,separated,ws;lintim;Mumford0;Mumford0;True;False;1e-05;6000;1;2;20;50;200;-5;100;0.75;2;50;250;30;20;16;1304;1304
12329485;305;g_000;1;1;36;line_consecutive;0.8;1305;8;17;7-14;4;4683990.999999999;4685683.0;4690135.0;4690135.0;1692.000000000931;4452.0;4452.0;eev,integrated,separated,ws;lintim;Mumford0;Mumford0;True;False;1e-05;6000;1;2;20;50;200;-5;100;0.75;2;50;250;30;20;16;1305;1305
12329485;306;g_000;1;1;36;line_consecutive;0.8;1306;8;18;14-19;4;4698692.999999999;4700164.0;4705377.0;4705377.0;1471.000000000931;5213.0;5213.0;eev,integrated,separated,ws;lintim;Mumford0;Mumford0;True;False;1e-05;6000;1;2;20;50;200;-5;100;0.75;2;50;250;30;20;16;1306;1306
12329485;307;g_000;1;1;36;line_consecutive;0.8;1307;8;19;19-20;4;4684746.999999999;4686218.0;4692105.0;4692105.0;1471.000000000931;5887.0;5887.0;eev,integrated,separated,ws;lintim;Mumford0;Mumford0;True;False;1e-05;6000;1;2;20;50;200;-5;100;0.75;2;50;250;30;20;16;1307;1307
12329485;308;g_000;1;1;36;line_consecutive;0.8;1308;8;20;15-24;5;6460382.999999999;6461407.0;6462487.0;6810748.0;1024.000000000931;1080.0;349341.0;eev,integrated,separated,ws;lintim;Mumford0;Mumford0;True;False;1e-05;6000;1;2;20;50;200;-5;100;0.75;2;50;250;30;20;16;1308;1308
12329485;309;g_000;1;1;36;line_consecutive;0.8;1309;8;21;12-15;5,11;6569318.999999999;6572076.0;6579503.0;11393090.0;2757.000000000932;7427.0;4821014.0;eev,integrated,separated,ws;lintim;Mumford0;Mumford0;True;False;1e-05;6000;1;2;20;50;200;-5;100;0.75;2;50;250;30;20;16;1309;1309
12329485;310;g_000;1;1;36;line_consecutive;0.8;1310;8;22;12-26;5;4709454.999999999;4711719.0;4723307.0;5073492.0;2264.000000000932;11588.0;361773.0;eev,integrated,separated,ws;lintim;Mumford0;Mumford0;True;False;1e-05;6000;1;2;20;50;200;-5;100;0.75;2;50;250;30;20;16;1310;1310
12329485;311;g_000;1;1;36;line_consecutive;0.8;1311;8;23;3-8;6,12;4698676.999999999;4700468.0;4705149.0;4719239.0;1791.000000000931;4681.0;18771.0;eev,integrated,separated,ws;lintim;Mumford0;Mumford0;True;False;1e-05;6000;1;2;20;50;200;-5;100;0.75;2;50;250;30;20;16;1311;1311
12329485;312;g_000;1;1;36;line_consecutive;0.8;1312;8;24;5-8;6;4694526.999999999;4696580.0;4701261.0;4715351.0;2053.000000000932;4681.0;18771.0;eev,integrated,separated,ws;lintim;Mumford0;Mumford0;True;False;1e-05;6000;1;2;20;50;200;-5;100;0.75;2;50;250;30;20;16;1312;1312
12329485;313;g_000;1;1;36;line_consecutive;0.8;1313;8;25;10-15;7;6468432.999999999;6468473.0;6468433.0;8612163.0;40.00000000093132;-40.0;2143690.0;eev,integrated,separated,ws;lintim;Mumford0;Mumford0;True;False;1e-05;6000;1;2;20;50;200;-5;100;0.75;2;50;250;30;20;16;1313;1313
12329485;314;g_000;1;1;36;line_consecutive;0.8;1314;8;26;15-21;7;6460644.999999999;6460924.0;6461889.0;8605715.0;279.0000000009313;965.0;2144791.0;eev,integrated,separated,ws;lintim;Mumford0;Mumford0;True;False;1e-05;6000;1;2;20;50;200;-5;100;0.75;2;50;250;30;20;16;1314;1314
12329485;315;g_000;1;1;36;line_consecutive;0.8;1315;8;27;6-16;8;4688552.999999999;4690600.0;4696365.0;4696365.0;2047.0000000009315;5765.0;5765.0;eev,integrated,separated,ws;lintim;Mumford0;Mumford0;True;False;1e-05;6000;1;2;20;50;200;-5;100;0.75;2;50;250;30;20;16;1315;1315
12329485;316;g_000;1;1;36;line_consecutive;0.8;1316;8;28;9-27;9;6412324.999999999;6412325.0;6412325.0;6412325.0;9.313225746154783e-10;0.0;0.0;eev,integrated,separated,ws;lintim;Mumford0;Mumford0;True;False;1e-05;6000;1;2;20;50;200;-5;100;0.75;2;50;250;30;20;16;1316;1316
12329485;317;g_000;1;1;36;line_consecutive;0.8;1317;8;29;2-15;10;4758684.999999999;4759976.0;4764127.0;11491183.0;1291.000000000931;4151.0;6731207.0;eev,integrated,separated,ws;lintim;Mumford0;Mumford0;True;False;1e-05;6000;1;2;20;50;200;-5;100;0.75;2;50;250;30;20;16;1317;1317
12329485;318;g_000;1;1;36;line_consecutive;0.8;1318;8;30;8-15;10;4765894.999994501;4768120.0;4773213.0;11494123.0;2225.00000549946;5093.0;6726003.0;eev,integrated,separated,ws;lintim;Mumford0;Mumford0;True;False;1e-05;6000;1;2;20;50;200;-5;100;0.75;2;50;250;30;20;16;1318;1318
12329485;319;g_000;1;1;36;line_consecutive;0.8;1319;8;31;8-17;10;4775718.999999999;4778141.999994541;4784417.0;11510687.0;2422.9999945415184;6275.000005459413;6732545.000005459;eev,integrated,separated,ws;lintim;Mumford0;Mumford0;True;False;1e-05;6000;1;2;20;50;200;-5;100;0.75;2;50;250;30;20;16;1319;1319
12329485;320;g_000;1;1;36;line_consecutive;0.8;1320;8;32;7-17;10;4745960.999999999;4748712.0;4759939.0;11477867.0;2751.000000000932;11227.0;6729155.0;eev,integrated,separated,ws;lintim;Mumford0;Mumford0;True;False;1e-05;6000;1;2;20;50;200;-5;100;0.75;2;50;250;30;20;16;1320;1320
12329485;321;g_000;1;1;36;line_consecutive;0.8;1321;8;33;19-23;11;4740124.999999999;4741018.99950479;4744211.0;6502440.0;893.9995047906414;3192.00049521029;1761421.0004952103;eev,integrated,separated,ws;lintim;Mumford0;Mumford0;True;False;1e-05;6000;1;2;20;50;200;-5;100;0.75;2;50;250;30;20;16;1321;1321
12329485;322;g_000;1;1;36;line_consecutive;0.8;1322;8;34;8-21;12;4704916.999999999;4707482.0;4713691.0;4713690.998426383;2565.000000000932;6209.0;6208.998426383361;eev,integrated,separated,ws;lintim;Mumford0;Mumford0;True;False;1e-05;6000;1;2;20;50;200;-5;100;0.75;2;50;250;30;20;16;1322;1322
12329485;323;g_000;1;1;36;line_consecutive;0.8;1323;8;35;21-24;12;4700796.999999999;4703362.0;4709571.0;4709570.998426383;2565.000000000932;6209.0;6208.998426383361;eev,integrated,separated,ws;lintim;Mumford0;Mumford0;True;False;1e-05;6000;1;2;20;50;200;-5;100;0.75;2;50;250;30;20;16;1323;1323
12329485;324;g_000;1;1;36;line_consecutive;0.9;1324;9;0;2-25;1;4489056.499999999;4490394.0;4498594.25;6598876.498710375;1337.500000000931;8200.25;2108482.4987103757;eev,integrated,separated,ws;lintim;Mumford0;Mumford0;True;False;1e-05;6000;1;2;20;50;200;-5;100;0.75;2;50;250;30;20;16;1324;1324
12329485;325;g_000;1;1;36;line_consecutive;0.9;1325;9;1;8-25;1;4487967.499999999;4489299.0;4497559.25;6590096.998710375;1331.500000000931;8260.25;2100797.9987103757;eev,integrated,separated,ws;lintim;Mumford0;Mumford0;True;False;1e-05;6000;1;2;20;50;200;-5;100;0.75;2;50;250;30;20;16;1325;1325
12329485;326;g_000;1;1;36;line_consecutive;0.9;1326;9;2;8-11;1;4466736.499999999;4468324.0;4477399.25;6574837.498710375;1587.500000000931;9075.25;2106513.4987103757;eev,integrated,separated,ws;lintim;Mumford0;Mumford0;True;False;1e-05;6000;1;2;20;50;200;-5;100;0.75;2;50;250;30;20;16;1326;1326
12329485;327;g_000;1;1;36;line_consecutive;0.9;1327;9;3;11-22;1;4471047.499999999;4472763.0;4482569.75;6565949.998710375;1715.500000000931;9806.75;2093186.9987103755;eev,integrated,separated,ws;lintim;Mumford0;Mumford0;True;False;1e-05;6000;1;2;20;50;200;-5;100;0.75;2;50;250;30;20;16;1327;1327
12329485;328;g_000;1;1;36;line_consecutive;0.9;1328;9;4;2-4;2;6459397.249999999;6459458.0;6459458.0;9806202.246825157;60.75000000093132;0.0;3346744.2468251567;eev,integrated,separated,ws;lintim;Mumford0;Mumford0;True;False;1e-05;6000;1;2;20;50;200;-5;100;0.75;2;50;250;30;20;16;1328;1328
12329485;329;g_000;1;1;36;line_consecutive;0.9;1329;9;5;4-12;2;7361624.749999999;7364890.25;7384651.25;10667223.246825157;3265.500000000932;19761.0;3302332.9968251567;eev,integrated,separated,ws;lintim;Mumford0;Mumford0;True;False;1e-05;6000;1;2;20;50;200;-5;100;0.75;2;50;250;30;20;16;1329;1329
12329485;330;g_000;1;1;36;line_consecutive;0.9;1330;9;6;12-18;2,11;8865261.5;8866234.999518849;8875919.75;25576725.0;973.4995188489556;9684.750481151044;16710490.000481153;eev,integrated,separated,ws;lintim;Mumford0;Mumford0;True;False;1e-05;6000;1;2;20;50;200;-5;100;0.75;2;50;250;30;20;16;1330;1330
12329485;331;g_000;1;1;36;line_consecutive;0.9;1331;9;7;18-23;2,11;4595893.24999118;4596453.25;4600609.25;21312453.0;560.0000088196248;4156.0;16715999.75;eev,integrated,separated,ws;lintim;Mumford0;Mumford0;True;False;1e-05;6000;1;2;20;50;200;-5;100;0.75;2;50;250;30;20;16;1331;1331
12329485;332;g_000;1;1;36;line_consecutive;0.9;1332;9;8;1-23;2;4553550.499999999;4554537.999415138;4563578.75;7883797.746825157;987.4994151387364;9040.750584862197;3329259.747410019;eev,integrated,separated,ws;lintim;Mumford0;Mumford0;True;False;1e-05;6000;1;2;20;50;200;-5;100;0.75;2;50;250;30;20;16;1332;1332
12329485;333;g_000;1;1;36;line_consecutive;0.9;1333;9;9;1-14;2;4598388.499999999;4599376.0;4608416.75;7928635.746825157;987.5000000009312;9040.75;3329259.7468251567;eev,integrated,separated,ws;lintim;Mumford0;Mumford0;True;False;1e-05;6000;1;2;20;50;200;-5;100;0.75;2;50;250;30;20;16;1333;1333
12329485;334;g_000;1;1;36;line_consecutive;0.9;1334;9;10;9-13;3;4536558.499999999;4537798.0;4547817.5;10492931.5;1239.500000000931;10019.5;5955133.5;eev,integrated,separated,ws;lintim;Mumford0;Mumford0;True;False;1e-05;6000;1;2;20;50;200;-5;100;0.75;2;50;250;30;20;16;1334;1334
12329485;335;g_000;1;1;36;line_consecutive;0.9;1335;9;11;1-13;3;4531707.499999999;4532627.0;4540374.5;10509095.5;919.5000000009312;7747.5;5976468.5;eev,integrated,separated,ws;lintim;Mumford0;Mumford0;True;False;1e-05;6000;1;2;20;50;200;-5;100;0.75;2;50;250;30;20;16;1335;1335
12329485;336;g_000;1;1;36;line_consecutive;0.9;1336;9;12;1-29;3;4465532.749999999;4465948.75;4471351.25;10447666.0;416.0000000009313;5402.5;5981717.25;eev,integrated,separated,ws;lintim;Mumford0;Mumford0;True;False;1e-05;6000;1;2;20;50;200;-5;100;0.75;2;50;250;30;20;16;1336;1336
12329485;337;g_000;1;1;36;line_consecutive;0.9;1337;9;13;17-29;3;4484938.999999999;4485515.0;4491506.75;10466197.0;576.0000000009313;5991.75;5980682.0;eev,integrated,separated,ws;lintim;Mumford0;Mumford0;True;False;1e-05;6000;1;2;20;50;200;-5;100;0.75;2;50;250;30;20;16;1337;1337
12329485;338;g_000;1;1;36;line_consecutive;0.9;1338;9;14;17-28;3;4499368.249999999;4500230.75;4507819.25;10477087.0;862.5000000009313;7588.5;5976856.25;eev,integrated,separated,ws;lintim;Mumford0;Mumford0;True;False;1e-05;6000;1;2;20;50;200;-5;100;0.75;2;50;250;30;20;16;1338;1338
12329485;339;g_000;1;1;36;line_consecutive;0.9;1339;9;15;28-30;3;4473074.749999999;4473690.75;4479910.25;10443557.5;616.0000000009313;6219.5;5969866.75;eev,integrated,separated,ws;lintim;Mumford0;Mumford0;True;False;1e-05;6000;1;2;20;50;200;-5;100;0.75;2;50;250;30;20;16;1339;1339
12329485;340;g_000;1;1;36;line_consecutive;0.9;1340;9;16;6-7;4,10;4543479.499999999;4544500.25;4551388.25;16885343.0;1020.7500000009312;6888.0;12340842.75;eev,integrated,separated,ws;lintim;Mumford0;Mumford0;True;False;1e-05;6000;1;2;20;50;200;-5;100;0.75;2;50;250;30;20;16;1340;1340
12329485;341;g_000;1;1;36;line_consecutive;0.9;1341;9;17;7-14;4;4467949.249999999;4468807.75;4474861.25;4505582.5;858.5000000009313;6053.5;36774.75;eev,integrated,separated,ws;lintim;Mumford0;Mumford0;True;False;1e-05;6000;1;2;20;50;200;-5;100;0.75;2;50;250;30;20;16;1341;1341
12329485;342;g_000;1;1;36;line_consecutive;0.9;1342;9;18;14-19;4;4484488.999999999;4485224.5;4492008.5;4521429.25;735.5000000009313;6784.0;36204.75;eev,integrated,separated,ws;lintim;Mumford0;Mumford0;True;False;1e-05;6000;1;2;20;50;200;-5;100;0.75;2;50;250;30;20;16;1342;1342
12329485;343;g_000;1;1;36;line_consecutive;0.9;1343;9;19;19-20;4;4468799.749999999;4469535.25;4477077.5;4506160.75;735.5000000009313;7542.25;36625.5;eev,integrated,separated,ws;lintim;Mumford0;Mumford0;True;False;1e-05;6000;1;2;20;50;200;-5;100;0.75;2;50;250;30;20;16;1343;1343
12329485;344;g_000;1;1;36;line_consecutive;0.9;1344;9;20;15-24;5;6466390.249999999;6466902.249810658;6468757.25;7984311.75;511.9998106593266;1855.0001893416047;1517409.5001893416;eev,integrated,separated,ws;lintim;Mumford0;Mumford0;True;False;1e-05;6000;1;2;20;50;200;-5;100;0.75;2;50;250;30;20;16;1344;1344
12329485;345;g_000;1;1;36;line_consecutive;0.9;1345;9;21;12-15;5,11;6588943.249999999;6590325.25;6600400.25;12934489.0;1382.000000000931;10075.0;6344163.75;eev,integrated,separated,ws;lintim;Mumford0;Mumford0;True;False;1e-05;6000;1;2;20;50;200;-5;100;0.75;2;50;250;30;20;16;1345;1345
12329485;346;g_000;1;1;36;line_consecutive;0.9;1346;9;22;12-26;5;4496596.249999999;4497786.75;4512179.75;6030396.0;1190.500000000931;14393.0;1532609.25;eev,integrated,separated,ws;lintim;Mumford0;Mumford0;True;False;1e-05;6000;1;2;20;50;200;-5;100;0.75;2;50;250;30;20;16;1346;1346
12329485;347;g_000;1;1;36;line_consecutive;0.9;1347;9;23;3-8;6,12;4484470.999999999;4485366.5;4491752.0;4787012.0;895.5000000009313;6385.5;301645.5;eev,integrated,separated,ws;lintim;Mumford0;Mumford0;True;False;1e-05;6000;1;2;20;50;200;-5;100;0.75;2;50;250;30;20;16;1347;1347
12329485;348;g_000;1;1;36;line_consecutive;0.9;1348;9;24;5-8;6;4479802.249999999;4480828.749611419;4487378.0;4782638.0;1026.4996114196256;6549.250388581306;301809.2503885813;eev,integrated,separated,ws;lintim;Mumford0;Mumford0;True;False;1e-05;6000;1;2;20;50;200;-5;100;0.75;2;50;250;30;20;16;1348;1348
12329485;349;g_000;1;1;36;line_consecutive;0.9;1349;9;25;10-15;7;6475446.499999999;6475446.5;6475446.5;10606841.5;9.313225746154783e-10;0.0;4131395.0;eev,integrated,separated,ws;lintim;Mumford0;Mumford0;True;False;1e-05;6000;1;2;20;50;200;-5;100;0.75;2;50;250;30;20;16;1349;1349
12329485;350;g_000;1;1;36;line_consecutive;0.9;1350;9;26;15-21;7;6466684.999999999;6466824.5;6468084.5;10596795.25;139.50000000093132;1260.0;4129970.75;eev,integrated,separated,ws;lintim;Mumford0;Mumford0;True;False;1e-05;6000;1;2;20;50;200;-5;100;0.75;2;50;250;30;20;16;1350;1350
12329485;351;g_000;1;1;36;line_consecutive;0.9;1351;9;27;6-16;8;4473081.499999999;4474105.0;4481870.0;4481870.0;1023.5000000009312;7765.0;7765.0;eev,integrated,separated,ws;lintim;Mumford0;Mumford0;True;False;1e-05;6000;1;2;20;50;200;-5;100;0.75;2;50;250;30;20;16;1351;1351
12329485;352;g_000;1;1;36;line_consecutive;0.9;1352;9;28;9-27;9;6412324.999999999;6412325.0;6412325.0;6412325.0;9.313225746154783e-10;0.0;0.0;eev,integrated,separated,ws;lintim;Mumford0;Mumford0;True;False;1e-05;6000;1;2;20;50;200;-5;100;0.75;2;50;250;30;20;16;1352;1352
12329485;353;g_000;1;1;36;line_consecutive;0.9;1353;9;29;2-15;10;4551979.999999999;4552643.0;4558102.25;13311413.0;663.0000000009313;5459.25;8758770.0;eev,integrated,separated,ws;lintim;Mumford0;Mumford0;True;False;1e-05;6000;1;2;20;50;200;-5;100;0.75;2;50;250;30;20;16;1353;1353
12329485;354;g_000;1;1;36;line_consecutive;0.9;1354;9;30;8-15;10;4560091.249993812;4561210.75;4568324.0;13315566.5;1119.5000061877072;7113.25;8754355.75;eev,integrated,separated,ws;lintim;Mumford0;Mumford0;True;False;1e-05;6000;1;2;20;50;200;-5;100;0.75;2;50;250;30;20;16;1354;1354
12329485;355;g_000;1;1;36;line_consecutive;0.9;1355;9;31;8-17;10;4571143.249999999;4572354.75;4580928.5;13335413.75;1211.500000000931;8573.75;8763059.0;eev,integrated,separated,ws;lintim;Mumford0;Mumford0;True;False;1e-05;6000;1;2;20;50;200;-5;100;0.75;2;50;250;30;20;16;1355;1355
12329485;356;g_000;1;1;36;line_consecutive;0.9;1356;9;32;7-17;10;4537665.499999999;4539041.0;4553390.75;13297494.5;1375.500000000931;14349.75;8758453.5;eev,integrated,separated,ws;lintim;Mumford0;Mumford0;True;False;1e-05;6000;1;2;20;50;200;-5;100;0.75;2;50;250;30;20;16;1356;1356
12329485;357;g_000;1;1;36;line_consecutive;0.9;1357;9;33;19-23;11;4531099.999999999;4531540.748643816;4535696.75;7655871.5;440.74864381738007;4156.001356183551;3124330.751356184;eev,integrated,separated,ws;lintim;Mumford0;Mumford0;True;False;1e-05;6000;1;2;20;50;200;-5;100;0.75;2;50;250;30;20;16;1357;1357
12329485;358;g_000;1;1;36;line_consecutive;0.9;1358;9;34;8-21;12;4491490.999999999;4492773.499935672;4501361.75;4501361.75;1282.4999356726184;8588.250064328313;8588.250064328313;eev,integrated,separated,ws;lintim;Mumford0;Mumford0;True;False;1e-05;6000;1;2;20;50;200;-5;100;0.75;2;50;250;30;20;16;1358;1358
12329485;359;g_000;1;1;36;line_consecutive;0.9;1359;9;35;21-24;12;4486855.999999999;4488138.5;4496726.75;4496726.75;1282.500000000931;8588.25;8588.25;eev,integrated,separated,ws;lintim;Mumford0;Mumford0;True;False;1e-05;6000;1;2;20;50;200;-5;100;0.75;2;50;250;30;20;16;1359;1359
12329485;360;g_000;1;1;36;line_consecutive;0.95;1360;10;0;2-25;1;4382208.25;4383095.0;4392275.875;9503706.0;886.75;9180.875;5120611.0;eev,integrated,separated,ws;lintim;Mumford0;Mumford0;True;False;1e-05;6000;1;2;20;50;200;-5;100;0.75;2;50;250;30;20;16;1360;1360
12329485;361;g_000;1;1;36;line_consecutive;0.95;1361;10;1;8-25;1;4381058.75;4381942.5;4391183.375;9501321.5;883.75;9240.875;5119379.0;eev,integrated,separated,ws;lintim;Mumford0;Mumford0;True;False;1e-05;6000;1;2;20;50;200;-5;100;0.75;2;50;250;30;20;16;1361;1361
12329485;362;g_000;1;1;36;line_consecutive;0.95;1362;10;2;8-11;1;4358648.25;4359660.0;4369903.375;9478331.5;1011.75;10243.375;5118671.5;eev,integrated,separated,ws;lintim;Mumford0;Mumford0;True;False;1e-05;6000;1;2;20;50;200;-5;100;0.75;2;50;250;30;20;16;1362;1362
12329485;363;g_000;1;1;36;line_consecutive;0.95;1363;10;3;11-22;1;4363198.75;4364274.5;4375361.125;9468784.0;1075.75;11086.625;5104509.5;eev,integrated,separated,ws;lintim;Mumford0;Mumford0;True;False;1e-05;6000;1;2;20;50;200;-5;100;0.75;2;50;250;30;20;16;1363;1363
12329485;364;g_000;1;1;36;line_consecutive;0.95;1364;10;4;2-4;2;6462012.375;6462041.375;6462076.5;11688818.625;29.0;35.125;5226777.25;eev,integrated,separated,ws;lintim;Mumford0;Mumford0;True;False;1e-05;6000;1;2;20;50;200;-5;100;0.75;2;50;250;30;20;16;1364;1364
12329485;365;g_000;1;1;36;line_consecutive;0.95;1365;10;5;4-12;2;7414363.625;7416116.125;7438669.375;12601930.125;1752.5;22553.25;5185814.0;eev,integrated,separated,ws;lintim;Mumford0;Mumford0;True;False;1e-05;6000;1;2;20;50;200;-5;100;0.75;2;50;250;30;20;16;1365;1365
12329485;366;g_000;1;1;36;line_consecutive;0.95;1366;10;6;12-18;2,11;9001535.75;9002022.5;9012786.125;28769710.0;486.75;10763.625;19767687.5;eev,integrated,separated,ws;lintim;Mumford0;Mumford0;True;False;1e-05;6000;1;2;20;50;200;-5;100;0.75;2;50;250;30;20;16;1366;1366
12329485;367;g_000;1;1;36;line_consecutive;0.95;1367;10;7;18-23;2,11;4494980.3749906905;4495286.375;4499958.375;24268344.0;306.00000930950046;4672.0;19773057.625;eev,integrated,separated,ws;lintim;Mumford0;Mumford0;True;False;1e-05;6000;1;2;20;50;200;-5;100;0.75;2;50;250;30;20;16;1367;1367
12329485;368;g_000;1;1;36;line_consecutive;0.95;1368;10;8;1-23;2;4450285.25;4450793.125;4460870.625;9659613.875;507.875;10077.5;5208820.75;eev,integrated,separated,ws;lintim;Mumford0;Mumford0;True;False;1e-05;6000;1;2;20;50;200;-5;100;0.75;2;50;250;30;20;16;1368;1368
12329485;369;g_000;1;1;36;line_consecutive;0.95;1369;10;9;1-14;2;4497614.25;4498108.0;4508199.625;9706942.875;493.75;10091.625;5208834.875;eev,integrated,separated,ws;lintim;Mumford0;Mumford0;True;False;1e-05;6000;1;2;20;50;200;-5;100;0.75;2;50;250;30;20;16;1369;1369
12329485;370;g_000;1;1;36;line_consecutive;0.95;1370;10;10;9-13;3;4432349.25;4432969.0;4444233.75;14363064.5;619.75;11264.75;9930095.5;eev,integrated,separated,ws;lintim;Mumford0;Mumford0;True;False;1e-05;6000;1;2;20;50;200;-5;100;0.75;2;50;250;30;20;16;1370;1370
12329485;371;g_000;1;1;36;line_consecutive;0.95;1371;10;11;1-13;3;4427228.75;4427688.5;4436377.25;14380126.5;459.75;8688.75;9952438.0;eev,integrated,separated,ws;lintim;Mumford0;Mumford0;True;False;1e-05;6000;1;2;20;50;200;-5;100;0.75;2;50;250;30;20;16;1371;1371
12329485;372;g_000;1;1;36;line_consecutive;0.95;1372;10;12;1-29;3;4357377.625;4357585.625;4363519.375;14315284.25;208.0;5933.75;9957698.625;eev,integrated,separated,ws;lintim;Mumford0;Mumford0;True;False;1e-05;6000;1;2;20;50;200;-5;100;0.75;2;50;250;30;20;16;1372;1372
12329485;373;g_000;1;1;36;line_consecutive;0.95;1373;10;13;17-29;3;4377862.0;4378150.0;4384794.625;14334844.75;288.0;6644.625;9956694.75;eev,integrated,separated,ws;lintim;Mumford0;Mumford0;True;False;1e-05;6000;1;2;20;50;200;-5;100;0.75;2;50;250;30;20;16;1373;1373
12329485;374;g_000;1;1;36;line_consecutive;0.95;1374;10;14;17-28;3;4393092.875;4393524.125;4402013.375;14346339.75;431.25;8489.25;9952815.625;eev,integrated,separated,ws;lintim;Mumford0;Mumford0;True;False;1e-05;6000;1;2;20;50;200;-5;100;0.75;2;50;250;30;20;16;1374;1374
12329485;375;g_000;1;1;36;line_consecutive;0.95;1375;10;15;28-30;3;4365338.625;4365646.625;4372553.875;14310947.5;308.0;6907.25;9945300.875;eev,integrated,separated,ws;lintim;Mumford0;Mumford0;True;False;1e-05;6000;1;2;20;50;200;-5;100;0.75;2;50;250;30;20;16;1375;1375
12329485;376;g_000;1;1;36;line_consecutive;0.95;1376;10;16;6-7;4,10;4439654.75;4440181.375;4448002.875;19262758.25;526.625;7821.5;14822576.875;eev,integrated,separated,ws;lintim;Mumford0;Mumford0;True;False;1e-05;6000;1;2;20;50;200;-5;100;0.75;2;50;250;30;20;16;1376;1376
12329485;377;g_000;1;1;36;line_consecutive;0.95;1377;10;17;7-14;4;4359928.375;4360370.125;4367224.375;4947934.75;441.75;6854.25;587564.625;eev,integrated,separated,ws;lintim;Mumford0;Mumford0;True;False;1e-05;6000;1;2;20;50;200;-5;100;0.75;2;50;250;30;20;16;1377;1377
12329485;378;g_000;1;1;36;line_consecutive;0.95;1378;10;18;14-19;4;4377387.0;4377754.75;4385324.25;4963172.75;367.75;7569.5;585418.0;eev,integrated,separated,ws;lintim;Mumford0;Mumford0;True;False;1e-05;6000;1;2;20;50;200;-5;100;0.75;2;50;250;30;20;16;1378;1378
12329485;379;g_000;1;1;36;line_consecutive;0.95;1379;10;19;19-20;4;4360826.125;4361193.875;4369563.75;4946611.875;367.75;8369.875;585418.0;eev,integrated,separated,ws;lintim;Mumford0;Mumford0;True;False;1e-05;6000;1;2;20;50;200;-5;100;0.75;2;50;250;30;20;16;1379;1379
12329485;380;g_000;1;1;36;line_consecutive;0.95;1380;10;20;15-24;5;6469393.875;6469649.874627171;6471892.375;9206203.25;255.99962717108428;2242.500372828916;2736553.375372829;eev,integrated,separated,ws;lintim;Mumford0;Mumford0;True;False;1e-05;6000;1;2;20;50;200;-5;100;0.75;2;50;250;30;20;16;1380;1380
12329485;381;g_000;1;1;36;line_consecutive;0.95;1381;10;21;12-15;5,11;6598755.375;6599446.375;6610848.875;13995064.25;691.0;11402.5;7395617.875;eev,integrated,separated,ws;lintim;Mumford0;Mumford0;True;False;1e-05;6000;1;2;20;50;200;-5;100;0.75;2;50;250;30;20;16;1381;1381
12329485;382;g_000;1;1;36;line_consecutive;0.95;1382;10;22;12-26;5;4390166.875;4390814.875;4406616.125;7135801.75;648.0;15801.25;2744986.875;eev,integrated,separated,ws;lintim;Mumford0;Mumford0;True;False;1e-05;6000;1;2;20;50;200;-5;100;0.75;2;50;250;30;20;16;1382;1382
12329485;383;g_000;1;1;36;line_consecutive;0.95;1383;10;23;3-8;6,12;4377368.0;4377815.75;4385053.5;5061114.5;447.75;7237.75;683298.75;eev,integrated,separated,ws;lintim;Mumford0;Mumford0;True;False;1e-05;6000;1;2;20;50;200;-5;100;0.75;2;50;250;30;20;16;1383;1383
12329485;384;g_000;1;1;36;line_consecutive;0.95;1384;10;24;5-8;6;4372439.875;4372953.12751037;4380436.5;5058376.5;513.2525103697553;7483.372489630245;685423.3724896302;eev,integrated,separated,ws;lintim;Mumford0;Mumford0;True;False;1e-05;6000;1;2;20;50;200;-5;100;0.75;2;50;250;30;20;16;1384;1384
12329485;385;g_000;1;1;36;line_consecutive;0.95;1385;10;25;10-15;7;6478953.25;6478953.25;6478953.25;12289628.25;0.0;0.0;5810675.0;eev,integrated,separated,ws;lintim;Mumford0;Mumford0;True;False;1e-05;6000;1;2;20;50;200;-5;100;0.75;2;50;250;30;20;16;1385;1385
12329485;386;g_000;1;1;36;line_consecutive;0.95;1386;10;26;15-21;7;6469705.0;6469774.75;6471182.25;12279023.875;69.75;1407.5;5809249.125;eev,integrated,separated,ws;lintim;Mumford0;Mumford0;True;False;1e-05;6000;1;2;20;50;200;-5;100;0.75;2;50;250;30;20;16;1386;1386
12329485;387;g_000;1;1;36;line_consecutive;0.95;1387;10;27;6-16;8;4365345.75;4365857.5;4374622.5;4374622.5;511.75;8765.0;8765.0;eev,integrated,separated,ws;lintim;Mumford0;Mumford0;True;False;1e-05;6000;1;2;20;50;200;-5;100;0.75;2;50;250;30;20;16;1387;1387
12329485;388;g_000;1;1;36;line_consecutive;0.95;1388;10;28;9-27;9;6412325.0;6412365.0;6412325.0;6412325.0;40.0;-40.0;-40.0;eev,integrated,separated,ws;lintim;Mumford0;Mumford0;True;False;1e-05;6000;1;2;20;50;200;-5;100;0.75;2;50;250;30;20;16;1388;1388
12329485;389;g_000;1;1;36;line_consecutive;0.95;1389;10;29;2-15;10;4448627.5;4449009.625;4455089.875;14752698.5;382.125;6080.25;10303688.875;eev,integrated,separated,ws;lintim;Mumford0;Mumford0;True;False;1e-05;6000;1;2;20;50;200;-5;100;0.75;2;50;250;30;20;16;1389;1389
12329485;390;g_000;1;1;36;line_consecutive;0.95;1390;10;30;8-15;10;4457189.37499347;4457749.125;4465879.5;14755952.25;559.7500065304339;8130.375;10298203.125;eev,integrated,separated,ws;lintim;Mumford0;Mumford0;True;False;1e-05;6000;1;2;20;50;200;-5;100;0.75;2;50;250;30;20;16;1390;1390
12329485;391;g_000;1;1;36;line_consecutive;0.95;1391;10;31;8-17;10;4468855.375;4469491.125;4479184.25;14776747.75;635.75;9693.125;10307256.625;eev,integrated,separated,ws;lintim;Mumford0;Mumford0;True;False;1e-05;6000;1;2;20;50;200;-5;100;0.75;2;50;250;30;20;16;1391;1391
12329485;392;g_000;1;1;36;line_consecutive;0.95;1392;10;32;7-17;10;4433517.75;4434205.5;4450116.625;14734957.25;687.75;15911.125;10300751.75;eev,integrated,separated,ws;lintim;Mumford0;Mumford0;True;False;1e-05;6000;1;2;20;50;200;-5;100;0.75;2;50;250;30;20;16;1392;1392
12329485;393;g_000;1;1;36;line_consecutive;0.95;1393;10;33;19-23;11;4426587.5;4426801.625;4431439.625;8534324.5;214.125;4638.0;4107522.875;eev,integrated,separated,ws;lintim;Mumford0;Mumford0;True;False;1e-05;6000;1;2;20;50;200;-5;100;0.75;2;50;250;30;20;16;1393;1393
12329485;394;g_000;1;1;36;line_consecutive;0.95;1394;10;34;8-21;12;4384778.0;4385449.25;4395197.125;4395197.125;671.25;9747.875;9747.875;eev,integrated,separated,ws;lintim;Mumford0;Mumford0;True;False;1e-05;6000;1;2;20;50;200;-5;100;0.75;2;50;250;30;20;16;1394;1394
12329485;395;g_000;1;1;36;line_consecutive;0.95;1395;10;35;21-24;12;4379885.5;4380526.75;4390304.625;4390304.625;641.25;9777.875;9777.875;eev,integrated,separated,ws;lintim;Mumford0;Mumford0;True;False;1e-05;6000;1;2;20;50;200;-5;100;0.75;2;50;250;30;20;16;1395;1395
