array_job_id;task_id;run_group_id;case_k;case_per_run;case_variants;case_selection;case_p_fail;case_id;case_sweep_row;case_variant_idx;case_edges;case_lines;WS;RP;EEV_nom;EEV_mean;EVPI;VSS_nom;VSS_mean;procedures_present;source;network;scenario_line_data;routing_agg;waiting_time_frequency;gap;time_limit;travel_time_cost_mult;waiting_time_cost_mult;line_operation_cost_mult;cost_repl_freq;cost_repl_line;repl_budget;bypass_multiplier;overdemand_threshold;overdemand_multiplier;num_od;train_capacity;infrastructure_capacity;max_frequency;threads;demand_scale;scenario_infra_id;scenario_prob_id
14050693;0;g_000;1;1;30;line_consecutive;0.5;1000;0;0;12-13;12;129831.93556399988;129831.93556396091;129831.93556399592;129831.93556400025;-3.8970028981566436e-08;3.5011908039450645e-08;3.93338268622756e-08;eev,integrated,separated,ws;lintim;SiouxFalls;SiouxFalls;True;False;1e-05;12000;1;2;20;50;200;-5;50;0.5;1;50;50;10;10;16;2.7866;1000;1000
14050693;1;g_000;1;1;30;line_consecutive;0.5;1001;0;1;20-21;6;133334.6823889999;133657.53556397185;133657.53555009904;133657.53555007934;322.85317497194046;-1.3872806448489428e-05;-1.3892509741708636e-05;eev,integrated,separated,ws;lintim;SiouxFalls;SiouxFalls;True;False;1e-05;12000;1;2;20;50;200;-5;50;0.5;1;50;50;10;10;16;2.7866;1001;1001
14050693;2;g_000;1;1;30;line_consecutive;0.5;1002;0;2;14-23;4,10;142004.368075;143006.6434728743;143451.30202799593;151912.6122239997;1002.2753978742984;444.6585551216267;8905.968751125387;eev,integrated,separated,ws;lintim;SiouxFalls;SiouxFalls;True;False;1e-05;12000;1;2;20;50;200;-5;50;0.5;1;50;50;10;10;16;2.7866;1002;1002
14050693;3;g_000;1;1;30;line_consecutive;0.5;1003;0;3;22-23;5;134503.61349299995;134946.6449429859;134946.64494299592;134946.64494299993;443.0314499859524;1.0011717677116394e-08;1.4028046280145643e-08;eev,integrated,separated,ws;lintim;SiouxFalls;SiouxFalls;True;False;1e-05;12000;1;2;20;50;200;-5;50;0.5;1;50;50;10;10;16;2.7866;1003;1003
14050693;4;g_000;1;1;30;line_consecutive;0.5;1004;0;4;11-14;4,8,10;155515.21236599996;157489.89876199828;158066.41382099592;163834.91477600002;1974.6863959983168;576.5150589976402;6345.01601400174;eev,integrated,separated,ws;lintim;SiouxFalls;SiouxFalls;True;False;1e-05;12000;1;2;20;50;200;-5;50;0.5;1;50;50;10;10;16;2.7866;1004;1004
14050693;5;g_000;1;1;30;line_consecutive;0.5;1005;0;5;4-5;3;129870.72850399962;129909.521443928;130831.33203399592;130831.3320339484;38.79293992837484;921.810590067922;921.81059002041;eev,integrated,separated,ws;lintim;SiouxFalls;SiouxFalls;True;False;1e-05;12000;1;2;20;50;200;-5;50;0.5;1;50;50;10;10;16;2.7866;1005;1005
14050693;6;g_000;1;1;30;line_consecutive;0.5;1006;0;6;1-2;12;129831.93556399978;129831.93556399526;129831.93556399592;129831.93556400025;-4.525645636022091e-09;6.693881005048752e-10;4.99130692332983e-09;eev,integrated,separated,ws;lintim;SiouxFalls;SiouxFalls;True;False;1e-05;12000;1;2;20;50;200;-5;50;0.5;1;50;50;10;10;16;2.7866;1006;1006
14050693;7;g_000;1;1;30;line_consecutive;0.5;1007;0;7;4-11;4;144765.6023;147588.01331999846;148218.8695169959;151453.61820400006;2822.411019998457;630.8561969974544;3865.604884001601;eev,integrated,separated,ws;lintim;SiouxFalls;SiouxFalls;True;False;1e-05;12000;1;2;20;50;200;-5;50;0.5;1;50;50;10;10;16;2.7866;1007;1007
14050693;8;g_000;1;1;30;line_consecutive;0.5;1008;0;8;16-17;2,13;142935.249956;144886.86646699836;147275.17992399592;153302.643595;1951.6165109983413;2388.3134569975664;8415.777128001646;eev,integrated,separated,ws;lintim;SiouxFalls;SiouxFalls;True;False;1e-05;12000;1;2;20;50;200;-5;50;0.5;1;50;50;10;10;16;2.7866;1008;1008
14050693;9;g_000;1;1;30;line_consecutive;0.5;1009;0;9;10-11;1,7,10;147754.679475;149820.90758999996;151071.31233499598;155120.22181590038;2066.228114999947;1250.40474499602;5299.314225900424;eev,integrated,separated,ws;lintim;SiouxFalls;SiouxFalls;True;False;1e-05;12000;1;2;20;50;200;-5;50;0.5;1;50;50;10;10;16;2.7866;1009;1009
14050693;10;g_000;1;1;30;line_consecutive;0.5;1010;0;10;7-18;3,11;129870.72850392824;129909.52144393706;130831.33203399592;130831.33203226051;38.79294000881782;921.8105900588562;921.810588323453;eev,integrated,separated,ws;lintim;SiouxFalls;SiouxFalls;True;False;1e-05;12000;1;2;20;50;200;-5;50;0.5;1;50;50;10;10;16;2.7866;1010;1010
14050693;11;g_000;1;1;30;line_consecutive;0.5;1011;0;11;13-24;6;138113.913123;138746.42365700004;138746.42365699593;138746.4236569762;632.51053400003;-4.103640094399452e-09;-2.3836037144064903e-08;eev,integrated,separated,ws;lintim;SiouxFalls;SiouxFalls;True;False;1e-05;12000;1;2;20;50;200;-5;50;0.5;1;50;50;10;10;16;2.7866;1011;1011
14050693;12;g_000;1;1;30;line_consecutive;0.5;1012;0;12;1-3;4,8,12;155882.1482759998;157119.67460293122;157119.67460299592;162366.262115;1237.526326931431;6.469781510531902e-08;5246.587512068771;eev,integrated,separated,ws;lintim;SiouxFalls;SiouxFalls;True;False;1e-05;12000;1;2;20;50;200;-5;50;0.5;1;50;50;10;10;16;2.7866;1012;1012
14050693;13;g_000;1;1;30;line_consecutive;0.5;1013;0;13;18-20;11;129831.93556399978;129831.93556398348;129831.93556399592;129831.93555939617;-1.6298145055770874e-08;1.2441887520253658e-08;-4.58731665275991e-06;eev,integrated,separated,ws;lintim;SiouxFalls;SiouxFalls;True;False;1e-05;12000;1;2;20;50;200;-5;50;0.5;1;50;50;10;10;16;2.7866;1013;1013
14050693;14;g_000;1;1;30;line_consecutive;0.5;1014;0;14;23-24;4;141579.797066;142483.84860499564;142503.00156499594;147473.0212710001;904.0515389956416;19.152960000297757;4989.172666004452;eev,integrated,separated,ws;lintim;SiouxFalls;SiouxFalls;True;False;1e-05;12000;1;2;20;50;200;-5;50;0.5;1;50;50;10;10;16;2.7866;1014;1014
14050693;15;g_000;1;1;30;line_consecutive;0.5;1015;0;15;21-24;6;133630.884564;133987.4894149538;133987.48941499591;133987.4894149762;356.6048509537941;4.2113242670893676e-08;2.2409949451684952e-08;eev,integrated,separated,ws;lintim;SiouxFalls;SiouxFalls;True;False;1e-05;12000;1;2;20;50;200;-5;50;0.5;1;50;50;10;10;16;2.7866;1015;1015
14050693;16;g_000;1;1;30;line_consecutive;0.5;1016;0;16;17-19;2,13,14;165451.94139;168196.79065697483;168196.79065699593;184410.479941;2744.849266974837;2.1100277081131932e-08;16213.689284025168;eev,integrated,separated,ws;lintim;SiouxFalls;SiouxFalls;True;False;1e-05;12000;1;2;20;50;200;-5;50;0.5;1;50;50;10;10;16;2.7866;1016;1016
14050693;17;g_000;1;1;30;line_consecutive;0.5;1017;0;17;21-22;13;129831.935564;129831.93556399966;129831.93556399592;129831.93556399998;-3.346940502524376e-10;-3.739842213690281e-09;3.2014213502407074e-10;eev,integrated,separated,ws;lintim;SiouxFalls;SiouxFalls;True;False;1e-05;12000;1;2;20;50;200;-5;50;0.5;1;50;50;10;10;16;2.7866;1017;1017
14050693;18;g_000;1;1;30;line_consecutive;0.5;1018;0;18;16-18;1;137875.7555;140066.58742199998;143388.4628889959;140920.91272299865;2190.831921999983;3321.8754669959308;854.3253009986656;eev,integrated,separated,ws;lintim;SiouxFalls;SiouxFalls;True;False;1e-05;12000;1;2;20;50;200;-5;50;0.5;1;50;50;10;10;16;2.7866;1018;1018
14050693;19;g_000;1;1;30;line_consecutive;0.5;1019;0;19;5-9;3,9;136605.358362;137497.37273187452;138437.25554999593;139233.36971185086;892.0143698745233;939.8828181214049;1735.9969799763348;eev,integrated,separated,ws;lintim;SiouxFalls;SiouxFalls;True;False;1e-05;12000;1;2;20;50;200;-5;50;0.5;1;50;50;10;10;16;2.7866;1019;1019
14050693;20;g_000;1;1;30;line_consecutive;0.5;1020;0;20;19-20;2;149002.835472996;150717.92492;150887.59046299593;157900.433728;1715.089447003993;169.66554299593554;7182.508808000013;eev,integrated,separated,ws;lintim;SiouxFalls;SiouxFalls;True;False;1e-05;12000;1;2;20;50;200;-5;50;0.5;1;50;50;10;10;16;2.7866;1020;1020
14050693;21;g_000;1;1;30;line_consecutive;0.5;1021;0;21;8-9;3,7;129870.72850390036;129909.52144374668;130831.33203399592;130831.33203399998;38.792939846316585;921.8105902492388;921.8105902532988;eev,integrated,separated,ws;lintim;SiouxFalls;SiouxFalls;True;False;1e-05;12000;1;2;20;50;200;-5;50;0.5;1;50;50;10;10;16;2.7866;1021;1021
14050693;22;g_000;1;1;30;line_consecutive;0.5;1022;0;22;10-15;5,9;143582.084719;145555.48941398333;145566.19028199592;150479.82698498154;1973.404694983328;10.700868012587309;4924.337570998207;eev,integrated,separated,ws;lintim;SiouxFalls;SiouxFalls;True;False;1e-05;12000;1;2;20;50;200;-5;50;0.5;1;50;50;10;10;16;2.7866;1022;1022
14050693;23;g_000;1;1;30;line_consecutive;0.5;1023;0;23;2-6;2;153571.64859100003;155805.29968196442;156297.20325099592;162980.51725799998;2233.651090964384;491.9035690315068;7175.21757603556;eev,integrated,separated,ws;lintim;SiouxFalls;SiouxFalls;True;False;1e-05;12000;1;2;20;50;200;-5;50;0.5;1;50;50;10;10;16;2.7866;1023;1023
14050693;24;g_000;1;1;30;line_consecutive;0.5;1024;0;24;6-8;2;146015.83788799998;146917.55126;147908.70876199592;154918.2396150572;901.7133720000274;991.1575019959128;8000.68835505718;eev,integrated,separated,ws;lintim;SiouxFalls;SiouxFalls;True;False;1e-05;12000;1;2;20;50;200;-5;50;0.5;1;50;50;10;10;16;2.7866;1024;1024
14050693;25;g_000;1;1;30;line_consecutive;0.5;1025;0;25;15-19;9,13,14;136932.78457;138114.12764395625;138742.10039599592;138114.1276439999;1181.343073956261;627.97275203967;4.365574568510056e-08;eev,integrated,separated,ws;lintim;SiouxFalls;SiouxFalls;True;False;1e-05;12000;1;2;20;50;200;-5;50;0.5;1;50;50;10;10;16;2.7866;1025;1025
14050693;26;g_000;1;1;30;line_consecutive;0.5;1026;0;26;9-10;7,9;137098.2833309668;138504.25507999994;139238.89820199594;138504.2550799996;1405.9717490331386;734.6431219959923;-3.4924596548080444e-10;eev,integrated,separated,ws;lintim;SiouxFalls;SiouxFalls;True;False;1e-05;12000;1;2;20;50;200;-5;50;0.5;1;50;50;10;10;16;2.7866;1026;1026
14050693;27;g_000;1;1;30;line_consecutive;0.5;1027;0;27;14-15;14;129908.563194;129985.1908241749;130639.56375500094;130639.5637547751;76.62763017490215;654.3729308260372;654.3729306001915;eev,integrated,separated,ws;lintim;SiouxFalls;SiouxFalls;True;False;1e-05;12000;1;2;20;50;200;-5;50;0.5;1;50;50;10;10;16;2.7866;1027;1027
14050693;28;g_000;1;1;30;line_consecutive;0.5;1028;0;28;15-22;5,13;135421.3030439994;136297.3770919998;136297.3770919959;136297.3770919491;876.074048000417;-3.899913281202316e-09;-5.069887265563011e-08;eev,integrated,separated,ws;lintim;SiouxFalls;SiouxFalls;True;False;1e-05;12000;1;2;20;50;200;-5;50;0.5;1;50;50;10;10;16;2.7866;1028;1028
14050693;29;g_000;1;1;30;line_consecutive;0.5;1029;0;29;10-17;14;129908.563194;129985.1908240097;130639.56375500264;130639.56375477675;76.62763000969426;654.3729309929477;654.3729307670583;eev,integrated,separated,ws;lintim;SiouxFalls;SiouxFalls;True;False;1e-05;12000;1;2;20;50;200;-5;50;0.5;1;50;50;10;10;16;2.7866;1029;1029
14050693;30;g_000;2;1;30;line_consecutive;0.5;1030;1;0;9-10,10-15;9;144799.364636;146547.5367538292;146547.53675399593;152335.1332729358;1748.1721178291773;1.667358446866274e-07;5787.596519106621;eev,integrated,separated,ws;lintim;SiouxFalls;SiouxFalls;True;False;1e-05;12000;1;2;20;50;200;-5;50;0.5;1;50;50;10;10;16;2.7866;1030;1030
14050693;31;g_000;2;1;30;line_consecutive;0.5;1031;1;1;13-24,21-24;6;138808.319975;139466.4236569956;139466.4236569959;139466.4236569762;658.1036819956207;2.9103830456733704e-10;-1.941225491464138e-08;eev,integrated,separated,ws;lintim;SiouxFalls;SiouxFalls;True;False;1e-05;12000;1;2;20;50;200;-5;50;0.5;1;50;50;10;10;16;2.7866;1031;1031
14050693;32;g_000;2;1;30;line_consecutive;0.5;1032;1;2;10-15,15-22;5;144307.726794;146835.69882599448;146884.33309199594;150578.42615598158;2527.97203199449;48.6342660014634;3742.727329987101;eev,integrated,separated,ws;lintim;SiouxFalls;SiouxFalls;True;False;1e-05;12000;1;2;20;50;200;-5;50;0.5;1;50;50;10;10;16;2.7866;1032;1032
14050693;33;g_000;2;1;30;line_consecutive;0.5;1033;1;3;8-9,9-10;7;137604.6261180941;138164.404512;138642.40451199593;139639.48106731207;559.7783939059009;477.9999999959255;1475.0765553120582;eev,integrated,separated,ws;lintim;SiouxFalls;SiouxFalls;True;False;1e-05;12000;1;2;20;50;200;-5;50;0.5;1;50;50;10;10;16;2.7866;1033;1033
14050693;34;g_000;2;1;30;line_consecutive;0.5;1034;1;4;15-19,17-19;13,14;177694.865924;180887.44666150017;183320.6111734959;197772.891717;3192.5807375001605;2433.1645119957398;16885.44505549982;eev,integrated,separated,ws;lintim;SiouxFalls;SiouxFalls;True;False;1e-05;12000;1;2;20;50;200;-5;50;0.5;1;50;50;10;10;16;2.7866;1034;1034
14050693;35;g_000;2;1;30;line_consecutive;0.5;1035;1;5;17-19,19-20;2;170724.01403150024;172984.1264260308;175279.63413799592;188726.323586;2260.112394530559;2295.507711965125;15742.19715996922;eev,integrated,separated,ws;lintim;SiouxFalls;SiouxFalls;True;False;1e-05;12000;1;2;20;50;200;-5;50;0.5;1;50;50;10;10;16;2.7866;1035;1035
14050693;36;g_000;2;1;30;line_consecutive;0.5;1036;1;6;2-6,6-8;2;157133.52638100003;160102.21405899015;160594.11762799593;166113.24858099996;2968.6876779901213;491.903569005779;6011.03452200981;eev,integrated,separated,ws;lintim;SiouxFalls;SiouxFalls;True;False;1e-05;12000;1;2;20;50;200;-5;50;0.5;1;50;50;10;10;16;2.7866;1036;1036
14050693;37;g_000;2;1;30;line_consecutive;0.5;1037;1;7;8-16,10-16;10;152658.64340399997;153496.56734299933;155941.6214819959;164781.788811;837.92393899936;2445.05413899658;11285.221468000673;eev,integrated,separated,ws;lintim;SiouxFalls;SiouxFalls;True;False;1e-05;12000;1;2;20;50;200;-5;50;0.5;1;50;50;10;10;16;2.7866;1037;1037
14050693;38;g_000;2;1;30;line_consecutive;0.5;1038;1;8;5-9,8-9;3;137604.6261180941;138164.404512;138642.40451199593;140731.26612587098;559.7783939059009;477.9999999959255;2566.8616138709767;eev,integrated,separated,ws;lintim;SiouxFalls;SiouxFalls;True;False;1e-05;12000;1;2;20;50;200;-5;50;0.5;1;50;50;10;10;16;2.7866;1038;1038
14050693;39;g_000;2;1;30;line_consecutive;0.5;1039;1;9;8-16,16-17;2,13;150460.996614;152684.08916499998;152684.08916497222;162450.10409749488;2223.09255099998;-2.7765054255723957e-08;9766.014932494902;eev,integrated,separated,ws;lintim;SiouxFalls;SiouxFalls;True;False;1e-05;12000;1;2;20;50;200;-5;50;0.5;1;50;50;10;10;16;2.7866;1039;1039
14050693;40;g_000;2;1;30;line_consecutive;0.5;1040;1;10;14-15,15-19;14;136932.78457;138114.12764401408;138742.10039599592;138114.1276439999;1181.3430740140902;627.9727519818407;-1.4173565432429314e-08;eev,integrated,separated,ws;lintim;SiouxFalls;SiouxFalls;True;False;1e-05;12000;1;2;20;50;200;-5;50;0.5;1;50;50;10;10;16;2.7866;1040;1040
14050693;41;g_000;2;1;30;line_consecutive;0.5;1041;1;11;15-22,22-23;5;136091.703044;137734.8916379992;137734.89163799572;137734.8916379489;1643.1885939991917;-3.4633558243513103e-09;-5.0291419029235846e-08;eev,integrated,separated,ws;lintim;SiouxFalls;SiouxFalls;True;False;1e-05;12000;1;2;20;50;200;-5;50;0.5;1;50;50;10;10;16;2.7866;1041;1041
14050693;42;g_000;2;1;30;line_consecutive;0.5;1042;1;12;9-10,10-11;7;155538.06080900002;158198.96982499998;159494.69179599592;165280.05776699982;2660.9090159999614;1295.7219709959463;7081.087941999838;eev,integrated,separated,ws;lintim;SiouxFalls;SiouxFalls;True;False;1e-05;12000;1;2;20;50;200;-5;50;0.5;1;50;50;10;10;16;2.7866;1042;1042
14050693;43;g_000;2;1;30;line_consecutive;0.5;1043;1;13;10-11,10-16;1,10;151673.320804;154135.03196899075;155192.20045599592;159073.3555709999;2461.71116499076;1057.1684870051686;4938.323602009157;eev,integrated,separated,ws;lintim;SiouxFalls;SiouxFalls;True;False;1e-05;12000;1;2;20;50;200;-5;50;0.5;1;50;50;10;10;16;2.7866;1043;1043
14050693;44;g_000;2;1;30;line_consecutive;0.5;1044;1;14;10-16,16-18;1;141980.857706;144174.77235199997;147328.91695699593;145275.34847498636;2193.914645999961;3154.144604995963;1100.5761229863856;eev,integrated,separated,ws;lintim;SiouxFalls;SiouxFalls;True;False;1e-05;12000;1;2;20;50;200;-5;50;0.5;1;50;50;10;10;16;2.7866;1044;1044
14050693;45;g_000;2;1;30;line_consecutive;0.5;1045;1;15;1-2,1-3;12;185691.789266;189728.2102069973;190749.085861996;193234.216832;4036.420940997312;1020.8756549986427;3506.006625002686;eev,integrated,separated,ws;lintim;SiouxFalls;SiouxFalls;True;False;1e-05;12000;1;2;20;50;200;-5;50;0.5;1;50;50;10;10;16;2.7866;1045;1045
14050693;46;g_000;2;1;30;line_consecutive;0.5;1046;1;16;1-3,3-4;4;158280.96887999983;159477.92461992864;159477.9246199959;168923.49794299912;1196.955739928817;6.725895218551159e-08;9445.57332307048;eev,integrated,separated,ws;lintim;SiouxFalls;SiouxFalls;True;False;1e-05;12000;1;2;20;50;200;-5;50;0.5;1;50;50;10;10;16;2.7866;1046;1046
14050693;47;g_000;2;1;30;line_consecutive;0.5;1047;1;17;16-17,17-19;2,13;173561.69143500002;175249.25957998598;177682.4240919959;191016.581369;1687.5681449859694;2433.164512009913;15767.321789014008;eev,integrated,separated,ws;lintim;SiouxFalls;SiouxFalls;True;False;1e-05;12000;1;2;20;50;200;-5;50;0.5;1;50;50;10;10;16;2.7866;1047;1047
14050693;48;g_000;2;1;30;line_consecutive;0.5;1048;1;18;10-15,15-19;9;144590.62698599865;146241.7748159601;146241.77481599592;152095.90594401603;1651.1478299614391;3.5826815292239196e-08;5854.131128055946;eev,integrated,separated,ws;lintim;SiouxFalls;SiouxFalls;True;False;1e-05;12000;1;2;20;50;200;-5;50;0.5;1;50;50;10;10;16;2.7866;1048;1048
14050693;49;g_000;2;1;30;line_consecutive;0.5;1049;1;19;5-6,5-9;9;136605.35836201467;137667.82055200002;138667.6729319959;139233.36971185083;1062.462189985352;999.852379995893;1565.5491598508088;eev,integrated,separated,ws;lintim;SiouxFalls;SiouxFalls;True;False;1e-05;12000;1;2;20;50;200;-5;50;0.5;1;50;50;10;10;16;2.7866;1049;1049
14050693;50;g_000;2;1;30;line_consecutive;0.5;1050;1;20;10-17,17-19;14;173561.69143500002;175249.25957998598;177682.4240919959;191016.581369;1687.5681449859694;2433.164512009913;15767.321789014008;eev,integrated,separated,ws;lintim;SiouxFalls;SiouxFalls;True;False;1e-05;12000;1;2;20;50;200;-5;50;0.5;1;50;50;10;10;16;2.7866;1050;1050
14050693;51;g_000;2;1;30;line_consecutive;0.5;1051;1;21;14-23,23-24;4;158619.486013;161503.06316098213;162273.20935099592;166520.90573899972;2883.577147982141;770.1461900137947;5017.842578017589;eev,integrated,separated,ws;lintim;SiouxFalls;SiouxFalls;True;False;1e-05;12000;1;2;20;50;200;-5;50;0.5;1;50;50;10;10;16;2.7866;1051;1051
14050693;52;g_000;2;1;30;line_consecutive;0.5;1052;1;22;15-19,15-22;13;144275.923048;146074.34491602503;146085.0457839959;146874.03317697236;1798.4218680250342;10.700867970881518;799.688260947325;eev,integrated,separated,ws;lintim;SiouxFalls;SiouxFalls;True;False;1e-05;12000;1;2;20;50;200;-5;50;0.5;1;50;50;10;10;16;2.7866;1052;1052
14050693;53;g_000;2;1;30;line_consecutive;0.5;1053;1;23;18-20,20-22;11;129831.935564;129831.93556395914;129831.93556399592;129831.93555939617;-4.0861777961254126e-08;3.67872416973114e-08;-4.562971298582852e-06;eev,integrated,separated,ws;lintim;SiouxFalls;SiouxFalls;True;False;1e-05;12000;1;2;20;50;200;-5;50;0.5;1;50;50;10;10;16;2.7866;1053;1053
14050693;54;g_000;2;1;30;line_consecutive;0.5;1054;1;24;4-5,5-9;3;136605.35836201467;137667.82055200002;138667.6729319959;139233.36971185083;1062.462189985352;999.852379995893;1565.5491598508088;eev,integrated,separated,ws;lintim;SiouxFalls;SiouxFalls;True;False;1e-05;12000;1;2;20;50;200;-5;50;0.5;1;50;50;10;10;16;2.7866;1054;1054
14050693;55;g_000;2;1;30;line_consecutive;0.5;1055;1;25;10-11,11-12;1,7;155350.899875;158182.9323679978;159235.09449199593;165350.7066889999;2832.032492997794;1052.1621239981323;7167.7743210021;eev,integrated,separated,ws;lintim;SiouxFalls;SiouxFalls;True;False;1e-05;12000;1;2;20;50;200;-5;50;0.5;1;50;50;10;10;16;2.7866;1055;1055
14050693;56;g_000;2;1;30;line_consecutive;0.5;1056;1;26;20-21,21-24;6;138511.84056999223;139920.45398499694;140068.7848110111;140068.78481099138;1408.6134150047146;148.3308260141639;148.3308259944315;eev,integrated,separated,ws;lintim;SiouxFalls;SiouxFalls;True;False;1e-05;12000;1;2;20;50;200;-5;50;0.5;1;50;50;10;10;16;2.7866;1056;1056
14050693;57;g_000;2;1;30;line_consecutive;0.5;1057;1;27;7-8,8-9;3,7;129870.72850399988;129909.5214439999;130831.33203399592;130831.332034;38.79294000001392;921.810589996021;921.81059000011;eev,integrated,separated,ws;lintim;SiouxFalls;SiouxFalls;True;False;1e-05;12000;1;2;20;50;200;-5;50;0.5;1;50;50;10;10;16;2.7866;1057;1057
14050693;58;g_000;2;1;30;line_consecutive;0.5;1058;1;28;3-4,4-5;3;154870.15484499998;157996.96691801614;159688.92369799592;160823.663969;3126.812073016161;1691.9567799797803;2826.697050983843;eev,integrated,separated,ws;lintim;SiouxFalls;SiouxFalls;True;False;1e-05;12000;1;2;20;50;200;-5;50;0.5;1;50;50;10;10;16;2.7866;1058;1058
14050693;59;g_000;2;1;30;line_consecutive;0.5;1059;1;29;3-4,4-11;4;154870.15484499998;157996.96691801614;159688.92369799592;160823.663969;3126.812073016161;1691.9567799797803;2826.697050983843;eev,integrated,separated,ws;lintim;SiouxFalls;SiouxFalls;True;False;1e-05;12000;1;2;20;50;200;-5;50;0.5;1;50;50;10;10;16;2.7866;1059;1059
14050693;60;g_000;1;1;30;line_consecutive;0.5;1060;2;0;16-17;2,13;166855.2447709997;167810.65199099996;170126.33107200003;180041.05421600002;955.4072200002556;2315.6790810000675;12230.402225000056;eev,integrated,separated,ws;lintim;SiouxFalls;SiouxFalls;True;False;1e-05;12000;1;2;20;50;200;-5;50;0.5;2;50;50;10;10;16;2.7866;1060;1060
14050693;61;g_000;1;1;30;line_consecutive;0.5;1061;2;1;6-8;2;170491.9858859998;171509.01084599557;172051.00512800002;182127.880992;1017.0249599957606;541.9942820044525;10618.870146004425;eev,integrated,separated,ws;lintim;SiouxFalls;SiouxFalls;True;False;1e-05;12000;1;2;20;50;200;-5;50;0.5;2;50;50;10;10;16;2.7866;1061;1061
14050693;62;g_000;1;1;30;line_consecutive;0.5;1062;2;2;19-20;2;172570.20841999984;173514.82428200005;173771.662442;185329.69121;944.6158620002096;256.8381599999557;11814.866927999945;eev,integrated,separated,ws;lintim;SiouxFalls;SiouxFalls;True;False;1e-05;12000;1;2;20;50;200;-5;50;0.5;2;50;50;10;10;16;2.7866;1062;1062
14050693;63;g_000;1;1;30;line_consecutive;0.5;1063;2;3;7-8;3,7,11;152389.13012799984;152774.31479499998;153605.923072;153605.92307199998;385.1846670001396;831.6082770000212;831.6082769999921;eev,integrated,separated,ws;lintim;SiouxFalls;SiouxFalls;True;False;1e-05;12000;1;2;20;50;200;-5;50;0.5;2;50;50;10;10;16;2.7866;1063;1063
14050693;64;g_000;1;1;30;line_consecutive;0.5;1064;2;4;21-22;13;151590.72579999984;151590.72579999996;151590.7258;151590.7258;1.1641532182693479e-10;2.9103830456733704e-11;2.9103830456733704e-11;eev,integrated,separated,ws;lintim;SiouxFalls;SiouxFalls;True;False;1e-05;12000;1;2;20;50;200;-5;50;0.5;2;50;50;10;10;16;2.7866;1064;1064
14050693;65;g_000;1;1;30;line_consecutive;0.5;1065;2;5;7-18;3,11;152208.12529598718;152476.543391;152754.923072;152754.9230719998;268.4180950128357;278.37968099999125;278.3796809997875;eev,integrated,separated,ws;lintim;SiouxFalls;SiouxFalls;True;False;1e-05;12000;1;2;20;50;200;-5;50;0.5;2;50;50;10;10;16;2.7866;1065;1065
14050693;66;g_000;1;1;30;line_consecutive;0.5;1066;2;6;11-14;4,8,10;179632.53300197094;181671.646028;182822.567515;190247.580409;2039.113026029052;1150.9214870000142;8575.934381;eev,integrated,separated,ws;lintim;SiouxFalls;SiouxFalls;True;False;1e-05;12000;1;2;20;50;200;-5;50;0.5;2;50;50;10;10;16;2.7866;1066;1066
14050693;67;g_000;1;1;30;line_consecutive;0.5;1067;2;7;5-9;3,9;159200.43717999983;159533.77879899996;160472.48519650003;161606.56828399928;333.34161900012987;938.7063975000638;2072.789484999317;eev,integrated,separated,ws;lintim;SiouxFalls;SiouxFalls;True;False;1e-05;12000;1;2;20;50;200;-5;50;0.5;2;50;50;10;10;16;2.7866;1067;1067
14050693;68;g_000;1;1;30;line_consecutive;0.5;1068;2;8;10-16;1,10;163847.98919299984;165288.16980599996;167375.166043;167353.29474325056;1440.1806130001205;2086.996237000043;2065.124937250599;eev,integrated,separated,ws;lintim;SiouxFalls;SiouxFalls;True;False;1e-05;12000;1;2;20;50;200;-5;50;0.5;2;50;50;10;10;16;2.7866;1068;1068
14050693;69;g_000;1;1;30;line_consecutive;0.5;1069;2;9;4-5;3;152208.12529599984;152476.543391;152754.9230719998;152754.9230719998;268.4180950001755;278.3796809997875;278.3796809997875;eev,integrated,separated,ws;lintim;SiouxFalls;SiouxFalls;True;False;1e-05;12000;1;2;20;50;200;-5;50;0.5;2;50;50;10;10;16;2.7866;1069;1069
14050693;70;g_000;1;1;30;line_consecutive;0.5;1070;2;10;10-11;1,7,10;172001.21179799986;174208.79766099973;177385.970621;181460.9592219997;2207.5858629998693;3177.172960000258;7252.161560999986;eev,integrated,separated,ws;lintim;SiouxFalls;SiouxFalls;True;False;1e-05;12000;1;2;20;50;200;-5;50;0.5;2;50;50;10;10;16;2.7866;1070;1070
14050693;71;g_000;1;1;30;line_consecutive;0.5;1071;2;11;1-3;4,8,12;180563.00823569825;182145.6714979997;184132.058704;189633.116759;1582.663262301474;1986.387206000276;7487.445261000277;eev,integrated,separated,ws;lintim;SiouxFalls;SiouxFalls;True;False;1e-05;12000;1;2;20;50;200;-5;50;0.5;2;50;50;10;10;16;2.7866;1071;1071
14050693;72;g_000;1;1;30;line_consecutive;0.5;1072;2;12;2-6;2;179119.70242899982;181028.060065;182281.548662;191115.437745;1908.3576360001755;1253.4885969999889;10087.377680000003;eev,integrated,separated,ws;lintim;SiouxFalls;SiouxFalls;True;False;1e-05;12000;1;2;20;50;200;-5;50;0.5;2;50;50;10;10;16;2.7866;1072;1072
14050693;73;g_000;1;1;30;line_consecutive;0.5;1073;2;13;11-12;1,7,8;171947.8140259998;175385.14927299996;177202.871476;180671.984293;3437.3352470001555;1817.7222030000407;5286.835020000028;eev,integrated,separated,ws;lintim;SiouxFalls;SiouxFalls;True;False;1e-05;12000;1;2;20;50;200;-5;50;0.5;2;50;50;10;10;16;2.7866;1073;1073
14050693;74;g_000;1;1;30;line_consecutive;0.5;1074;2;14;9-10;7,9;159552.29272299455;160309.3795479978;161344.515444;160425.879548;757.0868250032654;1035.1358960021753;116.5000000021828;eev,integrated,separated,ws;lintim;SiouxFalls;SiouxFalls;True;False;1e-05;12000;1;2;20;50;200;-5;50;0.5;2;50;50;10;10;16;2.7866;1074;1074
14050693;75;g_000;1;1;30;line_consecutive;0.5;1075;2;15;3-4;3,4;175973.13595499983;179528.44937100002;181128.996335;185606.32350500004;3555.3134160001937;1600.5469639999792;6077.874134000012;eev,integrated,separated,ws;lintim;SiouxFalls;SiouxFalls;True;False;1e-05;12000;1;2;20;50;200;-5;50;0.5;2;50;50;10;10;16;2.7866;1075;1075
14050693;76;g_000;1;1;30;line_consecutive;0.5;1076;2;16;10-15;5,9;167021.5158819998;168456.24708799607;168829.58524799877;172861.6307039999;1434.7312059962717;373.3381600026914;4405.383616003819;eev,integrated,separated,ws;lintim;SiouxFalls;SiouxFalls;True;False;1e-05;12000;1;2;20;50;200;-5;50;0.5;2;50;50;10;10;16;2.7866;1076;1076
14050693;77;g_000;1;1;30;line_consecutive;0.5;1077;2;17;16-18;1;162303.06910400343;164227.594365;166941.441133;164227.5943598045;1924.525260996568;2713.8467679999885;-5.195499397814274e-06;eev,integrated,separated,ws;lintim;SiouxFalls;SiouxFalls;True;False;1e-05;12000;1;2;20;50;200;-5;50;0.5;2;50;50;10;10;16;2.7866;1077;1077
14050693;78;g_000;1;1;30;line_consecutive;0.5;1078;2;18;8-9;3,7;152389.13012799982;152774.31479499838;153605.92307200312;153605.92307200312;385.184666998568;831.608277004736;831.608277004736;eev,integrated,separated,ws;lintim;SiouxFalls;SiouxFalls;True;False;1e-05;12000;1;2;20;50;200;-5;50;0.5;2;50;50;10;10;16;2.7866;1078;1078
14050693;79;g_000;1;1;30;line_consecutive;0.5;1079;2;19;8-16;2,10,13;171778.55409699984;173148.8344111428;174539.608255;184622.340376;1370.2803141429613;1390.7738438571978;11473.505964857206;eev,integrated,separated,ws;lintim;SiouxFalls;SiouxFalls;True;False;1e-05;12000;1;2;20;50;200;-5;50;0.5;2;50;50;10;10;16;2.7866;1079;1079
14050693;80;g_000;1;1;30;line_consecutive;0.5;1080;2;20;1-2;12;151590.72579999984;151590.72579999125;151590.7258;151590.7257999999;-8.585629984736443e-09;8.731149137020111e-09;8.64383764564991e-09;eev,integrated,separated,ws;lintim;SiouxFalls;SiouxFalls;True;False;1e-05;12000;1;2;20;50;200;-5;50;0.5;2;50;50;10;10;16;2.7866;1080;1080
14050693;81;g_000;1;1;30;line_consecutive;0.5;1081;2;21;14-15;14;151590.7257999998;151590.7258;151590.7258;151590.7258;1.7462298274040222e-10;0.0;0.0;eev,integrated,separated,ws;lintim;SiouxFalls;SiouxFalls;True;False;1e-05;12000;1;2;20;50;200;-5;50;0.5;2;50;50;10;10;16;2.7866;1081;1081
14050693;82;g_000;1;1;30;line_consecutive;0.5;1082;2;22;23-24;4;165093.5803519998;165982.855339;167406.079394;173143.723504;889.2749870002153;1423.2240549999988;7160.868164999993;eev,integrated,separated,ws;lintim;SiouxFalls;SiouxFalls;True;False;1e-05;12000;1;2;20;50;200;-5;50;0.5;2;50;50;10;10;16;2.7866;1082;1082
14050693;83;g_000;1;1;30;line_consecutive;0.5;1083;2;23;20-22;11;151590.7257999998;151590.7258000003;151590.7258;151590.7258;4.94765117764473e-10;-3.2014213502407074e-10;-3.2014213502407074e-10;eev,integrated,separated,ws;lintim;SiouxFalls;SiouxFalls;True;False;1e-05;12000;1;2;20;50;200;-5;50;0.5;2;50;50;10;10;16;2.7866;1083;1083
14050693;84;g_000;1;1;30;line_consecutive;0.5;1084;2;24;3-12;8,12;151590.72580000246;151590.7258;151590.7258;151590.7258;-2.4738255888223652e-09;0.0;0.0;eev,integrated,separated,ws;lintim;SiouxFalls;SiouxFalls;True;False;1e-05;12000;1;2;20;50;200;-5;50;0.5;2;50;50;10;10;16;2.7866;1084;1084
14050693;85;g_000;1;1;30;line_consecutive;0.5;1085;2;25;15-19;9,13,14;158951.58403899983;159398.49027899996;160363.273123;159511.471129;446.9062400001276;964.7828440000304;112.98085000005084;eev,integrated,separated,ws;lintim;SiouxFalls;SiouxFalls;True;False;1e-05;12000;1;2;20;50;200;-5;50;0.5;2;50;50;10;10;16;2.7866;1085;1085
14050693;86;g_000;1;1;30;line_consecutive;0.5;1086;2;26;5-6;9;158951.58403899983;159398.49027900002;160363.27312300002;159511.471129;446.9062400001858;964.7828440000012;112.98084999999264;eev,integrated,separated,ws;lintim;SiouxFalls;SiouxFalls;True;False;1e-05;12000;1;2;20;50;200;-5;50;0.5;2;50;50;10;10;16;2.7866;1086;1086
14050693;87;g_000;1;1;30;line_consecutive;0.5;1087;2;27;13-24;6;161290.83855499985;162172.10010399873;163399.98473099995;163399.98473099995;881.2615489988821;1227.8846270012143;1227.8846270012143;eev,integrated,separated,ws;lintim;SiouxFalls;SiouxFalls;True;False;1e-05;12000;1;2;20;50;200;-5;50;0.5;2;50;50;10;10;16;2.7866;1087;1087
14050693;88;g_000;1;1;30;line_consecutive;0.5;1088;2;28;18-20;11;151590.72579999984;151590.7258;151590.7258;151590.7258;1.4551915228366852e-10;0.0;0.0;eev,integrated,separated,ws;lintim;SiouxFalls;SiouxFalls;True;False;1e-05;12000;1;2;20;50;200;-5;50;0.5;2;50;50;10;10;16;2.7866;1088;1088
14050693;89;g_000;1;1;30;line_consecutive;0.5;1089;2;29;20-21;6;154947.42539999983;155390.883647;155609.883647;155609.88364699998;443.4582470001769;219.0;218.9999999999709;eev,integrated,separated,ws;lintim;SiouxFalls;SiouxFalls;True;False;1e-05;12000;1;2;20;50;200;-5;50;0.5;2;50;50;10;10;16;2.7866;1089;1089
14050693;90;g_000;2;1;30;line_consecutive;0.5;1090;3;0;20-21,21-24;6;160771.26680399984;161884.25221299997;162219.752213;162219.75221299997;1112.9854090001318;335.5000000000291;335.5;eev,integrated,separated,ws;lintim;SiouxFalls;SiouxFalls;True;False;1e-05;12000;1;2;20;50;200;-5;50;0.5;2;50;50;10;10;16;2.7866;1090;1090
14050693;91;g_000;2;1;30;line_consecutive;0.5;1091;3;1;13-24,21-24;6;161970.49895999982;162780.56351;163874.139118;163874.13911799996;810.0645500001847;1093.5756079999846;1093.5756079999555;eev,integrated,separated,ws;lintim;SiouxFalls;SiouxFalls;True;False;1e-05;12000;1;2;20;50;200;-5;50;0.5;2;50;50;10;10;16;2.7866;1091;1091
14050693;92;g_000;2;1;30;line_consecutive;0.5;1092;3;2;15-19,15-22;13;167354.59248599986;168547.57572699996;168920.913887;168946.213981;1192.9832410000963;373.338160000043;398.6382540000486;eev,integrated,separated,ws;lintim;SiouxFalls;SiouxFalls;True;False;1e-05;12000;1;2;20;50;200;-5;50;0.5;2;50;50;10;10;16;2.7866;1092;1092
14050693;93;g_000;2;1;30;line_consecutive;0.5;1093;3;3;9-10,10-15;9;168395.8983769904;169969.65780400005;170989.995964;175022.04141999997;1573.7594270096452;1020.3381599999556;5052.383615999919;eev,integrated,separated,ws;lintim;SiouxFalls;SiouxFalls;True;False;1e-05;12000;1;2;20;50;200;-5;50;0.5;2;50;50;10;10;16;2.7866;1093;1093
14050693;94;g_000;2;1;30;line_consecutive;0.5;1094;3;4;10-17,17-19;14;198012.62820949985;199666.3280205;202226.321193;218453.49000149983;1653.699811000144;2559.9931725000206;18787.16198099984;eev,integrated,separated,ws;lintim;SiouxFalls;SiouxFalls;True;False;1e-05;12000;1;2;20;50;200;-5;50;0.5;2;50;50;10;10;16;2.7866;1094;1094
14050693;95;g_000;2;1;30;line_consecutive;0.5;1095;3;5;4-11,11-14;4;181826.8586889998;183245.26425300003;183814.679003;192062.337774;1418.4055640002189;569.4147499999672;8817.073520999984;eev,integrated,separated,ws;lintim;SiouxFalls;SiouxFalls;True;False;1e-05;12000;1;2;20;50;200;-5;50;0.5;2;50;50;10;10;16;2.7866;1095;1095
14050693;96;g_000;2;1;30;line_consecutive;0.5;1096;3;6;10-11,11-14;10;205604.96003073093;207046.81486899345;208625.3902772105;225964.65752461704;1441.8548382625158;1578.5754082170606;18917.842655623597;eev,integrated,separated,ws;lintim;SiouxFalls;SiouxFalls;True;False;1e-05;12000;1;2;20;50;200;-5;50;0.5;2;50;50;10;10;16;2.7866;1096;1096
14050693;97;g_000;2;1;30;line_consecutive;0.5;1097;3;7;5-9,8-9;3;160305.49941799985;160893.92408199998;161735.81087600003;164004.25891899827;588.4246640001365;841.8867940000491;3110.334836998285;eev,integrated,separated,ws;lintim;SiouxFalls;SiouxFalls;True;False;1e-05;12000;1;2;20;50;200;-5;50;0.5;2;50;50;10;10;16;2.7866;1097;1097
14050693;98;g_000;2;1;30;line_consecutive;0.5;1098;3;8;15-19,17-19;13,14;203217.32653099985;204765.682875;207430.473919;224990.630739;1548.356344000145;2664.7910440000123;20224.947863999987;eev,integrated,separated,ws;lintim;SiouxFalls;SiouxFalls;True;False;1e-05;12000;1;2;20;50;200;-5;50;0.5;2;50;50;10;10;16;2.7866;1098;1098
14050693;99;g_000;2;1;30;line_consecutive;0.5;1099;3;9;6-8,8-16;2;176471.4677409998;178998.323011;180222.640646;189919.600264;2526.855270000204;1224.317635000014;10921.277253000007;eev,integrated,separated,ws;lintim;SiouxFalls;SiouxFalls;True;False;1e-05;12000;1;2;20;50;200;-5;50;0.5;2;50;50;10;10;16;2.7866;1099;1099
14050693;100;g_000;2;1;30;line_consecutive;0.5;1100;3;10;9-10,10-11;7;181243.52483399984;183375.59356600008;186145.0611209746;192662.14484049976;2132.068732000247;2769.467554974515;9286.55127449968;eev,integrated,separated,ws;lintim;SiouxFalls;SiouxFalls;True;False;1e-05;12000;1;2;20;50;200;-5;50;0.5;2;50;50;10;10;16;2.7866;1100;1100
14050693;101;g_000;2;1;30;line_consecutive;0.5;1101;3;11;11-14,14-23;4,10;195396.29290799983;198105.32120999115;199870.459869;207128.407278;2709.0283019913186;1765.138659008866;9023.086068008852;eev,integrated,separated,ws;lintim;SiouxFalls;SiouxFalls;True;False;1e-05;12000;1;2;20;50;200;-5;50;0.5;2;50;50;10;10;16;2.7866;1101;1101
14050693;102;g_000;2;1;30;line_consecutive;0.5;1102;3;12;10-15,15-19;9;167934.13371499983;169515.003602998;170150.208974;174182.25442999997;1580.869887998182;635.2053710019973;4667.250827001961;eev,integrated,separated,ws;lintim;SiouxFalls;SiouxFalls;True;False;1e-05;12000;1;2;20;50;200;-5;50;0.5;2;50;50;10;10;16;2.7866;1102;1102
14050693;103;g_000;2;1;30;line_consecutive;0.5;1103;3;13;7-8,8-9;3,7;152389.13012799982;152774.31479499998;153605.92307200003;153605.92307199998;385.1846670001687;831.6082770000503;831.6082769999921;eev,integrated,separated,ws;lintim;SiouxFalls;SiouxFalls;True;False;1e-05;12000;1;2;20;50;200;-5;50;0.5;2;50;50;10;10;16;2.7866;1103;1103
14050693;104;g_000;2;1;30;line_consecutive;0.5;1104;3;14;4-5,5-9;3;159422.5982199998;160465.15649599995;160984.859498;161669.20264699927;1042.5582760001416;519.703002000053;1204.0461509993183;eev,integrated,separated,ws;lintim;SiouxFalls;SiouxFalls;True;False;1e-05;12000;1;2;20;50;200;-5;50;0.5;2;50;50;10;10;16;2.7866;1104;1104
14050693;105;g_000;2;1;30;line_consecutive;0.5;1105;3;15;8-16,16-17;2,13;174788.11053299985;176527.3707669449;177995.89484700002;188357.16471;1739.2602339450386;1468.5240800551255;11829.79394305512;eev,integrated,separated,ws;lintim;SiouxFalls;SiouxFalls;True;False;1e-05;12000;1;2;20;50;200;-5;50;0.5;2;50;50;10;10;16;2.7866;1105;1105
14050693;106;g_000;2;1;30;line_consecutive;0.5;1106;3;16;15-22,22-23;5;158769.30481200098;160497.78230000002;160497.78230000002;160497.78230000002;1728.4774879990437;0.0;0.0;eev,integrated,separated,ws;lintim;SiouxFalls;SiouxFalls;True;False;1e-05;12000;1;2;20;50;200;-5;50;0.5;2;50;50;10;10;16;2.7866;1106;1106
14050693;107;g_000;2;1;30;line_consecutive;0.5;1107;3;17;17-19,19-20;2;195457.85821699983;197258.7421925;199923.5332365;216405.34741699984;1800.8839755001827;2664.7910439999832;19146.60522449983;eev,integrated,separated,ws;lintim;SiouxFalls;SiouxFalls;True;False;1e-05;12000;1;2;20;50;200;-5;50;0.5;2;50;50;10;10;16;2.7866;1107;1107
14050693;108;g_000;2;1;30;line_consecutive;0.5;1108;3;18;3-12,12-13;12;151590.72579999984;151590.7258;151590.7258;151590.7258;1.4551915228366852e-10;0.0;0.0;eev,integrated,separated,ws;lintim;SiouxFalls;SiouxFalls;True;False;1e-05;12000;1;2;20;50;200;-5;50;0.5;2;50;50;10;10;16;2.7866;1108;1108
14050693;109;g_000;2;1;30;line_consecutive;0.5;1109;3;19;2-6,6-8;2;183173.3622089998;185454.039485;186880.02697300003;195249.275954;2280.677276000177;1425.9874880000425;9795.236469000023;eev,integrated,separated,ws;lintim;SiouxFalls;SiouxFalls;True;False;1e-05;12000;1;2;20;50;200;-5;50;0.5;2;50;50;10;10;16;2.7866;1109;1109
14050693;110;g_000;2;1;30;line_consecutive;0.5;1110;3;20;18-20,20-22;11;151590.72579999984;151590.7258;151590.7258;151590.7258;1.4551915228366852e-10;0.0;0.0;eev,integrated,separated,ws;lintim;SiouxFalls;SiouxFalls;True;False;1e-05;12000;1;2;20;50;200;-5;50;0.5;2;50;50;10;10;16;2.7866;1110;1110
14050693;111;g_000;2;1;30;line_consecutive;0.5;1111;3;21;8-9,9-10;7;160305.49941799985;160893.92408199998;161735.81087600003;160893.9240819996;588.4246640001365;841.8867940000491;-3.7834979593753815e-10;eev,integrated,separated,ws;lintim;SiouxFalls;SiouxFalls;True;False;1e-05;12000;1;2;20;50;200;-5;50;0.5;2;50;50;10;10;16;2.7866;1111;1111
14050693;112;g_000;2;1;30;line_consecutive;0.5;1112;3;22;10-11,10-16;1,10;176929.3844189993;179144.99831298162;181288.89859400003;187245.3159759997;2215.613893982314;2143.900281018403;8100.317663018068;eev,integrated,separated,ws;lintim;SiouxFalls;SiouxFalls;True;False;1e-05;12000;1;2;20;50;200;-5;50;0.5;2;50;50;10;10;16;2.7866;1112;1112
14050693;113;g_000;2;1;30;line_consecutive;0.5;1113;3;23;7-8,7-18;3,11;152389.13012799982;152774.31479499998;153605.923072;153605.92307199998;385.1846670001687;831.6082770000212;831.6082769999921;eev,integrated,separated,ws;lintim;SiouxFalls;SiouxFalls;True;False;1e-05;12000;1;2;20;50;200;-5;50;0.5;2;50;50;10;10;16;2.7866;1113;1113
14050693;114;g_000;2;1;30;line_consecutive;0.5;1114;3;24;7-18,18-20;11;152208.1252959998;152476.543391;152754.923072;152754.9230719998;268.41809500020463;278.37968099999125;278.3796809997875;eev,integrated,separated,ws;lintim;SiouxFalls;SiouxFalls;True;False;1e-05;12000;1;2;20;50;200;-5;50;0.5;2;50;50;10;10;16;2.7866;1114;1114
14050693;115;g_000;2;1;30;line_consecutive;0.5;1115;3;25;3-12,11-12;8;182894.60453599985;183318.673664;184745.095763;193538.172451;424.06912800014834;1426.4220989999883;10219.49878699999;eev,integrated,separated,ws;lintim;SiouxFalls;SiouxFalls;True;False;1e-05;12000;1;2;20;50;200;-5;50;0.5;2;50;50;10;10;16;2.7866;1115;1115
14050693;116;g_000;2;1;30;line_consecutive;0.5;1116;3;26;3-4,4-5;3;178765.73306099977;182698.64070299992;184137.756707;187698.102198;3932.907642000151;1439.1160040000686;4999.461495000083;eev,integrated,separated,ws;lintim;SiouxFalls;SiouxFalls;True;False;1e-05;12000;1;2;20;50;200;-5;50;0.5;2;50;50;10;10;16;2.7866;1116;1116
14050693;117;g_000;2;1;30;line_consecutive;0.5;1117;3;27;1-3,3-4;4;182729.00914999985;184012.08455095845;185987.285735;197323.221024;1283.0754009585944;1975.2011840415653;13311.136473041552;eev,integrated,separated,ws;lintim;SiouxFalls;SiouxFalls;True;False;1e-05;12000;1;2;20;50;200;-5;50;0.5;2;50;50;10;10;16;2.7866;1117;1117
14050693;118;g_000;2;1;30;line_consecutive;0.5;1118;3;28;10-15,15-22;5;167436.1324659998;168385.51503800007;168758.853198;172790.89865399996;949.3825720002642;373.3381599999266;4405.38361599989;eev,integrated,separated,ws;lintim;SiouxFalls;SiouxFalls;True;False;1e-05;12000;1;2;20;50;200;-5;50;0.5;2;50;50;10;10;16;2.7866;1118;1118
14050693;119;g_000;2;1;30;line_consecutive;0.5;1119;3;29;14-15,15-19;14;158951.58403899983;159398.49027862356;160363.273123;159511.471129;446.9062396237277;964.78284437643;112.98085037645068;eev,integrated,separated,ws;lintim;SiouxFalls;SiouxFalls;True;False;1e-05;12000;1;2;20;50;200;-5;50;0.5;2;50;50;10;10;16;2.7866;1119;1119
14050693;120;g_000;1;1;30;line_consecutive;0.5;1120;4;0;10-11;1,7,10;230749.408343;232175.214817;234822.33497899977;248127.425873;1425.8064740000118;2647.1201619997737;15952.211055999973;eev,integrated,separated,ws;lintim;SiouxFalls;SiouxFalls;True;False;1e-05;12000;1;2;20;50;200;-5;50;0.5;5;50;50;10;10;16;2.7866;1120;1120
14050693;121;g_000;1;1;30;line_consecutive;0.5;1121;4;1;10-16;1,10;220010.4379239992;221837.190804;223887.4479159997;223766.8382269997;1826.7528800008004;2050.257111999701;1929.6474229996968;eev,integrated,separated,ws;lintim;SiouxFalls;SiouxFalls;True;False;1e-05;12000;1;2;20;50;200;-5;50;0.5;5;50;50;10;10;16;2.7866;1121;1121
14050693;122;g_000;1;1;30;line_consecutive;0.5;1122;4;2;9-10;7,9;211671.852626;213217.53972900013;213426.32903499977;213450.56762;1545.6871030001205;208.78930599964224;233.0278909998597;eev,integrated,separated,ws;lintim;SiouxFalls;SiouxFalls;True;False;1e-05;12000;1;2;20;50;200;-5;50;0.5;5;50;50;10;10;16;2.7866;1122;1122
14050693;123;g_000;1;1;30;line_consecutive;0.5;1123;4;3;14-15;14;204498.821616;204498.82161598525;204498.82161599977;204498.8216159998;-1.4755642041563988e-08;1.4522811397910118e-08;1.4551915228366852e-08;eev,integrated,separated,ws;lintim;SiouxFalls;SiouxFalls;True;False;1e-05;12000;1;2;20;50;200;-5;50;0.5;5;50;50;10;10;16;2.7866;1123;1123
14050693;124;g_000;1;1;30;line_consecutive;0.5;1124;4;4;6-8;2;227128.653824;228461.18112699973;228788.56288399972;241499.88553635625;1332.5273029997188;327.38175700002466;13038.70440935652;eev,integrated,separated,ws;lintim;SiouxFalls;SiouxFalls;True;False;1e-05;12000;1;2;20;50;200;-5;50;0.5;5;50;50;10;10;16;2.7866;1124;1124
14050693;125;g_000;1;1;30;line_consecutive;0.5;1125;4;5;7-8;3,7,11;205745.3340479998;206390.851488;206812.85148799972;206812.851488;645.5174400001997;421.9999999997672;422.0;eev,integrated,separated,ws;lintim;SiouxFalls;SiouxFalls;True;False;1e-05;12000;1;2;20;50;200;-5;50;0.5;5;50;50;10;10;16;2.7866;1125;1125
14050693;126;g_000;1;1;30;line_consecutive;0.5;1126;4;6;5-9;3,9;211357.75860999967;212527.104921;213047.65667599972;212527.1049209999;1169.3463110003213;520.5517549997603;-8.731149137020111e-11;eev,integrated,separated,ws;lintim;SiouxFalls;SiouxFalls;True;False;1e-05;12000;1;2;20;50;200;-5;50;0.5;5;50;50;10;10;16;2.7866;1126;1126
14050693;127;g_000;1;1;30;line_consecutive;0.5;1127;4;7;23-24;4;220214.305474;221907.37689;224845.17820599972;229952.992929;1693.0714160000207;2937.8013159997354;8045.616038999986;eev,integrated,separated,ws;lintim;SiouxFalls;SiouxFalls;True;False;1e-05;12000;1;2;20;50;200;-5;50;0.5;5;50;50;10;10;16;2.7866;1127;1127
14050693;128;g_000;1;1;30;line_consecutive;0.5;1128;4;8;8-9;3,7;205745.334048;206390.851488;206812.85148799972;206812.851488;645.517439999996;421.9999999997672;422.0;eev,integrated,separated,ws;lintim;SiouxFalls;SiouxFalls;True;False;1e-05;12000;1;2;20;50;200;-5;50;0.5;5;50;50;10;10;16;2.7866;1128;1128
14050693;129;g_000;1;1;30;line_consecutive;0.5;1129;4;9;19-20;2;226381.333813;227172.5483550001;228053.11712099976;241832.31935535625;791.2145420000888;880.568765999662;14659.771000356151;eev,integrated,separated,ws;lintim;SiouxFalls;SiouxFalls;True;False;1e-05;12000;1;2;20;50;200;-5;50;0.5;5;50;50;10;10;16;2.7866;1129;1129
14050693;130;g_000;1;1;30;line_consecutive;0.5;1130;4;10;13-24;6;216444.3113929981;217695.543076;217974.73626499972;217875.968645;1251.2316830018826;279.1931889997504;180.4255689999845;eev,integrated,separated,ws;lintim;SiouxFalls;SiouxFalls;True;False;1e-05;12000;1;2;20;50;200;-5;50;0.5;5;50;50;10;10;16;2.7866;1130;1130
14050693;131;g_000;1;1;30;line_consecutive;0.5;1131;4;11;16-17;2,13;222254.76236999995;224018.789115;225203.2111619998;236637.405262;1764.0267450000392;1184.4220469997963;12618.616146999992;eev,integrated,separated,ws;lintim;SiouxFalls;SiouxFalls;True;False;1e-05;12000;1;2;20;50;200;-5;50;0.5;5;50;50;10;10;16;2.7866;1131;1131
14050693;132;g_000;1;1;30;line_consecutive;0.5;1132;4;12;7-18;3,11;205690.739864;205963.549577;205963.54957699892;205963.54957699892;272.8097129999951;-1.0477378964424131e-09;-1.0477378964424131e-09;eev,integrated,separated,ws;lintim;SiouxFalls;SiouxFalls;True;False;1e-05;12000;1;2;20;50;200;-5;50;0.5;5;50;50;10;10;16;2.7866;1132;1132
14050693;133;g_000;1;1;30;line_consecutive;0.5;1133;4;13;21-24;6;209436.880695;210116.598441;210250.52459499976;210151.756975;679.7177460000094;133.9261539997533;35.15853399998741;eev,integrated,separated,ws;lintim;SiouxFalls;SiouxFalls;True;False;1e-05;12000;1;2;20;50;200;-5;50;0.5;5;50;50;10;10;16;2.7866;1133;1133
14050693;134;g_000;1;1;30;line_consecutive;0.5;1134;4;14;4-11;4;226123.761376;228519.09547;231256.50994299972;233768.909468;2395.3340939999907;2737.4144729997497;5249.813997999998;eev,integrated,separated,ws;lintim;SiouxFalls;SiouxFalls;True;False;1e-05;12000;1;2;20;50;200;-5;50;0.5;5;50;50;10;10;16;2.7866;1134;1134
14050693;135;g_000;1;1;30;line_consecutive;0.5;1135;4;15;22-23;5;210827.716612001;211956.894788;213705.3419649998;213705.34196500003;1129.1781759989972;1748.4471769997908;1748.4471770000237;eev,integrated,separated,ws;lintim;SiouxFalls;SiouxFalls;True;False;1e-05;12000;1;2;20;50;200;-5;50;0.5;5;50;50;10;10;16;2.7866;1135;1135
14050693;136;g_000;1;1;30;line_consecutive;0.5;1136;4;16;3-12;8,12;205141.636698;205731.94593399987;205731.94593399976;205731.94593399976;590.3092359998845;-1.1641532182693479e-10;-1.1641532182693479e-10;eev,integrated,separated,ws;lintim;SiouxFalls;SiouxFalls;True;False;1e-05;12000;1;2;20;50;200;-5;50;0.5;5;50;50;10;10;16;2.7866;1136;1136
14050693;137;g_000;1;1;30;line_consecutive;0.5;1137;4;17;20-22;11;204498.821616;204498.82161600003;204498.8216159998;204498.821616;2.9103830456733704e-11;-2.3283064365386963e-10;-2.9103830456733704e-11;eev,integrated,separated,ws;lintim;SiouxFalls;SiouxFalls;True;False;1e-05;12000;1;2;20;50;200;-5;50;0.5;5;50;50;10;10;16;2.7866;1137;1137
14050693;138;g_000;1;1;30;line_consecutive;0.5;1138;4;18;11-12;1,7,8;231591.997608;233466.15311599988;235225.98700199972;246045.211784;1874.15550799988;1759.833885999862;12579.058668000129;eev,integrated,separated,ws;lintim;SiouxFalls;SiouxFalls;True;False;1e-05;12000;1;2;20;50;200;-5;50;0.5;5;50;50;10;10;16;2.7866;1138;1138
14050693;139;g_000;1;1;30;line_consecutive;0.5;1139;4;19;3-4;3,4;233598.92425700004;236234.179896;237878.1472339998;245963.53864499816;2635.255638999952;1643.967337999813;9729.358748998173;eev,integrated,separated,ws;lintim;SiouxFalls;SiouxFalls;True;False;1e-05;12000;1;2;20;50;200;-5;50;0.5;5;50;50;10;10;16;2.7866;1139;1139
14050693;140;g_000;1;1;30;line_consecutive;0.5;1140;4;20;14-23;4,10;219108.695408;219936.805191;220699.1587189998;235546.1735895;828.1097829999926;762.3535279998032;15609.368398499995;eev,integrated,separated,ws;lintim;SiouxFalls;SiouxFalls;True;False;1e-05;12000;1;2;20;50;200;-5;50;0.5;5;50;50;10;10;16;2.7866;1140;1140
14050693;141;g_000;1;1;30;line_consecutive;0.5;1141;4;21;20-21;6;208862.565559;208982.556659;209081.32427899976;208982.556659;119.99109999998473;98.76761999976588;0.0;eev,integrated,separated,ws;lintim;SiouxFalls;SiouxFalls;True;False;1e-05;12000;1;2;20;50;200;-5;50;0.5;5;50;50;10;10;16;2.7866;1141;1141
14050693;142;g_000;1;1;30;line_consecutive;0.5;1142;4;22;11-14;4,8,10;236032.771937;238003.93783800004;239338.38742699972;251086.815348;1971.1659010000292;1334.4495889997052;13082.877509999962;eev,integrated,separated,ws;lintim;SiouxFalls;SiouxFalls;True;False;1e-05;12000;1;2;20;50;200;-5;50;0.5;5;50;50;10;10;16;2.7866;1142;1142
14050693;143;g_000;1;1;30;line_consecutive;0.5;1143;4;23;1-3;4,8,12;240547.770724;242911.64495466475;244956.8693369998;252688.718604;2363.8742306647764;2045.2243823350584;9777.073649335243;eev,integrated,separated,ws;lintim;SiouxFalls;SiouxFalls;True;False;1e-05;12000;1;2;20;50;200;-5;50;0.5;5;50;50;10;10;16;2.7866;1143;1143
14050693;144;g_000;1;1;30;line_consecutive;0.5;1144;4;24;15-19;9,13,14;210266.852163;211339.32519095927;212071.73687799976;212071.7368779998;1072.4730279592625;732.4116870404978;732.4116870405269;eev,integrated,separated,ws;lintim;SiouxFalls;SiouxFalls;True;False;1e-05;12000;1;2;20;50;200;-5;50;0.5;5;50;50;10;10;16;2.7866;1144;1144
14050693;145;g_000;1;1;30;line_consecutive;0.5;1145;4;25;17-19;2,13,14;245519.484017;246665.8766155;247823.15011299972;271970.1659435;1146.3925984999803;1157.2734974997584;25304.289328000013;eev,integrated,separated,ws;lintim;SiouxFalls;SiouxFalls;True;False;1e-05;12000;1;2;20;50;200;-5;50;0.5;5;50;50;10;10;16;2.7866;1145;1145
14050693;146;g_000;1;1;30;line_consecutive;0.5;1146;4;26;10-17;14;204498.821616;204498.821616;204498.82161599977;204498.8216159998;0.0;-2.3283064365386963e-10;-2.0372681319713595e-10;eev,integrated,separated,ws;lintim;SiouxFalls;SiouxFalls;True;False;1e-05;12000;1;2;20;50;200;-5;50;0.5;5;50;50;10;10;16;2.7866;1146;1146
14050693;147;g_000;1;1;30;line_consecutive;0.5;1147;4;27;21-22;13;204498.821616;204498.821616;204498.82161599977;204498.821616;0.0;-2.3283064365386963e-10;0.0;eev,integrated,separated,ws;lintim;SiouxFalls;SiouxFalls;True;False;1e-05;12000;1;2;20;50;200;-5;50;0.5;5;50;50;10;10;16;2.7866;1147;1147
14050693;148;g_000;1;1;30;line_consecutive;0.5;1148;4;28;2-6;2;237765.764665;239290.474141;240360.11588499977;250392.80031035625;1524.7094760000182;1069.6417439997604;11102.326169356238;eev,integrated,separated,ws;lintim;SiouxFalls;SiouxFalls;True;False;1e-05;12000;1;2;20;50;200;-5;50;0.5;5;50;50;10;10;16;2.7866;1148;1148
14050693;149;g_000;1;1;30;line_consecutive;0.5;1149;4;29;4-5;3;205690.739864;205963.5495770004;205963.5495769998;205963.5495769998;272.8097130004025;-6.111804395914078e-10;-6.111804395914078e-10;eev,integrated,separated,ws;lintim;SiouxFalls;SiouxFalls;True;False;1e-05;12000;1;2;20;50;200;-5;50;0.5;5;50;50;10;10;16;2.7866;1149;1149
14050693;150;g_000;2;1;30;line_consecutive;0.5;1150;5;0;1-2,1-3;12;263428.177341;266385.6702009997;269652.58711499977;278141.341406;2957.4928599997074;3266.9169140000595;11755.671205000312;eev,integrated,separated,ws;lintim;SiouxFalls;SiouxFalls;True;False;1e-05;12000;1;2;20;50;200;-5;50;0.5;5;50;50;10;10;16;2.7866;1150;1150
14050693;151;g_000;2;1;30;line_consecutive;0.5;1151;5;1;4-11,11-14;4;237647.00485000003;238930.852985;239763.6387339998;252130.550476;1283.8481349999784;832.7857489997987;13199.697491;eev,integrated,separated,ws;lintim;SiouxFalls;SiouxFalls;True;False;1e-05;12000;1;2;20;50;200;-5;50;0.5;5;50;50;10;10;16;2.7866;1151;1151
14050693;152;g_000;2;1;30;line_consecutive;0.5;1152;5;2;9-10,10-15;9;222230.407131;223710.713463;224319.7074059998;230361.492951;1480.3063319999492;608.993942999834;6650.779488000029;eev,integrated,separated,ws;lintim;SiouxFalls;SiouxFalls;True;False;1e-05;12000;1;2;20;50;200;-5;50;0.5;5;50;50;10;10;16;2.7866;1152;1152
14050693;153;g_000;2;1;30;line_consecutive;0.5;1153;5;3;3-4,4-5;3;235497.56310100004;237666.42409300004;239261.2294249998;248731.39968899812;2168.8609920000017;1594.8053319997562;11064.975595998112;eev,integrated,separated,ws;lintim;SiouxFalls;SiouxFalls;True;False;1e-05;12000;1;2;20;50;200;-5;50;0.5;5;50;50;10;10;16;2.7866;1153;1153
14050693;154;g_000;2;1;30;line_consecutive;0.5;1154;5;4;8-16,10-16;10;236404.55929;237366.58995;239531.8179919998;256659.9550879252;962.0306599999894;2165.2280419997987;19293.365137925168;eev,integrated,separated,ws;lintim;SiouxFalls;SiouxFalls;True;False;1e-05;12000;1;2;20;50;200;-5;50;0.5;5;50;50;10;10;16;2.7866;1154;1154
14050693;155;g_000;2;1;30;line_consecutive;0.5;1155;5;5;10-11,10-16;1,10;236962.249227;238612.81223688668;240335.6355939998;255217.304675;1650.5630098866825;1722.8233571131132;16604.492438113288;eev,integrated,separated,ws;lintim;SiouxFalls;SiouxFalls;True;False;1e-05;12000;1;2;20;50;200;-5;50;0.5;5;50;50;10;10;16;2.7866;1155;1155
14050693;156;g_000;2;1;30;line_consecutive;0.5;1156;5;6;14-23,23-24;4;237242.885378;239461.924305;242619.15562499972;253052.661448;2219.038926999987;3157.231319999759;13590.737143000006;eev,integrated,separated,ws;lintim;SiouxFalls;SiouxFalls;True;False;1e-05;12000;1;2;20;50;200;-5;50;0.5;5;50;50;10;10;16;2.7866;1156;1156
14050693;157;g_000;2;1;30;line_consecutive;0.5;1157;5;7;10-11,11-14;10;267681.27724842273;265412.757892;267188.76294899976;294289.40200799995;-2268.5193564227084;1776.0050569997402;28876.644115999923;eev,integrated,separated,ws;lintim;SiouxFalls;SiouxFalls;True;False;1e-05;12000;1;2;20;50;200;-5;50;0.5;5;50;50;10;10;16;2.7866;1157;1157
14050693;158;g_000;2;1;30;line_consecutive;0.5;1158;5;8;10-11,11-12;1,7;241584.582882;243443.9919619999;245786.8933009998;259910.388607;1859.4090799999249;2342.9013389998872;16466.39664500006;eev,integrated,separated,ws;lintim;SiouxFalls;SiouxFalls;True;False;1e-05;12000;1;2;20;50;200;-5;50;0.5;5;50;50;10;10;16;2.7866;1158;1158
14050693;159;g_000;2;1;30;line_consecutive;0.5;1159;5;9;4-5,5-9;3;211809.567844;212985.7938539996;213406.28908499976;212985.793854;1176.2260099996056;420.4952310001536;3.4924596548080444e-10;eev,integrated,separated,ws;lintim;SiouxFalls;SiouxFalls;True;False;1e-05;12000;1;2;20;50;200;-5;50;0.5;5;50;50;10;10;16;2.7866;1159;1159
14050693;160;g_000;2;1;30;line_consecutive;0.5;1160;5;10;11-14,14-23;4,10;251830.56928;254518.07488999987;257211.1066719998;266857.607865;2687.5056099998765;2693.031781999918;12339.532975000157;eev,integrated,separated,ws;lintim;SiouxFalls;SiouxFalls;True;False;1e-05;12000;1;2;20;50;200;-5;50;0.5;5;50;50;10;10;16;2.7866;1160;1160
14050693;161;g_000;2;1;30;line_consecutive;0.5;1161;5;11;8-9,9-10;7;213153.16801;214441.3862779999;214725.65979099972;214483.175584;1288.2182679999096;284.2735129998473;41.7893060001079;eev,integrated,separated,ws;lintim;SiouxFalls;SiouxFalls;True;False;1e-05;12000;1;2;20;50;200;-5;50;0.5;5;50;50;10;10;16;2.7866;1161;1161
14050693;162;g_000;2;1;30;line_consecutive;0.5;1162;5;12;6-8,8-16;2;234103.952208;234940.0656799995;236662.77794399977;248704.318813;836.1134719995025;1722.7122640002635;13764.253133000486;eev,integrated,separated,ws;lintim;SiouxFalls;SiouxFalls;True;False;1e-05;12000;1;2;20;50;200;-5;50;0.5;5;50;50;10;10;16;2.7866;1162;1162
14050693;163;g_000;2;1;30;line_consecutive;0.5;1163;5;13;20-21,21-24;6;215256.38238499983;215971.25866499988;216070.0262849998;215971.258665;714.876280000055;98.7676199999114;1.1641532182693479e-10;eev,integrated,separated,ws;lintim;SiouxFalls;SiouxFalls;True;False;1e-05;12000;1;2;20;50;200;-5;50;0.5;5;50;50;10;10;16;2.7866;1163;1163
14050693;164;g_000;2;1;30;line_consecutive;0.5;1164;5;14;8-16,16-17;2,13;229268.57595800003;230922.5075950001;231775.3372429998;245352.27457799995;1653.9316370000597;852.8296479997225;14429.766982999863;eev,integrated,separated,ws;lintim;SiouxFalls;SiouxFalls;True;False;1e-05;12000;1;2;20;50;200;-5;50;0.5;5;50;50;10;10;16;2.7866;1164;1164
14050693;165;g_000;2;1;30;line_consecutive;0.5;1165;5;15;15-22,21-22;13;211816.41212993616;213123.42115800007;214559.8022139998;214559.8022139998;1307.0090280639124;1436.381055999722;1436.381055999722;eev,integrated,separated,ws;lintim;SiouxFalls;SiouxFalls;True;False;1e-05;12000;1;2;20;50;200;-5;50;0.5;5;50;50;10;10;16;2.7866;1165;1165
14050693;166;g_000;2;1;30;line_consecutive;0.5;1166;5;16;7-18,18-20;11;205690.73986412416;205963.549577;205963.5495769998;205963.5495769998;272.80971287583816;-2.0372681319713595e-10;-2.0372681319713595e-10;eev,integrated,separated,ws;lintim;SiouxFalls;SiouxFalls;True;False;1e-05;12000;1;2;20;50;200;-5;50;0.5;5;50;50;10;10;16;2.7866;1166;1166
14050693;167;g_000;2;1;30;line_consecutive;0.5;1167;5;17;5-9,9-10;9;213153.16801;214441.3862779999;214725.65979099972;214683.870485;1288.2182679999096;284.2735129998473;242.48420700008865;eev,integrated,separated,ws;lintim;SiouxFalls;SiouxFalls;True;False;1e-05;12000;1;2;20;50;200;-5;50;0.5;5;50;50;10;10;16;2.7866;1167;1167
14050693;168;g_000;2;1;30;line_consecutive;0.5;1168;5;18;1-3,3-12;8,12;240367.902316;242911.644955;244956.86933699972;252688.718604;2543.742639000004;2045.224381999753;9777.073648999998;eev,integrated,separated,ws;lintim;SiouxFalls;SiouxFalls;True;False;1e-05;12000;1;2;20;50;200;-5;50;0.5;5;50;50;10;10;16;2.7866;1168;1168
14050693;169;g_000;2;1;30;line_consecutive;0.5;1169;5;19;5-6,5-9;9;211809.567844;212985.7938539996;213406.28908499976;212985.793854;1176.2260099996056;420.4952310001536;3.4924596548080444e-10;eev,integrated,separated,ws;lintim;SiouxFalls;SiouxFalls;True;False;1e-05;12000;1;2;20;50;200;-5;50;0.5;5;50;50;10;10;16;2.7866;1169;1169
14050693;170;g_000;2;1;30;line_consecutive;0.5;1170;5;20;15-19,17-19;13,14;257160.985145;259239.30782999995;260951.61244849977;284141.5950125;2078.3226849999337;1712.3046184998238;24902.287182500066;eev,integrated,separated,ws;lintim;SiouxFalls;SiouxFalls;True;False;1e-05;12000;1;2;20;50;200;-5;50;0.5;5;50;50;10;10;16;2.7866;1170;1170
14050693;171;g_000;2;1;30;line_consecutive;0.5;1171;5;21;3-12,11-12;8;241490.740466;242404.029257;242404.02925699973;259168.890102;913.288790999999;-2.3283064365386963e-10;16764.860845000017;eev,integrated,separated,ws;lintim;SiouxFalls;SiouxFalls;True;False;1e-05;12000;1;2;20;50;200;-5;50;0.5;5;50;50;10;10;16;2.7866;1171;1171
14050693;172;g_000;2;1;30;line_consecutive;0.5;1172;5;22;3-12,12-13;12;205141.63669799955;205731.945934;205731.94593399976;205731.94593399976;590.3092360004375;-2.3283064365386963e-10;-2.3283064365386963e-10;eev,integrated,separated,ws;lintim;SiouxFalls;SiouxFalls;True;False;1e-05;12000;1;2;20;50;200;-5;50;0.5;5;50;50;10;10;16;2.7866;1172;1172
14050693;173;g_000;2;1;30;line_consecutive;0.5;1173;5;23;7-8,7-18;3,11;205745.334048;206390.851488;206812.85148799972;206812.851488;645.517439999996;421.9999999997672;422.0;eev,integrated,separated,ws;lintim;SiouxFalls;SiouxFalls;True;False;1e-05;12000;1;2;20;50;200;-5;50;0.5;5;50;50;10;10;16;2.7866;1173;1173
14050693;174;g_000;2;1;30;line_consecutive;0.5;1174;5;24;13-24,21-24;6;217364.311393;218460.96864439576;218559.7362650004;218460.968645;1096.6572513957508;98.7676206046308;6.042246241122484e-07;eev,integrated,separated,ws;lintim;SiouxFalls;SiouxFalls;True;False;1e-05;12000;1;2;20;50;200;-5;50;0.5;5;50;50;10;10;16;2.7866;1174;1174
14050693;175;g_000;2;1;30;line_consecutive;0.5;1175;5;25;10-17,17-19;14;253237.925496;255478.9318525;257442.79206599976;279316.932487;2241.006356500002;1963.860213499749;23838.0006345;eev,integrated,separated,ws;lintim;SiouxFalls;SiouxFalls;True;False;1e-05;12000;1;2;20;50;200;-5;50;0.5;5;50;50;10;10;16;2.7866;1175;1175
14050693;176;g_000;2;1;30;line_consecutive;0.5;1176;5;26;18-20,20-22;11;204498.82161600003;204498.821616;204498.82161599747;204498.82161599764;-2.9103830456733704e-11;-2.532033249735832e-09;-2.35741026699543e-09;eev,integrated,separated,ws;lintim;SiouxFalls;SiouxFalls;True;False;1e-05;12000;1;2;20;50;200;-5;50;0.5;5;50;50;10;10;16;2.7866;1176;1176
14050693;177;g_000;2;1;30;line_consecutive;0.5;1177;5;27;17-19,19-20;2;251376.746591;253689.2708665;255506.7176339998;277835.090555;2312.524275500007;1817.4467674997868;24145.819688499992;eev,integrated,separated,ws;lintim;SiouxFalls;SiouxFalls;True;False;1e-05;12000;1;2;20;50;200;-5;50;0.5;5;50;50;10;10;16;2.7866;1177;1177
14050693;178;g_000;2;1;30;line_consecutive;0.5;1178;5;28;11-12,11-14;8;255052.1212397102;254897.218895;256094.32949299965;282934.5484789999;-154.90234471019355;1197.11059799965;28037.329583999875;eev,integrated,separated,ws;lintim;SiouxFalls;SiouxFalls;True;False;1e-05;12000;1;2;20;50;200;-5;50;0.5;5;50;50;10;10;16;2.7866;1178;1178
14050693;179;g_000;2;1;30;line_consecutive;0.5;1179;5;29;10-15,15-19;9;222215.75937597576;223580.8090800268;224439.88381699045;229631.8559999999;1365.049704051053;859.0747369636374;6051.0469199731015;eev,integrated,separated,ws;lintim;SiouxFalls;SiouxFalls;True;False;1e-05;12000;1;2;20;50;200;-5;50;0.5;5;50;50;10;10;16;2.7866;1179;1179
14050693;180;g_000;1;1;30;line_consecutive;0.5;1180;6;0;9-10;7,9;137098.2833309668;138504.25507999994;139238.89820199594;138504.2550799996;1405.9717490331386;734.6431219959923;-3.4924596548080444e-10;eev,integrated,separated,ws;lintim;SiouxFalls;SiouxFalls;True;False;1e-05;12000;1;2;20;50;200;-5;50;0.75;1;50;50;10;10;16;2.7866;1180;1180
14050693;181;g_000;1;1;30;line_consecutive;0.5;1181;6;1;4-5;3;129870.72850399962;129909.521443928;130831.33203399592;130831.3320339484;38.79293992837484;921.810590067922;921.81059002041;eev,integrated,separated,ws;lintim;SiouxFalls;SiouxFalls;True;False;1e-05;12000;1;2;20;50;200;-5;50;0.75;1;50;50;10;10;16;2.7866;1181;1181
14050693;182;g_000;1;1;30;line_consecutive;0.5;1182;6;2;5-9;3,9;136605.358362;137497.37273187452;138437.25554999593;139233.36971185086;892.0143698745233;939.8828181214049;1735.9969799763348;eev,integrated,separated,ws;lintim;SiouxFalls;SiouxFalls;True;False;1e-05;12000;1;2;20;50;200;-5;50;0.75;1;50;50;10;10;16;2.7866;1182;1182
14050693;183;g_000;1;1;30;line_consecutive;0.5;1183;6;3;7-18;3,11;129870.72850392824;129909.52144393706;130831.33203399592;130831.33203226051;38.79294000881782;921.8105900588562;921.810588323453;eev,integrated,separated,ws;lintim;SiouxFalls;SiouxFalls;True;False;1e-05;12000;1;2;20;50;200;-5;50;0.75;1;50;50;10;10;16;2.7866;1183;1183
14050693;184;g_000;1;1;30;line_consecutive;0.5;1184;6;4;11-12;1,7,8;146209.344742;149796.198082;150938.7205829959;153377.31412499998;3586.853340000001;1142.522500995925;3581.1160429999877;eev,integrated,separated,ws;lintim;SiouxFalls;SiouxFalls;True;False;1e-05;12000;1;2;20;50;200;-5;50;0.75;1;50;50;10;10;16;2.7866;1184;1184
14050693;185;g_000;1;1;30;line_consecutive;0.5;1185;6;5;7-8;3,7,11;129870.72850388382;129909.52144390532;130831.33203399592;130831.332034;38.79294002150709;921.810590090594;921.810590094683;eev,integrated,separated,ws;lintim;SiouxFalls;SiouxFalls;True;False;1e-05;12000;1;2;20;50;200;-5;50;0.75;1;50;50;10;10;16;2.7866;1185;1185
14050693;186;g_000;1;1;30;line_consecutive;0.5;1186;6;6;14-23;4,10;142004.368075;143006.6434728743;143451.30202799593;151912.6122239997;1002.2753978742984;444.6585551216267;8905.968751125387;eev,integrated,separated,ws;lintim;SiouxFalls;SiouxFalls;True;False;1e-05;12000;1;2;20;50;200;-5;50;0.75;1;50;50;10;10;16;2.7866;1186;1186
14050693;187;g_000;1;1;30;line_consecutive;0.5;1187;6;7;1-2;12;129831.93556399978;129831.93556399526;129831.93556399592;129831.93556400025;-4.525645636022091e-09;6.693881005048752e-10;4.99130692332983e-09;eev,integrated,separated,ws;lintim;SiouxFalls;SiouxFalls;True;False;1e-05;12000;1;2;20;50;200;-5;50;0.75;1;50;50;10;10;16;2.7866;1187;1187
14050693;188;g_000;1;1;30;line_consecutive;0.5;1188;6;8;8-9;3,7;129870.72850390036;129909.52144374668;130831.33203399592;130831.33203399998;38.792939846316585;921.8105902492388;921.8105902532988;eev,integrated,separated,ws;lintim;SiouxFalls;SiouxFalls;True;False;1e-05;12000;1;2;20;50;200;-5;50;0.75;1;50;50;10;10;16;2.7866;1188;1188
14050693;189;g_000;1;1;30;line_consecutive;0.5;1189;6;9;3-4;3,4;151247.52887799998;154655.99961099992;155845.17699399593;158245.29631;3408.4707329999364;1189.1773829960148;3589.296699000086;eev,integrated,separated,ws;lintim;SiouxFalls;SiouxFalls;True;False;1e-05;12000;1;2;20;50;200;-5;50;0.75;1;50;50;10;10;16;2.7866;1189;1189
14050693;190;g_000;1;1;30;line_consecutive;0.5;1190;6;10;19-20;2;149002.835472996;150717.92492;150887.59046299593;157900.433728;1715.089447003993;169.66554299593554;7182.508808000013;eev,integrated,separated,ws;lintim;SiouxFalls;SiouxFalls;True;False;1e-05;12000;1;2;20;50;200;-5;50;0.75;1;50;50;10;10;16;2.7866;1190;1190
14050693;191;g_000;1;1;30;line_consecutive;0.5;1191;6;11;21-24;6;133630.884564;133987.4894149538;133987.48941499591;133987.4894149762;356.6048509537941;4.2113242670893676e-08;2.2409949451684952e-08;eev,integrated,separated,ws;lintim;SiouxFalls;SiouxFalls;True;False;1e-05;12000;1;2;20;50;200;-5;50;0.75;1;50;50;10;10;16;2.7866;1191;1191
14050693;192;g_000;1;1;30;line_consecutive;0.5;1192;6;12;15-22;5,13;135421.3030439994;136297.3770919998;136297.3770919959;136297.3770919491;876.074048000417;-3.899913281202316e-09;-5.069887265563011e-08;eev,integrated,separated,ws;lintim;SiouxFalls;SiouxFalls;True;False;1e-05;12000;1;2;20;50;200;-5;50;0.75;1;50;50;10;10;16;2.7866;1192;1192
14050693;193;g_000;1;1;30;line_consecutive;0.5;1193;6;13;1-3;4,8,12;155882.1482759998;157119.67460293122;157119.67460299592;162366.262115;1237.526326931431;6.469781510531902e-08;5246.587512068771;eev,integrated,separated,ws;lintim;SiouxFalls;SiouxFalls;True;False;1e-05;12000;1;2;20;50;200;-5;50;0.75;1;50;50;10;10;16;2.7866;1193;1193
14050693;194;g_000;1;1;30;line_consecutive;0.5;1194;6;14;20-22;11;129831.93556399998;129831.93556398952;129831.93556399592;129831.93555939617;-1.0462827049195766e-08;6.402842700481415e-09;-4.593355697579682e-06;eev,integrated,separated,ws;lintim;SiouxFalls;SiouxFalls;True;False;1e-05;12000;1;2;20;50;200;-5;50;0.75;1;50;50;10;10;16;2.7866;1194;1194
14050693;195;g_000;1;1;30;line_consecutive;0.5;1195;6;15;15-19;9,13,14;136932.78457;138114.12764395625;138742.10039599592;138114.1276439999;1181.343073956261;627.97275203967;4.365574568510056e-08;eev,integrated,separated,ws;lintim;SiouxFalls;SiouxFalls;True;False;1e-05;12000;1;2;20;50;200;-5;50;0.75;1;50;50;10;10;16;2.7866;1195;1195
14050693;196;g_000;1;1;30;line_consecutive;0.5;1196;6;16;13-24;6;138113.913123;138746.42365700004;138746.42365699593;138746.4236569762;632.51053400003;-4.103640094399452e-09;-2.3836037144064903e-08;eev,integrated,separated,ws;lintim;SiouxFalls;SiouxFalls;True;False;1e-05;12000;1;2;20;50;200;-5;50;0.75;1;50;50;10;10;16;2.7866;1196;1196
14050693;197;g_000;1;1;30;line_consecutive;0.5;1197;6;17;18-20;11;129831.93556399978;129831.93556398348;129831.93556399592;129831.93555939617;-1.6298145055770874e-08;1.2441887520253658e-08;-4.58731665275991e-06;eev,integrated,separated,ws;lintim;SiouxFalls;SiouxFalls;True;False;1e-05;12000;1;2;20;50;200;-5;50;0.75;1;50;50;10;10;16;2.7866;1197;1197
14050693;198;g_000;1;1;30;line_consecutive;0.5;1198;6;18;21-22;13;129831.935564;129831.93556399966;129831.93556399592;129831.93556399998;-3.346940502524376e-10;-3.739842213690281e-09;3.2014213502407074e-10;eev,integrated,separated,ws;lintim;SiouxFalls;SiouxFalls;True;False;1e-05;12000;1;2;20;50;200;-5;50;0.75;1;50;50;10;10;16;2.7866;1198;1198
14050693;199;g_000;1;1;30;line_consecutive;0.5;1199;6;19;11-14;4,8,10;155515.21236599996;157489.89876199828;158066.41382099592;163834.91477600002;1974.6863959983168;576.5150589976402;6345.01601400174;eev,integrated,separated,ws;lintim;SiouxFalls;SiouxFalls;True;False;1e-05;12000;1;2;20;50;200;-5;50;0.75;1;50;50;10;10;16;2.7866;1199;1199
14050693;200;g_000;1;1;30;line_consecutive;0.5;1200;6;20;4-11;4;144765.6023;147588.01331999846;148218.8695169959;151453.61820400006;2822.411019998457;630.8561969974544;3865.604884001601;eev,integrated,separated,ws;lintim;SiouxFalls;SiouxFalls;True;False;1e-05;12000;1;2;20;50;200;-5;50;0.75;1;50;50;10;10;16;2.7866;1200;1200
14050693;201;g_000;1;1;30;line_consecutive;0.5;1201;6;21;10-15;5,9;143582.084719;145555.48941398333;145566.19028199592;150479.82698498154;1973.404694983328;10.700868012587309;4924.337570998207;eev,integrated,separated,ws;lintim;SiouxFalls;SiouxFalls;True;False;1e-05;12000;1;2;20;50;200;-5;50;0.75;1;50;50;10;10;16;2.7866;1201;1201
14050693;202;g_000;1;1;30;line_consecutive;0.5;1202;6;22;16-18;1;137875.7555;140066.58742199998;143388.4628889959;140920.91272299865;2190.831921999983;3321.8754669959308;854.3253009986656;eev,integrated,separated,ws;lintim;SiouxFalls;SiouxFalls;True;False;1e-05;12000;1;2;20;50;200;-5;50;0.75;1;50;50;10;10;16;2.7866;1202;1202
14050693;203;g_000;1;1;30;line_consecutive;0.5;1203;6;23;10-17;14;129908.563194;129985.1908240097;130639.56375500264;130639.56375477675;76.62763000969426;654.3729309929477;654.3729307670583;eev,integrated,separated,ws;lintim;SiouxFalls;SiouxFalls;True;False;1e-05;12000;1;2;20;50;200;-5;50;0.75;1;50;50;10;10;16;2.7866;1203;1203
14050693;204;g_000;1;1;30;line_consecutive;0.5;1204;6;24;14-15;14;129908.563194;129985.1908241749;130639.56375500094;130639.5637547751;76.62763017490215;654.3729308260372;654.3729306001915;eev,integrated,separated,ws;lintim;SiouxFalls;SiouxFalls;True;False;1e-05;12000;1;2;20;50;200;-5;50;0.75;1;50;50;10;10;16;2.7866;1204;1204
14050693;205;g_000;1;1;30;line_consecutive;0.5;1205;6;25;23-24;4;141579.797066;142483.84860499564;142503.00156499594;147473.0212710001;904.0515389956416;19.152960000297757;4989.172666004452;eev,integrated,separated,ws;lintim;SiouxFalls;SiouxFalls;True;False;1e-05;12000;1;2;20;50;200;-5;50;0.75;1;50;50;10;10;16;2.7866;1205;1205
14050693;206;g_000;1;1;30;line_consecutive;0.5;1206;6;26;12-13;12;129831.93556399988;129831.93556396091;129831.93556399592;129831.93556400025;-3.8970028981566436e-08;3.5011908039450645e-08;3.93338268622756e-08;eev,integrated,separated,ws;lintim;SiouxFalls;SiouxFalls;True;False;1e-05;12000;1;2;20;50;200;-5;50;0.75;1;50;50;10;10;16;2.7866;1206;1206
14050693;207;g_000;1;1;30;line_consecutive;0.5;1207;6;27;17-19;2,13,14;165451.94139;168196.79065697483;168196.79065699593;184410.479941;2744.849266974837;2.1100277081131932e-08;16213.689284025168;eev,integrated,separated,ws;lintim;SiouxFalls;SiouxFalls;True;False;1e-05;12000;1;2;20;50;200;-5;50;0.75;1;50;50;10;10;16;2.7866;1207;1207
14050693;208;g_000;1;1;30;line_consecutive;0.5;1208;6;28;20-21;6;133334.6823889999;133657.53556397185;133657.53555009904;133657.53555007934;322.85317497194046;-1.3872806448489428e-05;-1.3892509741708636e-05;eev,integrated,separated,ws;lintim;SiouxFalls;SiouxFalls;True;False;1e-05;12000;1;2;20;50;200;-5;50;0.75;1;50;50;10;10;16;2.7866;1208;1208
14050693;209;g_000;1;1;30;line_consecutive;0.5;1209;6;29;2-6;2;153571.64859100003;155805.29968196442;156297.20325099592;162980.51725799998;2233.651090964384;491.9035690315068;7175.21757603556;eev,integrated,separated,ws;lintim;SiouxFalls;SiouxFalls;True;False;1e-05;12000;1;2;20;50;200;-5;50;0.75;1;50;50;10;10;16;2.7866;1209;1209
14050693;210;g_000;2;1;30;line_consecutive;0.5;1210;7;0;13-24,21-24;6;138808.319975;139466.4236569956;139466.4236569959;139466.4236569762;658.1036819956207;2.9103830456733704e-10;-1.941225491464138e-08;eev,integrated,separated,ws;lintim;SiouxFalls;SiouxFalls;True;False;1e-05;12000;1;2;20;50;200;-5;50;0.75;1;50;50;10;10;16;2.7866;1210;1210
14050693;211;g_000;2;1;30;line_consecutive;0.5;1211;7;1;8-16,10-16;10;152658.64340399997;153496.56734299933;155941.6214819959;164781.788811;837.92393899936;2445.05413899658;11285.221468000673;eev,integrated,separated,ws;lintim;SiouxFalls;SiouxFalls;True;False;1e-05;12000;1;2;20;50;200;-5;50;0.75;1;50;50;10;10;16;2.7866;1211;1211
14050693;212;g_000;2;1;30;line_consecutive;0.5;1212;7;2;10-11,11-12;1,7;155350.899875;158182.9323679978;159235.09449199593;165350.7066889999;2832.032492997794;1052.1621239981323;7167.7743210021;eev,integrated,separated,ws;lintim;SiouxFalls;SiouxFalls;True;False;1e-05;12000;1;2;20;50;200;-5;50;0.75;1;50;50;10;10;16;2.7866;1212;1212
14050693;213;g_000;2;1;30;line_consecutive;0.5;1213;7;3;10-15,15-19;9;144590.62698599865;146241.7748159601;146241.77481599592;152095.90594401603;1651.1478299614391;3.5826815292239196e-08;5854.131128055946;eev,integrated,separated,ws;lintim;SiouxFalls;SiouxFalls;True;False;1e-05;12000;1;2;20;50;200;-5;50;0.75;1;50;50;10;10;16;2.7866;1213;1213
14050693;214;g_000;2;1;30;line_consecutive;0.5;1214;7;4;3-4,4-5;3;154870.15484499998;157996.96691801614;159688.92369799592;160823.663969;3126.812073016161;1691.9567799797803;2826.697050983843;eev,integrated,separated,ws;lintim;SiouxFalls;SiouxFalls;True;False;1e-05;12000;1;2;20;50;200;-5;50;0.75;1;50;50;10;10;16;2.7866;1214;1214
14050693;215;g_000;2;1;30;line_consecutive;0.5;1215;7;5;14-15,15-19;14;136932.78457;138114.12764401408;138742.10039599592;138114.1276439999;1181.3430740140902;627.9727519818407;-1.4173565432429314e-08;eev,integrated,separated,ws;lintim;SiouxFalls;SiouxFalls;True;False;1e-05;12000;1;2;20;50;200;-5;50;0.75;1;50;50;10;10;16;2.7866;1215;1215
14050693;216;g_000;2;1;30;line_consecutive;0.5;1216;7;6;8-9,9-10;7;137604.6261180941;138164.404512;138642.40451199593;139639.48106731207;559.7783939059009;477.9999999959255;1475.0765553120582;eev,integrated,separated,ws;lintim;SiouxFalls;SiouxFalls;True;False;1e-05;12000;1;2;20;50;200;-5;50;0.75;1;50;50;10;10;16;2.7866;1216;1216
14050693;217;g_000;2;1;30;line_consecutive;0.5;1217;7;7;4-11,11-14;4;157645.48924599998;159395.19409400003;161068.92454599592;165699.13844200002;1749.7048480000522;1673.7304519958852;6303.94434799999;eev,integrated,separated,ws;lintim;SiouxFalls;SiouxFalls;True;False;1e-05;12000;1;2;20;50;200;-5;50;0.75;1;50;50;10;10;16;2.7866;1217;1217
14050693;218;g_000;2;1;30;line_consecutive;0.5;1218;7;8;14-23,23-24;4;158619.486013;161503.06316098213;162273.20935099592;166520.90573899972;2883.577147982141;770.1461900137947;5017.842578017589;eev,integrated,separated,ws;lintim;SiouxFalls;SiouxFalls;True;False;1e-05;12000;1;2;20;50;200;-5;50;0.75;1;50;50;10;10;16;2.7866;1218;1218
14050693;219;g_000;2;1;30;line_consecutive;0.5;1219;7;9;10-15,15-22;5;144307.726794;146835.69882599448;146884.33309199594;150578.42615598158;2527.97203199449;48.6342660014634;3742.727329987101;eev,integrated,separated,ws;lintim;SiouxFalls;SiouxFalls;True;False;1e-05;12000;1;2;20;50;200;-5;50;0.75;1;50;50;10;10;16;2.7866;1219;1219
14050693;220;g_000;2;1;30;line_consecutive;0.5;1220;7;10;3-12,11-12;8;159229.004006;159766.38033599997;160079.91064499592;166651.07390799996;537.37632999997;313.5303089959489;6884.693571999989;eev,integrated,separated,ws;lintim;SiouxFalls;SiouxFalls;True;False;1e-05;12000;1;2;20;50;200;-5;50;0.75;1;50;50;10;10;16;2.7866;1220;1220
14050693;221;g_000;2;1;30;line_consecutive;0.5;1221;7;11;3-4,4-11;4;154870.15484499998;157996.96691801614;159688.92369799592;160823.663969;3126.812073016161;1691.9567799797803;2826.697050983843;eev,integrated,separated,ws;lintim;SiouxFalls;SiouxFalls;True;False;1e-05;12000;1;2;20;50;200;-5;50;0.75;1;50;50;10;10;16;2.7866;1221;1221
14050693;222;g_000;2;1;30;line_consecutive;0.5;1222;7;12;15-22,22-23;5;136091.703044;137734.8916379992;137734.89163799572;137734.8916379489;1643.1885939991917;-3.4633558243513103e-09;-5.0291419029235846e-08;eev,integrated,separated,ws;lintim;SiouxFalls;SiouxFalls;True;False;1e-05;12000;1;2;20;50;200;-5;50;0.75;1;50;50;10;10;16;2.7866;1222;1222
14050693;223;g_000;2;1;30;line_consecutive;0.5;1223;7;13;6-8,8-16;2;150901.048774;153518.68734500004;155755.66750999592;163772.4023694949;2617.638571000047;2236.9801649958827;10253.715024494855;eev,integrated,separated,ws;lintim;SiouxFalls;SiouxFalls;True;False;1e-05;12000;1;2;20;50;200;-5;50;0.75;1;50;50;10;10;16;2.7866;1223;1223
14050693;224;g_000;2;1;30;line_consecutive;0.5;1224;7;14;8-16,16-17;2,13;150460.996614;152684.08916499998;152684.08916497222;162450.10409749488;2223.09255099998;-2.7765054255723957e-08;9766.014932494902;eev,integrated,separated,ws;lintim;SiouxFalls;SiouxFalls;True;False;1e-05;12000;1;2;20;50;200;-5;50;0.75;1;50;50;10;10;16;2.7866;1224;1224
14050693;225;g_000;2;1;30;line_consecutive;0.5;1225;7;15;9-10,10-11;7;155538.06080900002;158198.96982499998;159494.69179599592;165280.05776699982;2660.9090159999614;1295.7219709959463;7081.087941999838;eev,integrated,separated,ws;lintim;SiouxFalls;SiouxFalls;True;False;1e-05;12000;1;2;20;50;200;-5;50;0.75;1;50;50;10;10;16;2.7866;1225;1225
14050693;226;g_000;2;1;30;line_consecutive;0.5;1226;7;16;10-17,17-19;14;173561.69143500002;175249.25957998598;177682.4240919959;191016.581369;1687.5681449859694;2433.164512009913;15767.321789014008;eev,integrated,separated,ws;lintim;SiouxFalls;SiouxFalls;True;False;1e-05;12000;1;2;20;50;200;-5;50;0.75;1;50;50;10;10;16;2.7866;1226;1226
14050693;227;g_000;2;1;30;line_consecutive;0.5;1227;7;17;1-3,3-12;8,12;155882.148276;157119.67460296926;157119.67460299592;162366.262115;1237.526326969266;2.6659108698368076e-08;5246.587512030732;eev,integrated,separated,ws;lintim;SiouxFalls;SiouxFalls;True;False;1e-05;12000;1;2;20;50;200;-5;50;0.75;1;50;50;10;10;16;2.7866;1227;1227
14050693;228;g_000;2;1;30;line_consecutive;0.5;1228;7;18;5-9,8-9;3;137604.6261180941;138164.404512;138642.40451199593;140731.26612587098;559.7783939059009;477.9999999959255;2566.8616138709767;eev,integrated,separated,ws;lintim;SiouxFalls;SiouxFalls;True;False;1e-05;12000;1;2;20;50;200;-5;50;0.75;1;50;50;10;10;16;2.7866;1228;1228
14050693;229;g_000;2;1;30;line_consecutive;0.5;1229;7;19;18-20,20-22;11;129831.935564;129831.93556395914;129831.93556399592;129831.93555939617;-4.0861777961254126e-08;3.67872416973114e-08;-4.562971298582852e-06;eev,integrated,separated,ws;lintim;SiouxFalls;SiouxFalls;True;False;1e-05;12000;1;2;20;50;200;-5;50;0.75;1;50;50;10;10;16;2.7866;1229;1229
14050693;230;g_000;2;1;30;line_consecutive;0.5;1230;7;20;4-5,5-9;3;136605.35836201467;137667.82055200002;138667.6729319959;139233.36971185083;1062.462189985352;999.852379995893;1565.5491598508088;eev,integrated,separated,ws;lintim;SiouxFalls;SiouxFalls;True;False;1e-05;12000;1;2;20;50;200;-5;50;0.75;1;50;50;10;10;16;2.7866;1230;1230
14050693;231;g_000;2;1;30;line_consecutive;0.5;1231;7;21;15-19,15-22;13;144275.923048;146074.34491602503;146085.0457839959;146874.03317697236;1798.4218680250342;10.700867970881518;799.688260947325;eev,integrated,separated,ws;lintim;SiouxFalls;SiouxFalls;True;False;1e-05;12000;1;2;20;50;200;-5;50;0.75;1;50;50;10;10;16;2.7866;1231;1231
14050693;232;g_000;2;1;30;line_consecutive;0.5;1232;7;22;2-6,6-8;2;157133.52638100003;160102.21405899015;160594.11762799593;166113.24858099996;2968.6876779901213;491.903569005779;6011.03452200981;eev,integrated,separated,ws;lintim;SiouxFalls;SiouxFalls;True;False;1e-05;12000;1;2;20;50;200;-5;50;0.75;1;50;50;10;10;16;2.7866;1232;1232
14050693;233;g_000;2;1;30;line_consecutive;0.5;1233;7;23;16-17,17-19;2,13;173561.69143500002;175249.25957998598;177682.4240919959;191016.581369;1687.5681449859694;2433.164512009913;15767.321789014008;eev,integrated,separated,ws;lintim;SiouxFalls;SiouxFalls;True;False;1e-05;12000;1;2;20;50;200;-5;50;0.75;1;50;50;10;10;16;2.7866;1233;1233
14050693;234;g_000;2;1;30;line_consecutive;0.5;1234;7;24;15-19,17-19;13,14;177694.865924;180887.44666150017;183320.6111734959;197772.891717;3192.5807375001605;2433.1645119957398;16885.44505549982;eev,integrated,separated,ws;lintim;SiouxFalls;SiouxFalls;True;False;1e-05;12000;1;2;20;50;200;-5;50;0.75;1;50;50;10;10;16;2.7866;1234;1234
14050693;235;g_000;2;1;30;line_consecutive;0.5;1235;7;25;5-6,5-9;9;136605.35836201467;137667.82055200002;138667.6729319959;139233.36971185083;1062.462189985352;999.852379995893;1565.5491598508088;eev,integrated,separated,ws;lintim;SiouxFalls;SiouxFalls;True;False;1e-05;12000;1;2;20;50;200;-5;50;0.75;1;50;50;10;10;16;2.7866;1235;1235
14050693;236;g_000;2;1;30;line_consecutive;0.5;1236;7;26;9-10,10-15;9;144799.364636;146547.5367538292;146547.53675399593;152335.1332729358;1748.1721178291773;1.667358446866274e-07;5787.596519106621;eev,integrated,separated,ws;lintim;SiouxFalls;SiouxFalls;True;False;1e-05;12000;1;2;20;50;200;-5;50;0.75;1;50;50;10;10;16;2.7866;1236;1236
14050693;237;g_000;2;1;30;line_consecutive;0.5;1237;7;27;11-14,14-23;4,10;170808.66405799994;173940.53767737438;175313.1926369959;179113.006955;3131.8736193744408;1372.654959621519;5172.469277625612;eev,integrated,separated,ws;lintim;SiouxFalls;SiouxFalls;True;False;1e-05;12000;1;2;20;50;200;-5;50;0.75;1;50;50;10;10;16;2.7866;1237;1237
14050693;238;g_000;2;1;30;line_consecutive;0.5;1238;7;28;7-18,18-20;11;129870.72850397686;129909.52144399994;130831.33203399592;130831.33203226051;38.7929400230787;921.8105899959774;921.810588260574;eev,integrated,separated,ws;lintim;SiouxFalls;SiouxFalls;True;False;1e-05;12000;1;2;20;50;200;-5;50;0.75;1;50;50;10;10;16;2.7866;1238;1238
14050693;239;g_000;2;1;30;line_consecutive;0.5;1239;7;29;7-8,7-18;3,11;129870.72850399972;129909.5214439767;130831.33203399592;130831.332034;38.79293997697823;921.8105900192168;921.8105900233058;eev,integrated,separated,ws;lintim;SiouxFalls;SiouxFalls;True;False;1e-05;12000;1;2;20;50;200;-5;50;0.75;1;50;50;10;10;16;2.7866;1239;1239
14050693;240;g_000;1;1;30;line_consecutive;0.5;1240;8;0;22-23;5;142178.21360500017;142378.47753300003;143346.05554699997;143346.055547;200.2639279998548;967.5780139999406;967.5780139999696;eev,integrated,separated,ws;lintim;SiouxFalls;SiouxFalls;True;False;1e-05;12000;1;2;20;50;200;-5;50;0.75;2;50;50;10;10;16;2.7866;1240;1240
14050693;241;g_000;1;1;30;line_consecutive;0.5;1241;8;1;4-5;3;137485.76616799994;138160.002347;138325.19784899993;138325.197849;674.2361790000577;165.19550199992955;165.19550199998775;eev,integrated,separated,ws;lintim;SiouxFalls;SiouxFalls;True;False;1e-05;12000;1;2;20;50;200;-5;50;0.75;2;50;50;10;10;16;2.7866;1241;1241
14050693;242;g_000;1;1;30;line_consecutive;0.5;1242;8;2;14-23;4,10;149688.153646;149885.81772500003;149885.81772499997;159124.61977400002;197.66407900003836;-5.820766091346741e-11;9238.80204899999;eev,integrated,separated,ws;lintim;SiouxFalls;SiouxFalls;True;False;1e-05;12000;1;2;20;50;200;-5;50;0.75;2;50;50;10;10;16;2.7866;1242;1242
14050693;243;g_000;1;1;30;line_consecutive;0.5;1243;8;3;4-11;4;153497.19433600002;156572.91219200005;157426.70293899995;162443.4439799999;3075.717856000032;853.7907469999045;5870.531787999847;eev,integrated,separated,ws;lintim;SiouxFalls;SiouxFalls;True;False;1e-05;12000;1;2;20;50;200;-5;50;0.75;2;50;50;10;10;16;2.7866;1243;1243
14050693;244;g_000;1;1;30;line_consecutive;0.5;1244;8;4;10-11;1,7,10;156104.901396;158244.95386700248;159990.38133799995;164904.55588099995;2140.0524710024765;1745.427470997471;6659.602013997472;eev,integrated,separated,ws;lintim;SiouxFalls;SiouxFalls;True;False;1e-05;12000;1;2;20;50;200;-5;50;0.75;2;50;50;10;10;16;2.7866;1244;1244
14050693;245;g_000;1;1;30;line_consecutive;0.5;1245;8;5;7-8;3,7,11;137750.5876400064;138325.6930020029;139245.10858499995;139245.10858499998;575.1053619965096;919.415582997055;919.415582997084;eev,integrated,separated,ws;lintim;SiouxFalls;SiouxFalls;True;False;1e-05;12000;1;2;20;50;200;-5;50;0.75;2;50;50;10;10;16;2.7866;1245;1245
14050693;246;g_000;1;1;30;line_consecutive;0.5;1246;8;6;7-18;3,11;137485.76616799994;138160.002347;138325.19784899996;138325.197849;674.2361790000577;165.19550199995865;165.19550199998775;eev,integrated,separated,ws;lintim;SiouxFalls;SiouxFalls;True;False;1e-05;12000;1;2;20;50;200;-5;50;0.75;2;50;50;10;10;16;2.7866;1246;1246
14050693;247;g_000;1;1;30;line_consecutive;0.5;1247;8;7;3-4;3,4;160135.38210699277;164355.69564899936;165286.13631099995;169047.95134799997;4220.313542006596;930.4406620005902;4692.255699000612;eev,integrated,separated,ws;lintim;SiouxFalls;SiouxFalls;True;False;1e-05;12000;1;2;20;50;200;-5;50;0.75;2;50;50;10;10;16;2.7866;1247;1247
14050693;248;g_000;1;1;30;line_consecutive;0.5;1248;8;8;5-9;3,9;144259.38902499998;145153.249903999;145397.63018899993;146452.7598198594;893.8608789990249;244.3802850009233;1299.509915860399;eev,integrated,separated,ws;lintim;SiouxFalls;SiouxFalls;True;False;1e-05;12000;1;2;20;50;200;-5;50;0.75;2;50;50;10;10;16;2.7866;1248;1248
14050693;249;g_000;1;1;30;line_consecutive;0.5;1249;8;9;21-22;13;136644.633844;136644.63384400005;136644.63384399936;136644.6338439994;5.820766091346741e-11;-6.984919309616089e-10;-6.402842700481415e-10;eev,integrated,separated,ws;lintim;SiouxFalls;SiouxFalls;True;False;1e-05;12000;1;2;20;50;200;-5;50;0.75;2;50;50;10;10;16;2.7866;1249;1249
14050693;250;g_000;1;1;30;line_consecutive;0.5;1250;8;10;1-2;12;136644.69777199998;136644.633844;136644.6338439987;136644.63384399872;-0.0639279999886639;-1.3096723705530167e-09;-1.280568540096283e-09;eev,integrated,separated,ws;lintim;SiouxFalls;SiouxFalls;True;False;1e-05;12000;1;2;20;50;200;-5;50;0.75;2;50;50;10;10;16;2.7866;1250;1250
14050693;251;g_000;1;1;30;line_consecutive;0.5;1251;8;11;5-6;9;144025.984091;144800.622018;144800.62201799994;144800.622018;774.6379270000034;-5.820766091346741e-11;0.0;eev,integrated,separated,ws;lintim;SiouxFalls;SiouxFalls;True;False;1e-05;12000;1;2;20;50;200;-5;50;0.75;2;50;50;10;10;16;2.7866;1251;1251
14050693;252;g_000;1;1;30;line_consecutive;0.5;1252;8;12;20-21;6;140324.88462799945;140445.07330699998;140445.07330699996;140445.07300411584;120.18867900053738;-2.9103830456733704e-11;-0.0003028841456398;eev,integrated,separated,ws;lintim;SiouxFalls;SiouxFalls;True;False;1e-05;12000;1;2;20;50;200;-5;50;0.75;2;50;50;10;10;16;2.7866;1252;1252
14050693;253;g_000;1;1;30;line_consecutive;0.5;1253;8;13;18-20;11;136644.63384399892;136644.633844;136644.63384399994;136644.633844;1.076841726899147e-09;-5.820766091346741e-11;0.0;eev,integrated,separated,ws;lintim;SiouxFalls;SiouxFalls;True;False;1e-05;12000;1;2;20;50;200;-5;50;0.75;2;50;50;10;10;16;2.7866;1253;1253
14050693;254;g_000;1;1;30;line_consecutive;0.5;1254;8;14;12-13;12;136644.633844;136644.633844;136644.63384399994;136644.633844;0.0;-5.820766091346741e-11;0.0;eev,integrated,separated,ws;lintim;SiouxFalls;SiouxFalls;True;False;1e-05;12000;1;2;20;50;200;-5;50;0.75;2;50;50;10;10;16;2.7866;1254;1254
14050693;255;g_000;1;1;30;line_consecutive;0.5;1255;8;15;2-6;2;162844.935563;164952.231582;165193.06081399997;173754.54160599964;2107.2960190000013;240.82923199996003;8802.310023999627;eev,integrated,separated,ws;lintim;SiouxFalls;SiouxFalls;True;False;1e-05;12000;1;2;20;50;200;-5;50;0.75;2;50;50;10;10;16;2.7866;1255;1255
14050693;256;g_000;1;1;30;line_consecutive;0.5;1256;8;16;20-22;11;136644.633844;136644.6338641831;136644.63384399994;136644.63384399997;2.018309896811843e-05;-2.0183157175779343e-05;-2.018312807194889e-05;eev,integrated,separated,ws;lintim;SiouxFalls;SiouxFalls;True;False;1e-05;12000;1;2;20;50;200;-5;50;0.75;2;50;50;10;10;16;2.7866;1256;1256
14050693;257;g_000;1;1;30;line_consecutive;0.5;1257;8;17;3-12;8,12;136644.633844;136644.633844;136644.63384399924;136644.63384399927;0.0;-7.566995918750762e-10;-7.275957614183425e-10;eev,integrated,separated,ws;lintim;SiouxFalls;SiouxFalls;True;False;1e-05;12000;1;2;20;50;200;-5;50;0.75;2;50;50;10;10;16;2.7866;1257;1257
14050693;258;g_000;1;1;30;line_consecutive;0.5;1258;8;18;10-15;5,9;151383.172612;153353.0050989576;153774.85602299997;158008.58759399998;1969.832486957603;421.85092404237366;4655.582495042385;eev,integrated,separated,ws;lintim;SiouxFalls;SiouxFalls;True;False;1e-05;12000;1;2;20;50;200;-5;50;0.75;2;50;50;10;10;16;2.7866;1258;1258
14050693;259;g_000;1;1;30;line_consecutive;0.5;1259;8;19;11-14;4,8,10;163807.287564;165855.655346;165883.74610999995;173403.110743;2048.367782000016;28.090763999935007;7547.455396999983;eev,integrated,separated,ws;lintim;SiouxFalls;SiouxFalls;True;False;1e-05;12000;1;2;20;50;200;-5;50;0.75;2;50;50;10;10;16;2.7866;1259;1259
14050693;260;g_000;1;1;30;line_consecutive;0.5;1260;8;20;15-19;9,13,14;144025.9840909998;144800.6220180001;144800.62201799994;144800.622018;774.6379270003235;-1.7462298274040222e-10;-1.1641532182693479e-10;eev,integrated,separated,ws;lintim;SiouxFalls;SiouxFalls;True;False;1e-05;12000;1;2;20;50;200;-5;50;0.75;2;50;50;10;10;16;2.7866;1260;1260
14050693;261;g_000;1;1;30;line_consecutive;0.5;1261;8;21;8-16;2,10,13;155863.428123;157109.01484499997;159247.97648699995;167604.11882899964;1245.5867219999782;2138.96164199998;10495.103983999668;eev,integrated,separated,ws;lintim;SiouxFalls;SiouxFalls;True;False;1e-05;12000;1;2;20;50;200;-5;50;0.75;2;50;50;10;10;16;2.7866;1261;1261
14050693;262;g_000;1;1;30;line_consecutive;0.5;1262;8;22;11-12;1,7,8;155704.17468299996;158849.337109;160799.61331599994;163320.20800400004;3145.1624260000244;1950.276206999959;4470.870895000058;eev,integrated,separated,ws;lintim;SiouxFalls;SiouxFalls;True;False;1e-05;12000;1;2;20;50;200;-5;50;0.75;2;50;50;10;10;16;2.7866;1262;1262
14050693;263;g_000;1;1;30;line_consecutive;0.5;1263;8;23;19-20;2;157156.324907;158514.345024;158758.91412299994;168568.20534199965;1358.0201170000073;244.56909899992752;10053.860317999644;eev,integrated,separated,ws;lintim;SiouxFalls;SiouxFalls;True;False;1e-05;12000;1;2;20;50;200;-5;50;0.75;2;50;50;10;10;16;2.7866;1263;1263
14050693;264;g_000;1;1;30;line_consecutive;0.5;1264;8;24;17-19;2,13,14;174015.736703;176584.91815099856;177068.02225899996;195596.218138;2569.1814479985624;483.1041080013965;19011.299987001432;eev,integrated,separated,ws;lintim;SiouxFalls;SiouxFalls;True;False;1e-05;12000;1;2;20;50;200;-5;50;0.75;2;50;50;10;10;16;2.7866;1264;1264
14050693;265;g_000;1;1;30;line_consecutive;0.5;1265;8;25;1-3;4,8,12;164416.178103;165705.89605399998;166521.76431799994;172625.45620899997;1289.7179509999696;815.8682639999606;6919.560154999985;eev,integrated,separated,ws;lintim;SiouxFalls;SiouxFalls;True;False;1e-05;12000;1;2;20;50;200;-5;50;0.75;2;50;50;10;10;16;2.7866;1265;1265
14050693;266;g_000;1;1;30;line_consecutive;0.5;1266;8;26;10-16;1,10;148364.35243599996;150129.82571399977;152448.13482899996;152068.545059;1765.4732779998158;2318.3091150001856;1938.7193450002237;eev,integrated,separated,ws;lintim;SiouxFalls;SiouxFalls;True;False;1e-05;12000;1;2;20;50;200;-5;50;0.75;2;50;50;10;10;16;2.7866;1266;1266
14050693;267;g_000;1;1;30;line_consecutive;0.5;1267;8;27;16-18;1;146262.16537;148829.19410400002;152163.91480499014;149169.77466342755;2567.0287340000214;3334.7207009901176;340.5805594275298;eev,integrated,separated,ws;lintim;SiouxFalls;SiouxFalls;True;False;1e-05;12000;1;2;20;50;200;-5;50;0.75;2;50;50;10;10;16;2.7866;1267;1267
14050693;268;g_000;1;1;30;line_consecutive;0.5;1268;8;28;9-10;7,9;144352.806742;145176.147526;145758.96973499993;145176.14752596413;823.340784;582.8222089999472;-3.585591912269592e-08;eev,integrated,separated,ws;lintim;SiouxFalls;SiouxFalls;True;False;1e-05;12000;1;2;20;50;200;-5;50;0.75;2;50;50;10;10;16;2.7866;1268;1268
14050693;269;g_000;1;1;30;line_consecutive;0.5;1269;8;29;15-22;5,13;142876.12130499998;143902.72087820346;145061.33765000082;145061.33765000087;1026.599573203479;1158.6167717973583;1158.6167717974167;eev,integrated,separated,ws;lintim;SiouxFalls;SiouxFalls;True;False;1e-05;12000;1;2;20;50;200;-5;50;0.75;2;50;50;10;10;16;2.7866;1269;1269
14050693;270;g_000;2;1;30;line_consecutive;0.5;1270;9;0;13-24,21-24;6;146356.153542;147452.805011;148342.52294399988;148342.52264111576;1096.651469000004;889.7179329998908;889.7176301157742;eev,integrated,separated,ws;lintim;SiouxFalls;SiouxFalls;True;False;1e-05;12000;1;2;20;50;200;-5;50;0.75;2;50;50;10;10;16;2.7866;1270;1270
14050693;271;g_000;2;1;30;line_consecutive;0.5;1271;9;1;6-8,8-16;2;159933.519587;162774.753456;163457.43221099995;172825.03533999965;2841.233869000018;682.6787549999426;10050.281883999647;eev,integrated,separated,ws;lintim;SiouxFalls;SiouxFalls;True;False;1e-05;12000;1;2;20;50;200;-5;50;0.75;2;50;50;10;10;16;2.7866;1271;1271
14050693;272;g_000;2;1;30;line_consecutive;0.5;1272;9;2;5-9,8-9;3;145388.71074002262;145904.02083499997;146993.56403899996;148105.70785999956;515.3100949773507;1089.5432039999869;2201.6870249995845;eev,integrated,separated,ws;lintim;SiouxFalls;SiouxFalls;True;False;1e-05;12000;1;2;20;50;200;-5;50;0.75;2;50;50;10;10;16;2.7866;1272;1272
14050693;273;g_000;2;1;30;line_consecutive;0.5;1273;9;3;9-10,10-11;7;165541.66492701095;166908.1820249998;168366.12101099995;175399.07097900004;1366.5170979888644;1457.9389860001393;8490.888954000227;eev,integrated,separated,ws;lintim;SiouxFalls;SiouxFalls;True;False;1e-05;12000;1;2;20;50;200;-5;50;0.75;2;50;50;10;10;16;2.7866;1273;1273
14050693;274;g_000;2;1;30;line_consecutive;0.5;1274;9;4;11-12,11-14;8;176900.9949488963;178843.33893399854;179078.09361899993;194895.145375;1942.343985102256;234.7546850013896;16051.806441001449;eev,integrated,separated,ws;lintim;SiouxFalls;SiouxFalls;True;False;1e-05;12000;1;2;20;50;200;-5;50;0.75;2;50;50;10;10;16;2.7866;1274;1274
14050693;275;g_000;2;1;30;line_consecutive;0.5;1275;9;5;3-4,4-11;4;163425.28624;167572.894244;168478.0027929821;171572.20062199995;4147.608004000009;905.108548982098;3999.30637799995;eev,integrated,separated,ws;lintim;SiouxFalls;SiouxFalls;True;False;1e-05;12000;1;2;20;50;200;-5;50;0.75;2;50;50;10;10;16;2.7866;1275;1275
14050693;276;g_000;2;1;30;line_consecutive;0.5;1276;9;6;7-18,18-20;11;137485.766168;138160.002347;138325.19784899993;138325.197849;674.2361789999995;165.19550199992955;165.19550199998775;eev,integrated,separated,ws;lintim;SiouxFalls;SiouxFalls;True;False;1e-05;12000;1;2;20;50;200;-5;50;0.75;2;50;50;10;10;16;2.7866;1276;1276
14050693;277;g_000;2;1;30;line_consecutive;0.5;1277;9;7;5-9,9-10;9;145388.71074002262;145904.02083499997;146993.56403899996;147590.32693299995;515.3100949773507;1089.5432039999869;1686.3060979999718;eev,integrated,separated,ws;lintim;SiouxFalls;SiouxFalls;True;False;1e-05;12000;1;2;20;50;200;-5;50;0.75;2;50;50;10;10;16;2.7866;1277;1277
14050693;278;g_000;2;1;30;line_consecutive;0.5;1278;9;8;11-14,14-23;4,10;179439.22648399998;182574.3480959997;183407.162262;189907.809857;3135.121611999726;832.8141660002584;7333.461761000275;eev,integrated,separated,ws;lintim;SiouxFalls;SiouxFalls;True;False;1e-05;12000;1;2;20;50;200;-5;50;0.75;2;50;50;10;10;16;2.7866;1278;1278
14050693;279;g_000;2;1;30;line_consecutive;0.5;1279;9;9;3-12,12-13;12;136644.633844;136644.63384399997;136644.63384399962;136644.63384399965;-2.9103830456733704e-11;-3.4924596548080444e-10;-3.2014213502407074e-10;eev,integrated,separated,ws;lintim;SiouxFalls;SiouxFalls;True;False;1e-05;12000;1;2;20;50;200;-5;50;0.75;2;50;50;10;10;16;2.7866;1279;1279
14050693;280;g_000;2;1;30;line_consecutive;0.5;1280;9;10;15-19,17-19;13,14;187191.544964;189315.3639139956;190671.02046;208447.647607;2123.8189499955624;1355.656546004437;19132.2836930044;eev,integrated,separated,ws;lintim;SiouxFalls;SiouxFalls;True;False;1e-05;12000;1;2;20;50;200;-5;50;0.75;2;50;50;10;10;16;2.7866;1280;1280
14050693;281;g_000;2;1;30;line_consecutive;0.5;1281;9;11;17-19,19-20;2;179484.777908;181567.7365195;183088.9229815;199776.422398;2082.958611500013;1521.1864620000124;18208.685878499997;eev,integrated,separated,ws;lintim;SiouxFalls;SiouxFalls;True;False;1e-05;12000;1;2;20;50;200;-5;50;0.75;2;50;50;10;10;16;2.7866;1281;1281
14050693;282;g_000;2;1;30;line_consecutive;0.5;1282;9;12;4-11,11-14;4;165976.56876499997;167532.614655;167532.61465499995;174864.5046670001;1556.0458900000376;-5.820766091346741e-11;7331.890012000076;eev,integrated,separated,ws;lintim;SiouxFalls;SiouxFalls;True;False;1e-05;12000;1;2;20;50;200;-5;50;0.75;2;50;50;10;10;16;2.7866;1282;1282
14050693;283;g_000;2;1;30;line_consecutive;0.5;1283;9;13;10-15,15-19;9;152471.169438;154184.8044319881;154866.37285999994;159450.25583099996;1713.6349939880893;681.5684280118439;5265.451399011858;eev,integrated,separated,ws;lintim;SiouxFalls;SiouxFalls;True;False;1e-05;12000;1;2;20;50;200;-5;50;0.75;2;50;50;10;10;16;2.7866;1283;1283
14050693;284;g_000;2;1;30;line_consecutive;0.5;1284;9;14;10-11,10-16;1,10;160556.472494;163037.97120599996;163873.73399799995;169572.88014299996;2481.4987119999714;835.7627919999941;6534.908937;eev,integrated,separated,ws;lintim;SiouxFalls;SiouxFalls;True;False;1e-05;12000;1;2;20;50;200;-5;50;0.75;2;50;50;10;10;16;2.7866;1284;1284
14050693;285;g_000;2;1;30;line_consecutive;0.5;1285;9;15;10-11,11-14;10;188548.8247409957;190289.721375;191265.500145;206714.262115;1740.8966340042823;975.7787699999752;16424.540739999997;eev,integrated,separated,ws;lintim;SiouxFalls;SiouxFalls;True;False;1e-05;12000;1;2;20;50;200;-5;50;0.75;2;50;50;10;10;16;2.7866;1285;1285
14050693;286;g_000;2;1;30;line_consecutive;0.5;1286;9;16;20-21,21-24;6;146006.76895899998;147157.23086799955;147157.23086799996;147157.2305651158;1150.4619089995683;4.074536263942719e-10;-0.0003028837381862;eev,integrated,separated,ws;lintim;SiouxFalls;SiouxFalls;True;False;1e-05;12000;1;2;20;50;200;-5;50;0.75;2;50;50;10;10;16;2.7866;1286;1286
14050693;287;g_000;2;1;30;line_consecutive;0.5;1287;9;17;5-6,5-9;9;144447.72375399998;145779.901024;146073.23189399997;146452.7598198593;1332.1772700000147;293.33086999997613;672.858795859298;eev,integrated,separated,ws;lintim;SiouxFalls;SiouxFalls;True;False;1e-05;12000;1;2;20;50;200;-5;50;0.75;2;50;50;10;10;16;2.7866;1287;1287
14050693;288;g_000;2;1;30;line_consecutive;0.5;1288;9;18;1-3,3-4;4;166538.00730300002;167731.25694324565;168834.43153999996;179453.5643439811;1193.2496402456309;1103.1745967543102;11722.307400735444;eev,integrated,separated,ws;lintim;SiouxFalls;SiouxFalls;True;False;1e-05;12000;1;2;20;50;200;-5;50;0.75;2;50;50;10;10;16;2.7866;1288;1288
14050693;289;g_000;2;1;30;line_consecutive;0.5;1289;9;19;10-16,16-18;1;150411.71167600004;152993.716432;155448.84865999213;155046.502743;2582.004755999951;2455.132227992144;2052.7863110000035;eev,integrated,separated,ws;lintim;SiouxFalls;SiouxFalls;True;False;1e-05;12000;1;2;20;50;200;-5;50;0.75;2;50;50;10;10;16;2.7866;1289;1289
14050693;290;g_000;2;1;30;line_consecutive;0.5;1290;9;20;15-22,21-22;13;142876.121305;143902.7208779997;145979.24271399993;145979.242714;1026.599572999694;2076.5218360002327;2076.521836000291;eev,integrated,separated,ws;lintim;SiouxFalls;SiouxFalls;True;False;1e-05;12000;1;2;20;50;200;-5;50;0.75;2;50;50;10;10;16;2.7866;1290;1290
14050693;291;g_000;2;1;30;line_consecutive;0.5;1291;9;21;10-17,17-19;14;182060.749691;183988.74708199635;185592.4332339988;201601.02468099995;1927.9973909963448;1603.686152002425;17612.277599003603;eev,integrated,separated,ws;lintim;SiouxFalls;SiouxFalls;True;False;1e-05;12000;1;2;20;50;200;-5;50;0.75;2;50;50;10;10;16;2.7866;1291;1291
14050693;292;g_000;2;1;30;line_consecutive;0.5;1292;9;22;18-20,20-22;11;136644.633844;136644.633844;136644.63384399982;136644.63384399985;0.0;-1.7462298274040222e-10;-1.4551915228366852e-10;eev,integrated,separated,ws;lintim;SiouxFalls;SiouxFalls;True;False;1e-05;12000;1;2;20;50;200;-5;50;0.75;2;50;50;10;10;16;2.7866;1292;1292
14050693;293;g_000;2;1;30;line_consecutive;0.5;1293;9;23;3-4,4-5;3;163425.28624;167572.894244;168478.0027929821;171572.20062199995;4147.608004000009;905.108548982098;3999.30637799995;eev,integrated,separated,ws;lintim;SiouxFalls;SiouxFalls;True;False;1e-05;12000;1;2;20;50;200;-5;50;0.75;2;50;50;10;10;16;2.7866;1293;1293
14050693;294;g_000;2;1;30;line_consecutive;0.5;1294;9;24;8-16,16-17;2,13;158330.67064000003;160556.85174198824;161356.75584999996;171479.79783099965;2226.1811019882152;799.9041080117167;10922.946089011411;eev,integrated,separated,ws;lintim;SiouxFalls;SiouxFalls;True;False;1e-05;12000;1;2;20;50;200;-5;50;0.75;2;50;50;10;10;16;2.7866;1294;1294
14050693;295;g_000;2;1;30;line_consecutive;0.5;1295;9;25;1-2,1-3;12;193875.421248;197842.929622;199060.467125;202673.99444597852;3967.508373999997;1217.5375029999996;4831.064823978551;eev,integrated,separated,ws;lintim;SiouxFalls;SiouxFalls;True;False;1e-05;12000;1;2;20;50;200;-5;50;0.75;2;50;50;10;10;16;2.7866;1295;1295
14050693;296;g_000;2;1;30;line_consecutive;0.5;1296;9;26;4-5,5-9;3;144447.72375399998;145779.901024;146073.23189399997;146452.7598198593;1332.1772700000147;293.33086999997613;672.858795859298;eev,integrated,separated,ws;lintim;SiouxFalls;SiouxFalls;True;False;1e-05;12000;1;2;20;50;200;-5;50;0.75;2;50;50;10;10;16;2.7866;1296;1296
14050693;297;g_000;2;1;30;line_consecutive;0.5;1297;9;27;7-8,7-18;3,11;137750.58763999998;138325.693002;139245.10858499998;139245.108585;575.1053620000312;919.4155829999654;919.4155829999944;eev,integrated,separated,ws;lintim;SiouxFalls;SiouxFalls;True;False;1e-05;12000;1;2;20;50;200;-5;50;0.75;2;50;50;10;10;16;2.7866;1297;1297
14050693;298;g_000;2;1;30;line_consecutive;0.5;1298;9;28;8-16,10-16;10;160825.387765;161693.18097099982;165207.9848749999;175360.066659;867.7932059998275;3514.803904000088;13666.885688000184;eev,integrated,separated,ws;lintim;SiouxFalls;SiouxFalls;True;False;1e-05;12000;1;2;20;50;200;-5;50;0.75;2;50;50;10;10;16;2.7866;1298;1298
14050693;299;g_000;2;1;30;line_consecutive;0.5;1299;9;29;2-6,6-8;2;166738.41361699998;169472.088741;170267.68345899996;177968.50795399965;2733.6751240000303;795.5947179999494;8496.419212999637;eev,integrated,separated,ws;lintim;SiouxFalls;SiouxFalls;True;False;1e-05;12000;1;2;20;50;200;-5;50;0.75;2;50;50;10;10;16;2.7866;1299;1299
14050693;300;g_000;1;1;30;line_consecutive;0.5;1300;10;0;16-17;2,13;169747.043349;171161.080396;173523.862134;182038.788759;1414.0370469999907;2362.7817379999906;10877.708362999983;eev,integrated,separated,ws;lintim;SiouxFalls;SiouxFalls;True;False;1e-05;12000;1;2;20;50;200;-5;50;0.75;5;50;50;10;10;16;2.7866;1300;1300
14050693;301;g_000;1;1;30;line_consecutive;0.5;1301;10;1;3-12;8,12;154241.39961199998;154529.572384;154529.572384;154529.572384;288.1727720000199;0.0;0.0;eev,integrated,separated,ws;lintim;SiouxFalls;SiouxFalls;True;False;1e-05;12000;1;2;20;50;200;-5;50;0.75;5;50;50;10;10;16;2.7866;1301;1301
14050693;302;g_000;1;1;30;line_consecutive;0.5;1302;10;2;10-11;1,7,10;175197.34960100002;176507.08325500003;177634.93118100002;187539.681275;1309.7336540000106;1127.8479259999876;11032.598019999976;eev,integrated,separated,ws;lintim;SiouxFalls;SiouxFalls;True;False;1e-05;12000;1;2;20;50;200;-5;50;0.75;5;50;50;10;10;16;2.7866;1302;1302
14050693;303;g_000;1;1;30;line_consecutive;0.5;1303;10;3;19-20;2;174518.762819;175265.965015;176066.632293;185237.074683;747.2021959999984;800.6672780000081;9971.10966800002;eev,integrated,separated,ws;lintim;SiouxFalls;SiouxFalls;True;False;1e-05;12000;1;2;20;50;200;-5;50;0.75;5;50;50;10;10;16;2.7866;1303;1303
14050693;304;g_000;1;1;30;line_consecutive;0.5;1304;10;4;21-22;13;153709.20304;153709.20303999996;153709.20304;153709.20304;-2.9103830456733704e-11;2.9103830456733704e-11;2.9103830456733704e-11;eev,integrated,separated,ws;lintim;SiouxFalls;SiouxFalls;True;False;1e-05;12000;1;2;20;50;200;-5;50;0.75;5;50;50;10;10;16;2.7866;1304;1304
14050693;305;g_000;1;1;30;line_consecutive;0.5;1305;10;5;5-6;9;158304.676463;158984.55418199996;160628.24352100003;160628.243521;679.8777189999528;1643.6893390000623;1643.6893390000332;eev,integrated,separated,ws;lintim;SiouxFalls;SiouxFalls;True;False;1e-05;12000;1;2;20;50;200;-5;50;0.75;5;50;50;10;10;16;2.7866;1305;1305
14050693;306;g_000;1;1;30;line_consecutive;0.5;1306;10;6;10-15;5,9;168129.93313999998;169365.53515599994;171724.891373;174519.35512799997;1235.6020159999607;2359.3562170000514;5153.819972000027;eev,integrated,separated,ws;lintim;SiouxFalls;SiouxFalls;True;False;1e-05;12000;1;2;20;50;200;-5;50;0.75;5;50;50;10;10;16;2.7866;1306;1306
14050693;307;g_000;1;1;30;line_consecutive;0.5;1307;10;7;1-2;12;153709.20304000002;153709.20303999996;153709.20304;153709.2030400019;-5.820766091346741e-11;2.9103830456733704e-11;1.949956640601158e-09;eev,integrated,separated,ws;lintim;SiouxFalls;SiouxFalls;True;False;1e-05;12000;1;2;20;50;200;-5;50;0.75;5;50;50;10;10;16;2.7866;1307;1307
14050693;308;g_000;1;1;30;line_consecutive;0.5;1308;10;8;13-24;6;163221.02689402126;164184.39954699998;165165.89605399995;165165.89605399995;963.3726529787236;981.4965069999744;981.4965069999744;eev,integrated,separated,ws;lintim;SiouxFalls;SiouxFalls;True;False;1e-05;12000;1;2;20;50;200;-5;50;0.75;5;50;50;10;10;16;2.7866;1308;1308
14050693;309;g_000;1;1;30;line_consecutive;0.5;1309;10;9;20-22;11;153709.20304;153709.20304;153709.20304;153709.20303999996;0.0;0.0;-2.9103830456733704e-11;eev,integrated,separated,ws;lintim;SiouxFalls;SiouxFalls;True;False;1e-05;12000;1;2;20;50;200;-5;50;0.75;5;50;50;10;10;16;2.7866;1309;1309
14050693;310;g_000;1;1;30;line_consecutive;0.5;1310;10;10;5-9;3,9;159536.66692400002;160690.16948299998;162309.678229;160969.258347;1153.5025589999568;1619.508746000036;279.0888640000194;eev,integrated,separated,ws;lintim;SiouxFalls;SiouxFalls;True;False;1e-05;12000;1;2;20;50;200;-5;50;0.75;5;50;50;10;10;16;2.7866;1310;1310
14050693;311;g_000;1;1;30;line_consecutive;0.5;1311;10;11;9-10;7,9;160215.7391129735;161425.31510999944;162898.50422300005;162898.504223;1209.5759970259387;1473.1891130006115;1473.189113000553;eev,integrated,separated,ws;lintim;SiouxFalls;SiouxFalls;True;False;1e-05;12000;1;2;20;50;200;-5;50;0.75;5;50;50;10;10;16;2.7866;1311;1311
14050693;312;g_000;1;1;30;line_consecutive;0.5;1312;10;12;7-8;3,7,11;155394.41097;155816.46816299998;155816.468163;155816.468163;422.057192999986;2.9103830456733704e-11;2.9103830456733704e-11;eev,integrated,separated,ws;lintim;SiouxFalls;SiouxFalls;True;False;1e-05;12000;1;2;20;50;200;-5;50;0.75;5;50;50;10;10;16;2.7866;1312;1312
14050693;313;g_000;1;1;30;line_consecutive;0.5;1313;10;13;6-8;2;172290.61263399996;173484.60792299948;174867.58498100002;181126.489082;1193.9952889995184;1382.9770580005425;7641.881159000506;eev,integrated,separated,ws;lintim;SiouxFalls;SiouxFalls;True;False;1e-05;12000;1;2;20;50;200;-5;50;0.75;5;50;50;10;10;16;2.7866;1313;1313
14050693;314;g_000;1;1;30;line_consecutive;0.5;1314;10;14;17-19;2,13,14;192434.613758;193700.99330799995;195284.979071;216457.824209;1266.3795499999542;1583.9857630000624;22756.830901000067;eev,integrated,separated,ws;lintim;SiouxFalls;SiouxFalls;True;False;1e-05;12000;1;2;20;50;200;-5;50;0.75;5;50;50;10;10;16;2.7866;1314;1314
14050693;315;g_000;1;1;30;line_consecutive;0.5;1315;10;15;1-3;4,8,12;183903.375824;185420.0031749991;185967.247163;194242.54283099924;1516.6273509991006;547.2439880009042;8822.539656000154;eev,integrated,separated,ws;lintim;SiouxFalls;SiouxFalls;True;False;1e-05;12000;1;2;20;50;200;-5;50;0.75;5;50;50;10;10;16;2.7866;1315;1315
14050693;316;g_000;1;1;30;line_consecutive;0.5;1316;10;16;10-17;14;153977.29241599998;154245.38179199997;155347.60304;155347.60304;268.089375999989;1102.2212480000162;1102.2212480000162;eev,integrated,separated,ws;lintim;SiouxFalls;SiouxFalls;True;False;1e-05;12000;1;2;20;50;200;-5;50;0.75;5;50;50;10;10;16;2.7866;1316;1316
14050693;317;g_000;1;1;30;line_consecutive;0.5;1317;10;17;23-24;4;166183.541952;167443.90811100003;168472.25020100002;174476.94179200009;1260.3661590000263;1028.342089999991;7033.033681000059;eev,integrated,separated,ws;lintim;SiouxFalls;SiouxFalls;True;False;1e-05;12000;1;2;20;50;200;-5;50;0.75;5;50;50;10;10;16;2.7866;1317;1317
14050693;318;g_000;1;1;30;line_consecutive;0.5;1318;10;18;11-14;4,8,10;182414.239049;183526.910728;184578.5528989888;193471.4864009978;1112.671678999992;1051.642170988809;9944.575672997802;eev,integrated,separated,ws;lintim;SiouxFalls;SiouxFalls;True;False;1e-05;12000;1;2;20;50;200;-5;50;0.75;5;50;50;10;10;16;2.7866;1318;1318
14050693;319;g_000;1;1;30;line_consecutive;0.5;1319;10;19;22-23;5;159167.092803;159425.85302199956;160183.698897;160183.698897;258.7602189995523;757.8458750004356;757.8458750004356;eev,integrated,separated,ws;lintim;SiouxFalls;SiouxFalls;True;False;1e-05;12000;1;2;20;50;200;-5;50;0.75;5;50;50;10;10;16;2.7866;1319;1319
14050693;320;g_000;1;1;30;line_consecutive;0.5;1320;10;20;15-22;5,13;160172.93598700003;160810.71343803147;161787.457157;161787.45715699997;637.7774510314339;976.7437189685296;976.7437189685006;eev,integrated,separated,ws;lintim;SiouxFalls;SiouxFalls;True;False;1e-05;12000;1;2;20;50;200;-5;50;0.75;5;50;50;10;10;16;2.7866;1320;1320
14050693;321;g_000;1;1;30;line_consecutive;0.5;1321;10;21;10-16;1,10;167081.042484;168826.9282580011;170660.315536;169692.99960099993;1745.8857740011008;1833.3872779989035;866.0713429988245;eev,integrated,separated,ws;lintim;SiouxFalls;SiouxFalls;True;False;1e-05;12000;1;2;20;50;200;-5;50;0.75;5;50;50;10;10;16;2.7866;1321;1321
14050693;322;g_000;1;1;30;line_consecutive;0.5;1322;10;22;14-15;14;153977.29241599987;154245.38179200015;154844.70304;154844.70304;268.08937600028;599.3212479998474;599.3212479998474;eev,integrated,separated,ws;lintim;SiouxFalls;SiouxFalls;True;False;1e-05;12000;1;2;20;50;200;-5;50;0.75;5;50;50;10;10;16;2.7866;1322;1322
14050693;323;g_000;1;1;30;line_consecutive;0.5;1323;10;23;11-12;1,7,8;175574.440758058;177898.80284599986;179946.99308799996;183346.384994;2324.362087941874;2048.190242000099;5447.582148000132;eev,integrated,separated,ws;lintim;SiouxFalls;SiouxFalls;True;False;1e-05;12000;1;2;20;50;200;-5;50;0.75;5;50;50;10;10;16;2.7866;1323;1323
14050693;324;g_000;1;1;30;line_consecutive;0.5;1324;10;24;4-11;4;171640.84646899998;174424.030192;175876.03108000002;178045.33589000007;2783.183723000024;1452.0008880000096;3621.305698000069;eev,integrated,separated,ws;lintim;SiouxFalls;SiouxFalls;True;False;1e-05;12000;1;2;20;50;200;-5;50;0.75;5;50;50;10;10;16;2.7866;1324;1324
14050693;325;g_000;1;1;30;line_consecutive;0.5;1325;10;25;16-18;1;165454.36523599998;167288.83594199998;169469.268457;167288.83594199998;1834.4707059999928;2180.4325150000222;0.0;eev,integrated,separated,ws;lintim;SiouxFalls;SiouxFalls;True;False;1e-05;12000;1;2;20;50;200;-5;50;0.75;5;50;50;10;10;16;2.7866;1325;1325
14050693;326;g_000;1;1;30;line_consecutive;0.5;1326;10;26;2-6;2;182209.840204;183704.42687399965;185235.116448;190661.065835;1494.5866699996404;1530.6895740003383;6956.638961000339;eev,integrated,separated,ws;lintim;SiouxFalls;SiouxFalls;True;False;1e-05;12000;1;2;20;50;200;-5;50;0.75;5;50;50;10;10;16;2.7866;1326;1326
14050693;327;g_000;1;1;30;line_consecutive;0.5;1327;10;27;7-18;3,11;155355.61983399995;155816.46816299995;155816.468163;155816.468163;460.8483290000004;5.820766091346741e-11;5.820766091346741e-11;eev,integrated,separated,ws;lintim;SiouxFalls;SiouxFalls;True;False;1e-05;12000;1;2;20;50;200;-5;50;0.75;5;50;50;10;10;16;2.7866;1327;1327
14050693;328;g_000;1;1;30;line_consecutive;0.5;1328;10;28;14-23;4,10;166919.66252100002;167494.061063;168774.30663;179201.813841;574.3985419999808;1280.2455670000054;11707.752777999996;eev,integrated,separated,ws;lintim;SiouxFalls;SiouxFalls;True;False;1e-05;12000;1;2;20;50;200;-5;50;0.75;5;50;50;10;10;16;2.7866;1328;1328
14050693;329;g_000;1;1;30;line_consecutive;0.5;1329;10;29;15-19;9,13,14;159365.5691330036;160366.32287699942;162011.996139;161337.612099;1000.7537439958252;1645.6732620005787;971.2892220005742;eev,integrated,separated,ws;lintim;SiouxFalls;SiouxFalls;True;False;1e-05;12000;1;2;20;50;200;-5;50;0.75;5;50;50;10;10;16;2.7866;1329;1329
14050693;330;g_000;2;1;30;line_consecutive;0.5;1330;11;0;10-11,10-16;1,10;180520.151649;182368.78250700005;184026.499361;193931.249455;1848.630858000048;1657.7168539999402;11562.466947999956;eev,integrated,separated,ws;lintim;SiouxFalls;SiouxFalls;True;False;1e-05;12000;1;2;20;50;200;-5;50;0.75;5;50;50;10;10;16;2.7866;1330;1330
14050693;331;g_000;2;1;30;line_consecutive;0.5;1331;11;1;3-12,11-12;8;186436.227259;186995.74868899427;187535.002371;197857.69419;559.52142999426;539.253682005743;10861.945501005745;eev,integrated,separated,ws;lintim;SiouxFalls;SiouxFalls;True;False;1e-05;12000;1;2;20;50;200;-5;50;0.75;5;50;50;10;10;16;2.7866;1331;1331
14050693;332;g_000;2;1;30;line_consecutive;0.5;1332;11;2;1-3,3-4;4;185998.310742;187579.9614999985;187774.422042;203216.498985;1581.650757998519;194.4605420014705;15636.537485001492;eev,integrated,separated,ws;lintim;SiouxFalls;SiouxFalls;True;False;1e-05;12000;1;2;20;50;200;-5;50;0.75;5;50;50;10;10;16;2.7866;1332;1332
14050693;333;g_000;2;1;30;line_consecutive;0.5;1333;11;3;7-18,18-20;11;155355.6198339999;155816.46816299963;155816.468163;155816.468163;460.8483289997384;3.7834979593753815e-10;3.7834979593753815e-10;eev,integrated,separated,ws;lintim;SiouxFalls;SiouxFalls;True;False;1e-05;12000;1;2;20;50;200;-5;50;0.75;5;50;50;10;10;16;2.7866;1333;1333
14050693;334;g_000;2;1;30;line_consecutive;0.5;1334;11;4;5-9,9-10;9;160770.3892519601;161934.27971199996;163064.457544;162807.758347;1163.890460039867;1130.1778320000449;873.4786350000359;eev,integrated,separated,ws;lintim;SiouxFalls;SiouxFalls;True;False;1e-05;12000;1;2;20;50;200;-5;50;0.75;5;50;50;10;10;16;2.7866;1334;1334
14050693;335;g_000;2;1;30;line_consecutive;0.5;1335;11;5;7-8,7-18;3,11;155394.41096999997;155816.46816299998;155816.468163;155816.468163;422.0571930000151;2.9103830456733704e-11;2.9103830456733704e-11;eev,integrated,separated,ws;lintim;SiouxFalls;SiouxFalls;True;False;1e-05;12000;1;2;20;50;200;-5;50;0.75;5;50;50;10;10;16;2.7866;1335;1335
14050693;336;g_000;2;1;30;line_consecutive;0.5;1336;11;6;14-23,23-24;4;184108.379451;185800.580056;187643.310503;196789.821777;1692.20060500002;1842.73044699998;10989.241721;eev,integrated,separated,ws;lintim;SiouxFalls;SiouxFalls;True;False;1e-05;12000;1;2;20;50;200;-5;50;0.75;5;50;50;10;10;16;2.7866;1336;1336
14050693;337;g_000;2;1;30;line_consecutive;0.5;1337;11;7;15-22,21-22;13;160172.935987;160810.71343200002;162028.08633;162028.08632999996;637.7774450000143;1217.3728979999723;1217.3728979999432;eev,integrated,separated,ws;lintim;SiouxFalls;SiouxFalls;True;False;1e-05;12000;1;2;20;50;200;-5;50;0.75;5;50;50;10;10;16;2.7866;1337;1337
14050693;338;g_000;2;1;30;line_consecutive;0.5;1338;11;8;5-9,8-9;3;160770.3892519601;161934.27971199996;163064.457544;162807.758347;1163.890460039867;1130.1778320000449;873.4786350000359;eev,integrated,separated,ws;lintim;SiouxFalls;SiouxFalls;True;False;1e-05;12000;1;2;20;50;200;-5;50;0.75;5;50;50;10;10;16;2.7866;1338;1338
14050693;339;g_000;2;1;30;line_consecutive;0.5;1339;11;9;20-21,21-24;6;163603.19422899972;164060.75317798983;164628.168304;164628.168304;457.5589489901031;567.4151260101644;567.4151260101644;eev,integrated,separated,ws;lintim;SiouxFalls;SiouxFalls;True;False;1e-05;12000;1;2;20;50;200;-5;50;0.75;5;50;50;10;10;16;2.7866;1339;1339
14050693;340;g_000;2;1;30;line_consecutive;0.5;1340;11;10;10-15,15-19;9;169323.495432;170450.01847399998;172514.715264;175265.55586400017;1126.5230419999862;2064.6967900000163;4815.537390000187;eev,integrated,separated,ws;lintim;SiouxFalls;SiouxFalls;True;False;1e-05;12000;1;2;20;50;200;-5;50;0.75;5;50;50;10;10;16;2.7866;1340;1340
14050693;341;g_000;2;1;30;line_consecutive;0.5;1341;11;11;13-24,21-24;6;164041.026894;165004.39954699983;165985.896054;165985.896054;963.372652999824;981.496507000178;981.496507000178;eev,integrated,separated,ws;lintim;SiouxFalls;SiouxFalls;True;False;1e-05;12000;1;2;20;50;200;-5;50;0.75;5;50;50;10;10;16;2.7866;1341;1341
14050693;342;g_000;2;1;30;line_consecutive;0.5;1342;11;12;17-19,19-20;2;197875.270141;199743.847829;202356.770188;221776.413471;1868.5776880000196;2612.922358999989;22032.565642;eev,integrated,separated,ws;lintim;SiouxFalls;SiouxFalls;True;False;1e-05;12000;1;2;20;50;200;-5;50;0.75;5;50;50;10;10;16;2.7866;1342;1342
14050693;343;g_000;2;1;30;line_consecutive;0.5;1343;11;13;8-16,16-17;2,13;175552.027089;176957.606585038;178498.77726200002;187485.24167600012;1405.5794960380008;1541.1706769620068;10527.63509096214;eev,integrated,separated,ws;lintim;SiouxFalls;SiouxFalls;True;False;1e-05;12000;1;2;20;50;200;-5;50;0.75;5;50;50;10;10;16;2.7866;1343;1343
14050693;344;g_000;2;1;30;line_consecutive;0.5;1344;11;14;1-2,1-3;12;210954.143237;213760.04084599967;216103.701101;222477.1546079684;2805.8976089996577;2343.6602550002863;8717.113761968736;eev,integrated,separated,ws;lintim;SiouxFalls;SiouxFalls;True;False;1e-05;12000;1;2;20;50;200;-5;50;0.75;5;50;50;10;10;16;2.7866;1344;1344
14050693;345;g_000;2;1;30;line_consecutive;0.5;1345;11;15;6-8,8-16;2;179050.04671899998;180459.602344;183440.334419;190782.25347000017;1409.5556250000373;2980.732074999978;10322.651126000155;eev,integrated,separated,ws;lintim;SiouxFalls;SiouxFalls;True;False;1e-05;12000;1;2;20;50;200;-5;50;0.75;5;50;50;10;10;16;2.7866;1345;1345
14050693;346;g_000;2;1;30;line_consecutive;0.5;1346;11;16;15-19,15-22;13;168186.75869;169256.16083600002;171016.35454599827;170751.00280800473;1069.4021460000367;1760.193709998246;1494.8419720047095;eev,integrated,separated,ws;lintim;SiouxFalls;SiouxFalls;True;False;1e-05;12000;1;2;20;50;200;-5;50;0.75;5;50;50;10;10;16;2.7866;1346;1346
14050693;347;g_000;2;1;30;line_consecutive;0.5;1347;11;17;10-17,17-19;14;200030.216688;201620.79319899945;204630.678072;223107.812686;1590.5765109994682;3009.884873000556;21487.019487000536;eev,integrated,separated,ws;lintim;SiouxFalls;SiouxFalls;True;False;1e-05;12000;1;2;20;50;200;-5;50;0.75;5;50;50;10;10;16;2.7866;1347;1347
14050693;348;g_000;2;1;30;line_consecutive;0.5;1348;11;18;7-8,8-9;3,7;155394.41096999988;155816.468163;155816.468163;155816.468163;422.0571930001315;0.0;0.0;eev,integrated,separated,ws;lintim;SiouxFalls;SiouxFalls;True;False;1e-05;12000;1;2;20;50;200;-5;50;0.75;5;50;50;10;10;16;2.7866;1348;1348
14050693;349;g_000;2;1;30;line_consecutive;0.5;1349;11;19;10-16,16-18;1;168901.04595400003;171310.29885949957;173274.23803100002;171805.9561615;2409.25290549954;1963.9391715004456;495.65730200044345;eev,integrated,separated,ws;lintim;SiouxFalls;SiouxFalls;True;False;1e-05;12000;1;2;20;50;200;-5;50;0.75;5;50;50;10;10;16;2.7866;1349;1349
14050693;350;g_000;2;1;30;line_consecutive;0.5;1350;11;20;10-15,15-22;5;168785.30923800002;170274.818382;171836.51374;173715.58844999998;1489.5091439999817;1561.6953579999972;3440.7700679999834;eev,integrated,separated,ws;lintim;SiouxFalls;SiouxFalls;True;False;1e-05;12000;1;2;20;50;200;-5;50;0.75;5;50;50;10;10;16;2.7866;1350;1350
14050693;351;g_000;2;1;30;line_consecutive;0.5;1351;11;21;4-11,11-14;4;183718.512636;184819.2236059914;186101.355145;195182.67204899783;1100.7109699914;1282.1315390086093;10363.448443006431;eev,integrated,separated,ws;lintim;SiouxFalls;SiouxFalls;True;False;1e-05;12000;1;2;20;50;200;-5;50;0.75;5;50;50;10;10;16;2.7866;1351;1351
14050693;352;g_000;2;1;30;line_consecutive;0.5;1352;11;22;15-22,22-23;5;160878.20180799998;162055.64505999998;163407.949883;163407.949883;1177.4432519999973;1352.3048230000131;1352.3048230000131;eev,integrated,separated,ws;lintim;SiouxFalls;SiouxFalls;True;False;1e-05;12000;1;2;20;50;200;-5;50;0.75;5;50;50;10;10;16;2.7866;1352;1352
14050693;353;g_000;2;1;30;line_consecutive;0.5;1353;11;23;3-4,4-5;3;182347.403575;184677.7966230001;186965.00636398487;193214.25171591103;2330.3930480000854;2287.209740984777;8536.45509291094;eev,integrated,separated,ws;lintim;SiouxFalls;SiouxFalls;True;False;1e-05;12000;1;2;20;50;200;-5;50;0.75;5;50;50;10;10;16;2.7866;1353;1353
14050693;354;g_000;2;1;30;line_consecutive;0.5;1354;11;24;11-12,11-14;8;198319.147255;198207.91825799365;199528.173667;220008.233371;-111.22899700634298;1320.2554090063495;21800.315113006363;eev,integrated,separated,ws;lintim;SiouxFalls;SiouxFalls;True;False;1e-05;12000;1;2;20;50;200;-5;50;0.75;5;50;50;10;10;16;2.7866;1354;1354
14050693;355;g_000;2;1;30;line_consecutive;0.5;1355;11;25;9-10,10-11;7;183787.348007;185590.7328649947;188177.69284699767;198882.442941;1803.384857994708;2586.959982002969;13291.710076005256;eev,integrated,separated,ws;lintim;SiouxFalls;SiouxFalls;True;False;1e-05;12000;1;2;20;50;200;-5;50;0.75;5;50;50;10;10;16;2.7866;1355;1355
14050693;356;g_000;2;1;30;line_consecutive;0.5;1356;11;26;10-11,11-14;10;207275.0520820604;208578.7125230256;211056.635994;230388.310254;1303.6604409652064;2477.923470974405;21809.597730974405;eev,integrated,separated,ws;lintim;SiouxFalls;SiouxFalls;True;False;1e-05;12000;1;2;20;50;200;-5;50;0.75;5;50;50;10;10;16;2.7866;1356;1356
14050693;357;g_000;2;1;30;line_consecutive;0.5;1357;11;27;16-17,17-19;2,13;200030.216688;201620.79319899945;204630.678072;223107.812686;1590.5765109994682;3009.884873000556;21487.019487000536;eev,integrated,separated,ws;lintim;SiouxFalls;SiouxFalls;True;False;1e-05;12000;1;2;20;50;200;-5;50;0.75;5;50;50;10;10;16;2.7866;1357;1357
14050693;358;g_000;2;1;30;line_consecutive;0.5;1358;11;28;1-3,3-12;8,12;183903.375824;185420.003175;185967.247163;194242.54283099924;1516.6273510000028;547.243988000002;8822.539655999251;eev,integrated,separated,ws;lintim;SiouxFalls;SiouxFalls;True;False;1e-05;12000;1;2;20;50;200;-5;50;0.75;5;50;50;10;10;16;2.7866;1358;1358
14050693;359;g_000;2;1;30;line_consecutive;0.5;1359;11;29;3-4,4-11;4;182347.403575;184677.7966230001;186965.00636398487;193214.25171591103;2330.3930480000854;2287.209740984777;8536.45509291094;eev,integrated,separated,ws;lintim;SiouxFalls;SiouxFalls;True;False;1e-05;12000;1;2;20;50;200;-5;50;0.75;5;50;50;10;10;16;2.7866;1359;1359
14050693;360;g_000;1;1;30;line_consecutive;0.5;1360;12;0;1-2;12;129831.93556399978;129831.93556399526;129831.93556399592;129831.93556400025;-4.525645636022091e-09;6.693881005048752e-10;4.99130692332983e-09;eev,integrated,separated,ws;lintim;SiouxFalls;SiouxFalls;True;False;1e-05;12000;1;2;20;50;200;-5;50;1.0;1;50;50;10;10;16;2.7866;1360;1360
14050693;361;g_000;1;1;30;line_consecutive;0.5;1361;12;1;14-15;14;129908.563194;129985.1908241749;130639.56375500094;130639.5637547751;76.62763017490215;654.3729308260372;654.3729306001915;eev,integrated,separated,ws;lintim;SiouxFalls;SiouxFalls;True;False;1e-05;12000;1;2;20;50;200;-5;50;1.0;1;50;50;10;10;16;2.7866;1361;1361
14050693;362;g_000;1;1;30;line_consecutive;0.5;1362;12;2;21-24;6;133630.884564;133987.4894149538;133987.48941499591;133987.4894149762;356.6048509537941;4.2113242670893676e-08;2.2409949451684952e-08;eev,integrated,separated,ws;lintim;SiouxFalls;SiouxFalls;True;False;1e-05;12000;1;2;20;50;200;-5;50;1.0;1;50;50;10;10;16;2.7866;1362;1362
14050693;363;g_000;1;1;30;line_consecutive;0.5;1363;12;3;16-17;2,13;142935.249956;144886.86646699836;147275.17992399592;153302.643595;1951.6165109983413;2388.3134569975664;8415.777128001646;eev,integrated,separated,ws;lintim;SiouxFalls;SiouxFalls;True;False;1e-05;12000;1;2;20;50;200;-5;50;1.0;1;50;50;10;10;16;2.7866;1363;1363
14050693;364;g_000;1;1;30;line_consecutive;0.5;1364;12;4;6-8;2;146015.83788799998;146917.55126;147908.70876199592;154918.2396150572;901.7133720000274;991.1575019959128;8000.68835505718;eev,integrated,separated,ws;lintim;SiouxFalls;SiouxFalls;True;False;1e-05;12000;1;2;20;50;200;-5;50;1.0;1;50;50;10;10;16;2.7866;1364;1364
14050693;365;g_000;1;1;30;line_consecutive;0.5;1365;12;5;23-24;4;141579.797066;142483.84860499564;142503.00156499594;147473.0212710001;904.0515389956416;19.152960000297757;4989.172666004452;eev,integrated,separated,ws;lintim;SiouxFalls;SiouxFalls;True;False;1e-05;12000;1;2;20;50;200;-5;50;1.0;1;50;50;10;10;16;2.7866;1365;1365
14050693;366;g_000;1;1;30;line_consecutive;0.5;1366;12;6;21-22;13;129831.935564;129831.93556399966;129831.93556399592;129831.93556399998;-3.346940502524376e-10;-3.739842213690281e-09;3.2014213502407074e-10;eev,integrated,separated,ws;lintim;SiouxFalls;SiouxFalls;True;False;1e-05;12000;1;2;20;50;200;-5;50;1.0;1;50;50;10;10;16;2.7866;1366;1366
14050693;367;g_000;1;1;30;line_consecutive;0.5;1367;12;7;8-9;3,7;129870.72850390036;129909.52144374668;130831.33203399592;130831.33203399998;38.792939846316585;921.8105902492388;921.8105902532988;eev,integrated,separated,ws;lintim;SiouxFalls;SiouxFalls;True;False;1e-05;12000;1;2;20;50;200;-5;50;1.0;1;50;50;10;10;16;2.7866;1367;1367
14050693;368;g_000;1;1;30;line_consecutive;0.5;1368;12;8;9-10;7,9;137098.2833309668;138504.25507999994;139238.89820199594;138504.2550799996;1405.9717490331386;734.6431219959923;-3.4924596548080444e-10;eev,integrated,separated,ws;lintim;SiouxFalls;SiouxFalls;True;False;1e-05;12000;1;2;20;50;200;-5;50;1.0;1;50;50;10;10;16;2.7866;1368;1368
14050693;369;g_000;1;1;30;line_consecutive;0.5;1369;12;9;7-8;3,7,11;129870.72850388382;129909.52144390532;130831.33203399592;130831.332034;38.79294002150709;921.810590090594;921.810590094683;eev,integrated,separated,ws;lintim;SiouxFalls;SiouxFalls;True;False;1e-05;12000;1;2;20;50;200;-5;50;1.0;1;50;50;10;10;16;2.7866;1369;1369
14050693;370;g_000;1;1;30;line_consecutive;0.5;1370;12;10;10-16;1,10;139960.283618;141994.93216999946;144395.7841989678;142241.182992025;2034.6485519994749;2400.8520289683365;246.25082202552585;eev,integrated,separated,ws;lintim;SiouxFalls;SiouxFalls;True;False;1e-05;12000;1;2;20;50;200;-5;50;1.0;1;50;50;10;10;16;2.7866;1370;1370
14050693;371;g_000;1;1;30;line_consecutive;0.5;1371;12;11;17-19;2,13,14;165451.94139;168196.79065697483;168196.79065699593;184410.479941;2744.849266974837;2.1100277081131932e-08;16213.689284025168;eev,integrated,separated,ws;lintim;SiouxFalls;SiouxFalls;True;False;1e-05;12000;1;2;20;50;200;-5;50;1.0;1;50;50;10;10;16;2.7866;1371;1371
14050693;372;g_000;1;1;30;line_consecutive;0.5;1372;12;12;12-13;12;129831.93556399988;129831.93556396091;129831.93556399592;129831.93556400025;-3.8970028981566436e-08;3.5011908039450645e-08;3.93338268622756e-08;eev,integrated,separated,ws;lintim;SiouxFalls;SiouxFalls;True;False;1e-05;12000;1;2;20;50;200;-5;50;1.0;1;50;50;10;10;16;2.7866;1372;1372
14050693;373;g_000;1;1;30;line_consecutive;0.5;1373;12;13;11-14;4,8,10;155515.21236599996;157489.89876199828;158066.41382099592;163834.91477600002;1974.6863959983168;576.5150589976402;6345.01601400174;eev,integrated,separated,ws;lintim;SiouxFalls;SiouxFalls;True;False;1e-05;12000;1;2;20;50;200;-5;50;1.0;1;50;50;10;10;16;2.7866;1373;1373
14050693;374;g_000;1;1;30;line_consecutive;0.5;1374;12;14;20-22;11;129831.93556399998;129831.93556398952;129831.93556399592;129831.93555939617;-1.0462827049195766e-08;6.402842700481415e-09;-4.593355697579682e-06;eev,integrated,separated,ws;lintim;SiouxFalls;SiouxFalls;True;False;1e-05;12000;1;2;20;50;200;-5;50;1.0;1;50;50;10;10;16;2.7866;1374;1374
14050693;375;g_000;1;1;30;line_consecutive;0.5;1375;12;15;2-6;2;153571.64859100003;155805.29968196442;156297.20325099592;162980.51725799998;2233.651090964384;491.9035690315068;7175.21757603556;eev,integrated,separated,ws;lintim;SiouxFalls;SiouxFalls;True;False;1e-05;12000;1;2;20;50;200;-5;50;1.0;1;50;50;10;10;16;2.7866;1375;1375
14050693;376;g_000;1;1;30;line_consecutive;0.5;1376;12;16;1-3;4,8,12;155882.1482759998;157119.67460293122;157119.67460299592;162366.262115;1237.526326931431;6.469781510531902e-08;5246.587512068771;eev,integrated,separated,ws;lintim;SiouxFalls;SiouxFalls;True;False;1e-05;12000;1;2;20;50;200;-5;50;1.0;1;50;50;10;10;16;2.7866;1376;1376
14050693;377;g_000;1;1;30;line_consecutive;0.5;1377;12;17;7-18;3,11;129870.72850392824;129909.52144393706;130831.33203399592;130831.33203226051;38.79294000881782;921.8105900588562;921.810588323453;eev,integrated,separated,ws;lintim;SiouxFalls;SiouxFalls;True;False;1e-05;12000;1;2;20;50;200;-5;50;1.0;1;50;50;10;10;16;2.7866;1377;1377
14050693;378;g_000;1;1;30;line_consecutive;0.5;1378;12;18;4-11;4;144765.6023;147588.01331999846;148218.8695169959;151453.61820400006;2822.411019998457;630.8561969974544;3865.604884001601;eev,integrated,separated,ws;lintim;SiouxFalls;SiouxFalls;True;False;1e-05;12000;1;2;20;50;200;-5;50;1.0;1;50;50;10;10;16;2.7866;1378;1378
14050693;379;g_000;1;1;30;line_consecutive;0.5;1379;12;19;10-17;14;129908.563194;129985.1908240097;130639.56375500264;130639.56375477675;76.62763000969426;654.3729309929477;654.3729307670583;eev,integrated,separated,ws;lintim;SiouxFalls;SiouxFalls;True;False;1e-05;12000;1;2;20;50;200;-5;50;1.0;1;50;50;10;10;16;2.7866;1379;1379
14050693;380;g_000;1;1;30;line_consecutive;0.5;1380;12;20;22-23;5;134503.61349299995;134946.6449429859;134946.64494299592;134946.64494299993;443.0314499859524;1.0011717677116394e-08;1.4028046280145643e-08;eev,integrated,separated,ws;lintim;SiouxFalls;SiouxFalls;True;False;1e-05;12000;1;2;20;50;200;-5;50;1.0;1;50;50;10;10;16;2.7866;1380;1380
14050693;381;g_000;1;1;30;line_consecutive;0.5;1381;12;21;19-20;2;149002.835472996;150717.92492;150887.59046299593;157900.433728;1715.089447003993;169.66554299593554;7182.508808000013;eev,integrated,separated,ws;lintim;SiouxFalls;SiouxFalls;True;False;1e-05;12000;1;2;20;50;200;-5;50;1.0;1;50;50;10;10;16;2.7866;1381;1381
14050693;382;g_000;1;1;30;line_consecutive;0.5;1382;12;22;5-6;9;136605.358362;137667.82055199743;138072.96562199594;138114.12764399982;1062.46218999743;405.1450699985144;446.30709200238925;eev,integrated,separated,ws;lintim;SiouxFalls;SiouxFalls;True;False;1e-05;12000;1;2;20;50;200;-5;50;1.0;1;50;50;10;10;16;2.7866;1382;1382
14050693;383;g_000;1;1;30;line_consecutive;0.5;1383;12;23;11-12;1,7,8;146209.344742;149796.198082;150938.7205829959;153377.31412499998;3586.853340000001;1142.522500995925;3581.1160429999877;eev,integrated,separated,ws;lintim;SiouxFalls;SiouxFalls;True;False;1e-05;12000;1;2;20;50;200;-5;50;1.0;1;50;50;10;10;16;2.7866;1383;1383
14050693;384;g_000;1;1;30;line_consecutive;0.5;1384;12;24;4-5;3;129870.72850399962;129909.521443928;130831.33203399592;130831.3320339484;38.79293992837484;921.810590067922;921.81059002041;eev,integrated,separated,ws;lintim;SiouxFalls;SiouxFalls;True;False;1e-05;12000;1;2;20;50;200;-5;50;1.0;1;50;50;10;10;16;2.7866;1384;1384
14050693;385;g_000;1;1;30;line_consecutive;0.5;1385;12;25;8-16;2,10,13;147646.45074899998;149104.580088;150389.81878699592;158812.2247794949;1458.1293390000064;1285.238698995934;9707.644691494905;eev,integrated,separated,ws;lintim;SiouxFalls;SiouxFalls;True;False;1e-05;12000;1;2;20;50;200;-5;50;1.0;1;50;50;10;10;16;2.7866;1385;1385
14050693;386;g_000;1;1;30;line_consecutive;0.5;1386;12;26;5-9;3,9;136605.358362;137497.37273187452;138437.25554999593;139233.36971185086;892.0143698745233;939.8828181214049;1735.9969799763348;eev,integrated,separated,ws;lintim;SiouxFalls;SiouxFalls;True;False;1e-05;12000;1;2;20;50;200;-5;50;1.0;1;50;50;10;10;16;2.7866;1386;1386
14050693;387;g_000;1;1;30;line_consecutive;0.5;1387;12;27;10-15;5,9;143582.084719;145555.48941398333;145566.19028199592;150479.82698498154;1973.404694983328;10.700868012587309;4924.337570998207;eev,integrated,separated,ws;lintim;SiouxFalls;SiouxFalls;True;False;1e-05;12000;1;2;20;50;200;-5;50;1.0;1;50;50;10;10;16;2.7866;1387;1387
14050693;388;g_000;1;1;30;line_consecutive;0.5;1388;12;28;15-19;9,13,14;136932.78457;138114.12764395625;138742.10039599592;138114.1276439999;1181.343073956261;627.97275203967;4.365574568510056e-08;eev,integrated,separated,ws;lintim;SiouxFalls;SiouxFalls;True;False;1e-05;12000;1;2;20;50;200;-5;50;1.0;1;50;50;10;10;16;2.7866;1388;1388
14050693;389;g_000;1;1;30;line_consecutive;0.5;1389;12;29;14-23;4,10;142004.368075;143006.6434728743;143451.30202799593;151912.6122239997;1002.2753978742984;444.6585551216267;8905.968751125387;eev,integrated,separated,ws;lintim;SiouxFalls;SiouxFalls;True;False;1e-05;12000;1;2;20;50;200;-5;50;1.0;1;50;50;10;10;16;2.7866;1389;1389
14050693;390;g_000;2;1;30;line_consecutive;0.5;1390;13;0;10-17,17-19;14;173561.69143500002;175249.25957998598;177682.4240919959;191016.581369;1687.5681449859694;2433.164512009913;15767.321789014008;eev,integrated,separated,ws;lintim;SiouxFalls;SiouxFalls;True;False;1e-05;12000;1;2;20;50;200;-5;50;1.0;1;50;50;10;10;16;2.7866;1390;1390
14050693;391;g_000;2;1;30;line_consecutive;0.5;1391;13;1;1-3,3-4;4;158280.96887999983;159477.92461992864;159477.9246199959;168923.49794299912;1196.955739928817;6.725895218551159e-08;9445.57332307048;eev,integrated,separated,ws;lintim;SiouxFalls;SiouxFalls;True;False;1e-05;12000;1;2;20;50;200;-5;50;1.0;1;50;50;10;10;16;2.7866;1391;1391
14050693;392;g_000;2;1;30;line_consecutive;0.5;1392;13;2;6-8,8-16;2;150901.048774;153518.68734500004;155755.66750999592;163772.4023694949;2617.638571000047;2236.9801649958827;10253.715024494855;eev,integrated,separated,ws;lintim;SiouxFalls;SiouxFalls;True;False;1e-05;12000;1;2;20;50;200;-5;50;1.0;1;50;50;10;10;16;2.7866;1392;1392
14050693;393;g_000;2;1;30;line_consecutive;0.5;1393;13;3;1-2,1-3;12;185691.789266;189728.2102069973;190749.085861996;193234.216832;4036.420940997312;1020.8756549986427;3506.006625002686;eev,integrated,separated,ws;lintim;SiouxFalls;SiouxFalls;True;False;1e-05;12000;1;2;20;50;200;-5;50;1.0;1;50;50;10;10;16;2.7866;1393;1393
14050693;394;g_000;2;1;30;line_consecutive;0.5;1394;13;4;11-14,14-23;4,10;170808.66405799994;173940.53767737438;175313.1926369959;179113.006955;3131.8736193744408;1372.654959621519;5172.469277625612;eev,integrated,separated,ws;lintim;SiouxFalls;SiouxFalls;True;False;1e-05;12000;1;2;20;50;200;-5;50;1.0;1;50;50;10;10;16;2.7866;1394;1394
14050693;395;g_000;2;1;30;line_consecutive;0.5;1395;13;5;7-8,7-18;3,11;129870.72850399972;129909.5214439767;130831.33203399592;130831.332034;38.79293997697823;921.8105900192168;921.8105900233058;eev,integrated,separated,ws;lintim;SiouxFalls;SiouxFalls;True;False;1e-05;12000;1;2;20;50;200;-5;50;1.0;1;50;50;10;10;16;2.7866;1395;1395
14050693;396;g_000;2;1;30;line_consecutive;0.5;1396;13;6;5-6,5-9;9;136605.35836201467;137667.82055200002;138667.6729319959;139233.36971185083;1062.462189985352;999.852379995893;1565.5491598508088;eev,integrated,separated,ws;lintim;SiouxFalls;SiouxFalls;True;False;1e-05;12000;1;2;20;50;200;-5;50;1.0;1;50;50;10;10;16;2.7866;1396;1396
14050693;397;g_000;2;1;30;line_consecutive;0.5;1397;13;7;10-16,16-18;1;141980.857706;144174.77235199997;147328.91695699593;145275.34847498636;2193.914645999961;3154.144604995963;1100.5761229863856;eev,integrated,separated,ws;lintim;SiouxFalls;SiouxFalls;True;False;1e-05;12000;1;2;20;50;200;-5;50;1.0;1;50;50;10;10;16;2.7866;1397;1397
14050693;398;g_000;2;1;30;line_consecutive;0.5;1398;13;8;15-22,22-23;5;136091.703044;137734.8916379992;137734.89163799572;137734.8916379489;1643.1885939991917;-3.4633558243513103e-09;-5.0291419029235846e-08;eev,integrated,separated,ws;lintim;SiouxFalls;SiouxFalls;True;False;1e-05;12000;1;2;20;50;200;-5;50;1.0;1;50;50;10;10;16;2.7866;1398;1398
14050693;399;g_000;2;1;30;line_consecutive;0.5;1399;13;9;8-16,16-17;2,13;150460.996614;152684.08916499998;152684.08916497222;162450.10409749488;2223.09255099998;-2.7765054255723957e-08;9766.014932494902;eev,integrated,separated,ws;lintim;SiouxFalls;SiouxFalls;True;False;1e-05;12000;1;2;20;50;200;-5;50;1.0;1;50;50;10;10;16;2.7866;1399;1399
14050693;400;g_000;2;1;30;line_consecutive;0.5;1400;13;10;4-5,5-9;3;136605.35836201467;137667.82055200002;138667.6729319959;139233.36971185083;1062.462189985352;999.852379995893;1565.5491598508088;eev,integrated,separated,ws;lintim;SiouxFalls;SiouxFalls;True;False;1e-05;12000;1;2;20;50;200;-5;50;1.0;1;50;50;10;10;16;2.7866;1400;1400
14050693;401;g_000;2;1;30;line_consecutive;0.5;1401;13;11;14-15,15-19;14;136932.78457;138114.12764401408;138742.10039599592;138114.1276439999;1181.3430740140902;627.9727519818407;-1.4173565432429314e-08;eev,integrated,separated,ws;lintim;SiouxFalls;SiouxFalls;True;False;1e-05;12000;1;2;20;50;200;-5;50;1.0;1;50;50;10;10;16;2.7866;1401;1401
14050693;402;g_000;2;1;30;line_consecutive;0.5;1402;13;12;3-12,12-13;12;129831.935564;129831.93556399876;129831.93556399592;129831.93556381624;-1.2369127944111822e-09;-2.837623469531536e-09;-1.8252467270940545e-07;eev,integrated,separated,ws;lintim;SiouxFalls;SiouxFalls;True;False;1e-05;12000;1;2;20;50;200;-5;50;1.0;1;50;50;10;10;16;2.7866;1402;1402
14050693;403;g_000;2;1;30;line_consecutive;0.5;1403;13;13;4-11,11-14;4;157645.48924599998;159395.19409400003;161068.92454599592;165699.13844200002;1749.7048480000522;1673.7304519958852;6303.94434799999;eev,integrated,separated,ws;lintim;SiouxFalls;SiouxFalls;True;False;1e-05;12000;1;2;20;50;200;-5;50;1.0;1;50;50;10;10;16;2.7866;1403;1403
14050693;404;g_000;2;1;30;line_consecutive;0.5;1404;13;14;3-4,4-5;3;154870.15484499998;157996.96691801614;159688.92369799592;160823.663969;3126.812073016161;1691.9567799797803;2826.697050983843;eev,integrated,separated,ws;lintim;SiouxFalls;SiouxFalls;True;False;1e-05;12000;1;2;20;50;200;-5;50;1.0;1;50;50;10;10;16;2.7866;1404;1404
14050693;405;g_000;2;1;30;line_consecutive;0.5;1405;13;15;15-19,17-19;13,14;177694.865924;180887.44666150017;183320.6111734959;197772.891717;3192.5807375001605;2433.1645119957398;16885.44505549982;eev,integrated,separated,ws;lintim;SiouxFalls;SiouxFalls;True;False;1e-05;12000;1;2;20;50;200;-5;50;1.0;1;50;50;10;10;16;2.7866;1405;1405
14050693;406;g_000;2;1;30;line_consecutive;0.5;1406;13;16;8-16,10-16;10;152658.64340399997;153496.56734299933;155941.6214819959;164781.788811;837.92393899936;2445.05413899658;11285.221468000673;eev,integrated,separated,ws;lintim;SiouxFalls;SiouxFalls;True;False;1e-05;12000;1;2;20;50;200;-5;50;1.0;1;50;50;10;10;16;2.7866;1406;1406
14050693;407;g_000;2;1;30;line_consecutive;0.5;1407;13;17;16-17,17-19;2,13;173561.69143500002;175249.25957998598;177682.4240919959;191016.581369;1687.5681449859694;2433.164512009913;15767.321789014008;eev,integrated,separated,ws;lintim;SiouxFalls;SiouxFalls;True;False;1e-05;12000;1;2;20;50;200;-5;50;1.0;1;50;50;10;10;16;2.7866;1407;1407
14050693;408;g_000;2;1;30;line_consecutive;0.5;1408;13;18;9-10,10-15;9;144799.364636;146547.5367538292;146547.53675399593;152335.1332729358;1748.1721178291773;1.667358446866274e-07;5787.596519106621;eev,integrated,separated,ws;lintim;SiouxFalls;SiouxFalls;True;False;1e-05;12000;1;2;20;50;200;-5;50;1.0;1;50;50;10;10;16;2.7866;1408;1408
14050693;409;g_000;2;1;30;line_consecutive;0.5;1409;13;19;3-4,4-11;4;154870.15484499998;157996.96691801614;159688.92369799592;160823.663969;3126.812073016161;1691.9567799797803;2826.697050983843;eev,integrated,separated,ws;lintim;SiouxFalls;SiouxFalls;True;False;1e-05;12000;1;2;20;50;200;-5;50;1.0;1;50;50;10;10;16;2.7866;1409;1409
14050693;410;g_000;2;1;30;line_consecutive;0.5;1410;13;20;9-10,10-11;7;155538.06080900002;158198.96982499998;159494.69179599592;165280.05776699982;2660.9090159999614;1295.7219709959463;7081.087941999838;eev,integrated,separated,ws;lintim;SiouxFalls;SiouxFalls;True;False;1e-05;12000;1;2;20;50;200;-5;50;1.0;1;50;50;10;10;16;2.7866;1410;1410
14050693;411;g_000;2;1;30;line_consecutive;0.5;1411;13;21;5-9,9-10;9;137604.6261180941;138164.404512;138642.40451199593;140162.181946;559.7783939059009;477.9999999959255;1997.7774339999887;eev,integrated,separated,ws;lintim;SiouxFalls;SiouxFalls;True;False;1e-05;12000;1;2;20;50;200;-5;50;1.0;1;50;50;10;10;16;2.7866;1411;1411
14050693;412;g_000;2;1;30;line_consecutive;0.5;1412;13;22;10-11,11-12;1,7;155350.899875;158182.9323679978;159235.09449199593;165350.7066889999;2832.032492997794;1052.1621239981323;7167.7743210021;eev,integrated,separated,ws;lintim;SiouxFalls;SiouxFalls;True;False;1e-05;12000;1;2;20;50;200;-5;50;1.0;1;50;50;10;10;16;2.7866;1412;1412
14050693;413;g_000;2;1;30;line_consecutive;0.5;1413;13;23;18-20,20-22;11;129831.935564;129831.93556395914;129831.93556399592;129831.93555939617;-4.0861777961254126e-08;3.67872416973114e-08;-4.562971298582852e-06;eev,integrated,separated,ws;lintim;SiouxFalls;SiouxFalls;True;False;1e-05;12000;1;2;20;50;200;-5;50;1.0;1;50;50;10;10;16;2.7866;1413;1413
14050693;414;g_000;2;1;30;line_consecutive;0.5;1414;13;24;15-19,15-22;13;144275.923048;146074.34491602503;146085.0457839959;146874.03317697236;1798.4218680250342;10.700867970881518;799.688260947325;eev,integrated,separated,ws;lintim;SiouxFalls;SiouxFalls;True;False;1e-05;12000;1;2;20;50;200;-5;50;1.0;1;50;50;10;10;16;2.7866;1414;1414
14050693;415;g_000;2;1;30;line_consecutive;0.5;1415;13;25;3-12,11-12;8;159229.004006;159766.38033599997;160079.91064499592;166651.07390799996;537.37632999997;313.5303089959489;6884.693571999989;eev,integrated,separated,ws;lintim;SiouxFalls;SiouxFalls;True;False;1e-05;12000;1;2;20;50;200;-5;50;1.0;1;50;50;10;10;16;2.7866;1415;1415
14050693;416;g_000;2;1;30;line_consecutive;0.5;1416;13;26;2-6,6-8;2;157133.52638100003;160102.21405899015;160594.11762799593;166113.24858099996;2968.6876779901213;491.903569005779;6011.03452200981;eev,integrated,separated,ws;lintim;SiouxFalls;SiouxFalls;True;False;1e-05;12000;1;2;20;50;200;-5;50;1.0;1;50;50;10;10;16;2.7866;1416;1416
14050693;417;g_000;2;1;30;line_consecutive;0.5;1417;13;27;10-11,10-16;1,10;151673.320804;154135.03196899997;155192.20045599592;159073.3555709999;2461.711164999986;1057.1684869959429;4938.323601999931;eev,integrated,separated,ws;lintim;SiouxFalls;SiouxFalls;True;False;1e-05;12000;1;2;20;50;200;-5;50;1.0;1;50;50;10;10;16;2.7866;1417;1417
14050693;418;g_000;2;1;30;line_consecutive;0.5;1418;13;28;15-22,21-22;13;135421.303044;136297.37709192457;136297.3770919959;136297.3770919491;876.0740479245724;7.133348844945432e-08;2.4534529075026512e-08;eev,integrated,separated,ws;lintim;SiouxFalls;SiouxFalls;True;False;1e-05;12000;1;2;20;50;200;-5;50;1.0;1;50;50;10;10;16;2.7866;1418;1418
14050693;419;g_000;2;1;30;line_consecutive;0.5;1419;13;29;11-12,11-14;8;167959.69510399998;169749.7036710163;170215.29218599587;181904.8903149996;1790.0085670163098;465.5885149795795;12155.186643983296;eev,integrated,separated,ws;lintim;SiouxFalls;SiouxFalls;True;False;1e-05;12000;1;2;20;50;200;-5;50;1.0;1;50;50;10;10;16;2.7866;1419;1419
14050693;420;g_000;1;1;30;line_consecutive;0.5;1420;14;0;6-8;2;146015.83788799998;146917.55126;147908.70876199592;154918.2396150572;901.7133720000274;991.1575019959128;8000.68835505718;eev,integrated,separated,ws;lintim;SiouxFalls;SiouxFalls;True;False;1e-05;12000;1;2;20;50;200;-5;50;1.0;2;50;50;10;10;16;2.7866;1420;1420
14050693;421;g_000;1;1;30;line_consecutive;0.5;1421;14;1;22-23;5;134503.61349299995;134946.6449429859;134946.64494299592;134946.64494299993;443.0314499859524;1.0011717677116394e-08;1.4028046280145643e-08;eev,integrated,separated,ws;lintim;SiouxFalls;SiouxFalls;True;False;1e-05;12000;1;2;20;50;200;-5;50;1.0;2;50;50;10;10;16;2.7866;1421;1421
14050693;422;g_000;1;1;30;line_consecutive;0.5;1422;14;2;10-17;14;129908.563194;129985.1908240097;130639.56375500264;130639.56375477675;76.62763000969426;654.3729309929477;654.3729307670583;eev,integrated,separated,ws;lintim;SiouxFalls;SiouxFalls;True;False;1e-05;12000;1;2;20;50;200;-5;50;1.0;2;50;50;10;10;16;2.7866;1422;1422
14050693;423;g_000;1;1;30;line_consecutive;0.5;1423;14;3;14-15;14;129908.563194;129985.1908241749;130639.56375500094;130639.5637547751;76.62763017490215;654.3729308260372;654.3729306001915;eev,integrated,separated,ws;lintim;SiouxFalls;SiouxFalls;True;False;1e-05;12000;1;2;20;50;200;-5;50;1.0;2;50;50;10;10;16;2.7866;1423;1423
14050693;424;g_000;1;1;30;line_consecutive;0.5;1424;14;4;1-3;4,8,12;155882.1482759998;157119.67460293122;157119.67460299592;162366.262115;1237.526326931431;6.469781510531902e-08;5246.587512068771;eev,integrated,separated,ws;lintim;SiouxFalls;SiouxFalls;True;False;1e-05;12000;1;2;20;50;200;-5;50;1.0;2;50;50;10;10;16;2.7866;1424;1424
14050693;425;g_000;1;1;30;line_consecutive;0.5;1425;14;5;11-14;4,8,10;155515.21236599996;157489.89876199828;158066.41382099592;163834.91477600002;1974.6863959983168;576.5150589976402;6345.01601400174;eev,integrated,separated,ws;lintim;SiouxFalls;SiouxFalls;True;False;1e-05;12000;1;2;20;50;200;-5;50;1.0;2;50;50;10;10;16;2.7866;1425;1425
14050693;426;g_000;1;1;30;line_consecutive;0.5;1426;14;6;21-24;6;133630.884564;133987.4894149538;133987.48941499591;133987.4894149762;356.6048509537941;4.2113242670893676e-08;2.2409949451684952e-08;eev,integrated,separated,ws;lintim;SiouxFalls;SiouxFalls;True;False;1e-05;12000;1;2;20;50;200;-5;50;1.0;2;50;50;10;10;16;2.7866;1426;1426
14050693;427;g_000;1;1;30;line_consecutive;0.5;1427;14;7;2-6;2;153571.64859100003;155805.29968196442;156297.20325099592;162980.51725799998;2233.651090964384;491.9035690315068;7175.21757603556;eev,integrated,separated,ws;lintim;SiouxFalls;SiouxFalls;True;False;1e-05;12000;1;2;20;50;200;-5;50;1.0;2;50;50;10;10;16;2.7866;1427;1427
14050693;428;g_000;1;1;30;line_consecutive;0.5;1428;14;8;12-13;12;129831.93556399988;129831.93556396091;129831.93556399592;129831.93556400025;-3.8970028981566436e-08;3.5011908039450645e-08;3.93338268622756e-08;eev,integrated,separated,ws;lintim;SiouxFalls;SiouxFalls;True;False;1e-05;12000;1;2;20;50;200;-5;50;1.0;2;50;50;10;10;16;2.7866;1428;1428
14050693;429;g_000;1;1;30;line_consecutive;0.5;1429;14;9;8-9;3,7;129870.72850390036;129909.52144374668;130831.33203399592;130831.33203399998;38.792939846316585;921.8105902492388;921.8105902532988;eev,integrated,separated,ws;lintim;SiouxFalls;SiouxFalls;True;False;1e-05;12000;1;2;20;50;200;-5;50;1.0;2;50;50;10;10;16;2.7866;1429;1429
14050693;430;g_000;1;1;30;line_consecutive;0.5;1430;14;10;13-24;6;138113.913123;138746.42365700004;138746.42365699593;138746.4236569762;632.51053400003;-4.103640094399452e-09;-2.3836037144064903e-08;eev,integrated,separated,ws;lintim;SiouxFalls;SiouxFalls;True;False;1e-05;12000;1;2;20;50;200;-5;50;1.0;2;50;50;10;10;16;2.7866;1430;1430
14050693;431;g_000;1;1;30;line_consecutive;0.5;1431;14;11;20-21;6;133334.6823889999;133657.53556397185;133657.53555009904;133657.53555007934;322.85317497194046;-1.3872806448489428e-05;-1.3892509741708636e-05;eev,integrated,separated,ws;lintim;SiouxFalls;SiouxFalls;True;False;1e-05;12000;1;2;20;50;200;-5;50;1.0;2;50;50;10;10;16;2.7866;1431;1431
14050693;432;g_000;1;1;30;line_consecutive;0.5;1432;14;12;3-12;8,12;129831.93556399978;129831.93556399872;129831.93556399594;129831.93556381624;-1.0622898116707802e-09;-2.7794158086180687e-09;-1.8248101696372035e-07;eev,integrated,separated,ws;lintim;SiouxFalls;SiouxFalls;True;False;1e-05;12000;1;2;20;50;200;-5;50;1.0;2;50;50;10;10;16;2.7866;1432;1432
14050693;433;g_000;1;1;30;line_consecutive;0.5;1433;14;13;10-11;1,7,10;147754.679475;149820.9075899647;151071.31233499598;155120.22181590038;2066.2281149647024;1250.4047450312646;5299.314225935668;eev,integrated,separated,ws;lintim;SiouxFalls;SiouxFalls;True;False;1e-05;12000;1;2;20;50;200;-5;50;1.0;2;50;50;10;10;16;2.7866;1433;1433
14050693;434;g_000;1;1;30;line_consecutive;0.5;1434;14;14;7-18;3,11;129870.72850392824;129909.52144393706;130831.33203399592;130831.33203226051;38.79294000881782;921.8105900588562;921.810588323453;eev,integrated,separated,ws;lintim;SiouxFalls;SiouxFalls;True;False;1e-05;12000;1;2;20;50;200;-5;50;1.0;2;50;50;10;10;16;2.7866;1434;1434
14050693;435;g_000;1;1;30;line_consecutive;0.5;1435;14;15;17-19;2,13,14;165451.94139;168196.79065697483;168196.79065699593;184410.479941;2744.849266974837;2.1100277081131932e-08;16213.689284025168;eev,integrated,separated,ws;lintim;SiouxFalls;SiouxFalls;True;False;1e-05;12000;1;2;20;50;200;-5;50;1.0;2;50;50;10;10;16;2.7866;1435;1435
14050693;436;g_000;1;1;30;line_consecutive;0.5;1436;14;16;10-16;1,10;139960.283618;141994.93216999946;144395.7841989678;142241.182992025;2034.6485519994749;2400.8520289683365;246.25082202552585;eev,integrated,separated,ws;lintim;SiouxFalls;SiouxFalls;True;False;1e-05;12000;1;2;20;50;200;-5;50;1.0;2;50;50;10;10;16;2.7866;1436;1436
14050693;437;g_000;1;1;30;line_consecutive;0.5;1437;14;17;8-16;2,10,13;147646.45074899998;149104.5800879994;150389.81878699592;158812.2247794949;1458.1293389994244;1285.2386989965162;9707.644691495489;eev,integrated,separated,ws;lintim;SiouxFalls;SiouxFalls;True;False;1e-05;12000;1;2;20;50;200;-5;50;1.0;2;50;50;10;10;16;2.7866;1437;1437
14050693;438;g_000;1;1;30;line_consecutive;0.5;1438;14;18;20-22;11;129831.93556399998;129831.93556398952;129831.93556399592;129831.93555939617;-1.0462827049195766e-08;6.402842700481415e-09;-4.593355697579682e-06;eev,integrated,separated,ws;lintim;SiouxFalls;SiouxFalls;True;False;1e-05;12000;1;2;20;50;200;-5;50;1.0;2;50;50;10;10;16;2.7866;1438;1438
14050693;439;g_000;1;1;30;line_consecutive;0.5;1439;14;19;4-5;3;129870.72850399962;129909.521443928;130831.33203399592;130831.3320339484;38.79293992837484;921.810590067922;921.81059002041;eev,integrated,separated,ws;lintim;SiouxFalls;SiouxFalls;True;False;1e-05;12000;1;2;20;50;200;-5;50;1.0;2;50;50;10;10;16;2.7866;1439;1439
14050693;440;g_000;1;1;30;line_consecutive;0.5;1440;14;20;11-12;1,7,8;146209.344742;149796.19808199827;150938.7205829959;153377.31412499998;3586.8533399982844;1142.522500997642;3581.1160430017044;eev,integrated,separated,ws;lintim;SiouxFalls;SiouxFalls;True;False;1e-05;12000;1;2;20;50;200;-5;50;1.0;2;50;50;10;10;16;2.7866;1440;1440
14050693;441;g_000;1;1;30;line_consecutive;0.5;1441;14;21;21-22;13;129831.935564;129831.93556399966;129831.93556399592;129831.93556399998;-3.346940502524376e-10;-3.739842213690281e-09;3.2014213502407074e-10;eev,integrated,separated,ws;lintim;SiouxFalls;SiouxFalls;True;False;1e-05;12000;1;2;20;50;200;-5;50;1.0;2;50;50;10;10;16;2.7866;1441;1441
14050693;442;g_000;1;1;30;line_consecutive;0.5;1442;14;22;5-6;9;136605.358362;137667.82055199743;138072.96562199594;138114.12764399982;1062.46218999743;405.1450699985144;446.30709200238925;eev,integrated,separated,ws;lintim;SiouxFalls;SiouxFalls;True;False;1e-05;12000;1;2;20;50;200;-5;50;1.0;2;50;50;10;10;16;2.7866;1442;1442
14050693;443;g_000;1;1;30;line_consecutive;0.5;1443;14;23;16-18;1;137875.7555;140066.58742199998;143388.4628889959;140920.91272299865;2190.831921999983;3321.8754669959308;854.3253009986656;eev,integrated,separated,ws;lintim;SiouxFalls;SiouxFalls;True;False;1e-05;12000;1;2;20;50;200;-5;50;1.0;2;50;50;10;10;16;2.7866;1443;1443
14050693;444;g_000;1;1;30;line_consecutive;0.5;1444;14;24;14-23;4,10;142004.368075;143006.6434728743;143451.30202799593;151912.6122239997;1002.2753978742984;444.6585551216267;8905.968751125387;eev,integrated,separated,ws;lintim;SiouxFalls;SiouxFalls;True;False;1e-05;12000;1;2;20;50;200;-5;50;1.0;2;50;50;10;10;16;2.7866;1444;1444
14050693;445;g_000;1;1;30;line_consecutive;0.5;1445;14;25;18-20;11;129831.93556399978;129831.93556398348;129831.93556399592;129831.93555939617;-1.6298145055770874e-08;1.2441887520253658e-08;-4.58731665275991e-06;eev,integrated,separated,ws;lintim;SiouxFalls;SiouxFalls;True;False;1e-05;12000;1;2;20;50;200;-5;50;1.0;2;50;50;10;10;16;2.7866;1445;1445
14050693;446;g_000;1;1;30;line_consecutive;0.5;1446;14;26;9-10;7,9;137098.2833309668;138504.25507999994;139238.89820199594;138504.2550799996;1405.9717490331386;734.6431219959923;-3.4924596548080444e-10;eev,integrated,separated,ws;lintim;SiouxFalls;SiouxFalls;True;False;1e-05;12000;1;2;20;50;200;-5;50;1.0;2;50;50;10;10;16;2.7866;1446;1446
14050693;447;g_000;1;1;30;line_consecutive;0.5;1447;14;27;23-24;4;141579.797066;142483.84860499564;142503.00156499594;147473.0212710001;904.0515389956416;19.152960000297757;4989.172666004452;eev,integrated,separated,ws;lintim;SiouxFalls;SiouxFalls;True;False;1e-05;12000;1;2;20;50;200;-5;50;1.0;2;50;50;10;10;16;2.7866;1447;1447
14050693;448;g_000;1;1;30;line_consecutive;0.5;1448;14;28;7-8;3,7,11;129870.72850388382;129909.52144390532;130831.33203399592;130831.332034;38.79294002150709;921.810590090594;921.810590094683;eev,integrated,separated,ws;lintim;SiouxFalls;SiouxFalls;True;False;1e-05;12000;1;2;20;50;200;-5;50;1.0;2;50;50;10;10;16;2.7866;1448;1448
14050693;449;g_000;1;1;30;line_consecutive;0.5;1449;14;29;19-20;2;149002.835472996;150717.92492;150887.59046299593;157900.433728;1715.089447003993;169.66554299593554;7182.508808000013;eev,integrated,separated,ws;lintim;SiouxFalls;SiouxFalls;True;False;1e-05;12000;1;2;20;50;200;-5;50;1.0;2;50;50;10;10;16;2.7866;1449;1449
14050693;450;g_000;2;1;30;line_consecutive;0.5;1450;15;0;3-12,11-12;8;159229.004006;159766.38033599997;160079.91064499592;166651.07390799996;537.37632999997;313.5303089959489;6884.693571999989;eev,integrated,separated,ws;lintim;SiouxFalls;SiouxFalls;True;False;1e-05;12000;1;2;20;50;200;-5;50;1.0;2;50;50;10;10;16;2.7866;1450;1450
14050693;451;g_000;2;1;30;line_consecutive;0.5;1451;15;1;4-11,11-14;4;157645.48924599998;159395.19409400003;161068.92454599592;165699.13844200002;1749.7048480000522;1673.7304519958852;6303.94434799999;eev,integrated,separated,ws;lintim;SiouxFalls;SiouxFalls;True;False;1e-05;12000;1;2;20;50;200;-5;50;1.0;2;50;50;10;10;16;2.7866;1451;1451
14050693;452;g_000;2;1;30;line_consecutive;0.5;1452;15;2;20-21,21-24;6;138511.84056999223;139920.45398499694;140068.7848110111;140068.78481099138;1408.6134150047146;148.3308260141639;148.3308259944315;eev,integrated,separated,ws;lintim;SiouxFalls;SiouxFalls;True;False;1e-05;12000;1;2;20;50;200;-5;50;1.0;2;50;50;10;10;16;2.7866;1452;1452
14050693;453;g_000;2;1;30;line_consecutive;0.5;1453;15;3;8-16,16-17;2,13;150460.996614;152684.08916499998;152684.08916497222;162450.10409749488;2223.09255099998;-2.7765054255723957e-08;9766.014932494902;eev,integrated,separated,ws;lintim;SiouxFalls;SiouxFalls;True;False;1e-05;12000;1;2;20;50;200;-5;50;1.0;2;50;50;10;10;16;2.7866;1453;1453
14050693;454;g_000;2;1;30;line_consecutive;0.5;1454;15;4;13-24,21-24;6;138808.319975;139466.4236569956;139466.4236569959;139466.4236569762;658.1036819956207;2.9103830456733704e-10;-1.941225491464138e-08;eev,integrated,separated,ws;lintim;SiouxFalls;SiouxFalls;True;False;1e-05;12000;1;2;20;50;200;-5;50;1.0;2;50;50;10;10;16;2.7866;1454;1454
14050693;455;g_000;2;1;30;line_consecutive;0.5;1455;15;5;10-11,11-14;10;177858.26788699994;180850.7994179996;183049.38682899592;193781.791249;2992.531530999666;2198.587410996319;12930.9918310004;eev,integrated,separated,ws;lintim;SiouxFalls;SiouxFalls;True;False;1e-05;12000;1;2;20;50;200;-5;50;1.0;2;50;50;10;10;16;2.7866;1455;1455
14050693;456;g_000;2;1;30;line_consecutive;0.5;1456;15;6;6-8,8-16;2;150901.048774;153518.68734500004;155755.66750999592;163772.4023694949;2617.638571000047;2236.9801649958827;10253.715024494855;eev,integrated,separated,ws;lintim;SiouxFalls;SiouxFalls;True;False;1e-05;12000;1;2;20;50;200;-5;50;1.0;2;50;50;10;10;16;2.7866;1456;1456
14050693;457;g_000;2;1;30;line_consecutive;0.5;1457;15;7;4-5,5-9;3;136605.35836201467;137667.82055200002;138667.6729319959;139233.36971185083;1062.462189985352;999.852379995893;1565.5491598508088;eev,integrated,separated,ws;lintim;SiouxFalls;SiouxFalls;True;False;1e-05;12000;1;2;20;50;200;-5;50;1.0;2;50;50;10;10;16;2.7866;1457;1457
14050693;458;g_000;2;1;30;line_consecutive;0.5;1458;15;8;7-8,7-18;3,11;129870.72850399972;129909.5214439767;130831.33203399592;130831.332034;38.79293997697823;921.8105900192168;921.8105900233058;eev,integrated,separated,ws;lintim;SiouxFalls;SiouxFalls;True;False;1e-05;12000;1;2;20;50;200;-5;50;1.0;2;50;50;10;10;16;2.7866;1458;1458
14050693;459;g_000;2;1;30;line_consecutive;0.5;1459;15;9;18-20,20-22;11;129831.935564;129831.93556395914;129831.93556399592;129831.93555939617;-4.0861777961254126e-08;3.67872416973114e-08;-4.562971298582852e-06;eev,integrated,separated,ws;lintim;SiouxFalls;SiouxFalls;True;False;1e-05;12000;1;2;20;50;200;-5;50;1.0;2;50;50;10;10;16;2.7866;1459;1459
14050693;460;g_000;2;1;30;line_consecutive;0.5;1460;15;10;5-6,5-9;9;136605.35836201467;137667.82055200002;138667.6729319959;139233.36971185083;1062.462189985352;999.852379995893;1565.5491598508088;eev,integrated,separated,ws;lintim;SiouxFalls;SiouxFalls;True;False;1e-05;12000;1;2;20;50;200;-5;50;1.0;2;50;50;10;10;16;2.7866;1460;1460
14050693;461;g_000;2;1;30;line_consecutive;0.5;1461;15;11;8-9,9-10;7;137604.6261180941;138164.404512;138642.40451199593;139639.48106731207;559.7783939059009;477.9999999959255;1475.0765553120582;eev,integrated,separated,ws;lintim;SiouxFalls;SiouxFalls;True;False;1e-05;12000;1;2;20;50;200;-5;50;1.0;2;50;50;10;10;16;2.7866;1461;1461
14050693;462;g_000;2;1;30;line_consecutive;0.5;1462;15;12;10-16,16-18;1;141980.857706;144174.77235199997;147328.91695699593;145275.34847498636;2193.914645999961;3154.144604995963;1100.5761229863856;eev,integrated,separated,ws;lintim;SiouxFalls;SiouxFalls;True;False;1e-05;12000;1;2;20;50;200;-5;50;1.0;2;50;50;10;10;16;2.7866;1462;1462
14050693;463;g_000;2;1;30;line_consecutive;0.5;1463;15;13;1-3,3-4;4;158280.96887999983;159477.92461992864;159477.9246199959;168923.49794299912;1196.955739928817;6.725895218551159e-08;9445.57332307048;eev,integrated,separated,ws;lintim;SiouxFalls;SiouxFalls;True;False;1e-05;12000;1;2;20;50;200;-5;50;1.0;2;50;50;10;10;16;2.7866;1463;1463
14050693;464;g_000;2;1;30;line_consecutive;0.5;1464;15;14;7-18,18-20;11;129870.72850397686;129909.52144399994;130831.33203399592;130831.33203226051;38.7929400230787;921.8105899959774;921.810588260574;eev,integrated,separated,ws;lintim;SiouxFalls;SiouxFalls;True;False;1e-05;12000;1;2;20;50;200;-5;50;1.0;2;50;50;10;10;16;2.7866;1464;1464
14050693;465;g_000;2;1;30;line_consecutive;0.5;1465;15;15;1-2,1-3;12;185691.789266;189728.2102069973;190749.085861996;193234.216832;4036.420940997312;1020.8756549986427;3506.006625002686;eev,integrated,separated,ws;lintim;SiouxFalls;SiouxFalls;True;False;1e-05;12000;1;2;20;50;200;-5;50;1.0;2;50;50;10;10;16;2.7866;1465;1465
14050693;466;g_000;2;1;30;line_consecutive;0.5;1466;15;16;11-12,11-14;8;167959.69510399998;169749.7036710163;170215.29218599587;181904.8903149996;1790.0085670163098;465.5885149795795;12155.186643983296;eev,integrated,separated,ws;lintim;SiouxFalls;SiouxFalls;True;False;1e-05;12000;1;2;20;50;200;-5;50;1.0;2;50;50;10;10;16;2.7866;1466;1466
14050693;467;g_000;2;1;30;line_consecutive;0.5;1467;15;17;15-19,17-19;13,14;177694.865924;180887.44666150017;183320.6111734959;197772.891717;3192.5807375001605;2433.1645119957398;16885.44505549982;eev,integrated,separated,ws;lintim;SiouxFalls;SiouxFalls;True;False;1e-05;12000;1;2;20;50;200;-5;50;1.0;2;50;50;10;10;16;2.7866;1467;1467
14050693;468;g_000;2;1;30;line_consecutive;0.5;1468;15;18;3-4,4-5;3;154870.15484499998;157996.96691801614;159688.92369799592;160823.663969;3126.812073016161;1691.9567799797803;2826.697050983843;eev,integrated,separated,ws;lintim;SiouxFalls;SiouxFalls;True;False;1e-05;12000;1;2;20;50;200;-5;50;1.0;2;50;50;10;10;16;2.7866;1468;1468
14050693;469;g_000;2;1;30;line_consecutive;0.5;1469;15;19;15-22,22-23;5;136091.703044;137734.8916379992;137734.89163799572;137734.8916379489;1643.1885939991917;-3.4633558243513103e-09;-5.0291419029235846e-08;eev,integrated,separated,ws;lintim;SiouxFalls;SiouxFalls;True;False;1e-05;12000;1;2;20;50;200;-5;50;1.0;2;50;50;10;10;16;2.7866;1469;1469
14050693;470;g_000;2;1;30;line_consecutive;0.5;1470;15;20;7-8,8-9;3,7;129870.72850399988;129909.5214439999;130831.33203399592;130831.332034;38.79294000001392;921.810589996021;921.81059000011;eev,integrated,separated,ws;lintim;SiouxFalls;SiouxFalls;True;False;1e-05;12000;1;2;20;50;200;-5;50;1.0;2;50;50;10;10;16;2.7866;1470;1470
14050693;471;g_000;2;1;30;line_consecutive;0.5;1471;15;21;10-15,15-19;9;144590.62698599865;146241.7748159601;146241.77481599592;152095.90594401603;1651.1478299614391;3.5826815292239196e-08;5854.131128055946;eev,integrated,separated,ws;lintim;SiouxFalls;SiouxFalls;True;False;1e-05;12000;1;2;20;50;200;-5;50;1.0;2;50;50;10;10;16;2.7866;1471;1471
14050693;472;g_000;2;1;30;line_consecutive;0.5;1472;15;22;14-15,15-19;14;136932.78457;138114.12764401408;138742.10039599592;138114.1276439999;1181.3430740140902;627.9727519818407;-1.4173565432429314e-08;eev,integrated,separated,ws;lintim;SiouxFalls;SiouxFalls;True;False;1e-05;12000;1;2;20;50;200;-5;50;1.0;2;50;50;10;10;16;2.7866;1472;1472
14050693;473;g_000;2;1;30;line_consecutive;0.5;1473;15;23;5-9,9-10;9;137604.6261180941;138164.404512;138642.40451199593;140162.181946;559.7783939059009;477.9999999959255;1997.7774339999887;eev,integrated,separated,ws;lintim;SiouxFalls;SiouxFalls;True;False;1e-05;12000;1;2;20;50;200;-5;50;1.0;2;50;50;10;10;16;2.7866;1473;1473
14050693;474;g_000;2;1;30;line_consecutive;0.5;1474;15;24;8-16,10-16;10;152658.64340399997;153496.56734299933;155941.6214819959;164781.788811;837.92393899936;2445.05413899658;11285.221468000673;eev,integrated,separated,ws;lintim;SiouxFalls;SiouxFalls;True;False;1e-05;12000;1;2;20;50;200;-5;50;1.0;2;50;50;10;10;16;2.7866;1474;1474
14050693;475;g_000;2;1;30;line_consecutive;0.5;1475;15;25;10-11,10-16;1,10;151673.320804;154135.0319690002;155192.20045599592;159073.3555709999;2461.711165000219;1057.1684869957098;4938.323601999698;eev,integrated,separated,ws;lintim;SiouxFalls;SiouxFalls;True;False;1e-05;12000;1;2;20;50;200;-5;50;1.0;2;50;50;10;10;16;2.7866;1475;1475
14050693;476;g_000;2;1;30;line_consecutive;0.5;1476;15;26;2-6,6-8;2;157133.52638100003;160102.21405899015;160594.11762799593;166113.24858099996;2968.6876779901213;491.903569005779;6011.03452200981;eev,integrated,separated,ws;lintim;SiouxFalls;SiouxFalls;True;False;1e-05;12000;1;2;20;50;200;-5;50;1.0;2;50;50;10;10;16;2.7866;1476;1476
14050693;477;g_000;2;1;30;line_consecutive;0.5;1477;15;27;10-11,11-12;1,7;155350.899875;158182.93236799995;159235.09449199593;165350.7066889999;2832.032492999948;1052.1621239959786;7167.774320999946;eev,integrated,separated,ws;lintim;SiouxFalls;SiouxFalls;True;False;1e-05;12000;1;2;20;50;200;-5;50;1.0;2;50;50;10;10;16;2.7866;1477;1477
14050693;478;g_000;2;1;30;line_consecutive;0.5;1478;15;28;15-22,21-22;13;135421.303044;136297.37709192457;136297.3770919959;136297.3770919491;876.0740479245724;7.133348844945432e-08;2.4534529075026512e-08;eev,integrated,separated,ws;lintim;SiouxFalls;SiouxFalls;True;False;1e-05;12000;1;2;20;50;200;-5;50;1.0;2;50;50;10;10;16;2.7866;1478;1478
14050693;479;g_000;2;1;30;line_consecutive;0.5;1479;15;29;3-4,4-11;4;154870.15484499998;157996.96691801614;159688.92369799592;160823.663969;3126.812073016161;1691.9567799797803;2826.697050983843;eev,integrated,separated,ws;lintim;SiouxFalls;SiouxFalls;True;False;1e-05;12000;1;2;20;50;200;-5;50;1.0;2;50;50;10;10;16;2.7866;1479;1479
14050693;480;g_000;1;1;30;line_consecutive;0.5;1480;16;0;17-19;2,13,14;165451.94139;168196.79065697483;168196.79065699593;184410.479941;2744.849266974837;2.1100277081131932e-08;16213.689284025168;eev,integrated,separated,ws;lintim;SiouxFalls;SiouxFalls;True;False;1e-05;12000;1;2;20;50;200;-5;50;1.0;5;50;50;10;10;16;2.7866;1480;1480
14050693;481;g_000;1;1;30;line_consecutive;0.5;1481;16;1;7-18;3,11;129870.72850392824;129909.52144393706;130831.33203399592;130831.33203226051;38.79294000881782;921.8105900588562;921.810588323453;eev,integrated,separated,ws;lintim;SiouxFalls;SiouxFalls;True;False;1e-05;12000;1;2;20;50;200;-5;50;1.0;5;50;50;10;10;16;2.7866;1481;1481
14050693;482;g_000;1;1;30;line_consecutive;0.5;1482;16;2;4-11;4;144765.6023;147588.01331999846;148218.8695169959;151453.61820400006;2822.411019998457;630.8561969974544;3865.604884001601;eev,integrated,separated,ws;lintim;SiouxFalls;SiouxFalls;True;False;1e-05;12000;1;2;20;50;200;-5;50;1.0;5;50;50;10;10;16;2.7866;1482;1482
14050693;483;g_000;1;1;30;line_consecutive;0.5;1483;16;3;19-20;2;149002.835472996;150717.92492;150887.59046299593;157900.433728;1715.089447003993;169.66554299593554;7182.508808000013;eev,integrated,separated,ws;lintim;SiouxFalls;SiouxFalls;True;False;1e-05;12000;1;2;20;50;200;-5;50;1.0;5;50;50;10;10;16;2.7866;1483;1483
14050693;484;g_000;1;1;30;line_consecutive;0.5;1484;16;4;8-9;3,7;129870.72850390036;129909.52144374668;130831.33203399592;130831.33203399998;38.792939846316585;921.8105902492388;921.8105902532988;eev,integrated,separated,ws;lintim;SiouxFalls;SiouxFalls;True;False;1e-05;12000;1;2;20;50;200;-5;50;1.0;5;50;50;10;10;16;2.7866;1484;1484
14050693;485;g_000;1;1;30;line_consecutive;0.5;1485;16;5;22-23;5;134503.61349299995;134946.6449429859;134946.64494299592;134946.64494299993;443.0314499859524;1.0011717677116394e-08;1.4028046280145643e-08;eev,integrated,separated,ws;lintim;SiouxFalls;SiouxFalls;True;False;1e-05;12000;1;2;20;50;200;-5;50;1.0;5;50;50;10;10;16;2.7866;1485;1485
14050693;486;g_000;1;1;30;line_consecutive;0.5;1486;16;6;1-2;12;129831.93556399978;129831.93556399526;129831.93556399592;129831.93556400025;-4.525645636022091e-09;6.693881005048752e-10;4.99130692332983e-09;eev,integrated,separated,ws;lintim;SiouxFalls;SiouxFalls;True;False;1e-05;12000;1;2;20;50;200;-5;50;1.0;5;50;50;10;10;16;2.7866;1486;1486
14050693;487;g_000;1;1;30;line_consecutive;0.5;1487;16;7;10-17;14;129908.563194;129985.1908240097;130639.56375500264;130639.56375477675;76.62763000969426;654.3729309929477;654.3729307670583;eev,integrated,separated,ws;lintim;SiouxFalls;SiouxFalls;True;False;1e-05;12000;1;2;20;50;200;-5;50;1.0;5;50;50;10;10;16;2.7866;1487;1487
14050693;488;g_000;1;1;30;line_consecutive;0.5;1488;16;8;3-4;3,4;151247.52887799998;154655.99961099992;155845.17699399593;158245.29631;3408.4707329999364;1189.1773829960148;3589.296699000086;eev,integrated,separated,ws;lintim;SiouxFalls;SiouxFalls;True;False;1e-05;12000;1;2;20;50;200;-5;50;1.0;5;50;50;10;10;16;2.7866;1488;1488
14050693;489;g_000;1;1;30;line_consecutive;0.5;1489;16;9;20-21;6;133334.6823889999;133657.53556397185;133657.53555009904;133657.53555007934;322.85317497194046;-1.3872806448489428e-05;-1.3892509741708636e-05;eev,integrated,separated,ws;lintim;SiouxFalls;SiouxFalls;True;False;1e-05;12000;1;2;20;50;200;-5;50;1.0;5;50;50;10;10;16;2.7866;1489;1489
14050693;490;g_000;1;1;30;line_consecutive;0.5;1490;16;10;16-18;1;137875.7555;140066.58742199998;143388.4628889959;140920.91272299865;2190.831921999983;3321.8754669959308;854.3253009986656;eev,integrated,separated,ws;lintim;SiouxFalls;SiouxFalls;True;False;1e-05;12000;1;2;20;50;200;-5;50;1.0;5;50;50;10;10;16;2.7866;1490;1490
14050693;491;g_000;1;1;30;line_consecutive;0.5;1491;16;11;23-24;4;141579.797066;142483.84860499564;142503.00156499594;147473.0212710001;904.0515389956416;19.152960000297757;4989.172666004452;eev,integrated,separated,ws;lintim;SiouxFalls;SiouxFalls;True;False;1e-05;12000;1;2;20;50;200;-5;50;1.0;5;50;50;10;10;16;2.7866;1491;1491
14050693;492;g_000;1;1;30;line_consecutive;0.5;1492;16;12;10-15;5,9;143582.084719;145555.48941398333;145566.19028199592;150479.82698498154;1973.404694983328;10.700868012587309;4924.337570998207;eev,integrated,separated,ws;lintim;SiouxFalls;SiouxFalls;True;False;1e-05;12000;1;2;20;50;200;-5;50;1.0;5;50;50;10;10;16;2.7866;1492;1492
14050693;493;g_000;1;1;30;line_consecutive;0.5;1493;16;13;5-9;3,9;136605.358362;137497.37273187452;138437.25554999593;139233.36971185086;892.0143698745233;939.8828181214049;1735.9969799763348;eev,integrated,separated,ws;lintim;SiouxFalls;SiouxFalls;True;False;1e-05;12000;1;2;20;50;200;-5;50;1.0;5;50;50;10;10;16;2.7866;1493;1493
14050693;494;g_000;1;1;30;line_consecutive;0.5;1494;16;14;11-14;4,8,10;155515.21236599996;157489.89876199828;158066.41382099592;163834.91477600002;1974.6863959983168;576.5150589976402;6345.01601400174;eev,integrated,separated,ws;lintim;SiouxFalls;SiouxFalls;True;False;1e-05;12000;1;2;20;50;200;-5;50;1.0;5;50;50;10;10;16;2.7866;1494;1494
14050693;495;g_000;1;1;30;line_consecutive;0.5;1495;16;15;21-22;13;129831.935564;129831.93556399966;129831.93556399592;129831.93556399998;-3.346940502524376e-10;-3.739842213690281e-09;3.2014213502407074e-10;eev,integrated,separated,ws;lintim;SiouxFalls;SiouxFalls;True;False;1e-05;12000;1;2;20;50;200;-5;50;1.0;5;50;50;10;10;16;2.7866;1495;1495
14050693;496;g_000;1;1;30;line_consecutive;0.5;1496;16;16;8-16;2,10,13;147646.45074899998;149104.580088;150389.81878699592;158812.2247794949;1458.1293390000064;1285.238698995934;9707.644691494905;eev,integrated,separated,ws;lintim;SiouxFalls;SiouxFalls;True;False;1e-05;12000;1;2;20;50;200;-5;50;1.0;5;50;50;10;10;16;2.7866;1496;1496
14050693;497;g_000;1;1;30;line_consecutive;0.5;1497;16;17;14-15;14;129908.563194;129985.1908241749;130639.56375500094;130639.5637547751;76.62763017490215;654.3729308260372;654.3729306001915;eev,integrated,separated,ws;lintim;SiouxFalls;SiouxFalls;True;False;1e-05;12000;1;2;20;50;200;-5;50;1.0;5;50;50;10;10;16;2.7866;1497;1497
14050693;498;g_000;1;1;30;line_consecutive;0.5;1498;16;18;2-6;2;153571.64859100003;155805.29968196442;156297.20325099592;162980.51725799998;2233.651090964384;491.9035690315068;7175.21757603556;eev,integrated,separated,ws;lintim;SiouxFalls;SiouxFalls;True;False;1e-05;12000;1;2;20;50;200;-5;50;1.0;5;50;50;10;10;16;2.7866;1498;1498
14050693;499;g_000;1;1;30;line_consecutive;0.5;1499;16;19;15-19;9,13,14;136932.78457;138114.12764395625;138742.10039599592;138114.1276439999;1181.343073956261;627.97275203967;4.365574568510056e-08;eev,integrated,separated,ws;lintim;SiouxFalls;SiouxFalls;True;False;1e-05;12000;1;2;20;50;200;-5;50;1.0;5;50;50;10;10;16;2.7866;1499;1499
14050693;500;g_000;1;1;30;line_consecutive;0.5;1500;16;20;10-16;1,10;139960.283618;141994.93216999946;144395.7841989678;142241.182992025;2034.6485519994749;2400.8520289683365;246.25082202552585;eev,integrated,separated,ws;lintim;SiouxFalls;SiouxFalls;True;False;1e-05;12000;1;2;20;50;200;-5;50;1.0;5;50;50;10;10;16;2.7866;1500;1500
14050693;501;g_000;1;1;30;line_consecutive;0.5;1501;16;21;3-12;8,12;129831.93556399978;129831.93556399872;129831.93556399594;129831.93556381624;-1.0622898116707802e-09;-2.7794158086180687e-09;-1.8248101696372035e-07;eev,integrated,separated,ws;lintim;SiouxFalls;SiouxFalls;True;False;1e-05;12000;1;2;20;50;200;-5;50;1.0;5;50;50;10;10;16;2.7866;1501;1501
14050693;502;g_000;1;1;30;line_consecutive;0.5;1502;16;22;13-24;6;138113.913123;138746.42365700004;138746.42365699593;138746.4236569762;632.51053400003;-4.103640094399452e-09;-2.3836037144064903e-08;eev,integrated,separated,ws;lintim;SiouxFalls;SiouxFalls;True;False;1e-05;12000;1;2;20;50;200;-5;50;1.0;5;50;50;10;10;16;2.7866;1502;1502
14050693;503;g_000;1;1;30;line_consecutive;0.5;1503;16;23;10-11;1,7,10;147754.679475;149820.90758999996;151071.31233499598;155120.22181590038;2066.228114999947;1250.40474499602;5299.314225900424;eev,integrated,separated,ws;lintim;SiouxFalls;SiouxFalls;True;False;1e-05;12000;1;2;20;50;200;-5;50;1.0;5;50;50;10;10;16;2.7866;1503;1503
14050693;504;g_000;1;1;30;line_consecutive;0.5;1504;16;24;12-13;12;129831.93556399988;129831.93556396091;129831.93556399592;129831.93556400025;-3.8970028981566436e-08;3.5011908039450645e-08;3.93338268622756e-08;eev,integrated,separated,ws;lintim;SiouxFalls;SiouxFalls;True;False;1e-05;12000;1;2;20;50;200;-5;50;1.0;5;50;50;10;10;16;2.7866;1504;1504
14050693;505;g_000;1;1;30;line_consecutive;0.5;1505;16;25;4-5;3;129870.72850399962;129909.521443928;130831.33203399592;130831.3320339484;38.79293992837484;921.810590067922;921.81059002041;eev,integrated,separated,ws;lintim;SiouxFalls;SiouxFalls;True;False;1e-05;12000;1;2;20;50;200;-5;50;1.0;5;50;50;10;10;16;2.7866;1505;1505
14050693;506;g_000;1;1;30;line_consecutive;0.5;1506;16;26;15-22;5,13;135421.3030439994;136297.3770919998;136297.3770919959;136297.3770919491;876.074048000417;-3.899913281202316e-09;-5.069887265563011e-08;eev,integrated,separated,ws;lintim;SiouxFalls;SiouxFalls;True;False;1e-05;12000;1;2;20;50;200;-5;50;1.0;5;50;50;10;10;16;2.7866;1506;1506
14050693;507;g_000;1;1;30;line_consecutive;0.5;1507;16;27;7-8;3,7,11;129870.72850388382;129909.52144390532;130831.33203399592;130831.332034;38.79294002150709;921.810590090594;921.810590094683;eev,integrated,separated,ws;lintim;SiouxFalls;SiouxFalls;True;False;1e-05;12000;1;2;20;50;200;-5;50;1.0;5;50;50;10;10;16;2.7866;1507;1507
14050693;508;g_000;1;1;30;line_consecutive;0.5;1508;16;28;18-20;11;129831.93556399978;129831.93556398348;129831.93556399592;129831.93555939617;-1.6298145055770874e-08;1.2441887520253658e-08;-4.58731665275991e-06;eev,integrated,separated,ws;lintim;SiouxFalls;SiouxFalls;True;False;1e-05;12000;1;2;20;50;200;-5;50;1.0;5;50;50;10;10;16;2.7866;1508;1508
14050693;509;g_000;1;1;30;line_consecutive;0.5;1509;16;29;5-6;9;136605.358362;137667.82055199743;138072.96562199594;138114.12764399982;1062.46218999743;405.1450699985144;446.30709200238925;eev,integrated,separated,ws;lintim;SiouxFalls;SiouxFalls;True;False;1e-05;12000;1;2;20;50;200;-5;50;1.0;5;50;50;10;10;16;2.7866;1509;1509
14050693;510;g_000;2;1;30;line_consecutive;0.5;1510;17;0;10-11,11-14;10;177858.2678617875;180850.7994179996;183049.38682899592;193781.791249;2992.5315562121104;2198.587410996319;12930.9918310004;eev,integrated,separated,ws;lintim;SiouxFalls;SiouxFalls;True;False;1e-05;12000;1;2;20;50;200;-5;50;1.0;5;50;50;10;10;16;2.7866;1510;1510
14050693;511;g_000;2;1;30;line_consecutive;0.5;1511;17;1;10-15,15-22;5;144307.726794;146835.69882599448;146884.33309199594;150578.42615598158;2527.97203199449;48.6342660014634;3742.727329987101;eev,integrated,separated,ws;lintim;SiouxFalls;SiouxFalls;True;False;1e-05;12000;1;2;20;50;200;-5;50;1.0;5;50;50;10;10;16;2.7866;1511;1511
14050693;512;g_000;2;1;30;line_consecutive;0.5;1512;17;2;7-8,8-9;3,7;129870.72850399988;129909.5214439999;130831.33203399592;130831.332034;38.79294000001392;921.810589996021;921.81059000011;eev,integrated,separated,ws;lintim;SiouxFalls;SiouxFalls;True;False;1e-05;12000;1;2;20;50;200;-5;50;1.0;5;50;50;10;10;16;2.7866;1512;1512
14050693;513;g_000;2;1;30;line_consecutive;0.5;1513;17;3;15-19,15-22;13;144275.923048;146074.34491602503;146085.0457839959;146874.03317697236;1798.4218680250342;10.700867970881518;799.688260947325;eev,integrated,separated,ws;lintim;SiouxFalls;SiouxFalls;True;False;1e-05;12000;1;2;20;50;200;-5;50;1.0;5;50;50;10;10;16;2.7866;1513;1513
14050693;514;g_000;2;1;30;line_consecutive;0.5;1514;17;4;5-9,9-10;9;137604.6261180941;138164.404512;138642.40451199593;140162.181946;559.7783939059009;477.9999999959255;1997.7774339999887;eev,integrated,separated,ws;lintim;SiouxFalls;SiouxFalls;True;False;1e-05;12000;1;2;20;50;200;-5;50;1.0;5;50;50;10;10;16;2.7866;1514;1514
14050693;515;g_000;2;1;30;line_consecutive;0.5;1515;17;5;9-10,10-15;9;144799.364636;146547.5367538292;146547.53675399593;152335.1332729358;1748.1721178291773;1.667358446866274e-07;5787.596519106621;eev,integrated,separated,ws;lintim;SiouxFalls;SiouxFalls;True;False;1e-05;12000;1;2;20;50;200;-5;50;1.0;5;50;50;10;10;16;2.7866;1515;1515
14050693;516;g_000;2;1;30;line_consecutive;0.5;1516;17;6;10-11,10-16;1,10;151673.320804;154135.0319690002;155192.20045599592;159073.3555709999;2461.711165000219;1057.1684869957098;4938.323601999698;eev,integrated,separated,ws;lintim;SiouxFalls;SiouxFalls;True;False;1e-05;12000;1;2;20;50;200;-5;50;1.0;5;50;50;10;10;16;2.7866;1516;1516
14050693;517;g_000;2;1;30;line_consecutive;0.5;1517;17;7;18-20,20-22;11;129831.935564;129831.93556395914;129831.93556399592;129831.93555939617;-4.0861777961254126e-08;3.67872416973114e-08;-4.562971298582852e-06;eev,integrated,separated,ws;lintim;SiouxFalls;SiouxFalls;True;False;1e-05;12000;1;2;20;50;200;-5;50;1.0;5;50;50;10;10;16;2.7866;1517;1517
14050693;518;g_000;2;1;30;line_consecutive;0.5;1518;17;8;4-11,11-14;4;157645.48924599998;159395.19409400003;161068.92454599592;165699.13844200002;1749.7048480000522;1673.7304519958852;6303.94434799999;eev,integrated,separated,ws;lintim;SiouxFalls;SiouxFalls;True;False;1e-05;12000;1;2;20;50;200;-5;50;1.0;5;50;50;10;10;16;2.7866;1518;1518
14050693;519;g_000;2;1;30;line_consecutive;0.5;1519;17;9;10-15,15-19;9;144590.62698599865;146241.7748159601;146241.77481599592;152095.90594401603;1651.1478299614391;3.5826815292239196e-08;5854.131128055946;eev,integrated,separated,ws;lintim;SiouxFalls;SiouxFalls;True;False;1e-05;12000;1;2;20;50;200;-5;50;1.0;5;50;50;10;10;16;2.7866;1519;1519
14050693;520;g_000;2;1;30;line_consecutive;0.5;1520;17;10;17-19,19-20;2;170724.01403150024;172984.1264260308;175279.63413799592;188726.323586;2260.112394530559;2295.507711965125;15742.19715996922;eev,integrated,separated,ws;lintim;SiouxFalls;SiouxFalls;True;False;1e-05;12000;1;2;20;50;200;-5;50;1.0;5;50;50;10;10;16;2.7866;1520;1520
14050693;521;g_000;2;1;30;line_consecutive;0.5;1521;17;11;15-22,21-22;13;135421.303044;136297.37709192457;136297.3770919959;136297.3770919491;876.0740479245724;7.133348844945432e-08;2.4534529075026512e-08;eev,integrated,separated,ws;lintim;SiouxFalls;SiouxFalls;True;False;1e-05;12000;1;2;20;50;200;-5;50;1.0;5;50;50;10;10;16;2.7866;1521;1521
14050693;522;g_000;2;1;30;line_consecutive;0.5;1522;17;12;1-3,3-12;8,12;155882.148276;157119.67460296926;157119.67460299592;162366.262115;1237.526326969266;2.6659108698368076e-08;5246.587512030732;eev,integrated,separated,ws;lintim;SiouxFalls;SiouxFalls;True;False;1e-05;12000;1;2;20;50;200;-5;50;1.0;5;50;50;10;10;16;2.7866;1522;1522
14050693;523;g_000;2;1;30;line_consecutive;0.5;1523;17;13;8-9,9-10;7;137604.6261180941;138164.404512;138642.40451199593;139639.48106731207;559.7783939059009;477.9999999959255;1475.0765553120582;eev,integrated,separated,ws;lintim;SiouxFalls;SiouxFalls;True;False;1e-05;12000;1;2;20;50;200;-5;50;1.0;5;50;50;10;10;16;2.7866;1523;1523
14050693;524;g_000;2;1;30;line_consecutive;0.5;1524;17;14;2-6,6-8;2;157133.52638100003;160102.21405899015;160594.11762799593;166113.24858099996;2968.6876779901213;491.903569005779;6011.03452200981;eev,integrated,separated,ws;lintim;SiouxFalls;SiouxFalls;True;False;1e-05;12000;1;2;20;50;200;-5;50;1.0;5;50;50;10;10;16;2.7866;1524;1524
14050693;525;g_000;2;1;30;line_consecutive;0.5;1525;17;15;13-24,21-24;6;138808.319975;139466.4236569956;139466.4236569959;139466.4236569762;658.1036819956207;2.9103830456733704e-10;-1.941225491464138e-08;eev,integrated,separated,ws;lintim;SiouxFalls;SiouxFalls;True;False;1e-05;12000;1;2;20;50;200;-5;50;1.0;5;50;50;10;10;16;2.7866;1525;1525
14050693;526;g_000;2;1;30;line_consecutive;0.5;1526;17;16;14-23,23-24;4;158619.486013;161503.06316098213;162273.20935099592;166520.90573899972;2883.577147982141;770.1461900137947;5017.842578017589;eev,integrated,separated,ws;lintim;SiouxFalls;SiouxFalls;True;False;1e-05;12000;1;2;20;50;200;-5;50;1.0;5;50;50;10;10;16;2.7866;1526;1526
14050693;527;g_000;2;1;30;line_consecutive;0.5;1527;17;17;7-8,7-18;3,11;129870.72850399972;129909.5214439767;130831.33203399592;130831.332034;38.79293997697823;921.8105900192168;921.8105900233058;eev,integrated,separated,ws;lintim;SiouxFalls;SiouxFalls;True;False;1e-05;12000;1;2;20;50;200;-5;50;1.0;5;50;50;10;10;16;2.7866;1527;1527
14050693;528;g_000;2;1;30;line_consecutive;0.5;1528;17;18;6-8,8-16;2;150901.048774;153518.68734500004;155755.66750999592;163772.4023694949;2617.638571000047;2236.9801649958827;10253.715024494855;eev,integrated,separated,ws;lintim;SiouxFalls;SiouxFalls;True;False;1e-05;12000;1;2;20;50;200;-5;50;1.0;5;50;50;10;10;16;2.7866;1528;1528
14050693;529;g_000;2;1;30;line_consecutive;0.5;1529;17;19;15-19,17-19;13,14;177694.865924;180887.44666150017;183320.6111734959;197772.891717;3192.5807375001605;2433.1645119957398;16885.44505549982;eev,integrated,separated,ws;lintim;SiouxFalls;SiouxFalls;True;False;1e-05;12000;1;2;20;50;200;-5;50;1.0;5;50;50;10;10;16;2.7866;1529;1529
14050693;530;g_000;2;1;30;line_consecutive;0.5;1530;17;20;20-21,21-24;6;138511.84056999223;139920.45398499694;140068.7848110111;140068.78481099138;1408.6134150047146;148.3308260141639;148.3308259944315;eev,integrated,separated,ws;lintim;SiouxFalls;SiouxFalls;True;False;1e-05;12000;1;2;20;50;200;-5;50;1.0;5;50;50;10;10;16;2.7866;1530;1530
14050693;531;g_000;2;1;30;line_consecutive;0.5;1531;17;21;9-10,10-11;7;155538.06080900002;158198.96982499998;159494.69179599592;165280.05776699982;2660.9090159999614;1295.7219709959463;7081.087941999838;eev,integrated,separated,ws;lintim;SiouxFalls;SiouxFalls;True;False;1e-05;12000;1;2;20;50;200;-5;50;1.0;5;50;50;10;10;16;2.7866;1531;1531
14050693;532;g_000;2;1;30;line_consecutive;0.5;1532;17;22;8-16,16-17;2,13;150460.996614;152684.08916499998;152684.08916497222;162450.10409749488;2223.09255099998;-2.7765054255723957e-08;9766.014932494902;eev,integrated,separated,ws;lintim;SiouxFalls;SiouxFalls;True;False;1e-05;12000;1;2;20;50;200;-5;50;1.0;5;50;50;10;10;16;2.7866;1532;1532
14050693;533;g_000;2;1;30;line_consecutive;0.5;1533;17;23;10-11,11-12;1,7;155350.899875;158182.9323679978;159235.09449199593;165350.7066889999;2832.032492997794;1052.1621239981323;7167.7743210021;eev,integrated,separated,ws;lintim;SiouxFalls;SiouxFalls;True;False;1e-05;12000;1;2;20;50;200;-5;50;1.0;5;50;50;10;10;16;2.7866;1533;1533
14050693;534;g_000;2;1;30;line_consecutive;0.5;1534;17;24;15-22,22-23;5;136091.703044;137734.8916379992;137734.89163799572;137734.8916379489;1643.1885939991917;-3.4633558243513103e-09;-5.0291419029235846e-08;eev,integrated,separated,ws;lintim;SiouxFalls;SiouxFalls;True;False;1e-05;12000;1;2;20;50;200;-5;50;1.0;5;50;50;10;10;16;2.7866;1534;1534
14050693;535;g_000;2;1;30;line_consecutive;0.5;1535;17;25;4-5,5-9;3;136605.35836201467;137667.82055200002;138667.6729319959;139233.36971185083;1062.462189985352;999.852379995893;1565.5491598508088;eev,integrated,separated,ws;lintim;SiouxFalls;SiouxFalls;True;False;1e-05;12000;1;2;20;50;200;-5;50;1.0;5;50;50;10;10;16;2.7866;1535;1535
14050693;536;g_000;2;1;30;line_consecutive;0.5;1536;17;26;11-14,14-23;4,10;170808.66405799994;173940.53767737438;175313.1926369959;179113.006955;3131.8736193744408;1372.654959621519;5172.469277625612;eev,integrated,separated,ws;lintim;SiouxFalls;SiouxFalls;True;False;1e-05;12000;1;2;20;50;200;-5;50;1.0;5;50;50;10;10;16;2.7866;1536;1536
14050693;537;g_000;2;1;30;line_consecutive;0.5;1537;17;27;5-9,8-9;3;137604.6261180941;138164.404512;138642.40451199593;140731.26612587098;559.7783939059009;477.9999999959255;2566.8616138709767;eev,integrated,separated,ws;lintim;SiouxFalls;SiouxFalls;True;False;1e-05;12000;1;2;20;50;200;-5;50;1.0;5;50;50;10;10;16;2.7866;1537;1537
14050693;538;g_000;2;1;30;line_consecutive;0.5;1538;17;28;3-12,12-13;12;129831.935564;129831.93556399876;129831.93556399592;129831.93556381624;-1.2369127944111822e-09;-2.837623469531536e-09;-1.8252467270940545e-07;eev,integrated,separated,ws;lintim;SiouxFalls;SiouxFalls;True;False;1e-05;12000;1;2;20;50;200;-5;50;1.0;5;50;50;10;10;16;2.7866;1538;1538
14050693;539;g_000;2;1;30;line_consecutive;0.5;1539;17;29;3-12,11-12;8;159229.004006;159766.38033599997;160079.91064499592;166651.07390799996;537.37632999997;313.5303089959489;6884.693571999989;eev,integrated,separated,ws;lintim;SiouxFalls;SiouxFalls;True;False;1e-05;12000;1;2;20;50;200;-5;50;1.0;5;50;50;10;10;16;2.7866;1539;1539
