array_job_id;task_id;run_group_id;case_k;case_per_run;case_variants;case_selection;case_p_fail;case_id;case_sweep_row;case_variant_idx;case_edges;case_lines;WS;RP;EEV_nom;EEV_mean;EVPI;VSS_nom;VSS_mean;procedures_present;source;network;scenario_line_data;routing_agg;waiting_time_frequency;gap;time_limit;travel_time_cost_mult;waiting_time_cost_mult;line_operation_cost_mult;cost_repl_freq;cost_repl_line;repl_budget;bypass_multiplier;overdemand_threshold;overdemand_multiplier;num_od;train_capacity;infrastructure_capacity;max_frequency;threads;demand_scale;scenario_infra_id;scenario_prob_id
14050803;0;g_000;1;1;30;line_consecutive;0.5;1000;0;0;19-23;11;106209.23200000002;106236.688;106236.688;106236.688;27.455999999976484;0.0;0.0;eev,integrated,separated,ws;lintim;Mumford0;Mumford0;True;False;1e-05;12000;1;2;20;10;50;-5;50;0.75;2;50;50;10;10;16;0.0368;1000;1000
14050803;1;g_000;1;1;30;line_consecutive;0.5;1001;0;1;15-21;7;106751.304;106751.304;106751.304;106751.304;0.0;0.0;0.0;eev,integrated,separated,ws;lintim;Mumford0;Mumford0;True;False;1e-05;12000;1;2;20;10;50;-5;50;0.75;2;50;50;10;10;16;0.0368;1001;1001
14050803;2;g_000;1;1;30;line_consecutive;0.5;1002;0;2;19-20;4;105866.416;105866.416;105866.416;105866.416;0.0;0.0;0.0;eev,integrated,separated,ws;lintim;Mumford0;Mumford0;True;False;1e-05;12000;1;2;20;10;50;-5;50;0.75;2;50;50;10;10;16;0.0368;1002;1002
14050803;3;g_000;1;1;30;line_consecutive;0.5;1003;0;3;3-8;6,12;106200.432;106200.43196054288;106200.432;106200.432;-3.945712524000555e-05;3.945712524000555e-05;3.945712524000555e-05;eev,integrated,separated,ws;lintim;Mumford0;Mumford0;True;False;1e-05;12000;1;2;20;10;50;-5;50;0.75;2;50;50;10;10;16;0.0368;1003;1003
14050803;4;g_000;1;1;30;line_consecutive;0.5;1004;0;4;14-19;4;106510.376;106510.376;106510.376;106510.376;0.0;0.0;0.0;eev,integrated,separated,ws;lintim;Mumford0;Mumford0;True;False;1e-05;12000;1;2;20;10;50;-5;50;0.75;2;50;50;10;10;16;0.0368;1004;1004
14050803;5;g_000;1;1;30;line_consecutive;0.5;1005;0;5;1-13;3;106560.576;106560.576;106560.5760000048;106560.5760000048;0.0;4.802132025361061e-09;4.802132025361061e-09;eev,integrated,separated,ws;lintim;Mumford0;Mumford0;True;False;1e-05;12000;1;2;20;10;50;-5;50;0.75;2;50;50;10;10;16;0.0368;1005;1005
14050803;6;g_000;1;1;30;line_consecutive;0.5;1006;0;6;8-21;12;105133.536;105133.53600000644;105133.536;105133.536;6.446498446166515e-09;-6.446498446166515e-09;-6.446498446166515e-09;eev,integrated,separated,ws;lintim;Mumford0;Mumford0;True;False;1e-05;12000;1;2;20;10;50;-5;50;0.75;2;50;50;10;10;16;0.0368;1006;1006
14050803;7;g_000;1;1;30;line_consecutive;0.5;1007;0;7;7-14;4;106941.29200000002;106941.29200000448;106941.292;106941.292;4.4674379751086235e-09;-4.48198989033699e-09;-4.48198989033699e-09;eev,integrated,separated,ws;lintim;Mumford0;Mumford0;True;False;1e-05;12000;1;2;20;10;50;-5;50;0.75;2;50;50;10;10;16;0.0368;1007;1007
14050803;8;g_000;1;1;30;line_consecutive;0.5;1008;0;8;18-23;2,11;108623.008;108766.64399999604;108766.644;110331.02000000002;143.63599999604048;3.958120942115784e-09;1564.3760000039763;eev,integrated,separated,ws;lintim;Mumford0;Mumford0;True;False;1e-05;12000;1;2;20;10;50;-5;50;0.75;2;50;50;10;10;16;0.0368;1008;1008
14050803;9;g_000;1;1;30;line_consecutive;0.5;1009;0;9;8-25;1;105665.712;105665.712;105665.712;105665.712;0.0;0.0;0.0;eev,integrated,separated,ws;lintim;Mumford0;Mumford0;True;False;1e-05;12000;1;2;20;10;50;-5;50;0.75;2;50;50;10;10;16;0.0368;1009;1009
14050803;10;g_000;1;1;30;line_consecutive;0.5;1010;0;10;28-30;3;106298.704;106298.70400000336;106298.704;106298.704;3.3614924177527424e-09;-3.3614924177527424e-09;-3.3614924177527424e-09;eev,integrated,separated,ws;lintim;Mumford0;Mumford0;True;False;1e-05;12000;1;2;20;10;50;-5;50;0.75;2;50;50;10;10;16;0.0368;1010;1010
14050803;11;g_000;1;1;30;line_consecutive;0.5;1011;0;11;5-8;6;105766.248;105766.24799999998;105766.248000003;105766.248000003;-2.9103830456733704e-11;3.026798367500305e-09;3.026798367500305e-09;eev,integrated,separated,ws;lintim;Mumford0;Mumford0;True;False;1e-05;12000;1;2;20;10;50;-5;50;0.75;2;50;50;10;10;16;0.0368;1011;1011
14050803;12;g_000;1;1;30;line_consecutive;0.5;1012;0;12;6-7;4,10;107179.632;107179.632;107179.632;107713.50600006442;0.0;0.0;533.8740000644175;eev,integrated,separated,ws;lintim;Mumford0;Mumford0;True;False;1e-05;12000;1;2;20;10;50;-5;50;0.75;2;50;50;10;10;16;0.0368;1012;1012
14050803;13;g_000;1;1;30;line_consecutive;0.5;1013;0;13;7-17;10;106302.158;106433.46794302152;106433.468;106433.468;131.30994302152249;5.697847518604249e-05;5.697847518604249e-05;eev,integrated,separated,ws;lintim;Mumford0;Mumford0;True;False;1e-05;12000;1;2;20;10;50;-5;50;0.75;2;50;50;10;10;16;0.0368;1013;1013
14050803;14;g_000;1;1;30;line_consecutive;0.5;1014;0;14;15-24;5;107268.824;107268.82420878964;107268.824;107268.824;0.0002087896427838;-0.0002087896427838;-0.0002087896427838;eev,integrated,separated,ws;lintim;Mumford0;Mumford0;True;False;1e-05;12000;1;2;20;10;50;-5;50;0.75;2;50;50;10;10;16;0.0368;1014;1014
14050803;15;g_000;1;1;30;line_consecutive;0.5;1015;0;15;10-15;7;106952.984;106952.984;106952.984;106952.984;0.0;0.0;0.0;eev,integrated,separated,ws;lintim;Mumford0;Mumford0;True;False;1e-05;12000;1;2;20;10;50;-5;50;0.75;2;50;50;10;10;16;0.0368;1015;1015
14050803;16;g_000;1;1;30;line_consecutive;0.5;1016;0;16;1-23;2;106061.03600000002;106061.036;106061.036;106061.036;-2.9103830456733704e-11;0.0;0.0;eev,integrated,separated,ws;lintim;Mumford0;Mumford0;True;False;1e-05;12000;1;2;20;10;50;-5;50;0.75;2;50;50;10;10;16;0.0368;1016;1016
14050803;17;g_000;1;1;30;line_consecutive;0.5;1017;0;17;21-24;12;105133.536;105133.536;105133.536;105133.536;0.0;0.0;0.0;eev,integrated,separated,ws;lintim;Mumford0;Mumford0;True;False;1e-05;12000;1;2;20;10;50;-5;50;0.75;2;50;50;10;10;16;0.0368;1017;1017
14050803;18;g_000;1;1;30;line_consecutive;0.5;1018;0;18;11-22;1;106103.492;106103.492;106103.492;106103.492;0.0;0.0;0.0;eev,integrated,separated,ws;lintim;Mumford0;Mumford0;True;False;1e-05;12000;1;2;20;10;50;-5;50;0.75;2;50;50;10;10;16;0.0368;1018;1018
14050803;19;g_000;1;1;30;line_consecutive;0.5;1019;0;19;1-29;3;105987.13999999998;105987.14;105987.13999999998;105987.13999999998;1.4551915228366852e-11;-1.4551915228366852e-11;-1.4551915228366852e-11;eev,integrated,separated,ws;lintim;Mumford0;Mumford0;True;False;1e-05;12000;1;2;20;10;50;-5;50;0.75;2;50;50;10;10;16;0.0368;1019;1019
14050803;20;g_000;1;1;30;line_consecutive;0.5;1020;0;20;1-14;2;106647.75599999932;106834.82362694496;106834.824;106834.824;187.0676269456308;0.0003730550379259;0.0003730550379259;eev,integrated,separated,ws;lintim;Mumford0;Mumford0;True;False;1e-05;12000;1;2;20;10;50;-5;50;0.75;2;50;50;10;10;16;0.0368;1020;1020
14050803;21;g_000;1;1;30;line_consecutive;0.5;1021;0;21;17-29;3;106466.302;106466.30171428571;106466.302;106466.302;-0.0002857142826542;0.0002857142826542;0.0002857142826542;eev,integrated,separated,ws;lintim;Mumford0;Mumford0;True;False;1e-05;12000;1;2;20;10;50;-5;50;0.75;2;50;50;10;10;16;0.0368;1021;1021
14050803;22;g_000;1;1;30;line_consecutive;0.5;1022;0;22;12-15;5,11;109569.886;109924.4217053788;110021.45799999998;110146.742;354.53570537880296;97.0362946211826;222.3202946211968;eev,integrated,separated,ws;lintim;Mumford0;Mumford0;True;False;1e-05;12000;1;2;20;10;50;-5;50;0.75;2;50;50;10;10;16;0.0368;1022;1022
14050803;23;g_000;1;1;30;line_consecutive;0.5;1023;0;23;2-4;2;106126.58;106126.58;106126.58;106126.58;0.0;0.0;0.0;eev,integrated,separated,ws;lintim;Mumford0;Mumford0;True;False;1e-05;12000;1;2;20;10;50;-5;50;0.75;2;50;50;10;10;16;0.0368;1023;1023
14050803;24;g_000;1;1;30;line_consecutive;0.5;1024;0;24;4-12;2;107387.168;107571.27599999998;107571.276;107571.276;184.10799999997835;1.4551915228366852e-11;1.4551915228366852e-11;eev,integrated,separated,ws;lintim;Mumford0;Mumford0;True;False;1e-05;12000;1;2;20;10;50;-5;50;0.75;2;50;50;10;10;16;0.0368;1024;1024
14050803;25;g_000;1;1;30;line_consecutive;0.5;1025;0;25;8-15;10;106875.584;106875.5840000084;106875.584;106875.584;8.396455086767673e-09;-8.396455086767673e-09;-8.396455086767673e-09;eev,integrated,separated,ws;lintim;Mumford0;Mumford0;True;False;1e-05;12000;1;2;20;10;50;-5;50;0.75;2;50;50;10;10;16;0.0368;1025;1025
14050803;26;g_000;1;1;30;line_consecutive;0.5;1026;0;26;6-16;8;105133.536;105133.53599999838;105133.536;105133.536;-1.6152625903487206e-09;1.6152625903487206e-09;1.6152625903487206e-09;eev,integrated,separated,ws;lintim;Mumford0;Mumford0;True;False;1e-05;12000;1;2;20;10;50;-5;50;0.75;2;50;50;10;10;16;0.0368;1026;1026
14050803;27;g_000;1;1;30;line_consecutive;0.5;1027;0;27;12-26;5;107219.984;107219.984;107219.98399999892;107219.98399999892;0.0;-1.076841726899147e-09;-1.076841726899147e-09;eev,integrated,separated,ws;lintim;Mumford0;Mumford0;True;False;1e-05;12000;1;2;20;10;50;-5;50;0.75;2;50;50;10;10;16;0.0368;1027;1027
14050803;28;g_000;1;1;30;line_consecutive;0.5;1028;0;28;2-25;1;106103.44400000002;106103.44400000002;106103.444;106103.444;0.0;-1.4551915228366852e-11;-1.4551915228366852e-11;eev,integrated,separated,ws;lintim;Mumford0;Mumford0;True;False;1e-05;12000;1;2;20;10;50;-5;50;0.75;2;50;50;10;10;16;0.0368;1028;1028
14050803;29;g_000;1;1;30;line_consecutive;0.5;1029;0;29;9-13;3;106358.06399999978;106358.064;106358.06399999998;106358.06399999998;2.1827872842550278e-10;-1.4551915228366852e-11;-1.4551915228366852e-11;eev,integrated,separated,ws;lintim;Mumford0;Mumford0;True;False;1e-05;12000;1;2;20;10;50;-5;50;0.75;2;50;50;10;10;16;0.0368;1029;1029
14050803;30;g_000;2;1;30;line_consecutive;0.5;1030;1;0;2-25,8-25;1;137117.14200000002;137117.14199999796;137117.142;137117.142;-2.066371962428093e-09;2.0372681319713593e-09;2.0372681319713593e-09;eev,integrated,separated,ws;lintim;Mumford0;Mumford0;True;False;1e-05;12000;1;2;20;10;50;-5;50;0.75;2;50;50;10;10;16;0.0368;1030;1030
14050803;31;g_000;2;1;30;line_consecutive;0.5;1031;1;1;8-11,8-25;1;106261.812;106261.81200000772;106261.81199999971;106261.81199999971;7.712515071034431e-09;-8.003553375601768e-09;-8.003553375601768e-09;eev,integrated,separated,ws;lintim;Mumford0;Mumford0;True;False;1e-05;12000;1;2;20;10;50;-5;50;0.75;2;50;50;10;10;16;0.0368;1031;1031
14050803;32;g_000;2;1;30;line_consecutive;0.5;1032;1;2;8-11,11-22;1;130532.772;130532.77199999508;130532.77199999998;130532.77199999998;-4.918547347187996e-09;4.903995431959629e-09;4.903995431959629e-09;eev,integrated,separated,ws;lintim;Mumford0;Mumford0;True;False;1e-05;12000;1;2;20;10;50;-5;50;0.75;2;50;50;10;10;16;0.0368;1032;1032
14050803;33;g_000;2;1;30;line_consecutive;0.5;1033;1;3;2-4,4-12;2;121620.08200000002;121810.64488407312;121810.646;121810.646;190.5628840730933;0.001115926876082;0.001115926876082;eev,integrated,separated,ws;lintim;Mumford0;Mumford0;True;False;1e-05;12000;1;2;20;10;50;-5;50;0.75;2;50;50;10;10;16;0.0368;1033;1033
14050803;34;g_000;2;1;30;line_consecutive;0.5;1034;1;4;4-12,12-18;2;166021.212;166233.29200000002;166233.29200000002;167459.88;212.0800000000163;0.0;1226.5879999999888;eev,integrated,separated,ws;lintim;Mumford0;Mumford0;True;False;1e-05;12000;1;2;20;10;50;-5;50;0.75;2;50;50;10;10;16;0.0368;1034;1034
14050803;35;g_000;2;1;30;line_consecutive;0.5;1035;1;5;12-18,18-23;2,11;151471.428;151692.69200000545;151692.69199999998;152768.90000000002;221.264000005438;-5.471520125865936e-09;1076.2079999945709;eev,integrated,separated,ws;lintim;Mumford0;Mumford0;True;False;1e-05;12000;1;2;20;10;50;-5;50;0.75;2;50;50;10;10;16;0.0368;1035;1035
14050803;36;g_000;2;1;30;line_consecutive;0.5;1036;1;6;1-23,18-23;2;108623.008;108766.64399999604;108766.644;110331.02000000002;143.63599999604048;3.958120942115784e-09;1564.3760000039763;eev,integrated,separated,ws;lintim;Mumford0;Mumford0;True;False;1e-05;12000;1;2;20;10;50;-5;50;0.75;2;50;50;10;10;16;0.0368;1036;1036
14050803;37;g_000;2;1;30;line_consecutive;0.5;1037;1;7;1-14,1-23;2;107141.296;107372.904;107372.904;107372.904;231.6079999999929;0.0;0.0;eev,integrated,separated,ws;lintim;Mumford0;Mumford0;True;False;1e-05;12000;1;2;20;10;50;-5;50;0.75;2;50;50;10;10;16;0.0368;1037;1037
14050803;38;g_000;2;1;30;line_consecutive;0.5;1038;1;8;1-13,9-13;3;154087.60199999998;154087.60199999998;154087.602;154087.602;0.0;2.9103830456733704e-11;2.9103830456733704e-11;eev,integrated,separated,ws;lintim;Mumford0;Mumford0;True;False;1e-05;12000;1;2;20;10;50;-5;50;0.75;2;50;50;10;10;16;0.0368;1038;1038
14050803;39;g_000;2;1;30;line_consecutive;0.5;1039;1;9;1-13,1-29;3;106769.69;106769.69;106769.69;106769.69;0.0;0.0;0.0;eev,integrated,separated,ws;lintim;Mumford0;Mumford0;True;False;1e-05;12000;1;2;20;10;50;-5;50;0.75;2;50;50;10;10;16;0.0368;1039;1039
14050803;40;g_000;2;1;30;line_consecutive;0.5;1040;1;10;1-29,17-29;3;107480.468;107480.46800000002;107480.468;107480.468;2.9103830456733704e-11;-2.9103830456733704e-11;-2.9103830456733704e-11;eev,integrated,separated,ws;lintim;Mumford0;Mumford0;True;False;1e-05;12000;1;2;20;10;50;-5;50;0.75;2;50;50;10;10;16;0.0368;1040;1040
14050803;41;g_000;2;1;30;line_consecutive;0.5;1041;1;11;17-28,17-29;3;106466.302;106466.302;106466.30199999308;106466.30199999308;0.0;-6.9121597334742554e-09;-6.9121597334742554e-09;eev,integrated,separated,ws;lintim;Mumford0;Mumford0;True;False;1e-05;12000;1;2;20;10;50;-5;50;0.75;2;50;50;10;10;16;0.0368;1041;1041
14050803;42;g_000;2;1;30;line_consecutive;0.5;1042;1;12;17-28,28-30;3;122878.844;122878.8439999569;122878.844;122878.844;-4.3102772906422615e-08;4.3102772906422615e-08;4.3102772906422615e-08;eev,integrated,separated,ws;lintim;Mumford0;Mumford0;True;False;1e-05;12000;1;2;20;10;50;-5;50;0.75;2;50;50;10;10;16;0.0368;1042;1042
14050803;43;g_000;2;1;30;line_consecutive;0.5;1043;1;13;6-7,7-14;4;108580.97200002515;108580.972;108580.97199999994;109247.04199999988;-2.5160261429846287e-08;-5.820766091346741e-11;666.0699999998906;eev,integrated,separated,ws;lintim;Mumford0;Mumford0;True;False;1e-05;12000;1;2;20;10;50;-5;50;0.75;2;50;50;10;10;16;0.0368;1043;1043
14050803;44;g_000;2;1;30;line_consecutive;0.5;1044;1;14;7-14,14-19;4;106941.29200000002;106941.29200000448;106941.292;106941.292;4.4674379751086235e-09;-4.48198989033699e-09;-4.48198989033699e-09;eev,integrated,separated,ws;lintim;Mumford0;Mumford0;True;False;1e-05;12000;1;2;20;10;50;-5;50;0.75;2;50;50;10;10;16;0.0368;1044;1044
14050803;45;g_000;2;1;30;line_consecutive;0.5;1045;1;15;14-19,19-20;4;107061.416;107061.41600010676;107061.41600000107;107061.41600000107;1.067674020305276e-07;-1.0569056030362844e-07;-1.0569056030362844e-07;eev,integrated,separated,ws;lintim;Mumford0;Mumford0;True;False;1e-05;12000;1;2;20;10;50;-5;50;0.75;2;50;50;10;10;16;0.0368;1045;1045
14050803;46;g_000;2;1;30;line_consecutive;0.5;1046;1;16;12-15,15-24;5;109569.886;109924.42200000209;110021.45799999977;110146.742;354.53600000208826;97.03599999767904;222.3199999979115;eev,integrated,separated,ws;lintim;Mumford0;Mumford0;True;False;1e-05;12000;1;2;20;10;50;-5;50;0.75;2;50;50;10;10;16;0.0368;1046;1046
14050803;47;g_000;2;1;30;line_consecutive;0.5;1047;1;17;12-15,12-26;5;108434.24;108788.77599999524;108885.812;109011.096;354.5359999952343;97.0360000047658;222.32000000476543;eev,integrated,separated,ws;lintim;Mumford0;Mumford0;True;False;1e-05;12000;1;2;20;10;50;-5;50;0.75;2;50;50;10;10;16;0.0368;1047;1047
14050803;48;g_000;2;1;30;line_consecutive;0.5;1048;1;18;3-8,5-8;6;106332.628;106332.6280000024;106332.62799999995;106332.62799999995;2.40106601268053e-09;-2.444721758365631e-09;-2.444721758365631e-09;eev,integrated,separated,ws;lintim;Mumford0;Mumford0;True;False;1e-05;12000;1;2;20;10;50;-5;50;0.75;2;50;50;10;10;16;0.0368;1048;1048
14050803;49;g_000;2;1;30;line_consecutive;0.5;1049;1;19;10-15,15-21;7;108358.132;108358.13199999998;108358.132;108358.132;-1.4551915228366852e-11;1.4551915228366852e-11;1.4551915228366852e-11;eev,integrated,separated,ws;lintim;Mumford0;Mumford0;True;False;1e-05;12000;1;2;20;10;50;-5;50;0.75;2;50;50;10;10;16;0.0368;1049;1049
14050803;50;g_000;2;1;30;line_consecutive;0.5;1050;1;20;2-15,8-15;10;107397.602;107528.912;107528.9119999998;107528.9119999998;131.30999999999767;-2.0372681319713595e-10;-2.0372681319713595e-10;eev,integrated,separated,ws;lintim;Mumford0;Mumford0;True;False;1e-05;12000;1;2;20;10;50;-5;50;0.75;2;50;50;10;10;16;0.0368;1050;1050
14050803;51;g_000;2;1;30;line_consecutive;0.5;1051;1;21;8-15,8-17;10;109022.402;109312.12;109312.12;109312.12;289.7179999999935;0.0;0.0;eev,integrated,separated,ws;lintim;Mumford0;Mumford0;True;False;1e-05;12000;1;2;20;10;50;-5;50;0.75;2;50;50;10;10;16;0.0368;1051;1051
14050803;52;g_000;2;1;30;line_consecutive;0.5;1052;1;22;7-17,8-17;10;106697.43400000416;106828.74399999795;106828.74399999912;106828.74399999912;131.30999999379856;1.164153218269348e-09;1.164153218269348e-09;eev,integrated,separated,ws;lintim;Mumford0;Mumford0;True;False;1e-05;12000;1;2;20;10;50;-5;50;0.75;2;50;50;10;10;16;0.0368;1052;1052
14050803;53;g_000;2;1;30;line_consecutive;0.5;1053;1;23;6-7,7-17;10;107752.88400000002;107752.884;107752.884;108286.75799999991;-1.4551915228366852e-11;0.0;533.8739999999088;eev,integrated,separated,ws;lintim;Mumford0;Mumford0;True;False;1e-05;12000;1;2;20;10;50;-5;50;0.75;2;50;50;10;10;16;0.0368;1053;1053
14050803;54;g_000;2;1;30;line_consecutive;0.5;1054;1;24;12-15,12-18;11;152942.814;153164.07799999838;153164.07799999893;154459.722;221.26399999836576;5.529727786779404e-10;1295.64400000163;eev,integrated,separated,ws;lintim;Mumford0;Mumford0;True;False;1e-05;12000;1;2;20;10;50;-5;50;0.75;2;50;50;10;10;16;0.0368;1054;1054
14050803;55;g_000;2;1;30;line_consecutive;0.5;1055;1;25;18-23,19-23;11;123958.166;123958.166;123958.166;125866.17400000004;0.0;0.0;1908.0080000000453;eev,integrated,separated,ws;lintim;Mumford0;Mumford0;True;False;1e-05;12000;1;2;20;10;50;-5;50;0.75;2;50;50;10;10;16;0.0368;1055;1055
14050803;56;g_000;2;1;30;line_consecutive;0.5;1056;1;26;3-8,8-21;12;106200.432;106200.432;106200.43199999991;106200.43199999991;0.0;-8.731149137020111e-11;-8.731149137020111e-11;eev,integrated,separated,ws;lintim;Mumford0;Mumford0;True;False;1e-05;12000;1;2;20;10;50;-5;50;0.75;2;50;50;10;10;16;0.0368;1056;1056
14050803;57;g_000;2;1;30;line_consecutive;0.5;1057;1;27;8-21,21-24;12;105133.536;105133.536;105133.536;105133.536;0.0;0.0;0.0;eev,integrated,separated,ws;lintim;Mumford0;Mumford0;True;False;1e-05;12000;1;2;20;10;50;-5;50;0.75;2;50;50;10;10;16;0.0368;1057;1057
14050803;58;g_000;1;1;30;line_consecutive;0.5;1058;2;0;18-23;2,11;124173.076;124394.3400000092;124394.3400000106;125470.5480000712;221.2640000091924;1.4115357771515844e-09;1076.2080000620044;eev,integrated,separated,ws;lintim;Mumford0;Mumford0;True;False;1e-05;12000;1;2;20;10;500;-5;50;0.75;2;50;50;10;10;16;0.0368;1058;1058
14050803;59;g_000;1;1;30;line_consecutive;0.5;1059;2;1;4-12;2;115038.196;115297.776;115297.776;115297.776;259.58000000000175;0.0;0.0;eev,integrated,separated,ws;lintim;Mumford0;Mumford0;True;False;1e-05;12000;1;2;20;10;500;-5;50;0.75;2;50;50;10;10;16;0.0368;1059;1059
14050803;60;g_000;1;1;30;line_consecutive;0.5;1060;2;2;1-14;2;112497.756;112729.36381200692;112729.364;112729.364;231.60781200692875;0.0001879930787254;0.0001879930787254;eev,integrated,separated,ws;lintim;Mumford0;Mumford0;True;False;1e-05;12000;1;2;20;10;500;-5;50;0.75;2;50;50;10;10;16;0.0368;1060;1060
14050803;61;g_000;1;1;30;line_consecutive;0.5;1061;2;3;17-28;3;121330.0;121330.0;121330.0;121330.0;0.0;0.0;0.0;eev,integrated,separated,ws;lintim;Mumford0;Mumford0;True;False;1e-05;12000;1;2;20;10;500;-5;50;0.75;2;50;50;10;10;16;0.0368;1061;1061
14050803;62;g_000;1;1;30;line_consecutive;0.5;1062;2;4;21-24;12;105133.536;105133.53599999996;105133.536;105133.536;-2.9103830456733704e-11;2.9103830456733704e-11;2.9103830456733704e-11;eev,integrated,separated,ws;lintim;Mumford0;Mumford0;True;False;1e-05;12000;1;2;20;10;500;-5;50;0.75;2;50;50;10;10;16;0.0368;1062;1062
14050803;63;g_000;1;1;30;line_consecutive;0.5;1063;2;5;28-30;3;122534.484;122534.48400000524;122534.48399999998;122534.48399999998;5.2386894822120675e-09;-5.2532413974404335e-09;-5.2532413974404335e-09;eev,integrated,separated,ws;lintim;Mumford0;Mumford0;True;False;1e-05;12000;1;2;20;10;500;-5;50;0.75;2;50;50;10;10;16;0.0368;1063;1063
14050803;64;g_000;1;1;30;line_consecutive;0.5;1064;2;6;14-19;4;112959.27799999996;112959.27800000002;112959.278;112959.278;5.820766091346741e-11;-1.4551915228366852e-11;-1.4551915228366852e-11;eev,integrated,separated,ws;lintim;Mumford0;Mumford0;True;False;1e-05;12000;1;2;20;10;500;-5;50;0.75;2;50;50;10;10;16;0.0368;1064;1064
14050803;65;g_000;1;1;30;line_consecutive;0.5;1065;2;7;1-29;3;122187.14;122187.14;122187.14;122187.14;0.0;0.0;0.0;eev,integrated,separated,ws;lintim;Mumford0;Mumford0;True;False;1e-05;12000;1;2;20;10;500;-5;50;0.75;2;50;50;10;10;16;0.0368;1065;1065
14050803;66;g_000;1;1;30;line_consecutive;0.5;1066;2;8;8-11;1;121076.916;121076.91600000409;121076.91599999998;121076.91599999998;4.089088179171085e-09;-4.103640094399452e-09;-4.103640094399452e-09;eev,integrated,separated,ws;lintim;Mumford0;Mumford0;True;False;1e-05;12000;1;2;20;10;500;-5;50;0.75;2;50;50;10;10;16;0.0368;1066;1066
14050803;67;g_000;1;1;30;line_consecutive;0.5;1067;2;9;1-13;3;118710.576;118710.576;118710.576;118710.576;0.0;0.0;0.0;eev,integrated,separated,ws;lintim;Mumford0;Mumford0;True;False;1e-05;12000;1;2;20;10;500;-5;50;0.75;2;50;50;10;10;16;0.0368;1067;1067
14050803;68;g_000;1;1;30;line_consecutive;0.5;1068;2;10;8-25;1;116227.616;116227.6159999998;116227.616;116227.616;-1.8917489796876907e-10;1.8917489796876907e-10;1.8917489796876907e-10;eev,integrated,separated,ws;lintim;Mumford0;Mumford0;True;False;1e-05;12000;1;2;20;10;500;-5;50;0.75;2;50;50;10;10;16;0.0368;1068;1068
14050803;69;g_000;1;1;30;line_consecutive;0.5;1069;2;11;6-7;4,10;119684.45;119684.44984199636;119684.45;120302.35999999991;-0.0001580036332597;0.0001580036332597;617.9101580035494;eev,integrated,separated,ws;lintim;Mumford0;Mumford0;True;False;1e-05;12000;1;2;20;10;500;-5;50;0.75;2;50;50;10;10;16;0.0368;1069;1069
14050803;70;g_000;1;1;30;line_consecutive;0.5;1070;2;12;2-4;2;109289.18800000002;109548.76800000004;109548.768;109548.768;259.5800000000163;-4.365574568510056e-11;-4.365574568510056e-11;eev,integrated,separated,ws;lintim;Mumford0;Mumford0;True;False;1e-05;12000;1;2;20;10;500;-5;50;0.75;2;50;50;10;10;16;0.0368;1070;1070
14050803;71;g_000;1;1;30;line_consecutive;0.5;1071;2;13;2-25;1;116003.44400000002;116003.444;116003.44400000176;116003.44400000176;-1.4551915228366852e-11;1.760781742632389e-09;1.760781742632389e-09;eev,integrated,separated,ws;lintim;Mumford0;Mumford0;True;False;1e-05;12000;1;2;20;10;500;-5;50;0.75;2;50;50;10;10;16;0.0368;1071;1071
14050803;72;g_000;1;1;30;line_consecutive;0.5;1072;2;14;6-16;8;105133.536;105133.5359999985;105133.536;105133.536;-1.4988472685217855e-09;1.4988472685217855e-09;1.4988472685217855e-09;eev,integrated,separated,ws;lintim;Mumford0;Mumford0;True;False;1e-05;12000;1;2;20;10;500;-5;50;0.75;2;50;50;10;10;16;0.0368;1072;1072
14050803;73;g_000;1;1;30;line_consecutive;0.5;1073;2;15;9-13;3;116258.064;116258.064;116258.06399999998;116258.06399999998;0.0;-1.4551915228366852e-11;-1.4551915228366852e-11;eev,integrated,separated,ws;lintim;Mumford0;Mumford0;True;False;1e-05;12000;1;2;20;10;500;-5;50;0.75;2;50;50;10;10;16;0.0368;1073;1073
14050803;74;g_000;1;1;30;line_consecutive;0.5;1074;2;16;12-15;5,11;126216.67600000543;126571.212;126668.248;126793.53199999996;354.5359999945649;97.03600000000732;222.31999999996333;eev,integrated,separated,ws;lintim;Mumford0;Mumford0;True;False;1e-05;12000;1;2;20;10;500;-5;50;0.75;2;50;50;10;10;16;0.0368;1074;1074
14050803;75;g_000;1;1;30;line_consecutive;0.5;1075;2;17;11-22;1;114315.23999999996;114315.23999999998;114315.24;114315.24;1.4551915228366852e-11;2.9103830456733704e-11;2.9103830456733704e-11;eev,integrated,separated,ws;lintim;Mumford0;Mumford0;True;False;1e-05;12000;1;2;20;10;500;-5;50;0.75;2;50;50;10;10;16;0.0368;1075;1075
14050803;76;g_000;1;1;30;line_consecutive;0.5;1076;2;18;17-29;3;125404.228;125404.2277142857;125404.22799999973;125404.22799999973;-0.0002857142972061;0.0002857140207197;0.0002857140207197;eev,integrated,separated,ws;lintim;Mumford0;Mumford0;True;False;1e-05;12000;1;2;20;10;500;-5;50;0.75;2;50;50;10;10;16;0.0368;1076;1076
14050803;77;g_000;1;1;30;line_consecutive;0.5;1077;2;19;12-18;2,11;167077.448;167298.71199999994;167298.712;168374.91999999998;221.26399999993737;5.820766091346741e-11;1076.2080000000424;eev,integrated,separated,ws;lintim;Mumford0;Mumford0;True;False;1e-05;12000;1;2;20;10;500;-5;50;0.75;2;50;50;10;10;16;0.0368;1077;1077
14050803;78;g_000;1;1;30;line_consecutive;0.5;1078;2;20;8-21;12;105133.536;105133.53600000648;105133.536;105133.536;6.490154191851616e-09;-6.490154191851616e-09;-6.490154191851616e-09;eev,integrated,separated,ws;lintim;Mumford0;Mumford0;True;False;1e-05;12000;1;2;20;10;500;-5;50;0.75;2;50;50;10;10;16;0.0368;1078;1078
14050803;79;g_000;1;1;30;line_consecutive;0.5;1079;2;21;15-24;5;120603.98;120603.97999345014;120603.97999999997;120603.97999999998;-6.549860700033605e-06;6.549831596203148e-06;6.549846148118377e-06;eev,integrated,separated,ws;lintim;Mumford0;Mumford0;True;False;1e-05;12000;1;2;20;10;500;-5;50;0.75;2;50;50;10;10;16;0.0368;1079;1079
14050803;80;g_000;1;1;30;line_consecutive;0.5;1080;2;22;8-17;10;113414.818;113708.63199996564;113708.632;113708.632;293.8139999656414;3.4357071854174144e-08;3.4357071854174144e-08;eev,integrated,separated,ws;lintim;Mumford0;Mumford0;True;False;1e-05;12000;1;2;20;10;500;-5;50;0.75;2;50;50;10;10;16;0.0368;1080;1080
14050803;81;g_000;1;1;30;line_consecutive;0.5;1081;2;23;9-27;9;105133.536;105133.53600000002;105133.536;105133.536;2.9103830456733704e-11;-2.9103830456733704e-11;-2.9103830456733704e-11;eev,integrated,separated,ws;lintim;Mumford0;Mumford0;True;False;1e-05;12000;1;2;20;10;500;-5;50;0.75;2;50;50;10;10;16;0.0368;1081;1081
14050803;82;g_000;1;1;30;line_consecutive;0.5;1082;2;24;8-15;10;113447.04199999847;113740.856;113740.85599999993;113740.85599999993;293.81400000152644;-7.275957614183426e-11;-7.275957614183426e-11;eev,integrated,separated,ws;lintim;Mumford0;Mumford0;True;False;1e-05;12000;1;2;20;10;500;-5;50;0.75;2;50;50;10;10;16;0.0368;1082;1082
14050803;83;g_000;1;1;30;line_consecutive;0.5;1083;2;25;2-15;10;113385.2200000339;113679.03400000962;113679.034;113679.034;293.81399997571134;-9.618815965950487e-09;-9.618815965950487e-09;eev,integrated,separated,ws;lintim;Mumford0;Mumford0;True;False;1e-05;12000;1;2;20;10;500;-5;50;0.75;2;50;50;10;10;16;0.0368;1083;1083
14050803;84;g_000;1;1;30;line_consecutive;0.5;1084;2;26;5-8;6;111166.248;111166.248;111166.248;111166.248;0.0;0.0;0.0;eev,integrated,separated,ws;lintim;Mumford0;Mumford0;True;False;1e-05;12000;1;2;20;10;500;-5;50;0.75;2;50;50;10;10;16;0.0368;1084;1084
14050803;85;g_000;1;1;30;line_consecutive;0.5;1085;2;27;7-17;10;113952.158;114083.468;114083.468;114083.468;131.30999999999767;0.0;0.0;eev,integrated,separated,ws;lintim;Mumford0;Mumford0;True;False;1e-05;12000;1;2;20;10;500;-5;50;0.75;2;50;50;10;10;16;0.0368;1085;1085
14050803;86;g_000;1;1;30;line_consecutive;0.5;1086;2;28;15-21;7;118523.428;118523.428;118523.428;118523.428;0.0;0.0;0.0;eev,integrated,separated,ws;lintim;Mumford0;Mumford0;True;False;1e-05;12000;1;2;20;10;500;-5;50;0.75;2;50;50;10;10;16;0.0368;1086;1086
14050803;87;g_000;1;1;30;line_consecutive;0.5;1087;2;29;1-23;2;109143.20800000738;109402.788;109402.788;109402.788;259.5799999926239;0.0;0.0;eev,integrated,separated,ws;lintim;Mumford0;Mumford0;True;False;1e-05;12000;1;2;20;10;500;-5;50;0.75;2;50;50;10;10;16;0.0368;1087;1087
14050803;88;g_000;2;1;30;line_consecutive;0.5;1088;3;0;2-25,8-25;1;151680.378;151680.37799999997;151680.37799999997;151680.37799999997;-2.9103830456733704e-11;0.0;0.0;eev,integrated,separated,ws;lintim;Mumford0;Mumford0;True;False;1e-05;12000;1;2;20;10;500;-5;50;0.75;2;50;50;10;10;16;0.0368;1088;1088
14050803;89;g_000;2;1;30;line_consecutive;0.5;1089;3;1;8-11,8-25;1;132170.50400000002;132170.50399999745;132170.50400000002;132170.50400000002;-2.561137080192566e-09;2.561137080192566e-09;2.561137080192566e-09;eev,integrated,separated,ws;lintim;Mumford0;Mumford0;True;False;1e-05;12000;1;2;20;10;500;-5;50;0.75;2;50;50;10;10;16;0.0368;1089;1089
14050803;90;g_000;2;1;30;line_consecutive;0.5;1090;3;2;8-11,11-22;1;144877.60599999997;144877.60599999715;144877.60599999997;144877.60599999997;-2.823071554303169e-09;2.823071554303169e-09;2.823071554303169e-09;eev,integrated,separated,ws;lintim;Mumford0;Mumford0;True;False;1e-05;12000;1;2;20;10;500;-5;50;0.75;2;50;50;10;10;16;0.0368;1090;1090
14050803;91;g_000;2;1;30;line_consecutive;0.5;1091;3;3;2-4,4-12;2;123385.602;123645.18177600551;123645.182;123645.182;259.57977600551385;0.0002239944878965;0.0002239944878965;eev,integrated,separated,ws;lintim;Mumford0;Mumford0;True;False;1e-05;12000;1;2;20;10;500;-5;50;0.75;2;50;50;10;10;16;0.0368;1091;1091
14050803;92;g_000;2;1;30;line_consecutive;0.5;1092;3;4;4-12,12-18;2;182879.846;183101.11;183101.11;184177.31800000003;221.2639999999956;0.0;1076.2080000000424;eev,integrated,separated,ws;lintim;Mumford0;Mumford0;True;False;1e-05;12000;1;2;20;10;500;-5;50;0.75;2;50;50;10;10;16;0.0368;1092;1092
14050803;93;g_000;2;1;30;line_consecutive;0.5;1093;3;5;12-18,18-23;2,11;167077.448;167298.71199999994;167298.712;168374.91999999998;221.26399999993737;5.820766091346741e-11;1076.2080000000424;eev,integrated,separated,ws;lintim;Mumford0;Mumford0;True;False;1e-05;12000;1;2;20;10;500;-5;50;0.75;2;50;50;10;10;16;0.0368;1093;1093
14050803;94;g_000;2;1;30;line_consecutive;0.5;1094;3;6;1-23,18-23;2;124173.076;124394.3400000092;124394.3400000106;125470.5480000712;221.2640000091924;1.4115357771515844e-09;1076.2080000620044;eev,integrated,separated,ws;lintim;Mumford0;Mumford0;True;False;1e-05;12000;1;2;20;10;500;-5;50;0.75;2;50;50;10;10;16;0.0368;1094;1094
14050803;95;g_000;2;1;30;line_consecutive;0.5;1095;3;7;1-14,1-23;2;117151.30800000002;117363.38800000002;117363.388;117363.388;212.08000000000172;-1.4551915228366852e-11;-1.4551915228366852e-11;eev,integrated,separated,ws;lintim;Mumford0;Mumford0;True;False;1e-05;12000;1;2;20;10;500;-5;50;0.75;2;50;50;10;10;16;0.0368;1095;1095
14050803;96;g_000;2;1;30;line_consecutive;0.5;1096;3;8;1-13,9-13;3;166636.85;166636.85;166636.84999999998;166636.84999999998;0.0;-2.9103830456733704e-11;-2.9103830456733704e-11;eev,integrated,separated,ws;lintim;Mumford0;Mumford0;True;False;1e-05;12000;1;2;20;10;500;-5;50;0.75;2;50;50;10;10;16;0.0368;1096;1096
14050803;97;g_000;2;1;30;line_consecutive;0.5;1097;3;9;1-13,1-29;3;131614.44;131614.44;131614.44;131614.44;0.0;0.0;0.0;eev,integrated,separated,ws;lintim;Mumford0;Mumford0;True;False;1e-05;12000;1;2;20;10;500;-5;50;0.75;2;50;50;10;10;16;0.0368;1097;1097
14050803;98;g_000;2;1;30;line_consecutive;0.5;1098;3;10;1-29,17-29;3;137148.72400001154;137148.724;137148.724;137148.724;-1.155422069132328e-08;0.0;0.0;eev,integrated,separated,ws;lintim;Mumford0;Mumford0;True;False;1e-05;12000;1;2;20;10;500;-5;50;0.75;2;50;50;10;10;16;0.0368;1098;1098
14050803;99;g_000;2;1;30;line_consecutive;0.5;1099;3;11;17-28,17-29;3;126864.80800000002;126864.808;126864.808;126864.808;-1.4551915228366852e-11;0.0;0.0;eev,integrated,separated,ws;lintim;Mumford0;Mumford0;True;False;1e-05;12000;1;2;20;10;500;-5;50;0.75;2;50;50;10;10;16;0.0368;1099;1099
14050803;100;g_000;2;1;30;line_consecutive;0.5;1100;3;12;17-28,28-30;3;143742.423999974;143742.424;143742.424;143742.424;2.59897205978632e-08;0.0;0.0;eev,integrated,separated,ws;lintim;Mumford0;Mumford0;True;False;1e-05;12000;1;2;20;10;500;-5;50;0.75;2;50;50;10;10;16;0.0368;1100;1100
14050803;101;g_000;2;1;30;line_consecutive;0.5;1101;3;13;6-7,7-14;4;133078.926;133078.92599999986;133078.92599999998;133666.82799999992;-1.4551915228366852e-10;1.1641532182693479e-10;587.9020000000601;eev,integrated,separated,ws;lintim;Mumford0;Mumford0;True;False;1e-05;12000;1;2;20;10;500;-5;50;0.75;2;50;50;10;10;16;0.0368;1101;1101
14050803;102;g_000;2;1;30;line_consecutive;0.5;1102;3;14;7-14,14-19;4;120680.28199999998;120680.282;120680.28199999996;120680.28199999996;2.9103830456733704e-11;-4.365574568510056e-11;-4.365574568510056e-11;eev,integrated,separated,ws;lintim;Mumford0;Mumford0;True;False;1e-05;12000;1;2;20;10;500;-5;50;0.75;2;50;50;10;10;16;0.0368;1102;1102
14050803;103;g_000;2;1;30;line_consecutive;0.5;1103;3;15;14-19,19-20;4;116759.27799995226;116759.278;116759.27799999954;116759.27799999954;4.774483386427164e-08;-4.656612873077393e-10;-4.656612873077393e-10;eev,integrated,separated,ws;lintim;Mumford0;Mumford0;True;False;1e-05;12000;1;2;20;10;500;-5;50;0.75;2;50;50;10;10;16;0.0368;1103;1103
14050803;104;g_000;2;1;30;line_consecutive;0.5;1104;3;16;12-15,15-24;5;126216.67599999996;126571.21200000004;126668.248;126793.532;354.5360000000801;97.03599999996368;222.31999999996333;eev,integrated,separated,ws;lintim;Mumford0;Mumford0;True;False;1e-05;12000;1;2;20;10;500;-5;50;0.75;2;50;50;10;10;16;0.0368;1104;1104
14050803;105;g_000;2;1;30;line_consecutive;0.5;1105;3;17;12-15,12-26;5;126216.676;126571.212;126668.248;126793.53199999992;354.5359999999928;97.03600000000732;222.31999999991967;eev,integrated,separated,ws;lintim;Mumford0;Mumford0;True;False;1e-05;12000;1;2;20;10;500;-5;50;0.75;2;50;50;10;10;16;0.0368;1105;1105
14050803;106;g_000;2;1;30;line_consecutive;0.5;1106;3;18;3-8,5-8;6;112396.836;112396.83599999757;112396.83599999998;112396.83599999998;-2.4301698431372643e-09;2.415617927908897e-09;2.415617927908897e-09;eev,integrated,separated,ws;lintim;Mumford0;Mumford0;True;False;1e-05;12000;1;2;20;10;500;-5;50;0.75;2;50;50;10;10;16;0.0368;1106;1106
14050803;107;g_000;2;1;30;line_consecutive;0.5;1107;3;19;10-15,15-21;7;126166.04;126166.04;126166.04;126166.04;0.0;0.0;0.0;eev,integrated,separated,ws;lintim;Mumford0;Mumford0;True;False;1e-05;12000;1;2;20;10;500;-5;50;0.75;2;50;50;10;10;16;0.0368;1107;1107
14050803;108;g_000;2;1;30;line_consecutive;0.5;1108;3;20;2-15,8-15;10;115275.396;115569.21016791766;115569.21;115569.21;293.8141679176624;-0.000167917649378;-0.000167917649378;eev,integrated,separated,ws;lintim;Mumford0;Mumford0;True;False;1e-05;12000;1;2;20;10;500;-5;50;0.75;2;50;50;10;10;16;0.0368;1108;1108
14050803;109;g_000;2;1;30;line_consecutive;0.5;1109;3;21;8-15,8-17;10;115275.396;115569.21;115569.21000000196;115569.21000000196;293.81400000001304;1.949956640601158e-09;1.949956640601158e-09;eev,integrated,separated,ws;lintim;Mumford0;Mumford0;True;False;1e-05;12000;1;2;20;10;500;-5;50;0.75;2;50;50;10;10;16;0.0368;1109;1109
14050803;110;g_000;2;1;30;line_consecutive;0.5;1110;3;22;7-17,8-17;10;115275.396;115569.21;115569.2099999954;115569.2099999954;293.81400000001304;-4.612957127392292e-09;-4.612957127392292e-09;eev,integrated,separated,ws;lintim;Mumford0;Mumford0;True;False;1e-05;12000;1;2;20;10;500;-5;50;0.75;2;50;50;10;10;16;0.0368;1110;1110
14050803;111;g_000;2;1;30;line_consecutive;0.5;1111;3;23;6-7,7-17;10;120180.55000000002;120311.86000000122;120311.86;120697.92999999992;131.31000000120548;-1.2223608791828156e-09;386.0699999986973;eev,integrated,separated,ws;lintim;Mumford0;Mumford0;True;False;1e-05;12000;1;2;20;10;500;-5;50;0.75;2;50;50;10;10;16;0.0368;1111;1111
14050803;112;g_000;2;1;30;line_consecutive;0.5;1112;3;24;12-15,12-18;11;147052.676;147196.312;147196.31199999998;148491.956;143.6359999999986;-2.9103830456733704e-11;1295.6440000000002;eev,integrated,separated,ws;lintim;Mumford0;Mumford0;True;False;1e-05;12000;1;2;20;10;500;-5;50;0.75;2;50;50;10;10;16;0.0368;1112;1112
14050803;113;g_000;2;1;30;line_consecutive;0.5;1113;3;25;18-23,19-23;11;134877.774;135099.03800000536;135099.038;136175.246;221.26400000535068;-5.3551048040390015e-09;1076.2079999946582;eev,integrated,separated,ws;lintim;Mumford0;Mumford0;True;False;1e-05;12000;1;2;20;10;500;-5;50;0.75;2;50;50;10;10;16;0.0368;1113;1113
14050803;114;g_000;2;1;30;line_consecutive;0.5;1114;3;26;3-8,8-21;12;112396.836;112396.836;112396.836;112396.836;0.0;0.0;0.0;eev,integrated,separated,ws;lintim;Mumford0;Mumford0;True;False;1e-05;12000;1;2;20;10;500;-5;50;0.75;2;50;50;10;10;16;0.0368;1114;1114
14050803;115;g_000;2;1;30;line_consecutive;0.5;1115;3;27;8-21,21-24;12;105133.536;105133.536;105133.536;105133.536;0.0;0.0;0.0;eev,integrated,separated,ws;lintim;Mumford0;Mumford0;True;False;1e-05;12000;1;2;20;10;500;-5;50;0.75;2;50;50;10;10;16;0.0368;1115;1115
14050803;116;g_000;1;1;30;line_consecutive;0.5;1116;4;0;8-25;1;178188.93600000002;178188.93600000752;178188.936;178188.936;7.508788257837296e-09;-7.537892088294031e-09;-7.537892088294031e-09;eev,integrated,separated,ws;lintim;Mumford0;Mumford0;True;False;1e-05;12000;1;2;20;10;5000;-5;50;0.75;2;50;50;10;10;16;0.0368;1116;1116
14050803;117;g_000;1;1;30;line_consecutive;0.5;1117;4;1;8-11;1;193539.414;193539.414;193539.414;193539.414;0.0;0.0;0.0;eev,integrated,separated,ws;lintim;Mumford0;Mumford0;True;False;1e-05;12000;1;2;20;10;5000;-5;50;0.75;2;50;50;10;10;16;0.0368;1117;1117
14050803;118;g_000;1;1;30;line_consecutive;0.5;1118;4;2;6-16;8;105133.536;105133.53599999523;105133.536;105133.536;-4.7584762796759605e-09;4.7584762796759605e-09;4.7584762796759605e-09;eev,integrated,separated,ws;lintim;Mumford0;Mumford0;True;False;1e-05;12000;1;2;20;10;5000;-5;50;0.75;2;50;50;10;10;16;0.0368;1118;1118
14050803;119;g_000;1;1;30;line_consecutive;0.5;1119;4;3;4-12;2;123385.602;123645.182;123645.18199999991;123645.18199999991;259.58000000000175;-8.731149137020111e-11;-8.731149137020111e-11;eev,integrated,separated,ws;lintim;Mumford0;Mumford0;True;False;1e-05;12000;1;2;20;10;5000;-5;50;0.75;2;50;50;10;10;16;0.0368;1119;1119
14050803;120;g_000;1;1;30;line_consecutive;0.5;1120;4;4;17-28;3;200711.722;200711.722;200711.722;200711.722;0.0;0.0;0.0;eev,integrated,separated,ws;lintim;Mumford0;Mumford0;True;False;1e-05;12000;1;2;20;10;5000;-5;50;0.75;2;50;50;10;10;16;0.0368;1120;1120
14050803;121;g_000;1;1;30;line_consecutive;0.5;1121;4;5;1-29;3;205429.28000000093;205429.28;205429.28;205429.28;-9.313225746154783e-10;0.0;0.0;eev,integrated,separated,ws;lintim;Mumford0;Mumford0;True;False;1e-05;12000;1;2;20;10;5000;-5;50;0.75;2;50;50;10;10;16;0.0368;1121;1121
14050803;122;g_000;1;1;30;line_consecutive;0.5;1122;4;6;15-24;5;150010.678;150010.67781200694;150010.67799999833;150010.67799999833;-0.0001879930787254;0.0001879913907032;0.0001879913907032;eev,integrated,separated,ws;lintim;Mumford0;Mumford0;True;False;1e-05;12000;1;2;20;10;5000;-5;50;0.75;2;50;50;10;10;16;0.0368;1122;1122
14050803;123;g_000;1;1;30;line_consecutive;0.5;1123;4;7;17-29;3;222893.34000000003;222893.34;222893.34;222893.34;-2.9103830456733704e-11;0.0;0.0;eev,integrated,separated,ws;lintim;Mumford0;Mumford0;True;False;1e-05;12000;1;2;20;10;5000;-5;50;0.75;2;50;50;10;10;16;0.0368;1123;1123
14050803;124;g_000;1;1;30;line_consecutive;0.5;1124;4;8;1-14;2;123385.60199999576;123645.18159772504;123645.182;123645.182;259.5795977292728;0.0004022749635623;0.0004022749635623;eev,integrated,separated,ws;lintim;Mumford0;Mumford0;True;False;1e-05;12000;1;2;20;10;5000;-5;50;0.75;2;50;50;10;10;16;0.0368;1124;1124
14050803;125;g_000;1;1;30;line_consecutive;0.5;1125;4;9;5-8;6;112396.836;112396.836;112396.836;112396.836;0.0;0.0;0.0;eev,integrated,separated,ws;lintim;Mumford0;Mumford0;True;False;1e-05;12000;1;2;20;10;5000;-5;50;0.75;2;50;50;10;10;16;0.0368;1125;1125
14050803;126;g_000;1;1;30;line_consecutive;0.5;1126;4;10;18-23;2,11;180828.32;181049.584;181049.584;182125.792;221.2639999999956;0.0;1076.2079999999842;eev,integrated,separated,ws;lintim;Mumford0;Mumford0;True;False;1e-05;12000;1;2;20;10;5000;-5;50;0.75;2;50;50;10;10;16;0.0368;1126;1126
14050803;127;g_000;1;1;30;line_consecutive;0.5;1127;4;11;28-30;3;202448.782;202448.782;202448.782;202448.782;0.0;0.0;0.0;eev,integrated,separated,ws;lintim;Mumford0;Mumford0;True;False;1e-05;12000;1;2;20;10;5000;-5;50;0.75;2;50;50;10;10;16;0.0368;1127;1127
14050803;128;g_000;1;1;30;line_consecutive;0.5;1128;4;12;10-15;7;186506.316;186506.316;186506.316;186506.316;0.0;0.0;0.0;eev,integrated,separated,ws;lintim;Mumford0;Mumford0;True;False;1e-05;12000;1;2;20;10;5000;-5;50;0.75;2;50;50;10;10;16;0.0368;1128;1128
14050803;129;g_000;1;1;30;line_consecutive;0.5;1129;4;13;7-14;4;125845.05599999908;126027.032;126124.06799999998;126124.06799999998;181.97600000092643;97.03599999997824;97.03599999997824;eev,integrated,separated,ws;lintim;Mumford0;Mumford0;True;False;1e-05;12000;1;2;20;10;5000;-5;50;0.75;2;50;50;10;10;16;0.0368;1129;1129
14050803;130;g_000;1;1;30;line_consecutive;0.5;1130;4;14;3-8;6,12;112396.836;112396.835948624;112396.83599999998;112396.83599999998;-5.137600237503648e-05;5.137598782312125e-05;5.137598782312125e-05;eev,integrated,separated,ws;lintim;Mumford0;Mumford0;True;False;1e-05;12000;1;2;20;10;5000;-5;50;0.75;2;50;50;10;10;16;0.0368;1130;1130
14050803;131;g_000;1;1;30;line_consecutive;0.5;1131;4;15;9-27;9;105133.536;105133.536;105133.53599991504;105133.53599991504;0.0;-8.495408110320568e-08;-8.495408110320568e-08;eev,integrated,separated,ws;lintim;Mumford0;Mumford0;True;False;1e-05;12000;1;2;20;10;5000;-5;50;0.75;2;50;50;10;10;16;0.0368;1131;1131
14050803;132;g_000;1;1;30;line_consecutive;0.5;1132;4;16;8-17;10;115275.396;115569.21000003612;115569.21;115569.21;293.8140000361309;-3.6117853596806526e-08;-3.6117853596806526e-08;eev,integrated,separated,ws;lintim;Mumford0;Mumford0;True;False;1e-05;12000;1;2;20;10;5000;-5;50;0.75;2;50;50;10;10;16;0.0368;1132;1132
14050803;133;g_000;1;1;30;line_consecutive;0.5;1133;4;17;2-25;1;177997.984;177997.984;177997.9840000036;177997.9840000036;0.0;3.608874976634979e-09;3.608874976634979e-09;eev,integrated,separated,ws;lintim;Mumford0;Mumford0;True;False;1e-05;12000;1;2;20;10;5000;-5;50;0.75;2;50;50;10;10;16;0.0368;1133;1133
14050803;134;g_000;1;1;30;line_consecutive;0.5;1134;4;18;9-13;3;166927.428;166927.428;166927.428;166927.428;0.0;0.0;0.0;eev,integrated,separated,ws;lintim;Mumford0;Mumford0;True;False;1e-05;12000;1;2;20;10;5000;-5;50;0.75;2;50;50;10;10;16;0.0368;1134;1134
14050803;135;g_000;1;1;30;line_consecutive;0.5;1135;4;19;19-20;4;125845.05600005844;126027.03190086738;126124.06799997624;126124.06799997624;181.97590080894588;97.0360991088528;97.0360991088528;eev,integrated,separated,ws;lintim;Mumford0;Mumford0;True;False;1e-05;12000;1;2;20;10;5000;-5;50;0.75;2;50;50;10;10;16;0.0368;1135;1135
14050803;136;g_000;1;1;30;line_consecutive;0.5;1136;4;20;15-21;7;182839.024;182839.024;182839.024;182839.024;0.0;0.0;0.0;eev,integrated,separated,ws;lintim;Mumford0;Mumford0;True;False;1e-05;12000;1;2;20;10;5000;-5;50;0.75;2;50;50;10;10;16;0.0368;1136;1136
14050803;137;g_000;1;1;30;line_consecutive;0.5;1137;4;21;14-19;4;125845.05599999995;126027.032;126124.06799999998;126124.06799999998;181.9760000000533;97.03599999997824;97.03599999997824;eev,integrated,separated,ws;lintim;Mumford0;Mumford0;True;False;1e-05;12000;1;2;20;10;5000;-5;50;0.75;2;50;50;10;10;16;0.0368;1137;1137
14050803;138;g_000;1;1;30;line_consecutive;0.5;1138;4;22;6-7;4,10;181462.974;181756.78794180808;181756.788;182303.862;293.8139418080973;5.819191574119032e-05;547.0740581918799;eev,integrated,separated,ws;lintim;Mumford0;Mumford0;True;False;1e-05;12000;1;2;20;10;5000;-5;50;0.75;2;50;50;10;10;16;0.0368;1138;1138
14050803;139;g_000;1;1;30;line_consecutive;0.5;1139;4;23;8-15;10;115275.396;115569.21000000002;115569.21000000653;115569.21000000653;293.8140000000276;6.504706107079983e-09;6.504706107079983e-09;eev,integrated,separated,ws;lintim;Mumford0;Mumford0;True;False;1e-05;12000;1;2;20;10;5000;-5;50;0.75;2;50;50;10;10;16;0.0368;1139;1139
14050803;140;g_000;1;1;30;line_consecutive;0.5;1140;4;24;1-23;2;123385.60200006855;123645.182;123645.182;123645.182;259.5799999314477;0.0;0.0;eev,integrated,separated,ws;lintim;Mumford0;Mumford0;True;False;1e-05;12000;1;2;20;10;5000;-5;50;0.75;2;50;50;10;10;16;0.0368;1140;1140
14050803;141;g_000;1;1;30;line_consecutive;0.5;1141;4;25;21-24;12;105133.536;105133.536;105133.536;105133.536;0.0;0.0;0.0;eev,integrated,separated,ws;lintim;Mumford0;Mumford0;True;False;1e-05;12000;1;2;20;10;5000;-5;50;0.75;2;50;50;10;10;16;0.0368;1141;1141
14050803;142;g_000;1;1;30;line_consecutive;0.5;1142;4;26;2-4;2;123385.6019996595;123645.18199999954;123645.18200000002;123645.18200000002;259.58000034003635;4.80213202536106e-10;4.80213202536106e-10;eev,integrated,separated,ws;lintim;Mumford0;Mumford0;True;False;1e-05;12000;1;2;20;10;5000;-5;50;0.75;2;50;50;10;10;16;0.0368;1142;1142
14050803;143;g_000;1;1;30;line_consecutive;0.5;1143;4;27;1-13;3;190943.136;190943.136;190943.136;190943.136;0.0;0.0;0.0;eev,integrated,separated,ws;lintim;Mumford0;Mumford0;True;False;1e-05;12000;1;2;20;10;5000;-5;50;0.75;2;50;50;10;10;16;0.0368;1143;1143
14050803;144;g_000;1;1;30;line_consecutive;0.5;1144;4;28;7-17;10;115275.39599999998;115569.21000000004;115569.20999999996;115569.20999999996;293.8140000000567;-7.275957614183426e-11;-7.275957614183426e-11;eev,integrated,separated,ws;lintim;Mumford0;Mumford0;True;False;1e-05;12000;1;2;20;10;5000;-5;50;0.75;2;50;50;10;10;16;0.0368;1144;1144
14050803;145;g_000;1;1;30;line_consecutive;0.5;1145;4;29;19-23;11;108126.42;108482.768;108579.804;108579.804;356.34799999999814;97.03600000000732;97.03600000000732;eev,integrated,separated,ws;lintim;Mumford0;Mumford0;True;False;1e-05;12000;1;2;20;10;5000;-5;50;0.75;2;50;50;10;10;16;0.0368;1145;1145
14050803;146;g_000;2;1;30;line_consecutive;0.5;1146;5;0;2-25,8-25;1;193539.414;193539.41400000703;193539.414;193539.414;7.043126970529556e-09;-7.043126970529556e-09;-7.043126970529556e-09;eev,integrated,separated,ws;lintim;Mumford0;Mumford0;True;False;1e-05;12000;1;2;20;10;5000;-5;50;0.75;2;50;50;10;10;16;0.0368;1146;1146
14050803;147;g_000;2;1;30;line_consecutive;0.5;1147;5;1;8-11,8-25;1;193539.414;193539.41400000645;193539.414;193539.414;6.461050361394882e-09;-6.461050361394882e-09;-6.461050361394882e-09;eev,integrated,separated,ws;lintim;Mumford0;Mumford0;True;False;1e-05;12000;1;2;20;10;5000;-5;50;0.75;2;50;50;10;10;16;0.0368;1147;1147
14050803;148;g_000;2;1;30;line_consecutive;0.5;1148;5;2;8-11,11-22;1;193539.414;193539.414;193539.4139685228;193539.4139685228;0.0;-3.1477189622819424e-05;-3.1477189622819424e-05;eev,integrated,separated,ws;lintim;Mumford0;Mumford0;True;False;1e-05;12000;1;2;20;10;5000;-5;50;0.75;2;50;50;10;10;16;0.0368;1148;1148
14050803;149;g_000;2;1;30;line_consecutive;0.5;1149;5;3;2-4,4-12;2;123385.602;123645.18170006978;123645.182;123645.182;259.5797000697785;0.0002999302232638;0.0002999302232638;eev,integrated,separated,ws;lintim;Mumford0;Mumford0;True;False;1e-05;12000;1;2;20;10;5000;-5;50;0.75;2;50;50;10;10;16;0.0368;1149;1149
14050803;150;g_000;2;1;30;line_consecutive;0.5;1150;5;4;4-12,12-18;2;207567.038;207788.302;207788.30200209212;208864.51;221.2639999999956;2.092157956212759e-06;1076.2080000000133;eev,integrated,separated,ws;lintim;Mumford0;Mumford0;True;False;1e-05;12000;1;2;20;10;5000;-5;50;0.75;2;50;50;10;10;16;0.0368;1150;1150
14050803;151;g_000;2;1;30;line_consecutive;0.5;1151;5;5;12-18,18-23;2,11;207567.038;207788.302;207788.302;208864.51000121105;221.2639999999956;0.0;1076.2080012110528;eev,integrated,separated,ws;lintim;Mumford0;Mumford0;True;False;1e-05;12000;1;2;20;10;5000;-5;50;0.75;2;50;50;10;10;16;0.0368;1151;1151
14050803;152;g_000;2;1;30;line_consecutive;0.5;1152;5;6;1-23,18-23;2;180828.32;181049.584;181049.584;182125.792;221.2639999999956;0.0;1076.2079999999842;eev,integrated,separated,ws;lintim;Mumford0;Mumford0;True;False;1e-05;12000;1;2;20;10;5000;-5;50;0.75;2;50;50;10;10;16;0.0368;1152;1152
14050803;153;g_000;2;1;30;line_consecutive;0.5;1153;5;7;1-14,1-23;2;123385.602;123645.182;123645.182;123645.182;259.58000000000175;0.0;0.0;eev,integrated,separated,ws;lintim;Mumford0;Mumford0;True;False;1e-05;12000;1;2;20;10;5000;-5;50;0.75;2;50;50;10;10;16;0.0368;1153;1153
14050803;154;g_000;2;1;30;line_consecutive;0.5;1154;5;8;1-13,9-13;3;241792.604;241792.604;241792.604;241792.604;0.0;0.0;0.0;eev,integrated,separated,ws;lintim;Mumford0;Mumford0;True;False;1e-05;12000;1;2;20;10;5000;-5;50;0.75;2;50;50;10;10;16;0.0368;1154;1154
14050803;155;g_000;2;1;30;line_consecutive;0.5;1155;5;9;1-13,1-29;3;235748.182;235748.182;235748.18200000003;235748.18200000003;0.0;2.9103830456733704e-11;2.9103830456733704e-11;eev,integrated,separated,ws;lintim;Mumford0;Mumford0;True;False;1e-05;12000;1;2;20;10;5000;-5;50;0.75;2;50;50;10;10;16;0.0368;1155;1155
14050803;156;g_000;2;1;30;line_consecutive;0.5;1156;5;10;1-29,17-29;3;241792.604;241792.604;241792.604;241792.604;0.0;0.0;0.0;eev,integrated,separated,ws;lintim;Mumford0;Mumford0;True;False;1e-05;12000;1;2;20;10;5000;-5;50;0.75;2;50;50;10;10;16;0.0368;1156;1156
14050803;157;g_000;2;1;30;line_consecutive;0.5;1157;5;11;17-28,17-29;3;230381.72200010408;230381.722;230381.722;230381.722;-1.0407529771327972e-07;0.0;0.0;eev,integrated,separated,ws;lintim;Mumford0;Mumford0;True;False;1e-05;12000;1;2;20;10;5000;-5;50;0.75;2;50;50;10;10;16;0.0368;1157;1157
14050803;158;g_000;2;1;30;line_consecutive;0.5;1158;5;12;17-28,28-30;3;241792.604;241794.5120000101;241792.604;241792.604;1.9080000100948384;-1.9080000100948384;-1.9080000100948384;eev,integrated,separated,ws;lintim;Mumford0;Mumford0;True;False;1e-05;12000;1;2;20;10;5000;-5;50;0.75;2;50;50;10;10;16;0.0368;1158;1158
14050803;159;g_000;2;1;30;line_consecutive;0.5;1159;5;13;6-7,7-14;4;198292.282;198651.66399999987;198748.7;199414.7699999999;359.3819999998668;97.0360000001383;763.1060000000289;eev,integrated,separated,ws;lintim;Mumford0;Mumford0;True;False;1e-05;12000;1;2;20;10;5000;-5;50;0.75;2;50;50;10;10;16;0.0368;1159;1159
14050803;160;g_000;2;1;30;line_consecutive;0.5;1160;5;14;7-14,14-19;4;125845.05599999908;126027.032;126124.06799999998;126124.06799999998;181.97600000092643;97.03599999997824;97.03599999997824;eev,integrated,separated,ws;lintim;Mumford0;Mumford0;True;False;1e-05;12000;1;2;20;10;5000;-5;50;0.75;2;50;50;10;10;16;0.0368;1160;1160
14050803;161;g_000;2;1;30;line_consecutive;0.5;1161;5;15;14-19,19-20;4;125845.056;126027.03195766325;126124.06799999737;126124.06799999737;181.9759576632496;97.03604233411896;97.03604233411896;eev,integrated,separated,ws;lintim;Mumford0;Mumford0;True;False;1e-05;12000;1;2;20;10;5000;-5;50;0.75;2;50;50;10;10;16;0.0368;1161;1161
14050803;162;g_000;2;1;30;line_consecutive;0.5;1162;5;16;12-15,15-24;5;153095.378;153449.914;153546.95;153672.23400000003;354.5359999999928;97.03600000002189;222.3200000000361;eev,integrated,separated,ws;lintim;Mumford0;Mumford0;True;False;1e-05;12000;1;2;20;10;5000;-5;50;0.75;2;50;50;10;10;16;0.0368;1162;1162
14050803;163;g_000;2;1;30;line_consecutive;0.5;1163;5;17;12-15,12-26;5;153095.378;153449.914;153546.95;153672.234;354.5359999999928;97.03600000002189;222.32000000000696;eev,integrated,separated,ws;lintim;Mumford0;Mumford0;True;False;1e-05;12000;1;2;20;10;5000;-5;50;0.75;2;50;50;10;10;16;0.0368;1163;1163
14050803;164;g_000;2;1;30;line_consecutive;0.5;1164;5;18;3-8,5-8;6;112396.836;112396.836;112396.83599999998;112396.83599999998;0.0;-1.4551915228366852e-11;-1.4551915228366852e-11;eev,integrated,separated,ws;lintim;Mumford0;Mumford0;True;False;1e-05;12000;1;2;20;10;5000;-5;50;0.75;2;50;50;10;10;16;0.0368;1164;1164
14050803;165;g_000;2;1;30;line_consecutive;0.5;1165;5;19;10-15,15-21;7;186506.316;186506.316;186506.31599990663;186506.31599990663;0.0;-9.336508810520173e-08;-9.336508810520173e-08;eev,integrated,separated,ws;lintim;Mumford0;Mumford0;True;False;1e-05;12000;1;2;20;10;5000;-5;50;0.75;2;50;50;10;10;16;0.0368;1165;1165
14050803;166;g_000;2;1;30;line_consecutive;0.5;1166;5;20;2-15,8-15;10;115275.396;115569.20973152827;115569.2100000071;115569.2100000071;293.8137315282802;0.0002684788196347;0.0002684788196347;eev,integrated,separated,ws;lintim;Mumford0;Mumford0;True;False;1e-05;12000;1;2;20;10;5000;-5;50;0.75;2;50;50;10;10;16;0.0368;1166;1166
14050803;167;g_000;2;1;30;line_consecutive;0.5;1167;5;21;8-15,8-17;10;115275.39599999998;115569.21;115569.21;115569.21;293.8140000000276;0.0;0.0;eev,integrated,separated,ws;lintim;Mumford0;Mumford0;True;False;1e-05;12000;1;2;20;10;5000;-5;50;0.75;2;50;50;10;10;16;0.0368;1167;1167
14050803;168;g_000;2;1;30;line_consecutive;0.5;1168;5;22;7-17,8-17;10;115275.396;115569.21000001536;115569.21;115569.21;293.8140000153653;-1.5352270565927032e-08;-1.5352270565927032e-08;eev,integrated,separated,ws;lintim;Mumford0;Mumford0;True;False;1e-05;12000;1;2;20;10;5000;-5;50;0.75;2;50;50;10;10;16;0.0368;1168;1168
14050803;169;g_000;2;1;30;line_consecutive;0.5;1169;5;23;6-7,7-17;10;181462.9740015527;181756.78800000844;181756.788;182303.862;293.8139984557347;-8.469214662909508e-09;547.073999991524;eev,integrated,separated,ws;lintim;Mumford0;Mumford0;True;False;1e-05;12000;1;2;20;10;5000;-5;50;0.75;2;50;50;10;10;16;0.0368;1169;1169
14050803;170;g_000;2;1;30;line_consecutive;0.5;1170;5;24;12-15,12-18;11;253582.3099996424;253803.574;253803.574;255099.218;221.26400035762344;0.0;1295.6440000000002;eev,integrated,separated,ws;lintim;Mumford0;Mumford0;True;False;1e-05;12000;1;2;20;10;5000;-5;50;0.75;2;50;50;10;10;16;0.0368;1170;1170
14050803;171;g_000;2;1;30;line_consecutive;0.5;1171;5;25;18-23,19-23;11;180828.32;181049.584;181049.584;182125.79200000004;221.2639999999956;0.0;1076.2080000000424;eev,integrated,separated,ws;lintim;Mumford0;Mumford0;True;False;1e-05;12000;1;2;20;10;5000;-5;50;0.75;2;50;50;10;10;16;0.0368;1171;1171
14050803;172;g_000;2;1;30;line_consecutive;0.5;1172;5;26;3-8,8-21;12;112396.836;112396.836;112396.83599999997;112396.83599999997;0.0;-2.9103830456733704e-11;-2.9103830456733704e-11;eev,integrated,separated,ws;lintim;Mumford0;Mumford0;True;False;1e-05;12000;1;2;20;10;5000;-5;50;0.75;2;50;50;10;10;16;0.0368;1172;1172
14050803;173;g_000;2;1;30;line_consecutive;0.5;1173;5;27;8-21,21-24;12;105133.5360000016;105133.53600000002;105133.536;105133.536;-1.5716068446636202e-09;-2.9103830456733704e-11;-2.9103830456733704e-11;eev,integrated,separated,ws;lintim;Mumford0;Mumford0;True;False;1e-05;12000;1;2;20;10;5000;-5;50;0.75;2;50;50;10;10;16;0.0368;1173;1173
14050803;174;g_000;1;1;30;line_consecutive;0.5;1174;6;0;6-16;8;105133.53599999996;105133.536;105133.536;105133.536;2.9103830456733704e-11;0.0;0.0;eev,integrated,separated,ws;lintim;Mumford0;Mumford0;True;False;1e-05;12000;1;2;20;100;50;-5;50;0.75;2;50;50;10;10;16;0.0368;1174;1174
14050803;175;g_000;1;1;30;line_consecutive;0.5;1175;6;1;1-13;3;106560.57599999996;106560.576;106560.576;106560.576;4.365574568510056e-11;0.0;0.0;eev,integrated,separated,ws;lintim;Mumford0;Mumford0;True;False;1e-05;12000;1;2;20;100;50;-5;50;0.75;2;50;50;10;10;16;0.0368;1175;1175
14050803;176;g_000;1;1;30;line_consecutive;0.5;1176;6;2;1-29;3;106127.77999999996;106127.77999993783;106127.78;106127.78;-6.212212610989809e-08;6.216578185558319e-08;6.216578185558319e-08;eev,integrated,separated,ws;lintim;Mumford0;Mumford0;True;False;1e-05;12000;1;2;20;100;50;-5;50;0.75;2;50;50;10;10;16;0.0368;1176;1176
14050803;177;g_000;1;1;30;line_consecutive;0.5;1177;6;3;28-30;3;106402.41199999995;106402.41196781107;106402.412;106402.412;-3.218888014089316e-05;3.2188923796638846e-05;3.2188923796638846e-05;eev,integrated,separated,ws;lintim;Mumford0;Mumford0;True;False;1e-05;12000;1;2;20;100;50;-5;50;0.75;2;50;50;10;10;16;0.0368;1177;1177
14050803;178;g_000;1;1;30;line_consecutive;0.5;1178;6;4;2-25;1;106103.44399999996;106103.44400009702;106103.444;106103.444;9.70612745732069e-08;-9.70176188275218e-08;-9.70176188275218e-08;eev,integrated,separated,ws;lintim;Mumford0;Mumford0;True;False;1e-05;12000;1;2;20;100;50;-5;50;0.75;2;50;50;10;10;16;0.0368;1178;1178
14050803;179;g_000;1;1;30;line_consecutive;0.5;1179;6;5;17-28;3;106774.60999999994;106774.61;106774.61;106774.61;5.820766091346741e-11;0.0;0.0;eev,integrated,separated,ws;lintim;Mumford0;Mumford0;True;False;1e-05;12000;1;2;20;100;50;-5;50;0.75;2;50;50;10;10;16;0.0368;1179;1179
14050803;180;g_000;1;1;30;line_consecutive;0.5;1180;6;6;19-20;4;105866.41599999995;105866.416;105866.416;105866.416;4.365574568510056e-11;0.0;0.0;eev,integrated,separated,ws;lintim;Mumford0;Mumford0;True;False;1e-05;12000;1;2;20;100;50;-5;50;0.75;2;50;50;10;10;16;0.0368;1180;1180
14050803;181;g_000;1;1;30;line_consecutive;0.5;1181;6;7;8-21;12;105133.53599999996;105133.536;105133.536;105133.536;2.9103830456733704e-11;0.0;0.0;eev,integrated,separated,ws;lintim;Mumford0;Mumford0;True;False;1e-05;12000;1;2;20;100;50;-5;50;0.75;2;50;50;10;10;16;0.0368;1181;1181
14050803;182;g_000;1;1;30;line_consecutive;0.5;1182;6;8;17-29;3;106615.14199999996;106615.14199999731;106615.142;106615.142;-2.648448571562767e-09;2.6921043172478676e-09;2.6921043172478676e-09;eev,integrated,separated,ws;lintim;Mumford0;Mumford0;True;False;1e-05;12000;1;2;20;100;50;-5;50;0.75;2;50;50;10;10;16;0.0368;1182;1182
14050803;183;g_000;1;1;30;line_consecutive;0.5;1183;6;9;9-13;3;107000.80799999996;107000.808;107000.808;107000.808;4.365574568510056e-11;0.0;0.0;eev,integrated,separated,ws;lintim;Mumford0;Mumford0;True;False;1e-05;12000;1;2;20;100;50;-5;50;0.75;2;50;50;10;10;16;0.0368;1183;1183
14050803;184;g_000;1;1;30;line_consecutive;0.5;1184;6;10;1-14;2;106650.71599999996;107022.49999999834;107143.536;107143.536;371.7839999983844;121.0360000016517;121.0360000016517;eev,integrated,separated,ws;lintim;Mumford0;Mumford0;True;False;1e-05;12000;1;2;20;100;50;-5;50;0.75;2;50;50;10;10;16;0.0368;1184;1184
14050803;185;g_000;1;1;30;line_consecutive;0.5;1185;6;11;10-15;7;106952.98399999995;106952.98400000924;106952.984;106952.984;9.284121915698051e-09;-9.240466170012953e-09;-9.240466170012953e-09;eev,integrated,separated,ws;lintim;Mumford0;Mumford0;True;False;1e-05;12000;1;2;20;100;50;-5;50;0.75;2;50;50;10;10;16;0.0368;1185;1185
14050803;186;g_000;1;1;30;line_consecutive;0.5;1186;6;12;12-26;5;107447.45199999996;107447.452;107447.452;107447.45200000002;4.365574568510056e-11;0.0;1.4551915228366852e-11;eev,integrated,separated,ws;lintim;Mumford0;Mumford0;True;False;1e-05;12000;1;2;20;100;50;-5;50;0.75;2;50;50;10;10;16;0.0368;1186;1186
14050803;187;g_000;1;1;30;line_consecutive;0.5;1187;6;13;6-7;4,10;107995.94399999996;108582.44600001024;108722.47199999695;108582.446;586.5020000102813;140.02599998671212;-1.0244548320770264e-08;eev,integrated,separated,ws;lintim;Mumford0;Mumford0;True;False;1e-05;12000;1;2;20;100;50;-5;50;0.75;2;50;50;10;10;16;0.0368;1187;1187
14050803;188;g_000;1;1;30;line_consecutive;0.5;1188;6;14;8-17;10;107702.01999999996;107944.63998927026;107944.64;107944.64;242.61998927030072;1.0729738278314471e-05;1.0729738278314471e-05;eev,integrated,separated,ws;lintim;Mumford0;Mumford0;True;False;1e-05;12000;1;2;20;100;50;-5;50;0.75;2;50;50;10;10;16;0.0368;1188;1188
14050803;189;g_000;1;1;30;line_consecutive;0.5;1189;6;15;8-15;10;107323.99999999996;107538.16818228069;107538.168;107538.168;214.16818228072952;-0.0001822806807467;-0.0001822806807467;eev,integrated,separated,ws;lintim;Mumford0;Mumford0;True;False;1e-05;12000;1;2;20;100;50;-5;50;0.75;2;50;50;10;10;16;0.0368;1189;1189
14050803;190;g_000;1;1;30;line_consecutive;0.5;1190;6;16;5-8;6;105906.06399999995;105906.064;105906.064;105906.064;4.365574568510056e-11;0.0;0.0;eev,integrated,separated,ws;lintim;Mumford0;Mumford0;True;False;1e-05;12000;1;2;20;100;50;-5;50;0.75;2;50;50;10;10;16;0.0368;1190;1190
14050803;191;g_000;1;1;30;line_consecutive;0.5;1191;6;17;7-17;10;107221.81199999996;108098.97399999996;108605.856;108605.856;877.1619999999966;506.88200000004144;506.88200000004144;eev,integrated,separated,ws;lintim;Mumford0;Mumford0;True;False;1e-05;12000;1;2;20;100;50;-5;50;0.75;2;50;50;10;10;16;0.0368;1191;1191
14050803;192;g_000;1;1;30;line_consecutive;0.5;1192;6;18;21-24;12;105133.53599999996;105133.536;105133.536;105133.536;2.9103830456733704e-11;0.0;0.0;eev,integrated,separated,ws;lintim;Mumford0;Mumford0;True;False;1e-05;12000;1;2;20;100;50;-5;50;0.75;2;50;50;10;10;16;0.0368;1192;1192
14050803;193;g_000;1;1;30;line_consecutive;0.5;1193;6;19;14-19;4;106510.37599999996;106510.376;106510.376;106510.376;4.365574568510056e-11;0.0;0.0;eev,integrated,separated,ws;lintim;Mumford0;Mumford0;True;False;1e-05;12000;1;2;20;100;50;-5;50;0.75;2;50;50;10;10;16;0.0368;1193;1193
14050803;194;g_000;1;1;30;line_consecutive;0.5;1194;6;20;7-14;4;107415.68399999996;107415.684;107415.684;107415.684;2.9103830456733704e-11;0.0;0.0;eev,integrated,separated,ws;lintim;Mumford0;Mumford0;True;False;1e-05;12000;1;2;20;100;50;-5;50;0.75;2;50;50;10;10;16;0.0368;1194;1194
14050803;195;g_000;1;1;30;line_consecutive;0.5;1195;6;21;12-15;5,11;111599.45199999996;112176.30799818411;113179.31199999907;112176.307999999;576.8559981841536;1003.0040018149592;1.814885763451457e-06;eev,integrated,separated,ws;lintim;Mumford0;Mumford0;True;False;1e-05;12000;1;2;20;100;50;-5;50;0.75;2;50;50;10;10;16;0.0368;1195;1195
14050803;196;g_000;1;1;30;line_consecutive;0.5;1196;6;22;11-22;1;106103.49199999995;106103.49199999998;106103.492;106103.492;2.9103830456733704e-11;1.4551915228366852e-11;1.4551915228366852e-11;eev,integrated,separated,ws;lintim;Mumford0;Mumford0;True;False;1e-05;12000;1;2;20;100;50;-5;50;0.75;2;50;50;10;10;16;0.0368;1196;1196
14050803;197;g_000;1;1;30;line_consecutive;0.5;1197;6;23;15-24;5;107268.82399999996;107268.824;107268.824;107268.824;2.9103830456733704e-11;0.0;0.0;eev,integrated,separated,ws;lintim;Mumford0;Mumford0;True;False;1e-05;12000;1;2;20;100;50;-5;50;0.75;2;50;50;10;10;16;0.0368;1197;1197
14050803;198;g_000;1;1;30;line_consecutive;0.5;1198;6;24;19-23;11;106209.23199999996;106236.688;106236.688;106236.688;27.45600000003469;0.0;0.0;eev,integrated,separated,ws;lintim;Mumford0;Mumford0;True;False;1e-05;12000;1;2;20;100;50;-5;50;0.75;2;50;50;10;10;16;0.0368;1198;1198
14050803;199;g_000;1;1;30;line_consecutive;0.5;1199;6;25;1-23;2;106061.03599999996;106061.03599999918;106061.036;106061.036;-7.858034223318101e-10;8.149072527885436e-10;8.149072527885436e-10;eev,integrated,separated,ws;lintim;Mumford0;Mumford0;True;False;1e-05;12000;1;2;20;100;50;-5;50;0.75;2;50;50;10;10;16;0.0368;1199;1199
14050803;200;g_000;1;1;30;line_consecutive;0.5;1200;6;26;15-21;7;106751.30399999996;106751.30399999996;106751.304;106751.304;0.0;4.365574568510056e-11;4.365574568510056e-11;eev,integrated,separated,ws;lintim;Mumford0;Mumford0;True;False;1e-05;12000;1;2;20;100;50;-5;50;0.75;2;50;50;10;10;16;0.0368;1200;1200
14050803;201;g_000;1;1;30;line_consecutive;0.5;1201;6;27;2-4;2;106284.30399999996;106284.304;106284.304;106284.304;4.365574568510056e-11;0.0;0.0;eev,integrated,separated,ws;lintim;Mumford0;Mumford0;True;False;1e-05;12000;1;2;20;100;50;-5;50;0.75;2;50;50;10;10;16;0.0368;1201;1201
14050803;202;g_000;1;1;30;line_consecutive;0.5;1202;6;28;18-23;2,11;108753.00799995368;108968.94599999709;108968.946;110461.02000000002;215.938000043403;2.91038304567337e-09;1492.0740000029327;eev,integrated,separated,ws;lintim;Mumford0;Mumford0;True;False;1e-05;12000;1;2;20;100;50;-5;50;0.75;2;50;50;10;10;16;0.0368;1202;1202
14050803;203;g_000;1;1;30;line_consecutive;0.5;1203;6;29;4-12;2;107387.16799999996;107758.9520000033;108004.188;108004.188;371.784000003332;245.23599999670117;245.23599999670117;eev,integrated,separated,ws;lintim;Mumford0;Mumford0;True;False;1e-05;12000;1;2;20;100;50;-5;50;0.75;2;50;50;10;10;16;0.0368;1203;1203
14050803;204;g_000;2;1;30;line_consecutive;0.5;1204;7;0;2-25,8-25;1;137377.14199999993;137377.14200000002;137377.142;137377.142;8.731149137020111e-11;-2.9103830456733704e-11;-2.9103830456733704e-11;eev,integrated,separated,ws;lintim;Mumford0;Mumford0;True;False;1e-05;12000;1;2;20;100;50;-5;50;0.75;2;50;50;10;10;16;0.0368;1204;1204
14050803;205;g_000;2;1;30;line_consecutive;0.5;1205;7;1;8-11,8-25;1;106564.73199999996;106564.732;106564.732;106564.732;4.365574568510056e-11;0.0;0.0;eev,integrated,separated,ws;lintim;Mumford0;Mumford0;True;False;1e-05;12000;1;2;20;100;50;-5;50;0.75;2;50;50;10;10;16;0.0368;1205;1205
14050803;206;g_000;2;1;30;line_consecutive;0.5;1206;7;2;8-11,11-22;1;130602.61599999997;130602.61599999998;130602.616;130602.616;1.4551915228366852e-11;1.4551915228366852e-11;1.4551915228366852e-11;eev,integrated,separated,ws;lintim;Mumford0;Mumford0;True;False;1e-05;12000;1;2;20;100;50;-5;50;0.75;2;50;50;10;10;16;0.0368;1206;1206
14050803;207;g_000;2;1;30;line_consecutive;0.5;1207;7;3;2-4,4-12;2;121627.57599999996;121999.36;122274.236;122274.236;371.7840000000433;274.87600000000384;274.87600000000384;eev,integrated,separated,ws;lintim;Mumford0;Mumford0;True;False;1e-05;12000;1;2;20;100;50;-5;50;0.75;2;50;50;10;10;16;0.0368;1207;1207
14050803;208;g_000;2;1;30;line_consecutive;0.5;1208;7;4;4-12,12-18;2;168210.18799999997;169487.692;170358.816;169920.98400000003;1277.5040000000445;871.1239999999816;433.29200000001583;eev,integrated,separated,ws;lintim;Mumford0;Mumford0;True;False;1e-05;12000;1;2;20;100;50;-5;50;0.75;2;50;50;10;10;16;0.0368;1208;1208
14050803;209;g_000;2;1;30;line_consecutive;0.5;1209;7;5;12-18,18-23;2,11;152501.25599994845;153350.81999999998;153418.144;153798.728;849.5640000515268;67.32400000002235;447.9080000000249;eev,integrated,separated,ws;lintim;Mumford0;Mumford0;True;False;1e-05;12000;1;2;20;100;50;-5;50;0.75;2;50;50;10;10;16;0.0368;1209;1209
14050803;210;g_000;2;1;30;line_consecutive;0.5;1210;7;6;1-23,18-23;2;108753.00799995368;108968.94599999709;108968.946;110461.02000000002;215.938000043403;2.91038304567337e-09;1492.0740000029327;eev,integrated,separated,ws;lintim;Mumford0;Mumford0;True;False;1e-05;12000;1;2;20;100;50;-5;50;0.75;2;50;50;10;10;16;0.0368;1210;1210
14050803;211;g_000;2;1;30;line_consecutive;0.5;1211;7;7;1-14,1-23;2;107579.82399999996;108248.31599999932;108873.078;108873.078;668.4919999993581;624.7620000006718;624.7620000006718;eev,integrated,separated,ws;lintim;Mumford0;Mumford0;True;False;1e-05;12000;1;2;20;100;50;-5;50;0.75;2;50;50;10;10;16;0.0368;1211;1211
14050803;212;g_000;2;1;30;line_consecutive;0.5;1212;7;8;1-13,9-13;3;155336.806;155336.80599999998;155336.80599999998;155336.80599999998;-2.9103830456733704e-11;0.0;0.0;eev,integrated,separated,ws;lintim;Mumford0;Mumford0;True;False;1e-05;12000;1;2;20;100;50;-5;50;0.75;2;50;50;10;10;16;0.0368;1212;1212
14050803;213;g_000;2;1;30;line_consecutive;0.5;1213;7;9;1-13,1-29;3;106902.61199999996;106902.6120000033;106902.612;106902.612;3.332388587296009e-09;-3.3032847568392754e-09;-3.3032847568392754e-09;eev,integrated,separated,ws;lintim;Mumford0;Mumford0;True;False;1e-05;12000;1;2;20;100;50;-5;50;0.75;2;50;50;10;10;16;0.0368;1213;1213
14050803;214;g_000;2;1;30;line_consecutive;0.5;1214;7;10;1-29,17-29;3;107881.61999999997;107881.619999995;107881.62;107881.62;-4.9622030928730965e-09;4.99130692332983e-09;4.99130692332983e-09;eev,integrated,separated,ws;lintim;Mumford0;Mumford0;True;False;1e-05;12000;1;2;20;100;50;-5;50;0.75;2;50;50;10;10;16;0.0368;1214;1214
14050803;215;g_000;2;1;30;line_consecutive;0.5;1215;7;11;17-28,17-29;3;106735.55999999995;106735.56;106735.56;106735.56;4.365574568510056e-11;0.0;0.0;eev,integrated,separated,ws;lintim;Mumford0;Mumford0;True;False;1e-05;12000;1;2;20;100;50;-5;50;0.75;2;50;50;10;10;16;0.0368;1215;1215
14050803;216;g_000;2;1;30;line_consecutive;0.5;1216;7;12;17-28,28-30;3;123206.27199999995;123206.272;123206.272;123206.272;4.365574568510056e-11;0.0;0.0;eev,integrated,separated,ws;lintim;Mumford0;Mumford0;True;False;1e-05;12000;1;2;20;100;50;-5;50;0.75;2;50;50;10;10;16;0.0368;1216;1216
14050803;217;g_000;2;1;30;line_consecutive;0.5;1217;7;13;6-7,7-14;4;110263.32799999996;110895.24399999998;111025.6299999994;110895.24399996856;631.916000000012;130.38599999941653;-3.141758497804403e-08;eev,integrated,separated,ws;lintim;Mumford0;Mumford0;True;False;1e-05;12000;1;2;20;100;50;-5;50;0.75;2;50;50;10;10;16;0.0368;1217;1217
14050803;218;g_000;2;1;30;line_consecutive;0.5;1218;7;14;7-14,14-19;4;107415.68399999996;107415.684;107415.684;107415.684;2.9103830456733704e-11;0.0;0.0;eev,integrated,separated,ws;lintim;Mumford0;Mumford0;True;False;1e-05;12000;1;2;20;100;50;-5;50;0.75;2;50;50;10;10;16;0.0368;1218;1218
14050803;219;g_000;2;1;30;line_consecutive;0.5;1219;7;15;14-19,19-20;4;107061.41599999995;107061.416;107061.416;107061.416;4.365574568510056e-11;0.0;0.0;eev,integrated,separated,ws;lintim;Mumford0;Mumford0;True;False;1e-05;12000;1;2;20;100;50;-5;50;0.75;2;50;50;10;10;16;0.0368;1219;1219
14050803;220;g_000;2;1;30;line_consecutive;0.5;1220;7;16;12-15,15-24;5;111600.90399999997;112177.75999999967;113179.312;112177.76;576.8559999997087;1001.5520000003308;3.2014213502407074e-10;eev,integrated,separated,ws;lintim;Mumford0;Mumford0;True;False;1e-05;12000;1;2;20;100;50;-5;50;0.75;2;50;50;10;10;16;0.0368;1220;1220
14050803;221;g_000;2;1;30;line_consecutive;0.5;1221;7;17;12-15,12-26;5;110914.73999999996;111491.596;112149.156;111491.59600000002;576.8560000000434;657.5599999999977;1.4551915228366852e-11;eev,integrated,separated,ws;lintim;Mumford0;Mumford0;True;False;1e-05;12000;1;2;20;100;50;-5;50;0.75;2;50;50;10;10;16;0.0368;1221;1221
14050803;222;g_000;2;1;30;line_consecutive;0.5;1222;7;18;3-8,5-8;6;106555.55199999997;107244.8399999998;107274.512;107274.512;689.2879999998258;29.672000000209664;29.672000000209664;eev,integrated,separated,ws;lintim;Mumford0;Mumford0;True;False;1e-05;12000;1;2;20;100;50;-5;50;0.75;2;50;50;10;10;16;0.0368;1222;1222
14050803;223;g_000;2;1;30;line_consecutive;0.5;1223;7;19;10-15,15-21;7;108358.13199999995;108358.13200000004;108358.132;108358.132;8.731149137020111e-11;-4.365574568510056e-11;-4.365574568510056e-11;eev,integrated,separated,ws;lintim;Mumford0;Mumford0;True;False;1e-05;12000;1;2;20;100;50;-5;50;0.75;2;50;50;10;10;16;0.0368;1223;1223
14050803;224;g_000;2;1;30;line_consecutive;0.5;1224;7;20;2-15,8-15;10;108501.76799999995;109923.418;110321.672;110321.672;1421.6500000000524;398.2540000000008;398.2540000000008;eev,integrated,separated,ws;lintim;Mumford0;Mumford0;True;False;1e-05;12000;1;2;20;100;50;-5;50;0.75;2;50;50;10;10;16;0.0368;1224;1224
14050803;225;g_000;2;1;30;line_consecutive;0.5;1225;7;21;8-15,8-17;10;109216.79999999996;110037.22599999997;110348.912;110348.912;820.4260000000068;311.6860000000306;311.6860000000306;eev,integrated,separated,ws;lintim;Mumford0;Mumford0;True;False;1e-05;12000;1;2;20;100;50;-5;50;0.75;2;50;50;10;10;16;0.0368;1225;1225
14050803;226;g_000;2;1;30;line_consecutive;0.5;1226;7;22;7-17,8-17;10;107930.03599999996;109117.12599999958;109885.488;109885.488;1187.0899999996182;768.3620000004157;768.3620000004157;eev,integrated,separated,ws;lintim;Mumford0;Mumford0;True;False;1e-05;12000;1;2;20;100;50;-5;50;0.75;2;50;50;10;10;16;0.0368;1226;1226
14050803;227;g_000;2;1;30;line_consecutive;0.5;1227;7;23;6-7,7-17;10;109219.89199999996;110532.86200000034;111329.988;110532.862;1312.9700000003795;797.1259999996546;-3.4924596548080444e-10;eev,integrated,separated,ws;lintim;Mumford0;Mumford0;True;False;1e-05;12000;1;2;20;100;50;-5;50;0.75;2;50;50;10;10;16;0.0368;1227;1227
14050803;228;g_000;2;1;30;line_consecutive;0.5;1228;7;24;12-15,12-18;11;157029.95599999995;158079.992;158449.79200000002;158469.23600000003;1050.036000000051;369.8000000000175;389.2440000000352;eev,integrated,separated,ws;lintim;Mumford0;Mumford0;True;False;1e-05;12000;1;2;20;100;50;-5;50;0.75;2;50;50;10;10;16;0.0368;1228;1228
14050803;229;g_000;2;1;30;line_consecutive;0.5;1229;7;25;18-23,19-23;11;124255.23399999995;124255.23400000004;124255.234;125966.174;8.731149137020111e-11;-4.365574568510056e-11;1710.939999999959;eev,integrated,separated,ws;lintim;Mumford0;Mumford0;True;False;1e-05;12000;1;2;20;100;50;-5;50;0.75;2;50;50;10;10;16;0.0368;1229;1229
14050803;230;g_000;2;1;30;line_consecutive;0.5;1230;7;26;3-8,8-21;12;106415.07599999996;106561.63199998242;106561.632;106561.632;146.5559999824618;1.7578713595867157e-08;1.7578713595867157e-08;eev,integrated,separated,ws;lintim;Mumford0;Mumford0;True;False;1e-05;12000;1;2;20;100;50;-5;50;0.75;2;50;50;10;10;16;0.0368;1230;1230
14050803;231;g_000;2;1;30;line_consecutive;0.5;1231;7;27;8-21,21-24;12;105133.53599999996;105133.53600000002;105133.536;105133.536;5.820766091346741e-11;-2.9103830456733704e-11;-2.9103830456733704e-11;eev,integrated,separated,ws;lintim;Mumford0;Mumford0;True;False;1e-05;12000;1;2;20;100;50;-5;50;0.75;2;50;50;10;10;16;0.0368;1231;1231
14050803;232;g_000;1;1;30;line_consecutive;0.5;1232;8;0;3-8;6,12;113781.47999999997;114470.76799999746;114736.836;114736.836;689.2879999974975;266.06800000253133;266.06800000253133;eev,integrated,separated,ws;lintim;Mumford0;Mumford0;True;False;1e-05;12000;1;2;20;100;500;-5;50;0.75;2;50;50;10;10;16;0.0368;1232;1232
14050803;233;g_000;1;1;30;line_consecutive;0.5;1233;8;1;1-13;3;118710.57599999994;118710.576;118710.576;118710.576;5.820766091346741e-11;0.0;0.0;eev,integrated,separated,ws;lintim;Mumford0;Mumford0;True;False;1e-05;12000;1;2;20;100;500;-5;50;0.75;2;50;50;10;10;16;0.0368;1233;1233
14050803;234;g_000;1;1;30;line_consecutive;0.5;1234;8;2;19-20;4;111627.51999999992;112559.278;112559.27799999998;112559.27799999998;931.7580000000888;-2.9103830456733704e-11;-2.9103830456733704e-11;eev,integrated,separated,ws;lintim;Mumford0;Mumford0;True;False;1e-05;12000;1;2;20;100;500;-5;50;0.75;2;50;50;10;10;16;0.0368;1234;1234
14050803;235;g_000;1;1;30;line_consecutive;0.5;1235;8;3;7-14;4;121548.52399999996;122480.2820000008;122480.282;122480.282;931.7580000008456;-8.003553375601767e-10;-8.003553375601767e-10;eev,integrated,separated,ws;lintim;Mumford0;Mumford0;True;False;1e-05;12000;1;2;20;100;500;-5;50;0.75;2;50;50;10;10;16;0.0368;1235;1235
14050803;236;g_000;1;1;30;line_consecutive;0.5;1236;8;4;8-25;1;116230.20799999996;116230.208;116230.208;116230.208;4.365574568510056e-11;0.0;0.0;eev,integrated,separated,ws;lintim;Mumford0;Mumford0;True;False;1e-05;12000;1;2;20;100;500;-5;50;0.75;2;50;50;10;10;16;0.0368;1236;1236
14050803;237;g_000;1;1;30;line_consecutive;0.5;1237;8;5;17-28;3;121385.86399999996;121385.864;121385.864;121385.864;4.365574568510056e-11;0.0;0.0;eev,integrated,separated,ws;lintim;Mumford0;Mumford0;True;False;1e-05;12000;1;2;20;100;500;-5;50;0.75;2;50;50;10;10;16;0.0368;1237;1237
14050803;238;g_000;1;1;30;line_consecutive;0.5;1238;8;6;28-30;3;123016.63199999995;123016.632;123016.632;123016.632;4.365574568510056e-11;0.0;0.0;eev,integrated,separated,ws;lintim;Mumford0;Mumford0;True;False;1e-05;12000;1;2;20;100;500;-5;50;0.75;2;50;50;10;10;16;0.0368;1238;1238
14050803;239;g_000;1;1;30;line_consecutive;0.5;1239;8;7;9-13;3;118598.06399944998;118598.064;118598.064;118598.064;5.500187398865819e-07;0.0;0.0;eev,integrated,separated,ws;lintim;Mumford0;Mumford0;True;False;1e-05;12000;1;2;20;100;500;-5;50;0.75;2;50;50;10;10;16;0.0368;1239;1239
14050803;240;g_000;1;1;30;line_consecutive;0.5;1240;8;8;1-29;3;122327.77999999996;122327.77999999996;122327.78;122327.78;0.0;4.365574568510056e-11;4.365574568510056e-11;eev,integrated,separated,ws;lintim;Mumford0;Mumford0;True;False;1e-05;12000;1;2;20;100;500;-5;50;0.75;2;50;50;10;10;16;0.0368;1240;1240
14050803;241;g_000;1;1;30;line_consecutive;0.5;1241;8;9;21-24;12;105133.53599999996;105133.536;105133.536;105133.536;2.9103830456733704e-11;0.0;0.0;eev,integrated,separated,ws;lintim;Mumford0;Mumford0;True;False;1e-05;12000;1;2;20;100;500;-5;50;0.75;2;50;50;10;10;16;0.0368;1241;1241
14050803;242;g_000;1;1;30;line_consecutive;0.5;1242;8;10;8-21;12;105133.53599999996;105133.536;105133.536;105133.536;2.9103830456733704e-11;0.0;0.0;eev,integrated,separated,ws;lintim;Mumford0;Mumford0;True;False;1e-05;12000;1;2;20;100;500;-5;50;0.75;2;50;50;10;10;16;0.0368;1242;1242
14050803;243;g_000;1;1;30;line_consecutive;0.5;1243;8;11;2-15;10;114016.35399999996;117390.99399999992;125256.55;125256.55;3374.639999999956;7865.556000000084;7865.556000000084;eev,integrated,separated,ws;lintim;Mumford0;Mumford0;True;False;1e-05;12000;1;2;20;100;500;-5;50;0.75;2;50;50;10;10;16;0.0368;1243;1243
14050803;244;g_000;1;1;30;line_consecutive;0.5;1244;8;12;15-21;7;118901.30399999996;118901.304;118901.304;118901.304;4.365574568510056e-11;0.0;0.0;eev,integrated,separated,ws;lintim;Mumford0;Mumford0;True;False;1e-05;12000;1;2;20;100;500;-5;50;0.75;2;50;50;10;10;16;0.0368;1244;1244
14050803;245;g_000;1;1;30;line_consecutive;0.5;1245;8;13;7-17;10;115233.16799999996;118121.41599999982;122093.468;122093.468;2888.2479999998613;3972.05200000017;3972.05200000017;eev,integrated,separated,ws;lintim;Mumford0;Mumford0;True;False;1e-05;12000;1;2;20;100;500;-5;50;0.75;2;50;50;10;10;16;0.0368;1245;1245
14050803;246;g_000;1;1;30;line_consecutive;0.5;1246;8;14;19-23;11;109026.07199999996;111402.248;115236.68799999794;115236.68799999796;2376.1760000000504;3834.439999997936;3834.4399999979514;eev,integrated,separated,ws;lintim;Mumford0;Mumford0;True;False;1e-05;12000;1;2;20;100;500;-5;50;0.75;2;50;50;10;10;16;0.0368;1246;1246
14050803;247;g_000;1;1;30;line_consecutive;0.5;1247;8;15;2-4;2;109541.20799999996;111215.52;113034.304;113034.304;1674.312000000049;1818.784;1818.784;eev,integrated,separated,ws;lintim;Mumford0;Mumford0;True;False;1e-05;12000;1;2;20;100;500;-5;50;0.75;2;50;50;10;10;16;0.0368;1247;1247
14050803;248;g_000;1;1;30;line_consecutive;0.5;1248;8;16;8-17;10;114045.95199999996;117420.59200000002;125395.356;125395.356;3374.6400000000576;7974.763999999981;7974.763999999981;eev,integrated,separated,ws;lintim;Mumford0;Mumford0;True;False;1e-05;12000;1;2;20;100;500;-5;50;0.75;2;50;50;10;10;16;0.0368;1248;1248
14050803;249;g_000;1;1;30;line_consecutive;0.5;1249;8;17;9-27;9;105133.53599999996;105133.536;105133.536;105133.536;2.9103830456733704e-11;0.0;0.0;eev,integrated,separated,ws;lintim;Mumford0;Mumford0;True;False;1e-05;12000;1;2;20;100;500;-5;50;0.75;2;50;50;10;10;16;0.0368;1249;1249
14050803;250;g_000;1;1;30;line_consecutive;0.5;1250;8;18;12-15;5,11;130332.67999999992;133936.7199999999;143144.20599999995;136609.49;3604.0399999999936;9207.486000000034;2672.770000000077;eev,integrated,separated,ws;lintim;Mumford0;Mumford0;True;False;1e-05;12000;1;2;20;100;500;-5;50;0.75;2;50;50;10;10;16;0.0368;1250;1250
14050803;251;g_000;1;1;30;line_consecutive;0.5;1251;8;19;14-19;4;113827.51999999996;114759.2779999998;114759.278;114759.278;931.7579999998416;2.0372681319713595e-10;2.0372681319713595e-10;eev,integrated,separated,ws;lintim;Mumford0;Mumford0;True;False;1e-05;12000;1;2;20;100;500;-5;50;0.75;2;50;50;10;10;16;0.0368;1251;1251
14050803;252;g_000;1;1;30;line_consecutive;0.5;1252;8;20;8-15;10;114078.17599999996;117452.81599999429;125322.642;125322.642;3374.639999994324;7869.82600000572;7869.82600000572;eev,integrated,separated,ws;lintim;Mumford0;Mumford0;True;False;1e-05;12000;1;2;20;100;500;-5;50;0.75;2;50;50;10;10;16;0.0368;1252;1252
14050803;253;g_000;1;1;30;line_consecutive;0.5;1253;8;21;12-18;2,11;170912.01999999996;176189.22000000023;185931.96;179178.168;5277.200000000274;9742.739999999758;2988.947999999771;eev,integrated,separated,ws;lintim;Mumford0;Mumford0;True;False;1e-05;12000;1;2;20;100;500;-5;50;0.75;2;50;50;10;10;16;0.0368;1253;1253
14050803;254;g_000;1;1;30;line_consecutive;0.5;1254;8;22;2-25;1;116003.44399999996;116003.444000008;116003.444;116003.444;8.047209121286869e-09;-8.003553375601768e-09;-8.003553375601768e-09;eev,integrated,separated,ws;lintim;Mumford0;Mumford0;True;False;1e-05;12000;1;2;20;100;500;-5;50;0.75;2;50;50;10;10;16;0.0368;1254;1254
14050803;255;g_000;1;1;30;line_consecutive;0.5;1255;8;23;1-14;2;112850.59999999996;114535.48000000148;119389.364;119389.364;1684.880000001518;4853.883999998521;4853.883999998521;eev,integrated,separated,ws;lintim;Mumford0;Mumford0;True;False;1e-05;12000;1;2;20;100;500;-5;50;0.75;2;50;50;10;10;16;0.0368;1255;1255
14050803;256;g_000;1;1;30;line_consecutive;0.5;1256;8;24;1-23;2;109395.22799999996;111036.41599999924;112811.036;112811.036;1641.1879999992816;1774.620000000752;1774.620000000752;eev,integrated,separated,ws;lintim;Mumford0;Mumford0;True;False;1e-05;12000;1;2;20;100;500;-5;50;0.75;2;50;50;10;10;16;0.0368;1256;1256
14050803;257;g_000;1;1;30;line_consecutive;0.5;1257;8;25;6-7;4,10;122479.57199999804;125632.9860000938;129674.44999999995;128042.36;3153.4140000957705;4041.4639999061474;2409.3739999061945;eev,integrated,separated,ws;lintim;Mumford0;Mumford0;True;False;1e-05;12000;1;2;20;100;500;-5;50;0.75;2;50;50;10;10;16;0.0368;1257;1257
14050803;258;g_000;1;1;30;line_consecutive;0.5;1258;8;26;8-11;1;121088.43199999996;121088.4319999244;121088.432;121088.432;-7.55535438656807e-08;7.55971996113658e-08;7.55971996113658e-08;eev,integrated,separated,ws;lintim;Mumford0;Mumford0;True;False;1e-05;12000;1;2;20;100;500;-5;50;0.75;2;50;50;10;10;16;0.0368;1258;1258
14050803;259;g_000;1;1;30;line_consecutive;0.5;1259;8;27;11-22;1;116445.23999999992;116532.166;116532.16599999995;116532.16599999995;86.92600000007951;-4.365574568510056e-11;-4.365574568510056e-11;eev,integrated,separated,ws;lintim;Mumford0;Mumford0;True;False;1e-05;12000;1;2;20;100;500;-5;50;0.75;2;50;50;10;10;16;0.0368;1259;1259
14050803;260;g_000;1;1;30;line_consecutive;0.5;1260;8;28;6-16;8;105133.53599999996;105133.536;105133.536;105133.536;2.9103830456733704e-11;0.0;0.0;eev,integrated,separated,ws;lintim;Mumford0;Mumford0;True;False;1e-05;12000;1;2;20;100;500;-5;50;0.75;2;50;50;10;10;16;0.0368;1260;1260
14050803;261;g_000;1;1;30;line_consecutive;0.5;1261;8;29;12-26;5;131005.81399999995;131005.81399999998;131005.814;131005.814;2.9103830456733704e-11;1.4551915228366852e-11;1.4551915228366852e-11;eev,integrated,separated,ws;lintim;Mumford0;Mumford0;True;False;1e-05;12000;1;2;20;100;500;-5;50;0.75;2;50;50;10;10;16;0.0368;1261;1261
14050803;262;g_000;2;1;30;line_consecutive;0.5;1262;9;0;2-25,8-25;1;153917.59799999994;154157.598;154397.598;154397.598;240.0000000000582;240.0;240.0;eev,integrated,separated,ws;lintim;Mumford0;Mumford0;True;False;1e-05;12000;1;2;20;100;500;-5;50;0.75;2;50;50;10;10;16;0.0368;1262;1262
14050803;263;g_000;2;1;30;line_consecutive;0.5;1263;9;1;8-11,8-25;1;132203.43199999997;132203.43199999997;132203.432;132203.432;0.0;2.9103830456733704e-11;2.9103830456733704e-11;eev,integrated,separated,ws;lintim;Mumford0;Mumford0;True;False;1e-05;12000;1;2;20;100;500;-5;50;0.75;2;50;50;10;10;16;0.0368;1263;1263
14050803;264;g_000;2;1;30;line_consecutive;0.5;1264;9;2;8-11,11-22;1;146947.60599999994;146947.606;146947.60599999997;146947.60599999997;5.820766091346741e-11;-2.9103830456733704e-11;-2.9103830456733704e-11;eev,integrated,separated,ws;lintim;Mumford0;Mumford0;True;False;1e-05;12000;1;2;20;100;500;-5;50;0.75;2;50;50;10;10;16;0.0368;1264;1264
14050803;265;g_000;2;1;30;line_consecutive;0.5;1265;9;3;2-4,4-12;2;125875.71999999996;128914.72000000012;137630.7;137630.7;3039.00000000016;8715.979999999894;8715.979999999894;eev,integrated,separated,ws;lintim;Mumford0;Mumford0;True;False;1e-05;12000;1;2;20;100;500;-5;50;0.75;2;50;50;10;10;16;0.0368;1265;1265
14050803;266;g_000;2;1;30;line_consecutive;0.5;1266;9;4;4-12,12-18;2;186242.46399999995;191340.2640000001;202331.66000000003;195577.86800000005;5097.800000000163;10991.39599999992;4237.603999999934;eev,integrated,separated,ws;lintim;Mumford0;Mumford0;True;False;1e-05;12000;1;2;20;100;500;-5;50;0.75;2;50;50;10;10;16;0.0368;1266;1266
14050803;267;g_000;2;1;30;line_consecutive;0.5;1267;9;5;12-18,18-23;2,11;170912.01999999996;176189.22000000023;185931.96;179178.168;5277.200000000274;9742.739999999758;2988.947999999771;eev,integrated,separated,ws;lintim;Mumford0;Mumford0;True;False;1e-05;12000;1;2;20;100;500;-5;50;0.75;2;50;50;10;10;16;0.0368;1267;1267
14050803;268;g_000;2;1;30;line_consecutive;0.5;1268;9;6;1-23,18-23;2;125442.85599999996;129979.2599999971;137067.412;133041.64;4536.403999997143;7088.152000002912;3062.380000002915;eev,integrated,separated,ws;lintim;Mumford0;Mumford0;True;False;1e-05;12000;1;2;20;100;500;-5;50;0.75;2;50;50;10;10;16;0.0368;1268;1268
14050803;269;g_000;2;1;30;line_consecutive;0.5;1269;9;7;1-14,1-23;2;117570.38799999996;120111.09599999928;126268.602;126268.602;2540.707999999315;6157.5060000007215;6157.5060000007215;eev,integrated,separated,ws;lintim;Mumford0;Mumford0;True;False;1e-05;12000;1;2;20;100;500;-5;50;0.75;2;50;50;10;10;16;0.0368;1269;1269
14050803;270;g_000;2;1;30;line_consecutive;0.5;1270;9;8;1-13,9-13;3;171381.60999999993;171381.61;171381.60999999996;171381.60999999996;5.820766091346741e-11;-2.9103830456733704e-11;-2.9103830456733704e-11;eev,integrated,separated,ws;lintim;Mumford0;Mumford0;True;False;1e-05;12000;1;2;20;100;500;-5;50;0.75;2;50;50;10;10;16;0.0368;1270;1270
14050803;271;g_000;2;1;30;line_consecutive;0.5;1271;9;9;1-13,1-29;3;131614.43999999994;131614.44000009244;131614.44;131614.44;9.249197319149972e-08;-9.243376553058624e-08;-9.243376553058624e-08;eev,integrated,separated,ws;lintim;Mumford0;Mumford0;True;False;1e-05;12000;1;2;20;100;500;-5;50;0.75;2;50;50;10;10;16;0.0368;1271;1271
14050803;272;g_000;2;1;30;line_consecutive;0.5;1272;9;10;1-29,17-29;3;139808.55599999995;139808.55599999867;139808.55599999998;139808.55599999998;-1.280568540096283e-09;1.3096723705530167e-09;1.3096723705530167e-09;eev,integrated,separated,ws;lintim;Mumford0;Mumford0;True;False;1e-05;12000;1;2;20;100;500;-5;50;0.75;2;50;50;10;10;16;0.0368;1272;1272
14050803;273;g_000;2;1;30;line_consecutive;0.5;1273;9;11;17-28,17-29;3;129218.63799999996;129218.638;129218.638;129218.638;4.365574568510056e-11;0.0;0.0;eev,integrated,separated,ws;lintim;Mumford0;Mumford0;True;False;1e-05;12000;1;2;20;100;500;-5;50;0.75;2;50;50;10;10;16;0.0368;1273;1273
14050803;274;g_000;2;1;30;line_consecutive;0.5;1274;9;12;17-28,28-30;3;146082.42399999994;146082.42385922093;146082.424;146082.424;-0.0001407790114171;0.0001407790696248;0.0001407790696248;eev,integrated,separated,ws;lintim;Mumford0;Mumford0;True;False;1e-05;12000;1;2;20;100;500;-5;50;0.75;2;50;50;10;10;16;0.0368;1274;1274
14050803;275;g_000;2;1;30;line_consecutive;0.5;1275;9;13;6-7,7-14;4;136116.36399999994;139385.86199999996;142046.36399999715;140442.08599999995;3269.4980000000214;2660.5019999971846;1056.2239999999874;eev,integrated,separated,ws;lintim;Mumford0;Mumford0;True;False;1e-05;12000;1;2;20;100;500;-5;50;0.75;2;50;50;10;10;16;0.0368;1275;1275
14050803;276;g_000;2;1;30;line_consecutive;0.5;1276;9;14;7-14,14-19;4;121548.52399999996;122480.2820000008;122480.282;122480.282;931.7580000008456;-8.003553375601767e-10;-8.003553375601767e-10;eev,integrated,separated,ws;lintim;Mumford0;Mumford0;True;False;1e-05;12000;1;2;20;100;500;-5;50;0.75;2;50;50;10;10;16;0.0368;1276;1276
14050803;277;g_000;2;1;30;line_consecutive;0.5;1277;9;15;14-19,19-20;4;117627.5200000088;118559.27800000002;118559.27799999702;118559.27799999702;931.7579999912268;-2.9976945370435715e-09;-2.9976945370435715e-09;eev,integrated,separated,ws;lintim;Mumford0;Mumford0;True;False;1e-05;12000;1;2;20;100;500;-5;50;0.75;2;50;50;10;10;16;0.0368;1277;1277
14050803;278;g_000;2;1;30;line_consecutive;0.5;1278;9;16;12-15,15-24;5;130332.67999999988;133936.71999999986;143763.93199999997;137229.216;3604.039999999979;9827.212000000116;3292.49600000013;eev,integrated,separated,ws;lintim;Mumford0;Mumford0;True;False;1e-05;12000;1;2;20;100;500;-5;50;0.75;2;50;50;10;10;16;0.0368;1278;1278
14050803;279;g_000;2;1;30;line_consecutive;0.5;1279;9;17;12-15,12-26;5;130332.67999999992;133936.71999999997;142402.636;136101.09600000002;3604.040000000052;8465.916000000027;2164.3760000000475;eev,integrated,separated,ws;lintim;Mumford0;Mumford0;True;False;1e-05;12000;1;2;20;100;500;-5;50;0.75;2;50;50;10;10;16;0.0368;1279;1279
14050803;280;g_000;2;1;30;line_consecutive;0.5;1280;9;18;3-8,5-8;6;113781.47999999997;114470.76799999992;114736.836;114736.836;689.2879999999568;266.06800000007206;266.06800000007206;eev,integrated,separated,ws;lintim;Mumford0;Mumford0;True;False;1e-05;12000;1;2;20;100;500;-5;50;0.75;2;50;50;10;10;16;0.0368;1280;1280
14050803;281;g_000;2;1;30;line_consecutive;0.5;1281;9;19;10-15,15-21;7;127011.81999999996;127523.38;127557.62599999996;127557.62599999996;511.5600000000413;34.24599999995553;34.24599999995553;eev,integrated,separated,ws;lintim;Mumford0;Mumford0;True;False;1e-05;12000;1;2;20;100;500;-5;50;0.75;2;50;50;10;10;16;0.0368;1281;1281
14050803;282;g_000;2;1;30;line_consecutive;0.5;1282;9;20;2-15,8-15;10;118353.90999999996;122668.38000000016;130993.04;130993.04;4314.470000000205;8324.659999999829;8324.659999999829;eev,integrated,separated,ws;lintim;Mumford0;Mumford0;True;False;1e-05;12000;1;2;20;100;500;-5;50;0.75;2;50;50;10;10;16;0.0368;1282;1282
14050803;283;g_000;2;1;30;line_consecutive;0.5;1283;9;21;8-15,8-17;10;118353.90999998136;122989.10199999936;130952.856;130952.856;4635.192000017996;7963.754000000641;7963.754000000641;eev,integrated,separated,ws;lintim;Mumford0;Mumford0;True;False;1e-05;12000;1;2;20;100;500;-5;50;0.75;2;50;50;10;10;16;0.0368;1283;1283
14050803;284;g_000;2;1;30;line_consecutive;0.5;1284;9;22;7-17,8-17;10;118353.90999999992;121656.83999999998;125638.744;125638.744;3302.930000000066;3981.904000000024;3981.904000000024;eev,integrated,separated,ws;lintim;Mumford0;Mumford0;True;False;1e-05;12000;1;2;20;100;500;-5;50;0.75;2;50;50;10;10;16;0.0368;1284;1284
14050803;285;g_000;2;1;30;line_consecutive;0.5;1285;9;23;6-7,7-17;10;123805.09999999996;127950.94399999968;133451.86;130327.93;4145.843999999721;5500.916000000303;2376.98600000031;eev,integrated,separated,ws;lintim;Mumford0;Mumford0;True;False;1e-05;12000;1;2;20;100;500;-5;50;0.75;2;50;50;10;10;16;0.0368;1285;1285
14050803;286;g_000;2;1;30;line_consecutive;0.5;1286;9;24;12-15,12-18;11;151592.04399999994;155748.1579197214;164116.312;158475.23200000002;4156.113919721451;8368.154080278618;2727.0740802786318;eev,integrated,separated,ws;lintim;Mumford0;Mumford0;True;False;1e-05;12000;1;2;20;100;500;-5;50;0.75;2;50;50;10;10;16;0.0368;1286;1286
14050803;287;g_000;2;1;30;line_consecutive;0.5;1287;9;25;18-23,19-23;11;137344.67399999994;141156.94999999998;146818.16599999182;141597.91;3812.2760000000417;5661.215999991837;440.96000000002095;eev,integrated,separated,ws;lintim;Mumford0;Mumford0;True;False;1e-05;12000;1;2;20;100;500;-5;50;0.75;2;50;50;10;10;16;0.0368;1287;1287
14050803;288;g_000;2;1;30;line_consecutive;0.5;1288;9;26;3-8,8-21;12;113781.47999999997;114470.768;114736.836;114736.836;689.2880000000296;266.0679999999993;266.0679999999993;eev,integrated,separated,ws;lintim;Mumford0;Mumford0;True;False;1e-05;12000;1;2;20;100;500;-5;50;0.75;2;50;50;10;10;16;0.0368;1288;1288
14050803;289;g_000;2;1;30;line_consecutive;0.5;1289;9;27;8-21,21-24;12;105133.53599999996;105133.536;105133.536;105133.536;2.9103830456733704e-11;0.0;0.0;eev,integrated,separated,ws;lintim;Mumford0;Mumford0;True;False;1e-05;12000;1;2;20;100;500;-5;50;0.75;2;50;50;10;10;16;0.0368;1289;1289
14050803;290;g_000;1;1;30;line_consecutive;0.5;1290;10;0;18-23;2,11;184833.28399999865;192235.7039999941;205924.55;199170.758;7402.4199999954435;13688.8460000059;6935.054000005912;eev,integrated,separated,ws;lintim;Mumford0;Mumford0;True;False;1e-05;12000;1;2;20;100;5000;-5;50;0.75;2;50;50;10;10;16;0.0368;1290;1290
14050803;291;g_000;1;1;30;line_consecutive;0.5;1291;10;1;9-27;9;105133.53599999996;105133.536;105133.536;105133.536;2.9103830456733704e-11;0.0;0.0;eev,integrated,separated,ws;lintim;Mumford0;Mumford0;True;False;1e-05;12000;1;2;20;100;5000;-5;50;0.75;2;50;50;10;10;16;0.0368;1291;1291
14050803;292;g_000;1;1;30;line_consecutive;0.5;1292;10;2;8-25;1;180258.93599991343;180258.93599999943;180258.936;180258.936;8.60018189996481e-08;5.529727786779404e-10;5.529727786779404e-10;eev,integrated,separated,ws;lintim;Mumford0;Mumford0;True;False;1e-05;12000;1;2;20;100;5000;-5;50;0.75;2;50;50;10;10;16;0.0368;1292;1292
14050803;293;g_000;1;1;30;line_consecutive;0.5;1293;10;3;1-14;2;125875.7199994642;128914.71998776992;137956.22;137956.22;3038.999988305717;9041.500012230084;9041.500012230084;eev,integrated,separated,ws;lintim;Mumford0;Mumford0;True;False;1e-05;12000;1;2;20;100;5000;-5;50;0.75;2;50;50;10;10;16;0.0368;1293;1293
14050803;294;g_000;1;1;30;line_consecutive;0.5;1294;10;4;21-24;12;105133.53599999996;105133.536;105133.536;105133.536;2.9103830456733704e-11;0.0;0.0;eev,integrated,separated,ws;lintim;Mumford0;Mumford0;True;False;1e-05;12000;1;2;20;100;5000;-5;50;0.75;2;50;50;10;10;16;0.0368;1294;1294
14050803;295;g_000;1;1;30;line_consecutive;0.5;1295;10;5;2-15;10;118353.90999999996;122989.10199995436;133659.21;133659.21;4635.191999954404;10670.108000045628;10670.108000045628;eev,integrated,separated,ws;lintim;Mumford0;Mumford0;True;False;1e-05;12000;1;2;20;100;5000;-5;50;0.75;2;50;50;10;10;16;0.0368;1295;1295
14050803;296;g_000;1;1;30;line_consecutive;0.5;1296;10;6;12-15;5,11;158393.46799999994;161588.397096013;171283.592;164748.87600000002;3194.9290960130747;9695.194903986994;3160.4789039870084;eev,integrated,separated,ws;lintim;Mumford0;Mumford0;True;False;1e-05;12000;1;2;20;100;5000;-5;50;0.75;2;50;50;10;10;16;0.0368;1296;1296
14050803;297;g_000;1;1;30;line_consecutive;0.5;1297;10;7;8-21;12;105133.53599999996;105133.536;105133.536;105133.536;2.9103830456733704e-11;0.0;0.0;eev,integrated,separated,ws;lintim;Mumford0;Mumford0;True;False;1e-05;12000;1;2;20;100;5000;-5;50;0.75;2;50;50;10;10;16;0.0368;1297;1297
14050803;298;g_000;1;1;30;line_consecutive;0.5;1298;10;8;5-8;6;113781.47999999997;114470.768;114736.836;114736.836;689.2880000000296;266.0679999999993;266.0679999999993;eev,integrated,separated,ws;lintim;Mumford0;Mumford0;True;False;1e-05;12000;1;2;20;100;5000;-5;50;0.75;2;50;50;10;10;16;0.0368;1298;1298
14050803;299;g_000;1;1;30;line_consecutive;0.5;1299;10;9;8-17;10;118353.90999999996;122989.10200000004;133659.21000000002;133659.21000000002;4635.192000000083;10670.107999999978;10670.107999999978;eev,integrated,separated,ws;lintim;Mumford0;Mumford0;True;False;1e-05;12000;1;2;20;100;5000;-5;50;0.75;2;50;50;10;10;16;0.0368;1299;1299
14050803;300;g_000;1;1;30;line_consecutive;0.5;1300;10;10;1-29;3;210239.28;210239.2799999733;210239.28000000003;210239.28000000003;-2.6659108698368076e-08;2.6717316359281543e-08;2.6717316359281543e-08;eev,integrated,separated,ws;lintim;Mumford0;Mumford0;True;False;1e-05;12000;1;2;20;100;5000;-5;50;0.75;2;50;50;10;10;16;0.0368;1300;1300
14050803;301;g_000;1;1;30;line_consecutive;0.5;1301;10;11;6-16;8;105133.53599999996;105133.536;105133.536;105133.536;2.9103830456733704e-11;0.0;0.0;eev,integrated,separated,ws;lintim;Mumford0;Mumford0;True;False;1e-05;12000;1;2;20;100;5000;-5;50;0.75;2;50;50;10;10;16;0.0368;1301;1301
14050803;302;g_000;1;1;30;line_consecutive;0.5;1302;10;12;17-28;3;205431.27399999995;205431.274;205431.274;205431.274;5.820766091346741e-11;0.0;0.0;eev,integrated,separated,ws;lintim;Mumford0;Mumford0;True;False;1e-05;12000;1;2;20;100;5000;-5;50;0.75;2;50;50;10;10;16;0.0368;1302;1302
14050803;303;g_000;1;1;30;line_consecutive;0.5;1303;10;13;4-12;2;125875.71999999996;128914.7200000042;137956.2199301736;137956.2199301736;3039.000000004249;9041.49993016939;9041.49993016939;eev,integrated,separated,ws;lintim;Mumford0;Mumford0;True;False;1e-05;12000;1;2;20;100;5000;-5;50;0.75;2;50;50;10;10;16;0.0368;1303;1303
14050803;304;g_000;1;1;30;line_consecutive;0.5;1304;10;14;1-23;2;125875.71999999996;128914.7199999991;137956.22;137956.22;3038.999999999141;9041.500000000902;9041.500000000902;eev,integrated,separated,ws;lintim;Mumford0;Mumford0;True;False;1e-05;12000;1;2;20;100;5000;-5;50;0.75;2;50;50;10;10;16;0.0368;1304;1304
14050803;305;g_000;1;1;30;line_consecutive;0.5;1305;10;15;6-7;4,10;186195.51799999995;191662.68800000005;201646.788;199943.862;5467.1700000001;9984.09999999992;8281.17399999994;eev,integrated,separated,ws;lintim;Mumford0;Mumford0;True;False;1e-05;12000;1;2;20;100;5000;-5;50;0.75;2;50;50;10;10;16;0.0368;1305;1305
14050803;306;g_000;1;1;30;line_consecutive;0.5;1306;10;16;15-24;5;154012.74799999996;155292.74800000002;156572.74800000002;156572.74800000002;1280.0000000000582;1280.0;1280.0;eev,integrated,separated,ws;lintim;Mumford0;Mumford0;True;False;1e-05;12000;1;2;20;100;5000;-5;50;0.75;2;50;50;10;10;16;0.0368;1306;1306
14050803;307;g_000;1;1;30;line_consecutive;0.5;1307;10;17;14-19;4;128619.38599999995;130550.376;134068.30800000002;134068.30800000002;1930.990000000049;3517.9320000000157;3517.9320000000157;eev,integrated,separated,ws;lintim;Mumford0;Mumford0;True;False;1e-05;12000;1;2;20;100;5000;-5;50;0.75;2;50;50;10;10;16;0.0368;1307;1307
14050803;308;g_000;1;1;30;line_consecutive;0.5;1308;10;18;3-8;6,12;113781.47999999808;114470.76799999998;114736.836;114736.836;689.2880000019068;266.06800000001385;266.06800000001385;eev,integrated,separated,ws;lintim;Mumford0;Mumford0;True;False;1e-05;12000;1;2;20;100;5000;-5;50;0.75;2;50;50;10;10;16;0.0368;1308;1308
14050803;309;g_000;1;1;30;line_consecutive;0.5;1309;10;19;12-26;5;154012.74799999996;155292.74800000002;156572.748;156572.748;1280.0000000000582;1279.999999999971;1279.999999999971;eev,integrated,separated,ws;lintim;Mumford0;Mumford0;True;False;1e-05;12000;1;2;20;100;5000;-5;50;0.75;2;50;50;10;10;16;0.0368;1309;1309
14050803;310;g_000;1;1;30;line_consecutive;0.5;1310;10;20;8-11;1;197679.414;197679.4139999968;197679.414;197679.414;-3.230525180697441e-09;3.230525180697441e-09;3.230525180697441e-09;eev,integrated,separated,ws;lintim;Mumford0;Mumford0;True;False;1e-05;12000;1;2;20;100;5000;-5;50;0.75;2;50;50;10;10;16;0.0368;1310;1310
14050803;311;g_000;1;1;30;line_consecutive;0.5;1311;10;21;2-25;1;180067.98399999994;180067.984;180067.984;180067.984;5.820766091346741e-11;0.0;0.0;eev,integrated,separated,ws;lintim;Mumford0;Mumford0;True;False;1e-05;12000;1;2;20;100;5000;-5;50;0.75;2;50;50;10;10;16;0.0368;1311;1311
14050803;312;g_000;1;1;30;line_consecutive;0.5;1312;10;22;7-14;4;128619.38599998482;130550.3759711073;134068.30800000002;134068.30800000002;1930.9899711224864;3517.932028892712;3517.932028892712;eev,integrated,separated,ws;lintim;Mumford0;Mumford0;True;False;1e-05;12000;1;2;20;100;5000;-5;50;0.75;2;50;50;10;10;16;0.0368;1312;1312
14050803;313;g_000;1;1;30;line_consecutive;0.5;1313;10;23;11-22;1;170445.23999999993;170685.24;170925.24;170925.24;240.0000000000582;240.0;240.0;eev,integrated,separated,ws;lintim;Mumford0;Mumford0;True;False;1e-05;12000;1;2;20;100;5000;-5;50;0.75;2;50;50;10;10;16;0.0368;1313;1313
14050803;314;g_000;1;1;30;line_consecutive;0.5;1314;10;24;2-4;2;125875.71999999996;128914.72000000016;137956.22;137956.22;3039.000000000204;9041.49999999984;9041.49999999984;eev,integrated,separated,ws;lintim;Mumford0;Mumford0;True;False;1e-05;12000;1;2;20;100;5000;-5;50;0.75;2;50;50;10;10;16;0.0368;1314;1314
14050803;315;g_000;1;1;30;line_consecutive;0.5;1315;10;25;28-30;3;207136.1359997721;207136.1360000001;207136.136;207136.136;2.2799940779805186e-07;-8.731149137020111e-11;-8.731149137020111e-11;eev,integrated,separated,ws;lintim;Mumford0;Mumford0;True;False;1e-05;12000;1;2;20;100;5000;-5;50;0.75;2;50;50;10;10;16;0.0368;1315;1315
14050803;316;g_000;1;1;30;line_consecutive;0.5;1316;10;26;19-20;4;128619.38599999995;130550.376;134068.30800000002;134068.30800000002;1930.990000000049;3517.9320000000157;3517.9320000000157;eev,integrated,separated,ws;lintim;Mumford0;Mumford0;True;False;1e-05;12000;1;2;20;100;5000;-5;50;0.75;2;50;50;10;10;16;0.0368;1316;1316
14050803;317;g_000;1;1;30;line_consecutive;0.5;1317;10;27;8-15;10;118353.90999999996;122989.10199999718;133659.21000000002;133659.21000000002;4635.191999997216;10670.108000002843;10670.108000002843;eev,integrated,separated,ws;lintim;Mumford0;Mumford0;True;False;1e-05;12000;1;2;20;100;5000;-5;50;0.75;2;50;50;10;10;16;0.0368;1317;1317
14050803;318;g_000;1;1;30;line_consecutive;0.5;1318;10;28;9-13;3;171807.42800003337;172607.428;173407.428;173407.428;799.999999966647;800.0;800.0;eev,integrated,separated,ws;lintim;Mumford0;Mumford0;True;False;1e-05;12000;1;2;20;100;5000;-5;50;0.75;2;50;50;10;10;16;0.0368;1318;1318
14050803;319;g_000;1;1;30;line_consecutive;0.5;1319;10;29;17-29;3;227635.7279610913;227635.72799999733;227635.728;227635.728;3.890602965839207e-05;2.6775524020195007e-09;2.6775524020195007e-09;eev,integrated,separated,ws;lintim;Mumford0;Mumford0;True;False;1e-05;12000;1;2;20;100;5000;-5;50;0.75;2;50;50;10;10;16;0.0368;1319;1319
14050803;320;g_000;2;1;30;line_consecutive;0.5;1320;11;0;2-25,8-25;1;197679.414;197679.414;197679.414;197679.414;0.0;0.0;0.0;eev,integrated,separated,ws;lintim;Mumford0;Mumford0;True;False;1e-05;12000;1;2;20;100;5000;-5;50;0.75;2;50;50;10;10;16;0.0368;1320;1320
14050803;321;g_000;2;1;30;line_consecutive;0.5;1321;11;1;8-11,8-25;1;197679.414;197679.414;197679.414;197679.414;0.0;0.0;0.0;eev,integrated,separated,ws;lintim;Mumford0;Mumford0;True;False;1e-05;12000;1;2;20;100;5000;-5;50;0.75;2;50;50;10;10;16;0.0368;1321;1321
14050803;322;g_000;2;1;30;line_consecutive;0.5;1322;11;2;8-11,11-22;1;197679.414;197679.41399993148;197679.414;197679.414;-6.851041689515115e-08;6.851041689515115e-08;6.851041689515115e-08;eev,integrated,separated,ws;lintim;Mumford0;Mumford0;True;False;1e-05;12000;1;2;20;100;5000;-5;50;0.75;2;50;50;10;10;16;0.0368;1322;1322
14050803;323;g_000;2;1;30;line_consecutive;0.5;1323;11;3;2-4,4-12;2;125875.71999999996;128914.72000000023;137956.22;137956.22;3039.0000000002765;9041.499999999767;9041.499999999767;eev,integrated,separated,ws;lintim;Mumford0;Mumford0;True;False;1e-05;12000;1;2;20;100;5000;-5;50;0.75;2;50;50;10;10;16;0.0368;1323;1323
14050803;324;g_000;2;1;30;line_consecutive;0.5;1324;11;4;4-12,12-18;2;213472.6480059244;219758.12000000023;231809.27;225055.47800000003;6285.471994075837;12051.14999999976;5297.357999999804;eev,integrated,separated,ws;lintim;Mumford0;Mumford0;True;False;1e-05;12000;1;2;20;100;5000;-5;50;0.75;2;50;50;10;10;16;0.0368;1324;1324
14050803;325;g_000;2;1;30;line_consecutive;0.5;1325;11;5;12-18,18-23;2,11;213472.6479933413;219758.1200453267;231809.27;225055.478;6285.472051985416;12051.14995467328;5297.357954673294;eev,integrated,separated,ws;lintim;Mumford0;Mumford0;True;False;1e-05;12000;1;2;20;100;5000;-5;50;0.75;2;50;50;10;10;16;0.0368;1325;1325
14050803;326;g_000;2;1;30;line_consecutive;0.5;1326;11;6;1-23,18-23;2;184833.28399999865;192235.7039999941;205924.55;199170.758;7402.4199999954435;13688.8460000059;6935.054000005912;eev,integrated,separated,ws;lintim;Mumford0;Mumford0;True;False;1e-05;12000;1;2;20;100;5000;-5;50;0.75;2;50;50;10;10;16;0.0368;1326;1326
14050803;327;g_000;2;1;30;line_consecutive;0.5;1327;11;7;1-14,1-23;2;125875.71999999996;128914.71999999978;137956.22;137956.22;3038.9999999998254;9041.500000000218;9041.500000000218;eev,integrated,separated,ws;lintim;Mumford0;Mumford0;True;False;1e-05;12000;1;2;20;100;5000;-5;50;0.75;2;50;50;10;10;16;0.0368;1327;1327
14050803;328;g_000;2;1;30;line_consecutive;0.5;1328;11;8;1-13,9-13;3;248201.352;248201.352;248201.352;248201.352;5.820766091346741e-11;0.0;0.0;eev,integrated,separated,ws;lintim;Mumford0;Mumford0;True;False;1e-05;12000;1;2;20;100;5000;-5;50;0.75;2;50;50;10;10;16;0.0368;1328;1328
14050803;329;g_000;2;1;30;line_consecutive;0.5;1329;11;9;1-13,1-29;3;240428.182;240428.182;240428.18200000003;240428.18200000003;2.9103830456733704e-11;2.9103830456733704e-11;2.9103830456733704e-11;eev,integrated,separated,ws;lintim;Mumford0;Mumford0;True;False;1e-05;12000;1;2;20;100;5000;-5;50;0.75;2;50;50;10;10;16;0.0368;1329;1329
14050803;330;g_000;2;1;30;line_consecutive;0.5;1330;11;10;1-29,17-29;3;248951.104;248951.10399999697;248951.104;248951.104;-3.026798367500305e-09;3.026798367500305e-09;3.026798367500305e-09;eev,integrated,separated,ws;lintim;Mumford0;Mumford0;True;False;1e-05;12000;1;2;20;100;5000;-5;50;0.75;2;50;50;10;10;16;0.0368;1330;1330
14050803;331;g_000;2;1;30;line_consecutive;0.5;1331;11;11;17-28,17-29;3;235122.16200005097;235122.162;235122.162;235122.162;-5.096080712974072e-08;0.0;0.0;eev,integrated,separated,ws;lintim;Mumford0;Mumford0;True;False;1e-05;12000;1;2;20;100;5000;-5;50;0.75;2;50;50;10;10;16;0.0368;1331;1331
14050803;332;g_000;2;1;30;line_consecutive;0.5;1332;11;12;17-28,28-30;3;248252.24400050053;248252.2438594096;248252.244;248252.244;-0.000141090946272;0.0001405904185958;0.0001405904185958;eev,integrated,separated,ws;lintim;Mumford0;Mumford0;True;False;1e-05;12000;1;2;20;100;5000;-5;50;0.75;2;50;50;10;10;16;0.0368;1332;1332
14050803;333;g_000;2;1;30;line_consecutive;0.5;1333;11;13;6-7,7-14;4;202782.77;207921.60799999555;217551.31199999992;216099.67199997773;5138.837999995565;9629.704000004363;8178.063999982172;eev,integrated,separated,ws;lintim;Mumford0;Mumford0;True;False;1e-05;12000;1;2;20;100;5000;-5;50;0.75;2;50;50;10;10;16;0.0368;1333;1333
14050803;334;g_000;2;1;30;line_consecutive;0.5;1334;11;14;7-14,14-19;4;128619.38599998482;130550.3759711073;134068.30800000002;134068.30800000002;1930.9899711224864;3517.932028892712;3517.932028892712;eev,integrated,separated,ws;lintim;Mumford0;Mumford0;True;False;1e-05;12000;1;2;20;100;5000;-5;50;0.75;2;50;50;10;10;16;0.0368;1334;1334
14050803;335;g_000;2;1;30;line_consecutive;0.5;1335;11;15;14-19,19-20;4;128619.38599999995;130550.376;134068.30800000002;134068.30800000002;1930.990000000049;3517.9320000000157;3517.9320000000157;eev,integrated,separated,ws;lintim;Mumford0;Mumford0;True;False;1e-05;12000;1;2;20;100;5000;-5;50;0.75;2;50;50;10;10;16;0.0368;1335;1335
14050803;336;g_000;2;1;30;line_consecutive;0.5;1336;11;16;12-15,15-24;5;158393.46799999996;161588.398;171283.59199999974;164748.87600000002;3194.930000000022;9695.193999999756;3160.478000000032;eev,integrated,separated,ws;lintim;Mumford0;Mumford0;True;False;1e-05;12000;1;2;20;100;5000;-5;50;0.75;2;50;50;10;10;16;0.0368;1336;1336
14050803;337;g_000;2;1;30;line_consecutive;0.5;1337;11;17;12-15,12-26;5;158393.46799999996;161588.39800000002;171283.59199999887;164748.87600000002;3194.930000000051;9695.193999998854;3160.478000000003;eev,integrated,separated,ws;lintim;Mumford0;Mumford0;True;False;1e-05;12000;1;2;20;100;5000;-5;50;0.75;2;50;50;10;10;16;0.0368;1337;1337
14050803;338;g_000;2;1;30;line_consecutive;0.5;1338;11;18;3-8,5-8;6;113781.47999999976;114470.76799999792;114736.836;114736.836;689.2879999981524;266.0680000020802;266.0680000020802;eev,integrated,separated,ws;lintim;Mumford0;Mumford0;True;False;1e-05;12000;1;2;20;100;5000;-5;50;0.75;2;50;50;10;10;16;0.0368;1338;1338
14050803;339;g_000;2;1;30;line_consecutive;0.5;1339;11;19;10-15,15-21;7;188826.316;189466.31600000005;190106.316;190106.316;640.0000000000582;639.9999999999418;639.9999999999418;eev,integrated,separated,ws;lintim;Mumford0;Mumford0;True;False;1e-05;12000;1;2;20;100;5000;-5;50;0.75;2;50;50;10;10;16;0.0368;1339;1339
14050803;340;g_000;2;1;30;line_consecutive;0.5;1340;11;20;2-15,8-15;10;118353.90999999996;122989.10200000012;133659.21000000002;133659.21000000002;4635.192000000156;10670.107999999906;10670.107999999906;eev,integrated,separated,ws;lintim;Mumford0;Mumford0;True;False;1e-05;12000;1;2;20;100;5000;-5;50;0.75;2;50;50;10;10;16;0.0368;1340;1340
14050803;341;g_000;2;1;30;line_consecutive;0.5;1341;11;21;8-15,8-17;10;118353.90999999996;122989.10200000137;133659.20999999897;133659.20999999897;4635.192000001407;10670.107999997606;10670.107999997606;eev,integrated,separated,ws;lintim;Mumford0;Mumford0;True;False;1e-05;12000;1;2;20;100;5000;-5;50;0.75;2;50;50;10;10;16;0.0368;1341;1341
14050803;342;g_000;2;1;30;line_consecutive;0.5;1342;11;22;7-17,8-17;10;118353.90999999996;122989.10200000016;133659.21;133659.21;4635.192000000199;10670.107999999833;10670.107999999833;eev,integrated,separated,ws;lintim;Mumford0;Mumford0;True;False;1e-05;12000;1;2;20;100;5000;-5;50;0.75;2;50;50;10;10;16;0.0368;1342;1342
14050803;343;g_000;2;1;30;line_consecutive;0.5;1343;11;23;6-7,7-17;10;186195.5179999981;191662.6879999989;201646.788;199943.862;5467.170000000799;9984.100000001112;8281.174000001105;eev,integrated,separated,ws;lintim;Mumford0;Mumford0;True;False;1e-05;12000;1;2;20;100;5000;-5;50;0.75;2;50;50;10;10;16;0.0368;1343;1343
14050803;344;g_000;2;1;30;line_consecutive;0.5;1344;11;24;12-15,12-18;11;263924.9551949268;268602.58799999807;278602.692;272961.612;4677.632805071247;10000.104000001911;4359.024000001955;eev,integrated,separated,ws;lintim;Mumford0;Mumford0;True;False;1e-05;12000;1;2;20;100;5000;-5;50;0.75;2;50;50;10;10;16;0.0368;1344;1344
14050803;345;g_000;2;1;30;line_consecutive;0.5;1345;11;25;18-23,19-23;11;184833.2839993235;192235.70400000009;205924.55;199170.758;7402.42000067659;13688.845999999903;6935.053999999916;eev,integrated,separated,ws;lintim;Mumford0;Mumford0;True;False;1e-05;12000;1;2;20;100;5000;-5;50;0.75;2;50;50;10;10;16;0.0368;1345;1345
14050803;346;g_000;2;1;30;line_consecutive;0.5;1346;11;26;3-8,8-21;12;113781.47999998998;114470.768;114736.836;114736.836;689.2880000100122;266.0679999999993;266.0679999999993;eev,integrated,separated,ws;lintim;Mumford0;Mumford0;True;False;1e-05;12000;1;2;20;100;5000;-5;50;0.75;2;50;50;10;10;16;0.0368;1346;1346
14050803;347;g_000;2;1;30;line_consecutive;0.5;1347;11;27;8-21,21-24;12;105133.53599999996;105133.53600000002;105133.536;105133.536;5.820766091346741e-11;-2.9103830456733704e-11;-2.9103830456733704e-11;eev,integrated,separated,ws;lintim;Mumford0;Mumford0;True;False;1e-05;12000;1;2;20;100;5000;-5;50;0.75;2;50;50;10;10;16;0.0368;1347;1347
14050803;348;g_000;1;1;30;line_consecutive;0.5;1348;12;0;8-21;12;105133.536;105133.536;105133.536;105133.536;0.0;0.0;0.0;eev,integrated,separated,ws;lintim;Mumford0;Mumford0;True;False;1e-05;12000;1;2;20;1000;50;-5;50;0.75;2;50;50;10;10;16;0.0368;1348;1348
14050803;349;g_000;1;1;30;line_consecutive;0.5;1349;12;1;10-15;7;106952.984;106952.98400001794;106952.984;106952.984;1.7942511476576328e-08;-1.7942511476576328e-08;-1.7942511476576328e-08;eev,integrated,separated,ws;lintim;Mumford0;Mumford0;True;False;1e-05;12000;1;2;20;1000;50;-5;50;0.75;2;50;50;10;10;16;0.0368;1349;1349
14050803;350;g_000;1;1;30;line_consecutive;0.5;1350;12;2;18-23;2,11;108753.008;108968.94582746798;108968.946;110461.02000000002;215.9378274679766;0.0001725320180412;1492.0741725320404;eev,integrated,separated,ws;lintim;Mumford0;Mumford0;True;False;1e-05;12000;1;2;20;1000;50;-5;50;0.75;2;50;50;10;10;16;0.0368;1350;1350
14050803;351;g_000;1;1;30;line_consecutive;0.5;1351;12;3;4-12;2;107387.168;107758.9520000297;108004.188;108004.188;371.7840000297001;245.2359999702894;245.2359999702894;eev,integrated,separated,ws;lintim;Mumford0;Mumford0;True;False;1e-05;12000;1;2;20;1000;50;-5;50;0.75;2;50;50;10;10;16;0.0368;1351;1351
14050803;352;g_000;1;1;30;line_consecutive;0.5;1352;12;4;15-24;5;107268.824;107268.82386887702;107268.824;107268.824;-0.000131122971652;0.000131122971652;0.000131122971652;eev,integrated,separated,ws;lintim;Mumford0;Mumford0;True;False;1e-05;12000;1;2;20;1000;50;-5;50;0.75;2;50;50;10;10;16;0.0368;1352;1352
14050803;353;g_000;1;1;30;line_consecutive;0.5;1353;12;5;21-24;12;105133.536;105133.536;105133.536;105133.536;0.0;0.0;0.0;eev,integrated,separated,ws;lintim;Mumford0;Mumford0;True;False;1e-05;12000;1;2;20;1000;50;-5;50;0.75;2;50;50;10;10;16;0.0368;1353;1353
14050803;354;g_000;1;1;30;line_consecutive;0.5;1354;12;6;17-29;3;106615.142;106615.14199999507;106615.142;106615.142;-4.933099262416363e-09;4.933099262416363e-09;4.933099262416363e-09;eev,integrated,separated,ws;lintim;Mumford0;Mumford0;True;False;1e-05;12000;1;2;20;1000;50;-5;50;0.75;2;50;50;10;10;16;0.0368;1354;1354
14050803;355;g_000;1;1;30;line_consecutive;0.5;1355;12;7;6-16;8;105133.536;105133.536;105133.536;105133.536;0.0;0.0;0.0;eev,integrated,separated,ws;lintim;Mumford0;Mumford0;True;False;1e-05;12000;1;2;20;1000;50;-5;50;0.75;2;50;50;10;10;16;0.0368;1355;1355
14050803;356;g_000;1;1;30;line_consecutive;0.5;1356;12;8;17-28;3;106774.61;106774.61;106774.61;106774.61;0.0;0.0;0.0;eev,integrated,separated,ws;lintim;Mumford0;Mumford0;True;False;1e-05;12000;1;2;20;1000;50;-5;50;0.75;2;50;50;10;10;16;0.0368;1356;1356
14050803;357;g_000;1;1;30;line_consecutive;0.5;1357;12;9;8-11;1;105788.432;105788.43200002772;105788.43199999972;105788.43199999972;2.7721398510038853e-08;-2.7997884899377823e-08;-2.7997884899377823e-08;eev,integrated,separated,ws;lintim;Mumford0;Mumford0;True;False;1e-05;12000;1;2;20;1000;50;-5;50;0.75;2;50;50;10;10;16;0.0368;1357;1357
14050803;358;g_000;1;1;30;line_consecutive;0.5;1358;12;10;1-23;2;106061.036;106061.03599999825;106061.036;106061.036;-1.746229827404022e-09;1.746229827404022e-09;1.746229827404022e-09;eev,integrated,separated,ws;lintim;Mumford0;Mumford0;True;False;1e-05;12000;1;2;20;1000;50;-5;50;0.75;2;50;50;10;10;16;0.0368;1358;1358
14050803;359;g_000;1;1;30;line_consecutive;0.5;1359;12;11;19-23;11;106209.23200000002;106236.68799999998;106236.688;106236.688;27.45599999996193;1.4551915228366852e-11;1.4551915228366852e-11;eev,integrated,separated,ws;lintim;Mumford0;Mumford0;True;False;1e-05;12000;1;2;20;1000;50;-5;50;0.75;2;50;50;10;10;16;0.0368;1359;1359
14050803;360;g_000;1;1;30;line_consecutive;0.5;1360;12;12;14-19;4;106510.37600000002;106510.37599999996;106510.376;106510.376;-5.820766091346741e-11;4.365574568510056e-11;4.365574568510056e-11;eev,integrated,separated,ws;lintim;Mumford0;Mumford0;True;False;1e-05;12000;1;2;20;1000;50;-5;50;0.75;2;50;50;10;10;16;0.0368;1360;1360
14050803;361;g_000;1;1;30;line_consecutive;0.5;1361;12;13;8-17;10;107702.02000000002;107944.63999999998;107944.64;107944.64;242.61999999996624;1.4551915228366852e-11;1.4551915228366852e-11;eev,integrated,separated,ws;lintim;Mumford0;Mumford0;True;False;1e-05;12000;1;2;20;1000;50;-5;50;0.75;2;50;50;10;10;16;0.0368;1361;1361
14050803;362;g_000;1;1;30;line_consecutive;0.5;1362;12;14;2-4;2;106284.304;106284.304;106284.304;106284.304;0.0;0.0;0.0;eev,integrated,separated,ws;lintim;Mumford0;Mumford0;True;False;1e-05;12000;1;2;20;1000;50;-5;50;0.75;2;50;50;10;10;16;0.0368;1362;1362
14050803;363;g_000;1;1;30;line_consecutive;0.5;1363;12;15;6-7;4,10;107995.94400000002;108582.44599999998;108722.472;108582.446;586.501999999964;140.02600000001257;1.4551915228366852e-11;eev,integrated,separated,ws;lintim;Mumford0;Mumford0;True;False;1e-05;12000;1;2;20;1000;50;-5;50;0.75;2;50;50;10;10;16;0.0368;1363;1363
14050803;364;g_000;1;1;30;line_consecutive;0.5;1364;12;16;28-30;3;106402.412;106402.41199999998;106402.412;106402.412;-1.4551915228366852e-11;1.4551915228366852e-11;1.4551915228366852e-11;eev,integrated,separated,ws;lintim;Mumford0;Mumford0;True;False;1e-05;12000;1;2;20;1000;50;-5;50;0.75;2;50;50;10;10;16;0.0368;1364;1364
14050803;365;g_000;1;1;30;line_consecutive;0.5;1365;12;17;7-14;4;107415.684;107415.684;107415.684;107415.684;0.0;0.0;0.0;eev,integrated,separated,ws;lintim;Mumford0;Mumford0;True;False;1e-05;12000;1;2;20;1000;50;-5;50;0.75;2;50;50;10;10;16;0.0368;1365;1365
14050803;366;g_000;1;1;30;line_consecutive;0.5;1366;12;18;3-8;6,12;106415.076;106561.63199999998;106561.632;106561.632;146.5559999999823;1.4551915228366852e-11;1.4551915228366852e-11;eev,integrated,separated,ws;lintim;Mumford0;Mumford0;True;False;1e-05;12000;1;2;20;1000;50;-5;50;0.75;2;50;50;10;10;16;0.0368;1366;1366
14050803;367;g_000;1;1;30;line_consecutive;0.5;1367;12;19;1-14;2;106650.716;107022.49999999652;107143.536;107143.536;371.78399999652174;121.03600000347068;121.03600000347068;eev,integrated,separated,ws;lintim;Mumford0;Mumford0;True;False;1e-05;12000;1;2;20;1000;50;-5;50;0.75;2;50;50;10;10;16;0.0368;1367;1367
14050803;368;g_000;1;1;30;line_consecutive;0.5;1368;12;20;2-15;10;107222.586;107347.55400034004;107347.554;107347.554;124.96800034004264;-3.400346031412482e-07;-3.400346031412482e-07;eev,integrated,separated,ws;lintim;Mumford0;Mumford0;True;False;1e-05;12000;1;2;20;1000;50;-5;50;0.75;2;50;50;10;10;16;0.0368;1368;1368
14050803;369;g_000;1;1;30;line_consecutive;0.5;1369;12;21;2-25;1;106103.44400000002;106103.444;106103.444;106103.444;-1.4551915228366852e-11;0.0;0.0;eev,integrated,separated,ws;lintim;Mumford0;Mumford0;True;False;1e-05;12000;1;2;20;1000;50;-5;50;0.75;2;50;50;10;10;16;0.0368;1369;1369
14050803;370;g_000;1;1;30;line_consecutive;0.5;1370;12;22;1-13;3;106560.576;106560.576;106560.576;106560.576;0.0;0.0;0.0;eev,integrated,separated,ws;lintim;Mumford0;Mumford0;True;False;1e-05;12000;1;2;20;1000;50;-5;50;0.75;2;50;50;10;10;16;0.0368;1370;1370
14050803;371;g_000;1;1;30;line_consecutive;0.5;1371;12;23;12-18;2,11;152501.25600000002;153350.82;153418.144;153798.72800000003;849.5639999999839;67.32399999999325;447.9080000000249;eev,integrated,separated,ws;lintim;Mumford0;Mumford0;True;False;1e-05;12000;1;2;20;1000;50;-5;50;0.75;2;50;50;10;10;16;0.0368;1371;1371
14050803;372;g_000;1;1;30;line_consecutive;0.5;1372;12;24;1-29;3;106127.78;106127.78;106127.78;106127.78;0.0;0.0;0.0;eev,integrated,separated,ws;lintim;Mumford0;Mumford0;True;False;1e-05;12000;1;2;20;1000;50;-5;50;0.75;2;50;50;10;10;16;0.0368;1372;1372
14050803;373;g_000;1;1;30;line_consecutive;0.5;1373;12;25;12-15;5,11;111599.45200005476;112176.30800000664;113179.312;112176.30799999996;576.8559999518766;1003.0039999933653;-6.679329089820385e-09;eev,integrated,separated,ws;lintim;Mumford0;Mumford0;True;False;1e-05;12000;1;2;20;1000;50;-5;50;0.75;2;50;50;10;10;16;0.0368;1373;1373
14050803;374;g_000;1;1;30;line_consecutive;0.5;1374;12;26;8-15;10;107324.0;107538.168;107538.168;107538.168;214.16800000000512;0.0;0.0;eev,integrated,separated,ws;lintim;Mumford0;Mumford0;True;False;1e-05;12000;1;2;20;1000;50;-5;50;0.75;2;50;50;10;10;16;0.0368;1374;1374
14050803;375;g_000;1;1;30;line_consecutive;0.5;1375;12;27;19-20;4;105866.416;105866.416;105866.416;105866.416;0.0;0.0;0.0;eev,integrated,separated,ws;lintim;Mumford0;Mumford0;True;False;1e-05;12000;1;2;20;1000;50;-5;50;0.75;2;50;50;10;10;16;0.0368;1375;1375
14050803;376;g_000;1;1;30;line_consecutive;0.5;1376;12;28;7-17;10;107221.812;108098.97400000316;108605.856;108605.856;877.1620000031544;506.88199999684;506.88199999684;eev,integrated,separated,ws;lintim;Mumford0;Mumford0;True;False;1e-05;12000;1;2;20;1000;50;-5;50;0.75;2;50;50;10;10;16;0.0368;1376;1376
14050803;377;g_000;1;1;30;line_consecutive;0.5;1377;12;29;9-27;9;105133.536;105133.536;105133.536;105133.536;0.0;0.0;0.0;eev,integrated,separated,ws;lintim;Mumford0;Mumford0;True;False;1e-05;12000;1;2;20;1000;50;-5;50;0.75;2;50;50;10;10;16;0.0368;1377;1377
14050803;378;g_000;2;1;30;line_consecutive;0.5;1378;13;0;2-25,8-25;1;137377.14200000002;137377.1418980401;137377.142;137377.142;-0.0001019599149003;0.0001019598857965;0.0001019598857965;eev,integrated,separated,ws;lintim;Mumford0;Mumford0;True;False;1e-05;12000;1;2;20;1000;50;-5;50;0.75;2;50;50;10;10;16;0.0368;1378;1378
14050803;379;g_000;2;1;30;line_consecutive;0.5;1379;13;1;8-11,8-25;1;106564.732;106564.732;106564.732;106564.732;0.0;0.0;0.0;eev,integrated,separated,ws;lintim;Mumford0;Mumford0;True;False;1e-05;12000;1;2;20;1000;50;-5;50;0.75;2;50;50;10;10;16;0.0368;1379;1379
14050803;380;g_000;2;1;30;line_consecutive;0.5;1380;13;2;8-11,11-22;1;130602.616;130602.616;130602.616;130602.616;0.0;0.0;0.0;eev,integrated,separated,ws;lintim;Mumford0;Mumford0;True;False;1e-05;12000;1;2;20;1000;50;-5;50;0.75;2;50;50;10;10;16;0.0368;1380;1380
14050803;381;g_000;2;1;30;line_consecutive;0.5;1381;13;3;2-4,4-12;2;121627.576;121999.36;122274.236;122274.236;371.7839999999997;274.87600000000384;274.87600000000384;eev,integrated,separated,ws;lintim;Mumford0;Mumford0;True;False;1e-05;12000;1;2;20;1000;50;-5;50;0.75;2;50;50;10;10;16;0.0368;1381;1381
14050803;382;g_000;2;1;30;line_consecutive;0.5;1382;13;4;4-12,12-18;2;168210.188;169487.692;170358.816;169920.98400000003;1277.5040000000154;871.1239999999816;433.29200000001583;eev,integrated,separated,ws;lintim;Mumford0;Mumford0;True;False;1e-05;12000;1;2;20;1000;50;-5;50;0.75;2;50;50;10;10;16;0.0368;1382;1382
14050803;383;g_000;2;1;30;line_consecutive;0.5;1383;13;5;12-18,18-23;2,11;152501.25600000002;153350.82;153418.144;153798.72800000003;849.5639999999839;67.32399999999325;447.9080000000249;eev,integrated,separated,ws;lintim;Mumford0;Mumford0;True;False;1e-05;12000;1;2;20;1000;50;-5;50;0.75;2;50;50;10;10;16;0.0368;1383;1383
14050803;384;g_000;2;1;30;line_consecutive;0.5;1384;13;6;1-23,18-23;2;108753.008;108968.94582746798;108968.946;110461.02000000002;215.9378274679766;0.0001725320180412;1492.0741725320404;eev,integrated,separated,ws;lintim;Mumford0;Mumford0;True;False;1e-05;12000;1;2;20;1000;50;-5;50;0.75;2;50;50;10;10;16;0.0368;1384;1384
14050803;385;g_000;2;1;30;line_consecutive;0.5;1385;13;7;1-14,1-23;2;107579.82399999992;108248.3160000232;108873.078;108873.078;668.4920000232814;624.7619999767921;624.7619999767921;eev,integrated,separated,ws;lintim;Mumford0;Mumford0;True;False;1e-05;12000;1;2;20;1000;50;-5;50;0.75;2;50;50;10;10;16;0.0368;1385;1385
14050803;386;g_000;2;1;30;line_consecutive;0.5;1386;13;8;1-13,9-13;3;155336.8060000003;155336.8058661754;155336.80599999998;155336.80599999998;-0.000133824913064;0.0001338245929218;0.0001338245929218;eev,integrated,separated,ws;lintim;Mumford0;Mumford0;True;False;1e-05;12000;1;2;20;1000;50;-5;50;0.75;2;50;50;10;10;16;0.0368;1386;1386
14050803;387;g_000;2;1;30;line_consecutive;0.5;1387;13;9;1-13,1-29;3;106902.612;106902.61200000318;106902.612;106902.612;3.18686943501234e-09;-3.18686943501234e-09;-3.18686943501234e-09;eev,integrated,separated,ws;lintim;Mumford0;Mumford0;True;False;1e-05;12000;1;2;20;1000;50;-5;50;0.75;2;50;50;10;10;16;0.0368;1387;1387
14050803;388;g_000;2;1;30;line_consecutive;0.5;1388;13;10;1-29,17-29;3;107881.62;107881.62;107881.62;107881.62;0.0;0.0;0.0;eev,integrated,separated,ws;lintim;Mumford0;Mumford0;True;False;1e-05;12000;1;2;20;1000;50;-5;50;0.75;2;50;50;10;10;16;0.0368;1388;1388
14050803;389;g_000;2;1;30;line_consecutive;0.5;1389;13;11;17-28,17-29;3;106735.5599999846;106735.56;106735.56;106735.56;1.5395926311612133e-08;0.0;0.0;eev,integrated,separated,ws;lintim;Mumford0;Mumford0;True;False;1e-05;12000;1;2;20;1000;50;-5;50;0.75;2;50;50;10;10;16;0.0368;1389;1389
14050803;390;g_000;2;1;30;line_consecutive;0.5;1390;13;12;17-28,28-30;3;123206.27200000004;123206.27179881772;123206.272;123206.272;-0.0002011823235079;0.0002011822798522;0.0002011822798522;eev,integrated,separated,ws;lintim;Mumford0;Mumford0;True;False;1e-05;12000;1;2;20;1000;50;-5;50;0.75;2;50;50;10;10;16;0.0368;1390;1390
14050803;391;g_000;2;1;30;line_consecutive;0.5;1391;13;13;6-7,7-14;4;110263.32800000132;110895.24399999996;111025.62999999584;110895.244;631.9159999986441;130.3859999958804;4.365574568510056e-11;eev,integrated,separated,ws;lintim;Mumford0;Mumford0;True;False;1e-05;12000;1;2;20;1000;50;-5;50;0.75;2;50;50;10;10;16;0.0368;1391;1391
14050803;392;g_000;2;1;30;line_consecutive;0.5;1392;13;14;7-14,14-19;4;107415.684;107415.684;107415.684;107415.684;0.0;0.0;0.0;eev,integrated,separated,ws;lintim;Mumford0;Mumford0;True;False;1e-05;12000;1;2;20;1000;50;-5;50;0.75;2;50;50;10;10;16;0.0368;1392;1392
14050803;393;g_000;2;1;30;line_consecutive;0.5;1393;13;15;14-19,19-20;4;107061.416;107061.416;107061.416;107061.416;0.0;0.0;0.0;eev,integrated,separated,ws;lintim;Mumford0;Mumford0;True;False;1e-05;12000;1;2;20;1000;50;-5;50;0.75;2;50;50;10;10;16;0.0368;1393;1393
14050803;394;g_000;2;1;30;line_consecutive;0.5;1394;13;16;12-15,15-24;5;111600.90400001066;112177.76;113179.312;112177.75999999992;576.8559999893332;1001.5520000000106;-7.275957614183426e-11;eev,integrated,separated,ws;lintim;Mumford0;Mumford0;True;False;1e-05;12000;1;2;20;1000;50;-5;50;0.75;2;50;50;10;10;16;0.0368;1394;1394
14050803;395;g_000;2;1;30;line_consecutive;0.5;1395;13;17;12-15,12-26;5;110914.73999999552;111491.596;112149.156;111491.59600000002;576.8560000044818;657.5599999999977;1.4551915228366852e-11;eev,integrated,separated,ws;lintim;Mumford0;Mumford0;True;False;1e-05;12000;1;2;20;1000;50;-5;50;0.75;2;50;50;10;10;16;0.0368;1395;1395
14050803;396;g_000;2;1;30;line_consecutive;0.5;1396;13;18;3-8,5-8;6;106555.552;107244.83999999664;107274.49911863194;107274.49911863194;689.287999996639;29.659118635303457;29.659118635303457;eev,integrated,separated,ws;lintim;Mumford0;Mumford0;True;False;1e-05;12000;1;2;20;1000;50;-5;50;0.75;2;50;50;10;10;16;0.0368;1396;1396
14050803;397;g_000;2;1;30;line_consecutive;0.5;1397;13;19;10-15,15-21;7;108358.132;108358.132;108358.132;108358.132;0.0;0.0;0.0;eev,integrated,separated,ws;lintim;Mumford0;Mumford0;True;False;1e-05;12000;1;2;20;1000;50;-5;50;0.75;2;50;50;10;10;16;0.0368;1397;1397
14050803;398;g_000;2;1;30;line_consecutive;0.5;1398;13;20;2-15,8-15;10;108501.768;109923.418;110321.672;110321.672;1421.6500000000087;398.2540000000008;398.2540000000008;eev,integrated,separated,ws;lintim;Mumford0;Mumford0;True;False;1e-05;12000;1;2;20;1000;50;-5;50;0.75;2;50;50;10;10;16;0.0368;1398;1398
14050803;399;g_000;2;1;30;line_consecutive;0.5;1399;13;21;8-15,8-17;10;109216.8;110037.226;110348.912;110348.912;820.4259999999922;311.6860000000015;311.6860000000015;eev,integrated,separated,ws;lintim;Mumford0;Mumford0;True;False;1e-05;12000;1;2;20;1000;50;-5;50;0.75;2;50;50;10;10;16;0.0368;1399;1399
14050803;400;g_000;2;1;30;line_consecutive;0.5;1400;13;22;7-17,8-17;10;107930.03600000002;109117.12599999996;109885.488;109885.488;1187.0899999999383;768.3620000000374;768.3620000000374;eev,integrated,separated,ws;lintim;Mumford0;Mumford0;True;False;1e-05;12000;1;2;20;1000;50;-5;50;0.75;2;50;50;10;10;16;0.0368;1400;1400
14050803;401;g_000;2;1;30;line_consecutive;0.5;1401;13;23;6-7,7-17;10;109219.892;110532.862;111329.98799999992;110532.862;1312.9699999999866;797.1259999999311;0.0;eev,integrated,separated,ws;lintim;Mumford0;Mumford0;True;False;1e-05;12000;1;2;20;1000;50;-5;50;0.75;2;50;50;10;10;16;0.0368;1401;1401
14050803;402;g_000;2;1;30;line_consecutive;0.5;1402;13;24;12-15,12-18;11;157029.956;158153.74000000005;158753.374;158469.23600000003;1123.7840000000433;599.6339999999618;315.49599999998463;eev,integrated,separated,ws;lintim;Mumford0;Mumford0;True;False;1e-05;12000;1;2;20;1000;50;-5;50;0.75;2;50;50;10;10;16;0.0368;1402;1402
14050803;403;g_000;2;1;30;line_consecutive;0.5;1403;13;25;18-23,19-23;11;124255.23400000004;124255.234;124255.234;125966.17400000004;-4.365574568510056e-11;0.0;1710.940000000046;eev,integrated,separated,ws;lintim;Mumford0;Mumford0;True;False;1e-05;12000;1;2;20;1000;50;-5;50;0.75;2;50;50;10;10;16;0.0368;1403;1403
14050803;404;g_000;2;1;30;line_consecutive;0.5;1404;13;26;3-8,8-21;12;106415.076;106561.6318834632;106561.632;106561.632;146.55588346319564;0.0001165368012152;0.0001165368012152;eev,integrated,separated,ws;lintim;Mumford0;Mumford0;True;False;1e-05;12000;1;2;20;1000;50;-5;50;0.75;2;50;50;10;10;16;0.0368;1404;1404
14050803;405;g_000;2;1;30;line_consecutive;0.5;1405;13;27;8-21,21-24;12;105133.53600000002;105133.53590490916;105133.536;105133.536;-9.509085793979466e-05;9.50908288359642e-05;9.50908288359642e-05;eev,integrated,separated,ws;lintim;Mumford0;Mumford0;True;False;1e-05;12000;1;2;20;1000;50;-5;50;0.75;2;50;50;10;10;16;0.0368;1405;1405
14050803;406;g_000;1;1;30;line_consecutive;0.5;1406;14;0;4-12;2;115290.216;116975.0959846923;130954.188;130954.188;1684.8799846923066;13979.092015307688;13979.092015307688;eev,integrated,separated,ws;lintim;Mumford0;Mumford0;True;False;1e-05;12000;1;2;20;1000;500;-5;50;0.75;2;50;50;10;10;16;0.0368;1406;1406
14050803;407;g_000;1;1;30;line_consecutive;0.5;1407;14;1;3-8;6,12;114065.076;114754.364;121861.632;121861.632;689.2880000000005;7107.267999999996;7107.267999999996;eev,integrated,separated,ws;lintim;Mumford0;Mumford0;True;False;1e-05;12000;1;2;20;1000;500;-5;50;0.75;2;50;50;10;10;16;0.0368;1407;1407
14050803;408;g_000;1;1;30;line_consecutive;0.5;1408;14;2;6-7;4,10;122479.57199999975;128801.75199993036;143822.472;137832.446;6322.1799999306095;15020.720000069648;9030.694000069634;eev,integrated,separated,ws;lintim;Mumford0;Mumford0;True;False;1e-05;12000;1;2;20;1000;500;-5;50;0.75;2;50;50;10;10;16;0.0368;1408;1408
14050803;409;g_000;1;1;30;line_consecutive;0.5;1409;14;3;14-19;4;113827.52;115964.00400000076;118210.376;118210.376;2136.484000000753;2246.3719999992463;2246.3719999992463;eev,integrated,separated,ws;lintim;Mumford0;Mumford0;True;False;1e-05;12000;1;2;20;1000;500;-5;50;0.75;2;50;50;10;10;16;0.0368;1409;1409
14050803;410;g_000;1;1;30;line_consecutive;0.5;1410;14;4;10-15;7;121802.984;121802.98400001715;121802.984;121802.984;1.7156708054244518e-08;-1.7156708054244518e-08;-1.7156708054244518e-08;eev,integrated,separated,ws;lintim;Mumford0;Mumford0;True;False;1e-05;12000;1;2;20;1000;500;-5;50;0.75;2;50;50;10;10;16;0.0368;1410;1410
14050803;411;g_000;1;1;30;line_consecutive;0.5;1411;14;5;2-4;2;109541.208;111215.52;113034.304;113034.304;1674.3120000000054;1818.784;1818.784;eev,integrated,separated,ws;lintim;Mumford0;Mumford0;True;False;1e-05;12000;1;2;20;1000;500;-5;50;0.75;2;50;50;10;10;16;0.0368;1411;1411
14050803;412;g_000;1;1;30;line_consecutive;0.5;1412;14;6;19-23;11;109026.072;111402.248;115236.688;115236.688;2376.1760000000068;3834.439999999988;3834.439999999988;eev,integrated,separated,ws;lintim;Mumford0;Mumford0;True;False;1e-05;12000;1;2;20;1000;500;-5;50;0.75;2;50;50;10;10;16;0.0368;1412;1412
14050803;413;g_000;1;1;30;line_consecutive;0.5;1413;14;7;17-29;3;127540.142;127540.14199999462;127540.142;127540.142;-5.384208634495735e-09;5.384208634495735e-09;5.384208634495735e-09;eev,integrated,separated,ws;lintim;Mumford0;Mumford0;True;False;1e-05;12000;1;2;20;1000;500;-5;50;0.75;2;50;50;10;10;16;0.0368;1413;1413
14050803;414;g_000;1;1;30;line_consecutive;0.5;1414;14;8;5-8;6;111380.89199996552;112070.17999999828;116706.06399994402;116706.06399994402;689.2880000327568;4635.883999945741;4635.883999945741;eev,integrated,separated,ws;lintim;Mumford0;Mumford0;True;False;1e-05;12000;1;2;20;1000;500;-5;50;0.75;2;50;50;10;10;16;0.0368;1414;1414
14050803;415;g_000;1;1;30;line_consecutive;0.5;1415;14;9;15-21;7;118901.304;118901.304;118901.304;118901.304;0.0;0.0;0.0;eev,integrated,separated,ws;lintim;Mumford0;Mumford0;True;False;1e-05;12000;1;2;20;1000;500;-5;50;0.75;2;50;50;10;10;16;0.0368;1415;1415
14050803;416;g_000;1;1;30;line_consecutive;0.5;1416;14;10;9-27;9;105133.536;105133.53600000008;105133.536;105133.536;8.731149137020111e-11;-8.731149137020111e-11;-8.731149137020111e-11;eev,integrated,separated,ws;lintim;Mumford0;Mumford0;True;False;1e-05;12000;1;2;20;1000;500;-5;50;0.75;2;50;50;10;10;16;0.0368;1416;1416
14050803;417;g_000;1;1;30;line_consecutive;0.5;1417;14;11;8-25;1;116230.208;116230.20799999998;116230.208;116230.208;-1.4551915228366852e-11;1.4551915228366852e-11;1.4551915228366852e-11;eev,integrated,separated,ws;lintim;Mumford0;Mumford0;True;False;1e-05;12000;1;2;20;1000;500;-5;50;0.75;2;50;50;10;10;16;0.0368;1417;1417
14050803;418;g_000;1;1;30;line_consecutive;0.5;1418;14;12;28-30;3;123016.6319998978;123016.632;123016.632;123016.632;1.021981006488204e-07;0.0;0.0;eev,integrated,separated,ws;lintim;Mumford0;Mumford0;True;False;1e-05;12000;1;2;20;1000;500;-5;50;0.75;2;50;50;10;10;16;0.0368;1418;1418
14050803;419;g_000;1;1;30;line_consecutive;0.5;1419;14;13;1-23;2;109395.22799999996;111036.4159999984;112811.036;112811.036;1641.1879999984376;1774.620000001596;1774.620000001596;eev,integrated,separated,ws;lintim;Mumford0;Mumford0;True;False;1e-05;12000;1;2;20;1000;500;-5;50;0.75;2;50;50;10;10;16;0.0368;1419;1419
14050803;420;g_000;1;1;30;line_consecutive;0.5;1420;14;14;8-11;1;121088.432;121088.432;121088.432;121088.432;0.0;0.0;0.0;eev,integrated,separated,ws;lintim;Mumford0;Mumford0;True;False;1e-05;12000;1;2;20;1000;500;-5;50;0.75;2;50;50;10;10;16;0.0368;1420;1420
14050803;421;g_000;1;1;30;line_consecutive;0.5;1421;14;15;12-18;2,11;175547.862;183509.18;207013.144;192178.72800000003;7961.317999999999;23503.964000000007;8669.548000000039;eev,integrated,separated,ws;lintim;Mumford0;Mumford0;True;False;1e-05;12000;1;2;20;1000;500;-5;50;0.75;2;50;50;10;10;16;0.0368;1421;1421
14050803;422;g_000;1;1;30;line_consecutive;0.5;1422;14;16;8-17;10;114045.95200000002;117420.59200000002;127744.64;127744.64;3374.6399999999994;10324.04799999998;10324.04799999998;eev,integrated,separated,ws;lintim;Mumford0;Mumford0;True;False;1e-05;12000;1;2;20;1000;500;-5;50;0.75;2;50;50;10;10;16;0.0368;1422;1422
14050803;423;g_000;1;1;30;line_consecutive;0.5;1423;14;17;1-13;3;118710.576;118710.576;118710.576;118710.576;0.0;0.0;0.0;eev,integrated,separated,ws;lintim;Mumford0;Mumford0;True;False;1e-05;12000;1;2;20;1000;500;-5;50;0.75;2;50;50;10;10;16;0.0368;1423;1423
14050803;424;g_000;1;1;30;line_consecutive;0.5;1424;14;18;2-25;1;116003.44400000002;116003.444;116003.444;116003.444;-1.4551915228366852e-11;0.0;0.0;eev,integrated,separated,ws;lintim;Mumford0;Mumford0;True;False;1e-05;12000;1;2;20;1000;500;-5;50;0.75;2;50;50;10;10;16;0.0368;1424;1424
14050803;425;g_000;1;1;30;line_consecutive;0.5;1425;14;19;21-24;12;105133.536;105133.536;105133.536;105133.536;0.0;0.0;0.0;eev,integrated,separated,ws;lintim;Mumford0;Mumford0;True;False;1e-05;12000;1;2;20;1000;500;-5;50;0.75;2;50;50;10;10;16;0.0368;1425;1425
14050803;426;g_000;1;1;30;line_consecutive;0.5;1426;14;20;2-15;10;114016.35400000002;117390.99356091113;127147.554;127147.554;3374.639560911106;9756.560439088877;9756.560439088877;eev,integrated,separated,ws;lintim;Mumford0;Mumford0;True;False;1e-05;12000;1;2;20;1000;500;-5;50;0.75;2;50;50;10;10;16;0.0368;1426;1426
14050803;427;g_000;1;1;30;line_consecutive;0.5;1427;14;21;11-22;1;117326.144;117326.144;117326.144;117326.144;0.0;0.0;0.0;eev,integrated,separated,ws;lintim;Mumford0;Mumford0;True;False;1e-05;12000;1;2;20;1000;500;-5;50;0.75;2;50;50;10;10;16;0.0368;1427;1427
14050803;428;g_000;1;1;30;line_consecutive;0.5;1428;14;22;19-20;4;111627.52000000002;113764.00399999612;113966.416;113966.416;2136.483999996097;202.412000003882;202.412000003882;eev,integrated,separated,ws;lintim;Mumford0;Mumford0;True;False;1e-05;12000;1;2;20;1000;500;-5;50;0.75;2;50;50;10;10;16;0.0368;1428;1428
14050803;429;g_000;1;1;30;line_consecutive;0.5;1429;14;23;7-17;10;115233.16800000002;118607.808;139205.856;139205.856;3374.639999999985;20598.047999999995;20598.047999999995;eev,integrated,separated,ws;lintim;Mumford0;Mumford0;True;False;1e-05;12000;1;2;20;1000;500;-5;50;0.75;2;50;50;10;10;16;0.0368;1429;1429
14050803;430;g_000;1;1;30;line_consecutive;0.5;1430;14;24;6-16;8;105133.536;105133.53600000002;105133.536;105133.536;2.9103830456733704e-11;-2.9103830456733704e-11;-2.9103830456733704e-11;eev,integrated,separated,ws;lintim;Mumford0;Mumford0;True;False;1e-05;12000;1;2;20;1000;500;-5;50;0.75;2;50;50;10;10;16;0.0368;1430;1430
14050803;431;g_000;1;1;30;line_consecutive;0.5;1431;14;25;15-24;5;122118.824;122118.82393711193;122118.824;122118.824;-6.288806616794318e-05;6.288806616794318e-05;6.288806616794318e-05;eev,integrated,separated,ws;lintim;Mumford0;Mumford0;True;False;1e-05;12000;1;2;20;1000;500;-5;50;0.75;2;50;50;10;10;16;0.0368;1431;1431
14050803;432;g_000;1;1;30;line_consecutive;0.5;1432;14;26;17-28;3;121385.86399959517;121385.864;121385.864;121385.864;4.048342816531658e-07;0.0;0.0;eev,integrated,separated,ws;lintim;Mumford0;Mumford0;True;False;1e-05;12000;1;2;20;1000;500;-5;50;0.75;2;50;50;10;10;16;0.0368;1432;1432
14050803;433;g_000;1;1;30;line_consecutive;0.5;1433;14;27;1-14;2;112850.6;114535.47999999968;124693.536;124693.536;1684.87999999967;10158.056000000315;10158.056000000315;eev,integrated,separated,ws;lintim;Mumford0;Mumford0;True;False;1e-05;12000;1;2;20;1000;500;-5;50;0.75;2;50;50;10;10;16;0.0368;1433;1433
14050803;434;g_000;1;1;30;line_consecutive;0.5;1434;14;28;8-15;10;114078.176;117452.816;127338.168;127338.168;3374.6399999999994;9885.352;9885.352;eev,integrated,separated,ws;lintim;Mumford0;Mumford0;True;False;1e-05;12000;1;2;20;1000;500;-5;50;0.75;2;50;50;10;10;16;0.0368;1434;1434
14050803;435;g_000;1;1;30;line_consecutive;0.5;1435;14;29;9-13;3;121850.80800000002;121850.8072983648;121850.808;121850.808;-0.0007016352174105;0.0007016352028585;0.0007016352028585;eev,integrated,separated,ws;lintim;Mumford0;Mumford0;True;False;1e-05;12000;1;2;20;1000;500;-5;50;0.75;2;50;50;10;10;16;0.0368;1435;1435
14050803;436;g_000;2;1;30;line_consecutive;0.5;1436;15;0;2-25,8-25;1;155701.65;155701.6498980401;155701.65;155701.65;-0.0001019598857965;0.0001019598857965;0.0001019598857965;eev,integrated,separated,ws;lintim;Mumford0;Mumford0;True;False;1e-05;12000;1;2;20;1000;500;-5;50;0.75;2;50;50;10;10;16;0.0368;1436;1436
14050803;437;g_000;2;1;30;line_consecutive;0.5;1437;15;1;8-11,8-25;1;132203.432;132203.43199999997;132203.432;132203.432;-2.9103830456733704e-11;2.9103830456733704e-11;2.9103830456733704e-11;eev,integrated,separated,ws;lintim;Mumford0;Mumford0;True;False;1e-05;12000;1;2;20;1000;500;-5;50;0.75;2;50;50;10;10;16;0.0368;1437;1437
14050803;438;g_000;2;1;30;line_consecutive;0.5;1438;15;2;8-11,11-22;1;155802.616;155802.616;155802.616;155802.616;0.0;0.0;0.0;eev,integrated,separated,ws;lintim;Mumford0;Mumford0;True;False;1e-05;12000;1;2;20;1000;500;-5;50;0.75;2;50;50;10;10;16;0.0368;1438;1438
14050803;439;g_000;2;1;30;line_consecutive;0.5;1439;15;3;2-4,4-12;2;129973.14;131658.01999999906;146574.236;146574.236;1684.8799999990588;14916.216000000946;14916.216000000946;eev,integrated,separated,ws;lintim;Mumford0;Mumford0;True;False;1e-05;12000;1;2;20;1000;500;-5;50;0.75;2;50;50;10;10;16;0.0368;1439;1439
14050803;440;g_000;2;1;30;line_consecutive;0.5;1440;15;4;4-12,12-18;2;199618.01;207545.6199999999;250908.816;226170.98400000003;7927.609999999899;43363.19600000008;18625.36400000012;eev,integrated,separated,ws;lintim;Mumford0;Mumford0;True;False;1e-05;12000;1;2;20;1000;500;-5;50;0.75;2;50;50;10;10;16;0.0368;1440;1440
14050803;441;g_000;2;1;30;line_consecutive;0.5;1441;15;5;12-18,18-23;2,11;175547.862;183509.18;207013.144;192178.72800000003;7961.317999999999;23503.964000000007;8669.548000000039;eev,integrated,separated,ws;lintim;Mumford0;Mumford0;True;False;1e-05;12000;1;2;20;1000;500;-5;50;0.75;2;50;50;10;10;16;0.0368;1441;1441
14050803;442;g_000;2;1;30;line_consecutive;0.5;1442;15;6;1-23,18-23;2;125442.85466663938;130574.6079999907;142283.716;134602.24000000002;5131.753333351313;11709.108000009292;4027.6320000093256;eev,integrated,separated,ws;lintim;Mumford0;Mumford0;True;False;1e-05;12000;1;2;20;1000;500;-5;50;0.75;2;50;50;10;10;16;0.0368;1442;1442
14050803;443;g_000;2;1;30;line_consecutive;0.5;1443;15;7;1-14,1-23;2;117570.388;120111.09599999992;141273.07799999998;141273.07799999998;2540.7079999999114;21161.98200000006;21161.98200000006;eev,integrated,separated,ws;lintim;Mumford0;Mumford0;True;False;1e-05;12000;1;2;20;1000;500;-5;50;0.75;2;50;50;10;10;16;0.0368;1443;1443
14050803;444;g_000;2;1;30;line_consecutive;0.5;1444;15;8;1-13,9-13;3;178286.80599999998;178286.80599999998;178286.80599999998;178286.80599999998;0.0;0.0;0.0;eev,integrated,separated,ws;lintim;Mumford0;Mumford0;True;False;1e-05;12000;1;2;20;1000;500;-5;50;0.75;2;50;50;10;10;16;0.0368;1444;1444
14050803;445;g_000;2;1;30;line_consecutive;0.5;1445;15;9;1-13,1-29;3;131614.44;131614.44;131614.44;131614.44;0.0;0.0;0.0;eev,integrated,separated,ws;lintim;Mumford0;Mumford0;True;False;1e-05;12000;1;2;20;1000;500;-5;50;0.75;2;50;50;10;10;16;0.0368;1445;1445
14050803;446;g_000;2;1;30;line_consecutive;0.5;1446;15;10;1-29,17-29;3;145681.62000033786;145681.61999999385;145681.62;145681.62;-3.440072759985924e-07;6.1409082263708115e-09;6.1409082263708115e-09;eev,integrated,separated,ws;lintim;Mumford0;Mumford0;True;False;1e-05;12000;1;2;20;1000;500;-5;50;0.75;2;50;50;10;10;16;0.0368;1446;1446
14050803;447;g_000;2;1;30;line_consecutive;0.5;1447;15;11;17-28,17-29;3;129724.61000000002;129724.61;129724.61;129724.61;-1.4551915228366852e-11;0.0;0.0;eev,integrated,separated,ws;lintim;Mumford0;Mumford0;True;False;1e-05;12000;1;2;20;1000;500;-5;50;0.75;2;50;50;10;10;16;0.0368;1447;1447
14050803;448;g_000;2;1;30;line_consecutive;0.5;1448;15;12;17-28,28-30;3;146715.78399984186;146715.7837478512;146715.784;146715.784;-0.0002519906556699;0.0002521488058846;0.0002521488058846;eev,integrated,separated,ws;lintim;Mumford0;Mumford0;True;False;1e-05;12000;1;2;20;1000;500;-5;50;0.75;2;50;50;10;10;16;0.0368;1448;1448
14050803;449;g_000;2;1;30;line_consecutive;0.5;1449;15;13;6-7,7-14;4;136116.364;142438.54399999624;170222.69199990208;164091.59399999998;6322.179999996239;27784.14799990584;21653.050000003743;eev,integrated,separated,ws;lintim;Mumford0;Mumford0;True;False;1e-05;12000;1;2;20;1000;500;-5;50;0.75;2;50;50;10;10;16;0.0368;1449;1449
14050803;450;g_000;2;1;30;line_consecutive;0.5;1450;15;14;7-14,14-19;4;121548.524;123685.00800000064;133539.624;133539.624;2136.484000000637;9854.615999999369;9854.615999999369;eev,integrated,separated,ws;lintim;Mumford0;Mumford0;True;False;1e-05;12000;1;2;20;1000;500;-5;50;0.75;2;50;50;10;10;16;0.0368;1450;1450
14050803;451;g_000;2;1;30;line_consecutive;0.5;1451;15;15;14-19,19-20;4;117627.51999999987;119764.004;125714.284;125714.284;2136.484000000128;5950.279999999999;5950.279999999999;eev,integrated,separated,ws;lintim;Mumford0;Mumford0;True;False;1e-05;12000;1;2;20;1000;500;-5;50;0.75;2;50;50;10;10;16;0.0368;1451;1451
14050803;452;g_000;2;1;30;line_consecutive;0.5;1452;15;16;12-15,15-24;5;136230.64;141237.88003028173;168079.3119999987;152041.73200000002;5007.240030281711;26841.43196971697;10803.851969718293;eev,integrated,separated,ws;lintim;Mumford0;Mumford0;True;False;1e-05;12000;1;2;20;1000;500;-5;50;0.75;2;50;50;10;10;16;0.0368;1452;1452
14050803;453;g_000;2;1;30;line_consecutive;0.5;1453;15;17;12-15,12-26;5;138330.192;144682.05;171699.292;155736.6259999994;6351.857999999978;27017.242;11054.57599999942;eev,integrated,separated,ws;lintim;Mumford0;Mumford0;True;False;1e-05;12000;1;2;20;1000;500;-5;50;0.75;2;50;50;10;10;16;0.0368;1453;1453
14050803;454;g_000;2;1;30;line_consecutive;0.5;1454;15;18;3-8,5-8;6;119140.136;120294.84;132260.908;132260.908;1154.703999999998;11966.068;11966.068;eev,integrated,separated,ws;lintim;Mumford0;Mumford0;True;False;1e-05;12000;1;2;20;1000;500;-5;50;0.75;2;50;50;10;10;16;0.0368;1454;1454
14050803;455;g_000;2;1;30;line_consecutive;0.5;1455;15;19;10-15,15-21;7;130313.94400000002;131128.96;131308.13199999998;131308.13199999998;815.0159999999742;179.1719999999914;179.1719999999914;eev,integrated,separated,ws;lintim;Mumford0;Mumford0;True;False;1e-05;12000;1;2;20;1000;500;-5;50;0.75;2;50;50;10;10;16;0.0368;1455;1455
14050803;456;g_000;2;1;30;line_consecutive;0.5;1456;15;20;2-15,8-15;10;118997.948;122668.38000000003;146321.67200000002;146321.67200000002;3670.43200000003;23653.291999999987;23653.291999999987;eev,integrated,separated,ws;lintim;Mumford0;Mumford0;True;False;1e-05;12000;1;2;20;1000;500;-5;50;0.75;2;50;50;10;10;16;0.0368;1456;1456
14050803;457;g_000;2;1;30;line_consecutive;0.5;1457;15;21;8-15,8-17;10;119615.95200000002;122990.59200000003;149948.912;149948.912;3374.640000000014;26958.319999999974;26958.319999999974;eev,integrated,separated,ws;lintim;Mumford0;Mumford0;True;False;1e-05;12000;1;2;20;1000;500;-5;50;0.75;2;50;50;10;10;16;0.0368;1457;1457
14050803;458;g_000;2;1;30;line_consecutive;0.5;1458;15;22;7-17,8-17;10;118740.94400000002;122115.584;152344.588;152344.588;3374.639999999985;30229.003999999983;30229.003999999983;eev,integrated,separated,ws;lintim;Mumford0;Mumford0;True;False;1e-05;12000;1;2;20;1000;500;-5;50;0.75;2;50;50;10;10;16;0.0368;1458;1458
14050803;459;g_000;2;1;30;line_consecutive;0.5;1459;15;23;6-7,7-17;10;127726.662;134438.504;164429.988;153299.702;6711.84199999999;29991.484000000022;18861.198000000004;eev,integrated,separated,ws;lintim;Mumford0;Mumford0;True;False;1e-05;12000;1;2;20;1000;500;-5;50;0.75;2;50;50;10;10;16;0.0368;1459;1459
14050803;460;g_000;2;1;30;line_consecutive;0.5;1460;15;24;12-15,12-18;11;164189.616000003;176686.68800003294;209227.62;186881.844;12497.072000029932;32540.93199996705;10195.155999967072;eev,integrated,separated,ws;lintim;Mumford0;Mumford0;True;False;1e-05;12000;1;2;20;1000;500;-5;50;0.75;2;50;50;10;10;16;0.0368;1460;1460
14050803;461;g_000;2;1;30;line_consecutive;0.5;1461;15;25;18-23,19-23;11;138853.09;143204.098;149455.234;143966.17400000003;4351.008000000002;6251.135999999999;762.07600000003;eev,integrated,separated,ws;lintim;Mumford0;Mumford0;True;False;1e-05;12000;1;2;20;1000;500;-5;50;0.75;2;50;50;10;10;16;0.0368;1461;1461
14050803;462;g_000;2;1;30;line_consecutive;0.5;1462;15;26;3-8,8-21;12;114065.07600000004;114754.36388974587;121861.632;121861.632;689.2878897458286;7107.268110254125;7107.268110254125;eev,integrated,separated,ws;lintim;Mumford0;Mumford0;True;False;1e-05;12000;1;2;20;1000;500;-5;50;0.75;2;50;50;10;10;16;0.0368;1462;1462
14050803;463;g_000;2;1;30;line_consecutive;0.5;1463;15;27;8-21,21-24;12;105133.53600000002;105133.53590490916;105133.536;105133.536;-9.509085793979466e-05;9.50908288359642e-05;9.50908288359642e-05;eev,integrated,separated,ws;lintim;Mumford0;Mumford0;True;False;1e-05;12000;1;2;20;1000;500;-5;50;0.75;2;50;50;10;10;16;0.0368;1463;1463
14050803;464;g_000;1;1;30;line_consecutive;0.5;1464;16;0;1-23;2;131895.22800000003;133580.1079999985;180311.036;180311.036;1684.8799999984622;46730.9280000015;46730.9280000015;eev,integrated,separated,ws;lintim;Mumford0;Mumford0;True;False;1e-05;12000;1;2;20;1000;5000;-5;50;0.75;2;50;50;10;10;16;0.0368;1464;1464
14050803;465;g_000;1;1;30;line_consecutive;0.5;1465;16;1;28-30;3;240352.4499999024;253936.1360000154;253936.136;253936.136;13583.686000113026;-1.5395926311612133e-08;-1.5395926311612133e-08;eev,integrated,separated,ws;lintim;Mumford0;Mumford0;True;False;1e-05;12000;1;2;20;1000;5000;-5;50;0.75;2;50;50;10;10;16;0.0368;1465;1465
14050803;466;g_000;1;1;30;line_consecutive;0.5;1466;16;2;7-14;4;145054.6;149670.021999999;172245.76;172245.76;4615.421999999002;22575.738000001;22575.738000001;eev,integrated,separated,ws;lintim;Mumford0;Mumford0;True;False;1e-05;12000;1;2;20;1000;5000;-5;50;0.75;2;50;50;10;10;16;0.0368;1466;1466
14050803;467;g_000;1;1;30;line_consecutive;0.5;1467;16;3;1-14;2;138716.828;149614.719999961;231234.152;231234.152;10897.891999960992;81619.432000039;81619.432000039;eev,integrated,separated,ws;lintim;Mumford0;Mumford0;True;False;1e-05;12000;1;2;20;1000;5000;-5;50;0.75;2;50;50;10;10;16;0.0368;1467;1467
14050803;468;g_000;1;1;30;line_consecutive;0.5;1468;16;4;17-29;3;260839.17600025155;274435.72799999546;274435.728;274435.728;13596.551999743911;4.540197551250458e-09;4.540197551250458e-09;eev,integrated,separated,ws;lintim;Mumford0;Mumford0;True;False;1e-05;12000;1;2;20;1000;5000;-5;50;0.75;2;50;50;10;10;16;0.0368;1468;1468
14050803;469;g_000;1;1;30;line_consecutive;0.5;1469;16;5;3-8;6,12;119140.136;126170.768;138136.836;138136.836;7030.631999999998;11966.068000000014;11966.068000000014;eev,integrated,separated,ws;lintim;Mumford0;Mumford0;True;False;1e-05;12000;1;2;20;1000;5000;-5;50;0.75;2;50;50;10;10;16;0.0368;1469;1469
14050803;470;g_000;1;1;30;line_consecutive;0.5;1470;16;6;8-21;12;105133.536;105133.536;105133.536;105133.536;0.0;0.0;0.0;eev,integrated,separated,ws;lintim;Mumford0;Mumford0;True;False;1e-05;12000;1;2;20;1000;5000;-5;50;0.75;2;50;50;10;10;16;0.0368;1470;1470
14050803;471;g_000;1;1;30;line_consecutive;0.5;1471;16;7;9-13;3;204959.21799822804;219407.428;231081.622;231081.622;14448.21000177198;11674.193999999989;11674.193999999989;eev,integrated,separated,ws;lintim;Mumford0;Mumford0;True;False;1e-05;12000;1;2;20;1000;5000;-5;50;0.75;2;50;50;10;10;16;0.0368;1471;1471
14050803;472;g_000;1;1;30;line_consecutive;0.5;1472;16;8;15-21;7;194781.148;198679.024;198679.024;198679.024;3897.8760000000175;0.0;0.0;eev,integrated,separated,ws;lintim;Mumford0;Mumford0;True;False;1e-05;12000;1;2;20;1000;5000;-5;50;0.75;2;50;50;10;10;16;0.0368;1472;1472
14050803;473;g_000;1;1;30;line_consecutive;0.5;1473;16;9;11-22;1;185681.372;191385.24;197025.24;197025.24;5703.867999999988;5640.0;5640.0;eev,integrated,separated,ws;lintim;Mumford0;Mumford0;True;False;1e-05;12000;1;2;20;1000;5000;-5;50;0.75;2;50;50;10;10;16;0.0368;1473;1473
14050803;474;g_000;1;1;30;line_consecutive;0.5;1474;16;10;15-24;5;179711.834;188934.1460000036;207715.236;207715.236;9222.312000003556;18781.08999999645;18781.08999999645;eev,integrated,separated,ws;lintim;Mumford0;Mumford0;True;False;1e-05;12000;1;2;20;1000;5000;-5;50;0.75;2;50;50;10;10;16;0.0368;1474;1474
14050803;475;g_000;1;1;30;line_consecutive;0.5;1475;16;11;12-15;5,11;184580.944;197928.4319999932;314020.26800000004;245892.72800000003;13347.487999993202;116091.83600000684;47964.29600000684;eev,integrated,separated,ws;lintim;Mumford0;Mumford0;True;False;1e-05;12000;1;2;20;1000;5000;-5;50;0.75;2;50;50;10;10;16;0.0368;1475;1475
14050803;476;g_000;1;1;30;line_consecutive;0.5;1476;16;12;1-29;3;243448.572;257039.28039115027;257039.28;257039.28;13590.708391150283;-0.0003911502717528;-0.0003911502717528;eev,integrated,separated,ws;lintim;Mumford0;Mumford0;True;False;1e-05;12000;1;2;20;1000;5000;-5;50;0.75;2;50;50;10;10;16;0.0368;1476;1476
14050803;477;g_000;1;1;30;line_consecutive;0.5;1477;16;13;14-19;4;145054.60000000038;149670.02200000326;172245.76;172245.76;4615.422000002873;22575.737999996752;22575.737999996752;eev,integrated,separated,ws;lintim;Mumford0;Mumford0;True;False;1e-05;12000;1;2;20;1000;5000;-5;50;0.75;2;50;50;10;10;16;0.0368;1477;1477
14050803;478;g_000;1;1;30;line_consecutive;0.5;1478;16;14;21-24;12;105133.536;105133.536;105133.536;105133.536;0.0;0.0;0.0;eev,integrated,separated,ws;lintim;Mumford0;Mumford0;True;False;1e-05;12000;1;2;20;1000;5000;-5;50;0.75;2;50;50;10;10;16;0.0368;1478;1478
14050803;479;g_000;1;1;30;line_consecutive;0.5;1479;16;15;12-18;2,11;250466.9220000548;266079.2640000004;410820.386;325766.594;15612.34199994558;144741.12199999962;59687.32999999961;eev,integrated,separated,ws;lintim;Mumford0;Mumford0;True;False;1e-05;12000;1;2;20;1000;5000;-5;50;0.75;2;50;50;10;10;16;0.0368;1479;1479
14050803;480;g_000;1;1;30;line_consecutive;0.5;1480;16;16;2-4;2;132041.208;133726.08800000243;180534.304;180534.304;1684.8800000024205;46808.21599999757;46808.21599999757;eev,integrated,separated,ws;lintim;Mumford0;Mumford0;True;False;1e-05;12000;1;2;20;1000;5000;-5;50;0.75;2;50;50;10;10;16;0.0368;1480;1480
14050803;481;g_000;1;1;30;line_consecutive;0.5;1481;16;17;8-15;10;121918.78000000004;138704.02399999998;278726.108;278726.108;16785.243999999933;140022.08400000003;140022.08400000003;eev,integrated,separated,ws;lintim;Mumford0;Mumford0;True;False;1e-05;12000;1;2;20;1000;5000;-5;50;0.75;2;50;50;10;10;16;0.0368;1481;1481
14050803;482;g_000;1;1;30;line_consecutive;0.5;1482;16;18;8-11;1;224831.64000000004;230456.2319999881;230456.232;230456.232;5624.5919999880425;1.1903466656804085e-08;1.1903466656804085e-08;eev,integrated,separated,ws;lintim;Mumford0;Mumford0;True;False;1e-05;12000;1;2;20;1000;5000;-5;50;0.75;2;50;50;10;10;16;0.0368;1482;1482
14050803;483;g_000;1;1;30;line_consecutive;0.5;1483;16;19;9-27;9;105133.536;105133.53600000002;105133.536;105133.536;2.9103830456733704e-11;-2.9103830456733704e-11;-2.9103830456733704e-11;eev,integrated,separated,ws;lintim;Mumford0;Mumford0;True;False;1e-05;12000;1;2;20;1000;5000;-5;50;0.75;2;50;50;10;10;16;0.0368;1483;1483
14050803;484;g_000;1;1;30;line_consecutive;0.5;1484;16;20;5-8;6;119140.136;126170.768;138136.836;138136.836;7030.631999999998;11966.068000000014;11966.068000000014;eev,integrated,separated,ws;lintim;Mumford0;Mumford0;True;False;1e-05;12000;1;2;20;1000;5000;-5;50;0.75;2;50;50;10;10;16;0.0368;1484;1484
14050803;485;g_000;1;1;30;line_consecutive;0.5;1485;16;21;8-25;1;195454.7079993248;200958.93600000005;200958.936;200958.936;5504.228000675241;-5.820766091346741e-11;-5.820766091346741e-11;eev,integrated,separated,ws;lintim;Mumford0;Mumford0;True;False;1e-05;12000;1;2;20;1000;5000;-5;50;0.75;2;50;50;10;10;16;0.0368;1485;1485
14050803;486;g_000;1;1;30;line_consecutive;0.5;1486;16;22;19-23;11;109026.072;112918.60799999988;198559.366;198559.366;3892.535999999877;85640.75800000013;85640.75800000013;eev,integrated,separated,ws;lintim;Mumford0;Mumford0;True;False;1e-05;12000;1;2;20;1000;5000;-5;50;0.75;2;50;50;10;10;16;0.0368;1486;1486
14050803;487;g_000;1;1;30;line_consecutive;0.5;1487;16;23;1-13;3;220074.49200039936;233723.738;233723.738;233723.738;13649.245999600653;0.0;0.0;eev,integrated,separated,ws;lintim;Mumford0;Mumford0;True;False;1e-05;12000;1;2;20;1000;5000;-5;50;0.75;2;50;50;10;10;16;0.0368;1487;1487
14050803;488;g_000;1;1;30;line_consecutive;0.5;1488;16;24;12-26;5;179711.834;188934.146;207715.236;207715.236;9222.312000000004;18781.09;18781.09;eev,integrated,separated,ws;lintim;Mumford0;Mumford0;True;False;1e-05;12000;1;2;20;1000;5000;-5;50;0.75;2;50;50;10;10;16;0.0368;1488;1488
14050803;489;g_000;1;1;30;line_consecutive;0.5;1489;16;25;17-28;3;238643.1100002541;252231.274;252231.274;252231.274;13588.163999745884;0.0;0.0;eev,integrated,separated,ws;lintim;Mumford0;Mumford0;True;False;1e-05;12000;1;2;20;1000;5000;-5;50;0.75;2;50;50;10;10;16;0.0368;1489;1489
14050803;490;g_000;1;1;30;line_consecutive;0.5;1490;16;26;7-17;10;121918.78;138704.02399999925;269002.818;269002.818;16785.24399999925;130298.79400000078;130298.79400000078;eev,integrated,separated,ws;lintim;Mumford0;Mumford0;True;False;1e-05;12000;1;2;20;1000;5000;-5;50;0.75;2;50;50;10;10;16;0.0368;1490;1490
14050803;491;g_000;1;1;30;line_consecutive;0.5;1491;16;27;2-15;10;121918.7800001667;138704.02387970244;278664.862;278664.862;16785.24387953573;139960.8381202976;139960.8381202976;eev,integrated,separated,ws;lintim;Mumford0;Mumford0;True;False;1e-05;12000;1;2;20;1000;5000;-5;50;0.75;2;50;50;10;10;16;0.0368;1491;1491
14050803;492;g_000;1;1;30;line_consecutive;0.5;1492;16;28;6-7;4,10;208204.314;216740.96999997803;332339.00199999986;308159.252;8536.655999978015;115598.03200002183;91418.28200002197;eev,integrated,separated,ws;lintim;Mumford0;Mumford0;True;False;1e-05;12000;1;2;20;1000;5000;-5;50;0.75;2;50;50;10;10;16;0.0368;1492;1492
14050803;493;g_000;1;1;30;line_consecutive;0.5;1493;16;29;10-15;7;204703.38000000003;208601.2560000335;208601.256;208601.256;3897.8760000334582;-3.349850885570049e-08;-3.349850885570049e-08;eev,integrated,separated,ws;lintim;Mumford0;Mumford0;True;False;1e-05;12000;1;2;20;1000;5000;-5;50;0.75;2;50;50;10;10;16;0.0368;1493;1493
14050803;494;g_000;2;1;30;line_consecutive;0.5;1494;17;0;2-25,8-25;1;233526.82600000003;239079.41385097185;239079.414;239079.414;5552.587850971817;0.0001490281429141;0.0001490281429141;eev,integrated,separated,ws;lintim;Mumford0;Mumford0;True;False;1e-05;12000;1;2;20;1000;5000;-5;50;0.75;2;50;50;10;10;16;0.0368;1494;1494
14050803;495;g_000;2;1;30;line_consecutive;0.5;1495;17;1;8-11,8-25;1;233526.82600000003;239079.414;239079.414;239079.414;5552.58799999996;0.0;0.0;eev,integrated,separated,ws;lintim;Mumford0;Mumford0;True;False;1e-05;12000;1;2;20;1000;5000;-5;50;0.75;2;50;50;10;10;16;0.0368;1495;1495
14050803;496;g_000;2;1;30;line_consecutive;0.5;1496;17;2;8-11,11-22;1;233526.826;239079.414;239079.414;239079.414;5552.587999999989;0.0;0.0;eev,integrated,separated,ws;lintim;Mumford0;Mumford0;True;False;1e-05;12000;1;2;20;1000;5000;-5;50;0.75;2;50;50;10;10;16;0.0368;1496;1496
14050803;497;g_000;2;1;30;line_consecutive;0.5;1497;17;3;2-4,4-12;2;138716.828;149614.72000000003;231234.152;231234.152;10897.892000000022;81619.43199999997;81619.43199999997;eev,integrated,separated,ws;lintim;Mumford0;Mumford0;True;False;1e-05;12000;1;2;20;1000;5000;-5;50;0.75;2;50;50;10;10;16;0.0368;1497;1497
14050803;498;g_000;2;1;30;line_consecutive;0.5;1498;17;4;4-12,12-18;2;250466.92049093544;266079.2640000001;410820.38600000006;325766.594;15612.343509064638;144741.12199999997;59687.3299999999;eev,integrated,separated,ws;lintim;Mumford0;Mumford0;True;False;1e-05;12000;1;2;20;1000;5000;-5;50;0.75;2;50;50;10;10;16;0.0368;1498;1498
14050803;499;g_000;2;1;30;line_consecutive;0.5;1499;17;5;12-18,18-23;2,11;250466.9220000548;266079.2640000004;410820.386;325766.594;15612.34199994558;144741.12199999962;59687.32999999961;eev,integrated,separated,ws;lintim;Mumford0;Mumford0;True;False;1e-05;12000;1;2;20;1000;5000;-5;50;0.75;2;50;50;10;10;16;0.0368;1499;1499
14050803;500;g_000;2;1;30;line_consecutive;0.5;1500;17;6;1-23,18-23;2;200938.344;217600.683999984;354182.40599999746;279939.004;16662.33999998396;136581.72200001348;62338.32000001604;eev,integrated,separated,ws;lintim;Mumford0;Mumford0;True;False;1e-05;12000;1;2;20;1000;5000;-5;50;0.75;2;50;50;10;10;16;0.0368;1500;1500
14050803;501;g_000;2;1;30;line_consecutive;0.5;1501;17;7;1-14,1-23;2;138716.828;149614.71999999997;231234.152;231234.152;10897.891999999963;81619.43200000003;81619.43200000003;eev,integrated,separated,ws;lintim;Mumford0;Mumford0;True;False;1e-05;12000;1;2;20;1000;5000;-5;50;0.75;2;50;50;10;10;16;0.0368;1501;1501
14050803;502;g_000;2;1;30;line_consecutive;0.5;1502;17;8;1-13,9-13;3;281366.080017155;295001.352;295001.352;295001.352;13635.271982845035;0.0;0.0;eev,integrated,separated,ws;lintim;Mumford0;Mumford0;True;False;1e-05;12000;1;2;20;1000;5000;-5;50;0.75;2;50;50;10;10;16;0.0368;1502;1502
14050803;503;g_000;2;1;30;line_consecutive;0.5;1503;17;9;1-13,1-29;3;273607.764;287228.182;287228.18200000003;287228.18200000003;13620.417999999949;5.820766091346741e-11;5.820766091346741e-11;eev,integrated,separated,ws;lintim;Mumford0;Mumford0;True;False;1e-05;12000;1;2;20;1000;5000;-5;50;0.75;2;50;50;10;10;16;0.0368;1503;1503
14050803;504;g_000;2;1;30;line_consecutive;0.5;1504;17;10;1-29,17-29;3;305535.614;319151.1039999916;319151.104;319151.104;13615.489999991609;8.381903171539307e-09;8.381903171539307e-09;eev,integrated,separated,ws;lintim;Mumford0;Mumford0;True;False;1e-05;12000;1;2;20;1000;5000;-5;50;0.75;2;50;50;10;10;16;0.0368;1504;1504
14050803;505;g_000;2;1;30;line_consecutive;0.5;1505;17;11;17-28,17-29;3;268325.6100004432;281922.162;281922.162;281922.162;13596.551999556832;0.0;0.0;eev,integrated,separated,ws;lintim;Mumford0;Mumford0;True;False;1e-05;12000;1;2;20;1000;5000;-5;50;0.75;2;50;50;10;10;16;0.0368;1505;1505
14050803;506;g_000;2;1;30;line_consecutive;0.5;1506;17;12;17-28,28-30;3;281487.8900001825;295052.2440000197;295052.24399999995;295052.24399999995;13564.353999837183;-1.973239704966545e-08;-1.973239704966545e-08;eev,integrated,separated,ws;lintim;Mumford0;Mumford0;True;False;1e-05;12000;1;2;20;1000;5000;-5;50;0.75;2;50;50;10;10;16;0.0368;1506;1506
14050803;507;g_000;2;1;30;line_consecutive;0.5;1507;17;13;6-7,7-14;4;220782.77;228360.0460000144;339975.83599999995;315935.3559999999;7577.276000014419;111615.78999998554;87575.3099999855;eev,integrated,separated,ws;lintim;Mumford0;Mumford0;True;False;1e-05;12000;1;2;20;1000;5000;-5;50;0.75;2;50;50;10;10;16;0.0368;1507;1507
14050803;508;g_000;2;1;30;line_consecutive;0.5;1508;17;14;7-14,14-19;4;145054.6;149670.021999999;172245.76;172245.76;4615.421999999002;22575.738000001;22575.738000001;eev,integrated,separated,ws;lintim;Mumford0;Mumford0;True;False;1e-05;12000;1;2;20;1000;5000;-5;50;0.75;2;50;50;10;10;16;0.0368;1508;1508
14050803;509;g_000;2;1;30;line_consecutive;0.5;1509;17;15;14-19,19-20;4;145054.59999964098;149670.022;172245.76;172245.76;4615.422000359016;22575.73800000001;22575.73800000001;eev,integrated,separated,ws;lintim;Mumford0;Mumford0;True;False;1e-05;12000;1;2;20;1000;5000;-5;50;0.75;2;50;50;10;10;16;0.0368;1509;1509
14050803;510;g_000;2;1;30;line_consecutive;0.5;1510;17;16;12-15,15-24;5;184580.9440001557;197928.432;314020.268;245892.72793404447;13347.487999844278;116091.83599999998;47964.29593404452;eev,integrated,separated,ws;lintim;Mumford0;Mumford0;True;False;1e-05;12000;1;2;20;1000;5000;-5;50;0.75;2;50;50;10;10;16;0.0368;1510;1510
14050803;511;g_000;2;1;30;line_consecutive;0.5;1511;17;17;12-15,12-26;5;184580.94400027025;197928.432;314020.268;245892.72778739207;13347.487999729754;116091.83599999998;47964.29578739207;eev,integrated,separated,ws;lintim;Mumford0;Mumford0;True;False;1e-05;12000;1;2;20;1000;5000;-5;50;0.75;2;50;50;10;10;16;0.0368;1511;1511
14050803;512;g_000;2;1;30;line_consecutive;0.5;1512;17;18;3-8,5-8;6;119140.136;126170.768;138136.836;138136.836;7030.631999999998;11966.068000000014;11966.068000000014;eev,integrated,separated,ws;lintim;Mumford0;Mumford0;True;False;1e-05;12000;1;2;20;1000;5000;-5;50;0.75;2;50;50;10;10;16;0.0368;1512;1512
14050803;513;g_000;2;1;30;line_consecutive;0.5;1513;17;19;10-15,15-21;7;206528.4399999915;211066.316;220840.864;220840.864;4537.876000008488;9774.54800000001;9774.54800000001;eev,integrated,separated,ws;lintim;Mumford0;Mumford0;True;False;1e-05;12000;1;2;20;1000;5000;-5;50;0.75;2;50;50;10;10;16;0.0368;1513;1513
14050803;514;g_000;2;1;30;line_consecutive;0.5;1514;17;20;2-15,8-15;10;121918.77999999996;138704.02399999992;292032.62;292032.62;16785.243999999962;153328.59600000008;153328.59600000008;eev,integrated,separated,ws;lintim;Mumford0;Mumford0;True;False;1e-05;12000;1;2;20;1000;5000;-5;50;0.75;2;50;50;10;10;16;0.0368;1514;1514
14050803;515;g_000;2;1;30;line_consecutive;0.5;1515;17;21;8-15,8-17;10;121918.78;138704.0240000202;292032.62000030454;292032.62000030454;16785.244000020204;153328.5960002843;153328.5960002843;eev,integrated,separated,ws;lintim;Mumford0;Mumford0;True;False;1e-05;12000;1;2;20;1000;5000;-5;50;0.75;2;50;50;10;10;16;0.0368;1515;1515
14050803;516;g_000;2;1;30;line_consecutive;0.5;1516;17;22;7-17,8-17;10;121918.78000000004;138704.02400000003;292032.62;292032.62;16785.24399999999;153328.59599999996;153328.59599999996;eev,integrated,separated,ws;lintim;Mumford0;Mumford0;True;False;1e-05;12000;1;2;20;1000;5000;-5;50;0.75;2;50;50;10;10;16;0.0368;1516;1516
14050803;517;g_000;2;1;30;line_consecutive;0.5;1517;17;23;6-7,7-17;10;208204.3139999441;216740.97;353953.546;326884.242;8536.656000055897;137212.57599999997;110143.27200000004;eev,integrated,separated,ws;lintim;Mumford0;Mumford0;True;False;1e-05;12000;1;2;20;1000;5000;-5;50;0.75;2;50;50;10;10;16;0.0368;1517;1517
14050803;518;g_000;2;1;30;line_consecutive;0.5;1518;17;24;12-15,12-18;11;335735.916;351002.3639999967;489090.62;419307.868;15266.447999996655;138088.2560000033;68305.50400000333;eev,integrated,separated,ws;lintim;Mumford0;Mumford0;True;False;1e-05;12000;1;2;20;1000;5000;-5;50;0.75;2;50;50;10;10;16;0.0368;1518;1518
14050803;519;g_000;2;1;30;line_consecutive;0.5;1519;17;25;18-23,19-23;11;200938.34400050784;217600.6839999761;354182.406;279939.004;16662.33999946827;136581.7220000239;62338.3200000239;eev,integrated,separated,ws;lintim;Mumford0;Mumford0;True;False;1e-05;12000;1;2;20;1000;5000;-5;50;0.75;2;50;50;10;10;16;0.0368;1519;1519
14050803;520;g_000;2;1;30;line_consecutive;0.5;1520;17;26;3-8,8-21;12;119140.136;126170.768;138136.836;138136.836;7030.631999999998;11966.068000000014;11966.068000000014;eev,integrated,separated,ws;lintim;Mumford0;Mumford0;True;False;1e-05;12000;1;2;20;1000;5000;-5;50;0.75;2;50;50;10;10;16;0.0368;1520;1520
14050803;521;g_000;2;1;30;line_consecutive;0.5;1521;17;27;8-21,21-24;12;105133.536;105133.53590490916;105133.536;105133.536;-9.50908288359642e-05;9.50908288359642e-05;9.50908288359642e-05;eev,integrated,separated,ws;lintim;Mumford0;Mumford0;True;False;1e-05;12000;1;2;20;1000;5000;-5;50;0.75;2;50;50;10;10;16;0.0368;1521;1521
