array_job_id;task_id;run_group_id;case_k;case_per_run;case_variants;case_selection;case_p_fail;case_id;case_sweep_row;case_variant_idx;case_edges;case_lines;WS;RP;EEV_nom;EEV_mean;EVPI;VSS_nom;VSS_mean;procedures_present;source;network;scenario_line_data;routing_agg;waiting_time_frequency;gap;time_limit;travel_time_cost_mult;waiting_time_cost_mult;line_operation_cost_mult;cost_repl_freq;cost_repl_line;repl_budget;bypass_multiplier;overdemand_threshold;overdemand_multiplier;num_od;train_capacity;infrastructure_capacity;max_frequency;threads;scenario_infra_id;scenario_prob_id
12428952;0;g_000;1;1;38;line_consecutive;0.5;1000;0;0;11-12;1,7,8;53789.16999999999;54914.785;54914.785;54914.78499999999;1125.6150000000123;0.0;-1.4551915228366852e-11;eev,integrated,separated,ws;lintim;SiouxFalls;SiouxFalls;True;False;1e-05;6000;1;2;20;50;200;-5;50;0.5;1;55;50;10;10;16;1000;1000
12428952;1;g_000;1;1;38;line_consecutive;0.5;1001;0;1;10-11;1,7,10;53697.19;54829.38500000001;55611.894999999975;55611.894999999975;1132.195000000007;782.5099999999657;782.5099999999657;eev,integrated,separated,ws;lintim;SiouxFalls;SiouxFalls;True;False;1e-05;6000;1;2;20;50;200;-5;50;0.5;1;55;50;10;10;16;1001;1001
12428952;2;g_000;1;1;38;line_consecutive;0.5;1002;0;2;10-16;1,10;51479.555;52251.46500000001;53509.78999999998;53509.78999999998;771.9100000000108;1258.324999999968;1258.324999999968;eev,integrated,separated,ws;lintim;SiouxFalls;SiouxFalls;True;False;1e-05;6000;1;2;20;50;200;-5;50;0.5;1;55;50;10;10;16;1002;1002
12428952;3;g_000;1;1;38;line_consecutive;0.5;1003;0;3;16-18;1;50767.240000000005;51432.01999999861;52796.93999999999;52796.93999999999;664.7799999986019;1364.920000001381;1364.920000001381;eev,integrated,separated,ws;lintim;SiouxFalls;SiouxFalls;True;False;1e-05;6000;1;2;20;50;200;-5;50;0.5;1;55;50;10;10;16;1003;1003
12428952;4;g_000;1;1;38;line_consecutive;0.5;1004;0;4;2-6;2;56155.795;58078.34;58992.13499999999;58992.13499999998;1922.5449999999985;913.794999999991;913.7949999999836;eev,integrated,separated,ws;lintim;SiouxFalls;SiouxFalls;True;False;1e-05;6000;1;2;20;50;200;-5;50;0.5;1;55;50;10;10;16;1004;1004
12428952;5;g_000;1;1;38;line_consecutive;0.5;1005;0;5;6-8;2;54838.605;56105.235;56762.94;56762.93999999999;1266.6299999999974;657.7050000000017;657.7049999999872;eev,integrated,separated,ws;lintim;SiouxFalls;SiouxFalls;True;False;1e-05;6000;1;2;20;50;200;-5;50;0.5;1;55;50;10;10;16;1005;1005
12428952;6;g_000;1;1;38;line_consecutive;0.5;1006;0;6;8-16;2,10,13;54941.35;56207.81;57667.24499999997;56844.69999999998;1266.4599999999991;1459.4349999999758;636.8899999999849;eev,integrated,separated,ws;lintim;SiouxFalls;SiouxFalls;True;False;1e-05;6000;1;2;20;50;200;-5;50;0.5;1;55;50;10;10;16;1006;1006
12428952;7;g_000;1;1;38;line_consecutive;0.5;1007;0;7;16-17;2,13;54347.079999999856;55136.76999999999;56088.66;55698.62;789.6900000001333;951.890000000014;561.8500000000131;eev,integrated,separated,ws;lintim;SiouxFalls;SiouxFalls;True;False;1e-05;6000;1;2;20;50;200;-5;50;0.5;1;55;50;10;10;16;1007;1007
12428952;8;g_000;1;1;38;line_consecutive;0.5;1008;0;8;17-19;2,13,14;58397.535;59018.17499999944;60001.43499999999;59374.22499999932;620.6399999994392;983.2600000005476;356.0499999998792;eev,integrated,separated,ws;lintim;SiouxFalls;SiouxFalls;True;False;1e-05;6000;1;2;20;50;200;-5;50;0.5;1;55;50;10;10;16;1008;1008
12428952;9;g_000;1;1;38;line_consecutive;0.5;1009;0;9;19-20;2;55199.80499999999;56602.535;57263.2;57263.2;1402.7300000000105;660.6649999999936;660.6649999999936;eev,integrated,separated,ws;lintim;SiouxFalls;SiouxFalls;True;False;1e-05;6000;1;2;20;50;200;-5;50;0.5;1;55;50;10;10;16;1009;1009
12428952;10;g_000;1;1;38;line_consecutive;0.5;1010;0;10;3-4;3,4;53076.415;54220.25999999964;55210.955;55210.955;1143.8449999996374;990.6950000003636;990.6950000003636;eev,integrated,separated,ws;lintim;SiouxFalls;SiouxFalls;True;False;1e-05;6000;1;2;20;50;200;-5;50;0.5;1;55;50;10;10;16;1010;1010
12428952;11;g_000;1;1;38;line_consecutive;0.5;1011;0;11;4-5;3;49467.84;49467.84;49467.84;49467.84;0.0;0.0;0.0;eev,integrated,separated,ws;lintim;SiouxFalls;SiouxFalls;True;False;1e-05;6000;1;2;20;50;200;-5;50;0.5;1;55;50;10;10;16;1011;1011
12428952;12;g_000;1;1;38;line_consecutive;0.5;1012;0;12;5-9;3,9;49613.8;49759.76000000016;50747.84;50747.83999639118;145.9600000001592;988.0799999998344;988.0799963910176;eev,integrated,separated,ws;lintim;SiouxFalls;SiouxFalls;True;False;1e-05;6000;1;2;20;50;200;-5;50;0.5;1;55;50;10;10;16;1012;1012
12428952;13;g_000;1;1;38;line_consecutive;0.5;1013;0;13;8-9;3,7;49467.83999999966;49467.8400000169;49467.84;49467.83999999848;1.7236743588000536e-08;-1.69020495377481e-08;-1.841544872149825e-08;eev,integrated,separated,ws;lintim;SiouxFalls;SiouxFalls;True;False;1e-05;6000;1;2;20;50;200;-5;50;0.5;1;55;50;10;10;16;1013;1013
12428952;14;g_000;1;1;38;line_consecutive;0.5;1014;0;14;7-8;3,7,11;49467.84000000006;49467.84;49467.84;49467.84;-6.548361852765083e-11;0.0;0.0;eev,integrated,separated,ws;lintim;SiouxFalls;SiouxFalls;True;False;1e-05;6000;1;2;20;50;200;-5;50;0.5;1;55;50;10;10;16;1014;1014
12428952;15;g_000;1;1;38;line_consecutive;0.5;1015;0;15;7-18;3,11;49467.84;49467.83999999845;49467.84;49467.84;-1.5497789718210695e-09;1.5497789718210695e-09;1.5497789718210695e-09;eev,integrated,separated,ws;lintim;SiouxFalls;SiouxFalls;True;False;1e-05;6000;1;2;20;50;200;-5;50;0.5;1;55;50;10;10;16;1015;1015
12428952;16;g_000;1;1;38;line_consecutive;0.5;1016;0;16;1-3;4,8,12;56143.59;56320.88999999996;57085.91499999999;57085.91499999999;177.29999999996653;765.0250000000306;765.0250000000306;eev,integrated,separated,ws;lintim;SiouxFalls;SiouxFalls;True;False;1e-05;6000;1;2;20;50;200;-5;50;0.5;1;55;50;10;10;16;1016;1016
12428952;17;g_000;1;1;38;line_consecutive;0.5;1017;0;17;4-11;4;52377.645;53102.08000000042;53889.655;53889.6550000031;724.4350000004197;787.5749999995824;787.5750000026819;eev,integrated,separated,ws;lintim;SiouxFalls;SiouxFalls;True;False;1e-05;6000;1;2;20;50;200;-5;50;0.5;1;55;50;10;10;16;1017;1017
12428952;18;g_000;1;1;38;line_consecutive;0.5;1018;0;18;11-14;4,8,10;53684.70999999999;53907.5;55393.16499999999;55393.16499999999;222.79000000000812;1485.6649999999936;1485.6649999999936;eev,integrated,separated,ws;lintim;SiouxFalls;SiouxFalls;True;False;1e-05;6000;1;2;20;50;200;-5;50;0.5;1;55;50;10;10;16;1018;1018
12428952;19;g_000;1;1;38;line_consecutive;0.5;1019;0;19;14-23;4,10;52686.86;52883.64999999997;54299.995;54299.995;196.78999999997177;1416.3450000000305;1416.3450000000305;eev,integrated,separated,ws;lintim;SiouxFalls;SiouxFalls;True;False;1e-05;6000;1;2;20;50;200;-5;50;0.5;1;55;50;10;10;16;1019;1019
12428952;20;g_000;1;1;38;line_consecutive;0.5;1020;0;20;23-24;4;52294.62999999999;52854.05000000001;53694.315;53694.3150000031;559.4200000000201;840.2649999999921;840.2650000030917;eev,integrated,separated,ws;lintim;SiouxFalls;SiouxFalls;True;False;1e-05;6000;1;2;20;50;200;-5;50;0.5;1;55;50;10;10;16;1020;1020
12428952;21;g_000;1;1;38;line_consecutive;0.5;1021;0;21;10-15;5,9;50254.800000000105;50400.75999999997;51639.535;51639.53499999999;145.95999999986816;1238.7750000000306;1238.775000000016;eev,integrated,separated,ws;lintim;SiouxFalls;SiouxFalls;True;False;1e-05;6000;1;2;20;50;200;-5;50;0.5;1;55;50;10;10;16;1021;1021
12428952;22;g_000;1;1;38;line_consecutive;0.5;1022;0;22;15-22;5,13;51242.53999999999;51284.73999999845;51293.45;51293.45;42.19999999845459;8.710000001548906;8.710000001548906;eev,integrated,separated,ws;lintim;SiouxFalls;SiouxFalls;True;False;1e-05;6000;1;2;20;50;200;-5;50;0.5;1;55;50;10;10;16;1022;1022
12428952;23;g_000;1;1;38;line_consecutive;0.5;1023;0;23;22-23;5;49926.02;49976.93000000001;49976.92999999999;49976.92999999999;50.91000000001077;-1.4551915228366852e-11;-1.4551915228366852e-11;eev,integrated,separated,ws;lintim;SiouxFalls;SiouxFalls;True;False;1e-05;6000;1;2;20;50;200;-5;50;0.5;1;55;50;10;10;16;1023;1023
12428952;24;g_000;1;1;38;line_consecutive;0.5;1024;0;24;13-24;6;51809.92999999999;52298.33000000001;52997.03;52997.02999999999;488.400000000016;698.6999999999898;698.6999999999825;eev,integrated,separated,ws;lintim;SiouxFalls;SiouxFalls;True;False;1e-05;6000;1;2;20;50;200;-5;50;0.5;1;55;50;10;10;16;1024;1024
12428952;25;g_000;1;1;38;line_consecutive;0.5;1025;0;25;21-24;6;50974.55;51152.58000000001;51836.81999999999;51836.81999999999;178.0300000000061;684.2399999999834;684.2399999999834;eev,integrated,separated,ws;lintim;SiouxFalls;SiouxFalls;True;False;1e-05;6000;1;2;20;50;200;-5;50;0.5;1;55;50;10;10;16;1025;1025
12428952;26;g_000;1;1;38;line_consecutive;0.5;1026;0;26;20-21;6;50921.06999999999;51099.10000000088;51758.41;51758.40999999999;178.0300000008865;659.3099999991246;659.30999999911;eev,integrated,separated,ws;lintim;SiouxFalls;SiouxFalls;True;False;1e-05;6000;1;2;20;50;200;-5;50;0.5;1;55;50;10;10;16;1026;1026
12428952;27;g_000;1;1;38;line_consecutive;0.5;1027;0;27;9-10;7,9;50061.52999999973;50655.21999999698;51060.01;51060.01;593.689999997252;404.7900000030204;404.7900000030204;eev,integrated,separated,ws;lintim;SiouxFalls;SiouxFalls;True;False;1e-05;6000;1;2;20;50;200;-5;50;0.5;1;55;50;10;10;16;1027;1027
12428952;28;g_000;1;1;38;line_consecutive;0.5;1028;0;28;3-12;8,12;49467.84;49467.84;49467.84;49467.84;0.0;0.0;0.0;eev,integrated,separated,ws;lintim;SiouxFalls;SiouxFalls;True;False;1e-05;6000;1;2;20;50;200;-5;50;0.5;1;55;50;10;10;16;1028;1028
12428952;29;g_000;1;1;38;line_consecutive;0.5;1029;0;29;5-6;9;49613.79999999999;49759.76;50747.83999999999;50747.840000000055;145.96000000001368;988.0799999999872;988.0800000000528;eev,integrated,separated,ws;lintim;SiouxFalls;SiouxFalls;True;False;1e-05;6000;1;2;20;50;200;-5;50;0.5;1;55;50;10;10;16;1029;1029
12428952;30;g_000;1;1;38;line_consecutive;0.5;1030;0;30;15-19;9,13,14;49999.28;50530.71999999986;51961.38;51961.37999999999;531.4399999998641;1430.6600000001345;1430.6600000001272;eev,integrated,separated,ws;lintim;SiouxFalls;SiouxFalls;True;False;1e-05;6000;1;2;20;50;200;-5;50;0.5;1;55;50;10;10;16;1030;1030
12428952;31;g_000;1;1;38;line_consecutive;0.5;1031;0;31;20-22;11;49467.84;49467.84;49467.83999999999;49467.83999999999;0.0;-7.275957614183426e-12;-7.275957614183426e-12;eev,integrated,separated,ws;lintim;SiouxFalls;SiouxFalls;True;False;1e-05;6000;1;2;20;50;200;-5;50;0.5;1;55;50;10;10;16;1031;1031
12428952;32;g_000;1;1;38;line_consecutive;0.5;1032;0;32;18-20;11;49467.84;49467.83999999849;49467.84;49467.84;-1.5061232261359692e-09;1.5061232261359692e-09;1.5061232261359692e-09;eev,integrated,separated,ws;lintim;SiouxFalls;SiouxFalls;True;False;1e-05;6000;1;2;20;50;200;-5;50;0.5;1;55;50;10;10;16;1032;1032
12428952;33;g_000;1;1;38;line_consecutive;0.5;1033;0;33;12-13;12;49467.84;49467.84;49467.84;49467.84;0.0;0.0;0.0;eev,integrated,separated,ws;lintim;SiouxFalls;SiouxFalls;True;False;1e-05;6000;1;2;20;50;200;-5;50;0.5;1;55;50;10;10;16;1033;1033
12428952;34;g_000;1;1;38;line_consecutive;0.5;1034;0;34;1-2;12;49467.84;49467.84000000002;49467.84;49467.84;2.182787284255028e-11;-2.182787284255028e-11;-2.182787284255028e-11;eev,integrated,separated,ws;lintim;SiouxFalls;SiouxFalls;True;False;1e-05;6000;1;2;20;50;200;-5;50;0.5;1;55;50;10;10;16;1034;1034
12428952;35;g_000;1;1;38;line_consecutive;0.5;1035;0;35;21-22;13;49494.48;49521.11999999933;49911.16;49911.16;26.63999999933003;390.0400000006703;390.0400000006703;eev,integrated,separated,ws;lintim;SiouxFalls;SiouxFalls;True;False;1e-05;6000;1;2;20;50;200;-5;50;0.5;1;55;50;10;10;16;1035;1035
12428952;36;g_000;1;1;38;line_consecutive;0.5;1036;0;36;14-15;14;49492.65999999965;49517.48;49856.74999999999;49856.74999999997;24.82000000035623;339.2699999999895;339.2699999999677;eev,integrated,separated,ws;lintim;SiouxFalls;SiouxFalls;True;False;1e-05;6000;1;2;20;50;200;-5;50;0.5;1;55;50;10;10;16;1036;1036
12428952;37;g_000;1;1;38;line_consecutive;0.5;1037;0;37;10-17;14;49492.65999999992;49517.47999999997;49856.75;49856.74999999998;24.820000000043365;339.2700000000332;339.2700000000113;eev,integrated,separated,ws;lintim;SiouxFalls;SiouxFalls;True;False;1e-05;6000;1;2;20;50;200;-5;50;0.5;1;55;50;10;10;16;1037;1037
12428952;38;g_000;1;1;38;line_consecutive;0.5;1038;1;0;11-12;1,7,8;59867.495;60971.530000000006;62449.53000000077;62080.73;1104.0350000000035;1478.000000000764;1109.199999999997;eev,integrated,separated,ws;lintim;SiouxFalls;SiouxFalls;True;False;1e-05;6000;1;2;20;50;200;-5;50;0.5;2;55;50;10;10;16;1038;1038
12428952;39;g_000;1;1;38;line_consecutive;0.5;1039;1;1;10-11;1,7,10;59793.70999999999;61017.42999999997;62988.71500000077;61850.7;1223.719999999979;1971.2850000007968;833.2700000000259;eev,integrated,separated,ws;lintim;SiouxFalls;SiouxFalls;True;False;1e-05;6000;1;2;20;50;200;-5;50;0.5;2;55;50;10;10;16;1039;1039
12428952;40;g_000;1;1;38;line_consecutive;0.5;1040;1;2;10-16;1,10;57529.535;58074.185;60707.21000000076;59558.98999999318;544.6499999999942;2633.025000000765;1484.8049999931827;eev,integrated,separated,ws;lintim;SiouxFalls;SiouxFalls;True;False;1e-05;6000;1;2;20;50;200;-5;50;0.5;2;55;50;10;10;16;1040;1040
12428952;41;g_000;1;1;38;line_consecutive;0.5;1041;1;3;16-18;1;56403.33;56973.12000000199;59870.12000000077;59501.31999999999;569.7900000019872;2896.9999999987776;2528.1999999980035;eev,integrated,separated,ws;lintim;SiouxFalls;SiouxFalls;True;False;1e-05;6000;1;2;20;50;200;-5;50;0.5;2;55;50;10;10;16;1041;1041
12428952;42;g_000;1;1;38;line_consecutive;0.5;1042;1;4;2-6;2;63686.345;65141.01499999999;65880.70500000077;65880.705;1454.669999999991;739.6900000007809;739.6900000000096;eev,integrated,separated,ws;lintim;SiouxFalls;SiouxFalls;True;False;1e-05;6000;1;2;20;50;200;-5;50;0.5;2;55;50;10;10;16;1042;1042
12428952;43;g_000;1;1;38;line_consecutive;0.5;1043;1;5;6-8;2;61879.65;62686.24;63263.78000000077;63263.78;806.5899999999965;577.5400000007721;577.5400000000009;eev,integrated,separated,ws;lintim;SiouxFalls;SiouxFalls;True;False;1e-05;6000;1;2;20;50;200;-5;50;0.5;2;55;50;10;10;16;1043;1043
12428952;44;g_000;1;1;38;line_consecutive;0.5;1044;1;6;8-16;2,10,13;61680.29000000416;62746.44;63794.48000000077;63319.23;1066.1499999958396;1048.0400000007648;572.7900000000009;eev,integrated,separated,ws;lintim;SiouxFalls;SiouxFalls;True;False;1e-05;6000;1;2;20;50;200;-5;50;0.5;2;55;50;10;10;16;1044;1044
12428952;45;g_000;1;1;38;line_consecutive;0.5;1045;1;7;16-17;2,13;60890.315;61695.14000000002;62331.25000000077;62149.985;804.8250000000189;636.11000000075;454.84499999997934;eev,integrated,separated,ws;lintim;SiouxFalls;SiouxFalls;True;False;1e-05;6000;1;2;20;50;200;-5;50;0.5;2;55;50;10;10;16;1045;1045
12428952;46;g_000;1;1;38;line_consecutive;0.5;1046;1;8;17-19;2,13,14;64894.845;65763.38;66635.41000000077;66699.81499999238;868.5350000000035;872.0300000007701;936.4349999923724;eev,integrated,separated,ws;lintim;SiouxFalls;SiouxFalls;True;False;1e-05;6000;1;2;20;50;200;-5;50;0.5;2;55;50;10;10;16;1046;1046
12428952;47;g_000;1;1;38;line_consecutive;0.5;1047;1;9;19-20;2;62039.045;62842.98500000001;63420.525000000765;63420.525;803.9400000000096;577.5400000007576;577.5399999999936;eev,integrated,separated,ws;lintim;SiouxFalls;SiouxFalls;True;False;1e-05;6000;1;2;20;50;200;-5;50;0.5;2;55;50;10;10;16;1047;1047
12428952;48;g_000;1;1;38;line_consecutive;0.5;1048;1;10;3-4;3,4;59081.15499999999;59893.11999999993;62475.69000000077;62475.69;811.9649999999383;2582.570000000844;2582.5700000000725;eev,integrated,separated,ws;lintim;SiouxFalls;SiouxFalls;True;False;1e-05;6000;1;2;20;50;200;-5;50;0.5;2;55;50;10;10;16;1048;1048
12428952;49;g_000;1;1;38;line_consecutive;0.5;1049;1;11;4-5;3;55207.880000000005;55207.88;55207.88000000077;55207.87998668876;-7.275957614183426e-12;7.71251507103443e-10;-1.3311240763869137e-05;eev,integrated,separated,ws;lintim;SiouxFalls;SiouxFalls;True;False;1e-05;6000;1;2;20;50;200;-5;50;0.5;2;55;50;10;10;16;1049;1049
12428952;50;g_000;1;1;38;line_consecutive;0.5;1050;1;12;5-9;3,9;55237.84;55267.80000000001;56476.21000000077;56476.20999999999;29.96000000001368;1208.4100000007602;1208.4099999999817;eev,integrated,separated,ws;lintim;SiouxFalls;SiouxFalls;True;False;1e-05;6000;1;2;20;50;200;-5;50;0.5;2;55;50;10;10;16;1050;1050
12428952;51;g_000;1;1;38;line_consecutive;0.5;1051;1;13;8-9;3,7;55207.880000000005;55207.88000004368;55207.88000000077;55207.87999999999;4.367757355794311e-08;-4.2913598008453846e-08;-4.369212547317147e-08;eev,integrated,separated,ws;lintim;SiouxFalls;SiouxFalls;True;False;1e-05;6000;1;2;20;50;200;-5;50;0.5;2;55;50;10;10;16;1051;1051
12428952;52;g_000;1;1;38;line_consecutive;0.5;1052;1;14;7-8;3,7,11;55207.880000000005;55207.879999878096;55207.88000000077;55207.88;-1.219086698256433e-07;1.2267264537513256e-07;1.2190139386802912e-07;eev,integrated,separated,ws;lintim;SiouxFalls;SiouxFalls;True;False;1e-05;6000;1;2;20;50;200;-5;50;0.5;2;55;50;10;10;16;1052;1052
12428952;53;g_000;1;1;38;line_consecutive;0.5;1053;1;15;7-18;3,11;55207.87999999999;55207.880000000005;55207.88000000077;55207.88;1.4551915228366852e-11;7.639755494892596e-10;-7.275957614183426e-12;eev,integrated,separated,ws;lintim;SiouxFalls;SiouxFalls;True;False;1e-05;6000;1;2;20;50;200;-5;50;0.5;2;55;50;10;10;16;1053;1053
12428952;54;g_000;1;1;38;line_consecutive;0.5;1054;1;16;1-3;4,8,12;62723.755000000005;63288.2;64700.23500000077;64700.235;564.4449999999924;1412.0350000007747;1412.0350000000035;eev,integrated,separated,ws;lintim;SiouxFalls;SiouxFalls;True;False;1e-05;6000;1;2;20;50;200;-5;50;0.5;2;55;50;10;10;16;1054;1054
12428952;55;g_000;1;1;38;line_consecutive;0.5;1055;1;17;4-11;4;58357.44499999999;59176.49999999988;61064.915000000765;61064.91499999999;819.0549999998912;1888.4150000008813;1888.41500000011;eev,integrated,separated,ws;lintim;SiouxFalls;SiouxFalls;True;False;1e-05;6000;1;2;20;50;200;-5;50;0.5;2;55;50;10;10;16;1055;1055
12428952;56;g_000;1;1;38;line_consecutive;0.5;1056;1;18;11-14;4,8,10;59746.42499999999;60746.740000000005;62687.20500000077;62260.225000000006;1000.3150000000168;1940.465000000768;1513.4850000000006;eev,integrated,separated,ws;lintim;SiouxFalls;SiouxFalls;True;False;1e-05;6000;1;2;20;50;200;-5;50;0.5;2;55;50;10;10;16;1056;1056
12428952;57;g_000;1;1;38;line_consecutive;0.5;1057;1;19;14-23;4,10;59223.185;59949.62;61608.68000000077;61187.670000000006;726.435000000005;1659.060000000769;1238.050000000003;eev,integrated,separated,ws;lintim;SiouxFalls;SiouxFalls;True;False;1e-05;6000;1;2;20;50;200;-5;50;0.5;2;55;50;10;10;16;1057;1057
12428952;58;g_000;1;1;38;line_consecutive;0.5;1058;1;20;23-24;4;58367.42999999999;59162.02000000001;60945.010000000766;60945.01;794.5900000000183;1782.990000000755;1782.9899999999907;eev,integrated,separated,ws;lintim;SiouxFalls;SiouxFalls;True;False;1e-05;6000;1;2;20;50;200;-5;50;0.5;2;55;50;10;10;16;1058;1058
12428952;59;g_000;1;1;38;line_consecutive;0.5;1059;1;21;10-15;5,9;56098.19;56128.150000026486;57482.91000000077;57482.91;29.960000026483613;1354.7599999742815;1354.7599999735176;eev,integrated,separated,ws;lintim;SiouxFalls;SiouxFalls;True;False;1e-05;6000;1;2;20;50;200;-5;50;0.5;2;55;50;10;10;16;1059;1059
12428952;60;g_000;1;1;38;line_consecutive;0.5;1060;1;22;15-22;5,13;57114.965;57115.76500000001;57129.02000000077;57129.02;0.8000000000101863;13.255000000761356;13.254999999990105;eev,integrated,separated,ws;lintim;SiouxFalls;SiouxFalls;True;False;1e-05;6000;1;2;20;50;200;-5;50;0.5;2;55;50;10;10;16;1060;1060
12428952;61;g_000;1;1;38;line_consecutive;0.5;1061;1;23;22-23;5;55891.20999999999;55891.210000000014;55891.21000000077;55891.20999999999;2.182787284255028e-11;7.566995918750762e-10;-2.182787284255028e-11;eev,integrated,separated,ws;lintim;SiouxFalls;SiouxFalls;True;False;1e-05;6000;1;2;20;50;200;-5;50;0.5;2;55;50;10;10;16;1061;1061
12428952;62;g_000;1;1;38;line_consecutive;0.5;1062;1;24;13-24;6;57344.67;57984.48500000001;58748.130000001576;58748.13000000081;639.8150000000096;763.6450000015684;763.6450000008044;eev,integrated,separated,ws;lintim;SiouxFalls;SiouxFalls;True;False;1e-05;6000;1;2;20;50;200;-5;50;0.5;2;55;50;10;10;16;1062;1062
12428952;63;g_000;1;1;38;line_consecutive;0.5;1063;1;25;21-24;6;56775.85000000043;57039.00999999994;57662.36000000077;57662.36;263.1599999995087;623.3500000008353;623.350000000064;eev,integrated,separated,ws;lintim;SiouxFalls;SiouxFalls;True;False;1e-05;6000;1;2;20;50;200;-5;50;0.5;2;55;50;10;10;16;1063;1063
12428952;64;g_000;1;1;38;line_consecutive;0.5;1064;1;26;20-21;6;56720.515;56983.675;57548.57500000077;57548.575;263.1600000000035;564.9000000007654;564.8999999999942;eev,integrated,separated,ws;lintim;SiouxFalls;SiouxFalls;True;False;1e-05;6000;1;2;20;50;200;-5;50;0.5;2;55;50;10;10;16;1064;1064
12428952;65;g_000;1;1;38;line_consecutive;0.5;1065;1;27;9-10;7,9;55685.740000000005;56019.74000000001;56791.09000000077;56791.09;334.0000000000073;771.3500000007552;771.349999999984;eev,integrated,separated,ws;lintim;SiouxFalls;SiouxFalls;True;False;1e-05;6000;1;2;20;50;200;-5;50;0.5;2;55;50;10;10;16;1065;1065
12428952;66;g_000;1;1;38;line_consecutive;0.5;1066;1;28;3-12;8,12;55207.88;55207.88;55207.88000000077;55207.88;0.0;7.71251507103443e-10;0.0;eev,integrated,separated,ws;lintim;SiouxFalls;SiouxFalls;True;False;1e-05;6000;1;2;20;50;200;-5;50;0.5;2;55;50;10;10;16;1066;1066
12428952;67;g_000;1;1;38;line_consecutive;0.5;1067;1;29;5-6;9;55237.84;55267.8;56476.21000000076;56476.20999999999;29.960000000006403;1208.4100000007602;1208.409999999989;eev,integrated,separated,ws;lintim;SiouxFalls;SiouxFalls;True;False;1e-05;6000;1;2;20;50;200;-5;50;0.5;2;55;50;10;10;16;1067;1067
12428952;68;g_000;1;1;38;line_consecutive;0.5;1068;1;30;15-19;9,13,14;55662.69;56117.50000000098;57848.660000000775;57848.66;454.8100000009799;1731.1599999997925;1731.1599999990212;eev,integrated,separated,ws;lintim;SiouxFalls;SiouxFalls;True;False;1e-05;6000;1;2;20;50;200;-5;50;0.5;2;55;50;10;10;16;1068;1068
12428952;69;g_000;1;1;38;line_consecutive;0.5;1069;1;31;20-22;11;55207.88;55207.88000000001;55207.88000000077;55207.87999999999;1.4551915228366852e-11;7.566995918750762e-10;-2.182787284255028e-11;eev,integrated,separated,ws;lintim;SiouxFalls;SiouxFalls;True;False;1e-05;6000;1;2;20;50;200;-5;50;0.5;2;55;50;10;10;16;1069;1069
12428952;70;g_000;1;1;38;line_consecutive;0.5;1070;1;32;18-20;11;55207.88;55207.88000000001;55207.88000000077;55207.87999999999;1.4551915228366852e-11;7.566995918750762e-10;-2.182787284255028e-11;eev,integrated,separated,ws;lintim;SiouxFalls;SiouxFalls;True;False;1e-05;6000;1;2;20;50;200;-5;50;0.5;2;55;50;10;10;16;1070;1070
12428952;71;g_000;1;1;38;line_consecutive;0.5;1071;1;33;12-13;12;55207.87999999999;55207.88000000001;55207.87999812375;55207.87999812298;2.182787284255028e-11;-1.8762584659270944e-06;-1.8770297174341977e-06;eev,integrated,separated,ws;lintim;SiouxFalls;SiouxFalls;True;False;1e-05;6000;1;2;20;50;200;-5;50;0.5;2;55;50;10;10;16;1071;1071
12428952;72;g_000;1;1;38;line_consecutive;0.5;1072;1;34;1-2;12;55207.88;55207.88000000001;55207.88000000077;55207.880000000005;1.4551915228366852e-11;7.566995918750762e-10;-7.275957614183426e-12;eev,integrated,separated,ws;lintim;SiouxFalls;SiouxFalls;True;False;1e-05;6000;1;2;20;50;200;-5;50;0.5;2;55;50;10;10;16;1072;1072
12428952;73;g_000;1;1;38;line_consecutive;0.5;1073;1;35;21-22;13;55464.74;55721.600000000006;55808.17000000077;55808.17;256.86000000000786;86.57000000076368;86.56999999999243;eev,integrated,separated,ws;lintim;SiouxFalls;SiouxFalls;True;False;1e-05;6000;1;2;20;50;200;-5;50;0.5;2;55;50;10;10;16;1073;1073
12428952;74;g_000;1;1;38;line_consecutive;0.5;1074;1;36;14-15;14;55383.37;55558.86000000001;55705.56000000077;55705.56;175.49000000000524;146.7000000007611;146.6999999999898;eev,integrated,separated,ws;lintim;SiouxFalls;SiouxFalls;True;False;1e-05;6000;1;2;20;50;200;-5;50;0.5;2;55;50;10;10;16;1074;1074
12428952;75;g_000;1;1;38;line_consecutive;0.5;1075;1;37;10-17;14;55383.37;55558.86;55705.56000000077;55705.56;175.48999999999796;146.70000000076834;146.6999999999971;eev,integrated,separated,ws;lintim;SiouxFalls;SiouxFalls;True;False;1e-05;6000;1;2;20;50;200;-5;50;0.5;2;55;50;10;10;16;1075;1075
12428952;76;g_000;1;1;38;line_consecutive;0.5;1076;2;0;11-12;1,7,8;64795.5;67441.02499999978;67532.34;67592.38;2645.524999999776;91.3150000002206;151.35500000022876;eev,integrated,separated,ws;lintim;SiouxFalls;SiouxFalls;True;False;1e-05;6000;1;2;20;50;200;-5;50;0.5;5;55;50;10;10;16;1076;1076
12428952;77;g_000;1;1;38;line_consecutive;0.5;1077;2;1;10-11;1,7,10;64866.165;66614.1449999999;68968.2;67110.22;1747.979999999901;2354.055000000095;496.07500000009895;eev,integrated,separated,ws;lintim;SiouxFalls;SiouxFalls;True;False;1e-05;6000;1;2;20;50;200;-5;50;0.5;5;55;50;10;10;16;1077;1077
12428952;78;g_000;1;1;38;line_consecutive;0.5;1078;2;2;10-16;1,10;61944.03999999999;63198.28999999999;66439.87999999999;64228.98;1254.25;3241.5899999999965;1030.6900000000096;eev,integrated,separated,ws;lintim;SiouxFalls;SiouxFalls;True;False;1e-05;6000;1;2;20;50;200;-5;50;0.5;5;55;50;10;10;16;1078;1078
12428952;79;g_000;1;1;38;line_consecutive;0.5;1079;2;3;16-18;1;60858.33000000004;62203.19499999999;64717.50499999999;63989.50499999999;1344.8649999999543;2514.3099999999977;1786.3099999999977;eev,integrated,separated,ws;lintim;SiouxFalls;SiouxFalls;True;False;1e-05;6000;1;2;20;50;200;-5;50;0.5;5;55;50;10;10;16;1079;1079
12428952;80;g_000;1;1;38;line_consecutive;0.5;1080;2;4;2-6;2;68248.085;70645.31;72087.12;71316.51999999999;2397.2249999999917;1441.8099999999977;671.2099999999919;eev,integrated,separated,ws;lintim;SiouxFalls;SiouxFalls;True;False;1e-05;6000;1;2;20;50;200;-5;50;0.5;5;55;50;10;10;16;1080;1080
12428952;81;g_000;1;1;38;line_consecutive;0.5;1081;2;5;6-8;2;66442.56;67693.45;69140.65;68370.04999999999;1250.8899999999994;1447.199999999997;676.5999999999913;eev,integrated,separated,ws;lintim;SiouxFalls;SiouxFalls;True;False;1e-05;6000;1;2;20;50;200;-5;50;0.5;5;55;50;10;10;16;1081;1081
12428952;82;g_000;1;1;38;line_consecutive;0.5;1082;2;6;8-16;2,10,13;66122.75;67570.40000000001;70118.25499999999;67854.32;1447.6500000000087;2547.8549999999814;283.91999999999825;eev,integrated,separated,ws;lintim;SiouxFalls;SiouxFalls;True;False;1e-05;6000;1;2;20;50;200;-5;50;0.5;5;55;50;10;10;16;1082;1082
12428952;83;g_000;1;1;38;line_consecutive;0.5;1083;2;7;16-17;2,13;65060.925;66130.9799999998;68609.33499999999;66702.0749939082;1070.0549999998038;2478.355000000185;571.0949939083948;eev,integrated,separated,ws;lintim;SiouxFalls;SiouxFalls;True;False;1e-05;6000;1;2;20;50;200;-5;50;0.5;5;55;50;10;10;16;1083;1083
12428952;84;g_000;1;1;38;line_consecutive;0.5;1084;2;8;17-19;2,13,14;70150.655;70806.76;73006.92499999999;71961.91;656.1049999999959;2200.1649999999936;1155.1500000000087;eev,integrated,separated,ws;lintim;SiouxFalls;SiouxFalls;True;False;1e-05;6000;1;2;20;50;200;-5;50;0.5;5;55;50;10;10;16;1084;1084
12428952;85;g_000;1;1;38;line_consecutive;0.5;1085;2;9;19-20;2;66242.23000000001;67032.77500000001;68226.93;67456.33;790.5449999999983;1194.1549999999845;423.554999999993;eev,integrated,separated,ws;lintim;SiouxFalls;SiouxFalls;True;False;1e-05;6000;1;2;20;50;200;-5;50;0.5;5;55;50;10;10;16;1085;1085
12428952;86;g_000;1;1;38;line_consecutive;0.5;1086;2;10;3-4;3,4;64734.925;66400.19;67706.12999999999;67706.12999999999;1665.2649999999994;1305.9399999999878;1305.9399999999878;eev,integrated,separated,ws;lintim;SiouxFalls;SiouxFalls;True;False;1e-05;6000;1;2;20;50;200;-5;50;0.5;5;55;50;10;10;16;1086;1086
12428952;87;g_000;1;1;38;line_consecutive;0.5;1087;2;11;4-5;3;58830.46000000001;58830.46000000001;58830.45999593852;58830.45999593852;0.0;-4.0614831959828734e-06;-4.0614831959828734e-06;eev,integrated,separated,ws;lintim;SiouxFalls;SiouxFalls;True;False;1e-05;6000;1;2;20;50;200;-5;50;0.5;5;55;50;10;10;16;1087;1087
12428952;88;g_000;1;1;38;line_consecutive;0.5;1088;2;12;5-9;3,9;59048.42;59266.38;60400.66999547178;60400.66999547178;217.95999999999916;1134.2899954717795;1134.2899954717795;eev,integrated,separated,ws;lintim;SiouxFalls;SiouxFalls;True;False;1e-05;6000;1;2;20;50;200;-5;50;0.5;5;55;50;10;10;16;1088;1088
12428952;89;g_000;1;1;38;line_consecutive;0.5;1089;2;13;8-9;3,7;58830.46000000001;58830.460000000014;58830.46;58830.46;7.275957614183426e-12;-1.4551915228366852e-11;-1.4551915228366852e-11;eev,integrated,separated,ws;lintim;SiouxFalls;SiouxFalls;True;False;1e-05;6000;1;2;20;50;200;-5;50;0.5;5;55;50;10;10;16;1089;1089
12428952;90;g_000;1;1;38;line_consecutive;0.5;1090;2;14;7-8;3,7,11;58830.46000000001;58830.46;58830.45999999999;58830.45999999999;-7.275957614183426e-12;-7.275957614183426e-12;-7.275957614183426e-12;eev,integrated,separated,ws;lintim;SiouxFalls;SiouxFalls;True;False;1e-05;6000;1;2;20;50;200;-5;50;0.5;5;55;50;10;10;16;1090;1090
12428952;91;g_000;1;1;38;line_consecutive;0.5;1091;2;15;7-18;3,11;58830.46;58830.45999999532;58830.45999999999;58830.45999999999;-4.678440745919943e-09;4.6711647883057594e-09;4.6711647883057594e-09;eev,integrated,separated,ws;lintim;SiouxFalls;SiouxFalls;True;False;1e-05;6000;1;2;20;50;200;-5;50;0.5;5;55;50;10;10;16;1091;1091
12428952;92;g_000;1;1;38;line_consecutive;0.5;1092;2;16;1-3;4,8,12;69448.95000000001;69903.38000000003;70561.815;70561.815;454.4300000000221;658.4349999999686;658.4349999999686;eev,integrated,separated,ws;lintim;SiouxFalls;SiouxFalls;True;False;1e-05;6000;1;2;20;50;200;-5;50;0.5;5;55;50;10;10;16;1092;1092
12428952;93;g_000;1;1;38;line_consecutive;0.5;1093;2;17;4-11;4;63752.05;65475.45;66360.12;66360.12;1723.3999999999942;884.6699999999983;884.6699999999983;eev,integrated,separated,ws;lintim;SiouxFalls;SiouxFalls;True;False;1e-05;6000;1;2;20;50;200;-5;50;0.5;5;55;50;10;10;16;1093;1093
12428952;94;g_000;1;1;38;line_consecutive;0.5;1094;2;18;11-14;4,8,10;65621.16;66782.15000000001;68537.955;67689.845;1160.9900000000052;1755.804999999993;907.6949999999924;eev,integrated,separated,ws;lintim;SiouxFalls;SiouxFalls;True;False;1e-05;6000;1;2;20;50;200;-5;50;0.5;5;55;50;10;10;16;1094;1094
12428952;95;g_000;1;1;38;line_consecutive;0.5;1095;2;19;14-23;4,10;64406.795000000006;65759.315;67323.59;66263.39000000001;1352.5199999999968;1564.2749999999942;504.0750000000117;eev,integrated,separated,ws;lintim;SiouxFalls;SiouxFalls;True;False;1e-05;6000;1;2;20;50;200;-5;50;0.5;5;55;50;10;10;16;1095;1095
12428952;96;g_000;1;1;38;line_consecutive;0.5;1096;2;20;23-24;4;63804.78;65583.91500000001;66273.51999999999;66273.51999999999;1779.1350000000093;689.6049999999814;689.6049999999814;eev,integrated,separated,ws;lintim;SiouxFalls;SiouxFalls;True;False;1e-05;6000;1;2;20;50;200;-5;50;0.5;5;55;50;10;10;16;1096;1096
12428952;97;g_000;1;1;38;line_consecutive;0.5;1097;2;21;10-15;5,9;60236.385;60627.85000000001;61676.375;61676.37499999999;391.4650000000111;1048.524999999987;1048.5249999999796;eev,integrated,separated,ws;lintim;SiouxFalls;SiouxFalls;True;False;1e-05;6000;1;2;20;50;200;-5;50;0.5;5;55;50;10;10;16;1097;1097
12428952;98;g_000;1;1;38;line_consecutive;0.5;1098;2;22;15-22;5,13;61162.23;61162.23;61162.23;61162.23;0.0;0.0;0.0;eev,integrated,separated,ws;lintim;SiouxFalls;SiouxFalls;True;False;1e-05;6000;1;2;20;50;200;-5;50;0.5;5;55;50;10;10;16;1098;1098
12428952;99;g_000;1;1;38;line_consecutive;0.5;1099;2;23;22-23;5;59880.630000000005;59993.58500000479;59993.58499999999;59993.58499999999;112.95500000478204;-4.794856067746878e-09;-4.794856067746878e-09;eev,integrated,separated,ws;lintim;SiouxFalls;SiouxFalls;True;False;1e-05;6000;1;2;20;50;200;-5;50;0.5;5;55;50;10;10;16;1099;1099
12428952;100;g_000;1;1;38;line_consecutive;0.5;1100;2;24;13-24;6;62106.375;63146.505000000005;64057.37;64057.37;1040.1300000000049;910.864999999998;910.864999999998;eev,integrated,separated,ws;lintim;SiouxFalls;SiouxFalls;True;False;1e-05;6000;1;2;20;50;200;-5;50;0.5;5;55;50;10;10;16;1100;1100
12428952;101;g_000;1;1;38;line_consecutive;0.5;1101;2;25;21-24;6;60892.13;61284.015;61803.20999999999;61803.20999999999;391.8850000000021;519.1949999999924;519.1949999999924;eev,integrated,separated,ws;lintim;SiouxFalls;SiouxFalls;True;False;1e-05;6000;1;2;20;50;200;-5;50;0.5;5;55;50;10;10;16;1101;1101
12428952;102;g_000;1;1;38;line_consecutive;0.5;1102;2;26;20-21;6;60690.430000000015;61082.315;61613.53999999999;61613.53999999999;391.8849999999875;531.2249999999913;531.2249999999913;eev,integrated,separated,ws;lintim;SiouxFalls;SiouxFalls;True;False;1e-05;6000;1;2;20;50;200;-5;50;0.5;5;55;50;10;10;16;1102;1102
12428952;103;g_000;1;1;38;line_consecutive;0.5;1103;2;27;9-10;7,9;59674.06;60064.96;60676.4;60676.4;390.9000000000015;611.4400000000023;611.4400000000023;eev,integrated,separated,ws;lintim;SiouxFalls;SiouxFalls;True;False;1e-05;6000;1;2;20;50;200;-5;50;0.5;5;55;50;10;10;16;1103;1103
12428952;104;g_000;1;1;38;line_consecutive;0.5;1104;2;28;3-12;8,12;58830.46;58830.46;58830.45999999999;58830.46;0.0;-7.275957614183426e-12;0.0;eev,integrated,separated,ws;lintim;SiouxFalls;SiouxFalls;True;False;1e-05;6000;1;2;20;50;200;-5;50;0.5;5;55;50;10;10;16;1104;1104
12428952;105;g_000;1;1;38;line_consecutive;0.5;1105;2;29;5-6;9;59048.42;59266.38000001129;60400.67;60400.67;217.9600000112914;1134.2899999887086;1134.2899999887086;eev,integrated,separated,ws;lintim;SiouxFalls;SiouxFalls;True;False;1e-05;6000;1;2;20;50;200;-5;50;0.5;5;55;50;10;10;16;1105;1105
12428952;106;g_000;1;1;38;line_consecutive;0.5;1106;2;30;15-19;9,13,14;59833.78;60643.81;61883.22;61883.22;810.0299999999988;1239.4100000000035;1239.4100000000035;eev,integrated,separated,ws;lintim;SiouxFalls;SiouxFalls;True;False;1e-05;6000;1;2;20;50;200;-5;50;0.5;5;55;50;10;10;16;1106;1106
12428952;107;g_000;1;1;38;line_consecutive;0.5;1107;2;31;20-22;11;58830.46;58830.45999999997;58830.45999999999;58830.45999999999;-2.9103830456733704e-11;2.182787284255028e-11;2.182787284255028e-11;eev,integrated,separated,ws;lintim;SiouxFalls;SiouxFalls;True;False;1e-05;6000;1;2;20;50;200;-5;50;0.5;5;55;50;10;10;16;1107;1107
12428952;108;g_000;1;1;38;line_consecutive;0.5;1108;2;32;18-20;11;58830.459999999504;58830.46;58830.45999999999;58830.45999999999;4.94765117764473e-10;-7.275957614183426e-12;-7.275957614183426e-12;eev,integrated,separated,ws;lintim;SiouxFalls;SiouxFalls;True;False;1e-05;6000;1;2;20;50;200;-5;50;0.5;5;55;50;10;10;16;1108;1108
12428952;109;g_000;1;1;38;line_consecutive;0.5;1109;2;33;12-13;12;58830.46;58830.46;58830.45999999999;58830.46;0.0;-7.275957614183426e-12;0.0;eev,integrated,separated,ws;lintim;SiouxFalls;SiouxFalls;True;False;1e-05;6000;1;2;20;50;200;-5;50;0.5;5;55;50;10;10;16;1109;1109
12428952;110;g_000;1;1;38;line_consecutive;0.5;1110;2;34;1-2;12;58830.46000000001;58830.459999999606;58830.45999999999;58830.46;-4.0017766878008837e-10;3.8562575355172157e-10;3.92901711165905e-10;eev,integrated,separated,ws;lintim;SiouxFalls;SiouxFalls;True;False;1e-05;6000;1;2;20;50;200;-5;50;0.5;5;55;50;10;10;16;1110;1110
12428952;111;g_000;1;1;38;line_consecutive;0.5;1111;2;35;21-22;13;59192.4;59554.34000000001;59833.400000000605;59833.400000000605;361.9400000000096;279.0600000005943;279.0600000005943;eev,integrated,separated,ws;lintim;SiouxFalls;SiouxFalls;True;False;1e-05;6000;1;2;20;50;200;-5;50;0.5;5;55;50;10;10;16;1111;1111
12428952;112;g_000;1;1;38;line_consecutive;0.5;1112;2;36;14-15;14;58908.64;58986.81999999999;59502.07;59502.06999999999;78.17999999999302;515.2500000000073;515.25;eev,integrated,separated,ws;lintim;SiouxFalls;SiouxFalls;True;False;1e-05;6000;1;2;20;50;200;-5;50;0.5;5;55;50;10;10;16;1112;1112
12428952;113;g_000;1;1;38;line_consecutive;0.5;1113;2;37;10-17;14;58908.64;58986.82000000001;59502.06999999999;59502.06999999999;78.18000000000757;515.2499999999854;515.2499999999854;eev,integrated,separated,ws;lintim;SiouxFalls;SiouxFalls;True;False;1e-05;6000;1;2;20;50;200;-5;50;0.5;5;55;50;10;10;16;1113;1113
12428952;114;g_000;1;1;38;line_consecutive;0.5;1114;3;0;11-12;1,7,8;53789.16999999999;54914.785;54914.785;54914.78499999999;1125.6150000000123;0.0;-1.4551915228366852e-11;eev,integrated,separated,ws;lintim;SiouxFalls;SiouxFalls;True;False;1e-05;6000;1;2;20;50;200;-5;50;0.75;1;55;50;10;10;16;1114;1114
12428952;115;g_000;1;1;38;line_consecutive;0.5;1115;3;1;10-11;1,7,10;53697.19;54829.38500000001;55611.894999999975;55611.894999999975;1132.195000000007;782.5099999999657;782.5099999999657;eev,integrated,separated,ws;lintim;SiouxFalls;SiouxFalls;True;False;1e-05;6000;1;2;20;50;200;-5;50;0.75;1;55;50;10;10;16;1115;1115
12428952;116;g_000;1;1;38;line_consecutive;0.5;1116;3;2;10-16;1,10;51479.555;52251.46500000001;53509.78999999998;53509.78999999998;771.9100000000108;1258.324999999968;1258.324999999968;eev,integrated,separated,ws;lintim;SiouxFalls;SiouxFalls;True;False;1e-05;6000;1;2;20;50;200;-5;50;0.75;1;55;50;10;10;16;1116;1116
12428952;117;g_000;1;1;38;line_consecutive;0.5;1117;3;3;16-18;1;50767.240000000005;51432.01999999861;52796.93999999999;52796.93999999999;664.7799999986019;1364.920000001381;1364.920000001381;eev,integrated,separated,ws;lintim;SiouxFalls;SiouxFalls;True;False;1e-05;6000;1;2;20;50;200;-5;50;0.75;1;55;50;10;10;16;1117;1117
12428952;118;g_000;1;1;38;line_consecutive;0.5;1118;3;4;2-6;2;56155.795;58078.34;58992.13499999999;58992.13499999998;1922.5449999999985;913.794999999991;913.7949999999836;eev,integrated,separated,ws;lintim;SiouxFalls;SiouxFalls;True;False;1e-05;6000;1;2;20;50;200;-5;50;0.75;1;55;50;10;10;16;1118;1118
12428952;119;g_000;1;1;38;line_consecutive;0.5;1119;3;5;6-8;2;54838.605;56105.235;56762.94;56762.93999999999;1266.6299999999974;657.7050000000017;657.7049999999872;eev,integrated,separated,ws;lintim;SiouxFalls;SiouxFalls;True;False;1e-05;6000;1;2;20;50;200;-5;50;0.75;1;55;50;10;10;16;1119;1119
12428952;120;g_000;1;1;38;line_consecutive;0.5;1120;3;6;8-16;2,10,13;54941.35;56207.81;57667.24499999997;56844.69999999998;1266.4599999999991;1459.4349999999758;636.8899999999849;eev,integrated,separated,ws;lintim;SiouxFalls;SiouxFalls;True;False;1e-05;6000;1;2;20;50;200;-5;50;0.75;1;55;50;10;10;16;1120;1120
12428952;121;g_000;1;1;38;line_consecutive;0.5;1121;3;7;16-17;2,13;54347.079999999856;55136.76999999999;56088.66;55698.62;789.6900000001333;951.890000000014;561.8500000000131;eev,integrated,separated,ws;lintim;SiouxFalls;SiouxFalls;True;False;1e-05;6000;1;2;20;50;200;-5;50;0.75;1;55;50;10;10;16;1121;1121
12428952;122;g_000;1;1;38;line_consecutive;0.5;1122;3;8;17-19;2,13,14;58397.535;59018.17499999944;60001.43499999999;59374.22499999932;620.6399999994392;983.2600000005476;356.0499999998792;eev,integrated,separated,ws;lintim;SiouxFalls;SiouxFalls;True;False;1e-05;6000;1;2;20;50;200;-5;50;0.75;1;55;50;10;10;16;1122;1122
12428952;123;g_000;1;1;38;line_consecutive;0.5;1123;3;9;19-20;2;55199.80499999999;56602.535;57263.2;57263.2;1402.7300000000105;660.6649999999936;660.6649999999936;eev,integrated,separated,ws;lintim;SiouxFalls;SiouxFalls;True;False;1e-05;6000;1;2;20;50;200;-5;50;0.75;1;55;50;10;10;16;1123;1123
12428952;124;g_000;1;1;38;line_consecutive;0.5;1124;3;10;3-4;3,4;53076.415;54220.25999999964;55210.955;55210.955;1143.8449999996374;990.6950000003636;990.6950000003636;eev,integrated,separated,ws;lintim;SiouxFalls;SiouxFalls;True;False;1e-05;6000;1;2;20;50;200;-5;50;0.75;1;55;50;10;10;16;1124;1124
12428952;125;g_000;1;1;38;line_consecutive;0.5;1125;3;11;4-5;3;49467.84;49467.84;49467.84;49467.84;0.0;0.0;0.0;eev,integrated,separated,ws;lintim;SiouxFalls;SiouxFalls;True;False;1e-05;6000;1;2;20;50;200;-5;50;0.75;1;55;50;10;10;16;1125;1125
12428952;126;g_000;1;1;38;line_consecutive;0.5;1126;3;12;5-9;3,9;49613.8;49759.76000000016;50747.84;50747.83999639118;145.9600000001592;988.0799999998344;988.0799963910176;eev,integrated,separated,ws;lintim;SiouxFalls;SiouxFalls;True;False;1e-05;6000;1;2;20;50;200;-5;50;0.75;1;55;50;10;10;16;1126;1126
12428952;127;g_000;1;1;38;line_consecutive;0.5;1127;3;13;8-9;3,7;49467.83999999966;49467.8400000169;49467.84;49467.83999999848;1.7236743588000536e-08;-1.69020495377481e-08;-1.841544872149825e-08;eev,integrated,separated,ws;lintim;SiouxFalls;SiouxFalls;True;False;1e-05;6000;1;2;20;50;200;-5;50;0.75;1;55;50;10;10;16;1127;1127
12428952;128;g_000;1;1;38;line_consecutive;0.5;1128;3;14;7-8;3,7,11;49467.84000000006;49467.84;49467.84;49467.84;-6.548361852765083e-11;0.0;0.0;eev,integrated,separated,ws;lintim;SiouxFalls;SiouxFalls;True;False;1e-05;6000;1;2;20;50;200;-5;50;0.75;1;55;50;10;10;16;1128;1128
12428952;129;g_000;1;1;38;line_consecutive;0.5;1129;3;15;7-18;3,11;49467.84;49467.83999999845;49467.84;49467.84;-1.5497789718210695e-09;1.5497789718210695e-09;1.5497789718210695e-09;eev,integrated,separated,ws;lintim;SiouxFalls;SiouxFalls;True;False;1e-05;6000;1;2;20;50;200;-5;50;0.75;1;55;50;10;10;16;1129;1129
12428952;130;g_000;1;1;38;line_consecutive;0.5;1130;3;16;1-3;4,8,12;56143.59;56320.88999999996;57085.91499999999;57085.91499999999;177.29999999996653;765.0250000000306;765.0250000000306;eev,integrated,separated,ws;lintim;SiouxFalls;SiouxFalls;True;False;1e-05;6000;1;2;20;50;200;-5;50;0.75;1;55;50;10;10;16;1130;1130
12428952;131;g_000;1;1;38;line_consecutive;0.5;1131;3;17;4-11;4;52377.645;53102.08000000042;53889.655;53889.6550000031;724.4350000004197;787.5749999995824;787.5750000026819;eev,integrated,separated,ws;lintim;SiouxFalls;SiouxFalls;True;False;1e-05;6000;1;2;20;50;200;-5;50;0.75;1;55;50;10;10;16;1131;1131
12428952;132;g_000;1;1;38;line_consecutive;0.5;1132;3;18;11-14;4,8,10;53684.70999999999;53907.5;55393.16499999999;55393.16499999999;222.79000000000812;1485.6649999999936;1485.6649999999936;eev,integrated,separated,ws;lintim;SiouxFalls;SiouxFalls;True;False;1e-05;6000;1;2;20;50;200;-5;50;0.75;1;55;50;10;10;16;1132;1132
12428952;133;g_000;1;1;38;line_consecutive;0.5;1133;3;19;14-23;4,10;52686.86;52883.64999999997;54299.995;54299.995;196.78999999997177;1416.3450000000305;1416.3450000000305;eev,integrated,separated,ws;lintim;SiouxFalls;SiouxFalls;True;False;1e-05;6000;1;2;20;50;200;-5;50;0.75;1;55;50;10;10;16;1133;1133
12428952;134;g_000;1;1;38;line_consecutive;0.5;1134;3;20;23-24;4;52294.62999999999;52854.05000000001;53694.315;53694.3150000031;559.4200000000201;840.2649999999921;840.2650000030917;eev,integrated,separated,ws;lintim;SiouxFalls;SiouxFalls;True;False;1e-05;6000;1;2;20;50;200;-5;50;0.75;1;55;50;10;10;16;1134;1134
12428952;135;g_000;1;1;38;line_consecutive;0.5;1135;3;21;10-15;5,9;50254.800000000105;50400.75999999997;51639.535;51639.53499999999;145.95999999986816;1238.7750000000306;1238.775000000016;eev,integrated,separated,ws;lintim;SiouxFalls;SiouxFalls;True;False;1e-05;6000;1;2;20;50;200;-5;50;0.75;1;55;50;10;10;16;1135;1135
12428952;136;g_000;1;1;38;line_consecutive;0.5;1136;3;22;15-22;5,13;51242.53999999999;51284.73999999845;51293.45;51293.45;42.19999999845459;8.710000001548906;8.710000001548906;eev,integrated,separated,ws;lintim;SiouxFalls;SiouxFalls;True;False;1e-05;6000;1;2;20;50;200;-5;50;0.75;1;55;50;10;10;16;1136;1136
12428952;137;g_000;1;1;38;line_consecutive;0.5;1137;3;23;22-23;5;49926.02;49976.93000000001;49976.92999999999;49976.92999999999;50.91000000001077;-1.4551915228366852e-11;-1.4551915228366852e-11;eev,integrated,separated,ws;lintim;SiouxFalls;SiouxFalls;True;False;1e-05;6000;1;2;20;50;200;-5;50;0.75;1;55;50;10;10;16;1137;1137
12428952;138;g_000;1;1;38;line_consecutive;0.5;1138;3;24;13-24;6;51809.92999999999;52298.33000000001;52997.03;52997.02999999999;488.400000000016;698.6999999999898;698.6999999999825;eev,integrated,separated,ws;lintim;SiouxFalls;SiouxFalls;True;False;1e-05;6000;1;2;20;50;200;-5;50;0.75;1;55;50;10;10;16;1138;1138
12428952;139;g_000;1;1;38;line_consecutive;0.5;1139;3;25;21-24;6;50974.55;51152.58000000001;51836.81999999999;51836.81999999999;178.0300000000061;684.2399999999834;684.2399999999834;eev,integrated,separated,ws;lintim;SiouxFalls;SiouxFalls;True;False;1e-05;6000;1;2;20;50;200;-5;50;0.75;1;55;50;10;10;16;1139;1139
12428952;140;g_000;1;1;38;line_consecutive;0.5;1140;3;26;20-21;6;50921.06999999999;51099.10000000088;51758.41;51758.40999999999;178.0300000008865;659.3099999991246;659.30999999911;eev,integrated,separated,ws;lintim;SiouxFalls;SiouxFalls;True;False;1e-05;6000;1;2;20;50;200;-5;50;0.75;1;55;50;10;10;16;1140;1140
12428952;141;g_000;1;1;38;line_consecutive;0.5;1141;3;27;9-10;7,9;50061.52999999973;50655.21999999698;51060.01;51060.01;593.689999997252;404.7900000030204;404.7900000030204;eev,integrated,separated,ws;lintim;SiouxFalls;SiouxFalls;True;False;1e-05;6000;1;2;20;50;200;-5;50;0.75;1;55;50;10;10;16;1141;1141
12428952;142;g_000;1;1;38;line_consecutive;0.5;1142;3;28;3-12;8,12;49467.84;49467.84;49467.84;49467.84;0.0;0.0;0.0;eev,integrated,separated,ws;lintim;SiouxFalls;SiouxFalls;True;False;1e-05;6000;1;2;20;50;200;-5;50;0.75;1;55;50;10;10;16;1142;1142
12428952;143;g_000;1;1;38;line_consecutive;0.5;1143;3;29;5-6;9;49613.79999999999;49759.76;50747.83999999999;50747.840000000055;145.96000000001368;988.0799999999872;988.0800000000528;eev,integrated,separated,ws;lintim;SiouxFalls;SiouxFalls;True;False;1e-05;6000;1;2;20;50;200;-5;50;0.75;1;55;50;10;10;16;1143;1143
12428952;144;g_000;1;1;38;line_consecutive;0.5;1144;3;30;15-19;9,13,14;49999.28;50530.71999999986;51961.38;51961.37999999999;531.4399999998641;1430.6600000001345;1430.6600000001272;eev,integrated,separated,ws;lintim;SiouxFalls;SiouxFalls;True;False;1e-05;6000;1;2;20;50;200;-5;50;0.75;1;55;50;10;10;16;1144;1144
12428952;145;g_000;1;1;38;line_consecutive;0.5;1145;3;31;20-22;11;49467.84;49467.84;49467.83999999999;49467.83999999999;0.0;-7.275957614183426e-12;-7.275957614183426e-12;eev,integrated,separated,ws;lintim;SiouxFalls;SiouxFalls;True;False;1e-05;6000;1;2;20;50;200;-5;50;0.75;1;55;50;10;10;16;1145;1145
12428952;146;g_000;1;1;38;line_consecutive;0.5;1146;3;32;18-20;11;49467.84;49467.83999999849;49467.84;49467.84;-1.5061232261359692e-09;1.5061232261359692e-09;1.5061232261359692e-09;eev,integrated,separated,ws;lintim;SiouxFalls;SiouxFalls;True;False;1e-05;6000;1;2;20;50;200;-5;50;0.75;1;55;50;10;10;16;1146;1146
12428952;147;g_000;1;1;38;line_consecutive;0.5;1147;3;33;12-13;12;49467.84;49467.84;49467.84;49467.84;0.0;0.0;0.0;eev,integrated,separated,ws;lintim;SiouxFalls;SiouxFalls;True;False;1e-05;6000;1;2;20;50;200;-5;50;0.75;1;55;50;10;10;16;1147;1147
12428952;148;g_000;1;1;38;line_consecutive;0.5;1148;3;34;1-2;12;49467.84;49467.84000000002;49467.84;49467.84;2.182787284255028e-11;-2.182787284255028e-11;-2.182787284255028e-11;eev,integrated,separated,ws;lintim;SiouxFalls;SiouxFalls;True;False;1e-05;6000;1;2;20;50;200;-5;50;0.75;1;55;50;10;10;16;1148;1148
12428952;149;g_000;1;1;38;line_consecutive;0.5;1149;3;35;21-22;13;49494.48;49521.11999999933;49911.16;49911.16;26.63999999933003;390.0400000006703;390.0400000006703;eev,integrated,separated,ws;lintim;SiouxFalls;SiouxFalls;True;False;1e-05;6000;1;2;20;50;200;-5;50;0.75;1;55;50;10;10;16;1149;1149
12428952;150;g_000;1;1;38;line_consecutive;0.5;1150;3;36;14-15;14;49492.65999999965;49517.48;49856.74999999999;49856.74999999997;24.82000000035623;339.2699999999895;339.2699999999677;eev,integrated,separated,ws;lintim;SiouxFalls;SiouxFalls;True;False;1e-05;6000;1;2;20;50;200;-5;50;0.75;1;55;50;10;10;16;1150;1150
12428952;151;g_000;1;1;38;line_consecutive;0.5;1151;3;37;10-17;14;49492.65999999992;49517.47999999997;49856.75;49856.74999999998;24.820000000043365;339.2700000000332;339.2700000000113;eev,integrated,separated,ws;lintim;SiouxFalls;SiouxFalls;True;False;1e-05;6000;1;2;20;50;200;-5;50;0.75;1;55;50;10;10;16;1151;1151
12428952;152;g_000;1;1;38;line_consecutive;0.5;1152;4;0;11-12;1,7,8;55805.34999999999;56860.90999999957;57296.33499999839;57296.3349999984;1055.5599999995757;435.4249999988242;435.4249999988315;eev,integrated,separated,ws;lintim;SiouxFalls;SiouxFalls;True;False;1e-05;6000;1;2;20;50;200;-5;50;0.75;2;55;50;10;10;16;1152;1152
12428952;153;g_000;1;1;38;line_consecutive;0.5;1153;4;1;10-11;1,7,10;55473.42;56713.88000000002;58023.90499999839;58023.90499703081;1240.460000000021;1310.0249999983716;1310.0249970307923;eev,integrated,separated,ws;lintim;SiouxFalls;SiouxFalls;True;False;1e-05;6000;1;2;20;50;200;-5;50;0.75;2;55;50;10;10;16;1153;1153
12428952;154;g_000;1;1;38;line_consecutive;0.5;1154;4;2;10-16;1,10;53377.605;54149.60500000002;55900.32999999838;55900.32999999839;772.0000000000146;1750.7249999983617;1750.7249999983687;eev,integrated,separated,ws;lintim;SiouxFalls;SiouxFalls;True;False;1e-05;6000;1;2;20;50;200;-5;50;0.75;2;55;50;10;10;16;1154;1154
12428952;155;g_000;1;1;38;line_consecutive;0.5;1155;4;3;16-18;1;52659.84999999999;53324.045000000006;55021.82999999839;55021.82999999839;664.1950000000143;1697.784999998381;1697.784999998381;eev,integrated,separated,ws;lintim;SiouxFalls;SiouxFalls;True;False;1e-05;6000;1;2;20;50;200;-5;50;0.75;2;55;50;10;10;16;1155;1155
12428952;156;g_000;1;1;38;line_consecutive;0.5;1156;4;4;2-6;2;58649.21999999999;60364.61000000001;61235.3099999984;61235.3099999984;1715.3900000000212;870.6999999983891;870.6999999983891;eev,integrated,separated,ws;lintim;SiouxFalls;SiouxFalls;True;False;1e-05;6000;1;2;20;50;200;-5;50;0.75;2;55;50;10;10;16;1156;1156
12428952;157;g_000;1;1;38;line_consecutive;0.5;1157;4;5;6-8;2;57174.70999999999;58215.33000000001;58779.639999998384;58779.63999999839;1040.6200000000172;564.3099999983751;564.3099999983824;eev,integrated,separated,ws;lintim;SiouxFalls;SiouxFalls;True;False;1e-05;6000;1;2;20;50;200;-5;50;0.75;2;55;50;10;10;16;1157;1157
12428952;158;g_000;1;1;38;line_consecutive;0.5;1158;4;6;8-16;2,10,13;57078.68999999999;58362.380000000034;59573.35499999838;58810.01999999999;1283.690000000046;1210.974999998347;447.63999999995576;eev,integrated,separated,ws;lintim;SiouxFalls;SiouxFalls;True;False;1e-05;6000;1;2;20;50;200;-5;50;0.75;2;55;50;10;10;16;1158;1158
12428952;159;g_000;1;1;38;line_consecutive;0.5;1159;4;7;16-17;2,13;56436.240000000005;57344.130000000005;57945.2149999984;57889.19;907.8899999999994;601.0849999983984;545.0599999999977;eev,integrated,separated,ws;lintim;SiouxFalls;SiouxFalls;True;False;1e-05;6000;1;2;20;50;200;-5;50;0.75;2;55;50;10;10;16;1159;1159
12428952;160;g_000;1;1;38;line_consecutive;0.5;1160;4;8;17-19;2,13,14;60308.675;60993.63499999944;61877.76999999839;61414.10544037583;684.9599999994389;884.134999998947;420.4704403763899;eev,integrated,separated,ws;lintim;SiouxFalls;SiouxFalls;True;False;1e-05;6000;1;2;20;50;200;-5;50;0.75;2;55;50;10;10;16;1160;1160
12428952;161;g_000;1;1;38;line_consecutive;0.5;1161;4;9;19-20;2;57520.875;58598.405000000006;59162.71499999838;59162.71499999839;1077.530000000006;564.3099999983751;564.3099999983824;eev,integrated,separated,ws;lintim;SiouxFalls;SiouxFalls;True;False;1e-05;6000;1;2;20;50;200;-5;50;0.75;2;55;50;10;10;16;1161;1161
12428952;162;g_000;1;1;38;line_consecutive;0.5;1162;4;10;3-4;3,4;55065.45999999999;55980.80500000001;57075.83499999839;57075.83499999839;915.3450000000156;1095.0299999983836;1095.0299999983836;eev,integrated,separated,ws;lintim;SiouxFalls;SiouxFalls;True;False;1e-05;6000;1;2;20;50;200;-5;50;0.75;2;55;50;10;10;16;1162;1162
12428952;163;g_000;1;1;38;line_consecutive;0.5;1163;4;11;4-5;3;51140.24;51140.24000002087;51140.23999999839;51140.2399999984;2.0874722395092252e-08;-2.2482709027826783e-08;-2.2475433070212606e-08;eev,integrated,separated,ws;lintim;SiouxFalls;SiouxFalls;True;False;1e-05;6000;1;2;20;50;200;-5;50;0.75;2;55;50;10;10;16;1163;1163
12428952;164;g_000;1;1;38;line_consecutive;0.5;1164;4;12;5-9;3,9;51271.24;51402.240000000005;52420.23999999839;52420.239999998405;131.00000000000728;1017.9999999983849;1017.9999999983992;eev,integrated,separated,ws;lintim;SiouxFalls;SiouxFalls;True;False;1e-05;6000;1;2;20;50;200;-5;50;0.75;2;55;50;10;10;16;1164;1164
12428952;165;g_000;1;1;38;line_consecutive;0.5;1165;4;13;8-9;3,7;51140.240000000005;51140.23999999955;51140.23999999839;51140.23999999839;-4.5838532969355583e-10;-1.1568772606551647e-09;-1.1568772606551647e-09;eev,integrated,separated,ws;lintim;SiouxFalls;SiouxFalls;True;False;1e-05;6000;1;2;20;50;200;-5;50;0.75;2;55;50;10;10;16;1165;1165
12428952;166;g_000;1;1;38;line_consecutive;0.5;1166;4;14;7-8;3,7,11;51140.23999999999;51140.240000000005;51140.23999999839;51140.2399999984;1.4551915228366852e-11;-1.6152625903487206e-09;-1.6079866327345371e-09;eev,integrated,separated,ws;lintim;SiouxFalls;SiouxFalls;True;False;1e-05;6000;1;2;20;50;200;-5;50;0.75;2;55;50;10;10;16;1166;1166
12428952;167;g_000;1;1;38;line_consecutive;0.5;1167;4;15;7-18;3,11;51140.23999999999;51140.24000000001;51140.23999999839;51140.23999999839;2.182787284255028e-11;-1.622538547962904e-09;-1.622538547962904e-09;eev,integrated,separated,ws;lintim;SiouxFalls;SiouxFalls;True;False;1e-05;6000;1;2;20;50;200;-5;50;0.75;2;55;50;10;10;16;1167;1167
12428952;168;g_000;1;1;38;line_consecutive;0.5;1168;4;16;1-3;4,8,12;58391.91000000008;58918.000000000015;59192.72499999839;59192.7249999984;526.089999999931;274.724999998376;274.7249999983833;eev,integrated,separated,ws;lintim;SiouxFalls;SiouxFalls;True;False;1e-05;6000;1;2;20;50;200;-5;50;0.75;2;55;50;10;10;16;1168;1168
12428952;169;g_000;1;1;38;line_consecutive;0.5;1169;4;17;4-11;4;54346.68999999999;55250.21499999997;55779.53499999839;55779.5349999984;903.5249999999796;529.3199999984208;529.3199999984354;eev,integrated,separated,ws;lintim;SiouxFalls;SiouxFalls;True;False;1e-05;6000;1;2;20;50;200;-5;50;0.75;2;55;50;10;10;16;1169;1169
12428952;170;g_000;1;1;38;line_consecutive;0.5;1170;4;18;11-14;4,8,10;55715.62999999999;56294.27999999999;57293.02999999839;57293.0299999984;578.6500000000015;998.7499999983992;998.7499999984066;eev,integrated,separated,ws;lintim;SiouxFalls;SiouxFalls;True;False;1e-05;6000;1;2;20;50;200;-5;50;0.75;2;55;50;10;10;16;1170;1170
12428952;171;g_000;1;1;38;line_consecutive;0.5;1171;4;19;14-23;4,10;54841.905;55396.175;56078.2449999984;56078.2449999984;554.2700000000041;682.069999998399;682.069999998399;eev,integrated,separated,ws;lintim;SiouxFalls;SiouxFalls;True;False;1e-05;6000;1;2;20;50;200;-5;50;0.75;2;55;50;10;10;16;1171;1171
12428952;172;g_000;1;1;38;line_consecutive;0.5;1172;4;20;23-24;4;54286.7;55198.02999992916;55588.29499999839;55588.2949999984;911.329999929163;390.26500006923015;390.26500006923743;eev,integrated,separated,ws;lintim;SiouxFalls;SiouxFalls;True;False;1e-05;6000;1;2;20;50;200;-5;50;0.75;2;55;50;10;10;16;1172;1172
12428952;173;g_000;1;1;38;line_consecutive;0.5;1173;4;21;10-15;5,9;52049.83500000001;52180.835000000014;53427.95499999839;53427.9549999984;131.00000000000728;1247.1199999983728;1247.1199999983874;eev,integrated,separated,ws;lintim;SiouxFalls;SiouxFalls;True;False;1e-05;6000;1;2;20;50;200;-5;50;0.75;2;55;50;10;10;16;1173;1173
12428952;174;g_000;1;1;38;line_consecutive;0.5;1174;4;22;15-22;5,13;53051.31;53051.31000000001;53051.30999999839;53051.3099999984;1.4551915228366852e-11;-1.622538547962904e-09;-1.6152625903487206e-09;eev,integrated,separated,ws;lintim;SiouxFalls;SiouxFalls;True;False;1e-05;6000;1;2;20;50;200;-5;50;0.75;2;55;50;10;10;16;1174;1174
12428952;175;g_000;1;1;38;line_consecutive;0.5;1175;4;23;22-23;5;51792.37999999999;51792.595000000016;51792.59499999839;51792.59499999839;0.2150000000256113;-1.622538547962904e-09;-1.622538547962904e-09;eev,integrated,separated,ws;lintim;SiouxFalls;SiouxFalls;True;False;1e-05;6000;1;2;20;50;200;-5;50;0.75;2;55;50;10;10;16;1175;1175
12428952;176;g_000;1;1;38;line_consecutive;0.5;1176;4;24;13-24;6;53437.67;53966.72;54488.29499999839;54488.2949999984;529.0500000000029;521.5749999983891;521.5749999983964;eev,integrated,separated,ws;lintim;SiouxFalls;SiouxFalls;True;False;1e-05;6000;1;2;20;50;200;-5;50;0.75;2;55;50;10;10;16;1176;1176
12428952;177;g_000;1;1;38;line_consecutive;0.5;1177;4;25;21-24;6;52808.19;53127.14000000001;53497.5899999984;53497.5899999984;318.9500000000044;370.4499999983964;370.4499999983964;eev,integrated,separated,ws;lintim;SiouxFalls;SiouxFalls;True;False;1e-05;6000;1;2;20;50;200;-5;50;0.75;2;55;50;10;10;16;1177;1177
12428952;178;g_000;1;1;38;line_consecutive;0.5;1178;4;26;20-21;6;52734.38999999999;53053.34;53432.83499999839;53432.83499999839;318.9500000000044;379.4949999983946;379.4949999983946;eev,integrated,separated,ws;lintim;SiouxFalls;SiouxFalls;True;False;1e-05;6000;1;2;20;50;200;-5;50;0.75;2;55;50;10;10;16;1178;1178
12428952;179;g_000;1;1;38;line_consecutive;0.5;1179;4;27;9-10;7,9;51773.55;52406.859999992805;52726.58999999839;52726.5899999984;633.3099999928017;319.73000000558386;319.7300000055984;eev,integrated,separated,ws;lintim;SiouxFalls;SiouxFalls;True;False;1e-05;6000;1;2;20;50;200;-5;50;0.75;2;55;50;10;10;16;1179;1179
12428952;180;g_000;1;1;38;line_consecutive;0.5;1180;4;28;3-12;8,12;51140.239999996375;51140.24000000001;51140.23999999839;51140.23999999839;3.637978807091713e-09;-1.622538547962904e-09;-1.622538547962904e-09;eev,integrated,separated,ws;lintim;SiouxFalls;SiouxFalls;True;False;1e-05;6000;1;2;20;50;200;-5;50;0.75;2;55;50;10;10;16;1180;1180
12428952;181;g_000;1;1;38;line_consecutive;0.5;1181;4;29;5-6;9;51271.24;51402.240000000005;52420.23999999839;52420.23999999839;131.00000000000728;1017.9999999983849;1017.9999999983849;eev,integrated,separated,ws;lintim;SiouxFalls;SiouxFalls;True;False;1e-05;6000;1;2;20;50;200;-5;50;0.75;2;55;50;10;10;16;1181;1181
12428952;182;g_000;1;1;38;line_consecutive;0.5;1182;4;30;15-19;9,13,14;51730.34999999999;52320.46000000001;53741.714999998265;53741.714999998265;590.1100000000151;1421.2549999982584;1421.2549999982584;eev,integrated,separated,ws;lintim;SiouxFalls;SiouxFalls;True;False;1e-05;6000;1;2;20;50;200;-5;50;0.75;2;55;50;10;10;16;1182;1182
12428952;183;g_000;1;1;38;line_consecutive;0.5;1183;4;31;20-22;11;51140.23999999999;51140.24000000001;51140.23999998155;51140.23999998155;2.182787284255028e-11;-1.845910446718335e-08;-1.845910446718335e-08;eev,integrated,separated,ws;lintim;SiouxFalls;SiouxFalls;True;False;1e-05;6000;1;2;20;50;200;-5;50;0.75;2;55;50;10;10;16;1183;1183
12428952;184;g_000;1;1;38;line_consecutive;0.5;1184;4;32;18-20;11;51140.24;51140.24000000485;51140.23999998507;51140.23999998508;4.853063728660345e-09;-1.9783328752964732e-08;-1.9768776837736368e-08;eev,integrated,separated,ws;lintim;SiouxFalls;SiouxFalls;True;False;1e-05;6000;1;2;20;50;200;-5;50;0.75;2;55;50;10;10;16;1184;1184
12428952;185;g_000;1;1;38;line_consecutive;0.5;1185;4;33;12-13;12;51140.23999999999;51140.24000000001;51140.23999999839;51140.23999999839;2.182787284255028e-11;-1.622538547962904e-09;-1.622538547962904e-09;eev,integrated,separated,ws;lintim;SiouxFalls;SiouxFalls;True;False;1e-05;6000;1;2;20;50;200;-5;50;0.75;2;55;50;10;10;16;1185;1185
12428952;186;g_000;1;1;38;line_consecutive;0.5;1186;4;34;1-2;12;51140.24;51140.24000000041;51140.23999999839;51140.23999999839;4.147295840084553e-10;-2.0227162167429924e-09;-2.0227162167429924e-09;eev,integrated,separated,ws;lintim;SiouxFalls;SiouxFalls;True;False;1e-05;6000;1;2;20;50;200;-5;50;0.75;2;55;50;10;10;16;1186;1186
12428952;187;g_000;1;1;38;line_consecutive;0.5;1187;4;35;21-22;13;51402.15999999999;51664.08000000001;51710.22499999839;51710.22499999838;261.9200000000201;46.144999998381536;46.14499999837426;eev,integrated,separated,ws;lintim;SiouxFalls;SiouxFalls;True;False;1e-05;6000;1;2;20;50;200;-5;50;0.75;2;55;50;10;10;16;1187;1187
12428952;188;g_000;1;1;38;line_consecutive;0.5;1188;4;36;14-15;14;51307.5;51474.76;51600.3699999984;51600.3699999984;167.26000000000204;125.60999999839989;125.60999999839989;eev,integrated,separated,ws;lintim;SiouxFalls;SiouxFalls;True;False;1e-05;6000;1;2;20;50;200;-5;50;0.75;2;55;50;10;10;16;1188;1188
12428952;189;g_000;1;1;38;line_consecutive;0.5;1189;4;37;10-17;14;51307.5;51474.76;51600.3699999984;51600.3699999984;167.26000000000204;125.60999999839989;125.60999999839989;eev,integrated,separated,ws;lintim;SiouxFalls;SiouxFalls;True;False;1e-05;6000;1;2;20;50;200;-5;50;0.75;2;55;50;10;10;16;1189;1189
12428952;190;g_000;1;1;38;line_consecutive;0.5;1190;5;0;11-12;1,7,8;57292.035;59069.29499987343;59069.29499999939;59069.29499999939;1777.2599998734297;1.2595410225912929e-07;1.2595410225912929e-07;eev,integrated,separated,ws;lintim;SiouxFalls;SiouxFalls;True;False;1e-05;6000;1;2;20;50;200;-5;50;0.75;5;55;50;10;10;16;1190;1190
12428952;191;g_000;1;1;38;line_consecutive;0.5;1191;5;1;10-11;1,7,10;57184.105;58722.65;59799.57999999939;59799.57999999939;1538.5449999999985;1076.929999999389;1076.929999999389;eev,integrated,separated,ws;lintim;SiouxFalls;SiouxFalls;True;False;1e-05;6000;1;2;20;50;200;-5;50;0.75;5;55;50;10;10;16;1191;1191
12428952;192;g_000;1;1;38;line_consecutive;0.5;1192;5;2;10-16;1,10;54837.559999999416;55836.35;57582.31999999939;57582.31999999938;998.790000000583;1745.96999999939;1745.9699999993827;eev,integrated,separated,ws;lintim;SiouxFalls;SiouxFalls;True;False;1e-05;6000;1;2;20;50;200;-5;50;0.75;5;55;50;10;10;16;1192;1192
12428952;193;g_000;1;1;38;line_consecutive;0.5;1193;5;3;16-18;1;54149.895;54735.96500000001;56923.134999999376;56923.134999999376;586.0700000000143;2187.169999999365;2187.169999999365;eev,integrated,separated,ws;lintim;SiouxFalls;SiouxFalls;True;False;1e-05;6000;1;2;20;50;200;-5;50;0.75;5;55;50;10;10;16;1193;1193
12428952;194;g_000;1;1;38;line_consecutive;0.5;1194;5;4;2-6;2;60465.795;62909.05999999999;63543.64999999938;63226.81;2443.264999999992;634.5899999993926;317.7500000000073;eev,integrated,separated,ws;lintim;SiouxFalls;SiouxFalls;True;False;1e-05;6000;1;2;20;50;200;-5;50;0.75;5;55;50;10;10;16;1194;1194
12428952;195;g_000;1;1;38;line_consecutive;0.5;1195;5;5;6-8;2;58695.255;60286.84000000484;60719.78999999938;60402.95;1591.585000004845;432.9499999945401;116.1099999951548;eev,integrated,separated,ws;lintim;SiouxFalls;SiouxFalls;True;False;1e-05;6000;1;2;20;50;200;-5;50;0.75;5;55;50;10;10;16;1195;1195
12428952;196;g_000;1;1;38;line_consecutive;0.5;1196;5;6;8-16;2,10,13;58625.02;60083.33999999999;61427.26999999939;60274.48999999933;1458.3199999999924;1343.9299999994037;191.14999999933931;eev,integrated,separated,ws;lintim;SiouxFalls;SiouxFalls;True;False;1e-05;6000;1;2;20;50;200;-5;50;0.75;5;55;50;10;10;16;1196;1196
12428952;197;g_000;1;1;38;line_consecutive;0.5;1197;5;7;16-17;2,13;57863.36;59009.38000000001;59691.42000000646;59123.90000000001;1146.0200000000114;682.0400000064474;114.5199999999968;eev,integrated,separated,ws;lintim;SiouxFalls;SiouxFalls;True;False;1e-05;6000;1;2;20;50;200;-5;50;0.75;5;55;50;10;10;16;1197;1197
12428952;198;g_000;1;1;38;line_consecutive;0.5;1198;5;8;17-19;2,13,14;62218.76499999999;62851.17499999999;63856.95499999938;62851.175;632.4099999999962;1005.7799999993948;1.4551915228366852e-11;eev,integrated,separated,ws;lintim;SiouxFalls;SiouxFalls;True;False;1e-05;6000;1;2;20;50;200;-5;50;0.75;5;55;50;10;10;16;1198;1198
12428952;199;g_000;1;1;38;line_consecutive;0.5;1199;5;9;19-20;2;59043.41999999999;60390.65999999556;60823.60999999938;60506.77;1347.239999995567;432.9500000038242;116.11000000443892;eev,integrated,separated,ws;lintim;SiouxFalls;SiouxFalls;True;False;1e-05;6000;1;2;20;50;200;-5;50;0.75;5;55;50;10;10;16;1199;1199
12428952;200;g_000;1;1;38;line_consecutive;0.5;1200;5;10;3-4;3,4;56947.38000001667;58278.95499989113;59736.70499999928;59736.70499999928;1331.574999874465;1457.7500001081498;1457.7500001081498;eev,integrated,separated,ws;lintim;SiouxFalls;SiouxFalls;True;False;1e-05;6000;1;2;20;50;200;-5;50;0.75;5;55;50;10;10;16;1200;1200
12428952;201;g_000;1;1;38;line_consecutive;0.5;1201;5;11;4-5;3;52499.14;52499.140000000014;52499.13999999939;52499.13999999939;1.4551915228366852e-11;-6.257323548197745e-10;-6.257323548197745e-10;eev,integrated,separated,ws;lintim;SiouxFalls;SiouxFalls;True;False;1e-05;6000;1;2;20;50;200;-5;50;0.75;5;55;50;10;10;16;1201;1201
12428952;202;g_000;1;1;38;line_consecutive;0.5;1202;5;12;5-9;3,9;52653.1;52807.060000000005;54158.10999999939;54158.10999999938;153.9600000000064;1351.0499999993845;1351.0499999993772;eev,integrated,separated,ws;lintim;SiouxFalls;SiouxFalls;True;False;1e-05;6000;1;2;20;50;200;-5;50;0.75;5;55;50;10;10;16;1202;1202
12428952;203;g_000;1;1;38;line_consecutive;0.5;1203;5;13;8-9;3,7;52499.14;52499.13999999999;52499.13999999939;52499.13999999939;-7.275957614183426e-12;-6.039044819772242e-10;-6.039044819772242e-10;eev,integrated,separated,ws;lintim;SiouxFalls;SiouxFalls;True;False;1e-05;6000;1;2;20;50;200;-5;50;0.75;5;55;50;10;10;16;1203;1203
12428952;204;g_000;1;1;38;line_consecutive;0.5;1204;5;14;7-8;3,7,11;52499.14;52499.14000000001;52499.13999999939;52499.13999999939;7.275957614183426e-12;-6.184563972055911e-10;-6.184563972055911e-10;eev,integrated,separated,ws;lintim;SiouxFalls;SiouxFalls;True;False;1e-05;6000;1;2;20;50;200;-5;50;0.75;5;55;50;10;10;16;1204;1204
12428952;205;g_000;1;1;38;line_consecutive;0.5;1205;5;15;7-18;3,11;52499.13999999996;52499.14000004071;52499.13999999939;52499.13999999939;4.074536263942719e-08;-4.132016329094768e-08;-4.132016329094768e-08;eev,integrated,separated,ws;lintim;SiouxFalls;SiouxFalls;True;False;1e-05;6000;1;2;20;50;200;-5;50;0.75;5;55;50;10;10;16;1205;1205
12428952;206;g_000;1;1;38;line_consecutive;0.5;1206;5;16;1-3;4,8,12;60909.855;61113.715;62075.83499999938;62075.83499999938;203.8599999999933;962.1199999993842;962.1199999993842;eev,integrated,separated,ws;lintim;SiouxFalls;SiouxFalls;True;False;1e-05;6000;1;2;20;50;200;-5;50;0.75;5;55;50;10;10;16;1206;1206
12428952;207;g_000;1;1;38;line_consecutive;0.5;1207;5;17;4-11;4;56202.87499999999;57302.030000000006;58253.70999999939;58253.70999999939;1099.1550000000134;951.6799999993818;951.6799999993818;eev,integrated,separated,ws;lintim;SiouxFalls;SiouxFalls;True;False;1e-05;6000;1;2;20;50;200;-5;50;0.75;5;55;50;10;10;16;1207;1207
12428952;208;g_000;1;1;38;line_consecutive;0.5;1208;5;18;11-14;4,8,10;57584.68;58282.185;59675.65999999939;59675.659999999385;697.5049999999974;1393.4749999993946;1393.4749999993874;eev,integrated,separated,ws;lintim;SiouxFalls;SiouxFalls;True;False;1e-05;6000;1;2;20;50;200;-5;50;0.75;5;55;50;10;10;16;1208;1208
12428952;209;g_000;1;1;38;line_consecutive;0.5;1209;5;19;14-23;4,10;56597.87;57347.7;58616.64999999938;58616.64999999938;749.8299999999945;1268.949999999386;1268.949999999386;eev,integrated,separated,ws;lintim;SiouxFalls;SiouxFalls;True;False;1e-05;6000;1;2;20;50;200;-5;50;0.75;5;55;50;10;10;16;1209;1209
12428952;210;g_000;1;1;38;line_consecutive;0.5;1210;5;20;23-24;4;56113.28999999999;57299.33;57841.93999999939;57841.93999999939;1186.040000000008;542.6099999993894;542.6099999993894;eev,integrated,separated,ws;lintim;SiouxFalls;SiouxFalls;True;False;1e-05;6000;1;2;20;50;200;-5;50;0.75;5;55;50;10;10;16;1210;1210
12428952;211;g_000;1;1;38;line_consecutive;0.5;1211;5;21;10-15;5,9;53468.78;53622.740000000005;54971.514913775696;54971.514913775696;153.9600000000064;1348.774913775691;1348.774913775691;eev,integrated,separated,ws;lintim;SiouxFalls;SiouxFalls;True;False;1e-05;6000;1;2;20;50;200;-5;50;0.75;5;55;50;10;10;16;1211;1211
12428952;212;g_000;1;1;38;line_consecutive;0.5;1212;5;22;15-22;5,13;54524.625;54524.62500000001;54524.62499999935;54524.62499999935;7.275957614183426e-12;-6.548361852765082e-10;-6.548361852765082e-10;eev,integrated,separated,ws;lintim;SiouxFalls;SiouxFalls;True;False;1e-05;6000;1;2;20;50;200;-5;50;0.75;5;55;50;10;10;16;1212;1212
12428952;213;g_000;1;1;38;line_consecutive;0.5;1213;5;23;22-23;5;53180.84;53180.84000000001;53180.839999999385;53180.839999999385;1.4551915228366852e-11;-6.257323548197745e-10;-6.257323548197745e-10;eev,integrated,separated,ws;lintim;SiouxFalls;SiouxFalls;True;False;1e-05;6000;1;2;20;50;200;-5;50;0.75;5;55;50;10;10;16;1213;1213
12428952;214;g_000;1;1;38;line_consecutive;0.5;1214;5;24;13-24;6;55016.41;55964.965;56670.86999999938;56670.86999999938;948.554999999993;705.9049999993804;705.9049999993804;eev,integrated,separated,ws;lintim;SiouxFalls;SiouxFalls;True;False;1e-05;6000;1;2;20;50;200;-5;50;0.75;5;55;50;10;10;16;1214;1214
12428952;215;g_000;1;1;38;line_consecutive;0.5;1215;5;25;21-24;6;54112.11;54376.08000001933;54998.659999999385;54998.65999999938;263.9700000193261;622.5799999800583;622.5799999800511;eev,integrated,separated,ws;lintim;SiouxFalls;SiouxFalls;True;False;1e-05;6000;1;2;20;50;200;-5;50;0.75;5;55;50;10;10;16;1215;1215
12428952;216;g_000;1;1;38;line_consecutive;0.5;1216;5;26;20-21;6;54038.31;54302.27999999346;54917.479999999385;54917.479999999385;263.9699999934601;615.200000005927;615.200000005927;eev,integrated,separated,ws;lintim;SiouxFalls;SiouxFalls;True;False;1e-05;6000;1;2;20;50;200;-5;50;0.75;5;55;50;10;10;16;1216;1216
12428952;217;g_000;1;1;38;line_consecutive;0.5;1217;5;27;9-10;7,9;53068.89;53469.86000000099;54396.89999999953;54396.89999999953;400.9700000009907;927.0399999985384;927.0399999985384;eev,integrated,separated,ws;lintim;SiouxFalls;SiouxFalls;True;False;1e-05;6000;1;2;20;50;200;-5;50;0.75;5;55;50;10;10;16;1217;1217
12428952;218;g_000;1;1;38;line_consecutive;0.5;1218;5;28;3-12;8,12;52499.14;52499.14000000001;52499.13999999939;52499.13999999939;7.275957614183426e-12;-6.184563972055911e-10;-6.184563972055911e-10;eev,integrated,separated,ws;lintim;SiouxFalls;SiouxFalls;True;False;1e-05;6000;1;2;20;50;200;-5;50;0.75;5;55;50;10;10;16;1218;1218
12428952;219;g_000;1;1;38;line_consecutive;0.5;1219;5;29;5-6;9;52653.1;52807.06000000001;54158.10994244072;54158.10994244072;153.96000000001368;1351.04994244071;1351.04994244071;eev,integrated,separated,ws;lintim;SiouxFalls;SiouxFalls;True;False;1e-05;6000;1;2;20;50;200;-5;50;0.75;5;55;50;10;10;16;1219;1219
12428952;220;g_000;1;1;38;line_consecutive;0.5;1220;5;30;15-19;9,13,14;53103.15;53707.15999999989;55343.004999999386;55343.004999999386;604.0099999998856;1635.8449999994991;1635.8449999994991;eev,integrated,separated,ws;lintim;SiouxFalls;SiouxFalls;True;False;1e-05;6000;1;2;20;50;200;-5;50;0.75;5;55;50;10;10;16;1220;1220
12428952;221;g_000;1;1;38;line_consecutive;0.5;1221;5;31;20-22;11;52499.14;52499.140000000014;52499.13999999939;52499.13999999939;1.4551915228366852e-11;-6.257323548197745e-10;-6.257323548197745e-10;eev,integrated,separated,ws;lintim;SiouxFalls;SiouxFalls;True;False;1e-05;6000;1;2;20;50;200;-5;50;0.75;5;55;50;10;10;16;1221;1221
12428952;222;g_000;1;1;38;line_consecutive;0.5;1222;5;32;18-20;11;52499.14;52499.14000000002;52499.13999999939;52499.13999999939;2.182787284255028e-11;-6.330083124339581e-10;-6.330083124339581e-10;eev,integrated,separated,ws;lintim;SiouxFalls;SiouxFalls;True;False;1e-05;6000;1;2;20;50;200;-5;50;0.75;5;55;50;10;10;16;1222;1222
12428952;223;g_000;1;1;38;line_consecutive;0.5;1223;5;33;12-13;12;52499.14;52499.140000004125;52499.13999999939;52499.13999999939;4.125467967242002e-09;-4.73664840683341e-09;-4.73664840683341e-09;eev,integrated,separated,ws;lintim;SiouxFalls;SiouxFalls;True;False;1e-05;6000;1;2;20;50;200;-5;50;0.75;5;55;50;10;10;16;1223;1223
12428952;224;g_000;1;1;38;line_consecutive;0.5;1224;5;34;1-2;12;52499.14;52499.13999999985;52499.13999999939;52499.13999999939;-1.5279510989785194e-10;-4.5838532969355583e-10;-4.5838532969355583e-10;eev,integrated,separated,ws;lintim;SiouxFalls;SiouxFalls;True;False;1e-05;6000;1;2;20;50;200;-5;50;0.75;5;55;50;10;10;16;1224;1224
12428952;225;g_000;1;1;38;line_consecutive;0.5;1225;5;35;21-22;13;52675.51;52851.88;53102.55999999939;53102.5599999994;176.36999999999534;250.6799999993891;250.6799999994037;eev,integrated,separated,ws;lintim;SiouxFalls;SiouxFalls;True;False;1e-05;6000;1;2;20;50;200;-5;50;0.75;5;55;50;10;10;16;1225;1225
12428952;226;g_000;1;1;38;line_consecutive;0.5;1226;5;36;14-15;14;52605.76999999999;52712.39999999765;53073.38499999938;53073.38499999938;106.6299999976618;360.98500000173226;360.98500000173226;eev,integrated,separated,ws;lintim;SiouxFalls;SiouxFalls;True;False;1e-05;6000;1;2;20;50;200;-5;50;0.75;5;55;50;10;10;16;1226;1226
12428952;227;g_000;1;1;38;line_consecutive;0.5;1227;5;37;10-17;14;52605.77;52712.4;53073.38499999939;53073.38499999938;106.63000000000466;360.9849999993894;360.9849999993821;eev,integrated,separated,ws;lintim;SiouxFalls;SiouxFalls;True;False;1e-05;6000;1;2;20;50;200;-5;50;0.75;5;55;50;10;10;16;1227;1227
12428952;228;g_000;1;1;38;line_consecutive;0.5;1228;6;0;11-12;1,7,8;53789.16999999999;54914.785;54914.785;54914.78499999999;1125.6150000000123;0.0;-1.4551915228366852e-11;eev,integrated,separated,ws;lintim;SiouxFalls;SiouxFalls;True;False;1e-05;6000;1;2;20;50;200;-5;50;1.0;1;55;50;10;10;16;1228;1228
12428952;229;g_000;1;1;38;line_consecutive;0.5;1229;6;1;10-11;1,7,10;53697.19;54829.38500000001;55611.894999999975;55611.894999999975;1132.195000000007;782.5099999999657;782.5099999999657;eev,integrated,separated,ws;lintim;SiouxFalls;SiouxFalls;True;False;1e-05;6000;1;2;20;50;200;-5;50;1.0;1;55;50;10;10;16;1229;1229
12428952;230;g_000;1;1;38;line_consecutive;0.5;1230;6;2;10-16;1,10;51479.555;52251.46500000001;53509.78999999998;53509.78999999998;771.9100000000108;1258.324999999968;1258.324999999968;eev,integrated,separated,ws;lintim;SiouxFalls;SiouxFalls;True;False;1e-05;6000;1;2;20;50;200;-5;50;1.0;1;55;50;10;10;16;1230;1230
12428952;231;g_000;1;1;38;line_consecutive;0.5;1231;6;3;16-18;1;50767.240000000005;51432.01999999861;52796.93999999999;52796.93999999999;664.7799999986019;1364.920000001381;1364.920000001381;eev,integrated,separated,ws;lintim;SiouxFalls;SiouxFalls;True;False;1e-05;6000;1;2;20;50;200;-5;50;1.0;1;55;50;10;10;16;1231;1231
12428952;232;g_000;1;1;38;line_consecutive;0.5;1232;6;4;2-6;2;56155.795;58078.34;58992.13499999999;58992.13499999998;1922.5449999999985;913.794999999991;913.7949999999836;eev,integrated,separated,ws;lintim;SiouxFalls;SiouxFalls;True;False;1e-05;6000;1;2;20;50;200;-5;50;1.0;1;55;50;10;10;16;1232;1232
12428952;233;g_000;1;1;38;line_consecutive;0.5;1233;6;5;6-8;2;54838.605;56105.235;56762.94;56762.93999999999;1266.6299999999974;657.7050000000017;657.7049999999872;eev,integrated,separated,ws;lintim;SiouxFalls;SiouxFalls;True;False;1e-05;6000;1;2;20;50;200;-5;50;1.0;1;55;50;10;10;16;1233;1233
12428952;234;g_000;1;1;38;line_consecutive;0.5;1234;6;6;8-16;2,10,13;54941.35;56207.81;57667.24499999997;56844.69999999998;1266.4599999999991;1459.4349999999758;636.8899999999849;eev,integrated,separated,ws;lintim;SiouxFalls;SiouxFalls;True;False;1e-05;6000;1;2;20;50;200;-5;50;1.0;1;55;50;10;10;16;1234;1234
12428952;235;g_000;1;1;38;line_consecutive;0.5;1235;6;7;16-17;2,13;54347.079999999856;55136.76999999999;56088.66;55698.62;789.6900000001333;951.890000000014;561.8500000000131;eev,integrated,separated,ws;lintim;SiouxFalls;SiouxFalls;True;False;1e-05;6000;1;2;20;50;200;-5;50;1.0;1;55;50;10;10;16;1235;1235
12428952;236;g_000;1;1;38;line_consecutive;0.5;1236;6;8;17-19;2,13,14;58397.535;59018.17499999944;60001.43499999999;59374.22499999932;620.6399999994392;983.2600000005476;356.0499999998792;eev,integrated,separated,ws;lintim;SiouxFalls;SiouxFalls;True;False;1e-05;6000;1;2;20;50;200;-5;50;1.0;1;55;50;10;10;16;1236;1236
12428952;237;g_000;1;1;38;line_consecutive;0.5;1237;6;9;19-20;2;55199.80499999999;56602.535;57263.2;57263.2;1402.7300000000105;660.6649999999936;660.6649999999936;eev,integrated,separated,ws;lintim;SiouxFalls;SiouxFalls;True;False;1e-05;6000;1;2;20;50;200;-5;50;1.0;1;55;50;10;10;16;1237;1237
12428952;238;g_000;1;1;38;line_consecutive;0.5;1238;6;10;3-4;3,4;53076.415;54220.25999999964;55210.955;55210.955;1143.8449999996374;990.6950000003636;990.6950000003636;eev,integrated,separated,ws;lintim;SiouxFalls;SiouxFalls;True;False;1e-05;6000;1;2;20;50;200;-5;50;1.0;1;55;50;10;10;16;1238;1238
12428952;239;g_000;1;1;38;line_consecutive;0.5;1239;6;11;4-5;3;49467.84;49467.84;49467.84;49467.84;0.0;0.0;0.0;eev,integrated,separated,ws;lintim;SiouxFalls;SiouxFalls;True;False;1e-05;6000;1;2;20;50;200;-5;50;1.0;1;55;50;10;10;16;1239;1239
12428952;240;g_000;1;1;38;line_consecutive;0.5;1240;6;12;5-9;3,9;49613.8;49759.76000000016;50747.84;50747.83999639118;145.9600000001592;988.0799999998344;988.0799963910176;eev,integrated,separated,ws;lintim;SiouxFalls;SiouxFalls;True;False;1e-05;6000;1;2;20;50;200;-5;50;1.0;1;55;50;10;10;16;1240;1240
12428952;241;g_000;1;1;38;line_consecutive;0.5;1241;6;13;8-9;3,7;49467.83999999966;49467.8400000169;49467.84;49467.83999999848;1.7236743588000536e-08;-1.69020495377481e-08;-1.841544872149825e-08;eev,integrated,separated,ws;lintim;SiouxFalls;SiouxFalls;True;False;1e-05;6000;1;2;20;50;200;-5;50;1.0;1;55;50;10;10;16;1241;1241
12428952;242;g_000;1;1;38;line_consecutive;0.5;1242;6;14;7-8;3,7,11;49467.84000000006;49467.84;49467.84;49467.84;-6.548361852765083e-11;0.0;0.0;eev,integrated,separated,ws;lintim;SiouxFalls;SiouxFalls;True;False;1e-05;6000;1;2;20;50;200;-5;50;1.0;1;55;50;10;10;16;1242;1242
12428952;243;g_000;1;1;38;line_consecutive;0.5;1243;6;15;7-18;3,11;49467.84;49467.83999999845;49467.84;49467.84;-1.5497789718210695e-09;1.5497789718210695e-09;1.5497789718210695e-09;eev,integrated,separated,ws;lintim;SiouxFalls;SiouxFalls;True;False;1e-05;6000;1;2;20;50;200;-5;50;1.0;1;55;50;10;10;16;1243;1243
12428952;244;g_000;1;1;38;line_consecutive;0.5;1244;6;16;1-3;4,8,12;56143.59;56320.88999999996;57085.91499999999;57085.91499999999;177.29999999996653;765.0250000000306;765.0250000000306;eev,integrated,separated,ws;lintim;SiouxFalls;SiouxFalls;True;False;1e-05;6000;1;2;20;50;200;-5;50;1.0;1;55;50;10;10;16;1244;1244
12428952;245;g_000;1;1;38;line_consecutive;0.5;1245;6;17;4-11;4;52377.645;53102.08000000042;53889.655;53889.6550000031;724.4350000004197;787.5749999995824;787.5750000026819;eev,integrated,separated,ws;lintim;SiouxFalls;SiouxFalls;True;False;1e-05;6000;1;2;20;50;200;-5;50;1.0;1;55;50;10;10;16;1245;1245
12428952;246;g_000;1;1;38;line_consecutive;0.5;1246;6;18;11-14;4,8,10;53684.70999999999;53907.5;55393.16499999999;55393.16499999999;222.79000000000812;1485.6649999999936;1485.6649999999936;eev,integrated,separated,ws;lintim;SiouxFalls;SiouxFalls;True;False;1e-05;6000;1;2;20;50;200;-5;50;1.0;1;55;50;10;10;16;1246;1246
12428952;247;g_000;1;1;38;line_consecutive;0.5;1247;6;19;14-23;4,10;52686.86;52883.64999999997;54299.995;54299.995;196.78999999997177;1416.3450000000305;1416.3450000000305;eev,integrated,separated,ws;lintim;SiouxFalls;SiouxFalls;True;False;1e-05;6000;1;2;20;50;200;-5;50;1.0;1;55;50;10;10;16;1247;1247
12428952;248;g_000;1;1;38;line_consecutive;0.5;1248;6;20;23-24;4;52294.62999999999;52854.05000000001;53694.315;53694.3150000031;559.4200000000201;840.2649999999921;840.2650000030917;eev,integrated,separated,ws;lintim;SiouxFalls;SiouxFalls;True;False;1e-05;6000;1;2;20;50;200;-5;50;1.0;1;55;50;10;10;16;1248;1248
12428952;249;g_000;1;1;38;line_consecutive;0.5;1249;6;21;10-15;5,9;50254.800000000105;50400.75999999997;51639.535;51639.53499999999;145.95999999986816;1238.7750000000306;1238.775000000016;eev,integrated,separated,ws;lintim;SiouxFalls;SiouxFalls;True;False;1e-05;6000;1;2;20;50;200;-5;50;1.0;1;55;50;10;10;16;1249;1249
12428952;250;g_000;1;1;38;line_consecutive;0.5;1250;6;22;15-22;5,13;51242.53999999999;51284.73999999845;51293.45;51293.45;42.19999999845459;8.710000001548906;8.710000001548906;eev,integrated,separated,ws;lintim;SiouxFalls;SiouxFalls;True;False;1e-05;6000;1;2;20;50;200;-5;50;1.0;1;55;50;10;10;16;1250;1250
12428952;251;g_000;1;1;38;line_consecutive;0.5;1251;6;23;22-23;5;49926.02;49976.93000000001;49976.92999999999;49976.92999999999;50.91000000001077;-1.4551915228366852e-11;-1.4551915228366852e-11;eev,integrated,separated,ws;lintim;SiouxFalls;SiouxFalls;True;False;1e-05;6000;1;2;20;50;200;-5;50;1.0;1;55;50;10;10;16;1251;1251
12428952;252;g_000;1;1;38;line_consecutive;0.5;1252;6;24;13-24;6;51809.92999999999;52298.33000000001;52997.03;52997.02999999999;488.400000000016;698.6999999999898;698.6999999999825;eev,integrated,separated,ws;lintim;SiouxFalls;SiouxFalls;True;False;1e-05;6000;1;2;20;50;200;-5;50;1.0;1;55;50;10;10;16;1252;1252
12428952;253;g_000;1;1;38;line_consecutive;0.5;1253;6;25;21-24;6;50974.55;51152.58000000001;51836.81999999999;51836.81999999999;178.0300000000061;684.2399999999834;684.2399999999834;eev,integrated,separated,ws;lintim;SiouxFalls;SiouxFalls;True;False;1e-05;6000;1;2;20;50;200;-5;50;1.0;1;55;50;10;10;16;1253;1253
12428952;254;g_000;1;1;38;line_consecutive;0.5;1254;6;26;20-21;6;50921.06999999999;51099.10000000088;51758.41;51758.40999999999;178.0300000008865;659.3099999991246;659.30999999911;eev,integrated,separated,ws;lintim;SiouxFalls;SiouxFalls;True;False;1e-05;6000;1;2;20;50;200;-5;50;1.0;1;55;50;10;10;16;1254;1254
12428952;255;g_000;1;1;38;line_consecutive;0.5;1255;6;27;9-10;7,9;50061.52999999973;50655.21999999698;51060.01;51060.01;593.689999997252;404.7900000030204;404.7900000030204;eev,integrated,separated,ws;lintim;SiouxFalls;SiouxFalls;True;False;1e-05;6000;1;2;20;50;200;-5;50;1.0;1;55;50;10;10;16;1255;1255
12428952;256;g_000;1;1;38;line_consecutive;0.5;1256;6;28;3-12;8,12;49467.84;49467.84;49467.84;49467.84;0.0;0.0;0.0;eev,integrated,separated,ws;lintim;SiouxFalls;SiouxFalls;True;False;1e-05;6000;1;2;20;50;200;-5;50;1.0;1;55;50;10;10;16;1256;1256
12428952;257;g_000;1;1;38;line_consecutive;0.5;1257;6;29;5-6;9;49613.79999999999;49759.76;50747.83999999999;50747.840000000055;145.96000000001368;988.0799999999872;988.0800000000528;eev,integrated,separated,ws;lintim;SiouxFalls;SiouxFalls;True;False;1e-05;6000;1;2;20;50;200;-5;50;1.0;1;55;50;10;10;16;1257;1257
12428952;258;g_000;1;1;38;line_consecutive;0.5;1258;6;30;15-19;9,13,14;49999.28;50530.71999999986;51961.38;51961.37999999999;531.4399999998641;1430.6600000001345;1430.6600000001272;eev,integrated,separated,ws;lintim;SiouxFalls;SiouxFalls;True;False;1e-05;6000;1;2;20;50;200;-5;50;1.0;1;55;50;10;10;16;1258;1258
12428952;259;g_000;1;1;38;line_consecutive;0.5;1259;6;31;20-22;11;49467.84;49467.84;49467.83999999999;49467.83999999999;0.0;-7.275957614183426e-12;-7.275957614183426e-12;eev,integrated,separated,ws;lintim;SiouxFalls;SiouxFalls;True;False;1e-05;6000;1;2;20;50;200;-5;50;1.0;1;55;50;10;10;16;1259;1259
12428952;260;g_000;1;1;38;line_consecutive;0.5;1260;6;32;18-20;11;49467.84;49467.83999999849;49467.84;49467.84;-1.5061232261359692e-09;1.5061232261359692e-09;1.5061232261359692e-09;eev,integrated,separated,ws;lintim;SiouxFalls;SiouxFalls;True;False;1e-05;6000;1;2;20;50;200;-5;50;1.0;1;55;50;10;10;16;1260;1260
12428952;261;g_000;1;1;38;line_consecutive;0.5;1261;6;33;12-13;12;49467.84;49467.84;49467.84;49467.84;0.0;0.0;0.0;eev,integrated,separated,ws;lintim;SiouxFalls;SiouxFalls;True;False;1e-05;6000;1;2;20;50;200;-5;50;1.0;1;55;50;10;10;16;1261;1261
12428952;262;g_000;1;1;38;line_consecutive;0.5;1262;6;34;1-2;12;49467.84;49467.84000000002;49467.84;49467.84;2.182787284255028e-11;-2.182787284255028e-11;-2.182787284255028e-11;eev,integrated,separated,ws;lintim;SiouxFalls;SiouxFalls;True;False;1e-05;6000;1;2;20;50;200;-5;50;1.0;1;55;50;10;10;16;1262;1262
12428952;263;g_000;1;1;38;line_consecutive;0.5;1263;6;35;21-22;13;49494.48;49521.11999999933;49911.16;49911.16;26.63999999933003;390.0400000006703;390.0400000006703;eev,integrated,separated,ws;lintim;SiouxFalls;SiouxFalls;True;False;1e-05;6000;1;2;20;50;200;-5;50;1.0;1;55;50;10;10;16;1263;1263
12428952;264;g_000;1;1;38;line_consecutive;0.5;1264;6;36;14-15;14;49492.65999999965;49517.48;49856.74999999999;49856.74999999997;24.82000000035623;339.2699999999895;339.2699999999677;eev,integrated,separated,ws;lintim;SiouxFalls;SiouxFalls;True;False;1e-05;6000;1;2;20;50;200;-5;50;1.0;1;55;50;10;10;16;1264;1264
12428952;265;g_000;1;1;38;line_consecutive;0.5;1265;6;37;10-17;14;49492.65999999992;49517.47999999997;49856.75;49856.74999999998;24.820000000043365;339.2700000000332;339.2700000000113;eev,integrated,separated,ws;lintim;SiouxFalls;SiouxFalls;True;False;1e-05;6000;1;2;20;50;200;-5;50;1.0;1;55;50;10;10;16;1265;1265
12428952;266;g_000;1;1;38;line_consecutive;0.5;1266;7;0;11-12;1,7,8;53789.16999999999;54914.785;54914.785;54914.78499999999;1125.6150000000123;0.0;-1.4551915228366852e-11;eev,integrated,separated,ws;lintim;SiouxFalls;SiouxFalls;True;False;1e-05;6000;1;2;20;50;200;-5;50;1.0;2;55;50;10;10;16;1266;1266
12428952;267;g_000;1;1;38;line_consecutive;0.5;1267;7;1;10-11;1,7,10;53697.19;54829.38500000001;55611.894999999975;55611.894999999975;1132.195000000007;782.5099999999657;782.5099999999657;eev,integrated,separated,ws;lintim;SiouxFalls;SiouxFalls;True;False;1e-05;6000;1;2;20;50;200;-5;50;1.0;2;55;50;10;10;16;1267;1267
12428952;268;g_000;1;1;38;line_consecutive;0.5;1268;7;2;10-16;1,10;51479.555;52251.46500000001;53509.78999999998;53509.78999999998;771.9100000000108;1258.324999999968;1258.324999999968;eev,integrated,separated,ws;lintim;SiouxFalls;SiouxFalls;True;False;1e-05;6000;1;2;20;50;200;-5;50;1.0;2;55;50;10;10;16;1268;1268
12428952;269;g_000;1;1;38;line_consecutive;0.5;1269;7;3;16-18;1;50767.240000000005;51432.01999999861;52796.93999999999;52796.93999999999;664.7799999986019;1364.920000001381;1364.920000001381;eev,integrated,separated,ws;lintim;SiouxFalls;SiouxFalls;True;False;1e-05;6000;1;2;20;50;200;-5;50;1.0;2;55;50;10;10;16;1269;1269
12428952;270;g_000;1;1;38;line_consecutive;0.5;1270;7;4;2-6;2;56155.795;58078.34;58992.13499999999;58992.13499999998;1922.5449999999985;913.794999999991;913.7949999999836;eev,integrated,separated,ws;lintim;SiouxFalls;SiouxFalls;True;False;1e-05;6000;1;2;20;50;200;-5;50;1.0;2;55;50;10;10;16;1270;1270
12428952;271;g_000;1;1;38;line_consecutive;0.5;1271;7;5;6-8;2;54838.605;56105.235;56762.94;56762.93999999999;1266.6299999999974;657.7050000000017;657.7049999999872;eev,integrated,separated,ws;lintim;SiouxFalls;SiouxFalls;True;False;1e-05;6000;1;2;20;50;200;-5;50;1.0;2;55;50;10;10;16;1271;1271
12428952;272;g_000;1;1;38;line_consecutive;0.5;1272;7;6;8-16;2,10,13;54941.35;56207.81;57667.24499999997;56844.69999999998;1266.4599999999991;1459.4349999999758;636.8899999999849;eev,integrated,separated,ws;lintim;SiouxFalls;SiouxFalls;True;False;1e-05;6000;1;2;20;50;200;-5;50;1.0;2;55;50;10;10;16;1272;1272
12428952;273;g_000;1;1;38;line_consecutive;0.5;1273;7;7;16-17;2,13;54347.079999999856;55136.76999999999;56088.66;55698.62;789.6900000001333;951.890000000014;561.8500000000131;eev,integrated,separated,ws;lintim;SiouxFalls;SiouxFalls;True;False;1e-05;6000;1;2;20;50;200;-5;50;1.0;2;55;50;10;10;16;1273;1273
12428952;274;g_000;1;1;38;line_consecutive;0.5;1274;7;8;17-19;2,13,14;58397.535;59018.17499999944;60001.43499999999;59374.22499999932;620.6399999994392;983.2600000005476;356.0499999998792;eev,integrated,separated,ws;lintim;SiouxFalls;SiouxFalls;True;False;1e-05;6000;1;2;20;50;200;-5;50;1.0;2;55;50;10;10;16;1274;1274
12428952;275;g_000;1;1;38;line_consecutive;0.5;1275;7;9;19-20;2;55199.80499999999;56602.535;57263.2;57263.2;1402.7300000000105;660.6649999999936;660.6649999999936;eev,integrated,separated,ws;lintim;SiouxFalls;SiouxFalls;True;False;1e-05;6000;1;2;20;50;200;-5;50;1.0;2;55;50;10;10;16;1275;1275
12428952;276;g_000;1;1;38;line_consecutive;0.5;1276;7;10;3-4;3,4;53076.415;54220.25999999964;55210.955;55210.955;1143.8449999996374;990.6950000003636;990.6950000003636;eev,integrated,separated,ws;lintim;SiouxFalls;SiouxFalls;True;False;1e-05;6000;1;2;20;50;200;-5;50;1.0;2;55;50;10;10;16;1276;1276
12428952;277;g_000;1;1;38;line_consecutive;0.5;1277;7;11;4-5;3;49467.84;49467.84;49467.84;49467.84;0.0;0.0;0.0;eev,integrated,separated,ws;lintim;SiouxFalls;SiouxFalls;True;False;1e-05;6000;1;2;20;50;200;-5;50;1.0;2;55;50;10;10;16;1277;1277
12428952;278;g_000;1;1;38;line_consecutive;0.5;1278;7;12;5-9;3,9;49613.8;49759.76000000016;50747.84;50747.83999639118;145.9600000001592;988.0799999998344;988.0799963910176;eev,integrated,separated,ws;lintim;SiouxFalls;SiouxFalls;True;False;1e-05;6000;1;2;20;50;200;-5;50;1.0;2;55;50;10;10;16;1278;1278
12428952;279;g_000;1;1;38;line_consecutive;0.5;1279;7;13;8-9;3,7;49467.83999999966;49467.8400000169;49467.84;49467.83999999848;1.7236743588000536e-08;-1.69020495377481e-08;-1.841544872149825e-08;eev,integrated,separated,ws;lintim;SiouxFalls;SiouxFalls;True;False;1e-05;6000;1;2;20;50;200;-5;50;1.0;2;55;50;10;10;16;1279;1279
12428952;280;g_000;1;1;38;line_consecutive;0.5;1280;7;14;7-8;3,7,11;49467.84000000006;49467.84;49467.84;49467.84;-6.548361852765083e-11;0.0;0.0;eev,integrated,separated,ws;lintim;SiouxFalls;SiouxFalls;True;False;1e-05;6000;1;2;20;50;200;-5;50;1.0;2;55;50;10;10;16;1280;1280
12428952;281;g_000;1;1;38;line_consecutive;0.5;1281;7;15;7-18;3,11;49467.84;49467.83999999845;49467.84;49467.84;-1.5497789718210695e-09;1.5497789718210695e-09;1.5497789718210695e-09;eev,integrated,separated,ws;lintim;SiouxFalls;SiouxFalls;True;False;1e-05;6000;1;2;20;50;200;-5;50;1.0;2;55;50;10;10;16;1281;1281
12428952;282;g_000;1;1;38;line_consecutive;0.5;1282;7;16;1-3;4,8,12;56143.59;56320.88999999996;57085.91499999999;57085.91499999999;177.29999999996653;765.0250000000306;765.0250000000306;eev,integrated,separated,ws;lintim;SiouxFalls;SiouxFalls;True;False;1e-05;6000;1;2;20;50;200;-5;50;1.0;2;55;50;10;10;16;1282;1282
12428952;283;g_000;1;1;38;line_consecutive;0.5;1283;7;17;4-11;4;52377.645;53102.08000000042;53889.655;53889.6550000031;724.4350000004197;787.5749999995824;787.5750000026819;eev,integrated,separated,ws;lintim;SiouxFalls;SiouxFalls;True;False;1e-05;6000;1;2;20;50;200;-5;50;1.0;2;55;50;10;10;16;1283;1283
12428952;284;g_000;1;1;38;line_consecutive;0.5;1284;7;18;11-14;4,8,10;53684.70999999999;53907.5;55393.16499999999;55393.16499999999;222.79000000000812;1485.6649999999936;1485.6649999999936;eev,integrated,separated,ws;lintim;SiouxFalls;SiouxFalls;True;False;1e-05;6000;1;2;20;50;200;-5;50;1.0;2;55;50;10;10;16;1284;1284
12428952;285;g_000;1;1;38;line_consecutive;0.5;1285;7;19;14-23;4,10;52686.86;52883.64999999997;54299.995;54299.995;196.78999999997177;1416.3450000000305;1416.3450000000305;eev,integrated,separated,ws;lintim;SiouxFalls;SiouxFalls;True;False;1e-05;6000;1;2;20;50;200;-5;50;1.0;2;55;50;10;10;16;1285;1285
12428952;286;g_000;1;1;38;line_consecutive;0.5;1286;7;20;23-24;4;52294.62999999999;52854.05000000001;53694.315;53694.3150000031;559.4200000000201;840.2649999999921;840.2650000030917;eev,integrated,separated,ws;lintim;SiouxFalls;SiouxFalls;True;False;1e-05;6000;1;2;20;50;200;-5;50;1.0;2;55;50;10;10;16;1286;1286
12428952;287;g_000;1;1;38;line_consecutive;0.5;1287;7;21;10-15;5,9;50254.800000000105;50400.75999999997;51639.535;51639.53499999999;145.95999999986816;1238.7750000000306;1238.775000000016;eev,integrated,separated,ws;lintim;SiouxFalls;SiouxFalls;True;False;1e-05;6000;1;2;20;50;200;-5;50;1.0;2;55;50;10;10;16;1287;1287
12428952;288;g_000;1;1;38;line_consecutive;0.5;1288;7;22;15-22;5,13;51242.53999999999;51284.73999999845;51293.45;51293.45;42.19999999845459;8.710000001548906;8.710000001548906;eev,integrated,separated,ws;lintim;SiouxFalls;SiouxFalls;True;False;1e-05;6000;1;2;20;50;200;-5;50;1.0;2;55;50;10;10;16;1288;1288
12428952;289;g_000;1;1;38;line_consecutive;0.5;1289;7;23;22-23;5;49926.02;49976.93000000001;49976.92999999999;49976.92999999999;50.91000000001077;-1.4551915228366852e-11;-1.4551915228366852e-11;eev,integrated,separated,ws;lintim;SiouxFalls;SiouxFalls;True;False;1e-05;6000;1;2;20;50;200;-5;50;1.0;2;55;50;10;10;16;1289;1289
12428952;290;g_000;1;1;38;line_consecutive;0.5;1290;7;24;13-24;6;51809.92999999999;52298.33000000001;52997.03;52997.02999999999;488.400000000016;698.6999999999898;698.6999999999825;eev,integrated,separated,ws;lintim;SiouxFalls;SiouxFalls;True;False;1e-05;6000;1;2;20;50;200;-5;50;1.0;2;55;50;10;10;16;1290;1290
12428952;291;g_000;1;1;38;line_consecutive;0.5;1291;7;25;21-24;6;50974.55;51152.58000000001;51836.81999999999;51836.81999999999;178.0300000000061;684.2399999999834;684.2399999999834;eev,integrated,separated,ws;lintim;SiouxFalls;SiouxFalls;True;False;1e-05;6000;1;2;20;50;200;-5;50;1.0;2;55;50;10;10;16;1291;1291
12428952;292;g_000;1;1;38;line_consecutive;0.5;1292;7;26;20-21;6;50921.06999999999;51099.10000000088;51758.41;51758.40999999999;178.0300000008865;659.3099999991246;659.30999999911;eev,integrated,separated,ws;lintim;SiouxFalls;SiouxFalls;True;False;1e-05;6000;1;2;20;50;200;-5;50;1.0;2;55;50;10;10;16;1292;1292
12428952;293;g_000;1;1;38;line_consecutive;0.5;1293;7;27;9-10;7,9;50061.52999999973;50655.21999999698;51060.01;51060.01;593.689999997252;404.7900000030204;404.7900000030204;eev,integrated,separated,ws;lintim;SiouxFalls;SiouxFalls;True;False;1e-05;6000;1;2;20;50;200;-5;50;1.0;2;55;50;10;10;16;1293;1293
12428952;294;g_000;1;1;38;line_consecutive;0.5;1294;7;28;3-12;8,12;49467.84;49467.84;49467.84;49467.84;0.0;0.0;0.0;eev,integrated,separated,ws;lintim;SiouxFalls;SiouxFalls;True;False;1e-05;6000;1;2;20;50;200;-5;50;1.0;2;55;50;10;10;16;1294;1294
12428952;295;g_000;1;1;38;line_consecutive;0.5;1295;7;29;5-6;9;49613.79999999999;49759.76;50747.83999999999;50747.840000000055;145.96000000001368;988.0799999999872;988.0800000000528;eev,integrated,separated,ws;lintim;SiouxFalls;SiouxFalls;True;False;1e-05;6000;1;2;20;50;200;-5;50;1.0;2;55;50;10;10;16;1295;1295
12428952;296;g_000;1;1;38;line_consecutive;0.5;1296;7;30;15-19;9,13,14;49999.28;50530.71999999986;51961.38;51961.37999999999;531.4399999998641;1430.6600000001345;1430.6600000001272;eev,integrated,separated,ws;lintim;SiouxFalls;SiouxFalls;True;False;1e-05;6000;1;2;20;50;200;-5;50;1.0;2;55;50;10;10;16;1296;1296
12428952;297;g_000;1;1;38;line_consecutive;0.5;1297;7;31;20-22;11;49467.84;49467.84;49467.83999999999;49467.83999999999;0.0;-7.275957614183426e-12;-7.275957614183426e-12;eev,integrated,separated,ws;lintim;SiouxFalls;SiouxFalls;True;False;1e-05;6000;1;2;20;50;200;-5;50;1.0;2;55;50;10;10;16;1297;1297
12428952;298;g_000;1;1;38;line_consecutive;0.5;1298;7;32;18-20;11;49467.84;49467.83999999849;49467.84;49467.84;-1.5061232261359692e-09;1.5061232261359692e-09;1.5061232261359692e-09;eev,integrated,separated,ws;lintim;SiouxFalls;SiouxFalls;True;False;1e-05;6000;1;2;20;50;200;-5;50;1.0;2;55;50;10;10;16;1298;1298
12428952;299;g_000;1;1;38;line_consecutive;0.5;1299;7;33;12-13;12;49467.84;49467.84;49467.84;49467.84;0.0;0.0;0.0;eev,integrated,separated,ws;lintim;SiouxFalls;SiouxFalls;True;False;1e-05;6000;1;2;20;50;200;-5;50;1.0;2;55;50;10;10;16;1299;1299
12428952;300;g_000;1;1;38;line_consecutive;0.5;1300;7;34;1-2;12;49467.84;49467.84000000002;49467.84;49467.84;2.182787284255028e-11;-2.182787284255028e-11;-2.182787284255028e-11;eev,integrated,separated,ws;lintim;SiouxFalls;SiouxFalls;True;False;1e-05;6000;1;2;20;50;200;-5;50;1.0;2;55;50;10;10;16;1300;1300
12428952;301;g_000;1;1;38;line_consecutive;0.5;1301;7;35;21-22;13;49494.48;49521.11999999933;49911.16;49911.16;26.63999999933003;390.0400000006703;390.0400000006703;eev,integrated,separated,ws;lintim;SiouxFalls;SiouxFalls;True;False;1e-05;6000;1;2;20;50;200;-5;50;1.0;2;55;50;10;10;16;1301;1301
12428952;302;g_000;1;1;38;line_consecutive;0.5;1302;7;36;14-15;14;49492.65999999965;49517.48;49856.74999999999;49856.74999999997;24.82000000035623;339.2699999999895;339.2699999999677;eev,integrated,separated,ws;lintim;SiouxFalls;SiouxFalls;True;False;1e-05;6000;1;2;20;50;200;-5;50;1.0;2;55;50;10;10;16;1302;1302
12428952;303;g_000;1;1;38;line_consecutive;0.5;1303;7;37;10-17;14;49492.65999999992;49517.47999999997;49856.75;49856.74999999998;24.820000000043365;339.2700000000332;339.2700000000113;eev,integrated,separated,ws;lintim;SiouxFalls;SiouxFalls;True;False;1e-05;6000;1;2;20;50;200;-5;50;1.0;2;55;50;10;10;16;1303;1303
12428952;304;g_000;1;1;38;line_consecutive;0.5;1304;8;0;11-12;1,7,8;53789.16999999999;54914.785;54914.785;54914.78499999999;1125.6150000000123;0.0;-1.4551915228366852e-11;eev,integrated,separated,ws;lintim;SiouxFalls;SiouxFalls;True;False;1e-05;6000;1;2;20;50;200;-5;50;1.0;5;55;50;10;10;16;1304;1304
12428952;305;g_000;1;1;38;line_consecutive;0.5;1305;8;1;10-11;1,7,10;53697.19;54829.38500000001;55611.894999999975;55611.894999999975;1132.195000000007;782.5099999999657;782.5099999999657;eev,integrated,separated,ws;lintim;SiouxFalls;SiouxFalls;True;False;1e-05;6000;1;2;20;50;200;-5;50;1.0;5;55;50;10;10;16;1305;1305
12428952;306;g_000;1;1;38;line_consecutive;0.5;1306;8;2;10-16;1,10;51479.555;52251.46500000001;53509.78999999998;53509.78999999998;771.9100000000108;1258.324999999968;1258.324999999968;eev,integrated,separated,ws;lintim;SiouxFalls;SiouxFalls;True;False;1e-05;6000;1;2;20;50;200;-5;50;1.0;5;55;50;10;10;16;1306;1306
12428952;307;g_000;1;1;38;line_consecutive;0.5;1307;8;3;16-18;1;50767.240000000005;51432.01999999861;52796.93999999999;52796.93999999999;664.7799999986019;1364.920000001381;1364.920000001381;eev,integrated,separated,ws;lintim;SiouxFalls;SiouxFalls;True;False;1e-05;6000;1;2;20;50;200;-5;50;1.0;5;55;50;10;10;16;1307;1307
12428952;308;g_000;1;1;38;line_consecutive;0.5;1308;8;4;2-6;2;56155.795;58078.34;58992.13499999999;58992.13499999998;1922.5449999999985;913.794999999991;913.7949999999836;eev,integrated,separated,ws;lintim;SiouxFalls;SiouxFalls;True;False;1e-05;6000;1;2;20;50;200;-5;50;1.0;5;55;50;10;10;16;1308;1308
12428952;309;g_000;1;1;38;line_consecutive;0.5;1309;8;5;6-8;2;54838.605;56105.235;56762.94;56762.93999999999;1266.6299999999974;657.7050000000017;657.7049999999872;eev,integrated,separated,ws;lintim;SiouxFalls;SiouxFalls;True;False;1e-05;6000;1;2;20;50;200;-5;50;1.0;5;55;50;10;10;16;1309;1309
12428952;310;g_000;1;1;38;line_consecutive;0.5;1310;8;6;8-16;2,10,13;54941.35;56207.81;57667.24499999997;56844.69999999998;1266.4599999999991;1459.4349999999758;636.8899999999849;eev,integrated,separated,ws;lintim;SiouxFalls;SiouxFalls;True;False;1e-05;6000;1;2;20;50;200;-5;50;1.0;5;55;50;10;10;16;1310;1310
12428952;311;g_000;1;1;38;line_consecutive;0.5;1311;8;7;16-17;2,13;54347.079999999856;55136.76999999999;56088.66;55698.62;789.6900000001333;951.890000000014;561.8500000000131;eev,integrated,separated,ws;lintim;SiouxFalls;SiouxFalls;True;False;1e-05;6000;1;2;20;50;200;-5;50;1.0;5;55;50;10;10;16;1311;1311
12428952;312;g_000;1;1;38;line_consecutive;0.5;1312;8;8;17-19;2,13,14;58397.535;59018.17499999944;60001.43499999999;59374.22499999932;620.6399999994392;983.2600000005476;356.0499999998792;eev,integrated,separated,ws;lintim;SiouxFalls;SiouxFalls;True;False;1e-05;6000;1;2;20;50;200;-5;50;1.0;5;55;50;10;10;16;1312;1312
12428952;313;g_000;1;1;38;line_consecutive;0.5;1313;8;9;19-20;2;55199.80499999999;56602.535;57263.2;57263.2;1402.7300000000105;660.6649999999936;660.6649999999936;eev,integrated,separated,ws;lintim;SiouxFalls;SiouxFalls;True;False;1e-05;6000;1;2;20;50;200;-5;50;1.0;5;55;50;10;10;16;1313;1313
12428952;314;g_000;1;1;38;line_consecutive;0.5;1314;8;10;3-4;3,4;53076.415;54220.25999999964;55210.955;55210.955;1143.8449999996374;990.6950000003636;990.6950000003636;eev,integrated,separated,ws;lintim;SiouxFalls;SiouxFalls;True;False;1e-05;6000;1;2;20;50;200;-5;50;1.0;5;55;50;10;10;16;1314;1314
12428952;315;g_000;1;1;38;line_consecutive;0.5;1315;8;11;4-5;3;49467.84;49467.84;49467.84;49467.84;0.0;0.0;0.0;eev,integrated,separated,ws;lintim;SiouxFalls;SiouxFalls;True;False;1e-05;6000;1;2;20;50;200;-5;50;1.0;5;55;50;10;10;16;1315;1315
12428952;316;g_000;1;1;38;line_consecutive;0.5;1316;8;12;5-9;3,9;49613.8;49759.76000000016;50747.84;50747.83999639118;145.9600000001592;988.0799999998344;988.0799963910176;eev,integrated,separated,ws;lintim;SiouxFalls;SiouxFalls;True;False;1e-05;6000;1;2;20;50;200;-5;50;1.0;5;55;50;10;10;16;1316;1316
12428952;317;g_000;1;1;38;line_consecutive;0.5;1317;8;13;8-9;3,7;49467.83999999966;49467.8400000169;49467.84;49467.83999999848;1.7236743588000536e-08;-1.69020495377481e-08;-1.841544872149825e-08;eev,integrated,separated,ws;lintim;SiouxFalls;SiouxFalls;True;False;1e-05;6000;1;2;20;50;200;-5;50;1.0;5;55;50;10;10;16;1317;1317
12428952;318;g_000;1;1;38;line_consecutive;0.5;1318;8;14;7-8;3,7,11;49467.84000000006;49467.84;49467.84;49467.84;-6.548361852765083e-11;0.0;0.0;eev,integrated,separated,ws;lintim;SiouxFalls;SiouxFalls;True;False;1e-05;6000;1;2;20;50;200;-5;50;1.0;5;55;50;10;10;16;1318;1318
12428952;319;g_000;1;1;38;line_consecutive;0.5;1319;8;15;7-18;3,11;49467.84;49467.83999999845;49467.84;49467.84;-1.5497789718210695e-09;1.5497789718210695e-09;1.5497789718210695e-09;eev,integrated,separated,ws;lintim;SiouxFalls;SiouxFalls;True;False;1e-05;6000;1;2;20;50;200;-5;50;1.0;5;55;50;10;10;16;1319;1319
12428952;320;g_000;1;1;38;line_consecutive;0.5;1320;8;16;1-3;4,8,12;56143.59;56320.88999999996;57085.91499999999;57085.91499999999;177.29999999996653;765.0250000000306;765.0250000000306;eev,integrated,separated,ws;lintim;SiouxFalls;SiouxFalls;True;False;1e-05;6000;1;2;20;50;200;-5;50;1.0;5;55;50;10;10;16;1320;1320
12428952;321;g_000;1;1;38;line_consecutive;0.5;1321;8;17;4-11;4;52377.645;53102.08000000042;53889.655;53889.6550000031;724.4350000004197;787.5749999995824;787.5750000026819;eev,integrated,separated,ws;lintim;SiouxFalls;SiouxFalls;True;False;1e-05;6000;1;2;20;50;200;-5;50;1.0;5;55;50;10;10;16;1321;1321
12428952;322;g_000;1;1;38;line_consecutive;0.5;1322;8;18;11-14;4,8,10;53684.70999999999;53907.5;55393.16499999999;55393.16499999999;222.79000000000812;1485.6649999999936;1485.6649999999936;eev,integrated,separated,ws;lintim;SiouxFalls;SiouxFalls;True;False;1e-05;6000;1;2;20;50;200;-5;50;1.0;5;55;50;10;10;16;1322;1322
12428952;323;g_000;1;1;38;line_consecutive;0.5;1323;8;19;14-23;4,10;52686.86;52883.64999999997;54299.995;54299.995;196.78999999997177;1416.3450000000305;1416.3450000000305;eev,integrated,separated,ws;lintim;SiouxFalls;SiouxFalls;True;False;1e-05;6000;1;2;20;50;200;-5;50;1.0;5;55;50;10;10;16;1323;1323
12428952;324;g_000;1;1;38;line_consecutive;0.5;1324;8;20;23-24;4;52294.62999999999;52854.05000000001;53694.315;53694.3150000031;559.4200000000201;840.2649999999921;840.2650000030917;eev,integrated,separated,ws;lintim;SiouxFalls;SiouxFalls;True;False;1e-05;6000;1;2;20;50;200;-5;50;1.0;5;55;50;10;10;16;1324;1324
12428952;325;g_000;1;1;38;line_consecutive;0.5;1325;8;21;10-15;5,9;50254.800000000105;50400.75999999997;51639.535;51639.53499999999;145.95999999986816;1238.7750000000306;1238.775000000016;eev,integrated,separated,ws;lintim;SiouxFalls;SiouxFalls;True;False;1e-05;6000;1;2;20;50;200;-5;50;1.0;5;55;50;10;10;16;1325;1325
12428952;326;g_000;1;1;38;line_consecutive;0.5;1326;8;22;15-22;5,13;51242.53999999999;51284.73999999845;51293.45;51293.45;42.19999999845459;8.710000001548906;8.710000001548906;eev,integrated,separated,ws;lintim;SiouxFalls;SiouxFalls;True;False;1e-05;6000;1;2;20;50;200;-5;50;1.0;5;55;50;10;10;16;1326;1326
12428952;327;g_000;1;1;38;line_consecutive;0.5;1327;8;23;22-23;5;49926.02;49976.93000000001;49976.92999999999;49976.92999999999;50.91000000001077;-1.4551915228366852e-11;-1.4551915228366852e-11;eev,integrated,separated,ws;lintim;SiouxFalls;SiouxFalls;True;False;1e-05;6000;1;2;20;50;200;-5;50;1.0;5;55;50;10;10;16;1327;1327
12428952;328;g_000;1;1;38;line_consecutive;0.5;1328;8;24;13-24;6;51809.92999999999;52298.33000000001;52997.03;52997.02999999999;488.400000000016;698.6999999999898;698.6999999999825;eev,integrated,separated,ws;lintim;SiouxFalls;SiouxFalls;True;False;1e-05;6000;1;2;20;50;200;-5;50;1.0;5;55;50;10;10;16;1328;1328
12428952;329;g_000;1;1;38;line_consecutive;0.5;1329;8;25;21-24;6;50974.55;51152.58000000001;51836.81999999999;51836.81999999999;178.0300000000061;684.2399999999834;684.2399999999834;eev,integrated,separated,ws;lintim;SiouxFalls;SiouxFalls;True;False;1e-05;6000;1;2;20;50;200;-5;50;1.0;5;55;50;10;10;16;1329;1329
12428952;330;g_000;1;1;38;line_consecutive;0.5;1330;8;26;20-21;6;50921.06999999999;51099.10000000088;51758.41;51758.40999999999;178.0300000008865;659.3099999991246;659.30999999911;eev,integrated,separated,ws;lintim;SiouxFalls;SiouxFalls;True;False;1e-05;6000;1;2;20;50;200;-5;50;1.0;5;55;50;10;10;16;1330;1330
12428952;331;g_000;1;1;38;line_consecutive;0.5;1331;8;27;9-10;7,9;50061.52999999973;50655.21999999698;51060.01;51060.01;593.689999997252;404.7900000030204;404.7900000030204;eev,integrated,separated,ws;lintim;SiouxFalls;SiouxFalls;True;False;1e-05;6000;1;2;20;50;200;-5;50;1.0;5;55;50;10;10;16;1331;1331
12428952;332;g_000;1;1;38;line_consecutive;0.5;1332;8;28;3-12;8,12;49467.84;49467.84;49467.84;49467.84;0.0;0.0;0.0;eev,integrated,separated,ws;lintim;SiouxFalls;SiouxFalls;True;False;1e-05;6000;1;2;20;50;200;-5;50;1.0;5;55;50;10;10;16;1332;1332
12428952;333;g_000;1;1;38;line_consecutive;0.5;1333;8;29;5-6;9;49613.79999999999;49759.76;50747.83999999999;50747.840000000055;145.96000000001368;988.0799999999872;988.0800000000528;eev,integrated,separated,ws;lintim;SiouxFalls;SiouxFalls;True;False;1e-05;6000;1;2;20;50;200;-5;50;1.0;5;55;50;10;10;16;1333;1333
12428952;334;g_000;1;1;38;line_consecutive;0.5;1334;8;30;15-19;9,13,14;49999.28;50530.71999999986;51961.38;51961.37999999999;531.4399999998641;1430.6600000001345;1430.6600000001272;eev,integrated,separated,ws;lintim;SiouxFalls;SiouxFalls;True;False;1e-05;6000;1;2;20;50;200;-5;50;1.0;5;55;50;10;10;16;1334;1334
12428952;335;g_000;1;1;38;line_consecutive;0.5;1335;8;31;20-22;11;49467.84;49467.84;49467.83999999999;49467.83999999999;0.0;-7.275957614183426e-12;-7.275957614183426e-12;eev,integrated,separated,ws;lintim;SiouxFalls;SiouxFalls;True;False;1e-05;6000;1;2;20;50;200;-5;50;1.0;5;55;50;10;10;16;1335;1335
12428952;336;g_000;1;1;38;line_consecutive;0.5;1336;8;32;18-20;11;49467.84;49467.83999999849;49467.84;49467.84;-1.5061232261359692e-09;1.5061232261359692e-09;1.5061232261359692e-09;eev,integrated,separated,ws;lintim;SiouxFalls;SiouxFalls;True;False;1e-05;6000;1;2;20;50;200;-5;50;1.0;5;55;50;10;10;16;1336;1336
12428952;337;g_000;1;1;38;line_consecutive;0.5;1337;8;33;12-13;12;49467.84;49467.84;49467.84;49467.84;0.0;0.0;0.0;eev,integrated,separated,ws;lintim;SiouxFalls;SiouxFalls;True;False;1e-05;6000;1;2;20;50;200;-5;50;1.0;5;55;50;10;10;16;1337;1337
12428952;338;g_000;1;1;38;line_consecutive;0.5;1338;8;34;1-2;12;49467.84;49467.84000000002;49467.84;49467.84;2.182787284255028e-11;-2.182787284255028e-11;-2.182787284255028e-11;eev,integrated,separated,ws;lintim;SiouxFalls;SiouxFalls;True;False;1e-05;6000;1;2;20;50;200;-5;50;1.0;5;55;50;10;10;16;1338;1338
12428952;339;g_000;1;1;38;line_consecutive;0.5;1339;8;35;21-22;13;49494.48;49521.11999999933;49911.16;49911.16;26.63999999933003;390.0400000006703;390.0400000006703;eev,integrated,separated,ws;lintim;SiouxFalls;SiouxFalls;True;False;1e-05;6000;1;2;20;50;200;-5;50;1.0;5;55;50;10;10;16;1339;1339
12428952;340;g_000;1;1;38;line_consecutive;0.5;1340;8;36;14-15;14;49492.65999999965;49517.48;49856.74999999999;49856.74999999997;24.82000000035623;339.2699999999895;339.2699999999677;eev,integrated,separated,ws;lintim;SiouxFalls;SiouxFalls;True;False;1e-05;6000;1;2;20;50;200;-5;50;1.0;5;55;50;10;10;16;1340;1340
12428952;341;g_000;1;1;38;line_consecutive;0.5;1341;8;37;10-17;14;49492.65999999992;49517.47999999997;49856.75;49856.74999999998;24.820000000043365;339.2700000000332;339.2700000000113;eev,integrated,separated,ws;lintim;SiouxFalls;SiouxFalls;True;False;1e-05;6000;1;2;20;50;200;-5;50;1.0;5;55;50;10;10;16;1341;1341
