source;network;scenario_line_data;procedure;routing_agg;waiting_time_frequency;gap;time_limit;travel_time_cost_mult;waiting_time_cost_mult;line_operation_cost_mult;cost_repl_freq;cost_repl_line;repl_budget;bypass_multiplier;overdemand_threshold;overdemand_multiplier;num_od;train_capacity;infrastructure_capacity;max_frequency;threads;demand_scale;scenario_infra_id;scenario_prob_id;case_k;case_per_run;case_variants;case_selection;case_p_fail;case_id;case_sweep_row;case_variant_idx;case_edges;case_lines
lintim;Mumford0;Mumford0;bounds;True;False;1e-05;12000;1;2;20;50;200;-5;50;0.75;2;50;50;10;10;16;0.0368;1000;1000;1;1;30;line_consecutive;0.05;1000;0;0;19-23;11
lintim;Mumford0;Mumford0;bounds;True;False;1e-05;12000;1;2;20;50;200;-5;50;0.75;2;50;50;10;10;16;0.0368;1001;1001;1;1;30;line_consecutive;0.05;1001;0;1;15-21;7
lintim;Mumford0;Mumford0;bounds;True;False;1e-05;12000;1;2;20;50;200;-5;50;0.75;2;50;50;10;10;16;0.0368;1002;1002;1;1;30;line_consecutive;0.05;1002;0;2;19-20;4
lintim;Mumford0;Mumford0;bounds;True;False;1e-05;12000;1;2;20;50;200;-5;50;0.75;2;50;50;10;10;16;0.0368;1003;1003;1;1;30;line_consecutive;0.05;1003;0;3;3-8;6,12
lintim;Mumford0;Mumford0;bounds;True;False;1e-05;12000;1;2;20;50;200;-5;50;0.75;2;50;50;10;10;16;0.0368;1004;1004;1;1;30;line_consecutive;0.05;1004;0;4;14-19;4
lintim;Mumford0;Mumford0;bounds;True;False;1e-05;12000;1;2;20;50;200;-5;50;0.75;2;50;50;10;10;16;0.0368;1005;1005;1;1;30;line_consecutive;0.05;1005;0;5;1-13;3
lintim;Mumford0;Mumford0;bounds;True;False;1e-05;12000;1;2;20;50;200;-5;50;0.75;2;50;50;10;10;16;0.0368;1006;1006;1;1;30;line_consecutive;0.05;1006;0;6;8-21;12
lintim;Mumford0;Mumford0;bounds;True;False;1e-05;12000;1;2;20;50;200;-5;50;0.75;2;50;50;10;10;16;0.0368;1007;1007;1;1;30;line_consecutive;0.05;1007;0;7;7-14;4
lintim;Mumford0;Mumford0;bounds;True;False;1e-05;12000;1;2;20;50;200;-5;50;0.75;2;50;50;10;10;16;0.0368;1008;1008;1;1;30;line_consecutive;0.05;1008;0;8;18-23;2,11
lintim;Mumford0;Mumford0;bounds;True;False;1e-05;12000;1;2;20;50;200;-5;50;0.75;2;50;50;10;10;16;0.0368;1009;1009;1;1;30;line_consecutive;0.05;1009;0;9;8-25;1
lintim;Mumford0;Mumford0;bounds;True;False;1e-05;12000;1;2;20;50;200;-5;50;0.75;2;50;50;10;10;16;0.0368;1010;1010;1;1;30;line_consecutive;0.05;1010;0;10;28-30;3
lintim;Mumford0;Mumford0;bounds;True;False;1e-05;12000;1;2;20;50;200;-5;50;0.75;2;50;50;10;10;16;0.0368;1011;1011;1;1;30;line_consecutive;0.05;1011;0;11;5-8;6
lintim;Mumford0;Mumford0;bounds;True;False;1e-05;12000;1;2;20;50;200;-5;50;0.75;2;50;50;10;10;16;0.0368;1012;1012;1;1;30;line_consecutive;0.05;1012;0;12;6-7;4,10
lintim;Mumford0;Mumford0;bounds;True;False;1e-05;12000;1;2;20;50;200;-5;50;0.75;2;50;50;10;10;16;0.0368;1013;1013;1;1;30;line_consecutive;0.05;1013;0;13;7-17;10
lintim;Mumford0;Mumford0;bounds;True;False;1e-05;12000;1;2;20;50;200;-5;50;0.75;2;50;50;10;10;16;0.0368;1014;1014;1;1;30;line_consecutive;0.05;1014;0;14;15-24;5
lintim;Mumford0;Mumford0;bounds;True;False;1e-05;12000;1;2;20;50;200;-5;50;0.75;2;50;50;10;10;16;0.0368;1015;1015;1;1;30;line_consecutive;0.05;1015;0;15;10-15;7
lintim;Mumford0;Mumford0;bounds;True;False;1e-05;12000;1;2;20;50;200;-5;50;0.75;2;50;50;10;10;16;0.0368;1016;1016;1;1;30;line_consecutive;0.05;1016;0;16;1-23;2
lintim;Mumford0;Mumford0;bounds;True;False;1e-05;12000;1;2;20;50;200;-5;50;0.75;2;50;50;10;10;16;0.0368;1017;1017;1;1;30;line_consecutive;0.05;1017;0;17;21-24;12
lintim;Mumford0;Mumford0;bounds;True;False;1e-05;12000;1;2;20;50;200;-5;50;0.75;2;50;50;10;10;16;0.0368;1018;1018;1;1;30;line_consecutive;0.05;1018;0;18;11-22;1
lintim;Mumford0;Mumford0;bounds;True;False;1e-05;12000;1;2;20;50;200;-5;50;0.75;2;50;50;10;10;16;0.0368;1019;1019;1;1;30;line_consecutive;0.05;1019;0;19;1-29;3
lintim;Mumford0;Mumford0;bounds;True;False;1e-05;12000;1;2;20;50;200;-5;50;0.75;2;50;50;10;10;16;0.0368;1020;1020;1;1;30;line_consecutive;0.05;1020;0;20;1-14;2
lintim;Mumford0;Mumford0;bounds;True;False;1e-05;12000;1;2;20;50;200;-5;50;0.75;2;50;50;10;10;16;0.0368;1021;1021;1;1;30;line_consecutive;0.05;1021;0;21;17-29;3
lintim;Mumford0;Mumford0;bounds;True;False;1e-05;12000;1;2;20;50;200;-5;50;0.75;2;50;50;10;10;16;0.0368;1022;1022;1;1;30;line_consecutive;0.05;1022;0;22;12-15;5,11
lintim;Mumford0;Mumford0;bounds;True;False;1e-05;12000;1;2;20;50;200;-5;50;0.75;2;50;50;10;10;16;0.0368;1023;1023;1;1;30;line_consecutive;0.05;1023;0;23;2-4;2
lintim;Mumford0;Mumford0;bounds;True;False;1e-05;12000;1;2;20;50;200;-5;50;0.75;2;50;50;10;10;16;0.0368;1024;1024;1;1;30;line_consecutive;0.05;1024;0;24;4-12;2
lintim;Mumford0;Mumford0;bounds;True;False;1e-05;12000;1;2;20;50;200;-5;50;0.75;2;50;50;10;10;16;0.0368;1025;1025;1;1;30;line_consecutive;0.05;1025;0;25;8-15;10
lintim;Mumford0;Mumford0;bounds;True;False;1e-05;12000;1;2;20;50;200;-5;50;0.75;2;50;50;10;10;16;0.0368;1026;1026;1;1;30;line_consecutive;0.05;1026;0;26;6-16;8
lintim;Mumford0;Mumford0;bounds;True;False;1e-05;12000;1;2;20;50;200;-5;50;0.75;2;50;50;10;10;16;0.0368;1027;1027;1;1;30;line_consecutive;0.05;1027;0;27;12-26;5
lintim;Mumford0;Mumford0;bounds;True;False;1e-05;12000;1;2;20;50;200;-5;50;0.75;2;50;50;10;10;16;0.0368;1028;1028;1;1;30;line_consecutive;0.05;1028;0;28;2-25;1
lintim;Mumford0;Mumford0;bounds;True;False;1e-05;12000;1;2;20;50;200;-5;50;0.75;2;50;50;10;10;16;0.0368;1029;1029;1;1;30;line_consecutive;0.05;1029;0;29;9-13;3
lintim;Mumford0;Mumford0;bounds;True;False;1e-05;12000;1;2;20;50;200;-5;50;0.75;2;50;50;10;10;16;0.0368;1030;1030;2;1;30;line_consecutive;0.05;1030;1;0;2-25,8-25;1
lintim;Mumford0;Mumford0;bounds;True;False;1e-05;12000;1;2;20;50;200;-5;50;0.75;2;50;50;10;10;16;0.0368;1031;1031;2;1;30;line_consecutive;0.05;1031;1;1;8-11,8-25;1
lintim;Mumford0;Mumford0;bounds;True;False;1e-05;12000;1;2;20;50;200;-5;50;0.75;2;50;50;10;10;16;0.0368;1032;1032;2;1;30;line_consecutive;0.05;1032;1;2;8-11,11-22;1
lintim;Mumford0;Mumford0;bounds;True;False;1e-05;12000;1;2;20;50;200;-5;50;0.75;2;50;50;10;10;16;0.0368;1033;1033;2;1;30;line_consecutive;0.05;1033;1;3;2-4,4-12;2
lintim;Mumford0;Mumford0;bounds;True;False;1e-05;12000;1;2;20;50;200;-5;50;0.75;2;50;50;10;10;16;0.0368;1034;1034;2;1;30;line_consecutive;0.05;1034;1;4;4-12,12-18;2
lintim;Mumford0;Mumford0;bounds;True;False;1e-05;12000;1;2;20;50;200;-5;50;0.75;2;50;50;10;10;16;0.0368;1035;1035;2;1;30;line_consecutive;0.05;1035;1;5;12-18,18-23;2,11
lintim;Mumford0;Mumford0;bounds;True;False;1e-05;12000;1;2;20;50;200;-5;50;0.75;2;50;50;10;10;16;0.0368;1036;1036;2;1;30;line_consecutive;0.05;1036;1;6;1-23,18-23;2
lintim;Mumford0;Mumford0;bounds;True;False;1e-05;12000;1;2;20;50;200;-5;50;0.75;2;50;50;10;10;16;0.0368;1037;1037;2;1;30;line_consecutive;0.05;1037;1;7;1-14,1-23;2
lintim;Mumford0;Mumford0;bounds;True;False;1e-05;12000;1;2;20;50;200;-5;50;0.75;2;50;50;10;10;16;0.0368;1038;1038;2;1;30;line_consecutive;0.05;1038;1;8;1-13,9-13;3
lintim;Mumford0;Mumford0;bounds;True;False;1e-05;12000;1;2;20;50;200;-5;50;0.75;2;50;50;10;10;16;0.0368;1039;1039;2;1;30;line_consecutive;0.05;1039;1;9;1-13,1-29;3
lintim;Mumford0;Mumford0;bounds;True;False;1e-05;12000;1;2;20;50;200;-5;50;0.75;2;50;50;10;10;16;0.0368;1040;1040;2;1;30;line_consecutive;0.05;1040;1;10;1-29,17-29;3
lintim;Mumford0;Mumford0;bounds;True;False;1e-05;12000;1;2;20;50;200;-5;50;0.75;2;50;50;10;10;16;0.0368;1041;1041;2;1;30;line_consecutive;0.05;1041;1;11;17-28,17-29;3
lintim;Mumford0;Mumford0;bounds;True;False;1e-05;12000;1;2;20;50;200;-5;50;0.75;2;50;50;10;10;16;0.0368;1042;1042;2;1;30;line_consecutive;0.05;1042;1;12;17-28,28-30;3
lintim;Mumford0;Mumford0;bounds;True;False;1e-05;12000;1;2;20;50;200;-5;50;0.75;2;50;50;10;10;16;0.0368;1043;1043;2;1;30;line_consecutive;0.05;1043;1;13;6-7,7-14;4
lintim;Mumford0;Mumford0;bounds;True;False;1e-05;12000;1;2;20;50;200;-5;50;0.75;2;50;50;10;10;16;0.0368;1044;1044;2;1;30;line_consecutive;0.05;1044;1;14;7-14,14-19;4
lintim;Mumford0;Mumford0;bounds;True;False;1e-05;12000;1;2;20;50;200;-5;50;0.75;2;50;50;10;10;16;0.0368;1045;1045;2;1;30;line_consecutive;0.05;1045;1;15;14-19,19-20;4
lintim;Mumford0;Mumford0;bounds;True;False;1e-05;12000;1;2;20;50;200;-5;50;0.75;2;50;50;10;10;16;0.0368;1046;1046;2;1;30;line_consecutive;0.05;1046;1;16;12-15,15-24;5
lintim;Mumford0;Mumford0;bounds;True;False;1e-05;12000;1;2;20;50;200;-5;50;0.75;2;50;50;10;10;16;0.0368;1047;1047;2;1;30;line_consecutive;0.05;1047;1;17;12-15,12-26;5
lintim;Mumford0;Mumford0;bounds;True;False;1e-05;12000;1;2;20;50;200;-5;50;0.75;2;50;50;10;10;16;0.0368;1048;1048;2;1;30;line_consecutive;0.05;1048;1;18;3-8,5-8;6
lintim;Mumford0;Mumford0;bounds;True;False;1e-05;12000;1;2;20;50;200;-5;50;0.75;2;50;50;10;10;16;0.0368;1049;1049;2;1;30;line_consecutive;0.05;1049;1;19;10-15,15-21;7
lintim;Mumford0;Mumford0;bounds;True;False;1e-05;12000;1;2;20;50;200;-5;50;0.75;2;50;50;10;10;16;0.0368;1050;1050;2;1;30;line_consecutive;0.05;1050;1;20;2-15,8-15;10
lintim;Mumford0;Mumford0;bounds;True;False;1e-05;12000;1;2;20;50;200;-5;50;0.75;2;50;50;10;10;16;0.0368;1051;1051;2;1;30;line_consecutive;0.05;1051;1;21;8-15,8-17;10
lintim;Mumford0;Mumford0;bounds;True;False;1e-05;12000;1;2;20;50;200;-5;50;0.75;2;50;50;10;10;16;0.0368;1052;1052;2;1;30;line_consecutive;0.05;1052;1;22;7-17,8-17;10
lintim;Mumford0;Mumford0;bounds;True;False;1e-05;12000;1;2;20;50;200;-5;50;0.75;2;50;50;10;10;16;0.0368;1053;1053;2;1;30;line_consecutive;0.05;1053;1;23;6-7,7-17;10
lintim;Mumford0;Mumford0;bounds;True;False;1e-05;12000;1;2;20;50;200;-5;50;0.75;2;50;50;10;10;16;0.0368;1054;1054;2;1;30;line_consecutive;0.05;1054;1;24;12-15,12-18;11
lintim;Mumford0;Mumford0;bounds;True;False;1e-05;12000;1;2;20;50;200;-5;50;0.75;2;50;50;10;10;16;0.0368;1055;1055;2;1;30;line_consecutive;0.05;1055;1;25;18-23,19-23;11
lintim;Mumford0;Mumford0;bounds;True;False;1e-05;12000;1;2;20;50;200;-5;50;0.75;2;50;50;10;10;16;0.0368;1056;1056;2;1;30;line_consecutive;0.05;1056;1;26;3-8,8-21;12
lintim;Mumford0;Mumford0;bounds;True;False;1e-05;12000;1;2;20;50;200;-5;50;0.75;2;50;50;10;10;16;0.0368;1057;1057;2;1;30;line_consecutive;0.05;1057;1;27;8-21,21-24;12
lintim;Mumford0;Mumford0;bounds;True;False;1e-05;12000;1;2;20;50;200;-5;50;0.75;2;50;50;10;10;16;0.0368;1058;1058;1;1;30;line_consecutive;0.1;1058;2;0;18-23;2,11
lintim;Mumford0;Mumford0;bounds;True;False;1e-05;12000;1;2;20;50;200;-5;50;0.75;2;50;50;10;10;16;0.0368;1059;1059;1;1;30;line_consecutive;0.1;1059;2;1;4-12;2
lintim;Mumford0;Mumford0;bounds;True;False;1e-05;12000;1;2;20;50;200;-5;50;0.75;2;50;50;10;10;16;0.0368;1060;1060;1;1;30;line_consecutive;0.1;1060;2;2;1-14;2
lintim;Mumford0;Mumford0;bounds;True;False;1e-05;12000;1;2;20;50;200;-5;50;0.75;2;50;50;10;10;16;0.0368;1061;1061;1;1;30;line_consecutive;0.1;1061;2;3;17-28;3
lintim;Mumford0;Mumford0;bounds;True;False;1e-05;12000;1;2;20;50;200;-5;50;0.75;2;50;50;10;10;16;0.0368;1062;1062;1;1;30;line_consecutive;0.1;1062;2;4;21-24;12
lintim;Mumford0;Mumford0;bounds;True;False;1e-05;12000;1;2;20;50;200;-5;50;0.75;2;50;50;10;10;16;0.0368;1063;1063;1;1;30;line_consecutive;0.1;1063;2;5;28-30;3
lintim;Mumford0;Mumford0;bounds;True;False;1e-05;12000;1;2;20;50;200;-5;50;0.75;2;50;50;10;10;16;0.0368;1064;1064;1;1;30;line_consecutive;0.1;1064;2;6;14-19;4
lintim;Mumford0;Mumford0;bounds;True;False;1e-05;12000;1;2;20;50;200;-5;50;0.75;2;50;50;10;10;16;0.0368;1065;1065;1;1;30;line_consecutive;0.1;1065;2;7;1-29;3
lintim;Mumford0;Mumford0;bounds;True;False;1e-05;12000;1;2;20;50;200;-5;50;0.75;2;50;50;10;10;16;0.0368;1066;1066;1;1;30;line_consecutive;0.1;1066;2;8;8-11;1
lintim;Mumford0;Mumford0;bounds;True;False;1e-05;12000;1;2;20;50;200;-5;50;0.75;2;50;50;10;10;16;0.0368;1067;1067;1;1;30;line_consecutive;0.1;1067;2;9;1-13;3
lintim;Mumford0;Mumford0;bounds;True;False;1e-05;12000;1;2;20;50;200;-5;50;0.75;2;50;50;10;10;16;0.0368;1068;1068;1;1;30;line_consecutive;0.1;1068;2;10;8-25;1
lintim;Mumford0;Mumford0;bounds;True;False;1e-05;12000;1;2;20;50;200;-5;50;0.75;2;50;50;10;10;16;0.0368;1069;1069;1;1;30;line_consecutive;0.1;1069;2;11;6-7;4,10
lintim;Mumford0;Mumford0;bounds;True;False;1e-05;12000;1;2;20;50;200;-5;50;0.75;2;50;50;10;10;16;0.0368;1070;1070;1;1;30;line_consecutive;0.1;1070;2;12;2-4;2
lintim;Mumford0;Mumford0;bounds;True;False;1e-05;12000;1;2;20;50;200;-5;50;0.75;2;50;50;10;10;16;0.0368;1071;1071;1;1;30;line_consecutive;0.1;1071;2;13;2-25;1
lintim;Mumford0;Mumford0;bounds;True;False;1e-05;12000;1;2;20;50;200;-5;50;0.75;2;50;50;10;10;16;0.0368;1072;1072;1;1;30;line_consecutive;0.1;1072;2;14;6-16;8
lintim;Mumford0;Mumford0;bounds;True;False;1e-05;12000;1;2;20;50;200;-5;50;0.75;2;50;50;10;10;16;0.0368;1073;1073;1;1;30;line_consecutive;0.1;1073;2;15;9-13;3
lintim;Mumford0;Mumford0;bounds;True;False;1e-05;12000;1;2;20;50;200;-5;50;0.75;2;50;50;10;10;16;0.0368;1074;1074;1;1;30;line_consecutive;0.1;1074;2;16;12-15;5,11
lintim;Mumford0;Mumford0;bounds;True;False;1e-05;12000;1;2;20;50;200;-5;50;0.75;2;50;50;10;10;16;0.0368;1075;1075;1;1;30;line_consecutive;0.1;1075;2;17;11-22;1
lintim;Mumford0;Mumford0;bounds;True;False;1e-05;12000;1;2;20;50;200;-5;50;0.75;2;50;50;10;10;16;0.0368;1076;1076;1;1;30;line_consecutive;0.1;1076;2;18;17-29;3
lintim;Mumford0;Mumford0;bounds;True;False;1e-05;12000;1;2;20;50;200;-5;50;0.75;2;50;50;10;10;16;0.0368;1077;1077;1;1;30;line_consecutive;0.1;1077;2;19;12-18;2,11
lintim;Mumford0;Mumford0;bounds;True;False;1e-05;12000;1;2;20;50;200;-5;50;0.75;2;50;50;10;10;16;0.0368;1078;1078;1;1;30;line_consecutive;0.1;1078;2;20;8-21;12
lintim;Mumford0;Mumford0;bounds;True;False;1e-05;12000;1;2;20;50;200;-5;50;0.75;2;50;50;10;10;16;0.0368;1079;1079;1;1;30;line_consecutive;0.1;1079;2;21;15-24;5
lintim;Mumford0;Mumford0;bounds;True;False;1e-05;12000;1;2;20;50;200;-5;50;0.75;2;50;50;10;10;16;0.0368;1080;1080;1;1;30;line_consecutive;0.1;1080;2;22;8-17;10
lintim;Mumford0;Mumford0;bounds;True;False;1e-05;12000;1;2;20;50;200;-5;50;0.75;2;50;50;10;10;16;0.0368;1081;1081;1;1;30;line_consecutive;0.1;1081;2;23;9-27;9
lintim;Mumford0;Mumford0;bounds;True;False;1e-05;12000;1;2;20;50;200;-5;50;0.75;2;50;50;10;10;16;0.0368;1082;1082;1;1;30;line_consecutive;0.1;1082;2;24;8-15;10
lintim;Mumford0;Mumford0;bounds;True;False;1e-05;12000;1;2;20;50;200;-5;50;0.75;2;50;50;10;10;16;0.0368;1083;1083;1;1;30;line_consecutive;0.1;1083;2;25;2-15;10
lintim;Mumford0;Mumford0;bounds;True;False;1e-05;12000;1;2;20;50;200;-5;50;0.75;2;50;50;10;10;16;0.0368;1084;1084;1;1;30;line_consecutive;0.1;1084;2;26;5-8;6
lintim;Mumford0;Mumford0;bounds;True;False;1e-05;12000;1;2;20;50;200;-5;50;0.75;2;50;50;10;10;16;0.0368;1085;1085;1;1;30;line_consecutive;0.1;1085;2;27;7-17;10
lintim;Mumford0;Mumford0;bounds;True;False;1e-05;12000;1;2;20;50;200;-5;50;0.75;2;50;50;10;10;16;0.0368;1086;1086;1;1;30;line_consecutive;0.1;1086;2;28;15-21;7
lintim;Mumford0;Mumford0;bounds;True;False;1e-05;12000;1;2;20;50;200;-5;50;0.75;2;50;50;10;10;16;0.0368;1087;1087;1;1;30;line_consecutive;0.1;1087;2;29;1-23;2
lintim;Mumford0;Mumford0;bounds;True;False;1e-05;12000;1;2;20;50;200;-5;50;0.75;2;50;50;10;10;16;0.0368;1088;1088;2;1;30;line_consecutive;0.1;1088;3;0;2-25,8-25;1
lintim;Mumford0;Mumford0;bounds;True;False;1e-05;12000;1;2;20;50;200;-5;50;0.75;2;50;50;10;10;16;0.0368;1089;1089;2;1;30;line_consecutive;0.1;1089;3;1;8-11,8-25;1
lintim;Mumford0;Mumford0;bounds;True;False;1e-05;12000;1;2;20;50;200;-5;50;0.75;2;50;50;10;10;16;0.0368;1090;1090;2;1;30;line_consecutive;0.1;1090;3;2;8-11,11-22;1
lintim;Mumford0;Mumford0;bounds;True;False;1e-05;12000;1;2;20;50;200;-5;50;0.75;2;50;50;10;10;16;0.0368;1091;1091;2;1;30;line_consecutive;0.1;1091;3;3;2-4,4-12;2
lintim;Mumford0;Mumford0;bounds;True;False;1e-05;12000;1;2;20;50;200;-5;50;0.75;2;50;50;10;10;16;0.0368;1092;1092;2;1;30;line_consecutive;0.1;1092;3;4;4-12,12-18;2
lintim;Mumford0;Mumford0;bounds;True;False;1e-05;12000;1;2;20;50;200;-5;50;0.75;2;50;50;10;10;16;0.0368;1093;1093;2;1;30;line_consecutive;0.1;1093;3;5;12-18,18-23;2,11
lintim;Mumford0;Mumford0;bounds;True;False;1e-05;12000;1;2;20;50;200;-5;50;0.75;2;50;50;10;10;16;0.0368;1094;1094;2;1;30;line_consecutive;0.1;1094;3;6;1-23,18-23;2
lintim;Mumford0;Mumford0;bounds;True;False;1e-05;12000;1;2;20;50;200;-5;50;0.75;2;50;50;10;10;16;0.0368;1095;1095;2;1;30;line_consecutive;0.1;1095;3;7;1-14,1-23;2
lintim;Mumford0;Mumford0;bounds;True;False;1e-05;12000;1;2;20;50;200;-5;50;0.75;2;50;50;10;10;16;0.0368;1096;1096;2;1;30;line_consecutive;0.1;1096;3;8;1-13,9-13;3
lintim;Mumford0;Mumford0;bounds;True;False;1e-05;12000;1;2;20;50;200;-5;50;0.75;2;50;50;10;10;16;0.0368;1097;1097;2;1;30;line_consecutive;0.1;1097;3;9;1-13,1-29;3
lintim;Mumford0;Mumford0;bounds;True;False;1e-05;12000;1;2;20;50;200;-5;50;0.75;2;50;50;10;10;16;0.0368;1098;1098;2;1;30;line_consecutive;0.1;1098;3;10;1-29,17-29;3
lintim;Mumford0;Mumford0;bounds;True;False;1e-05;12000;1;2;20;50;200;-5;50;0.75;2;50;50;10;10;16;0.0368;1099;1099;2;1;30;line_consecutive;0.1;1099;3;11;17-28,17-29;3
lintim;Mumford0;Mumford0;bounds;True;False;1e-05;12000;1;2;20;50;200;-5;50;0.75;2;50;50;10;10;16;0.0368;1100;1100;2;1;30;line_consecutive;0.1;1100;3;12;17-28,28-30;3
lintim;Mumford0;Mumford0;bounds;True;False;1e-05;12000;1;2;20;50;200;-5;50;0.75;2;50;50;10;10;16;0.0368;1101;1101;2;1;30;line_consecutive;0.1;1101;3;13;6-7,7-14;4
lintim;Mumford0;Mumford0;bounds;True;False;1e-05;12000;1;2;20;50;200;-5;50;0.75;2;50;50;10;10;16;0.0368;1102;1102;2;1;30;line_consecutive;0.1;1102;3;14;7-14,14-19;4
lintim;Mumford0;Mumford0;bounds;True;False;1e-05;12000;1;2;20;50;200;-5;50;0.75;2;50;50;10;10;16;0.0368;1103;1103;2;1;30;line_consecutive;0.1;1103;3;15;14-19,19-20;4
lintim;Mumford0;Mumford0;bounds;True;False;1e-05;12000;1;2;20;50;200;-5;50;0.75;2;50;50;10;10;16;0.0368;1104;1104;2;1;30;line_consecutive;0.1;1104;3;16;12-15,15-24;5
lintim;Mumford0;Mumford0;bounds;True;False;1e-05;12000;1;2;20;50;200;-5;50;0.75;2;50;50;10;10;16;0.0368;1105;1105;2;1;30;line_consecutive;0.1;1105;3;17;12-15,12-26;5
lintim;Mumford0;Mumford0;bounds;True;False;1e-05;12000;1;2;20;50;200;-5;50;0.75;2;50;50;10;10;16;0.0368;1106;1106;2;1;30;line_consecutive;0.1;1106;3;18;3-8,5-8;6
lintim;Mumford0;Mumford0;bounds;True;False;1e-05;12000;1;2;20;50;200;-5;50;0.75;2;50;50;10;10;16;0.0368;1107;1107;2;1;30;line_consecutive;0.1;1107;3;19;10-15,15-21;7
lintim;Mumford0;Mumford0;bounds;True;False;1e-05;12000;1;2;20;50;200;-5;50;0.75;2;50;50;10;10;16;0.0368;1108;1108;2;1;30;line_consecutive;0.1;1108;3;20;2-15,8-15;10
lintim;Mumford0;Mumford0;bounds;True;False;1e-05;12000;1;2;20;50;200;-5;50;0.75;2;50;50;10;10;16;0.0368;1109;1109;2;1;30;line_consecutive;0.1;1109;3;21;8-15,8-17;10
lintim;Mumford0;Mumford0;bounds;True;False;1e-05;12000;1;2;20;50;200;-5;50;0.75;2;50;50;10;10;16;0.0368;1110;1110;2;1;30;line_consecutive;0.1;1110;3;22;7-17,8-17;10
lintim;Mumford0;Mumford0;bounds;True;False;1e-05;12000;1;2;20;50;200;-5;50;0.75;2;50;50;10;10;16;0.0368;1111;1111;2;1;30;line_consecutive;0.1;1111;3;23;6-7,7-17;10
lintim;Mumford0;Mumford0;bounds;True;False;1e-05;12000;1;2;20;50;200;-5;50;0.75;2;50;50;10;10;16;0.0368;1112;1112;2;1;30;line_consecutive;0.1;1112;3;24;12-15,12-18;11
lintim;Mumford0;Mumford0;bounds;True;False;1e-05;12000;1;2;20;50;200;-5;50;0.75;2;50;50;10;10;16;0.0368;1113;1113;2;1;30;line_consecutive;0.1;1113;3;25;18-23,19-23;11
lintim;Mumford0;Mumford0;bounds;True;False;1e-05;12000;1;2;20;50;200;-5;50;0.75;2;50;50;10;10;16;0.0368;1114;1114;2;1;30;line_consecutive;0.1;1114;3;26;3-8,8-21;12
lintim;Mumford0;Mumford0;bounds;True;False;1e-05;12000;1;2;20;50;200;-5;50;0.75;2;50;50;10;10;16;0.0368;1115;1115;2;1;30;line_consecutive;0.1;1115;3;27;8-21,21-24;12
lintim;Mumford0;Mumford0;bounds;True;False;1e-05;12000;1;2;20;50;200;-5;50;0.75;2;50;50;10;10;16;0.0368;1116;1116;1;1;30;line_consecutive;0.2;1116;4;0;8-25;1
lintim;Mumford0;Mumford0;bounds;True;False;1e-05;12000;1;2;20;50;200;-5;50;0.75;2;50;50;10;10;16;0.0368;1117;1117;1;1;30;line_consecutive;0.2;1117;4;1;8-11;1
lintim;Mumford0;Mumford0;bounds;True;False;1e-05;12000;1;2;20;50;200;-5;50;0.75;2;50;50;10;10;16;0.0368;1118;1118;1;1;30;line_consecutive;0.2;1118;4;2;6-16;8
lintim;Mumford0;Mumford0;bounds;True;False;1e-05;12000;1;2;20;50;200;-5;50;0.75;2;50;50;10;10;16;0.0368;1119;1119;1;1;30;line_consecutive;0.2;1119;4;3;4-12;2
lintim;Mumford0;Mumford0;bounds;True;False;1e-05;12000;1;2;20;50;200;-5;50;0.75;2;50;50;10;10;16;0.0368;1120;1120;1;1;30;line_consecutive;0.2;1120;4;4;17-28;3
lintim;Mumford0;Mumford0;bounds;True;False;1e-05;12000;1;2;20;50;200;-5;50;0.75;2;50;50;10;10;16;0.0368;1121;1121;1;1;30;line_consecutive;0.2;1121;4;5;1-29;3
lintim;Mumford0;Mumford0;bounds;True;False;1e-05;12000;1;2;20;50;200;-5;50;0.75;2;50;50;10;10;16;0.0368;1122;1122;1;1;30;line_consecutive;0.2;1122;4;6;15-24;5
lintim;Mumford0;Mumford0;bounds;True;False;1e-05;12000;1;2;20;50;200;-5;50;0.75;2;50;50;10;10;16;0.0368;1123;1123;1;1;30;line_consecutive;0.2;1123;4;7;17-29;3
lintim;Mumford0;Mumford0;bounds;True;False;1e-05;12000;1;2;20;50;200;-5;50;0.75;2;50;50;10;10;16;0.0368;1124;1124;1;1;30;line_consecutive;0.2;1124;4;8;1-14;2
lintim;Mumford0;Mumford0;bounds;True;False;1e-05;12000;1;2;20;50;200;-5;50;0.75;2;50;50;10;10;16;0.0368;1125;1125;1;1;30;line_consecutive;0.2;1125;4;9;5-8;6
lintim;Mumford0;Mumford0;bounds;True;False;1e-05;12000;1;2;20;50;200;-5;50;0.75;2;50;50;10;10;16;0.0368;1126;1126;1;1;30;line_consecutive;0.2;1126;4;10;18-23;2,11
lintim;Mumford0;Mumford0;bounds;True;False;1e-05;12000;1;2;20;50;200;-5;50;0.75;2;50;50;10;10;16;0.0368;1127;1127;1;1;30;line_consecutive;0.2;1127;4;11;28-30;3
lintim;Mumford0;Mumford0;bounds;True;False;1e-05;12000;1;2;20;50;200;-5;50;0.75;2;50;50;10;10;16;0.0368;1128;1128;1;1;30;line_consecutive;0.2;1128;4;12;10-15;7
lintim;Mumford0;Mumford0;bounds;True;False;1e-05;12000;1;2;20;50;200;-5;50;0.75;2;50;50;10;10;16;0.0368;1129;1129;1;1;30;line_consecutive;0.2;1129;4;13;7-14;4
lintim;Mumford0;Mumford0;bounds;True;False;1e-05;12000;1;2;20;50;200;-5;50;0.75;2;50;50;10;10;16;0.0368;1130;1130;1;1;30;line_consecutive;0.2;1130;4;14;3-8;6,12
lintim;Mumford0;Mumford0;bounds;True;False;1e-05;12000;1;2;20;50;200;-5;50;0.75;2;50;50;10;10;16;0.0368;1131;1131;1;1;30;line_consecutive;0.2;1131;4;15;9-27;9
lintim;Mumford0;Mumford0;bounds;True;False;1e-05;12000;1;2;20;50;200;-5;50;0.75;2;50;50;10;10;16;0.0368;1132;1132;1;1;30;line_consecutive;0.2;1132;4;16;8-17;10
lintim;Mumford0;Mumford0;bounds;True;False;1e-05;12000;1;2;20;50;200;-5;50;0.75;2;50;50;10;10;16;0.0368;1133;1133;1;1;30;line_consecutive;0.2;1133;4;17;2-25;1
lintim;Mumford0;Mumford0;bounds;True;False;1e-05;12000;1;2;20;50;200;-5;50;0.75;2;50;50;10;10;16;0.0368;1134;1134;1;1;30;line_consecutive;0.2;1134;4;18;9-13;3
lintim;Mumford0;Mumford0;bounds;True;False;1e-05;12000;1;2;20;50;200;-5;50;0.75;2;50;50;10;10;16;0.0368;1135;1135;1;1;30;line_consecutive;0.2;1135;4;19;19-20;4
lintim;Mumford0;Mumford0;bounds;True;False;1e-05;12000;1;2;20;50;200;-5;50;0.75;2;50;50;10;10;16;0.0368;1136;1136;1;1;30;line_consecutive;0.2;1136;4;20;15-21;7
lintim;Mumford0;Mumford0;bounds;True;False;1e-05;12000;1;2;20;50;200;-5;50;0.75;2;50;50;10;10;16;0.0368;1137;1137;1;1;30;line_consecutive;0.2;1137;4;21;14-19;4
lintim;Mumford0;Mumford0;bounds;True;False;1e-05;12000;1;2;20;50;200;-5;50;0.75;2;50;50;10;10;16;0.0368;1138;1138;1;1;30;line_consecutive;0.2;1138;4;22;6-7;4,10
lintim;Mumford0;Mumford0;bounds;True;False;1e-05;12000;1;2;20;50;200;-5;50;0.75;2;50;50;10;10;16;0.0368;1139;1139;1;1;30;line_consecutive;0.2;1139;4;23;8-15;10
lintim;Mumford0;Mumford0;bounds;True;False;1e-05;12000;1;2;20;50;200;-5;50;0.75;2;50;50;10;10;16;0.0368;1140;1140;1;1;30;line_consecutive;0.2;1140;4;24;1-23;2
lintim;Mumford0;Mumford0;bounds;True;False;1e-05;12000;1;2;20;50;200;-5;50;0.75;2;50;50;10;10;16;0.0368;1141;1141;1;1;30;line_consecutive;0.2;1141;4;25;21-24;12
lintim;Mumford0;Mumford0;bounds;True;False;1e-05;12000;1;2;20;50;200;-5;50;0.75;2;50;50;10;10;16;0.0368;1142;1142;1;1;30;line_consecutive;0.2;1142;4;26;2-4;2
lintim;Mumford0;Mumford0;bounds;True;False;1e-05;12000;1;2;20;50;200;-5;50;0.75;2;50;50;10;10;16;0.0368;1143;1143;1;1;30;line_consecutive;0.2;1143;4;27;1-13;3
lintim;Mumford0;Mumford0;bounds;True;False;1e-05;12000;1;2;20;50;200;-5;50;0.75;2;50;50;10;10;16;0.0368;1144;1144;1;1;30;line_consecutive;0.2;1144;4;28;7-17;10
lintim;Mumford0;Mumford0;bounds;True;False;1e-05;12000;1;2;20;50;200;-5;50;0.75;2;50;50;10;10;16;0.0368;1145;1145;1;1;30;line_consecutive;0.2;1145;4;29;19-23;11
lintim;Mumford0;Mumford0;bounds;True;False;1e-05;12000;1;2;20;50;200;-5;50;0.75;2;50;50;10;10;16;0.0368;1146;1146;2;1;30;line_consecutive;0.2;1146;5;0;2-25,8-25;1
lintim;Mumford0;Mumford0;bounds;True;False;1e-05;12000;1;2;20;50;200;-5;50;0.75;2;50;50;10;10;16;0.0368;1147;1147;2;1;30;line_consecutive;0.2;1147;5;1;8-11,8-25;1
lintim;Mumford0;Mumford0;bounds;True;False;1e-05;12000;1;2;20;50;200;-5;50;0.75;2;50;50;10;10;16;0.0368;1148;1148;2;1;30;line_consecutive;0.2;1148;5;2;8-11,11-22;1
lintim;Mumford0;Mumford0;bounds;True;False;1e-05;12000;1;2;20;50;200;-5;50;0.75;2;50;50;10;10;16;0.0368;1149;1149;2;1;30;line_consecutive;0.2;1149;5;3;2-4,4-12;2
lintim;Mumford0;Mumford0;bounds;True;False;1e-05;12000;1;2;20;50;200;-5;50;0.75;2;50;50;10;10;16;0.0368;1150;1150;2;1;30;line_consecutive;0.2;1150;5;4;4-12,12-18;2
lintim;Mumford0;Mumford0;bounds;True;False;1e-05;12000;1;2;20;50;200;-5;50;0.75;2;50;50;10;10;16;0.0368;1151;1151;2;1;30;line_consecutive;0.2;1151;5;5;12-18,18-23;2,11
lintim;Mumford0;Mumford0;bounds;True;False;1e-05;12000;1;2;20;50;200;-5;50;0.75;2;50;50;10;10;16;0.0368;1152;1152;2;1;30;line_consecutive;0.2;1152;5;6;1-23,18-23;2
lintim;Mumford0;Mumford0;bounds;True;False;1e-05;12000;1;2;20;50;200;-5;50;0.75;2;50;50;10;10;16;0.0368;1153;1153;2;1;30;line_consecutive;0.2;1153;5;7;1-14,1-23;2
lintim;Mumford0;Mumford0;bounds;True;False;1e-05;12000;1;2;20;50;200;-5;50;0.75;2;50;50;10;10;16;0.0368;1154;1154;2;1;30;line_consecutive;0.2;1154;5;8;1-13,9-13;3
lintim;Mumford0;Mumford0;bounds;True;False;1e-05;12000;1;2;20;50;200;-5;50;0.75;2;50;50;10;10;16;0.0368;1155;1155;2;1;30;line_consecutive;0.2;1155;5;9;1-13,1-29;3
lintim;Mumford0;Mumford0;bounds;True;False;1e-05;12000;1;2;20;50;200;-5;50;0.75;2;50;50;10;10;16;0.0368;1156;1156;2;1;30;line_consecutive;0.2;1156;5;10;1-29,17-29;3
lintim;Mumford0;Mumford0;bounds;True;False;1e-05;12000;1;2;20;50;200;-5;50;0.75;2;50;50;10;10;16;0.0368;1157;1157;2;1;30;line_consecutive;0.2;1157;5;11;17-28,17-29;3
lintim;Mumford0;Mumford0;bounds;True;False;1e-05;12000;1;2;20;50;200;-5;50;0.75;2;50;50;10;10;16;0.0368;1158;1158;2;1;30;line_consecutive;0.2;1158;5;12;17-28,28-30;3
lintim;Mumford0;Mumford0;bounds;True;False;1e-05;12000;1;2;20;50;200;-5;50;0.75;2;50;50;10;10;16;0.0368;1159;1159;2;1;30;line_consecutive;0.2;1159;5;13;6-7,7-14;4
lintim;Mumford0;Mumford0;bounds;True;False;1e-05;12000;1;2;20;50;200;-5;50;0.75;2;50;50;10;10;16;0.0368;1160;1160;2;1;30;line_consecutive;0.2;1160;5;14;7-14,14-19;4
lintim;Mumford0;Mumford0;bounds;True;False;1e-05;12000;1;2;20;50;200;-5;50;0.75;2;50;50;10;10;16;0.0368;1161;1161;2;1;30;line_consecutive;0.2;1161;5;15;14-19,19-20;4
lintim;Mumford0;Mumford0;bounds;True;False;1e-05;12000;1;2;20;50;200;-5;50;0.75;2;50;50;10;10;16;0.0368;1162;1162;2;1;30;line_consecutive;0.2;1162;5;16;12-15,15-24;5
lintim;Mumford0;Mumford0;bounds;True;False;1e-05;12000;1;2;20;50;200;-5;50;0.75;2;50;50;10;10;16;0.0368;1163;1163;2;1;30;line_consecutive;0.2;1163;5;17;12-15,12-26;5
lintim;Mumford0;Mumford0;bounds;True;False;1e-05;12000;1;2;20;50;200;-5;50;0.75;2;50;50;10;10;16;0.0368;1164;1164;2;1;30;line_consecutive;0.2;1164;5;18;3-8,5-8;6
lintim;Mumford0;Mumford0;bounds;True;False;1e-05;12000;1;2;20;50;200;-5;50;0.75;2;50;50;10;10;16;0.0368;1165;1165;2;1;30;line_consecutive;0.2;1165;5;19;10-15,15-21;7
lintim;Mumford0;Mumford0;bounds;True;False;1e-05;12000;1;2;20;50;200;-5;50;0.75;2;50;50;10;10;16;0.0368;1166;1166;2;1;30;line_consecutive;0.2;1166;5;20;2-15,8-15;10
lintim;Mumford0;Mumford0;bounds;True;False;1e-05;12000;1;2;20;50;200;-5;50;0.75;2;50;50;10;10;16;0.0368;1167;1167;2;1;30;line_consecutive;0.2;1167;5;21;8-15,8-17;10
lintim;Mumford0;Mumford0;bounds;True;False;1e-05;12000;1;2;20;50;200;-5;50;0.75;2;50;50;10;10;16;0.0368;1168;1168;2;1;30;line_consecutive;0.2;1168;5;22;7-17,8-17;10
lintim;Mumford0;Mumford0;bounds;True;False;1e-05;12000;1;2;20;50;200;-5;50;0.75;2;50;50;10;10;16;0.0368;1169;1169;2;1;30;line_consecutive;0.2;1169;5;23;6-7,7-17;10
lintim;Mumford0;Mumford0;bounds;True;False;1e-05;12000;1;2;20;50;200;-5;50;0.75;2;50;50;10;10;16;0.0368;1170;1170;2;1;30;line_consecutive;0.2;1170;5;24;12-15,12-18;11
lintim;Mumford0;Mumford0;bounds;True;False;1e-05;12000;1;2;20;50;200;-5;50;0.75;2;50;50;10;10;16;0.0368;1171;1171;2;1;30;line_consecutive;0.2;1171;5;25;18-23,19-23;11
lintim;Mumford0;Mumford0;bounds;True;False;1e-05;12000;1;2;20;50;200;-5;50;0.75;2;50;50;10;10;16;0.0368;1172;1172;2;1;30;line_consecutive;0.2;1172;5;26;3-8,8-21;12
lintim;Mumford0;Mumford0;bounds;True;False;1e-05;12000;1;2;20;50;200;-5;50;0.75;2;50;50;10;10;16;0.0368;1173;1173;2;1;30;line_consecutive;0.2;1173;5;27;8-21,21-24;12
lintim;Mumford0;Mumford0;bounds;True;False;1e-05;12000;1;2;20;50;200;-5;50;0.75;2;50;50;10;10;16;0.0368;1174;1174;1;1;30;line_consecutive;0.3;1174;6;0;6-16;8
lintim;Mumford0;Mumford0;bounds;True;False;1e-05;12000;1;2;20;50;200;-5;50;0.75;2;50;50;10;10;16;0.0368;1175;1175;1;1;30;line_consecutive;0.3;1175;6;1;1-13;3
lintim;Mumford0;Mumford0;bounds;True;False;1e-05;12000;1;2;20;50;200;-5;50;0.75;2;50;50;10;10;16;0.0368;1176;1176;1;1;30;line_consecutive;0.3;1176;6;2;1-29;3
lintim;Mumford0;Mumford0;bounds;True;False;1e-05;12000;1;2;20;50;200;-5;50;0.75;2;50;50;10;10;16;0.0368;1177;1177;1;1;30;line_consecutive;0.3;1177;6;3;28-30;3
lintim;Mumford0;Mumford0;bounds;True;False;1e-05;12000;1;2;20;50;200;-5;50;0.75;2;50;50;10;10;16;0.0368;1178;1178;1;1;30;line_consecutive;0.3;1178;6;4;2-25;1
lintim;Mumford0;Mumford0;bounds;True;False;1e-05;12000;1;2;20;50;200;-5;50;0.75;2;50;50;10;10;16;0.0368;1179;1179;1;1;30;line_consecutive;0.3;1179;6;5;17-28;3
lintim;Mumford0;Mumford0;bounds;True;False;1e-05;12000;1;2;20;50;200;-5;50;0.75;2;50;50;10;10;16;0.0368;1180;1180;1;1;30;line_consecutive;0.3;1180;6;6;19-20;4
lintim;Mumford0;Mumford0;bounds;True;False;1e-05;12000;1;2;20;50;200;-5;50;0.75;2;50;50;10;10;16;0.0368;1181;1181;1;1;30;line_consecutive;0.3;1181;6;7;8-21;12
lintim;Mumford0;Mumford0;bounds;True;False;1e-05;12000;1;2;20;50;200;-5;50;0.75;2;50;50;10;10;16;0.0368;1182;1182;1;1;30;line_consecutive;0.3;1182;6;8;17-29;3
lintim;Mumford0;Mumford0;bounds;True;False;1e-05;12000;1;2;20;50;200;-5;50;0.75;2;50;50;10;10;16;0.0368;1183;1183;1;1;30;line_consecutive;0.3;1183;6;9;9-13;3
lintim;Mumford0;Mumford0;bounds;True;False;1e-05;12000;1;2;20;50;200;-5;50;0.75;2;50;50;10;10;16;0.0368;1184;1184;1;1;30;line_consecutive;0.3;1184;6;10;1-14;2
lintim;Mumford0;Mumford0;bounds;True;False;1e-05;12000;1;2;20;50;200;-5;50;0.75;2;50;50;10;10;16;0.0368;1185;1185;1;1;30;line_consecutive;0.3;1185;6;11;10-15;7
lintim;Mumford0;Mumford0;bounds;True;False;1e-05;12000;1;2;20;50;200;-5;50;0.75;2;50;50;10;10;16;0.0368;1186;1186;1;1;30;line_consecutive;0.3;1186;6;12;12-26;5
lintim;Mumford0;Mumford0;bounds;True;False;1e-05;12000;1;2;20;50;200;-5;50;0.75;2;50;50;10;10;16;0.0368;1187;1187;1;1;30;line_consecutive;0.3;1187;6;13;6-7;4,10
lintim;Mumford0;Mumford0;bounds;True;False;1e-05;12000;1;2;20;50;200;-5;50;0.75;2;50;50;10;10;16;0.0368;1188;1188;1;1;30;line_consecutive;0.3;1188;6;14;8-17;10
lintim;Mumford0;Mumford0;bounds;True;False;1e-05;12000;1;2;20;50;200;-5;50;0.75;2;50;50;10;10;16;0.0368;1189;1189;1;1;30;line_consecutive;0.3;1189;6;15;8-15;10
lintim;Mumford0;Mumford0;bounds;True;False;1e-05;12000;1;2;20;50;200;-5;50;0.75;2;50;50;10;10;16;0.0368;1190;1190;1;1;30;line_consecutive;0.3;1190;6;16;5-8;6
lintim;Mumford0;Mumford0;bounds;True;False;1e-05;12000;1;2;20;50;200;-5;50;0.75;2;50;50;10;10;16;0.0368;1191;1191;1;1;30;line_consecutive;0.3;1191;6;17;7-17;10
lintim;Mumford0;Mumford0;bounds;True;False;1e-05;12000;1;2;20;50;200;-5;50;0.75;2;50;50;10;10;16;0.0368;1192;1192;1;1;30;line_consecutive;0.3;1192;6;18;21-24;12
lintim;Mumford0;Mumford0;bounds;True;False;1e-05;12000;1;2;20;50;200;-5;50;0.75;2;50;50;10;10;16;0.0368;1193;1193;1;1;30;line_consecutive;0.3;1193;6;19;14-19;4
lintim;Mumford0;Mumford0;bounds;True;False;1e-05;12000;1;2;20;50;200;-5;50;0.75;2;50;50;10;10;16;0.0368;1194;1194;1;1;30;line_consecutive;0.3;1194;6;20;7-14;4
lintim;Mumford0;Mumford0;bounds;True;False;1e-05;12000;1;2;20;50;200;-5;50;0.75;2;50;50;10;10;16;0.0368;1195;1195;1;1;30;line_consecutive;0.3;1195;6;21;12-15;5,11
lintim;Mumford0;Mumford0;bounds;True;False;1e-05;12000;1;2;20;50;200;-5;50;0.75;2;50;50;10;10;16;0.0368;1196;1196;1;1;30;line_consecutive;0.3;1196;6;22;11-22;1
lintim;Mumford0;Mumford0;bounds;True;False;1e-05;12000;1;2;20;50;200;-5;50;0.75;2;50;50;10;10;16;0.0368;1197;1197;1;1;30;line_consecutive;0.3;1197;6;23;15-24;5
lintim;Mumford0;Mumford0;bounds;True;False;1e-05;12000;1;2;20;50;200;-5;50;0.75;2;50;50;10;10;16;0.0368;1198;1198;1;1;30;line_consecutive;0.3;1198;6;24;19-23;11
lintim;Mumford0;Mumford0;bounds;True;False;1e-05;12000;1;2;20;50;200;-5;50;0.75;2;50;50;10;10;16;0.0368;1199;1199;1;1;30;line_consecutive;0.3;1199;6;25;1-23;2
lintim;Mumford0;Mumford0;bounds;True;False;1e-05;12000;1;2;20;50;200;-5;50;0.75;2;50;50;10;10;16;0.0368;1200;1200;1;1;30;line_consecutive;0.3;1200;6;26;15-21;7
lintim;Mumford0;Mumford0;bounds;True;False;1e-05;12000;1;2;20;50;200;-5;50;0.75;2;50;50;10;10;16;0.0368;1201;1201;1;1;30;line_consecutive;0.3;1201;6;27;2-4;2
lintim;Mumford0;Mumford0;bounds;True;False;1e-05;12000;1;2;20;50;200;-5;50;0.75;2;50;50;10;10;16;0.0368;1202;1202;1;1;30;line_consecutive;0.3;1202;6;28;18-23;2,11
lintim;Mumford0;Mumford0;bounds;True;False;1e-05;12000;1;2;20;50;200;-5;50;0.75;2;50;50;10;10;16;0.0368;1203;1203;1;1;30;line_consecutive;0.3;1203;6;29;4-12;2
lintim;Mumford0;Mumford0;bounds;True;False;1e-05;12000;1;2;20;50;200;-5;50;0.75;2;50;50;10;10;16;0.0368;1204;1204;2;1;30;line_consecutive;0.3;1204;7;0;2-25,8-25;1
lintim;Mumford0;Mumford0;bounds;True;False;1e-05;12000;1;2;20;50;200;-5;50;0.75;2;50;50;10;10;16;0.0368;1205;1205;2;1;30;line_consecutive;0.3;1205;7;1;8-11,8-25;1
lintim;Mumford0;Mumford0;bounds;True;False;1e-05;12000;1;2;20;50;200;-5;50;0.75;2;50;50;10;10;16;0.0368;1206;1206;2;1;30;line_consecutive;0.3;1206;7;2;8-11,11-22;1
lintim;Mumford0;Mumford0;bounds;True;False;1e-05;12000;1;2;20;50;200;-5;50;0.75;2;50;50;10;10;16;0.0368;1207;1207;2;1;30;line_consecutive;0.3;1207;7;3;2-4,4-12;2
lintim;Mumford0;Mumford0;bounds;True;False;1e-05;12000;1;2;20;50;200;-5;50;0.75;2;50;50;10;10;16;0.0368;1208;1208;2;1;30;line_consecutive;0.3;1208;7;4;4-12,12-18;2
lintim;Mumford0;Mumford0;bounds;True;False;1e-05;12000;1;2;20;50;200;-5;50;0.75;2;50;50;10;10;16;0.0368;1209;1209;2;1;30;line_consecutive;0.3;1209;7;5;12-18,18-23;2,11
lintim;Mumford0;Mumford0;bounds;True;False;1e-05;12000;1;2;20;50;200;-5;50;0.75;2;50;50;10;10;16;0.0368;1210;1210;2;1;30;line_consecutive;0.3;1210;7;6;1-23,18-23;2
lintim;Mumford0;Mumford0;bounds;True;False;1e-05;12000;1;2;20;50;200;-5;50;0.75;2;50;50;10;10;16;0.0368;1211;1211;2;1;30;line_consecutive;0.3;1211;7;7;1-14,1-23;2
lintim;Mumford0;Mumford0;bounds;True;False;1e-05;12000;1;2;20;50;200;-5;50;0.75;2;50;50;10;10;16;0.0368;1212;1212;2;1;30;line_consecutive;0.3;1212;7;8;1-13,9-13;3
lintim;Mumford0;Mumford0;bounds;True;False;1e-05;12000;1;2;20;50;200;-5;50;0.75;2;50;50;10;10;16;0.0368;1213;1213;2;1;30;line_consecutive;0.3;1213;7;9;1-13,1-29;3
lintim;Mumford0;Mumford0;bounds;True;False;1e-05;12000;1;2;20;50;200;-5;50;0.75;2;50;50;10;10;16;0.0368;1214;1214;2;1;30;line_consecutive;0.3;1214;7;10;1-29,17-29;3
lintim;Mumford0;Mumford0;bounds;True;False;1e-05;12000;1;2;20;50;200;-5;50;0.75;2;50;50;10;10;16;0.0368;1215;1215;2;1;30;line_consecutive;0.3;1215;7;11;17-28,17-29;3
lintim;Mumford0;Mumford0;bounds;True;False;1e-05;12000;1;2;20;50;200;-5;50;0.75;2;50;50;10;10;16;0.0368;1216;1216;2;1;30;line_consecutive;0.3;1216;7;12;17-28,28-30;3
lintim;Mumford0;Mumford0;bounds;True;False;1e-05;12000;1;2;20;50;200;-5;50;0.75;2;50;50;10;10;16;0.0368;1217;1217;2;1;30;line_consecutive;0.3;1217;7;13;6-7,7-14;4
lintim;Mumford0;Mumford0;bounds;True;False;1e-05;12000;1;2;20;50;200;-5;50;0.75;2;50;50;10;10;16;0.0368;1218;1218;2;1;30;line_consecutive;0.3;1218;7;14;7-14,14-19;4
lintim;Mumford0;Mumford0;bounds;True;False;1e-05;12000;1;2;20;50;200;-5;50;0.75;2;50;50;10;10;16;0.0368;1219;1219;2;1;30;line_consecutive;0.3;1219;7;15;14-19,19-20;4
lintim;Mumford0;Mumford0;bounds;True;False;1e-05;12000;1;2;20;50;200;-5;50;0.75;2;50;50;10;10;16;0.0368;1220;1220;2;1;30;line_consecutive;0.3;1220;7;16;12-15,15-24;5
lintim;Mumford0;Mumford0;bounds;True;False;1e-05;12000;1;2;20;50;200;-5;50;0.75;2;50;50;10;10;16;0.0368;1221;1221;2;1;30;line_consecutive;0.3;1221;7;17;12-15,12-26;5
lintim;Mumford0;Mumford0;bounds;True;False;1e-05;12000;1;2;20;50;200;-5;50;0.75;2;50;50;10;10;16;0.0368;1222;1222;2;1;30;line_consecutive;0.3;1222;7;18;3-8,5-8;6
lintim;Mumford0;Mumford0;bounds;True;False;1e-05;12000;1;2;20;50;200;-5;50;0.75;2;50;50;10;10;16;0.0368;1223;1223;2;1;30;line_consecutive;0.3;1223;7;19;10-15,15-21;7
lintim;Mumford0;Mumford0;bounds;True;False;1e-05;12000;1;2;20;50;200;-5;50;0.75;2;50;50;10;10;16;0.0368;1224;1224;2;1;30;line_consecutive;0.3;1224;7;20;2-15,8-15;10
lintim;Mumford0;Mumford0;bounds;True;False;1e-05;12000;1;2;20;50;200;-5;50;0.75;2;50;50;10;10;16;0.0368;1225;1225;2;1;30;line_consecutive;0.3;1225;7;21;8-15,8-17;10
lintim;Mumford0;Mumford0;bounds;True;False;1e-05;12000;1;2;20;50;200;-5;50;0.75;2;50;50;10;10;16;0.0368;1226;1226;2;1;30;line_consecutive;0.3;1226;7;22;7-17,8-17;10
lintim;Mumford0;Mumford0;bounds;True;False;1e-05;12000;1;2;20;50;200;-5;50;0.75;2;50;50;10;10;16;0.0368;1227;1227;2;1;30;line_consecutive;0.3;1227;7;23;6-7,7-17;10
lintim;Mumford0;Mumford0;bounds;True;False;1e-05;12000;1;2;20;50;200;-5;50;0.75;2;50;50;10;10;16;0.0368;1228;1228;2;1;30;line_consecutive;0.3;1228;7;24;12-15,12-18;11
lintim;Mumford0;Mumford0;bounds;True;False;1e-05;12000;1;2;20;50;200;-5;50;0.75;2;50;50;10;10;16;0.0368;1229;1229;2;1;30;line_consecutive;0.3;1229;7;25;18-23,19-23;11
lintim;Mumford0;Mumford0;bounds;True;False;1e-05;12000;1;2;20;50;200;-5;50;0.75;2;50;50;10;10;16;0.0368;1230;1230;2;1;30;line_consecutive;0.3;1230;7;26;3-8,8-21;12
lintim;Mumford0;Mumford0;bounds;True;False;1e-05;12000;1;2;20;50;200;-5;50;0.75;2;50;50;10;10;16;0.0368;1231;1231;2;1;30;line_consecutive;0.3;1231;7;27;8-21,21-24;12
lintim;Mumford0;Mumford0;bounds;True;False;1e-05;12000;1;2;20;50;200;-5;50;0.75;2;50;50;10;10;16;0.0368;1232;1232;1;1;30;line_consecutive;0.4;1232;8;0;3-8;6,12
lintim;Mumford0;Mumford0;bounds;True;False;1e-05;12000;1;2;20;50;200;-5;50;0.75;2;50;50;10;10;16;0.0368;1233;1233;1;1;30;line_consecutive;0.4;1233;8;1;1-13;3
lintim;Mumford0;Mumford0;bounds;True;False;1e-05;12000;1;2;20;50;200;-5;50;0.75;2;50;50;10;10;16;0.0368;1234;1234;1;1;30;line_consecutive;0.4;1234;8;2;19-20;4
lintim;Mumford0;Mumford0;bounds;True;False;1e-05;12000;1;2;20;50;200;-5;50;0.75;2;50;50;10;10;16;0.0368;1235;1235;1;1;30;line_consecutive;0.4;1235;8;3;7-14;4
lintim;Mumford0;Mumford0;bounds;True;False;1e-05;12000;1;2;20;50;200;-5;50;0.75;2;50;50;10;10;16;0.0368;1236;1236;1;1;30;line_consecutive;0.4;1236;8;4;8-25;1
lintim;Mumford0;Mumford0;bounds;True;False;1e-05;12000;1;2;20;50;200;-5;50;0.75;2;50;50;10;10;16;0.0368;1237;1237;1;1;30;line_consecutive;0.4;1237;8;5;17-28;3
lintim;Mumford0;Mumford0;bounds;True;False;1e-05;12000;1;2;20;50;200;-5;50;0.75;2;50;50;10;10;16;0.0368;1238;1238;1;1;30;line_consecutive;0.4;1238;8;6;28-30;3
lintim;Mumford0;Mumford0;bounds;True;False;1e-05;12000;1;2;20;50;200;-5;50;0.75;2;50;50;10;10;16;0.0368;1239;1239;1;1;30;line_consecutive;0.4;1239;8;7;9-13;3
lintim;Mumford0;Mumford0;bounds;True;False;1e-05;12000;1;2;20;50;200;-5;50;0.75;2;50;50;10;10;16;0.0368;1240;1240;1;1;30;line_consecutive;0.4;1240;8;8;1-29;3
lintim;Mumford0;Mumford0;bounds;True;False;1e-05;12000;1;2;20;50;200;-5;50;0.75;2;50;50;10;10;16;0.0368;1241;1241;1;1;30;line_consecutive;0.4;1241;8;9;21-24;12
lintim;Mumford0;Mumford0;bounds;True;False;1e-05;12000;1;2;20;50;200;-5;50;0.75;2;50;50;10;10;16;0.0368;1242;1242;1;1;30;line_consecutive;0.4;1242;8;10;8-21;12
lintim;Mumford0;Mumford0;bounds;True;False;1e-05;12000;1;2;20;50;200;-5;50;0.75;2;50;50;10;10;16;0.0368;1243;1243;1;1;30;line_consecutive;0.4;1243;8;11;2-15;10
lintim;Mumford0;Mumford0;bounds;True;False;1e-05;12000;1;2;20;50;200;-5;50;0.75;2;50;50;10;10;16;0.0368;1244;1244;1;1;30;line_consecutive;0.4;1244;8;12;15-21;7
lintim;Mumford0;Mumford0;bounds;True;False;1e-05;12000;1;2;20;50;200;-5;50;0.75;2;50;50;10;10;16;0.0368;1245;1245;1;1;30;line_consecutive;0.4;1245;8;13;7-17;10
lintim;Mumford0;Mumford0;bounds;True;False;1e-05;12000;1;2;20;50;200;-5;50;0.75;2;50;50;10;10;16;0.0368;1246;1246;1;1;30;line_consecutive;0.4;1246;8;14;19-23;11
lintim;Mumford0;Mumford0;bounds;True;False;1e-05;12000;1;2;20;50;200;-5;50;0.75;2;50;50;10;10;16;0.0368;1247;1247;1;1;30;line_consecutive;0.4;1247;8;15;2-4;2
lintim;Mumford0;Mumford0;bounds;True;False;1e-05;12000;1;2;20;50;200;-5;50;0.75;2;50;50;10;10;16;0.0368;1248;1248;1;1;30;line_consecutive;0.4;1248;8;16;8-17;10
lintim;Mumford0;Mumford0;bounds;True;False;1e-05;12000;1;2;20;50;200;-5;50;0.75;2;50;50;10;10;16;0.0368;1249;1249;1;1;30;line_consecutive;0.4;1249;8;17;9-27;9
lintim;Mumford0;Mumford0;bounds;True;False;1e-05;12000;1;2;20;50;200;-5;50;0.75;2;50;50;10;10;16;0.0368;1250;1250;1;1;30;line_consecutive;0.4;1250;8;18;12-15;5,11
lintim;Mumford0;Mumford0;bounds;True;False;1e-05;12000;1;2;20;50;200;-5;50;0.75;2;50;50;10;10;16;0.0368;1251;1251;1;1;30;line_consecutive;0.4;1251;8;19;14-19;4
lintim;Mumford0;Mumford0;bounds;True;False;1e-05;12000;1;2;20;50;200;-5;50;0.75;2;50;50;10;10;16;0.0368;1252;1252;1;1;30;line_consecutive;0.4;1252;8;20;8-15;10
lintim;Mumford0;Mumford0;bounds;True;False;1e-05;12000;1;2;20;50;200;-5;50;0.75;2;50;50;10;10;16;0.0368;1253;1253;1;1;30;line_consecutive;0.4;1253;8;21;12-18;2,11
lintim;Mumford0;Mumford0;bounds;True;False;1e-05;12000;1;2;20;50;200;-5;50;0.75;2;50;50;10;10;16;0.0368;1254;1254;1;1;30;line_consecutive;0.4;1254;8;22;2-25;1
lintim;Mumford0;Mumford0;bounds;True;False;1e-05;12000;1;2;20;50;200;-5;50;0.75;2;50;50;10;10;16;0.0368;1255;1255;1;1;30;line_consecutive;0.4;1255;8;23;1-14;2
lintim;Mumford0;Mumford0;bounds;True;False;1e-05;12000;1;2;20;50;200;-5;50;0.75;2;50;50;10;10;16;0.0368;1256;1256;1;1;30;line_consecutive;0.4;1256;8;24;1-23;2
lintim;Mumford0;Mumford0;bounds;True;False;1e-05;12000;1;2;20;50;200;-5;50;0.75;2;50;50;10;10;16;0.0368;1257;1257;1;1;30;line_consecutive;0.4;1257;8;25;6-7;4,10
lintim;Mumford0;Mumford0;bounds;True;False;1e-05;12000;1;2;20;50;200;-5;50;0.75;2;50;50;10;10;16;0.0368;1258;1258;1;1;30;line_consecutive;0.4;1258;8;26;8-11;1
lintim;Mumford0;Mumford0;bounds;True;False;1e-05;12000;1;2;20;50;200;-5;50;0.75;2;50;50;10;10;16;0.0368;1259;1259;1;1;30;line_consecutive;0.4;1259;8;27;11-22;1
lintim;Mumford0;Mumford0;bounds;True;False;1e-05;12000;1;2;20;50;200;-5;50;0.75;2;50;50;10;10;16;0.0368;1260;1260;1;1;30;line_consecutive;0.4;1260;8;28;6-16;8
lintim;Mumford0;Mumford0;bounds;True;False;1e-05;12000;1;2;20;50;200;-5;50;0.75;2;50;50;10;10;16;0.0368;1261;1261;1;1;30;line_consecutive;0.4;1261;8;29;12-26;5
lintim;Mumford0;Mumford0;bounds;True;False;1e-05;12000;1;2;20;50;200;-5;50;0.75;2;50;50;10;10;16;0.0368;1262;1262;2;1;30;line_consecutive;0.4;1262;9;0;2-25,8-25;1
lintim;Mumford0;Mumford0;bounds;True;False;1e-05;12000;1;2;20;50;200;-5;50;0.75;2;50;50;10;10;16;0.0368;1263;1263;2;1;30;line_consecutive;0.4;1263;9;1;8-11,8-25;1
lintim;Mumford0;Mumford0;bounds;True;False;1e-05;12000;1;2;20;50;200;-5;50;0.75;2;50;50;10;10;16;0.0368;1264;1264;2;1;30;line_consecutive;0.4;1264;9;2;8-11,11-22;1
lintim;Mumford0;Mumford0;bounds;True;False;1e-05;12000;1;2;20;50;200;-5;50;0.75;2;50;50;10;10;16;0.0368;1265;1265;2;1;30;line_consecutive;0.4;1265;9;3;2-4,4-12;2
lintim;Mumford0;Mumford0;bounds;True;False;1e-05;12000;1;2;20;50;200;-5;50;0.75;2;50;50;10;10;16;0.0368;1266;1266;2;1;30;line_consecutive;0.4;1266;9;4;4-12,12-18;2
lintim;Mumford0;Mumford0;bounds;True;False;1e-05;12000;1;2;20;50;200;-5;50;0.75;2;50;50;10;10;16;0.0368;1267;1267;2;1;30;line_consecutive;0.4;1267;9;5;12-18,18-23;2,11
lintim;Mumford0;Mumford0;bounds;True;False;1e-05;12000;1;2;20;50;200;-5;50;0.75;2;50;50;10;10;16;0.0368;1268;1268;2;1;30;line_consecutive;0.4;1268;9;6;1-23,18-23;2
lintim;Mumford0;Mumford0;bounds;True;False;1e-05;12000;1;2;20;50;200;-5;50;0.75;2;50;50;10;10;16;0.0368;1269;1269;2;1;30;line_consecutive;0.4;1269;9;7;1-14,1-23;2
lintim;Mumford0;Mumford0;bounds;True;False;1e-05;12000;1;2;20;50;200;-5;50;0.75;2;50;50;10;10;16;0.0368;1270;1270;2;1;30;line_consecutive;0.4;1270;9;8;1-13,9-13;3
lintim;Mumford0;Mumford0;bounds;True;False;1e-05;12000;1;2;20;50;200;-5;50;0.75;2;50;50;10;10;16;0.0368;1271;1271;2;1;30;line_consecutive;0.4;1271;9;9;1-13,1-29;3
lintim;Mumford0;Mumford0;bounds;True;False;1e-05;12000;1;2;20;50;200;-5;50;0.75;2;50;50;10;10;16;0.0368;1272;1272;2;1;30;line_consecutive;0.4;1272;9;10;1-29,17-29;3
lintim;Mumford0;Mumford0;bounds;True;False;1e-05;12000;1;2;20;50;200;-5;50;0.75;2;50;50;10;10;16;0.0368;1273;1273;2;1;30;line_consecutive;0.4;1273;9;11;17-28,17-29;3
lintim;Mumford0;Mumford0;bounds;True;False;1e-05;12000;1;2;20;50;200;-5;50;0.75;2;50;50;10;10;16;0.0368;1274;1274;2;1;30;line_consecutive;0.4;1274;9;12;17-28,28-30;3
lintim;Mumford0;Mumford0;bounds;True;False;1e-05;12000;1;2;20;50;200;-5;50;0.75;2;50;50;10;10;16;0.0368;1275;1275;2;1;30;line_consecutive;0.4;1275;9;13;6-7,7-14;4
lintim;Mumford0;Mumford0;bounds;True;False;1e-05;12000;1;2;20;50;200;-5;50;0.75;2;50;50;10;10;16;0.0368;1276;1276;2;1;30;line_consecutive;0.4;1276;9;14;7-14,14-19;4
lintim;Mumford0;Mumford0;bounds;True;False;1e-05;12000;1;2;20;50;200;-5;50;0.75;2;50;50;10;10;16;0.0368;1277;1277;2;1;30;line_consecutive;0.4;1277;9;15;14-19,19-20;4
lintim;Mumford0;Mumford0;bounds;True;False;1e-05;12000;1;2;20;50;200;-5;50;0.75;2;50;50;10;10;16;0.0368;1278;1278;2;1;30;line_consecutive;0.4;1278;9;16;12-15,15-24;5
lintim;Mumford0;Mumford0;bounds;True;False;1e-05;12000;1;2;20;50;200;-5;50;0.75;2;50;50;10;10;16;0.0368;1279;1279;2;1;30;line_consecutive;0.4;1279;9;17;12-15,12-26;5
lintim;Mumford0;Mumford0;bounds;True;False;1e-05;12000;1;2;20;50;200;-5;50;0.75;2;50;50;10;10;16;0.0368;1280;1280;2;1;30;line_consecutive;0.4;1280;9;18;3-8,5-8;6
lintim;Mumford0;Mumford0;bounds;True;False;1e-05;12000;1;2;20;50;200;-5;50;0.75;2;50;50;10;10;16;0.0368;1281;1281;2;1;30;line_consecutive;0.4;1281;9;19;10-15,15-21;7
lintim;Mumford0;Mumford0;bounds;True;False;1e-05;12000;1;2;20;50;200;-5;50;0.75;2;50;50;10;10;16;0.0368;1282;1282;2;1;30;line_consecutive;0.4;1282;9;20;2-15,8-15;10
lintim;Mumford0;Mumford0;bounds;True;False;1e-05;12000;1;2;20;50;200;-5;50;0.75;2;50;50;10;10;16;0.0368;1283;1283;2;1;30;line_consecutive;0.4;1283;9;21;8-15,8-17;10
lintim;Mumford0;Mumford0;bounds;True;False;1e-05;12000;1;2;20;50;200;-5;50;0.75;2;50;50;10;10;16;0.0368;1284;1284;2;1;30;line_consecutive;0.4;1284;9;22;7-17,8-17;10
lintim;Mumford0;Mumford0;bounds;True;False;1e-05;12000;1;2;20;50;200;-5;50;0.75;2;50;50;10;10;16;0.0368;1285;1285;2;1;30;line_consecutive;0.4;1285;9;23;6-7,7-17;10
lintim;Mumford0;Mumford0;bounds;True;False;1e-05;12000;1;2;20;50;200;-5;50;0.75;2;50;50;10;10;16;0.0368;1286;1286;2;1;30;line_consecutive;0.4;1286;9;24;12-15,12-18;11
lintim;Mumford0;Mumford0;bounds;True;False;1e-05;12000;1;2;20;50;200;-5;50;0.75;2;50;50;10;10;16;0.0368;1287;1287;2;1;30;line_consecutive;0.4;1287;9;25;18-23,19-23;11
lintim;Mumford0;Mumford0;bounds;True;False;1e-05;12000;1;2;20;50;200;-5;50;0.75;2;50;50;10;10;16;0.0368;1288;1288;2;1;30;line_consecutive;0.4;1288;9;26;3-8,8-21;12
lintim;Mumford0;Mumford0;bounds;True;False;1e-05;12000;1;2;20;50;200;-5;50;0.75;2;50;50;10;10;16;0.0368;1289;1289;2;1;30;line_consecutive;0.4;1289;9;27;8-21,21-24;12
lintim;Mumford0;Mumford0;bounds;True;False;1e-05;12000;1;2;20;50;200;-5;50;0.75;2;50;50;10;10;16;0.0368;1290;1290;1;1;30;line_consecutive;0.5;1290;10;0;18-23;2,11
lintim;Mumford0;Mumford0;bounds;True;False;1e-05;12000;1;2;20;50;200;-5;50;0.75;2;50;50;10;10;16;0.0368;1291;1291;1;1;30;line_consecutive;0.5;1291;10;1;9-27;9
lintim;Mumford0;Mumford0;bounds;True;False;1e-05;12000;1;2;20;50;200;-5;50;0.75;2;50;50;10;10;16;0.0368;1292;1292;1;1;30;line_consecutive;0.5;1292;10;2;8-25;1
lintim;Mumford0;Mumford0;bounds;True;False;1e-05;12000;1;2;20;50;200;-5;50;0.75;2;50;50;10;10;16;0.0368;1293;1293;1;1;30;line_consecutive;0.5;1293;10;3;1-14;2
lintim;Mumford0;Mumford0;bounds;True;False;1e-05;12000;1;2;20;50;200;-5;50;0.75;2;50;50;10;10;16;0.0368;1294;1294;1;1;30;line_consecutive;0.5;1294;10;4;21-24;12
lintim;Mumford0;Mumford0;bounds;True;False;1e-05;12000;1;2;20;50;200;-5;50;0.75;2;50;50;10;10;16;0.0368;1295;1295;1;1;30;line_consecutive;0.5;1295;10;5;2-15;10
lintim;Mumford0;Mumford0;bounds;True;False;1e-05;12000;1;2;20;50;200;-5;50;0.75;2;50;50;10;10;16;0.0368;1296;1296;1;1;30;line_consecutive;0.5;1296;10;6;12-15;5,11
lintim;Mumford0;Mumford0;bounds;True;False;1e-05;12000;1;2;20;50;200;-5;50;0.75;2;50;50;10;10;16;0.0368;1297;1297;1;1;30;line_consecutive;0.5;1297;10;7;8-21;12
lintim;Mumford0;Mumford0;bounds;True;False;1e-05;12000;1;2;20;50;200;-5;50;0.75;2;50;50;10;10;16;0.0368;1298;1298;1;1;30;line_consecutive;0.5;1298;10;8;5-8;6
lintim;Mumford0;Mumford0;bounds;True;False;1e-05;12000;1;2;20;50;200;-5;50;0.75;2;50;50;10;10;16;0.0368;1299;1299;1;1;30;line_consecutive;0.5;1299;10;9;8-17;10
lintim;Mumford0;Mumford0;bounds;True;False;1e-05;12000;1;2;20;50;200;-5;50;0.75;2;50;50;10;10;16;0.0368;1300;1300;1;1;30;line_consecutive;0.5;1300;10;10;1-29;3
lintim;Mumford0;Mumford0;bounds;True;False;1e-05;12000;1;2;20;50;200;-5;50;0.75;2;50;50;10;10;16;0.0368;1301;1301;1;1;30;line_consecutive;0.5;1301;10;11;6-16;8
lintim;Mumford0;Mumford0;bounds;True;False;1e-05;12000;1;2;20;50;200;-5;50;0.75;2;50;50;10;10;16;0.0368;1302;1302;1;1;30;line_consecutive;0.5;1302;10;12;17-28;3
lintim;Mumford0;Mumford0;bounds;True;False;1e-05;12000;1;2;20;50;200;-5;50;0.75;2;50;50;10;10;16;0.0368;1303;1303;1;1;30;line_consecutive;0.5;1303;10;13;4-12;2
lintim;Mumford0;Mumford0;bounds;True;False;1e-05;12000;1;2;20;50;200;-5;50;0.75;2;50;50;10;10;16;0.0368;1304;1304;1;1;30;line_consecutive;0.5;1304;10;14;1-23;2
lintim;Mumford0;Mumford0;bounds;True;False;1e-05;12000;1;2;20;50;200;-5;50;0.75;2;50;50;10;10;16;0.0368;1305;1305;1;1;30;line_consecutive;0.5;1305;10;15;6-7;4,10
lintim;Mumford0;Mumford0;bounds;True;False;1e-05;12000;1;2;20;50;200;-5;50;0.75;2;50;50;10;10;16;0.0368;1306;1306;1;1;30;line_consecutive;0.5;1306;10;16;15-24;5
lintim;Mumford0;Mumford0;bounds;True;False;1e-05;12000;1;2;20;50;200;-5;50;0.75;2;50;50;10;10;16;0.0368;1307;1307;1;1;30;line_consecutive;0.5;1307;10;17;14-19;4
lintim;Mumford0;Mumford0;bounds;True;False;1e-05;12000;1;2;20;50;200;-5;50;0.75;2;50;50;10;10;16;0.0368;1308;1308;1;1;30;line_consecutive;0.5;1308;10;18;3-8;6,12
lintim;Mumford0;Mumford0;bounds;True;False;1e-05;12000;1;2;20;50;200;-5;50;0.75;2;50;50;10;10;16;0.0368;1309;1309;1;1;30;line_consecutive;0.5;1309;10;19;12-26;5
lintim;Mumford0;Mumford0;bounds;True;False;1e-05;12000;1;2;20;50;200;-5;50;0.75;2;50;50;10;10;16;0.0368;1310;1310;1;1;30;line_consecutive;0.5;1310;10;20;8-11;1
lintim;Mumford0;Mumford0;bounds;True;False;1e-05;12000;1;2;20;50;200;-5;50;0.75;2;50;50;10;10;16;0.0368;1311;1311;1;1;30;line_consecutive;0.5;1311;10;21;2-25;1
lintim;Mumford0;Mumford0;bounds;True;False;1e-05;12000;1;2;20;50;200;-5;50;0.75;2;50;50;10;10;16;0.0368;1312;1312;1;1;30;line_consecutive;0.5;1312;10;22;7-14;4
lintim;Mumford0;Mumford0;bounds;True;False;1e-05;12000;1;2;20;50;200;-5;50;0.75;2;50;50;10;10;16;0.0368;1313;1313;1;1;30;line_consecutive;0.5;1313;10;23;11-22;1
lintim;Mumford0;Mumford0;bounds;True;False;1e-05;12000;1;2;20;50;200;-5;50;0.75;2;50;50;10;10;16;0.0368;1314;1314;1;1;30;line_consecutive;0.5;1314;10;24;2-4;2
lintim;Mumford0;Mumford0;bounds;True;False;1e-05;12000;1;2;20;50;200;-5;50;0.75;2;50;50;10;10;16;0.0368;1315;1315;1;1;30;line_consecutive;0.5;1315;10;25;28-30;3
lintim;Mumford0;Mumford0;bounds;True;False;1e-05;12000;1;2;20;50;200;-5;50;0.75;2;50;50;10;10;16;0.0368;1316;1316;1;1;30;line_consecutive;0.5;1316;10;26;19-20;4
lintim;Mumford0;Mumford0;bounds;True;False;1e-05;12000;1;2;20;50;200;-5;50;0.75;2;50;50;10;10;16;0.0368;1317;1317;1;1;30;line_consecutive;0.5;1317;10;27;8-15;10
lintim;Mumford0;Mumford0;bounds;True;False;1e-05;12000;1;2;20;50;200;-5;50;0.75;2;50;50;10;10;16;0.0368;1318;1318;1;1;30;line_consecutive;0.5;1318;10;28;9-13;3
lintim;Mumford0;Mumford0;bounds;True;False;1e-05;12000;1;2;20;50;200;-5;50;0.75;2;50;50;10;10;16;0.0368;1319;1319;1;1;30;line_consecutive;0.5;1319;10;29;17-29;3
lintim;Mumford0;Mumford0;bounds;True;False;1e-05;12000;1;2;20;50;200;-5;50;0.75;2;50;50;10;10;16;0.0368;1320;1320;2;1;30;line_consecutive;0.5;1320;11;0;2-25,8-25;1
lintim;Mumford0;Mumford0;bounds;True;False;1e-05;12000;1;2;20;50;200;-5;50;0.75;2;50;50;10;10;16;0.0368;1321;1321;2;1;30;line_consecutive;0.5;1321;11;1;8-11,8-25;1
lintim;Mumford0;Mumford0;bounds;True;False;1e-05;12000;1;2;20;50;200;-5;50;0.75;2;50;50;10;10;16;0.0368;1322;1322;2;1;30;line_consecutive;0.5;1322;11;2;8-11,11-22;1
lintim;Mumford0;Mumford0;bounds;True;False;1e-05;12000;1;2;20;50;200;-5;50;0.75;2;50;50;10;10;16;0.0368;1323;1323;2;1;30;line_consecutive;0.5;1323;11;3;2-4,4-12;2
lintim;Mumford0;Mumford0;bounds;True;False;1e-05;12000;1;2;20;50;200;-5;50;0.75;2;50;50;10;10;16;0.0368;1324;1324;2;1;30;line_consecutive;0.5;1324;11;4;4-12,12-18;2
lintim;Mumford0;Mumford0;bounds;True;False;1e-05;12000;1;2;20;50;200;-5;50;0.75;2;50;50;10;10;16;0.0368;1325;1325;2;1;30;line_consecutive;0.5;1325;11;5;12-18,18-23;2,11
lintim;Mumford0;Mumford0;bounds;True;False;1e-05;12000;1;2;20;50;200;-5;50;0.75;2;50;50;10;10;16;0.0368;1326;1326;2;1;30;line_consecutive;0.5;1326;11;6;1-23,18-23;2
lintim;Mumford0;Mumford0;bounds;True;False;1e-05;12000;1;2;20;50;200;-5;50;0.75;2;50;50;10;10;16;0.0368;1327;1327;2;1;30;line_consecutive;0.5;1327;11;7;1-14,1-23;2
lintim;Mumford0;Mumford0;bounds;True;False;1e-05;12000;1;2;20;50;200;-5;50;0.75;2;50;50;10;10;16;0.0368;1328;1328;2;1;30;line_consecutive;0.5;1328;11;8;1-13,9-13;3
lintim;Mumford0;Mumford0;bounds;True;False;1e-05;12000;1;2;20;50;200;-5;50;0.75;2;50;50;10;10;16;0.0368;1329;1329;2;1;30;line_consecutive;0.5;1329;11;9;1-13,1-29;3
lintim;Mumford0;Mumford0;bounds;True;False;1e-05;12000;1;2;20;50;200;-5;50;0.75;2;50;50;10;10;16;0.0368;1330;1330;2;1;30;line_consecutive;0.5;1330;11;10;1-29,17-29;3
lintim;Mumford0;Mumford0;bounds;True;False;1e-05;12000;1;2;20;50;200;-5;50;0.75;2;50;50;10;10;16;0.0368;1331;1331;2;1;30;line_consecutive;0.5;1331;11;11;17-28,17-29;3
lintim;Mumford0;Mumford0;bounds;True;False;1e-05;12000;1;2;20;50;200;-5;50;0.75;2;50;50;10;10;16;0.0368;1332;1332;2;1;30;line_consecutive;0.5;1332;11;12;17-28,28-30;3
lintim;Mumford0;Mumford0;bounds;True;False;1e-05;12000;1;2;20;50;200;-5;50;0.75;2;50;50;10;10;16;0.0368;1333;1333;2;1;30;line_consecutive;0.5;1333;11;13;6-7,7-14;4
lintim;Mumford0;Mumford0;bounds;True;False;1e-05;12000;1;2;20;50;200;-5;50;0.75;2;50;50;10;10;16;0.0368;1334;1334;2;1;30;line_consecutive;0.5;1334;11;14;7-14,14-19;4
lintim;Mumford0;Mumford0;bounds;True;False;1e-05;12000;1;2;20;50;200;-5;50;0.75;2;50;50;10;10;16;0.0368;1335;1335;2;1;30;line_consecutive;0.5;1335;11;15;14-19,19-20;4
lintim;Mumford0;Mumford0;bounds;True;False;1e-05;12000;1;2;20;50;200;-5;50;0.75;2;50;50;10;10;16;0.0368;1336;1336;2;1;30;line_consecutive;0.5;1336;11;16;12-15,15-24;5
lintim;Mumford0;Mumford0;bounds;True;False;1e-05;12000;1;2;20;50;200;-5;50;0.75;2;50;50;10;10;16;0.0368;1337;1337;2;1;30;line_consecutive;0.5;1337;11;17;12-15,12-26;5
lintim;Mumford0;Mumford0;bounds;True;False;1e-05;12000;1;2;20;50;200;-5;50;0.75;2;50;50;10;10;16;0.0368;1338;1338;2;1;30;line_consecutive;0.5;1338;11;18;3-8,5-8;6
lintim;Mumford0;Mumford0;bounds;True;False;1e-05;12000;1;2;20;50;200;-5;50;0.75;2;50;50;10;10;16;0.0368;1339;1339;2;1;30;line_consecutive;0.5;1339;11;19;10-15,15-21;7
lintim;Mumford0;Mumford0;bounds;True;False;1e-05;12000;1;2;20;50;200;-5;50;0.75;2;50;50;10;10;16;0.0368;1340;1340;2;1;30;line_consecutive;0.5;1340;11;20;2-15,8-15;10
lintim;Mumford0;Mumford0;bounds;True;False;1e-05;12000;1;2;20;50;200;-5;50;0.75;2;50;50;10;10;16;0.0368;1341;1341;2;1;30;line_consecutive;0.5;1341;11;21;8-15,8-17;10
lintim;Mumford0;Mumford0;bounds;True;False;1e-05;12000;1;2;20;50;200;-5;50;0.75;2;50;50;10;10;16;0.0368;1342;1342;2;1;30;line_consecutive;0.5;1342;11;22;7-17,8-17;10
lintim;Mumford0;Mumford0;bounds;True;False;1e-05;12000;1;2;20;50;200;-5;50;0.75;2;50;50;10;10;16;0.0368;1343;1343;2;1;30;line_consecutive;0.5;1343;11;23;6-7,7-17;10
lintim;Mumford0;Mumford0;bounds;True;False;1e-05;12000;1;2;20;50;200;-5;50;0.75;2;50;50;10;10;16;0.0368;1344;1344;2;1;30;line_consecutive;0.5;1344;11;24;12-15,12-18;11
lintim;Mumford0;Mumford0;bounds;True;False;1e-05;12000;1;2;20;50;200;-5;50;0.75;2;50;50;10;10;16;0.0368;1345;1345;2;1;30;line_consecutive;0.5;1345;11;25;18-23,19-23;11
lintim;Mumford0;Mumford0;bounds;True;False;1e-05;12000;1;2;20;50;200;-5;50;0.75;2;50;50;10;10;16;0.0368;1346;1346;2;1;30;line_consecutive;0.5;1346;11;26;3-8,8-21;12
lintim;Mumford0;Mumford0;bounds;True;False;1e-05;12000;1;2;20;50;200;-5;50;0.75;2;50;50;10;10;16;0.0368;1347;1347;2;1;30;line_consecutive;0.5;1347;11;27;8-21,21-24;12
lintim;Mumford0;Mumford0;bounds;True;False;1e-05;12000;1;2;20;50;200;-5;50;0.75;2;50;50;10;10;16;0.0368;1348;1348;1;1;30;line_consecutive;0.6;1348;12;0;8-21;12
lintim;Mumford0;Mumford0;bounds;True;False;1e-05;12000;1;2;20;50;200;-5;50;0.75;2;50;50;10;10;16;0.0368;1349;1349;1;1;30;line_consecutive;0.6;1349;12;1;10-15;7
lintim;Mumford0;Mumford0;bounds;True;False;1e-05;12000;1;2;20;50;200;-5;50;0.75;2;50;50;10;10;16;0.0368;1350;1350;1;1;30;line_consecutive;0.6;1350;12;2;18-23;2,11
lintim;Mumford0;Mumford0;bounds;True;False;1e-05;12000;1;2;20;50;200;-5;50;0.75;2;50;50;10;10;16;0.0368;1351;1351;1;1;30;line_consecutive;0.6;1351;12;3;4-12;2
lintim;Mumford0;Mumford0;bounds;True;False;1e-05;12000;1;2;20;50;200;-5;50;0.75;2;50;50;10;10;16;0.0368;1352;1352;1;1;30;line_consecutive;0.6;1352;12;4;15-24;5
lintim;Mumford0;Mumford0;bounds;True;False;1e-05;12000;1;2;20;50;200;-5;50;0.75;2;50;50;10;10;16;0.0368;1353;1353;1;1;30;line_consecutive;0.6;1353;12;5;21-24;12
lintim;Mumford0;Mumford0;bounds;True;False;1e-05;12000;1;2;20;50;200;-5;50;0.75;2;50;50;10;10;16;0.0368;1354;1354;1;1;30;line_consecutive;0.6;1354;12;6;17-29;3
lintim;Mumford0;Mumford0;bounds;True;False;1e-05;12000;1;2;20;50;200;-5;50;0.75;2;50;50;10;10;16;0.0368;1355;1355;1;1;30;line_consecutive;0.6;1355;12;7;6-16;8
lintim;Mumford0;Mumford0;bounds;True;False;1e-05;12000;1;2;20;50;200;-5;50;0.75;2;50;50;10;10;16;0.0368;1356;1356;1;1;30;line_consecutive;0.6;1356;12;8;17-28;3
lintim;Mumford0;Mumford0;bounds;True;False;1e-05;12000;1;2;20;50;200;-5;50;0.75;2;50;50;10;10;16;0.0368;1357;1357;1;1;30;line_consecutive;0.6;1357;12;9;8-11;1
lintim;Mumford0;Mumford0;bounds;True;False;1e-05;12000;1;2;20;50;200;-5;50;0.75;2;50;50;10;10;16;0.0368;1358;1358;1;1;30;line_consecutive;0.6;1358;12;10;1-23;2
lintim;Mumford0;Mumford0;bounds;True;False;1e-05;12000;1;2;20;50;200;-5;50;0.75;2;50;50;10;10;16;0.0368;1359;1359;1;1;30;line_consecutive;0.6;1359;12;11;19-23;11
lintim;Mumford0;Mumford0;bounds;True;False;1e-05;12000;1;2;20;50;200;-5;50;0.75;2;50;50;10;10;16;0.0368;1360;1360;1;1;30;line_consecutive;0.6;1360;12;12;14-19;4
lintim;Mumford0;Mumford0;bounds;True;False;1e-05;12000;1;2;20;50;200;-5;50;0.75;2;50;50;10;10;16;0.0368;1361;1361;1;1;30;line_consecutive;0.6;1361;12;13;8-17;10
lintim;Mumford0;Mumford0;bounds;True;False;1e-05;12000;1;2;20;50;200;-5;50;0.75;2;50;50;10;10;16;0.0368;1362;1362;1;1;30;line_consecutive;0.6;1362;12;14;2-4;2
lintim;Mumford0;Mumford0;bounds;True;False;1e-05;12000;1;2;20;50;200;-5;50;0.75;2;50;50;10;10;16;0.0368;1363;1363;1;1;30;line_consecutive;0.6;1363;12;15;6-7;4,10
lintim;Mumford0;Mumford0;bounds;True;False;1e-05;12000;1;2;20;50;200;-5;50;0.75;2;50;50;10;10;16;0.0368;1364;1364;1;1;30;line_consecutive;0.6;1364;12;16;28-30;3
lintim;Mumford0;Mumford0;bounds;True;False;1e-05;12000;1;2;20;50;200;-5;50;0.75;2;50;50;10;10;16;0.0368;1365;1365;1;1;30;line_consecutive;0.6;1365;12;17;7-14;4
lintim;Mumford0;Mumford0;bounds;True;False;1e-05;12000;1;2;20;50;200;-5;50;0.75;2;50;50;10;10;16;0.0368;1366;1366;1;1;30;line_consecutive;0.6;1366;12;18;3-8;6,12
lintim;Mumford0;Mumford0;bounds;True;False;1e-05;12000;1;2;20;50;200;-5;50;0.75;2;50;50;10;10;16;0.0368;1367;1367;1;1;30;line_consecutive;0.6;1367;12;19;1-14;2
lintim;Mumford0;Mumford0;bounds;True;False;1e-05;12000;1;2;20;50;200;-5;50;0.75;2;50;50;10;10;16;0.0368;1368;1368;1;1;30;line_consecutive;0.6;1368;12;20;2-15;10
lintim;Mumford0;Mumford0;bounds;True;False;1e-05;12000;1;2;20;50;200;-5;50;0.75;2;50;50;10;10;16;0.0368;1369;1369;1;1;30;line_consecutive;0.6;1369;12;21;2-25;1
lintim;Mumford0;Mumford0;bounds;True;False;1e-05;12000;1;2;20;50;200;-5;50;0.75;2;50;50;10;10;16;0.0368;1370;1370;1;1;30;line_consecutive;0.6;1370;12;22;1-13;3
lintim;Mumford0;Mumford0;bounds;True;False;1e-05;12000;1;2;20;50;200;-5;50;0.75;2;50;50;10;10;16;0.0368;1371;1371;1;1;30;line_consecutive;0.6;1371;12;23;12-18;2,11
lintim;Mumford0;Mumford0;bounds;True;False;1e-05;12000;1;2;20;50;200;-5;50;0.75;2;50;50;10;10;16;0.0368;1372;1372;1;1;30;line_consecutive;0.6;1372;12;24;1-29;3
lintim;Mumford0;Mumford0;bounds;True;False;1e-05;12000;1;2;20;50;200;-5;50;0.75;2;50;50;10;10;16;0.0368;1373;1373;1;1;30;line_consecutive;0.6;1373;12;25;12-15;5,11
lintim;Mumford0;Mumford0;bounds;True;False;1e-05;12000;1;2;20;50;200;-5;50;0.75;2;50;50;10;10;16;0.0368;1374;1374;1;1;30;line_consecutive;0.6;1374;12;26;8-15;10
lintim;Mumford0;Mumford0;bounds;True;False;1e-05;12000;1;2;20;50;200;-5;50;0.75;2;50;50;10;10;16;0.0368;1375;1375;1;1;30;line_consecutive;0.6;1375;12;27;19-20;4
lintim;Mumford0;Mumford0;bounds;True;False;1e-05;12000;1;2;20;50;200;-5;50;0.75;2;50;50;10;10;16;0.0368;1376;1376;1;1;30;line_consecutive;0.6;1376;12;28;7-17;10
lintim;Mumford0;Mumford0;bounds;True;False;1e-05;12000;1;2;20;50;200;-5;50;0.75;2;50;50;10;10;16;0.0368;1377;1377;1;1;30;line_consecutive;0.6;1377;12;29;9-27;9
lintim;Mumford0;Mumford0;bounds;True;False;1e-05;12000;1;2;20;50;200;-5;50;0.75;2;50;50;10;10;16;0.0368;1378;1378;2;1;30;line_consecutive;0.6;1378;13;0;2-25,8-25;1
lintim;Mumford0;Mumford0;bounds;True;False;1e-05;12000;1;2;20;50;200;-5;50;0.75;2;50;50;10;10;16;0.0368;1379;1379;2;1;30;line_consecutive;0.6;1379;13;1;8-11,8-25;1
lintim;Mumford0;Mumford0;bounds;True;False;1e-05;12000;1;2;20;50;200;-5;50;0.75;2;50;50;10;10;16;0.0368;1380;1380;2;1;30;line_consecutive;0.6;1380;13;2;8-11,11-22;1
lintim;Mumford0;Mumford0;bounds;True;False;1e-05;12000;1;2;20;50;200;-5;50;0.75;2;50;50;10;10;16;0.0368;1381;1381;2;1;30;line_consecutive;0.6;1381;13;3;2-4,4-12;2
lintim;Mumford0;Mumford0;bounds;True;False;1e-05;12000;1;2;20;50;200;-5;50;0.75;2;50;50;10;10;16;0.0368;1382;1382;2;1;30;line_consecutive;0.6;1382;13;4;4-12,12-18;2
lintim;Mumford0;Mumford0;bounds;True;False;1e-05;12000;1;2;20;50;200;-5;50;0.75;2;50;50;10;10;16;0.0368;1383;1383;2;1;30;line_consecutive;0.6;1383;13;5;12-18,18-23;2,11
lintim;Mumford0;Mumford0;bounds;True;False;1e-05;12000;1;2;20;50;200;-5;50;0.75;2;50;50;10;10;16;0.0368;1384;1384;2;1;30;line_consecutive;0.6;1384;13;6;1-23,18-23;2
lintim;Mumford0;Mumford0;bounds;True;False;1e-05;12000;1;2;20;50;200;-5;50;0.75;2;50;50;10;10;16;0.0368;1385;1385;2;1;30;line_consecutive;0.6;1385;13;7;1-14,1-23;2
lintim;Mumford0;Mumford0;bounds;True;False;1e-05;12000;1;2;20;50;200;-5;50;0.75;2;50;50;10;10;16;0.0368;1386;1386;2;1;30;line_consecutive;0.6;1386;13;8;1-13,9-13;3
lintim;Mumford0;Mumford0;bounds;True;False;1e-05;12000;1;2;20;50;200;-5;50;0.75;2;50;50;10;10;16;0.0368;1387;1387;2;1;30;line_consecutive;0.6;1387;13;9;1-13,1-29;3
lintim;Mumford0;Mumford0;bounds;True;False;1e-05;12000;1;2;20;50;200;-5;50;0.75;2;50;50;10;10;16;0.0368;1388;1388;2;1;30;line_consecutive;0.6;1388;13;10;1-29,17-29;3
lintim;Mumford0;Mumford0;bounds;True;False;1e-05;12000;1;2;20;50;200;-5;50;0.75;2;50;50;10;10;16;0.0368;1389;1389;2;1;30;line_consecutive;0.6;1389;13;11;17-28,17-29;3
lintim;Mumford0;Mumford0;bounds;True;False;1e-05;12000;1;2;20;50;200;-5;50;0.75;2;50;50;10;10;16;0.0368;1390;1390;2;1;30;line_consecutive;0.6;1390;13;12;17-28,28-30;3
lintim;Mumford0;Mumford0;bounds;True;False;1e-05;12000;1;2;20;50;200;-5;50;0.75;2;50;50;10;10;16;0.0368;1391;1391;2;1;30;line_consecutive;0.6;1391;13;13;6-7,7-14;4
lintim;Mumford0;Mumford0;bounds;True;False;1e-05;12000;1;2;20;50;200;-5;50;0.75;2;50;50;10;10;16;0.0368;1392;1392;2;1;30;line_consecutive;0.6;1392;13;14;7-14,14-19;4
lintim;Mumford0;Mumford0;bounds;True;False;1e-05;12000;1;2;20;50;200;-5;50;0.75;2;50;50;10;10;16;0.0368;1393;1393;2;1;30;line_consecutive;0.6;1393;13;15;14-19,19-20;4
lintim;Mumford0;Mumford0;bounds;True;False;1e-05;12000;1;2;20;50;200;-5;50;0.75;2;50;50;10;10;16;0.0368;1394;1394;2;1;30;line_consecutive;0.6;1394;13;16;12-15,15-24;5
lintim;Mumford0;Mumford0;bounds;True;False;1e-05;12000;1;2;20;50;200;-5;50;0.75;2;50;50;10;10;16;0.0368;1395;1395;2;1;30;line_consecutive;0.6;1395;13;17;12-15,12-26;5
lintim;Mumford0;Mumford0;bounds;True;False;1e-05;12000;1;2;20;50;200;-5;50;0.75;2;50;50;10;10;16;0.0368;1396;1396;2;1;30;line_consecutive;0.6;1396;13;18;3-8,5-8;6
lintim;Mumford0;Mumford0;bounds;True;False;1e-05;12000;1;2;20;50;200;-5;50;0.75;2;50;50;10;10;16;0.0368;1397;1397;2;1;30;line_consecutive;0.6;1397;13;19;10-15,15-21;7
lintim;Mumford0;Mumford0;bounds;True;False;1e-05;12000;1;2;20;50;200;-5;50;0.75;2;50;50;10;10;16;0.0368;1398;1398;2;1;30;line_consecutive;0.6;1398;13;20;2-15,8-15;10
lintim;Mumford0;Mumford0;bounds;True;False;1e-05;12000;1;2;20;50;200;-5;50;0.75;2;50;50;10;10;16;0.0368;1399;1399;2;1;30;line_consecutive;0.6;1399;13;21;8-15,8-17;10
lintim;Mumford0;Mumford0;bounds;True;False;1e-05;12000;1;2;20;50;200;-5;50;0.75;2;50;50;10;10;16;0.0368;1400;1400;2;1;30;line_consecutive;0.6;1400;13;22;7-17,8-17;10
lintim;Mumford0;Mumford0;bounds;True;False;1e-05;12000;1;2;20;50;200;-5;50;0.75;2;50;50;10;10;16;0.0368;1401;1401;2;1;30;line_consecutive;0.6;1401;13;23;6-7,7-17;10
lintim;Mumford0;Mumford0;bounds;True;False;1e-05;12000;1;2;20;50;200;-5;50;0.75;2;50;50;10;10;16;0.0368;1402;1402;2;1;30;line_consecutive;0.6;1402;13;24;12-15,12-18;11
lintim;Mumford0;Mumford0;bounds;True;False;1e-05;12000;1;2;20;50;200;-5;50;0.75;2;50;50;10;10;16;0.0368;1403;1403;2;1;30;line_consecutive;0.6;1403;13;25;18-23,19-23;11
lintim;Mumford0;Mumford0;bounds;True;False;1e-05;12000;1;2;20;50;200;-5;50;0.75;2;50;50;10;10;16;0.0368;1404;1404;2;1;30;line_consecutive;0.6;1404;13;26;3-8,8-21;12
lintim;Mumford0;Mumford0;bounds;True;False;1e-05;12000;1;2;20;50;200;-5;50;0.75;2;50;50;10;10;16;0.0368;1405;1405;2;1;30;line_consecutive;0.6;1405;13;27;8-21,21-24;12
lintim;Mumford0;Mumford0;bounds;True;False;1e-05;12000;1;2;20;50;200;-5;50;0.75;2;50;50;10;10;16;0.0368;1406;1406;1;1;30;line_consecutive;0.7;1406;14;0;4-12;2
lintim;Mumford0;Mumford0;bounds;True;False;1e-05;12000;1;2;20;50;200;-5;50;0.75;2;50;50;10;10;16;0.0368;1407;1407;1;1;30;line_consecutive;0.7;1407;14;1;3-8;6,12
lintim;Mumford0;Mumford0;bounds;True;False;1e-05;12000;1;2;20;50;200;-5;50;0.75;2;50;50;10;10;16;0.0368;1408;1408;1;1;30;line_consecutive;0.7;1408;14;2;6-7;4,10
lintim;Mumford0;Mumford0;bounds;True;False;1e-05;12000;1;2;20;50;200;-5;50;0.75;2;50;50;10;10;16;0.0368;1409;1409;1;1;30;line_consecutive;0.7;1409;14;3;14-19;4
lintim;Mumford0;Mumford0;bounds;True;False;1e-05;12000;1;2;20;50;200;-5;50;0.75;2;50;50;10;10;16;0.0368;1410;1410;1;1;30;line_consecutive;0.7;1410;14;4;10-15;7
lintim;Mumford0;Mumford0;bounds;True;False;1e-05;12000;1;2;20;50;200;-5;50;0.75;2;50;50;10;10;16;0.0368;1411;1411;1;1;30;line_consecutive;0.7;1411;14;5;2-4;2
lintim;Mumford0;Mumford0;bounds;True;False;1e-05;12000;1;2;20;50;200;-5;50;0.75;2;50;50;10;10;16;0.0368;1412;1412;1;1;30;line_consecutive;0.7;1412;14;6;19-23;11
lintim;Mumford0;Mumford0;bounds;True;False;1e-05;12000;1;2;20;50;200;-5;50;0.75;2;50;50;10;10;16;0.0368;1413;1413;1;1;30;line_consecutive;0.7;1413;14;7;17-29;3
lintim;Mumford0;Mumford0;bounds;True;False;1e-05;12000;1;2;20;50;200;-5;50;0.75;2;50;50;10;10;16;0.0368;1414;1414;1;1;30;line_consecutive;0.7;1414;14;8;5-8;6
lintim;Mumford0;Mumford0;bounds;True;False;1e-05;12000;1;2;20;50;200;-5;50;0.75;2;50;50;10;10;16;0.0368;1415;1415;1;1;30;line_consecutive;0.7;1415;14;9;15-21;7
lintim;Mumford0;Mumford0;bounds;True;False;1e-05;12000;1;2;20;50;200;-5;50;0.75;2;50;50;10;10;16;0.0368;1416;1416;1;1;30;line_consecutive;0.7;1416;14;10;9-27;9
lintim;Mumford0;Mumford0;bounds;True;False;1e-05;12000;1;2;20;50;200;-5;50;0.75;2;50;50;10;10;16;0.0368;1417;1417;1;1;30;line_consecutive;0.7;1417;14;11;8-25;1
lintim;Mumford0;Mumford0;bounds;True;False;1e-05;12000;1;2;20;50;200;-5;50;0.75;2;50;50;10;10;16;0.0368;1418;1418;1;1;30;line_consecutive;0.7;1418;14;12;28-30;3
lintim;Mumford0;Mumford0;bounds;True;False;1e-05;12000;1;2;20;50;200;-5;50;0.75;2;50;50;10;10;16;0.0368;1419;1419;1;1;30;line_consecutive;0.7;1419;14;13;1-23;2
lintim;Mumford0;Mumford0;bounds;True;False;1e-05;12000;1;2;20;50;200;-5;50;0.75;2;50;50;10;10;16;0.0368;1420;1420;1;1;30;line_consecutive;0.7;1420;14;14;8-11;1
lintim;Mumford0;Mumford0;bounds;True;False;1e-05;12000;1;2;20;50;200;-5;50;0.75;2;50;50;10;10;16;0.0368;1421;1421;1;1;30;line_consecutive;0.7;1421;14;15;12-18;2,11
lintim;Mumford0;Mumford0;bounds;True;False;1e-05;12000;1;2;20;50;200;-5;50;0.75;2;50;50;10;10;16;0.0368;1422;1422;1;1;30;line_consecutive;0.7;1422;14;16;8-17;10
lintim;Mumford0;Mumford0;bounds;True;False;1e-05;12000;1;2;20;50;200;-5;50;0.75;2;50;50;10;10;16;0.0368;1423;1423;1;1;30;line_consecutive;0.7;1423;14;17;1-13;3
lintim;Mumford0;Mumford0;bounds;True;False;1e-05;12000;1;2;20;50;200;-5;50;0.75;2;50;50;10;10;16;0.0368;1424;1424;1;1;30;line_consecutive;0.7;1424;14;18;2-25;1
lintim;Mumford0;Mumford0;bounds;True;False;1e-05;12000;1;2;20;50;200;-5;50;0.75;2;50;50;10;10;16;0.0368;1425;1425;1;1;30;line_consecutive;0.7;1425;14;19;21-24;12
lintim;Mumford0;Mumford0;bounds;True;False;1e-05;12000;1;2;20;50;200;-5;50;0.75;2;50;50;10;10;16;0.0368;1426;1426;1;1;30;line_consecutive;0.7;1426;14;20;2-15;10
lintim;Mumford0;Mumford0;bounds;True;False;1e-05;12000;1;2;20;50;200;-5;50;0.75;2;50;50;10;10;16;0.0368;1427;1427;1;1;30;line_consecutive;0.7;1427;14;21;11-22;1
lintim;Mumford0;Mumford0;bounds;True;False;1e-05;12000;1;2;20;50;200;-5;50;0.75;2;50;50;10;10;16;0.0368;1428;1428;1;1;30;line_consecutive;0.7;1428;14;22;19-20;4
lintim;Mumford0;Mumford0;bounds;True;False;1e-05;12000;1;2;20;50;200;-5;50;0.75;2;50;50;10;10;16;0.0368;1429;1429;1;1;30;line_consecutive;0.7;1429;14;23;7-17;10
lintim;Mumford0;Mumford0;bounds;True;False;1e-05;12000;1;2;20;50;200;-5;50;0.75;2;50;50;10;10;16;0.0368;1430;1430;1;1;30;line_consecutive;0.7;1430;14;24;6-16;8
lintim;Mumford0;Mumford0;bounds;True;False;1e-05;12000;1;2;20;50;200;-5;50;0.75;2;50;50;10;10;16;0.0368;1431;1431;1;1;30;line_consecutive;0.7;1431;14;25;15-24;5
lintim;Mumford0;Mumford0;bounds;True;False;1e-05;12000;1;2;20;50;200;-5;50;0.75;2;50;50;10;10;16;0.0368;1432;1432;1;1;30;line_consecutive;0.7;1432;14;26;17-28;3
lintim;Mumford0;Mumford0;bounds;True;False;1e-05;12000;1;2;20;50;200;-5;50;0.75;2;50;50;10;10;16;0.0368;1433;1433;1;1;30;line_consecutive;0.7;1433;14;27;1-14;2
lintim;Mumford0;Mumford0;bounds;True;False;1e-05;12000;1;2;20;50;200;-5;50;0.75;2;50;50;10;10;16;0.0368;1434;1434;1;1;30;line_consecutive;0.7;1434;14;28;8-15;10
lintim;Mumford0;Mumford0;bounds;True;False;1e-05;12000;1;2;20;50;200;-5;50;0.75;2;50;50;10;10;16;0.0368;1435;1435;1;1;30;line_consecutive;0.7;1435;14;29;9-13;3
lintim;Mumford0;Mumford0;bounds;True;False;1e-05;12000;1;2;20;50;200;-5;50;0.75;2;50;50;10;10;16;0.0368;1436;1436;2;1;30;line_consecutive;0.7;1436;15;0;2-25,8-25;1
lintim;Mumford0;Mumford0;bounds;True;False;1e-05;12000;1;2;20;50;200;-5;50;0.75;2;50;50;10;10;16;0.0368;1437;1437;2;1;30;line_consecutive;0.7;1437;15;1;8-11,8-25;1
lintim;Mumford0;Mumford0;bounds;True;False;1e-05;12000;1;2;20;50;200;-5;50;0.75;2;50;50;10;10;16;0.0368;1438;1438;2;1;30;line_consecutive;0.7;1438;15;2;8-11,11-22;1
lintim;Mumford0;Mumford0;bounds;True;False;1e-05;12000;1;2;20;50;200;-5;50;0.75;2;50;50;10;10;16;0.0368;1439;1439;2;1;30;line_consecutive;0.7;1439;15;3;2-4,4-12;2
lintim;Mumford0;Mumford0;bounds;True;False;1e-05;12000;1;2;20;50;200;-5;50;0.75;2;50;50;10;10;16;0.0368;1440;1440;2;1;30;line_consecutive;0.7;1440;15;4;4-12,12-18;2
lintim;Mumford0;Mumford0;bounds;True;False;1e-05;12000;1;2;20;50;200;-5;50;0.75;2;50;50;10;10;16;0.0368;1441;1441;2;1;30;line_consecutive;0.7;1441;15;5;12-18,18-23;2,11
lintim;Mumford0;Mumford0;bounds;True;False;1e-05;12000;1;2;20;50;200;-5;50;0.75;2;50;50;10;10;16;0.0368;1442;1442;2;1;30;line_consecutive;0.7;1442;15;6;1-23,18-23;2
lintim;Mumford0;Mumford0;bounds;True;False;1e-05;12000;1;2;20;50;200;-5;50;0.75;2;50;50;10;10;16;0.0368;1443;1443;2;1;30;line_consecutive;0.7;1443;15;7;1-14,1-23;2
lintim;Mumford0;Mumford0;bounds;True;False;1e-05;12000;1;2;20;50;200;-5;50;0.75;2;50;50;10;10;16;0.0368;1444;1444;2;1;30;line_consecutive;0.7;1444;15;8;1-13,9-13;3
lintim;Mumford0;Mumford0;bounds;True;False;1e-05;12000;1;2;20;50;200;-5;50;0.75;2;50;50;10;10;16;0.0368;1445;1445;2;1;30;line_consecutive;0.7;1445;15;9;1-13,1-29;3
lintim;Mumford0;Mumford0;bounds;True;False;1e-05;12000;1;2;20;50;200;-5;50;0.75;2;50;50;10;10;16;0.0368;1446;1446;2;1;30;line_consecutive;0.7;1446;15;10;1-29,17-29;3
lintim;Mumford0;Mumford0;bounds;True;False;1e-05;12000;1;2;20;50;200;-5;50;0.75;2;50;50;10;10;16;0.0368;1447;1447;2;1;30;line_consecutive;0.7;1447;15;11;17-28,17-29;3
lintim;Mumford0;Mumford0;bounds;True;False;1e-05;12000;1;2;20;50;200;-5;50;0.75;2;50;50;10;10;16;0.0368;1448;1448;2;1;30;line_consecutive;0.7;1448;15;12;17-28,28-30;3
lintim;Mumford0;Mumford0;bounds;True;False;1e-05;12000;1;2;20;50;200;-5;50;0.75;2;50;50;10;10;16;0.0368;1449;1449;2;1;30;line_consecutive;0.7;1449;15;13;6-7,7-14;4
lintim;Mumford0;Mumford0;bounds;True;False;1e-05;12000;1;2;20;50;200;-5;50;0.75;2;50;50;10;10;16;0.0368;1450;1450;2;1;30;line_consecutive;0.7;1450;15;14;7-14,14-19;4
lintim;Mumford0;Mumford0;bounds;True;False;1e-05;12000;1;2;20;50;200;-5;50;0.75;2;50;50;10;10;16;0.0368;1451;1451;2;1;30;line_consecutive;0.7;1451;15;15;14-19,19-20;4
lintim;Mumford0;Mumford0;bounds;True;False;1e-05;12000;1;2;20;50;200;-5;50;0.75;2;50;50;10;10;16;0.0368;1452;1452;2;1;30;line_consecutive;0.7;1452;15;16;12-15,15-24;5
lintim;Mumford0;Mumford0;bounds;True;False;1e-05;12000;1;2;20;50;200;-5;50;0.75;2;50;50;10;10;16;0.0368;1453;1453;2;1;30;line_consecutive;0.7;1453;15;17;12-15,12-26;5
lintim;Mumford0;Mumford0;bounds;True;False;1e-05;12000;1;2;20;50;200;-5;50;0.75;2;50;50;10;10;16;0.0368;1454;1454;2;1;30;line_consecutive;0.7;1454;15;18;3-8,5-8;6
lintim;Mumford0;Mumford0;bounds;True;False;1e-05;12000;1;2;20;50;200;-5;50;0.75;2;50;50;10;10;16;0.0368;1455;1455;2;1;30;line_consecutive;0.7;1455;15;19;10-15,15-21;7
lintim;Mumford0;Mumford0;bounds;True;False;1e-05;12000;1;2;20;50;200;-5;50;0.75;2;50;50;10;10;16;0.0368;1456;1456;2;1;30;line_consecutive;0.7;1456;15;20;2-15,8-15;10
lintim;Mumford0;Mumford0;bounds;True;False;1e-05;12000;1;2;20;50;200;-5;50;0.75;2;50;50;10;10;16;0.0368;1457;1457;2;1;30;line_consecutive;0.7;1457;15;21;8-15,8-17;10
lintim;Mumford0;Mumford0;bounds;True;False;1e-05;12000;1;2;20;50;200;-5;50;0.75;2;50;50;10;10;16;0.0368;1458;1458;2;1;30;line_consecutive;0.7;1458;15;22;7-17,8-17;10
lintim;Mumford0;Mumford0;bounds;True;False;1e-05;12000;1;2;20;50;200;-5;50;0.75;2;50;50;10;10;16;0.0368;1459;1459;2;1;30;line_consecutive;0.7;1459;15;23;6-7,7-17;10
lintim;Mumford0;Mumford0;bounds;True;False;1e-05;12000;1;2;20;50;200;-5;50;0.75;2;50;50;10;10;16;0.0368;1460;1460;2;1;30;line_consecutive;0.7;1460;15;24;12-15,12-18;11
lintim;Mumford0;Mumford0;bounds;True;False;1e-05;12000;1;2;20;50;200;-5;50;0.75;2;50;50;10;10;16;0.0368;1461;1461;2;1;30;line_consecutive;0.7;1461;15;25;18-23,19-23;11
lintim;Mumford0;Mumford0;bounds;True;False;1e-05;12000;1;2;20;50;200;-5;50;0.75;2;50;50;10;10;16;0.0368;1462;1462;2;1;30;line_consecutive;0.7;1462;15;26;3-8,8-21;12
lintim;Mumford0;Mumford0;bounds;True;False;1e-05;12000;1;2;20;50;200;-5;50;0.75;2;50;50;10;10;16;0.0368;1463;1463;2;1;30;line_consecutive;0.7;1463;15;27;8-21,21-24;12
lintim;Mumford0;Mumford0;bounds;True;False;1e-05;12000;1;2;20;50;200;-5;50;0.75;2;50;50;10;10;16;0.0368;1464;1464;1;1;30;line_consecutive;0.8;1464;16;0;1-23;2
lintim;Mumford0;Mumford0;bounds;True;False;1e-05;12000;1;2;20;50;200;-5;50;0.75;2;50;50;10;10;16;0.0368;1465;1465;1;1;30;line_consecutive;0.8;1465;16;1;28-30;3
lintim;Mumford0;Mumford0;bounds;True;False;1e-05;12000;1;2;20;50;200;-5;50;0.75;2;50;50;10;10;16;0.0368;1466;1466;1;1;30;line_consecutive;0.8;1466;16;2;7-14;4
lintim;Mumford0;Mumford0;bounds;True;False;1e-05;12000;1;2;20;50;200;-5;50;0.75;2;50;50;10;10;16;0.0368;1467;1467;1;1;30;line_consecutive;0.8;1467;16;3;1-14;2
lintim;Mumford0;Mumford0;bounds;True;False;1e-05;12000;1;2;20;50;200;-5;50;0.75;2;50;50;10;10;16;0.0368;1468;1468;1;1;30;line_consecutive;0.8;1468;16;4;17-29;3
lintim;Mumford0;Mumford0;bounds;True;False;1e-05;12000;1;2;20;50;200;-5;50;0.75;2;50;50;10;10;16;0.0368;1469;1469;1;1;30;line_consecutive;0.8;1469;16;5;3-8;6,12
lintim;Mumford0;Mumford0;bounds;True;False;1e-05;12000;1;2;20;50;200;-5;50;0.75;2;50;50;10;10;16;0.0368;1470;1470;1;1;30;line_consecutive;0.8;1470;16;6;8-21;12
lintim;Mumford0;Mumford0;bounds;True;False;1e-05;12000;1;2;20;50;200;-5;50;0.75;2;50;50;10;10;16;0.0368;1471;1471;1;1;30;line_consecutive;0.8;1471;16;7;9-13;3
lintim;Mumford0;Mumford0;bounds;True;False;1e-05;12000;1;2;20;50;200;-5;50;0.75;2;50;50;10;10;16;0.0368;1472;1472;1;1;30;line_consecutive;0.8;1472;16;8;15-21;7
lintim;Mumford0;Mumford0;bounds;True;False;1e-05;12000;1;2;20;50;200;-5;50;0.75;2;50;50;10;10;16;0.0368;1473;1473;1;1;30;line_consecutive;0.8;1473;16;9;11-22;1
lintim;Mumford0;Mumford0;bounds;True;False;1e-05;12000;1;2;20;50;200;-5;50;0.75;2;50;50;10;10;16;0.0368;1474;1474;1;1;30;line_consecutive;0.8;1474;16;10;15-24;5
lintim;Mumford0;Mumford0;bounds;True;False;1e-05;12000;1;2;20;50;200;-5;50;0.75;2;50;50;10;10;16;0.0368;1475;1475;1;1;30;line_consecutive;0.8;1475;16;11;12-15;5,11
lintim;Mumford0;Mumford0;bounds;True;False;1e-05;12000;1;2;20;50;200;-5;50;0.75;2;50;50;10;10;16;0.0368;1476;1476;1;1;30;line_consecutive;0.8;1476;16;12;1-29;3
lintim;Mumford0;Mumford0;bounds;True;False;1e-05;12000;1;2;20;50;200;-5;50;0.75;2;50;50;10;10;16;0.0368;1477;1477;1;1;30;line_consecutive;0.8;1477;16;13;14-19;4
lintim;Mumford0;Mumford0;bounds;True;False;1e-05;12000;1;2;20;50;200;-5;50;0.75;2;50;50;10;10;16;0.0368;1478;1478;1;1;30;line_consecutive;0.8;1478;16;14;21-24;12
lintim;Mumford0;Mumford0;bounds;True;False;1e-05;12000;1;2;20;50;200;-5;50;0.75;2;50;50;10;10;16;0.0368;1479;1479;1;1;30;line_consecutive;0.8;1479;16;15;12-18;2,11
lintim;Mumford0;Mumford0;bounds;True;False;1e-05;12000;1;2;20;50;200;-5;50;0.75;2;50;50;10;10;16;0.0368;1480;1480;1;1;30;line_consecutive;0.8;1480;16;16;2-4;2
lintim;Mumford0;Mumford0;bounds;True;False;1e-05;12000;1;2;20;50;200;-5;50;0.75;2;50;50;10;10;16;0.0368;1481;1481;1;1;30;line_consecutive;0.8;1481;16;17;8-15;10
lintim;Mumford0;Mumford0;bounds;True;False;1e-05;12000;1;2;20;50;200;-5;50;0.75;2;50;50;10;10;16;0.0368;1482;1482;1;1;30;line_consecutive;0.8;1482;16;18;8-11;1
lintim;Mumford0;Mumford0;bounds;True;False;1e-05;12000;1;2;20;50;200;-5;50;0.75;2;50;50;10;10;16;0.0368;1483;1483;1;1;30;line_consecutive;0.8;1483;16;19;9-27;9
lintim;Mumford0;Mumford0;bounds;True;False;1e-05;12000;1;2;20;50;200;-5;50;0.75;2;50;50;10;10;16;0.0368;1484;1484;1;1;30;line_consecutive;0.8;1484;16;20;5-8;6
lintim;Mumford0;Mumford0;bounds;True;False;1e-05;12000;1;2;20;50;200;-5;50;0.75;2;50;50;10;10;16;0.0368;1485;1485;1;1;30;line_consecutive;0.8;1485;16;21;8-25;1
lintim;Mumford0;Mumford0;bounds;True;False;1e-05;12000;1;2;20;50;200;-5;50;0.75;2;50;50;10;10;16;0.0368;1486;1486;1;1;30;line_consecutive;0.8;1486;16;22;19-23;11
lintim;Mumford0;Mumford0;bounds;True;False;1e-05;12000;1;2;20;50;200;-5;50;0.75;2;50;50;10;10;16;0.0368;1487;1487;1;1;30;line_consecutive;0.8;1487;16;23;1-13;3
lintim;Mumford0;Mumford0;bounds;True;False;1e-05;12000;1;2;20;50;200;-5;50;0.75;2;50;50;10;10;16;0.0368;1488;1488;1;1;30;line_consecutive;0.8;1488;16;24;12-26;5
lintim;Mumford0;Mumford0;bounds;True;False;1e-05;12000;1;2;20;50;200;-5;50;0.75;2;50;50;10;10;16;0.0368;1489;1489;1;1;30;line_consecutive;0.8;1489;16;25;17-28;3
lintim;Mumford0;Mumford0;bounds;True;False;1e-05;12000;1;2;20;50;200;-5;50;0.75;2;50;50;10;10;16;0.0368;1490;1490;1;1;30;line_consecutive;0.8;1490;16;26;7-17;10
lintim;Mumford0;Mumford0;bounds;True;False;1e-05;12000;1;2;20;50;200;-5;50;0.75;2;50;50;10;10;16;0.0368;1491;1491;1;1;30;line_consecutive;0.8;1491;16;27;2-15;10
lintim;Mumford0;Mumford0;bounds;True;False;1e-05;12000;1;2;20;50;200;-5;50;0.75;2;50;50;10;10;16;0.0368;1492;1492;1;1;30;line_consecutive;0.8;1492;16;28;6-7;4,10
lintim;Mumford0;Mumford0;bounds;True;False;1e-05;12000;1;2;20;50;200;-5;50;0.75;2;50;50;10;10;16;0.0368;1493;1493;1;1;30;line_consecutive;0.8;1493;16;29;10-15;7
lintim;Mumford0;Mumford0;bounds;True;False;1e-05;12000;1;2;20;50;200;-5;50;0.75;2;50;50;10;10;16;0.0368;1494;1494;2;1;30;line_consecutive;0.8;1494;17;0;2-25,8-25;1
lintim;Mumford0;Mumford0;bounds;True;False;1e-05;12000;1;2;20;50;200;-5;50;0.75;2;50;50;10;10;16;0.0368;1495;1495;2;1;30;line_consecutive;0.8;1495;17;1;8-11,8-25;1
lintim;Mumford0;Mumford0;bounds;True;False;1e-05;12000;1;2;20;50;200;-5;50;0.75;2;50;50;10;10;16;0.0368;1496;1496;2;1;30;line_consecutive;0.8;1496;17;2;8-11,11-22;1
lintim;Mumford0;Mumford0;bounds;True;False;1e-05;12000;1;2;20;50;200;-5;50;0.75;2;50;50;10;10;16;0.0368;1497;1497;2;1;30;line_consecutive;0.8;1497;17;3;2-4,4-12;2
lintim;Mumford0;Mumford0;bounds;True;False;1e-05;12000;1;2;20;50;200;-5;50;0.75;2;50;50;10;10;16;0.0368;1498;1498;2;1;30;line_consecutive;0.8;1498;17;4;4-12,12-18;2
lintim;Mumford0;Mumford0;bounds;True;False;1e-05;12000;1;2;20;50;200;-5;50;0.75;2;50;50;10;10;16;0.0368;1499;1499;2;1;30;line_consecutive;0.8;1499;17;5;12-18,18-23;2,11
lintim;Mumford0;Mumford0;bounds;True;False;1e-05;12000;1;2;20;50;200;-5;50;0.75;2;50;50;10;10;16;0.0368;1500;1500;2;1;30;line_consecutive;0.8;1500;17;6;1-23,18-23;2
lintim;Mumford0;Mumford0;bounds;True;False;1e-05;12000;1;2;20;50;200;-5;50;0.75;2;50;50;10;10;16;0.0368;1501;1501;2;1;30;line_consecutive;0.8;1501;17;7;1-14,1-23;2
lintim;Mumford0;Mumford0;bounds;True;False;1e-05;12000;1;2;20;50;200;-5;50;0.75;2;50;50;10;10;16;0.0368;1502;1502;2;1;30;line_consecutive;0.8;1502;17;8;1-13,9-13;3
lintim;Mumford0;Mumford0;bounds;True;False;1e-05;12000;1;2;20;50;200;-5;50;0.75;2;50;50;10;10;16;0.0368;1503;1503;2;1;30;line_consecutive;0.8;1503;17;9;1-13,1-29;3
lintim;Mumford0;Mumford0;bounds;True;False;1e-05;12000;1;2;20;50;200;-5;50;0.75;2;50;50;10;10;16;0.0368;1504;1504;2;1;30;line_consecutive;0.8;1504;17;10;1-29,17-29;3
lintim;Mumford0;Mumford0;bounds;True;False;1e-05;12000;1;2;20;50;200;-5;50;0.75;2;50;50;10;10;16;0.0368;1505;1505;2;1;30;line_consecutive;0.8;1505;17;11;17-28,17-29;3
lintim;Mumford0;Mumford0;bounds;True;False;1e-05;12000;1;2;20;50;200;-5;50;0.75;2;50;50;10;10;16;0.0368;1506;1506;2;1;30;line_consecutive;0.8;1506;17;12;17-28,28-30;3
lintim;Mumford0;Mumford0;bounds;True;False;1e-05;12000;1;2;20;50;200;-5;50;0.75;2;50;50;10;10;16;0.0368;1507;1507;2;1;30;line_consecutive;0.8;1507;17;13;6-7,7-14;4
lintim;Mumford0;Mumford0;bounds;True;False;1e-05;12000;1;2;20;50;200;-5;50;0.75;2;50;50;10;10;16;0.0368;1508;1508;2;1;30;line_consecutive;0.8;1508;17;14;7-14,14-19;4
lintim;Mumford0;Mumford0;bounds;True;False;1e-05;12000;1;2;20;50;200;-5;50;0.75;2;50;50;10;10;16;0.0368;1509;1509;2;1;30;line_consecutive;0.8;1509;17;15;14-19,19-20;4
lintim;Mumford0;Mumford0;bounds;True;False;1e-05;12000;1;2;20;50;200;-5;50;0.75;2;50;50;10;10;16;0.0368;1510;1510;2;1;30;line_consecutive;0.8;1510;17;16;12-15,15-24;5
lintim;Mumford0;Mumford0;bounds;True;False;1e-05;12000;1;2;20;50;200;-5;50;0.75;2;50;50;10;10;16;0.0368;1511;1511;2;1;30;line_consecutive;0.8;1511;17;17;12-15,12-26;5
lintim;Mumford0;Mumford0;bounds;True;False;1e-05;12000;1;2;20;50;200;-5;50;0.75;2;50;50;10;10;16;0.0368;1512;1512;2;1;30;line_consecutive;0.8;1512;17;18;3-8,5-8;6
lintim;Mumford0;Mumford0;bounds;True;False;1e-05;12000;1;2;20;50;200;-5;50;0.75;2;50;50;10;10;16;0.0368;1513;1513;2;1;30;line_consecutive;0.8;1513;17;19;10-15,15-21;7
lintim;Mumford0;Mumford0;bounds;True;False;1e-05;12000;1;2;20;50;200;-5;50;0.75;2;50;50;10;10;16;0.0368;1514;1514;2;1;30;line_consecutive;0.8;1514;17;20;2-15,8-15;10
lintim;Mumford0;Mumford0;bounds;True;False;1e-05;12000;1;2;20;50;200;-5;50;0.75;2;50;50;10;10;16;0.0368;1515;1515;2;1;30;line_consecutive;0.8;1515;17;21;8-15,8-17;10
lintim;Mumford0;Mumford0;bounds;True;False;1e-05;12000;1;2;20;50;200;-5;50;0.75;2;50;50;10;10;16;0.0368;1516;1516;2;1;30;line_consecutive;0.8;1516;17;22;7-17,8-17;10
lintim;Mumford0;Mumford0;bounds;True;False;1e-05;12000;1;2;20;50;200;-5;50;0.75;2;50;50;10;10;16;0.0368;1517;1517;2;1;30;line_consecutive;0.8;1517;17;23;6-7,7-17;10
lintim;Mumford0;Mumford0;bounds;True;False;1e-05;12000;1;2;20;50;200;-5;50;0.75;2;50;50;10;10;16;0.0368;1518;1518;2;1;30;line_consecutive;0.8;1518;17;24;12-15,12-18;11
lintim;Mumford0;Mumford0;bounds;True;False;1e-05;12000;1;2;20;50;200;-5;50;0.75;2;50;50;10;10;16;0.0368;1519;1519;2;1;30;line_consecutive;0.8;1519;17;25;18-23,19-23;11
lintim;Mumford0;Mumford0;bounds;True;False;1e-05;12000;1;2;20;50;200;-5;50;0.75;2;50;50;10;10;16;0.0368;1520;1520;2;1;30;line_consecutive;0.8;1520;17;26;3-8,8-21;12
lintim;Mumford0;Mumford0;bounds;True;False;1e-05;12000;1;2;20;50;200;-5;50;0.75;2;50;50;10;10;16;0.0368;1521;1521;2;1;30;line_consecutive;0.8;1521;17;27;8-21,21-24;12
lintim;Mumford0;Mumford0;bounds;True;False;1e-05;12000;1;2;20;50;200;-5;50;0.75;2;50;50;10;10;16;0.0368;1522;1522;1;1;30;line_consecutive;0.9;1522;18;0;12-26;5
lintim;Mumford0;Mumford0;bounds;True;False;1e-05;12000;1;2;20;50;200;-5;50;0.75;2;50;50;10;10;16;0.0368;1523;1523;1;1;30;line_consecutive;0.9;1523;18;1;1-23;2
lintim;Mumford0;Mumford0;bounds;True;False;1e-05;12000;1;2;20;50;200;-5;50;0.75;2;50;50;10;10;16;0.0368;1524;1524;1;1;30;line_consecutive;0.9;1524;18;2;12-15;5,11
lintim;Mumford0;Mumford0;bounds;True;False;1e-05;12000;1;2;20;50;200;-5;50;0.75;2;50;50;10;10;16;0.0368;1525;1525;1;1;30;line_consecutive;0.9;1525;18;3;2-4;2
lintim;Mumford0;Mumford0;bounds;True;False;1e-05;12000;1;2;20;50;200;-5;50;0.75;2;50;50;10;10;16;0.0368;1526;1526;1;1;30;line_consecutive;0.9;1526;18;4;12-18;2,11
lintim;Mumford0;Mumford0;bounds;True;False;1e-05;12000;1;2;20;50;200;-5;50;0.75;2;50;50;10;10;16;0.0368;1527;1527;1;1;30;line_consecutive;0.9;1527;18;5;14-19;4
lintim;Mumford0;Mumford0;bounds;True;False;1e-05;12000;1;2;20;50;200;-5;50;0.75;2;50;50;10;10;16;0.0368;1528;1528;1;1;30;line_consecutive;0.9;1528;18;6;15-24;5
lintim;Mumford0;Mumford0;bounds;True;False;1e-05;12000;1;2;20;50;200;-5;50;0.75;2;50;50;10;10;16;0.0368;1529;1529;1;1;30;line_consecutive;0.9;1529;18;7;2-15;10
lintim;Mumford0;Mumford0;bounds;True;False;1e-05;12000;1;2;20;50;200;-5;50;0.75;2;50;50;10;10;16;0.0368;1530;1530;1;1;30;line_consecutive;0.9;1530;18;8;8-17;10
lintim;Mumford0;Mumford0;bounds;True;False;1e-05;12000;1;2;20;50;200;-5;50;0.75;2;50;50;10;10;16;0.0368;1531;1531;1;1;30;line_consecutive;0.9;1531;18;9;8-11;1
lintim;Mumford0;Mumford0;bounds;True;False;1e-05;12000;1;2;20;50;200;-5;50;0.75;2;50;50;10;10;16;0.0368;1532;1532;1;1;30;line_consecutive;0.9;1532;18;10;6-7;4,10
lintim;Mumford0;Mumford0;bounds;True;False;1e-05;12000;1;2;20;50;200;-5;50;0.75;2;50;50;10;10;16;0.0368;1533;1533;1;1;30;line_consecutive;0.9;1533;18;11;3-8;6,12
lintim;Mumford0;Mumford0;bounds;True;False;1e-05;12000;1;2;20;50;200;-5;50;0.75;2;50;50;10;10;16;0.0368;1534;1534;1;1;30;line_consecutive;0.9;1534;18;12;18-23;2,11
lintim;Mumford0;Mumford0;bounds;True;False;1e-05;12000;1;2;20;50;200;-5;50;0.75;2;50;50;10;10;16;0.0368;1535;1535;1;1;30;line_consecutive;0.9;1535;18;13;8-15;10
lintim;Mumford0;Mumford0;bounds;True;False;1e-05;12000;1;2;20;50;200;-5;50;0.75;2;50;50;10;10;16;0.0368;1536;1536;1;1;30;line_consecutive;0.9;1536;18;14;7-17;10
lintim;Mumford0;Mumford0;bounds;True;False;1e-05;12000;1;2;20;50;200;-5;50;0.75;2;50;50;10;10;16;0.0368;1537;1537;1;1;30;line_consecutive;0.9;1537;18;15;21-24;12
lintim;Mumford0;Mumford0;bounds;True;False;1e-05;12000;1;2;20;50;200;-5;50;0.75;2;50;50;10;10;16;0.0368;1538;1538;1;1;30;line_consecutive;0.9;1538;18;16;2-25;1
lintim;Mumford0;Mumford0;bounds;True;False;1e-05;12000;1;2;20;50;200;-5;50;0.75;2;50;50;10;10;16;0.0368;1539;1539;1;1;30;line_consecutive;0.9;1539;18;17;5-8;6
lintim;Mumford0;Mumford0;bounds;True;False;1e-05;12000;1;2;20;50;200;-5;50;0.75;2;50;50;10;10;16;0.0368;1540;1540;1;1;30;line_consecutive;0.9;1540;18;18;4-12;2
lintim;Mumford0;Mumford0;bounds;True;False;1e-05;12000;1;2;20;50;200;-5;50;0.75;2;50;50;10;10;16;0.0368;1541;1541;1;1;30;line_consecutive;0.9;1541;18;19;10-15;7
lintim;Mumford0;Mumford0;bounds;True;False;1e-05;12000;1;2;20;50;200;-5;50;0.75;2;50;50;10;10;16;0.0368;1542;1542;1;1;30;line_consecutive;0.9;1542;18;20;1-29;3
lintim;Mumford0;Mumford0;bounds;True;False;1e-05;12000;1;2;20;50;200;-5;50;0.75;2;50;50;10;10;16;0.0368;1543;1543;1;1;30;line_consecutive;0.9;1543;18;21;17-28;3
lintim;Mumford0;Mumford0;bounds;True;False;1e-05;12000;1;2;20;50;200;-5;50;0.75;2;50;50;10;10;16;0.0368;1544;1544;1;1;30;line_consecutive;0.9;1544;18;22;9-27;9
lintim;Mumford0;Mumford0;bounds;True;False;1e-05;12000;1;2;20;50;200;-5;50;0.75;2;50;50;10;10;16;0.0368;1545;1545;1;1;30;line_consecutive;0.9;1545;18;23;11-22;1
lintim;Mumford0;Mumford0;bounds;True;False;1e-05;12000;1;2;20;50;200;-5;50;0.75;2;50;50;10;10;16;0.0368;1546;1546;1;1;30;line_consecutive;0.9;1546;18;24;19-20;4
lintim;Mumford0;Mumford0;bounds;True;False;1e-05;12000;1;2;20;50;200;-5;50;0.75;2;50;50;10;10;16;0.0368;1547;1547;1;1;30;line_consecutive;0.9;1547;18;25;8-21;12
lintim;Mumford0;Mumford0;bounds;True;False;1e-05;12000;1;2;20;50;200;-5;50;0.75;2;50;50;10;10;16;0.0368;1548;1548;1;1;30;line_consecutive;0.9;1548;18;26;6-16;8
lintim;Mumford0;Mumford0;bounds;True;False;1e-05;12000;1;2;20;50;200;-5;50;0.75;2;50;50;10;10;16;0.0368;1549;1549;1;1;30;line_consecutive;0.9;1549;18;27;15-21;7
lintim;Mumford0;Mumford0;bounds;True;False;1e-05;12000;1;2;20;50;200;-5;50;0.75;2;50;50;10;10;16;0.0368;1550;1550;1;1;30;line_consecutive;0.9;1550;18;28;17-29;3
lintim;Mumford0;Mumford0;bounds;True;False;1e-05;12000;1;2;20;50;200;-5;50;0.75;2;50;50;10;10;16;0.0368;1551;1551;1;1;30;line_consecutive;0.9;1551;18;29;19-23;11
lintim;Mumford0;Mumford0;bounds;True;False;1e-05;12000;1;2;20;50;200;-5;50;0.75;2;50;50;10;10;16;0.0368;1552;1552;2;1;30;line_consecutive;0.9;1552;19;0;2-25,8-25;1
lintim;Mumford0;Mumford0;bounds;True;False;1e-05;12000;1;2;20;50;200;-5;50;0.75;2;50;50;10;10;16;0.0368;1553;1553;2;1;30;line_consecutive;0.9;1553;19;1;8-11,8-25;1
lintim;Mumford0;Mumford0;bounds;True;False;1e-05;12000;1;2;20;50;200;-5;50;0.75;2;50;50;10;10;16;0.0368;1554;1554;2;1;30;line_consecutive;0.9;1554;19;2;8-11,11-22;1
lintim;Mumford0;Mumford0;bounds;True;False;1e-05;12000;1;2;20;50;200;-5;50;0.75;2;50;50;10;10;16;0.0368;1555;1555;2;1;30;line_consecutive;0.9;1555;19;3;2-4,4-12;2
lintim;Mumford0;Mumford0;bounds;True;False;1e-05;12000;1;2;20;50;200;-5;50;0.75;2;50;50;10;10;16;0.0368;1556;1556;2;1;30;line_consecutive;0.9;1556;19;4;4-12,12-18;2
lintim;Mumford0;Mumford0;bounds;True;False;1e-05;12000;1;2;20;50;200;-5;50;0.75;2;50;50;10;10;16;0.0368;1557;1557;2;1;30;line_consecutive;0.9;1557;19;5;12-18,18-23;2,11
lintim;Mumford0;Mumford0;bounds;True;False;1e-05;12000;1;2;20;50;200;-5;50;0.75;2;50;50;10;10;16;0.0368;1558;1558;2;1;30;line_consecutive;0.9;1558;19;6;1-23,18-23;2
lintim;Mumford0;Mumford0;bounds;True;False;1e-05;12000;1;2;20;50;200;-5;50;0.75;2;50;50;10;10;16;0.0368;1559;1559;2;1;30;line_consecutive;0.9;1559;19;7;1-14,1-23;2
lintim;Mumford0;Mumford0;bounds;True;False;1e-05;12000;1;2;20;50;200;-5;50;0.75;2;50;50;10;10;16;0.0368;1560;1560;2;1;30;line_consecutive;0.9;1560;19;8;1-13,9-13;3
lintim;Mumford0;Mumford0;bounds;True;False;1e-05;12000;1;2;20;50;200;-5;50;0.75;2;50;50;10;10;16;0.0368;1561;1561;2;1;30;line_consecutive;0.9;1561;19;9;1-13,1-29;3
lintim;Mumford0;Mumford0;bounds;True;False;1e-05;12000;1;2;20;50;200;-5;50;0.75;2;50;50;10;10;16;0.0368;1562;1562;2;1;30;line_consecutive;0.9;1562;19;10;1-29,17-29;3
lintim;Mumford0;Mumford0;bounds;True;False;1e-05;12000;1;2;20;50;200;-5;50;0.75;2;50;50;10;10;16;0.0368;1563;1563;2;1;30;line_consecutive;0.9;1563;19;11;17-28,17-29;3
lintim;Mumford0;Mumford0;bounds;True;False;1e-05;12000;1;2;20;50;200;-5;50;0.75;2;50;50;10;10;16;0.0368;1564;1564;2;1;30;line_consecutive;0.9;1564;19;12;17-28,28-30;3
lintim;Mumford0;Mumford0;bounds;True;False;1e-05;12000;1;2;20;50;200;-5;50;0.75;2;50;50;10;10;16;0.0368;1565;1565;2;1;30;line_consecutive;0.9;1565;19;13;6-7,7-14;4
lintim;Mumford0;Mumford0;bounds;True;False;1e-05;12000;1;2;20;50;200;-5;50;0.75;2;50;50;10;10;16;0.0368;1566;1566;2;1;30;line_consecutive;0.9;1566;19;14;7-14,14-19;4
lintim;Mumford0;Mumford0;bounds;True;False;1e-05;12000;1;2;20;50;200;-5;50;0.75;2;50;50;10;10;16;0.0368;1567;1567;2;1;30;line_consecutive;0.9;1567;19;15;14-19,19-20;4
lintim;Mumford0;Mumford0;bounds;True;False;1e-05;12000;1;2;20;50;200;-5;50;0.75;2;50;50;10;10;16;0.0368;1568;1568;2;1;30;line_consecutive;0.9;1568;19;16;12-15,15-24;5
lintim;Mumford0;Mumford0;bounds;True;False;1e-05;12000;1;2;20;50;200;-5;50;0.75;2;50;50;10;10;16;0.0368;1569;1569;2;1;30;line_consecutive;0.9;1569;19;17;12-15,12-26;5
lintim;Mumford0;Mumford0;bounds;True;False;1e-05;12000;1;2;20;50;200;-5;50;0.75;2;50;50;10;10;16;0.0368;1570;1570;2;1;30;line_consecutive;0.9;1570;19;18;3-8,5-8;6
lintim;Mumford0;Mumford0;bounds;True;False;1e-05;12000;1;2;20;50;200;-5;50;0.75;2;50;50;10;10;16;0.0368;1571;1571;2;1;30;line_consecutive;0.9;1571;19;19;10-15,15-21;7
lintim;Mumford0;Mumford0;bounds;True;False;1e-05;12000;1;2;20;50;200;-5;50;0.75;2;50;50;10;10;16;0.0368;1572;1572;2;1;30;line_consecutive;0.9;1572;19;20;2-15,8-15;10
lintim;Mumford0;Mumford0;bounds;True;False;1e-05;12000;1;2;20;50;200;-5;50;0.75;2;50;50;10;10;16;0.0368;1573;1573;2;1;30;line_consecutive;0.9;1573;19;21;8-15,8-17;10
lintim;Mumford0;Mumford0;bounds;True;False;1e-05;12000;1;2;20;50;200;-5;50;0.75;2;50;50;10;10;16;0.0368;1574;1574;2;1;30;line_consecutive;0.9;1574;19;22;7-17,8-17;10
lintim;Mumford0;Mumford0;bounds;True;False;1e-05;12000;1;2;20;50;200;-5;50;0.75;2;50;50;10;10;16;0.0368;1575;1575;2;1;30;line_consecutive;0.9;1575;19;23;6-7,7-17;10
lintim;Mumford0;Mumford0;bounds;True;False;1e-05;12000;1;2;20;50;200;-5;50;0.75;2;50;50;10;10;16;0.0368;1576;1576;2;1;30;line_consecutive;0.9;1576;19;24;12-15,12-18;11
lintim;Mumford0;Mumford0;bounds;True;False;1e-05;12000;1;2;20;50;200;-5;50;0.75;2;50;50;10;10;16;0.0368;1577;1577;2;1;30;line_consecutive;0.9;1577;19;25;18-23,19-23;11
lintim;Mumford0;Mumford0;bounds;True;False;1e-05;12000;1;2;20;50;200;-5;50;0.75;2;50;50;10;10;16;0.0368;1578;1578;2;1;30;line_consecutive;0.9;1578;19;26;3-8,8-21;12
lintim;Mumford0;Mumford0;bounds;True;False;1e-05;12000;1;2;20;50;200;-5;50;0.75;2;50;50;10;10;16;0.0368;1579;1579;2;1;30;line_consecutive;0.9;1579;19;27;8-21,21-24;12
lintim;Mumford0;Mumford0;bounds;True;False;1e-05;12000;1;2;20;50;200;-5;50;0.75;2;50;50;10;10;16;0.0368;1580;1580;1;1;30;line_consecutive;0.95;1580;20;0;6-7;4,10
lintim;Mumford0;Mumford0;bounds;True;False;1e-05;12000;1;2;20;50;200;-5;50;0.75;2;50;50;10;10;16;0.0368;1581;1581;1;1;30;line_consecutive;0.95;1581;20;1;7-14;4
lintim;Mumford0;Mumford0;bounds;True;False;1e-05;12000;1;2;20;50;200;-5;50;0.75;2;50;50;10;10;16;0.0368;1582;1582;1;1;30;line_consecutive;0.95;1582;20;2;7-17;10
lintim;Mumford0;Mumford0;bounds;True;False;1e-05;12000;1;2;20;50;200;-5;50;0.75;2;50;50;10;10;16;0.0368;1583;1583;1;1;30;line_consecutive;0.95;1583;20;3;15-21;7
lintim;Mumford0;Mumford0;bounds;True;False;1e-05;12000;1;2;20;50;200;-5;50;0.75;2;50;50;10;10;16;0.0368;1584;1584;1;1;30;line_consecutive;0.95;1584;20;4;8-11;1
lintim;Mumford0;Mumford0;bounds;True;False;1e-05;12000;1;2;20;50;200;-5;50;0.75;2;50;50;10;10;16;0.0368;1585;1585;1;1;30;line_consecutive;0.95;1585;20;5;1-14;2
lintim;Mumford0;Mumford0;bounds;True;False;1e-05;12000;1;2;20;50;200;-5;50;0.75;2;50;50;10;10;16;0.0368;1586;1586;1;1;30;line_consecutive;0.95;1586;20;6;1-13;3
lintim;Mumford0;Mumford0;bounds;True;False;1e-05;12000;1;2;20;50;200;-5;50;0.75;2;50;50;10;10;16;0.0368;1587;1587;1;1;30;line_consecutive;0.95;1587;20;7;1-23;2
lintim;Mumford0;Mumford0;bounds;True;False;1e-05;12000;1;2;20;50;200;-5;50;0.75;2;50;50;10;10;16;0.0368;1588;1588;1;1;30;line_consecutive;0.95;1588;20;8;21-24;12
lintim;Mumford0;Mumford0;bounds;True;False;1e-05;12000;1;2;20;50;200;-5;50;0.75;2;50;50;10;10;16;0.0368;1589;1589;1;1;30;line_consecutive;0.95;1589;20;9;3-8;6,12
lintim;Mumford0;Mumford0;bounds;True;False;1e-05;12000;1;2;20;50;200;-5;50;0.75;2;50;50;10;10;16;0.0368;1590;1590;1;1;30;line_consecutive;0.95;1590;20;10;10-15;7
lintim;Mumford0;Mumford0;bounds;True;False;1e-05;12000;1;2;20;50;200;-5;50;0.75;2;50;50;10;10;16;0.0368;1591;1591;1;1;30;line_consecutive;0.95;1591;20;11;28-30;3
lintim;Mumford0;Mumford0;bounds;True;False;1e-05;12000;1;2;20;50;200;-5;50;0.75;2;50;50;10;10;16;0.0368;1592;1592;1;1;30;line_consecutive;0.95;1592;20;12;18-23;2,11
lintim;Mumford0;Mumford0;bounds;True;False;1e-05;12000;1;2;20;50;200;-5;50;0.75;2;50;50;10;10;16;0.0368;1593;1593;1;1;30;line_consecutive;0.95;1593;20;13;8-15;10
lintim;Mumford0;Mumford0;bounds;True;False;1e-05;12000;1;2;20;50;200;-5;50;0.75;2;50;50;10;10;16;0.0368;1594;1594;1;1;30;line_consecutive;0.95;1594;20;14;12-18;2,11
lintim;Mumford0;Mumford0;bounds;True;False;1e-05;12000;1;2;20;50;200;-5;50;0.75;2;50;50;10;10;16;0.0368;1595;1595;1;1;30;line_consecutive;0.95;1595;20;15;4-12;2
lintim;Mumford0;Mumford0;bounds;True;False;1e-05;12000;1;2;20;50;200;-5;50;0.75;2;50;50;10;10;16;0.0368;1596;1596;1;1;30;line_consecutive;0.95;1596;20;16;2-25;1
lintim;Mumford0;Mumford0;bounds;True;False;1e-05;12000;1;2;20;50;200;-5;50;0.75;2;50;50;10;10;16;0.0368;1597;1597;1;1;30;line_consecutive;0.95;1597;20;17;2-15;10
lintim;Mumford0;Mumford0;bounds;True;False;1e-05;12000;1;2;20;50;200;-5;50;0.75;2;50;50;10;10;16;0.0368;1598;1598;1;1;30;line_consecutive;0.95;1598;20;18;17-29;3
lintim;Mumford0;Mumford0;bounds;True;False;1e-05;12000;1;2;20;50;200;-5;50;0.75;2;50;50;10;10;16;0.0368;1599;1599;1;1;30;line_consecutive;0.95;1599;20;19;8-17;10
lintim;Mumford0;Mumford0;bounds;True;False;1e-05;12000;1;2;20;50;200;-5;50;0.75;2;50;50;10;10;16;0.0368;1600;1600;1;1;30;line_consecutive;0.95;1600;20;20;12-15;5,11
lintim;Mumford0;Mumford0;bounds;True;False;1e-05;12000;1;2;20;50;200;-5;50;0.75;2;50;50;10;10;16;0.0368;1601;1601;1;1;30;line_consecutive;0.95;1601;20;21;2-4;2
lintim;Mumford0;Mumford0;bounds;True;False;1e-05;12000;1;2;20;50;200;-5;50;0.75;2;50;50;10;10;16;0.0368;1602;1602;1;1;30;line_consecutive;0.95;1602;20;22;15-24;5
lintim;Mumford0;Mumford0;bounds;True;False;1e-05;12000;1;2;20;50;200;-5;50;0.75;2;50;50;10;10;16;0.0368;1603;1603;1;1;30;line_consecutive;0.95;1603;20;23;12-26;5
lintim;Mumford0;Mumford0;bounds;True;False;1e-05;12000;1;2;20;50;200;-5;50;0.75;2;50;50;10;10;16;0.0368;1604;1604;1;1;30;line_consecutive;0.95;1604;20;24;5-8;6
lintim;Mumford0;Mumford0;bounds;True;False;1e-05;12000;1;2;20;50;200;-5;50;0.75;2;50;50;10;10;16;0.0368;1605;1605;1;1;30;line_consecutive;0.95;1605;20;25;8-25;1
lintim;Mumford0;Mumford0;bounds;True;False;1e-05;12000;1;2;20;50;200;-5;50;0.75;2;50;50;10;10;16;0.0368;1606;1606;1;1;30;line_consecutive;0.95;1606;20;26;9-27;9
lintim;Mumford0;Mumford0;bounds;True;False;1e-05;12000;1;2;20;50;200;-5;50;0.75;2;50;50;10;10;16;0.0368;1607;1607;1;1;30;line_consecutive;0.95;1607;20;27;6-16;8
lintim;Mumford0;Mumford0;bounds;True;False;1e-05;12000;1;2;20;50;200;-5;50;0.75;2;50;50;10;10;16;0.0368;1608;1608;1;1;30;line_consecutive;0.95;1608;20;28;1-29;3
lintim;Mumford0;Mumford0;bounds;True;False;1e-05;12000;1;2;20;50;200;-5;50;0.75;2;50;50;10;10;16;0.0368;1609;1609;1;1;30;line_consecutive;0.95;1609;20;29;17-28;3
lintim;Mumford0;Mumford0;bounds;True;False;1e-05;12000;1;2;20;50;200;-5;50;0.75;2;50;50;10;10;16;0.0368;1610;1610;2;1;30;line_consecutive;0.95;1610;21;0;2-25,8-25;1
lintim;Mumford0;Mumford0;bounds;True;False;1e-05;12000;1;2;20;50;200;-5;50;0.75;2;50;50;10;10;16;0.0368;1611;1611;2;1;30;line_consecutive;0.95;1611;21;1;8-11,8-25;1
lintim;Mumford0;Mumford0;bounds;True;False;1e-05;12000;1;2;20;50;200;-5;50;0.75;2;50;50;10;10;16;0.0368;1612;1612;2;1;30;line_consecutive;0.95;1612;21;2;8-11,11-22;1
lintim;Mumford0;Mumford0;bounds;True;False;1e-05;12000;1;2;20;50;200;-5;50;0.75;2;50;50;10;10;16;0.0368;1613;1613;2;1;30;line_consecutive;0.95;1613;21;3;2-4,4-12;2
lintim;Mumford0;Mumford0;bounds;True;False;1e-05;12000;1;2;20;50;200;-5;50;0.75;2;50;50;10;10;16;0.0368;1614;1614;2;1;30;line_consecutive;0.95;1614;21;4;4-12,12-18;2
lintim;Mumford0;Mumford0;bounds;True;False;1e-05;12000;1;2;20;50;200;-5;50;0.75;2;50;50;10;10;16;0.0368;1615;1615;2;1;30;line_consecutive;0.95;1615;21;5;12-18,18-23;2,11
lintim;Mumford0;Mumford0;bounds;True;False;1e-05;12000;1;2;20;50;200;-5;50;0.75;2;50;50;10;10;16;0.0368;1616;1616;2;1;30;line_consecutive;0.95;1616;21;6;1-23,18-23;2
lintim;Mumford0;Mumford0;bounds;True;False;1e-05;12000;1;2;20;50;200;-5;50;0.75;2;50;50;10;10;16;0.0368;1617;1617;2;1;30;line_consecutive;0.95;1617;21;7;1-14,1-23;2
lintim;Mumford0;Mumford0;bounds;True;False;1e-05;12000;1;2;20;50;200;-5;50;0.75;2;50;50;10;10;16;0.0368;1618;1618;2;1;30;line_consecutive;0.95;1618;21;8;1-13,9-13;3
lintim;Mumford0;Mumford0;bounds;True;False;1e-05;12000;1;2;20;50;200;-5;50;0.75;2;50;50;10;10;16;0.0368;1619;1619;2;1;30;line_consecutive;0.95;1619;21;9;1-13,1-29;3
lintim;Mumford0;Mumford0;bounds;True;False;1e-05;12000;1;2;20;50;200;-5;50;0.75;2;50;50;10;10;16;0.0368;1620;1620;2;1;30;line_consecutive;0.95;1620;21;10;1-29,17-29;3
lintim;Mumford0;Mumford0;bounds;True;False;1e-05;12000;1;2;20;50;200;-5;50;0.75;2;50;50;10;10;16;0.0368;1621;1621;2;1;30;line_consecutive;0.95;1621;21;11;17-28,17-29;3
lintim;Mumford0;Mumford0;bounds;True;False;1e-05;12000;1;2;20;50;200;-5;50;0.75;2;50;50;10;10;16;0.0368;1622;1622;2;1;30;line_consecutive;0.95;1622;21;12;17-28,28-30;3
lintim;Mumford0;Mumford0;bounds;True;False;1e-05;12000;1;2;20;50;200;-5;50;0.75;2;50;50;10;10;16;0.0368;1623;1623;2;1;30;line_consecutive;0.95;1623;21;13;6-7,7-14;4
lintim;Mumford0;Mumford0;bounds;True;False;1e-05;12000;1;2;20;50;200;-5;50;0.75;2;50;50;10;10;16;0.0368;1624;1624;2;1;30;line_consecutive;0.95;1624;21;14;7-14,14-19;4
lintim;Mumford0;Mumford0;bounds;True;False;1e-05;12000;1;2;20;50;200;-5;50;0.75;2;50;50;10;10;16;0.0368;1625;1625;2;1;30;line_consecutive;0.95;1625;21;15;14-19,19-20;4
lintim;Mumford0;Mumford0;bounds;True;False;1e-05;12000;1;2;20;50;200;-5;50;0.75;2;50;50;10;10;16;0.0368;1626;1626;2;1;30;line_consecutive;0.95;1626;21;16;12-15,15-24;5
lintim;Mumford0;Mumford0;bounds;True;False;1e-05;12000;1;2;20;50;200;-5;50;0.75;2;50;50;10;10;16;0.0368;1627;1627;2;1;30;line_consecutive;0.95;1627;21;17;12-15,12-26;5
lintim;Mumford0;Mumford0;bounds;True;False;1e-05;12000;1;2;20;50;200;-5;50;0.75;2;50;50;10;10;16;0.0368;1628;1628;2;1;30;line_consecutive;0.95;1628;21;18;3-8,5-8;6
lintim;Mumford0;Mumford0;bounds;True;False;1e-05;12000;1;2;20;50;200;-5;50;0.75;2;50;50;10;10;16;0.0368;1629;1629;2;1;30;line_consecutive;0.95;1629;21;19;10-15,15-21;7
lintim;Mumford0;Mumford0;bounds;True;False;1e-05;12000;1;2;20;50;200;-5;50;0.75;2;50;50;10;10;16;0.0368;1630;1630;2;1;30;line_consecutive;0.95;1630;21;20;2-15,8-15;10
lintim;Mumford0;Mumford0;bounds;True;False;1e-05;12000;1;2;20;50;200;-5;50;0.75;2;50;50;10;10;16;0.0368;1631;1631;2;1;30;line_consecutive;0.95;1631;21;21;8-15,8-17;10
lintim;Mumford0;Mumford0;bounds;True;False;1e-05;12000;1;2;20;50;200;-5;50;0.75;2;50;50;10;10;16;0.0368;1632;1632;2;1;30;line_consecutive;0.95;1632;21;22;7-17,8-17;10
lintim;Mumford0;Mumford0;bounds;True;False;1e-05;12000;1;2;20;50;200;-5;50;0.75;2;50;50;10;10;16;0.0368;1633;1633;2;1;30;line_consecutive;0.95;1633;21;23;6-7,7-17;10
lintim;Mumford0;Mumford0;bounds;True;False;1e-05;12000;1;2;20;50;200;-5;50;0.75;2;50;50;10;10;16;0.0368;1634;1634;2;1;30;line_consecutive;0.95;1634;21;24;12-15,12-18;11
lintim;Mumford0;Mumford0;bounds;True;False;1e-05;12000;1;2;20;50;200;-5;50;0.75;2;50;50;10;10;16;0.0368;1635;1635;2;1;30;line_consecutive;0.95;1635;21;25;18-23,19-23;11
lintim;Mumford0;Mumford0;bounds;True;False;1e-05;12000;1;2;20;50;200;-5;50;0.75;2;50;50;10;10;16;0.0368;1636;1636;2;1;30;line_consecutive;0.95;1636;21;26;3-8,8-21;12
lintim;Mumford0;Mumford0;bounds;True;False;1e-05;12000;1;2;20;50;200;-5;50;0.75;2;50;50;10;10;16;0.0368;1637;1637;2;1;30;line_consecutive;0.95;1637;21;27;8-21,21-24;12
