array_job_id;task_id;run_group_id;case_k;case_per_run;case_variants;case_selection;case_p_fail;case_id;case_sweep_row;case_variant_idx;case_edges;case_lines;WS;RP;EEV_nom;EEV_mean;EVPI;VSS_nom;VSS_mean;procedures_present;source;network;scenario_line_data;routing_agg;waiting_time_frequency;gap;time_limit;travel_time_cost_mult;waiting_time_cost_mult;line_operation_cost_mult;cost_repl_freq;cost_repl_line;repl_budget;bypass_multiplier;overdemand_threshold;overdemand_multiplier;num_od;train_capacity;infrastructure_capacity;max_frequency;threads;scenario_infra_id;scenario_prob_id
12429034;0;g_000;1;1;38;line_consecutive;0.5;1000;0;0;11-12;1,7,8;53959.34999999999;53989.82500000001;53989.82499999717;53989.82499999718;30.475000000020373;-2.8448994271457195e-09;-2.8303475119173527e-09;eev,integrated,separated,ws;lintim;SiouxFalls;SiouxFalls;True;False;1e-05;6000;1;2;20;10;50;-5;50;0.75;2;55;50;10;10;16;1000;1000
12429034;1;g_000;1;1;38;line_consecutive;0.5;1001;0;1;10-11;1,7,10;54240.775;54390.06000000428;54390.06000001033;54390.05999704275;149.28500000428176;6.046320777386427e-09;-2.96153302770108e-06;eev,integrated,separated,ws;lintim;SiouxFalls;SiouxFalls;True;False;1e-05;6000;1;2;20;10;50;-5;50;0.75;2;55;50;10;10;16;1001;1001
12429034;2;g_000;1;1;38;line_consecutive;0.5;1002;0;2;10-16;1,10;52512.33499999999;52664.384999999966;52752.38500001033;52752.38500001033;152.0499999999738;88.00000001036096;88.00000001036096;eev,integrated,separated,ws;lintim;SiouxFalls;SiouxFalls;True;False;1e-05;6000;1;2;20;10;50;-5;50;0.75;2;55;50;10;10;16;1002;1002
12429034;3;g_000;1;1;38;line_consecutive;0.5;1003;0;3;16-18;1;52157.78;52252.43000000001;52340.43000001031;52340.43000001031;94.65000000000872;88.00000001030276;88.00000001030276;eev,integrated,separated,ws;lintim;SiouxFalls;SiouxFalls;True;False;1e-05;6000;1;2;20;10;50;-5;50;0.75;2;55;50;10;10;16;1003;1003
12429034;4;g_000;1;1;38;line_consecutive;0.5;1004;0;4;2-6;2;55730.5;55810.36000000146;55810.36000001033;55810.36000001033;79.86000000146305;8.869392331689596e-09;8.869392331689596e-09;eev,integrated,separated,ws;lintim;SiouxFalls;SiouxFalls;True;False;1e-05;6000;1;2;20;10;50;-5;50;0.75;2;55;50;10;10;16;1004;1004
12429034;5;g_000;1;1;38;line_consecutive;0.5;1005;0;5;6-8;2;54405.22;54443.64000000001;54443.64000001052;54443.64000001053;38.42000000000553;1.051375875249505e-08;1.0521034710109234e-08;eev,integrated,separated,ws;lintim;SiouxFalls;SiouxFalls;True;False;1e-05;6000;1;2;20;10;50;-5;50;0.75;2;55;50;10;10;16;1005;1005
12429034;6;g_000;1;1;38;line_consecutive;0.5;1006;0;6;8-16;2,10,13;54076.05;54076.05000001687;54076.05000001007;54561.64499999999;1.686566974967718e-08;-6.795744411647321e-09;485.59499998312094;eev,integrated,separated,ws;lintim;SiouxFalls;SiouxFalls;True;False;1e-05;6000;1;2;20;10;50;-5;50;0.75;2;55;50;10;10;16;1006;1006
12429034;7;g_000;1;1;38;line_consecutive;0.5;1007;0;7;16-17;2,13;53618.295;53656.71500000001;53656.715000010445;53944.69;38.420000000012806;1.0433723218739033e-08;287.97499999999127;eev,integrated,separated,ws;lintim;SiouxFalls;SiouxFalls;True;False;1e-05;6000;1;2;20;10;50;-5;50;0.75;2;55;50;10;10;16;1007;1007
12429034;8;g_000;1;1;38;line_consecutive;0.5;1008;0;8;17-19;2,13,14;57462.93;57549.34999999999;57637.35000001032;58259.87499998215;86.41999999999098;88.00000001033186;710.5249999821608;eev,integrated,separated,ws;lintim;SiouxFalls;SiouxFalls;True;False;1e-05;6000;1;2;20;10;50;-5;50;0.75;2;55;50;10;10;16;1008;1008
12429034;9;g_000;1;1;38;line_consecutive;0.5;1009;0;9;19-20;2;53649.965;53688.38500000001;53688.38500001033;53688.385000010334;38.420000000012806;1.0317307896912098e-08;1.032458385452628e-08;eev,integrated,separated,ws;lintim;SiouxFalls;SiouxFalls;True;False;1e-05;6000;1;2;20;10;50;-5;50;0.75;2;55;50;10;10;16;1009;1009
12429034;10;g_000;1;1;38;line_consecutive;0.5;1010;0;10;3-4;3,4;53100.34499999999;53100.34500000001;53100.34500001033;53100.34500001033;2.182787284255028e-11;1.032458385452628e-08;1.032458385452628e-08;eev,integrated,separated,ws;lintim;SiouxFalls;SiouxFalls;True;False;1e-05;6000;1;2;20;10;50;-5;50;0.75;2;55;50;10;10;16;1010;1010
12429034;11;g_000;1;1;38;line_consecutive;0.5;1011;0;11;4-5;3;51140.24;51140.24000000001;51140.24000000968;51140.24000000968;1.4551915228366852e-11;9.669747669249771e-09;9.669747669249771e-09;eev,integrated,separated,ws;lintim;SiouxFalls;SiouxFalls;True;False;1e-05;6000;1;2;20;10;50;-5;50;0.75;2;55;50;10;10;16;1011;1011
12429034;12;g_000;1;1;38;line_consecutive;0.5;1012;0;12;5-9;3,9;51271.24;51402.24;51460.240000003934;51460.240000003934;131.0;58.00000000393629;58.00000000393629;eev,integrated,separated,ws;lintim;SiouxFalls;SiouxFalls;True;False;1e-05;6000;1;2;20;10;50;-5;50;0.75;2;55;50;10;10;16;1012;1012
12429034;13;g_000;1;1;38;line_consecutive;0.5;1013;0;13;8-9;3,7;51140.24;51140.24000000001;51140.24000001032;51140.24000001032;1.4551915228366852e-11;1.0310031939297916e-08;1.0310031939297916e-08;eev,integrated,separated,ws;lintim;SiouxFalls;SiouxFalls;True;False;1e-05;6000;1;2;20;10;50;-5;50;0.75;2;55;50;10;10;16;1013;1013
12429034;14;g_000;1;1;38;line_consecutive;0.5;1014;0;14;7-8;3,7,11;51140.23999999999;51140.240000000005;51140.24000001032;51140.24000001034;1.4551915228366852e-11;1.0317307896912098e-08;1.0331859812140465e-08;eev,integrated,separated,ws;lintim;SiouxFalls;SiouxFalls;True;False;1e-05;6000;1;2;20;10;50;-5;50;0.75;2;55;50;10;10;16;1014;1014
12429034;15;g_000;1;1;38;line_consecutive;0.5;1015;0;15;7-18;3,11;51140.240000000005;51140.24000000001;51140.24000001032;51140.24000001032;7.275957614183426e-12;1.0310031939297916e-08;1.0310031939297916e-08;eev,integrated,separated,ws;lintim;SiouxFalls;SiouxFalls;True;False;1e-05;6000;1;2;20;10;50;-5;50;0.75;2;55;50;10;10;16;1015;1015
12429034;16;g_000;1;1;38;line_consecutive;0.5;1016;0;16;1-3;4,8,12;54288.72499999999;54288.725;54288.72500001032;54288.72500001033;7.275957614183426e-12;1.032458385452628e-08;1.0331859812140465e-08;eev,integrated,separated,ws;lintim;SiouxFalls;SiouxFalls;True;False;1e-05;6000;1;2;20;10;50;-5;50;0.75;2;55;50;10;10;16;1016;1016
12429034;17;g_000;1;1;38;line_consecutive;0.5;1017;0;17;4-11;4;52532.07500000008;52562.54500000004;52562.54500001033;52562.54500001033;30.469999999964784;1.0288204066455364e-08;1.0288204066455364e-08;eev,integrated,separated,ws;lintim;SiouxFalls;SiouxFalls;True;False;1e-05;6000;1;2;20;10;50;-5;50;0.75;2;55;50;10;10;16;1017;1017
12429034;18;g_000;1;1;38;line_consecutive;0.5;1018;0;18;11-14;4,8,10;53080.99999999999;53154.29;53154.290000010325;53154.29000001033;73.29000000000815;1.032458385452628e-08;1.0331859812140465e-08;eev,integrated,separated,ws;lintim;SiouxFalls;SiouxFalls;True;False;1e-05;6000;1;2;20;10;50;-5;50;0.75;2;55;50;10;10;16;1018;1018
12429034;19;g_000;1;1;38;line_consecutive;0.5;1019;0;19;14-23;4,10;52953.05;53026.24500000001;53026.24500001033;53026.24500001034;73.19500000000698;1.0317307896912098e-08;1.0331859812140465e-08;eev,integrated,separated,ws;lintim;SiouxFalls;SiouxFalls;True;False;1e-05;6000;1;2;20;10;50;-5;50;0.75;2;55;50;10;10;16;1019;1019
12429034;20;g_000;1;1;38;line_consecutive;0.5;1020;0;20;23-24;4;52786.295;52786.295000000006;52786.29500001034;52786.295000010345;7.275957614183426e-12;1.0331859812140465e-08;1.0339135769754648e-08;eev,integrated,separated,ws;lintim;SiouxFalls;SiouxFalls;True;False;1e-05;6000;1;2;20;10;50;-5;50;0.75;2;55;50;10;10;16;1020;1020
12429034;21;g_000;1;1;38;line_consecutive;0.5;1021;0;21;10-15;5,9;51822.3;51953.30000000001;52031.055000010514;52031.055000010514;131.00000000000728;77.75500001050386;77.75500001050386;eev,integrated,separated,ws;lintim;SiouxFalls;SiouxFalls;True;False;1e-05;6000;1;2;20;10;50;-5;50;0.75;2;55;50;10;10;16;1021;1021
12429034;22;g_000;1;1;38;line_consecutive;0.5;1022;0;22;15-22;5,13;52251.32499999994;52251.325;52251.32500001033;52251.32500001034;5.820766091346741e-11;1.0331859812140465e-08;1.0346411727368832e-08;eev,integrated,separated,ws;lintim;SiouxFalls;SiouxFalls;True;False;1e-05;6000;1;2;20;10;50;-5;50;0.75;2;55;50;10;10;16;1022;1022
12429034;23;g_000;1;1;38;line_consecutive;0.5;1023;0;23;22-23;5;51556.47499999999;51556.47500000001;51556.47500001032;51556.47500001032;2.182787284255028e-11;1.0310031939297916e-08;1.0310031939297916e-08;eev,integrated,separated,ws;lintim;SiouxFalls;SiouxFalls;True;False;1e-05;6000;1;2;20;10;50;-5;50;0.75;2;55;50;10;10;16;1023;1023
12429034;24;g_000;1;1;38;line_consecutive;0.5;1024;0;24;13-24;6;52793.935;52834.46;52834.46000001033;52834.46000001034;40.525000000001455;1.0331859812140465e-08;1.0339135769754648e-08;eev,integrated,separated,ws;lintim;SiouxFalls;SiouxFalls;True;False;1e-05;6000;1;2;20;10;50;-5;50;0.75;2;55;50;10;10;16;1024;1024
12429034;25;g_000;1;1;38;line_consecutive;0.5;1025;0;25;21-24;6;51788.19;51806.865000000056;51806.86500001032;51806.86500001033;18.67500000005384;1.0266376193612814e-08;1.0273652151226996e-08;eev,integrated,separated,ws;lintim;SiouxFalls;SiouxFalls;True;False;1e-05;6000;1;2;20;10;50;-5;50;0.75;2;55;50;10;10;16;1025;1025
12429034;26;g_000;1;1;38;line_consecutive;0.5;1026;0;26;20-21;6;51802.95;51808.82500000001;51808.82500001033;51808.82500001033;5.875000000014552;1.0317307896912098e-08;1.0317307896912098e-08;eev,integrated,separated,ws;lintim;SiouxFalls;SiouxFalls;True;False;1e-05;6000;1;2;20;10;50;-5;50;0.75;2;55;50;10;10;16;1026;1026
12429034;27;g_000;1;1;38;line_consecutive;0.5;1027;0;27;9-10;7,9;51736.895;51736.895;51736.895000010336;51736.895000010336;0.0;1.0339135769754648e-08;1.0339135769754648e-08;eev,integrated,separated,ws;lintim;SiouxFalls;SiouxFalls;True;False;1e-05;6000;1;2;20;10;50;-5;50;0.75;2;55;50;10;10;16;1027;1027
12429034;28;g_000;1;1;38;line_consecutive;0.5;1028;0;28;3-12;8,12;51140.23999999999;51140.240000000005;51140.24000001032;51140.24000001032;1.4551915228366852e-11;1.0317307896912098e-08;1.0317307896912098e-08;eev,integrated,separated,ws;lintim;SiouxFalls;SiouxFalls;True;False;1e-05;6000;1;2;20;10;50;-5;50;0.75;2;55;50;10;10;16;1028;1028
12429034;29;g_000;1;1;38;line_consecutive;0.5;1029;0;29;5-6;9;51271.23999999999;51402.24;51460.24000001032;51460.24000001033;131.00000000000728;58.00000001032458;58.00000001033186;eev,integrated,separated,ws;lintim;SiouxFalls;SiouxFalls;True;False;1e-05;6000;1;2;20;10;50;-5;50;0.75;2;55;50;10;10;16;1029;1029
12429034;30;g_000;1;1;38;line_consecutive;0.5;1030;0;30;15-19;9,13,14;51713.72999999982;51745.75500000128;51745.75500001032;51745.75500001033;32.02500000145665;9.044015314429998e-09;9.051291272044182e-09;eev,integrated,separated,ws;lintim;SiouxFalls;SiouxFalls;True;False;1e-05;6000;1;2;20;10;50;-5;50;0.75;2;55;50;10;10;16;1030;1030
12429034;31;g_000;1;1;38;line_consecutive;0.5;1031;0;31;20-22;11;51140.23999999999;51140.240000000405;51140.24000001033;51140.24000001034;4.147295840084553e-10;9.924406185746193e-09;9.931682143360376e-09;eev,integrated,separated,ws;lintim;SiouxFalls;SiouxFalls;True;False;1e-05;6000;1;2;20;10;50;-5;50;0.75;2;55;50;10;10;16;1031;1031
12429034;32;g_000;1;1;38;line_consecutive;0.5;1032;0;32;18-20;11;51140.24;51140.23999999985;51140.24000001032;51140.24000001034;-1.4551915228366852e-10;1.0470103006809952e-08;1.0484654922038317e-08;eev,integrated,separated,ws;lintim;SiouxFalls;SiouxFalls;True;False;1e-05;6000;1;2;20;10;50;-5;50;0.75;2;55;50;10;10;16;1032;1032
12429034;33;g_000;1;1;38;line_consecutive;0.5;1033;0;33;12-13;12;51140.23999999999;51140.23998032377;51140.24000001035;51140.24000001035;-1.967621938092634e-05;1.9686580344568935e-05;1.9686580344568935e-05;eev,integrated,separated,ws;lintim;SiouxFalls;SiouxFalls;True;False;1e-05;6000;1;2;20;10;50;-5;50;0.75;2;55;50;10;10;16;1033;1033
12429034;34;g_000;1;1;38;line_consecutive;0.5;1034;0;34;1-2;12;51140.24;51140.24;51140.24000001032;51140.24000001033;0.0;1.032458385452628e-08;1.0331859812140465e-08;eev,integrated,separated,ws;lintim;SiouxFalls;SiouxFalls;True;False;1e-05;6000;1;2;20;10;50;-5;50;0.75;2;55;50;10;10;16;1034;1034
12429034;35;g_000;1;1;38;line_consecutive;0.5;1035;0;35;21-22;13;51366.22499999999;51366.22499999977;51366.22500001032;51366.22500001032;-2.1827872842550278e-10;1.0550138540565968e-08;1.0550138540565968e-08;eev,integrated,separated,ws;lintim;SiouxFalls;SiouxFalls;True;False;1e-05;6000;1;2;20;10;50;-5;50;0.75;2;55;50;10;10;16;1035;1035
12429034;36;g_000;1;1;38;line_consecutive;0.5;1036;0;36;14-15;14;51299.17000000088;51299.169999999605;51299.17000001033;51299.17000001033;-1.2732925824820995e-09;1.0724761523306371e-08;1.0724761523306371e-08;eev,integrated,separated,ws;lintim;SiouxFalls;SiouxFalls;True;False;1e-05;6000;1;2;20;10;50;-5;50;0.75;2;55;50;10;10;16;1036;1036
12429034;37;g_000;1;1;38;line_consecutive;0.5;1037;0;37;10-17;14;51299.17;51299.169999996826;51299.17000001033;51299.17000001033;-3.1723175197839733e-09;1.3504177331924438e-08;1.3504177331924438e-08;eev,integrated,separated,ws;lintim;SiouxFalls;SiouxFalls;True;False;1e-05;6000;1;2;20;10;50;-5;50;0.75;2;55;50;10;10;16;1037;1037
12429034;38;g_000;1;1;38;line_consecutive;0.5;1038;1;0;11-12;1,7,8;54628.399999999616;54678.664946141645;54678.665000010325;54678.66500001033;50.26494614202966;5.386867997003719e-05;5.3868687245994806e-05;eev,integrated,separated,ws;lintim;SiouxFalls;SiouxFalls;True;False;1e-05;6000;1;2;20;10;500;-5;50;0.75;2;55;50;10;10;16;1038;1038
12429034;39;g_000;1;1;38;line_consecutive;0.5;1039;1;1;10-11;1,7,10;54648.23;54816.78500000082;54816.785000010335;54816.78499704275;168.5550000008152;9.51695255935192e-09;-2.9580696718767285e-06;eev,integrated,separated,ws;lintim;SiouxFalls;SiouxFalls;True;False;1e-05;6000;1;2;20;10;500;-5;50;0.75;2;55;50;10;10;16;1039;1039
12429034;40;g_000;1;1;38;line_consecutive;0.5;1040;1;2;10-16;1,10;53026.97499999999;53210.67;53298.67000001032;53298.67000001033;183.69500000000696;88.00000001032458;88.00000001033186;eev,integrated,separated,ws;lintim;SiouxFalls;SiouxFalls;True;False;1e-05;6000;1;2;20;10;500;-5;50;0.75;2;55;50;10;10;16;1040;1040
12429034;41;g_000;1;1;38;line_consecutive;0.5;1041;1;3;16-18;1;52363.84999999999;52577.09999999948;52665.100000014325;52665.10000001432;213.24999999949068;88.00000001484295;88.00000001483568;eev,integrated,separated,ws;lintim;SiouxFalls;SiouxFalls;True;False;1e-05;6000;1;2;20;10;500;-5;50;0.75;2;55;50;10;10;16;1041;1041
12429034;42;g_000;1;1;38;line_consecutive;0.5;1042;1;4;2-6;2;57085.74500000001;57188.80500000001;57188.805000010325;57188.80500001033;103.05999999999769;1.0317307896912098e-08;1.032458385452628e-08;eev,integrated,separated,ws;lintim;SiouxFalls;SiouxFalls;True;False;1e-05;6000;1;2;20;10;500;-5;50;0.75;2;55;50;10;10;16;1042;1042
12429034;43;g_000;1;1;38;line_consecutive;0.5;1043;1;5;6-8;2;57085.745;57188.80499999999;57188.805000010325;57188.80500001033;103.0599999999904;1.0331859812140465e-08;1.0339135769754648e-08;eev,integrated,separated,ws;lintim;SiouxFalls;SiouxFalls;True;False;1e-05;6000;1;2;20;10;500;-5;50;0.75;2;55;50;10;10;16;1043;1043
12429034;44;g_000;1;1;38;line_consecutive;0.5;1044;1;6;8-16;2,10,13;58259.085;58526.36999999999;58526.37000001033;58791.76999999999;267.28499999998894;1.0339135769754648e-08;265.40000000000146;eev,integrated,separated,ws;lintim;SiouxFalls;SiouxFalls;True;False;1e-05;6000;1;2;20;10;500;-5;50;0.75;2;55;50;10;10;16;1044;1044
12429034;45;g_000;1;1;38;line_consecutive;0.5;1045;1;7;16-17;2,13;57980.58500000149;58083.644999999415;58083.645000010336;58591.38000000007;103.05999999792402;1.0921212378889322e-08;507.7350000006554;eev,integrated,separated,ws;lintim;SiouxFalls;SiouxFalls;True;False;1e-05;6000;1;2;20;10;500;-5;50;0.75;2;55;50;10;10;16;1045;1045
12429034;46;g_000;1;1;38;line_consecutive;0.5;1046;1;8;17-19;2,13,14;63821.86499999999;64055.4449999998;64055.44500001034;64393.96999998108;233.57999999981257;1.05355866253376e-08;338.52499998127314;eev,integrated,separated,ws;lintim;SiouxFalls;SiouxFalls;True;False;1e-05;6000;1;2;20;10;500;-5;50;0.75;2;55;50;10;10;16;1046;1046
12429034;47;g_000;1;1;38;line_consecutive;0.5;1047;1;9;19-20;2;57085.74500000045;57188.805;57188.80500001034;57188.80500001034;103.05999999955384;1.0339135769754648e-08;1.0339135769754648e-08;eev,integrated,separated,ws;lintim;SiouxFalls;SiouxFalls;True;False;1e-05;6000;1;2;20;10;500;-5;50;0.75;2;55;50;10;10;16;1047;1047
12429034;48;g_000;1;1;38;line_consecutive;0.5;1048;1;10;3-4;3,4;56258.825;56384.78999999999;56384.790000010325;56384.79000001033;125.96499999999652;1.0331859812140465e-08;1.0339135769754648e-08;eev,integrated,separated,ws;lintim;SiouxFalls;SiouxFalls;True;False;1e-05;6000;1;2;20;10;500;-5;50;0.75;2;55;50;10;10;16;1048;1048
12429034;49;g_000;1;1;38;line_consecutive;0.5;1049;1;11;4-5;3;51140.24;51140.239998885016;51140.23999999638;51140.23999999638;-1.1149822967126966e-06;1.1113661457784474e-06;1.1113661457784474e-06;eev,integrated,separated,ws;lintim;SiouxFalls;SiouxFalls;True;False;1e-05;6000;1;2;20;10;500;-5;50;0.75;2;55;50;10;10;16;1049;1049
12429034;50;g_000;1;1;38;line_consecutive;0.5;1050;1;12;5-9;3,9;51271.240000000005;51402.24;51547.74000001032;51547.74000001034;130.99999999999272;145.50000001032458;145.50000001033914;eev,integrated,separated,ws;lintim;SiouxFalls;SiouxFalls;True;False;1e-05;6000;1;2;20;10;500;-5;50;0.75;2;55;50;10;10;16;1050;1050
12429034;51;g_000;1;1;38;line_consecutive;0.5;1051;1;13;8-9;3,7;51140.240000000005;51140.240000000005;51140.24000001032;51140.24000001032;0.0;1.0317307896912098e-08;1.0317307896912098e-08;eev,integrated,separated,ws;lintim;SiouxFalls;SiouxFalls;True;False;1e-05;6000;1;2;20;10;500;-5;50;0.75;2;55;50;10;10;16;1051;1051
12429034;52;g_000;1;1;38;line_consecutive;0.5;1052;1;14;7-8;3,7,11;51140.24;51140.24000000001;51140.240000029065;51140.24000002908;1.4551915228366852e-11;2.9052898753434423e-08;2.9067450668662783e-08;eev,integrated,separated,ws;lintim;SiouxFalls;SiouxFalls;True;False;1e-05;6000;1;2;20;10;500;-5;50;0.75;2;55;50;10;10;16;1052;1052
12429034;53;g_000;1;1;38;line_consecutive;0.5;1053;1;15;7-18;3,11;51140.23999999999;51140.24;51140.24000001943;51140.24000001943;7.275957614183426e-12;1.943408278748393e-08;1.943408278748393e-08;eev,integrated,separated,ws;lintim;SiouxFalls;SiouxFalls;True;False;1e-05;6000;1;2;20;10;500;-5;50;0.75;2;55;50;10;10;16;1053;1053
12429034;54;g_000;1;1;38;line_consecutive;0.5;1054;1;16;1-3;4,8,12;64501.34499999999;64556.22500000298;64557.22500001032;64557.22500001033;54.88000000299508;1.0000000073414412;1.0000000073487172;eev,integrated,separated,ws;lintim;SiouxFalls;SiouxFalls;True;False;1e-05;6000;1;2;20;10;500;-5;50;0.75;2;55;50;10;10;16;1054;1054
12429034;55;g_000;1;1;38;line_consecutive;0.5;1055;1;17;4-11;4;53779.75;53949.64;53949.64000001033;53949.64000001033;169.88999999999942;1.0331859812140465e-08;1.0331859812140465e-08;eev,integrated,separated,ws;lintim;SiouxFalls;SiouxFalls;True;False;1e-05;6000;1;2;20;10;500;-5;50;0.75;2;55;50;10;10;16;1055;1055
12429034;56;g_000;1;1;38;line_consecutive;0.5;1056;1;18;11-14;4,8,10;56195.025;56351.58494324845;56351.58500001032;56351.58500001033;156.55994324844505;5.676186992786825e-05;5.676188447978348e-05;eev,integrated,separated,ws;lintim;SiouxFalls;SiouxFalls;True;False;1e-05;6000;1;2;20;10;500;-5;50;0.75;2;55;50;10;10;16;1056;1056
12429034;57;g_000;1;1;38;line_consecutive;0.5;1057;1;19;14-23;4,10;55020.25;55151.25000000001;55151.25000001033;55151.25000001033;131.00000000000728;1.032458385452628e-08;1.032458385452628e-08;eev,integrated,separated,ws;lintim;SiouxFalls;SiouxFalls;True;False;1e-05;6000;1;2;20;10;500;-5;50;0.75;2;55;50;10;10;16;1057;1057
12429034;58;g_000;1;1;38;line_consecutive;0.5;1058;1;20;23-24;4;53779.75;53949.64;53949.64000001033;53949.64000001033;169.88999999999942;1.0331859812140465e-08;1.0331859812140465e-08;eev,integrated,separated,ws;lintim;SiouxFalls;SiouxFalls;True;False;1e-05;6000;1;2;20;10;500;-5;50;0.75;2;55;50;10;10;16;1058;1058
12429034;59;g_000;1;1;38;line_consecutive;0.5;1059;1;21;10-15;5,9;51825.83499999999;51956.83499053556;52102.33500001032;52102.33500001033;130.9999905355653;145.50000947475928;145.50000947477383;eev,integrated,separated,ws;lintim;SiouxFalls;SiouxFalls;True;False;1e-05;6000;1;2;20;10;500;-5;50;0.75;2;55;50;10;10;16;1059;1059
12429034;60;g_000;1;1;38;line_consecutive;0.5;1060;1;22;15-22;5,13;53051.555;53051.55497934468;53051.555000010325;53051.55500001034;-2.065532316919416e-05;2.0665647753048688e-05;2.066566230496392e-05;eev,integrated,separated,ws;lintim;SiouxFalls;SiouxFalls;True;False;1e-05;6000;1;2;20;10;500;-5;50;0.75;2;55;50;10;10;16;1060;1060
12429034;61;g_000;1;1;38;line_consecutive;0.5;1061;1;23;22-23;5;51568.59499999948;51568.595;51568.59500001033;51568.59500001033;5.238689482212067e-10;1.0331859812140465e-08;1.0331859812140465e-08;eev,integrated,separated,ws;lintim;SiouxFalls;SiouxFalls;True;False;1e-05;6000;1;2;20;10;500;-5;50;0.75;2;55;50;10;10;16;1061;1061
12429034;62;g_000;1;1;38;line_consecutive;0.5;1062;1;24;13-24;6;52989.6700000016;53090.61000000072;53090.60999994163;53090.60999994163;100.93999999912194;-5.90880517847836e-08;-5.90880517847836e-08;eev,integrated,separated,ws;lintim;SiouxFalls;SiouxFalls;True;False;1e-05;6000;1;2;20;10;500;-5;50;0.75;2;55;50;10;10;16;1062;1062
12429034;63;g_000;1;1;38;line_consecutive;0.5;1063;1;25;21-24;6;52989.67;53090.61000000001;53090.61000000892;53090.61000000892;100.9400000000096;8.913048077374697e-09;8.913048077374697e-09;eev,integrated,separated,ws;lintim;SiouxFalls;SiouxFalls;True;False;1e-05;6000;1;2;20;10;500;-5;50;0.75;2;55;50;10;10;16;1063;1063
12429034;64;g_000;1;1;38;line_consecutive;0.5;1064;1;26;20-21;6;52989.67;53090.60967160128;53090.61000001033;53090.61000001033;100.93967160128524;0.0003284090489614;0.0003284090489614;eev,integrated,separated,ws;lintim;SiouxFalls;SiouxFalls;True;False;1e-05;6000;1;2;20;10;500;-5;50;0.75;2;55;50;10;10;16;1064;1064
12429034;65;g_000;1;1;38;line_consecutive;0.5;1065;1;27;9-10;7,9;51736.895;51736.89500000001;51736.89500001033;51736.895000010336;1.4551915228366852e-11;1.0317307896912098e-08;1.032458385452628e-08;eev,integrated,separated,ws;lintim;SiouxFalls;SiouxFalls;True;False;1e-05;6000;1;2;20;10;500;-5;50;0.75;2;55;50;10;10;16;1065;1065
12429034;66;g_000;1;1;38;line_consecutive;0.5;1066;1;28;3-12;8,12;51140.23999999999;51140.24000000087;51140.24000000954;51140.24000000954;8.803908713161944e-10;8.66566551849246e-09;8.66566551849246e-09;eev,integrated,separated,ws;lintim;SiouxFalls;SiouxFalls;True;False;1e-05;6000;1;2;20;10;500;-5;50;0.75;2;55;50;10;10;16;1066;1066
12429034;67;g_000;1;1;38;line_consecutive;0.5;1067;1;29;5-6;9;51271.23999999999;51402.23999999876;51547.74000001032;51547.74000001033;130.99999999877036;145.5000000115615;145.50000001156877;eev,integrated,separated,ws;lintim;SiouxFalls;SiouxFalls;True;False;1e-05;6000;1;2;20;10;500;-5;50;0.75;2;55;50;10;10;16;1067;1067
12429034;68;g_000;1;1;38;line_consecutive;0.5;1068;1;30;15-19;9,13,14;51717.97;51875.29500000001;51920.59500001052;51920.59500001052;157.32500000001164;45.30000001050939;45.30000001050939;eev,integrated,separated,ws;lintim;SiouxFalls;SiouxFalls;True;False;1e-05;6000;1;2;20;10;500;-5;50;0.75;2;55;50;10;10;16;1068;1068
12429034;69;g_000;1;1;38;line_consecutive;0.5;1069;1;31;20-22;11;51140.24;51140.24000000001;51140.24000001033;51140.24000001034;1.4551915228366852e-11;1.0317307896912098e-08;1.032458385452628e-08;eev,integrated,separated,ws;lintim;SiouxFalls;SiouxFalls;True;False;1e-05;6000;1;2;20;10;500;-5;50;0.75;2;55;50;10;10;16;1069;1069
12429034;70;g_000;1;1;38;line_consecutive;0.5;1070;1;32;18-20;11;51140.240000000005;51140.240000000005;51140.23999999974;51140.23999999974;0.0;-2.6193447411060333e-10;-2.6193447411060333e-10;eev,integrated,separated,ws;lintim;SiouxFalls;SiouxFalls;True;False;1e-05;6000;1;2;20;10;500;-5;50;0.75;2;55;50;10;10;16;1070;1070
12429034;71;g_000;1;1;38;line_consecutive;0.5;1071;1;33;12-13;12;51140.24;51140.240000000005;51140.24000001033;51140.24000001034;7.275957614183426e-12;1.032458385452628e-08;1.0331859812140465e-08;eev,integrated,separated,ws;lintim;SiouxFalls;SiouxFalls;True;False;1e-05;6000;1;2;20;10;500;-5;50;0.75;2;55;50;10;10;16;1071;1071
12429034;72;g_000;1;1;38;line_consecutive;0.5;1072;1;34;1-2;12;51140.24;51140.24;51140.2400000097;51140.2400000097;0.0;9.698851499706508e-09;9.698851499706508e-09;eev,integrated,separated,ws;lintim;SiouxFalls;SiouxFalls;True;False;1e-05;6000;1;2;20;10;500;-5;50;0.75;2;55;50;10;10;16;1072;1072
12429034;73;g_000;1;1;38;line_consecutive;0.5;1073;1;35;21-22;13;51366.22499999999;51366.225;51366.22500001032;51366.22500001032;7.275957614183426e-12;1.032458385452628e-08;1.032458385452628e-08;eev,integrated,separated,ws;lintim;SiouxFalls;SiouxFalls;True;False;1e-05;6000;1;2;20;10;500;-5;50;0.75;2;55;50;10;10;16;1073;1073
12429034;74;g_000;1;1;38;line_consecutive;0.5;1074;1;36;14-15;14;51299.17;51299.17000000001;51299.17000001017;51299.17000001017;1.4551915228366852e-11;1.0157236829400064e-08;1.0157236829400064e-08;eev,integrated,separated,ws;lintim;SiouxFalls;SiouxFalls;True;False;1e-05;6000;1;2;20;10;500;-5;50;0.75;2;55;50;10;10;16;1074;1074
12429034;75;g_000;1;1;38;line_consecutive;0.5;1075;1;37;10-17;14;51299.17;51299.17000000001;51299.17000000792;51299.17000000792;1.4551915228366852e-11;7.908965926617384e-09;7.908965926617384e-09;eev,integrated,separated,ws;lintim;SiouxFalls;SiouxFalls;True;False;1e-05;6000;1;2;20;10;500;-5;50;0.75;2;55;50;10;10;16;1075;1075
12429034;76;g_000;1;1;38;line_consecutive;0.5;1076;2;0;11-12;1,7,8;54628.4;54678.665;54678.66499999013;54678.66499999013;50.26499999999942;-9.873474482446909e-09;-9.873474482446909e-09;eev,integrated,separated,ws;lintim;SiouxFalls;SiouxFalls;True;False;1e-05;6000;1;2;20;10;5000;-5;50;0.75;2;55;50;10;10;16;1076;1076
12429034;77;g_000;1;1;38;line_consecutive;0.5;1077;2;1;10-11;1,7,10;54648.23;54816.78499999998;54816.785000010364;54816.78499704279;168.55499999997846;1.0382791515439749e-08;-2.9571892810054123e-06;eev,integrated,separated,ws;lintim;SiouxFalls;SiouxFalls;True;False;1e-05;6000;1;2;20;10;5000;-5;50;0.75;2;55;50;10;10;16;1077;1077
12429034;78;g_000;1;1;38;line_consecutive;0.5;1078;2;2;10-16;1,10;53026.975;53210.670000000006;53298.67000001033;53298.67000001033;183.69500000000696;88.00000001032458;88.00000001032458;eev,integrated,separated,ws;lintim;SiouxFalls;SiouxFalls;True;False;1e-05;6000;1;2;20;10;5000;-5;50;0.75;2;55;50;10;10;16;1078;1078
12429034;79;g_000;1;1;38;line_consecutive;0.5;1079;2;3;16-18;1;52363.85;52577.09999999992;52665.10000001032;52665.10000001032;213.24999999992;88.00000001040462;88.00000001040462;eev,integrated,separated,ws;lintim;SiouxFalls;SiouxFalls;True;False;1e-05;6000;1;2;20;10;5000;-5;50;0.75;2;55;50;10;10;16;1079;1079
12429034;80;g_000;1;1;38;line_consecutive;0.5;1080;2;4;2-6;2;57085.74500000032;57188.80500000001;57188.80500001292;57188.80500001292;103.0599999996848;1.2914824765175581e-08;1.2914824765175581e-08;eev,integrated,separated,ws;lintim;SiouxFalls;SiouxFalls;True;False;1e-05;6000;1;2;20;10;5000;-5;50;0.75;2;55;50;10;10;16;1080;1080
12429034;81;g_000;1;1;38;line_consecutive;0.5;1081;2;5;6-8;2;57085.74499999885;57188.80500000001;57188.80500001034;57188.80500001034;103.06000000115456;1.0331859812140465e-08;1.0331859812140465e-08;eev,integrated,separated,ws;lintim;SiouxFalls;SiouxFalls;True;False;1e-05;6000;1;2;20;10;5000;-5;50;0.75;2;55;50;10;10;16;1081;1081
12429034;82;g_000;1;1;38;line_consecutive;0.5;1082;2;6;8-16;2,10,13;58259.08499999999;58526.370000000425;58526.370000081646;58791.76999999853;267.2850000004328;8.122151484712958e-08;265.39999999810243;eev,integrated,separated,ws;lintim;SiouxFalls;SiouxFalls;True;False;1e-05;6000;1;2;20;10;5000;-5;50;0.75;2;55;50;10;10;16;1082;1082
12429034;83;g_000;1;1;38;line_consecutive;0.5;1083;2;7;16-17;2,13;57980.58499999999;58083.64500000048;58083.645000009245;58591.38;103.06000000048516;8.767528925091028e-09;507.7349999995204;eev,integrated,separated,ws;lintim;SiouxFalls;SiouxFalls;True;False;1e-05;6000;1;2;20;10;5000;-5;50;0.75;2;55;50;10;10;16;1083;1083
12429034;84;g_000;1;1;38;line_consecutive;0.5;1084;2;8;17-19;2,13,14;63821.86499999999;64055.445;64055.44500001032;64393.96999998215;233.58000000000905;1.0317307896912098e-08;338.5249999821536;eev,integrated,separated,ws;lintim;SiouxFalls;SiouxFalls;True;False;1e-05;6000;1;2;20;10;5000;-5;50;0.75;2;55;50;10;10;16;1084;1084
12429034;85;g_000;1;1;38;line_consecutive;0.5;1085;2;9;19-20;2;57085.74500000094;57188.80500000001;57188.805000010325;57188.80500001033;103.05999999906636;1.0317307896912098e-08;1.032458385452628e-08;eev,integrated,separated,ws;lintim;SiouxFalls;SiouxFalls;True;False;1e-05;6000;1;2;20;10;5000;-5;50;0.75;2;55;50;10;10;16;1085;1085
12429034;86;g_000;1;1;38;line_consecutive;0.5;1086;2;10;3-4;3,4;56258.825;56384.789999999724;56384.790000007546;56384.79000000755;125.9649999997273;7.821654435247183e-09;7.828930392861366e-09;eev,integrated,separated,ws;lintim;SiouxFalls;SiouxFalls;True;False;1e-05;6000;1;2;20;10;5000;-5;50;0.75;2;55;50;10;10;16;1086;1086
12429034;87;g_000;1;1;38;line_consecutive;0.5;1087;2;11;4-5;3;51140.23999999944;51140.24;51140.24000001032;51140.24000001033;5.602487362921238e-10;1.032458385452628e-08;1.0331859812140465e-08;eev,integrated,separated,ws;lintim;SiouxFalls;SiouxFalls;True;False;1e-05;6000;1;2;20;10;5000;-5;50;0.75;2;55;50;10;10;16;1087;1087
12429034;88;g_000;1;1;38;line_consecutive;0.5;1088;2;12;5-9;3,9;51271.240000000005;51402.24000000001;51547.74000001034;51547.74000001034;131.00000000000728;145.50000001032458;145.50000001032458;eev,integrated,separated,ws;lintim;SiouxFalls;SiouxFalls;True;False;1e-05;6000;1;2;20;10;5000;-5;50;0.75;2;55;50;10;10;16;1088;1088
12429034;89;g_000;1;1;38;line_consecutive;0.5;1089;2;13;8-9;3,7;51140.24;51140.240000000005;51140.24000001032;51140.24000001032;7.275957614183426e-12;1.0317307896912098e-08;1.0317307896912098e-08;eev,integrated,separated,ws;lintim;SiouxFalls;SiouxFalls;True;False;1e-05;6000;1;2;20;10;5000;-5;50;0.75;2;55;50;10;10;16;1089;1089
12429034;90;g_000;1;1;38;line_consecutive;0.5;1090;2;14;7-8;3,7,11;51140.24;51140.24000000001;51140.24000001032;51140.24000001034;1.4551915228366852e-11;1.0310031939297916e-08;1.032458385452628e-08;eev,integrated,separated,ws;lintim;SiouxFalls;SiouxFalls;True;False;1e-05;6000;1;2;20;10;5000;-5;50;0.75;2;55;50;10;10;16;1090;1090
12429034;91;g_000;1;1;38;line_consecutive;0.5;1091;2;15;7-18;3,11;51140.24;51140.24;51140.24000001032;51140.24000001032;0.0;1.032458385452628e-08;1.032458385452628e-08;eev,integrated,separated,ws;lintim;SiouxFalls;SiouxFalls;True;False;1e-05;6000;1;2;20;10;5000;-5;50;0.75;2;55;50;10;10;16;1091;1091
12429034;92;g_000;1;1;38;line_consecutive;0.5;1092;2;16;1-3;4,8,12;67371.14;67451.40500000003;67478.73500000988;67478.73500000988;80.26500000002852;27.330000009853396;27.330000009853396;eev,integrated,separated,ws;lintim;SiouxFalls;SiouxFalls;True;False;1e-05;6000;1;2;20;10;5000;-5;50;0.75;2;55;50;10;10;16;1092;1092
12429034;93;g_000;1;1;38;line_consecutive;0.5;1093;2;17;4-11;4;53779.75;53949.64000000001;53949.64000001033;53949.64000001033;169.8900000000067;1.032458385452628e-08;1.032458385452628e-08;eev,integrated,separated,ws;lintim;SiouxFalls;SiouxFalls;True;False;1e-05;6000;1;2;20;10;5000;-5;50;0.75;2;55;50;10;10;16;1093;1093
12429034;94;g_000;1;1;38;line_consecutive;0.5;1094;2;18;11-14;4,8,10;56195.02500000001;56351.58500000017;56351.58500001034;56351.58500001034;156.56000000015774;1.0171788744628431e-08;1.0171788744628431e-08;eev,integrated,separated,ws;lintim;SiouxFalls;SiouxFalls;True;False;1e-05;6000;1;2;20;10;5000;-5;50;0.75;2;55;50;10;10;16;1094;1094
12429034;95;g_000;1;1;38;line_consecutive;0.5;1095;2;19;14-23;4,10;55020.24999999994;55151.250000000015;55151.25000001033;55151.25000001033;131.00000000007276;1.0317307896912098e-08;1.0317307896912098e-08;eev,integrated,separated,ws;lintim;SiouxFalls;SiouxFalls;True;False;1e-05;6000;1;2;20;10;5000;-5;50;0.75;2;55;50;10;10;16;1095;1095
12429034;96;g_000;1;1;38;line_consecutive;0.5;1096;2;20;23-24;4;53779.75;53949.64000000001;53949.64000000694;53949.64000000694;169.8900000000067;6.933987606316805e-09;6.933987606316805e-09;eev,integrated,separated,ws;lintim;SiouxFalls;SiouxFalls;True;False;1e-05;6000;1;2;20;10;5000;-5;50;0.75;2;55;50;10;10;16;1096;1096
12429034;97;g_000;1;1;38;line_consecutive;0.5;1097;2;21;10-15;5,9;51825.83499999965;51956.83499999852;52102.33500001032;52102.33500001033;130.99999999887223;145.50000001179433;145.50000001180888;eev,integrated,separated,ws;lintim;SiouxFalls;SiouxFalls;True;False;1e-05;6000;1;2;20;10;5000;-5;50;0.75;2;55;50;10;10;16;1097;1097
12429034;98;g_000;1;1;38;line_consecutive;0.5;1098;2;22;15-22;5,13;53051.55500000082;53051.55500000002;53051.55499999398;53051.554999994;-8.003553375601767e-10;-6.0390448197722435e-09;-6.0244929045438775e-09;eev,integrated,separated,ws;lintim;SiouxFalls;SiouxFalls;True;False;1e-05;6000;1;2;20;10;5000;-5;50;0.75;2;55;50;10;10;16;1098;1098
12429034;99;g_000;1;1;38;line_consecutive;0.5;1099;2;23;22-23;5;51568.595;51568.59498133303;51568.59500001033;51568.59500001033;-1.866697130026296e-05;1.8677303160075095e-05;1.8677303160075095e-05;eev,integrated,separated,ws;lintim;SiouxFalls;SiouxFalls;True;False;1e-05;6000;1;2;20;10;5000;-5;50;0.75;2;55;50;10;10;16;1099;1099
12429034;100;g_000;1;1;38;line_consecutive;0.5;1100;2;24;13-24;6;52989.67;53090.61000000001;53090.61000001033;53090.61000001033;100.9400000000096;1.032458385452628e-08;1.032458385452628e-08;eev,integrated,separated,ws;lintim;SiouxFalls;SiouxFalls;True;False;1e-05;6000;1;2;20;10;5000;-5;50;0.75;2;55;50;10;10;16;1100;1100
12429034;101;g_000;1;1;38;line_consecutive;0.5;1101;2;25;21-24;6;52989.67000000082;53090.61000000091;53090.61000000827;53090.61000000828;100.94000000008964;7.363269105553627e-09;7.370545063167809e-09;eev,integrated,separated,ws;lintim;SiouxFalls;SiouxFalls;True;False;1e-05;6000;1;2;20;10;5000;-5;50;0.75;2;55;50;10;10;16;1101;1101
12429034;102;g_000;1;1;38;line_consecutive;0.5;1102;2;26;20-21;6;52989.67;53090.61000000001;53090.61000001033;53090.61000001033;100.9400000000096;1.032458385452628e-08;1.032458385452628e-08;eev,integrated,separated,ws;lintim;SiouxFalls;SiouxFalls;True;False;1e-05;6000;1;2;20;10;5000;-5;50;0.75;2;55;50;10;10;16;1102;1102
12429034;103;g_000;1;1;38;line_consecutive;0.5;1103;2;27;9-10;7,9;51736.895;51736.894999999095;51736.89500000967;51736.89500000967;-9.022187441587447e-10;1.0571966413408518e-08;1.0571966413408518e-08;eev,integrated,separated,ws;lintim;SiouxFalls;SiouxFalls;True;False;1e-05;6000;1;2;20;10;5000;-5;50;0.75;2;55;50;10;10;16;1103;1103
12429034;104;g_000;1;1;38;line_consecutive;0.5;1104;2;28;3-12;8,12;51140.23999999999;51140.24000000569;51140.24000001032;51140.24000001032;5.6970748119056225e-09;4.634785000234842e-09;4.634785000234842e-09;eev,integrated,separated,ws;lintim;SiouxFalls;SiouxFalls;True;False;1e-05;6000;1;2;20;10;5000;-5;50;0.75;2;55;50;10;10;16;1104;1104
12429034;105;g_000;1;1;38;line_consecutive;0.5;1105;2;29;5-6;9;51271.239999998754;51402.24;51547.74000001032;51547.74000001033;131.0000000012442;145.50000001032458;145.50000001033186;eev,integrated,separated,ws;lintim;SiouxFalls;SiouxFalls;True;False;1e-05;6000;1;2;20;10;5000;-5;50;0.75;2;55;50;10;10;16;1105;1105
12429034;106;g_000;1;1;38;line_consecutive;0.5;1106;2;30;15-19;9,13,14;51717.97;51875.29499999912;51920.5950000094;51920.5950000094;157.3249999991167;45.30000001028384;45.30000001028384;eev,integrated,separated,ws;lintim;SiouxFalls;SiouxFalls;True;False;1e-05;6000;1;2;20;10;5000;-5;50;0.75;2;55;50;10;10;16;1106;1106
12429034;107;g_000;1;1;38;line_consecutive;0.5;1107;2;31;20-22;11;51140.23999999999;51140.240000000005;51140.24000000715;51140.240000007165;1.4551915228366852e-11;7.144990377128124e-09;7.159542292356491e-09;eev,integrated,separated,ws;lintim;SiouxFalls;SiouxFalls;True;False;1e-05;6000;1;2;20;10;5000;-5;50;0.75;2;55;50;10;10;16;1107;1107
12429034;108;g_000;1;1;38;line_consecutive;0.5;1108;2;32;18-20;11;51140.23999999999;51140.24000000076;51140.23999999974;51140.23999999974;7.71251507103443e-10;-1.0186340659856794e-09;-1.0186340659856794e-09;eev,integrated,separated,ws;lintim;SiouxFalls;SiouxFalls;True;False;1e-05;6000;1;2;20;10;5000;-5;50;0.75;2;55;50;10;10;16;1108;1108
12429034;109;g_000;1;1;38;line_consecutive;0.5;1109;2;33;12-13;12;51140.23999999999;51140.240000000005;51140.24000001032;51140.24000001033;1.4551915228366852e-11;1.0317307896912098e-08;1.032458385452628e-08;eev,integrated,separated,ws;lintim;SiouxFalls;SiouxFalls;True;False;1e-05;6000;1;2;20;10;5000;-5;50;0.75;2;55;50;10;10;16;1109;1109
12429034;110;g_000;1;1;38;line_consecutive;0.5;1110;2;34;1-2;12;51140.24;51140.24000000001;51140.24000001032;51140.24000001033;1.4551915228366852e-11;1.0310031939297916e-08;1.0317307896912098e-08;eev,integrated,separated,ws;lintim;SiouxFalls;SiouxFalls;True;False;1e-05;6000;1;2;20;10;5000;-5;50;0.75;2;55;50;10;10;16;1110;1110
12429034;111;g_000;1;1;38;line_consecutive;0.5;1111;2;35;21-22;13;51366.22499999999;51366.225;51366.22500001033;51366.22500001032;7.275957614183426e-12;1.0331859812140465e-08;1.032458385452628e-08;eev,integrated,separated,ws;lintim;SiouxFalls;SiouxFalls;True;False;1e-05;6000;1;2;20;10;5000;-5;50;0.75;2;55;50;10;10;16;1111;1111
12429034;112;g_000;1;1;38;line_consecutive;0.5;1112;2;36;14-15;14;51299.17;51299.17000000001;51299.16999999985;51299.16999999985;1.4551915228366852e-11;-1.6007106751203534e-10;-1.6007106751203534e-10;eev,integrated,separated,ws;lintim;SiouxFalls;SiouxFalls;True;False;1e-05;6000;1;2;20;10;5000;-5;50;0.75;2;55;50;10;10;16;1112;1112
12429034;113;g_000;1;1;38;line_consecutive;0.5;1113;2;37;10-17;14;51299.17;51299.17000000012;51299.17000000934;51299.17000000934;1.2369127944111824e-10;9.2186382971704e-09;9.2186382971704e-09;eev,integrated,separated,ws;lintim;SiouxFalls;SiouxFalls;True;False;1e-05;6000;1;2;20;10;5000;-5;50;0.75;2;55;50;10;10;16;1113;1113
12429034;114;g_000;1;1;38;line_consecutive;0.5;1114;3;0;11-12;1,7,8;54052.405;54173.30000000001;54181.37999999999;54181.38;120.89500000001136;8.079999999979918;8.079999999987194;eev,integrated,separated,ws;lintim;SiouxFalls;SiouxFalls;True;False;1e-05;6000;1;2;20;100;50;-5;50;0.75;2;55;50;10;10;16;1114;1114
12429034;115;g_000;1;1;38;line_consecutive;0.5;1115;3;1;10-11;1,7,10;54453.59;54770.57;55015.28500000131;55015.28499703373;316.9800000000032;244.71500000131343;244.71499703372683;eev,integrated,separated,ws;lintim;SiouxFalls;SiouxFalls;True;False;1e-05;6000;1;2;20;100;50;-5;50;0.75;2;55;50;10;10;16;1115;1115
12429034;116;g_000;1;1;38;line_consecutive;0.5;1116;3;2;10-16;1,10;52575.8;52769.360000000015;53057.625;53057.625;193.56000000001225;288.26499999998487;288.26499999998487;eev,integrated,separated,ws;lintim;SiouxFalls;SiouxFalls;True;False;1e-05;6000;1;2;20;100;50;-5;50;0.75;2;55;50;10;10;16;1116;1116
12429034;117;g_000;1;1;38;line_consecutive;0.5;1117;3;3;16-18;1;52157.78;52326.160000000986;53155.53999999999;53155.53999999999;168.3800000009869;829.3799999990079;829.3799999990079;eev,integrated,separated,ws;lintim;SiouxFalls;SiouxFalls;True;False;1e-05;6000;1;2;20;100;50;-5;50;0.75;2;55;50;10;10;16;1117;1117
12429034;118;g_000;1;1;38;line_consecutive;0.5;1118;3;4;2-6;2;56301.515;56828.935000000005;57250.015;57250.015;527.4200000000055;421.07999999999447;421.07999999999447;eev,integrated,separated,ws;lintim;SiouxFalls;SiouxFalls;True;False;1e-05;6000;1;2;20;100;50;-5;50;0.75;2;55;50;10;10;16;1118;1118
12429034;119;g_000;1;1;38;line_consecutive;0.5;1119;3;5;6-8;2;54511.31999999999;54734.240000000005;54734.23999999999;54734.24;222.9200000000128;-1.4551915228366852e-11;-7.275957614183426e-12;eev,integrated,separated,ws;lintim;SiouxFalls;SiouxFalls;True;False;1e-05;6000;1;2;20;100;50;-5;50;0.75;2;55;50;10;10;16;1119;1119
12429034;120;g_000;1;1;38;line_consecutive;0.5;1120;3;6;8-16;2,10,13;54302.03999999999;54782.66000000001;54829.449999999335;54926.95999999999;480.6200000000172;46.78999999932421;144.29999999998108;eev,integrated,separated,ws;lintim;SiouxFalls;SiouxFalls;True;False;1e-05;6000;1;2;20;100;50;-5;50;0.75;2;55;50;10;10;16;1120;1120
12429034;121;g_000;1;1;38;line_consecutive;0.5;1121;3;7;16-17;2,13;53654.100000000006;53972.98000004559;54117.87999999999;54054.11998931347;318.88000004558126;144.89999995440303;81.1399892678819;eev,integrated,separated,ws;lintim;SiouxFalls;SiouxFalls;True;False;1e-05;6000;1;2;20;100;50;-5;50;0.75;2;55;50;10;10;16;1121;1121
12429034;122;g_000;1;1;38;line_consecutive;0.5;1122;3;8;17-19;2,13,14;58047.56;59129.29;59358.28;60384.76;1081.7300000000032;228.989999999998;1255.4700000000012;eev,integrated,separated,ws;lintim;SiouxFalls;SiouxFalls;True;False;1e-05;6000;1;2;20;100;50;-5;50;0.75;2;55;50;10;10;16;1122;1122
12429034;123;g_000;1;1;38;line_consecutive;0.5;1123;3;9;19-20;2;53649.965;53850.005;53850.00499999999;53850.005;200.04000000000087;-7.275957614183426e-12;0.0;eev,integrated,separated,ws;lintim;SiouxFalls;SiouxFalls;True;False;1e-05;6000;1;2;20;100;50;-5;50;0.75;2;55;50;10;10;16;1123;1123
12429034;124;g_000;1;1;38;line_consecutive;0.5;1124;3;10;3-4;3,4;53129.36;53451.425;53474.02;53474.02;322.0650000000023;22.594999999993888;22.594999999993888;eev,integrated,separated,ws;lintim;SiouxFalls;SiouxFalls;True;False;1e-05;6000;1;2;20;100;50;-5;50;0.75;2;55;50;10;10;16;1124;1124
12429034;125;g_000;1;1;38;line_consecutive;0.5;1125;3;11;4-5;3;51140.24;51140.24000000001;51140.23999999999;51140.24;1.4551915228366852e-11;-2.182787284255028e-11;-1.4551915228366852e-11;eev,integrated,separated,ws;lintim;SiouxFalls;SiouxFalls;True;False;1e-05;6000;1;2;20;100;50;-5;50;0.75;2;55;50;10;10;16;1125;1125
12429034;126;g_000;1;1;38;line_consecutive;0.5;1126;3;12;5-9;3,9;51271.240000000005;51402.240000000005;51460.23999999999;51460.240000000005;131.0;57.99999999998545;58.0;eev,integrated,separated,ws;lintim;SiouxFalls;SiouxFalls;True;False;1e-05;6000;1;2;20;100;50;-5;50;0.75;2;55;50;10;10;16;1126;1126
12429034;127;g_000;1;1;38;line_consecutive;0.5;1127;3;13;8-9;3,7;51140.23999999999;51140.24;51140.23999999999;51140.23999999999;7.275957614183426e-12;-7.275957614183426e-12;-7.275957614183426e-12;eev,integrated,separated,ws;lintim;SiouxFalls;SiouxFalls;True;False;1e-05;6000;1;2;20;100;50;-5;50;0.75;2;55;50;10;10;16;1127;1127
12429034;128;g_000;1;1;38;line_consecutive;0.5;1128;3;14;7-8;3,7,11;51140.23999999999;51140.24;51140.23999999999;51140.240000000005;7.275957614183426e-12;-7.275957614183426e-12;7.275957614183426e-12;eev,integrated,separated,ws;lintim;SiouxFalls;SiouxFalls;True;False;1e-05;6000;1;2;20;100;50;-5;50;0.75;2;55;50;10;10;16;1128;1128
12429034;129;g_000;1;1;38;line_consecutive;0.5;1129;3;15;7-18;3,11;51140.24;51140.240000000005;51140.23999999999;51140.23999999999;7.275957614183426e-12;-1.4551915228366852e-11;-1.4551915228366852e-11;eev,integrated,separated,ws;lintim;SiouxFalls;SiouxFalls;True;False;1e-05;6000;1;2;20;100;50;-5;50;0.75;2;55;50;10;10;16;1129;1129
12429034;130;g_000;1;1;38;line_consecutive;0.5;1130;3;16;1-3;4,8,12;54311.90999999999;54823.89500000001;55482.06999999999;55482.06999999999;511.9850000000224;658.1749999999811;658.1749999999811;eev,integrated,separated,ws;lintim;SiouxFalls;SiouxFalls;True;False;1e-05;6000;1;2;20;100;50;-5;50;0.75;2;55;50;10;10;16;1130;1130
12429034;131;g_000;1;1;38;line_consecutive;0.5;1131;3;17;4-11;4;52532.07500000008;52887.350000000006;52887.34999999999;52887.35;355.2749999999287;-1.4551915228366852e-11;-7.275957614183426e-12;eev,integrated,separated,ws;lintim;SiouxFalls;SiouxFalls;True;False;1e-05;6000;1;2;20;100;50;-5;50;0.75;2;55;50;10;10;16;1131;1131
12429034;132;g_000;1;1;38;line_consecutive;0.5;1132;3;18;11-14;4,8,10;53090.825;53256.83499999988;53566.22;53566.22;166.00999999988562;309.38500000011845;309.38500000011845;eev,integrated,separated,ws;lintim;SiouxFalls;SiouxFalls;True;False;1e-05;6000;1;2;20;100;50;-5;50;0.75;2;55;50;10;10;16;1132;1132
12429034;133;g_000;1;1;38;line_consecutive;0.5;1133;3;19;14-23;4,10;52953.05;53063.34;53180.03;53180.03;110.2899999999936;116.69000000000231;116.69000000000231;eev,integrated,separated,ws;lintim;SiouxFalls;SiouxFalls;True;False;1e-05;6000;1;2;20;100;50;-5;50;0.75;2;55;50;10;10;16;1133;1133
12429034;134;g_000;1;1;38;line_consecutive;0.5;1134;3;20;23-24;4;52786.295;52786.295000000006;52786.295;52786.295;7.275957614183426e-12;-7.275957614183426e-12;-7.275957614183426e-12;eev,integrated,separated,ws;lintim;SiouxFalls;SiouxFalls;True;False;1e-05;6000;1;2;20;100;50;-5;50;0.75;2;55;50;10;10;16;1134;1134
12429034;135;g_000;1;1;38;line_consecutive;0.5;1135;3;21;10-15;5,9;51822.3;51953.29999999983;52096.485;52096.485;130.99999999982538;143.1850000001723;143.1850000001723;eev,integrated,separated,ws;lintim;SiouxFalls;SiouxFalls;True;False;1e-05;6000;1;2;20;100;50;-5;50;0.75;2;55;50;10;10;16;1135;1135
12429034;136;g_000;1;1;38;line_consecutive;0.5;1136;3;22;15-22;5,13;52299.285;52299.285;52299.285;52299.285;0.0;0.0;0.0;eev,integrated,separated,ws;lintim;SiouxFalls;SiouxFalls;True;False;1e-05;6000;1;2;20;100;50;-5;50;0.75;2;55;50;10;10;16;1136;1136
12429034;137;g_000;1;1;38;line_consecutive;0.5;1137;3;23;22-23;5;51556.475;51556.47500000001;51556.474999999584;51556.474999999584;1.4551915228366852e-11;-4.292814992368221e-10;-4.292814992368221e-10;eev,integrated,separated,ws;lintim;SiouxFalls;SiouxFalls;True;False;1e-05;6000;1;2;20;100;50;-5;50;0.75;2;55;50;10;10;16;1137;1137
12429034;138;g_000;1;1;38;line_consecutive;0.5;1138;3;24;13-24;6;52793.935;53112.88500000002;53266.905;53266.905;318.9500000000189;154.01999999998225;154.01999999998225;eev,integrated,separated,ws;lintim;SiouxFalls;SiouxFalls;True;False;1e-05;6000;1;2;20;100;50;-5;50;0.75;2;55;50;10;10;16;1138;1138
12429034;139;g_000;1;1;38;line_consecutive;0.5;1139;3;25;21-24;6;51788.19;51806.864999998674;51806.86499999999;51806.865;18.67499999867141;1.3169483281672e-09;1.3242242857813835e-09;eev,integrated,separated,ws;lintim;SiouxFalls;SiouxFalls;True;False;1e-05;6000;1;2;20;100;50;-5;50;0.75;2;55;50;10;10;16;1139;1139
12429034;140;g_000;1;1;38;line_consecutive;0.5;1140;3;26;20-21;6;51810.39;51842.640000045416;51842.64;51842.64;32.25000004541653;-4.5416527427732944e-08;-4.5416527427732944e-08;eev,integrated,separated,ws;lintim;SiouxFalls;SiouxFalls;True;False;1e-05;6000;1;2;20;100;50;-5;50;0.75;2;55;50;10;10;16;1140;1140
12429034;141;g_000;1;1;38;line_consecutive;0.5;1141;3;27;9-10;7,9;51773.54999999999;51812.600000000006;51812.59999999999;51812.600000000006;39.05000000001746;-1.4551915228366852e-11;0.0;eev,integrated,separated,ws;lintim;SiouxFalls;SiouxFalls;True;False;1e-05;6000;1;2;20;100;50;-5;50;0.75;2;55;50;10;10;16;1141;1141
12429034;142;g_000;1;1;38;line_consecutive;0.5;1142;3;28;3-12;8,12;51140.24;51140.24;51140.23999999999;51140.23999999999;0.0;-7.275957614183426e-12;-7.275957614183426e-12;eev,integrated,separated,ws;lintim;SiouxFalls;SiouxFalls;True;False;1e-05;6000;1;2;20;100;50;-5;50;0.75;2;55;50;10;10;16;1142;1142
12429034;143;g_000;1;1;38;line_consecutive;0.5;1143;3;29;5-6;9;51271.24;51402.240000000005;51460.23999999999;51460.24;131.00000000000728;57.99999999998545;57.99999999999272;eev,integrated,separated,ws;lintim;SiouxFalls;SiouxFalls;True;False;1e-05;6000;1;2;20;100;50;-5;50;0.75;2;55;50;10;10;16;1143;1143
12429034;144;g_000;1;1;38;line_consecutive;0.5;1144;3;30;15-19;9,13,14;51713.730000002135;52084.280000000006;52331.35999999999;52331.36;370.5499999978711;247.0799999999872;247.07999999999447;eev,integrated,separated,ws;lintim;SiouxFalls;SiouxFalls;True;False;1e-05;6000;1;2;20;100;50;-5;50;0.75;2;55;50;10;10;16;1144;1144
12429034;145;g_000;1;1;38;line_consecutive;0.5;1145;3;31;20-22;11;51140.23999999999;51140.240000000005;51140.23999999999;51140.240000000005;1.4551915228366852e-11;-1.4551915228366852e-11;0.0;eev,integrated,separated,ws;lintim;SiouxFalls;SiouxFalls;True;False;1e-05;6000;1;2;20;100;50;-5;50;0.75;2;55;50;10;10;16;1145;1145
12429034;146;g_000;1;1;38;line_consecutive;0.5;1146;3;32;18-20;11;51140.23999999999;51140.24;51140.23999999999;51140.240000000005;7.275957614183426e-12;-7.275957614183426e-12;7.275957614183426e-12;eev,integrated,separated,ws;lintim;SiouxFalls;SiouxFalls;True;False;1e-05;6000;1;2;20;100;50;-5;50;0.75;2;55;50;10;10;16;1146;1146
12429034;147;g_000;1;1;38;line_consecutive;0.5;1147;3;33;12-13;12;51140.24000000024;51140.240000000005;51140.23999999999;51140.24;-2.3283064365386963e-10;-1.4551915228366852e-11;-7.275957614183426e-12;eev,integrated,separated,ws;lintim;SiouxFalls;SiouxFalls;True;False;1e-05;6000;1;2;20;100;50;-5;50;0.75;2;55;50;10;10;16;1147;1147
12429034;148;g_000;1;1;38;line_consecutive;0.5;1148;3;34;1-2;12;51140.24;51140.24000000116;51140.23999999999;51140.24;1.164153218269348e-09;-1.1714291758835316e-09;-1.164153218269348e-09;eev,integrated,separated,ws;lintim;SiouxFalls;SiouxFalls;True;False;1e-05;6000;1;2;20;100;50;-5;50;0.75;2;55;50;10;10;16;1148;1148
12429034;149;g_000;1;1;38;line_consecutive;0.5;1149;3;35;21-22;13;51402.16;51568.76000000001;51568.76;51568.75999999999;166.60000000000582;-7.275957614183426e-12;-2.182787284255028e-11;eev,integrated,separated,ws;lintim;SiouxFalls;SiouxFalls;True;False;1e-05;6000;1;2;20;100;50;-5;50;0.75;2;55;50;10;10;16;1149;1149
12429034;150;g_000;1;1;38;line_consecutive;0.5;1150;3;36;14-15;14;51307.49999999991;51441.31500000001;51441.315;51441.315;133.81500000009692;-7.275957614183426e-12;-7.275957614183426e-12;eev,integrated,separated,ws;lintim;SiouxFalls;SiouxFalls;True;False;1e-05;6000;1;2;20;100;50;-5;50;0.75;2;55;50;10;10;16;1150;1150
12429034;151;g_000;1;1;38;line_consecutive;0.5;1151;3;37;10-17;14;51307.5;51474.76000000001;51581.34999999999;51581.34999999999;167.2600000000093;106.58999999998196;106.58999999998196;eev,integrated,separated,ws;lintim;SiouxFalls;SiouxFalls;True;False;1e-05;6000;1;2;20;100;50;-5;50;0.75;2;55;50;10;10;16;1151;1151
12429034;152;g_000;1;1;38;line_consecutive;0.5;1152;4;0;11-12;1,7,8;56175.34999999999;58967.18499999999;61470.47499999999;61470.475;2791.834999999999;2503.290000000001;2503.290000000008;eev,integrated,separated,ws;lintim;SiouxFalls;SiouxFalls;True;False;1e-05;6000;1;2;20;100;500;-5;50;0.75;2;55;50;10;10;16;1152;1152
12429034;153;g_000;1;1;38;line_consecutive;0.5;1153;4;1;10-11;1,7,10;56018.24999999999;57789.29000000001;62268.72499999999;62268.72499703241;1771.0400000000154;4479.434999999983;4479.434997032404;eev,integrated,separated,ws;lintim;SiouxFalls;SiouxFalls;True;False;1e-05;6000;1;2;20;100;500;-5;50;0.75;2;55;50;10;10;16;1153;1153
12429034;154;g_000;1;1;38;line_consecutive;0.5;1154;4;2;10-16;1,10;53747.605;54789.524999992456;59958.67;59958.67;1041.919999992453;5169.145000007542;5169.145000007542;eev,integrated,separated,ws;lintim;SiouxFalls;SiouxFalls;True;False;1e-05;6000;1;2;20;100;500;-5;50;0.75;2;55;50;10;10;16;1154;1154
12429034;155;g_000;1;1;38;line_consecutive;0.5;1155;4;3;16-18;1;52721.95999999999;53694.045000000006;58183.81999999999;58183.81999999999;972.0850000000136;4489.774999999987;4489.774999999987;eev,integrated,separated,ws;lintim;SiouxFalls;SiouxFalls;True;False;1e-05;6000;1;2;20;100;500;-5;50;0.75;2;55;50;10;10;16;1155;1155
12429034;156;g_000;1;1;38;line_consecutive;0.5;1156;4;4;2-6;2;59389.145;63208.56999999998;67040.38999999998;67040.38999999998;3819.424999999981;3831.820000000007;3831.820000000007;eev,integrated,separated,ws;lintim;SiouxFalls;SiouxFalls;True;False;1e-05;6000;1;2;20;100;500;-5;50;0.75;2;55;50;10;10;16;1156;1156
12429034;157;g_000;1;1;38;line_consecutive;0.5;1157;4;5;6-8;2;59389.145;61953.895;64943.45;64943.45;2564.75;2989.5550000000003;2989.5550000000003;eev,integrated,separated,ws;lintim;SiouxFalls;SiouxFalls;True;False;1e-05;6000;1;2;20;100;500;-5;50;0.75;2;55;50;10;10;16;1157;1157
12429034;158;g_000;1;1;38;line_consecutive;0.5;1158;4;6;8-16;2,10,13;60125.83;62700.55500000003;67317.03499999999;65403.69999999998;2574.725000000028;4616.47999999996;2703.144999999953;eev,integrated,separated,ws;lintim;SiouxFalls;SiouxFalls;True;False;1e-05;6000;1;2;20;100;500;-5;50;0.75;2;55;50;10;10;16;1158;1158
12429034;159;g_000;1;1;38;line_consecutive;0.5;1159;4;7;16-17;2,13;59840.87;62051.11500000001;64633.27000000527;64232.29499999999;2210.24500000001;2582.15500000526;2181.1799999999785;eev,integrated,separated,ws;lintim;SiouxFalls;SiouxFalls;True;False;1e-05;6000;1;2;20;100;500;-5;50;0.75;2;55;50;10;10;16;1159;1159
12429034;160;g_000;1;1;38;line_consecutive;0.5;1160;4;8;17-19;2,13,14;66425.705;69084.565;72317.89;71047.72499999999;2658.8600000000006;3233.324999999997;1963.159999999989;eev,integrated,separated,ws;lintim;SiouxFalls;SiouxFalls;True;False;1e-05;6000;1;2;20;100;500;-5;50;0.75;2;55;50;10;10;16;1160;1160
12429034;161;g_000;1;1;38;line_consecutive;0.5;1161;4;9;19-20;2;59389.145;62872.22;66223.37999999999;66223.38;3483.0750000000044;3351.159999999989;3351.1600000000035;eev,integrated,separated,ws;lintim;SiouxFalls;SiouxFalls;True;False;1e-05;6000;1;2;20;100;500;-5;50;0.75;2;55;50;10;10;16;1161;1161
12429034;162;g_000;1;1;38;line_consecutive;0.5;1162;4;10;3-4;3,4;57454.9;59257.74999999998;62755.83499999999;62755.835;1802.8499999999767;3498.0850000000137;3498.085000000021;eev,integrated,separated,ws;lintim;SiouxFalls;SiouxFalls;True;False;1e-05;6000;1;2;20;100;500;-5;50;0.75;2;55;50;10;10;16;1162;1162
12429034;163;g_000;1;1;38;line_consecutive;0.5;1163;4;11;4-5;3;51140.24;51140.24000000001;51140.23999999999;51140.24;1.4551915228366852e-11;-2.182787284255028e-11;-1.4551915228366852e-11;eev,integrated,separated,ws;lintim;SiouxFalls;SiouxFalls;True;False;1e-05;6000;1;2;20;100;500;-5;50;0.75;2;55;50;10;10;16;1163;1163
12429034;164;g_000;1;1;38;line_consecutive;0.5;1164;4;12;5-9;3,9;51271.24;51402.240000000005;53881.58;53881.58;131.00000000000728;2479.3399999999965;2479.3399999999965;eev,integrated,separated,ws;lintim;SiouxFalls;SiouxFalls;True;False;1e-05;6000;1;2;20;100;500;-5;50;0.75;2;55;50;10;10;16;1164;1164
12429034;165;g_000;1;1;38;line_consecutive;0.5;1165;4;13;8-9;3,7;51140.24;51140.23999999968;51140.23999999999;51140.23999999999;-3.2014213502407074e-10;3.1286617740988726e-10;3.1286617740988726e-10;eev,integrated,separated,ws;lintim;SiouxFalls;SiouxFalls;True;False;1e-05;6000;1;2;20;100;500;-5;50;0.75;2;55;50;10;10;16;1165;1165
12429034;166;g_000;1;1;38;line_consecutive;0.5;1166;4;14;7-8;3,7,11;51140.240000000005;51140.24000000001;51140.23999999999;51140.240000000005;7.275957614183426e-12;-2.182787284255028e-11;-7.275957614183426e-12;eev,integrated,separated,ws;lintim;SiouxFalls;SiouxFalls;True;False;1e-05;6000;1;2;20;100;500;-5;50;0.75;2;55;50;10;10;16;1166;1166
12429034;167;g_000;1;1;38;line_consecutive;0.5;1167;4;15;7-18;3,11;51140.240000000005;51140.24000000001;51140.23999999999;51140.23999999999;7.275957614183426e-12;-2.182787284255028e-11;-2.182787284255028e-11;eev,integrated,separated,ws;lintim;SiouxFalls;SiouxFalls;True;False;1e-05;6000;1;2;20;100;500;-5;50;0.75;2;55;50;10;10;16;1167;1167
12429034;168;g_000;1;1;38;line_consecutive;0.5;1168;4;16;1-3;4,8,12;65494.04499999953;66341.09499999929;68382.72499999999;68382.725;847.0499999997555;2041.6300000007031;2041.6300000007177;eev,integrated,separated,ws;lintim;SiouxFalls;SiouxFalls;True;False;1e-05;6000;1;2;20;100;500;-5;50;0.75;2;55;50;10;10;16;1168;1168
12429034;169;g_000;1;1;38;line_consecutive;0.5;1169;4;17;4-11;4;54638.49;56904.34000000001;61242.575;61242.575;2265.850000000013;4338.234999999986;4338.234999999986;eev,integrated,separated,ws;lintim;SiouxFalls;SiouxFalls;True;False;1e-05;6000;1;2;20;100;500;-5;50;0.75;2;55;50;10;10;16;1169;1169
12429034;170;g_000;1;1;38;line_consecutive;0.5;1170;4;18;11-14;4,8,10;57943.785;60248.12499999981;64284.53;64284.53;2304.339999999808;4036.405000000188;4036.405000000188;eev,integrated,separated,ws;lintim;SiouxFalls;SiouxFalls;True;False;1e-05;6000;1;2;20;100;500;-5;50;0.75;2;55;50;10;10;16;1170;1170
12429034;171;g_000;1;1;38;line_consecutive;0.5;1171;4;19;14-23;4,10;56512.49;58594.885;61575.14499999999;61575.145;2082.395000000004;2980.2599999999875;2980.2599999999948;eev,integrated,separated,ws;lintim;SiouxFalls;SiouxFalls;True;False;1e-05;6000;1;2;20;100;500;-5;50;0.75;2;55;50;10;10;16;1171;1171
12429034;172;g_000;1;1;38;line_consecutive;0.5;1172;4;20;23-24;4;54638.490000000005;56904.34;60608.295;60608.295;2265.8499999999917;3703.9550000000017;3703.9550000000017;eev,integrated,separated,ws;lintim;SiouxFalls;SiouxFalls;True;False;1e-05;6000;1;2;20;100;500;-5;50;0.75;2;55;50;10;10;16;1172;1172
12429034;173;g_000;1;1;38;line_consecutive;0.5;1173;4;21;10-15;5,9;52242.85999999993;52460.835000000014;54935.705;54935.705;217.97500000008583;2474.869999999988;2474.869999999988;eev,integrated,separated,ws;lintim;SiouxFalls;SiouxFalls;True;False;1e-05;6000;1;2;20;100;500;-5;50;0.75;2;55;50;10;10;16;1173;1173
12429034;174;g_000;1;1;38;line_consecutive;0.5;1174;4;22;15-22;5,13;53700.28499999999;54622.54500000002;55131.31;55131.31;922.2600000000313;508.7649999999776;508.7649999999776;eev,integrated,separated,ws;lintim;SiouxFalls;SiouxFalls;True;False;1e-05;6000;1;2;20;100;500;-5;50;0.75;2;55;50;10;10;16;1174;1174
12429034;175;g_000;1;1;38;line_consecutive;0.5;1175;4;23;22-23;5;51792.38;52072.595000000016;52072.595;52072.595;280.21500000001834;-1.4551915228366852e-11;-1.4551915228366852e-11;eev,integrated,separated,ws;lintim;SiouxFalls;SiouxFalls;True;False;1e-05;6000;1;2;20;100;500;-5;50;0.75;2;55;50;10;10;16;1175;1175
12429034;176;g_000;1;1;38;line_consecutive;0.5;1176;4;24;13-24;6;53707.67;54236.72000000001;55758.295;55758.295;529.0500000000102;1521.5749999999898;1521.5749999999898;eev,integrated,separated,ws;lintim;SiouxFalls;SiouxFalls;True;False;1e-05;6000;1;2;20;100;500;-5;50;0.75;2;55;50;10;10;16;1176;1176
12429034;177;g_000;1;1;38;line_consecutive;0.5;1177;4;25;21-24;6;53707.67;54236.72;55758.29499999999;55758.295;529.0500000000029;1521.5749999999898;1521.574999999997;eev,integrated,separated,ws;lintim;SiouxFalls;SiouxFalls;True;False;1e-05;6000;1;2;20;100;500;-5;50;0.75;2;55;50;10;10;16;1177;1177
12429034;178;g_000;1;1;38;line_consecutive;0.5;1178;4;26;20-21;6;53707.67;54236.72000006447;55550.83499999999;55550.835;529.0500000644752;1314.1149999355184;1314.1149999355257;eev,integrated,separated,ws;lintim;SiouxFalls;SiouxFalls;True;False;1e-05;6000;1;2;20;100;500;-5;50;0.75;2;55;50;10;10;16;1178;1178
12429034;179;g_000;1;1;38;line_consecutive;0.5;1179;4;27;9-10;7,9;51773.55;52406.86000000001;54069.65999999999;54069.66;633.310000000005;1662.799999999981;1662.7999999999956;eev,integrated,separated,ws;lintim;SiouxFalls;SiouxFalls;True;False;1e-05;6000;1;2;20;100;500;-5;50;0.75;2;55;50;10;10;16;1179;1179
12429034;180;g_000;1;1;38;line_consecutive;0.5;1180;4;28;3-12;8,12;51140.23999999999;51140.24;51140.23999999999;51140.23999999999;7.275957614183426e-12;-7.275957614183426e-12;-7.275957614183426e-12;eev,integrated,separated,ws;lintim;SiouxFalls;SiouxFalls;True;False;1e-05;6000;1;2;20;100;500;-5;50;0.75;2;55;50;10;10;16;1180;1180
12429034;181;g_000;1;1;38;line_consecutive;0.5;1181;4;29;5-6;9;51271.23999999999;51402.24000000001;53881.58;53881.58;131.00000000002183;2479.339999999989;2479.339999999989;eev,integrated,separated,ws;lintim;SiouxFalls;SiouxFalls;True;False;1e-05;6000;1;2;20;100;500;-5;50;0.75;2;55;50;10;10;16;1181;1181
12429034;182;g_000;1;1;38;line_consecutive;0.5;1182;4;30;15-19;9,13,14;51730.35;52320.46000000001;55811.285;55811.285;590.1100000000079;3490.824999999997;3490.824999999997;eev,integrated,separated,ws;lintim;SiouxFalls;SiouxFalls;True;False;1e-05;6000;1;2;20;100;500;-5;50;0.75;2;55;50;10;10;16;1182;1182
12429034;183;g_000;1;1;38;line_consecutive;0.5;1183;4;31;20-22;11;51140.24;51140.24000000001;51140.23999999999;51140.240000000005;1.4551915228366852e-11;-2.182787284255028e-11;-7.275957614183426e-12;eev,integrated,separated,ws;lintim;SiouxFalls;SiouxFalls;True;False;1e-05;6000;1;2;20;100;500;-5;50;0.75;2;55;50;10;10;16;1183;1183
12429034;184;g_000;1;1;38;line_consecutive;0.5;1184;4;32;18-20;11;51140.24;51140.24;51140.23999999999;51140.240000000005;0.0;-7.275957614183426e-12;7.275957614183426e-12;eev,integrated,separated,ws;lintim;SiouxFalls;SiouxFalls;True;False;1e-05;6000;1;2;20;100;500;-5;50;0.75;2;55;50;10;10;16;1184;1184
12429034;185;g_000;1;1;38;line_consecutive;0.5;1185;4;33;12-13;12;51140.23999999999;51140.24000000001;51140.23999999999;51140.24;2.182787284255028e-11;-2.182787284255028e-11;-1.4551915228366852e-11;eev,integrated,separated,ws;lintim;SiouxFalls;SiouxFalls;True;False;1e-05;6000;1;2;20;100;500;-5;50;0.75;2;55;50;10;10;16;1185;1185
12429034;186;g_000;1;1;38;line_consecutive;0.5;1186;4;34;1-2;12;51140.23999999999;51140.24000000001;51140.23999999999;51140.24;2.182787284255028e-11;-2.182787284255028e-11;-1.4551915228366852e-11;eev,integrated,separated,ws;lintim;SiouxFalls;SiouxFalls;True;False;1e-05;6000;1;2;20;100;500;-5;50;0.75;2;55;50;10;10;16;1186;1186
12429034;187;g_000;1;1;38;line_consecutive;0.5;1187;4;35;21-22;13;51402.16000000005;51664.07999997895;52140.22499999999;52140.22499999999;261.91999997890525;476.14500002103887;476.14500002103887;eev,integrated,separated,ws;lintim;SiouxFalls;SiouxFalls;True;False;1e-05;6000;1;2;20;100;500;-5;50;0.75;2;55;50;10;10;16;1187;1187
12429034;188;g_000;1;1;38;line_consecutive;0.5;1188;4;36;14-15;14;51307.5;51474.76000000001;51976.87;51976.87;167.2600000000093;502.1099999999933;502.1099999999933;eev,integrated,separated,ws;lintim;SiouxFalls;SiouxFalls;True;False;1e-05;6000;1;2;20;100;500;-5;50;0.75;2;55;50;10;10;16;1188;1188
12429034;189;g_000;1;1;38;line_consecutive;0.5;1189;4;37;10-17;14;51307.5;51474.76000000001;51976.87;51976.87;167.2600000000093;502.1099999999933;502.1099999999933;eev,integrated,separated,ws;lintim;SiouxFalls;SiouxFalls;True;False;1e-05;6000;1;2;20;100;500;-5;50;0.75;2;55;50;10;10;16;1189;1189
12429034;190;g_000;1;1;38;line_consecutive;0.5;1190;5;0;11-12;1,7,8;56175.34999999999;58967.18500000005;61470.47508030756;61470.47508030756;2791.8350000000573;2503.29008030751;2503.29008030751;eev,integrated,separated,ws;lintim;SiouxFalls;SiouxFalls;True;False;1e-05;6000;1;2;20;100;5000;-5;50;0.75;2;55;50;10;10;16;1190;1190
12429034;191;g_000;1;1;38;line_consecutive;0.5;1191;5;1;10-11;1,7,10;56018.24999999993;57789.28999999999;62268.72499999999;62268.72499703241;1771.0400000000664;4479.434999999998;4479.434997032418;eev,integrated,separated,ws;lintim;SiouxFalls;SiouxFalls;True;False;1e-05;6000;1;2;20;100;5000;-5;50;0.75;2;55;50;10;10;16;1191;1191
12429034;192;g_000;1;1;38;line_consecutive;0.5;1192;5;2;10-16;1,10;53747.605;54789.52499999967;59958.67;59958.67;1041.9199999996636;5169.145000000332;5169.145000000332;eev,integrated,separated,ws;lintim;SiouxFalls;SiouxFalls;True;False;1e-05;6000;1;2;20;100;5000;-5;50;0.75;2;55;50;10;10;16;1192;1192
12429034;193;g_000;1;1;38;line_consecutive;0.5;1193;5;3;16-18;1;52721.96;53694.045;58183.81999999999;58183.81999999999;972.0849999999992;4489.774999999994;4489.774999999994;eev,integrated,separated,ws;lintim;SiouxFalls;SiouxFalls;True;False;1e-05;6000;1;2;20;100;5000;-5;50;0.75;2;55;50;10;10;16;1193;1193
12429034;194;g_000;1;1;38;line_consecutive;0.5;1194;5;4;2-6;2;59389.145;63208.57000002382;67040.38999999998;67040.38999999998;3819.425000023824;3831.819999976164;3831.819999976164;eev,integrated,separated,ws;lintim;SiouxFalls;SiouxFalls;True;False;1e-05;6000;1;2;20;100;5000;-5;50;0.75;2;55;50;10;10;16;1194;1194
12429034;195;g_000;1;1;38;line_consecutive;0.5;1195;5;5;6-8;2;59389.14499999999;63208.57;67040.3899062491;67040.3899062491;3819.42500000001;3831.8199062490967;3831.8199062490967;eev,integrated,separated,ws;lintim;SiouxFalls;SiouxFalls;True;False;1e-05;6000;1;2;20;100;5000;-5;50;0.75;2;55;50;10;10;16;1195;1195
12429034;196;g_000;1;1;38;line_consecutive;0.5;1196;5;6;8-16;2,10,13;60644.30500000001;64969.82000000004;72325.65999999699;70717.91999999998;4325.515000000036;7355.839999996948;5748.09999999994;eev,integrated,separated,ws;lintim;SiouxFalls;SiouxFalls;True;False;1e-05;6000;1;2;20;100;5000;-5;50;0.75;2;55;50;10;10;16;1196;1196
12429034;197;g_000;1;1;38;line_consecutive;0.5;1197;5;7;16-17;2,13;60332.79000000001;64392.35999999999;70023.0299999965;70394.35999999999;4059.569999999985;5630.669999996513;6001.999999999993;eev,integrated,separated,ws;lintim;SiouxFalls;SiouxFalls;True;False;1e-05;6000;1;2;20;100;5000;-5;50;0.75;2;55;50;10;10;16;1197;1197
12429034;198;g_000;1;1;38;line_consecutive;0.5;1198;5;8;17-19;2,13,14;66834.17;70656.745;77253.215;76054.965;3822.574999999997;6596.470000000001;5398.220000000001;eev,integrated,separated,ws;lintim;SiouxFalls;SiouxFalls;True;False;1e-05;6000;1;2;20;100;5000;-5;50;0.75;2;55;50;10;10;16;1198;1198
12429034;199;g_000;1;1;38;line_consecutive;0.5;1199;5;9;19-20;2;59389.14499999999;63208.5700000189;67040.38990175;67040.38990175;3819.425000018913;3831.819901731091;3831.819901731091;eev,integrated,separated,ws;lintim;SiouxFalls;SiouxFalls;True;False;1e-05;6000;1;2;20;100;5000;-5;50;0.75;2;55;50;10;10;16;1199;1199
12429034;200;g_000;1;1;38;line_consecutive;0.5;1200;5;10;3-4;3,4;57454.9;59257.75;63551.28;63551.28;1802.8499999999983;4293.529999999999;4293.529999999999;eev,integrated,separated,ws;lintim;SiouxFalls;SiouxFalls;True;False;1e-05;6000;1;2;20;100;5000;-5;50;0.75;2;55;50;10;10;16;1200;1200
12429034;201;g_000;1;1;38;line_consecutive;0.5;1201;5;11;4-5;3;51140.24;51140.24000000001;51140.23999999999;51140.24;1.4551915228366852e-11;-2.182787284255028e-11;-1.4551915228366852e-11;eev,integrated,separated,ws;lintim;SiouxFalls;SiouxFalls;True;False;1e-05;6000;1;2;20;100;5000;-5;50;0.75;2;55;50;10;10;16;1201;1201
12429034;202;g_000;1;1;38;line_consecutive;0.5;1202;5;12;5-9;3,9;51271.23999999999;51402.239999999816;53881.58;53881.58;130.99999999982538;2479.3400000001857;2479.3400000001857;eev,integrated,separated,ws;lintim;SiouxFalls;SiouxFalls;True;False;1e-05;6000;1;2;20;100;5000;-5;50;0.75;2;55;50;10;10;16;1202;1202
12429034;203;g_000;1;1;38;line_consecutive;0.5;1203;5;13;8-9;3,7;51140.240000000005;51140.240000000005;51140.23999999999;51140.23999999999;0.0;-1.4551915228366852e-11;-1.4551915228366852e-11;eev,integrated,separated,ws;lintim;SiouxFalls;SiouxFalls;True;False;1e-05;6000;1;2;20;100;5000;-5;50;0.75;2;55;50;10;10;16;1203;1203
12429034;204;g_000;1;1;38;line_consecutive;0.5;1204;5;14;7-8;3,7,11;51140.24;51140.24;51140.23999999999;51140.240000000005;0.0;-7.275957614183426e-12;7.275957614183426e-12;eev,integrated,separated,ws;lintim;SiouxFalls;SiouxFalls;True;False;1e-05;6000;1;2;20;100;5000;-5;50;0.75;2;55;50;10;10;16;1204;1204
12429034;205;g_000;1;1;38;line_consecutive;0.5;1205;5;15;7-18;3,11;51140.24;51140.24;51140.23999999999;51140.23999999999;0.0;-7.275957614183426e-12;-7.275957614183426e-12;eev,integrated,separated,ws;lintim;SiouxFalls;SiouxFalls;True;False;1e-05;6000;1;2;20;100;5000;-5;50;0.75;2;55;50;10;10;16;1205;1205
12429034;206;g_000;1;1;38;line_consecutive;0.5;1206;5;16;1-3;4,8,12;69403.65;70925.755;74087.225;74087.225;1522.1050000000105;3161.470000000001;3161.470000000001;eev,integrated,separated,ws;lintim;SiouxFalls;SiouxFalls;True;False;1e-05;6000;1;2;20;100;5000;-5;50;0.75;2;55;50;10;10;16;1206;1206
12429034;207;g_000;1;1;38;line_consecutive;0.5;1207;5;17;4-11;4;54638.490000000005;56904.34000000001;61998.12999998506;61998.12999998506;2265.850000000006;5093.789999985049;5093.789999985049;eev,integrated,separated,ws;lintim;SiouxFalls;SiouxFalls;True;False;1e-05;6000;1;2;20;100;5000;-5;50;0.75;2;55;50;10;10;16;1207;1207
12429034;208;g_000;1;1;38;line_consecutive;0.5;1208;5;18;11-14;4,8,10;57943.785;61031.31000000003;67252.625;67252.625;3087.5250000000237;6221.314999999973;6221.314999999973;eev,integrated,separated,ws;lintim;SiouxFalls;SiouxFalls;True;False;1e-05;6000;1;2;20;100;5000;-5;50;0.75;2;55;50;10;10;16;1208;1208
12429034;209;g_000;1;1;38;line_consecutive;0.5;1209;5;19;14-23;4,10;56512.48999999999;59527.77;64794.94499999999;64794.94500000001;3015.280000000006;5267.174999999996;5267.17500000001;eev,integrated,separated,ws;lintim;SiouxFalls;SiouxFalls;True;False;1e-05;6000;1;2;20;100;5000;-5;50;0.75;2;55;50;10;10;16;1209;1209
12429034;210;g_000;1;1;38;line_consecutive;0.5;1210;5;20;23-24;4;54638.490000000005;56904.34;61998.12999999999;61998.13;2265.8499999999917;5093.789999999994;5093.790000000001;eev,integrated,separated,ws;lintim;SiouxFalls;SiouxFalls;True;False;1e-05;6000;1;2;20;100;5000;-5;50;0.75;2;55;50;10;10;16;1210;1210
12429034;211;g_000;1;1;38;line_consecutive;0.5;1211;5;21;10-15;5,9;52242.86;52460.835000000014;54935.705;54935.705;217.9750000000131;2474.869999999988;2474.869999999988;eev,integrated,separated,ws;lintim;SiouxFalls;SiouxFalls;True;False;1e-05;6000;1;2;20;100;5000;-5;50;0.75;2;55;50;10;10;16;1211;1211
12429034;212;g_000;1;1;38;line_consecutive;0.5;1212;5;22;15-22;5,13;53700.285;54622.54500000002;56012.97499999999;56012.975000000006;922.2600000000166;1390.4299999999712;1390.4299999999855;eev,integrated,separated,ws;lintim;SiouxFalls;SiouxFalls;True;False;1e-05;6000;1;2;20;100;5000;-5;50;0.75;2;55;50;10;10;16;1212;1212
12429034;213;g_000;1;1;38;line_consecutive;0.5;1213;5;23;22-23;5;51792.37999999999;52072.59500000001;52072.595;52072.595;280.21500000001834;-7.275957614183426e-12;-7.275957614183426e-12;eev,integrated,separated,ws;lintim;SiouxFalls;SiouxFalls;True;False;1e-05;6000;1;2;20;100;5000;-5;50;0.75;2;55;50;10;10;16;1213;1213
12429034;214;g_000;1;1;38;line_consecutive;0.5;1214;5;24;13-24;6;53707.67;54236.72;55758.295;55758.295;529.0500000000029;1521.574999999997;1521.574999999997;eev,integrated,separated,ws;lintim;SiouxFalls;SiouxFalls;True;False;1e-05;6000;1;2;20;100;5000;-5;50;0.75;2;55;50;10;10;16;1214;1214
12429034;215;g_000;1;1;38;line_consecutive;0.5;1215;5;25;21-24;6;53707.67;54236.72;55758.295;55758.295;529.0500000000029;1521.574999999997;1521.574999999997;eev,integrated,separated,ws;lintim;SiouxFalls;SiouxFalls;True;False;1e-05;6000;1;2;20;100;5000;-5;50;0.75;2;55;50;10;10;16;1215;1215
12429034;216;g_000;1;1;38;line_consecutive;0.5;1216;5;26;20-21;6;53707.67;54236.72000000002;55758.295;55758.295;529.0500000000247;1521.5749999999753;1521.5749999999753;eev,integrated,separated,ws;lintim;SiouxFalls;SiouxFalls;True;False;1e-05;6000;1;2;20;100;5000;-5;50;0.75;2;55;50;10;10;16;1216;1216
12429034;217;g_000;1;1;38;line_consecutive;0.5;1217;5;27;9-10;7,9;51773.55;52406.860000000015;54069.65999999999;54069.66;633.3100000000122;1662.7999999999738;1662.7999999999884;eev,integrated,separated,ws;lintim;SiouxFalls;SiouxFalls;True;False;1e-05;6000;1;2;20;100;5000;-5;50;0.75;2;55;50;10;10;16;1217;1217
12429034;218;g_000;1;1;38;line_consecutive;0.5;1218;5;28;3-12;8,12;51140.23999999999;51140.240000000005;51140.23999999999;51140.23999999999;1.4551915228366852e-11;-1.4551915228366852e-11;-1.4551915228366852e-11;eev,integrated,separated,ws;lintim;SiouxFalls;SiouxFalls;True;False;1e-05;6000;1;2;20;100;5000;-5;50;0.75;2;55;50;10;10;16;1218;1218
12429034;219;g_000;1;1;38;line_consecutive;0.5;1219;5;29;5-6;9;51271.24;51402.24000000001;53881.58;53881.58;131.00000000001455;2479.339999999989;2479.339999999989;eev,integrated,separated,ws;lintim;SiouxFalls;SiouxFalls;True;False;1e-05;6000;1;2;20;100;5000;-5;50;0.75;2;55;50;10;10;16;1219;1219
12429034;220;g_000;1;1;38;line_consecutive;0.5;1220;5;30;15-19;9,13,14;51730.34999999775;52320.46000000001;55811.285;55811.285;590.1100000022561;3490.824999999997;3490.824999999997;eev,integrated,separated,ws;lintim;SiouxFalls;SiouxFalls;True;False;1e-05;6000;1;2;20;100;5000;-5;50;0.75;2;55;50;10;10;16;1220;1220
12429034;221;g_000;1;1;38;line_consecutive;0.5;1221;5;31;20-22;11;51140.23999999999;51140.240000000005;51140.23999999999;51140.240000000005;1.4551915228366852e-11;-1.4551915228366852e-11;0.0;eev,integrated,separated,ws;lintim;SiouxFalls;SiouxFalls;True;False;1e-05;6000;1;2;20;100;5000;-5;50;0.75;2;55;50;10;10;16;1221;1221
12429034;222;g_000;1;1;38;line_consecutive;0.5;1222;5;32;18-20;11;51140.23999999999;51140.240000000005;51140.23999999999;51140.240000000005;1.4551915228366852e-11;-1.4551915228366852e-11;0.0;eev,integrated,separated,ws;lintim;SiouxFalls;SiouxFalls;True;False;1e-05;6000;1;2;20;100;5000;-5;50;0.75;2;55;50;10;10;16;1222;1222
12429034;223;g_000;1;1;38;line_consecutive;0.5;1223;5;33;12-13;12;51140.23999999999;51140.24000000001;51140.23999999999;51140.24;2.182787284255028e-11;-2.182787284255028e-11;-1.4551915228366852e-11;eev,integrated,separated,ws;lintim;SiouxFalls;SiouxFalls;True;False;1e-05;6000;1;2;20;100;5000;-5;50;0.75;2;55;50;10;10;16;1223;1223
12429034;224;g_000;1;1;38;line_consecutive;0.5;1224;5;34;1-2;12;51140.23999999999;51140.23999999907;51140.23999999999;51140.24;-9.240466170012951e-10;9.240466170012951e-10;9.313225746154783e-10;eev,integrated,separated,ws;lintim;SiouxFalls;SiouxFalls;True;False;1e-05;6000;1;2;20;100;5000;-5;50;0.75;2;55;50;10;10;16;1224;1224
12429034;225;g_000;1;1;38;line_consecutive;0.5;1225;5;35;21-22;13;51402.16;51664.08000000001;52140.22499999999;52140.22499999999;261.9200000000056;476.1449999999823;476.1449999999823;eev,integrated,separated,ws;lintim;SiouxFalls;SiouxFalls;True;False;1e-05;6000;1;2;20;100;5000;-5;50;0.75;2;55;50;10;10;16;1225;1225
12429034;226;g_000;1;1;38;line_consecutive;0.5;1226;5;36;14-15;14;51307.5;51474.76000000001;51976.87;51976.87;167.2600000000093;502.1099999999933;502.1099999999933;eev,integrated,separated,ws;lintim;SiouxFalls;SiouxFalls;True;False;1e-05;6000;1;2;20;100;5000;-5;50;0.75;2;55;50;10;10;16;1226;1226
12429034;227;g_000;1;1;38;line_consecutive;0.5;1227;5;37;10-17;14;51307.5;51474.76;51976.87;51976.87;167.26000000000204;502.1100000000006;502.1100000000006;eev,integrated,separated,ws;lintim;SiouxFalls;SiouxFalls;True;False;1e-05;6000;1;2;20;100;5000;-5;50;0.75;2;55;50;10;10;16;1227;1227
12429034;228;g_000;1;1;38;line_consecutive;0.5;1228;6;0;11-12;1,7,8;54052.404999998966;54173.30000000001;54181.37999999999;54181.38;120.89500000104454;8.079999999979918;8.079999999987194;eev,integrated,separated,ws;lintim;SiouxFalls;SiouxFalls;True;False;1e-05;6000;1;2;20;1000;50;-5;50;0.75;2;55;50;10;10;16;1228;1228
12429034;229;g_000;1;1;38;line_consecutive;0.5;1229;6;1;10-11;1,7,10;54453.589999999895;54770.57;55015.28499999999;55015.28499703241;316.98000000010506;244.71499999998923;244.71499703240988;eev,integrated,separated,ws;lintim;SiouxFalls;SiouxFalls;True;False;1e-05;6000;1;2;20;1000;50;-5;50;0.75;2;55;50;10;10;16;1229;1229
12429034;230;g_000;1;1;38;line_consecutive;0.5;1230;6;2;10-16;1,10;52575.79999999999;52769.36000000001;53057.62499999788;53057.62499999788;193.5600000000195;288.26499999787484;288.26499999787484;eev,integrated,separated,ws;lintim;SiouxFalls;SiouxFalls;True;False;1e-05;6000;1;2;20;1000;50;-5;50;0.75;2;55;50;10;10;16;1230;1230
12429034;231;g_000;1;1;38;line_consecutive;0.5;1231;6;3;16-18;1;52157.77999999999;52326.16;53985.28;53985.27999999999;168.38000000001193;1659.1199999999951;1659.119999999988;eev,integrated,separated,ws;lintim;SiouxFalls;SiouxFalls;True;False;1e-05;6000;1;2;20;1000;50;-5;50;0.75;2;55;50;10;10;16;1231;1231
12429034;232;g_000;1;1;38;line_consecutive;0.5;1232;6;4;2-6;2;56301.51499999999;56828.935000000005;57250.015;57250.015;527.4200000000128;421.07999999999447;421.07999999999447;eev,integrated,separated,ws;lintim;SiouxFalls;SiouxFalls;True;False;1e-05;6000;1;2;20;1000;50;-5;50;0.75;2;55;50;10;10;16;1232;1232
12429034;233;g_000;1;1;38;line_consecutive;0.5;1233;6;5;6-8;2;54511.31999999999;54734.240000000005;54734.23999999647;54734.23999999648;222.9200000000128;-3.536115400493145e-09;-3.528839442878961e-09;eev,integrated,separated,ws;lintim;SiouxFalls;SiouxFalls;True;False;1e-05;6000;1;2;20;1000;50;-5;50;0.75;2;55;50;10;10;16;1233;1233
12429034;234;g_000;1;1;38;line_consecutive;0.5;1234;6;6;8-16;2,10,13;54302.03999999999;54782.66000000001;54829.45;54926.95999999999;480.6200000000172;46.78999999998632;144.29999999998108;eev,integrated,separated,ws;lintim;SiouxFalls;SiouxFalls;True;False;1e-05;6000;1;2;20;1000;50;-5;50;0.75;2;55;50;10;10;16;1234;1234
12429034;235;g_000;1;1;38;line_consecutive;0.5;1235;6;7;16-17;2,13;53654.09999999999;53972.98;54117.87999999999;54054.12;318.88000000001193;144.8999999999869;81.13999999999942;eev,integrated,separated,ws;lintim;SiouxFalls;SiouxFalls;True;False;1e-05;6000;1;2;20;1000;50;-5;50;0.75;2;55;50;10;10;16;1235;1235
12429034;236;g_000;1;1;38;line_consecutive;0.5;1236;6;8;17-19;2,13,14;58047.56;59129.29000000001;59358.28;61199.62;1081.7300000000105;228.9899999999907;2070.3299999999945;eev,integrated,separated,ws;lintim;SiouxFalls;SiouxFalls;True;False;1e-05;6000;1;2;20;1000;50;-5;50;0.75;2;55;50;10;10;16;1236;1236
12429034;237;g_000;1;1;38;line_consecutive;0.5;1237;6;9;19-20;2;53649.965;53850.005;53850.00499999999;53850.005;200.04000000000087;-7.275957614183426e-12;0.0;eev,integrated,separated,ws;lintim;SiouxFalls;SiouxFalls;True;False;1e-05;6000;1;2;20;1000;50;-5;50;0.75;2;55;50;10;10;16;1237;1237
12429034;238;g_000;1;1;38;line_consecutive;0.5;1238;6;10;3-4;3,4;53129.35999999999;53451.42500000001;53474.02;53474.02;322.0650000000169;22.59499999998661;22.59499999998661;eev,integrated,separated,ws;lintim;SiouxFalls;SiouxFalls;True;False;1e-05;6000;1;2;20;1000;50;-5;50;0.75;2;55;50;10;10;16;1238;1238
12429034;239;g_000;1;1;38;line_consecutive;0.5;1239;6;11;4-5;3;51140.2399999997;51140.240000000005;51140.23999999999;51140.24;3.055902197957039e-10;-1.4551915228366852e-11;-7.275957614183426e-12;eev,integrated,separated,ws;lintim;SiouxFalls;SiouxFalls;True;False;1e-05;6000;1;2;20;1000;50;-5;50;0.75;2;55;50;10;10;16;1239;1239
12429034;240;g_000;1;1;38;line_consecutive;0.5;1240;6;12;5-9;3,9;51271.23999999999;51402.23999997295;51460.23999999999;51460.240000000005;130.99999997296254;58.00000002703746;58.00000002705201;eev,integrated,separated,ws;lintim;SiouxFalls;SiouxFalls;True;False;1e-05;6000;1;2;20;1000;50;-5;50;0.75;2;55;50;10;10;16;1240;1240
12429034;241;g_000;1;1;38;line_consecutive;0.5;1241;6;13;8-9;3,7;51140.23999999999;51140.24000000001;51140.23999999999;51140.23999999999;2.182787284255028e-11;-2.182787284255028e-11;-2.182787284255028e-11;eev,integrated,separated,ws;lintim;SiouxFalls;SiouxFalls;True;False;1e-05;6000;1;2;20;1000;50;-5;50;0.75;2;55;50;10;10;16;1241;1241
12429034;242;g_000;1;1;38;line_consecutive;0.5;1242;6;14;7-8;3,7,11;51140.23999999999;51140.240000000005;51140.23999999999;51140.240000000005;1.4551915228366852e-11;-1.4551915228366852e-11;0.0;eev,integrated,separated,ws;lintim;SiouxFalls;SiouxFalls;True;False;1e-05;6000;1;2;20;1000;50;-5;50;0.75;2;55;50;10;10;16;1242;1242
12429034;243;g_000;1;1;38;line_consecutive;0.5;1243;6;15;7-18;3,11;51140.23999999999;51140.240000000005;51140.23999999999;51140.23999999999;1.4551915228366852e-11;-1.4551915228366852e-11;-1.4551915228366852e-11;eev,integrated,separated,ws;lintim;SiouxFalls;SiouxFalls;True;False;1e-05;6000;1;2;20;1000;50;-5;50;0.75;2;55;50;10;10;16;1243;1243
12429034;244;g_000;1;1;38;line_consecutive;0.5;1244;6;16;1-3;4,8,12;54311.90999999746;54823.89500000001;56587.315;56587.315;511.9850000025544;1763.419999999991;1763.419999999991;eev,integrated,separated,ws;lintim;SiouxFalls;SiouxFalls;True;False;1e-05;6000;1;2;20;1000;50;-5;50;0.75;2;55;50;10;10;16;1244;1244
12429034;245;g_000;1;1;38;line_consecutive;0.5;1245;6;17;4-11;4;52532.07499999999;52887.35;52887.34999999999;52887.35;355.2750000000088;-7.275957614183426e-12;0.0;eev,integrated,separated,ws;lintim;SiouxFalls;SiouxFalls;True;False;1e-05;6000;1;2;20;1000;50;-5;50;0.75;2;55;50;10;10;16;1245;1245
12429034;246;g_000;1;1;38;line_consecutive;0.5;1246;6;18;11-14;4,8,10;53090.825;53256.83500000001;53566.22;53566.22;166.0100000000093;309.3849999999948;309.3849999999948;eev,integrated,separated,ws;lintim;SiouxFalls;SiouxFalls;True;False;1e-05;6000;1;2;20;1000;50;-5;50;0.75;2;55;50;10;10;16;1246;1246
12429034;247;g_000;1;1;38;line_consecutive;0.5;1247;6;19;14-23;4,10;52953.04999999999;53063.34;53180.03;53180.03;110.29000000000816;116.69000000000231;116.69000000000231;eev,integrated,separated,ws;lintim;SiouxFalls;SiouxFalls;True;False;1e-05;6000;1;2;20;1000;50;-5;50;0.75;2;55;50;10;10;16;1247;1247
12429034;248;g_000;1;1;38;line_consecutive;0.5;1248;6;20;23-24;4;52786.29499999999;52786.295000000006;52786.295;52786.295;1.4551915228366852e-11;-7.275957614183426e-12;-7.275957614183426e-12;eev,integrated,separated,ws;lintim;SiouxFalls;SiouxFalls;True;False;1e-05;6000;1;2;20;1000;50;-5;50;0.75;2;55;50;10;10;16;1248;1248
12429034;249;g_000;1;1;38;line_consecutive;0.5;1249;6;21;10-15;5,9;51822.29999999997;51953.30000000001;52096.48499999999;52096.485;131.00000000004366;143.18499999998312;143.1849999999904;eev,integrated,separated,ws;lintim;SiouxFalls;SiouxFalls;True;False;1e-05;6000;1;2;20;1000;50;-5;50;0.75;2;55;50;10;10;16;1249;1249
12429034;250;g_000;1;1;38;line_consecutive;0.5;1250;6;22;15-22;5,13;52299.28499999999;52299.28500000001;52299.285;52299.285;2.182787284255028e-11;-7.275957614183426e-12;-7.275957614183426e-12;eev,integrated,separated,ws;lintim;SiouxFalls;SiouxFalls;True;False;1e-05;6000;1;2;20;1000;50;-5;50;0.75;2;55;50;10;10;16;1250;1250
12429034;251;g_000;1;1;38;line_consecutive;0.5;1251;6;23;22-23;5;51556.47499999999;51556.475;51556.47499999999;51556.47499999999;7.275957614183426e-12;-7.275957614183426e-12;-7.275957614183426e-12;eev,integrated,separated,ws;lintim;SiouxFalls;SiouxFalls;True;False;1e-05;6000;1;2;20;1000;50;-5;50;0.75;2;55;50;10;10;16;1251;1251
12429034;252;g_000;1;1;38;line_consecutive;0.5;1252;6;24;13-24;6;52793.93499999999;53112.885;53266.905;53266.905;318.95000000001164;154.0199999999968;154.0199999999968;eev,integrated,separated,ws;lintim;SiouxFalls;SiouxFalls;True;False;1e-05;6000;1;2;20;1000;50;-5;50;0.75;2;55;50;10;10;16;1252;1252
12429034;253;g_000;1;1;38;line_consecutive;0.5;1253;6;25;21-24;6;51788.19;51806.865000000005;51806.86499999999;51806.865;18.67500000000291;-1.4551915228366852e-11;-7.275957614183426e-12;eev,integrated,separated,ws;lintim;SiouxFalls;SiouxFalls;True;False;1e-05;6000;1;2;20;1000;50;-5;50;0.75;2;55;50;10;10;16;1253;1253
12429034;254;g_000;1;1;38;line_consecutive;0.5;1254;6;26;20-21;6;51810.39;51842.64000000001;51842.64;51842.64;32.25000000000728;-7.275957614183426e-12;-7.275957614183426e-12;eev,integrated,separated,ws;lintim;SiouxFalls;SiouxFalls;True;False;1e-05;6000;1;2;20;1000;50;-5;50;0.75;2;55;50;10;10;16;1254;1254
12429034;255;g_000;1;1;38;line_consecutive;0.5;1255;6;27;9-10;7,9;51773.54999999999;51812.60000000001;51812.59999999999;51812.600000000006;39.05000000002474;-2.182787284255028e-11;-7.275957614183426e-12;eev,integrated,separated,ws;lintim;SiouxFalls;SiouxFalls;True;False;1e-05;6000;1;2;20;1000;50;-5;50;0.75;2;55;50;10;10;16;1255;1255
12429034;256;g_000;1;1;38;line_consecutive;0.5;1256;6;28;3-12;8,12;51140.23999999999;51140.24;51140.23999999999;51140.23999999999;7.275957614183426e-12;-7.275957614183426e-12;-7.275957614183426e-12;eev,integrated,separated,ws;lintim;SiouxFalls;SiouxFalls;True;False;1e-05;6000;1;2;20;1000;50;-5;50;0.75;2;55;50;10;10;16;1256;1256
12429034;257;g_000;1;1;38;line_consecutive;0.5;1257;6;29;5-6;9;51271.24;51402.23999999496;51460.23999999999;51460.24;130.99999999496504;58.00000000502769;58.00000000503496;eev,integrated,separated,ws;lintim;SiouxFalls;SiouxFalls;True;False;1e-05;6000;1;2;20;1000;50;-5;50;0.75;2;55;50;10;10;16;1257;1257
12429034;258;g_000;1;1;38;line_consecutive;0.5;1258;6;30;15-19;9,13,14;51713.73;52084.280000000006;52331.35999999999;52331.36;370.5500000000029;247.0799999999872;247.07999999999447;eev,integrated,separated,ws;lintim;SiouxFalls;SiouxFalls;True;False;1e-05;6000;1;2;20;1000;50;-5;50;0.75;2;55;50;10;10;16;1258;1258
12429034;259;g_000;1;1;38;line_consecutive;0.5;1259;6;31;20-22;11;51140.23999999999;51140.240000000005;51140.23999999999;51140.240000000005;1.4551915228366852e-11;-1.4551915228366852e-11;0.0;eev,integrated,separated,ws;lintim;SiouxFalls;SiouxFalls;True;False;1e-05;6000;1;2;20;1000;50;-5;50;0.75;2;55;50;10;10;16;1259;1259
12429034;260;g_000;1;1;38;line_consecutive;0.5;1260;6;32;18-20;11;51140.23999999999;51140.24000001865;51140.23999999999;51140.240000000005;1.8662831280380487e-08;-1.8662831280380487e-08;-1.864827936515212e-08;eev,integrated,separated,ws;lintim;SiouxFalls;SiouxFalls;True;False;1e-05;6000;1;2;20;1000;50;-5;50;0.75;2;55;50;10;10;16;1260;1260
12429034;261;g_000;1;1;38;line_consecutive;0.5;1261;6;33;12-13;12;51140.23999999999;51140.24000000032;51140.23999999999;51140.24;3.2741809263825417e-10;-3.2741809263825417e-10;-3.2014213502407074e-10;eev,integrated,separated,ws;lintim;SiouxFalls;SiouxFalls;True;False;1e-05;6000;1;2;20;1000;50;-5;50;0.75;2;55;50;10;10;16;1261;1261
12429034;262;g_000;1;1;38;line_consecutive;0.5;1262;6;34;1-2;12;51140.23999999999;51140.24000000001;51140.23999999999;51140.24;2.182787284255028e-11;-2.182787284255028e-11;-1.4551915228366852e-11;eev,integrated,separated,ws;lintim;SiouxFalls;SiouxFalls;True;False;1e-05;6000;1;2;20;1000;50;-5;50;0.75;2;55;50;10;10;16;1262;1262
12429034;263;g_000;1;1;38;line_consecutive;0.5;1263;6;35;21-22;13;51402.15999999986;51568.76000000001;51568.76;51568.75999999999;166.60000000015134;-7.275957614183426e-12;-2.182787284255028e-11;eev,integrated,separated,ws;lintim;SiouxFalls;SiouxFalls;True;False;1e-05;6000;1;2;20;1000;50;-5;50;0.75;2;55;50;10;10;16;1263;1263
12429034;264;g_000;1;1;38;line_consecutive;0.5;1264;6;36;14-15;14;51307.5;51441.31500000001;51441.315;51441.315;133.8150000000096;-7.275957614183426e-12;-7.275957614183426e-12;eev,integrated,separated,ws;lintim;SiouxFalls;SiouxFalls;True;False;1e-05;6000;1;2;20;1000;50;-5;50;0.75;2;55;50;10;10;16;1264;1264
12429034;265;g_000;1;1;38;line_consecutive;0.5;1265;6;37;10-17;14;51307.49999999999;51474.76000000001;51581.34999999999;51581.34999999999;167.2600000000166;106.58999999998196;106.58999999998196;eev,integrated,separated,ws;lintim;SiouxFalls;SiouxFalls;True;False;1e-05;6000;1;2;20;1000;50;-5;50;0.75;2;55;50;10;10;16;1265;1265
12429034;266;g_000;1;1;38;line_consecutive;0.5;1266;7;0;11-12;1,7,8;56190.50999999986;61240.77999999999;68581.37999999999;68581.38;5050.270000000135;7340.5999999999985;7340.600000000013;eev,integrated,separated,ws;lintim;SiouxFalls;SiouxFalls;True;False;1e-05;6000;1;2;20;1000;500;-5;50;0.75;2;55;50;10;10;16;1266;1266
12429034;267;g_000;1;1;38;line_consecutive;0.5;1267;7;1;10-11;1,7,10;56637.63999999999;61521.670000000006;74095.28499999912;74095.28499703153;4884.030000000013;12573.61499999911;12573.614997031524;eev,integrated,separated,ws;lintim;SiouxFalls;SiouxFalls;True;False;1e-05;6000;1;2;20;1000;500;-5;50;0.75;2;55;50;10;10;16;1267;1267
12429034;268;g_000;1;1;38;line_consecutive;0.5;1268;7;2;10-16;1,10;53758.099999999984;56158.45000000002;65891.625;65891.625;2400.350000000035;9733.17499999998;9733.17499999998;eev,integrated,separated,ws;lintim;SiouxFalls;SiouxFalls;True;False;1e-05;6000;1;2;20;1000;500;-5;50;0.75;2;55;50;10;10;16;1268;1268
12429034;269;g_000;1;1;38;line_consecutive;0.5;1269;7;3;16-18;1;52721.95999999992;54303.68;68455.54;68455.54;1581.7200000000812;14151.859999999991;14151.859999999991;eev,integrated,separated,ws;lintim;SiouxFalls;SiouxFalls;True;False;1e-05;6000;1;2;20;1000;500;-5;50;0.75;2;55;50;10;10;16;1269;1269
12429034;270;g_000;1;1;38;line_consecutive;0.5;1270;7;4;2-6;2;60056.73;68973.21999999997;87850.01500000001;87850.01500000001;8916.489999999969;18876.79500000004;18876.79500000004;eev,integrated,separated,ws;lintim;SiouxFalls;SiouxFalls;True;False;1e-05;6000;1;2;20;1000;500;-5;50;0.75;2;55;50;10;10;16;1270;1270
12429034;271;g_000;1;1;38;line_consecutive;0.5;1271;7;5;6-8;2;59952.779999999984;63868.38000000001;69134.23999999999;69134.23999999999;3915.600000000028;5265.859999999979;5265.859999999979;eev,integrated,separated,ws;lintim;SiouxFalls;SiouxFalls;True;False;1e-05;6000;1;2;20;1000;500;-5;50;0.75;2;55;50;10;10;16;1271;1271
12429034;272;g_000;1;1;38;line_consecutive;0.5;1272;7;6;8-16;2,10,13;60413.77;64447.87999999742;74998.28000000001;69160.29999999999;4034.109999997425;10550.400000002592;4712.420000002567;eev,integrated,separated,ws;lintim;SiouxFalls;SiouxFalls;True;False;1e-05;6000;1;2;20;1000;500;-5;50;0.75;2;55;50;10;10;16;1272;1272
12429034;273;g_000;1;1;38;line_consecutive;0.5;1273;7;7;16-17;2,13;60089.81999999999;62908.64000000001;70007.98;66496.62;2818.8200000000143;7099.339999999989;3587.9799999999886;eev,integrated,separated,ws;lintim;SiouxFalls;SiouxFalls;True;False;1e-05;6000;1;2;20;1000;500;-5;50;0.75;2;55;50;10;10;16;1273;1273
12429034;274;g_000;1;1;38;line_consecutive;0.5;1274;7;8;17-19;2,13,14;67343.4;70210.92499999999;82884.65;75224.565;2867.524999999994;12673.725000000006;5013.640000000014;eev,integrated,separated,ws;lintim;SiouxFalls;SiouxFalls;True;False;1e-05;6000;1;2;20;1000;500;-5;50;0.75;2;55;50;10;10;16;1274;1274
12429034;275;g_000;1;1;38;line_consecutive;0.5;1275;7;9;19-20;2;60056.73;65507.14;73110.00499999999;73110.005;5450.409999999996;7602.864999999991;7602.865000000005;eev,integrated,separated,ws;lintim;SiouxFalls;SiouxFalls;True;False;1e-05;6000;1;2;20;1000;500;-5;50;0.75;2;55;50;10;10;16;1275;1275
12429034;276;g_000;1;1;38;line_consecutive;0.5;1276;7;10;3-4;3,4;58305.45999999999;59738.67;65855.65;65855.65;1433.2100000000064;6116.979999999996;6116.979999999996;eev,integrated,separated,ws;lintim;SiouxFalls;SiouxFalls;True;False;1e-05;6000;1;2;20;1000;500;-5;50;0.75;2;55;50;10;10;16;1276;1276
12429034;277;g_000;1;1;38;line_consecutive;0.5;1277;7;11;4-5;3;51140.23999999999;51140.240000000005;51140.23999999999;51140.24;1.4551915228366852e-11;-1.4551915228366852e-11;-7.275957614183426e-12;eev,integrated,separated,ws;lintim;SiouxFalls;SiouxFalls;True;False;1e-05;6000;1;2;20;1000;500;-5;50;0.75;2;55;50;10;10;16;1277;1277
12429034;278;g_000;1;1;38;line_consecutive;0.5;1278;7;12;5-9;3,9;51271.23999999999;51402.24000000001;54340.23999999999;54340.240000000005;131.00000000002183;2937.999999999978;2937.9999999999927;eev,integrated,separated,ws;lintim;SiouxFalls;SiouxFalls;True;False;1e-05;6000;1;2;20;1000;500;-5;50;0.75;2;55;50;10;10;16;1278;1278
12429034;279;g_000;1;1;38;line_consecutive;0.5;1279;7;13;8-9;3,7;51140.23999999999;51140.23999999972;51140.23999999999;51140.23999999999;-2.692104317247868e-10;2.692104317247868e-10;2.692104317247868e-10;eev,integrated,separated,ws;lintim;SiouxFalls;SiouxFalls;True;False;1e-05;6000;1;2;20;1000;500;-5;50;0.75;2;55;50;10;10;16;1279;1279
12429034;280;g_000;1;1;38;line_consecutive;0.5;1280;7;14;7-8;3,7,11;51140.23999999999;51140.24000000001;51140.23999999999;51140.240000000005;2.182787284255028e-11;-2.182787284255028e-11;-7.275957614183426e-12;eev,integrated,separated,ws;lintim;SiouxFalls;SiouxFalls;True;False;1e-05;6000;1;2;20;1000;500;-5;50;0.75;2;55;50;10;10;16;1280;1280
12429034;281;g_000;1;1;38;line_consecutive;0.5;1281;7;15;7-18;3,11;51140.23999999999;51140.240000000005;51140.23999999999;51140.23999999999;1.4551915228366852e-11;-1.4551915228366852e-11;-1.4551915228366852e-11;eev,integrated,separated,ws;lintim;SiouxFalls;SiouxFalls;True;False;1e-05;6000;1;2;20;1000;500;-5;50;0.75;2;55;50;10;10;16;1281;1281
12429034;282;g_000;1;1;38;line_consecutive;0.5;1282;7;16;1-3;4,8,12;66551.90999999967;67078.0;74947.315;74947.315;526.0900000003312;7869.315000000002;7869.315000000002;eev,integrated,separated,ws;lintim;SiouxFalls;SiouxFalls;True;False;1e-05;6000;1;2;20;1000;500;-5;50;0.75;2;55;50;10;10;16;1282;1282
12429034;283;g_000;1;1;38;line_consecutive;0.5;1283;7;17;4-11;4;54638.48999999999;58136.74000006151;63957.34999999999;63957.35;3498.250000061518;5820.609999938482;5820.60999993849;eev,integrated,separated,ws;lintim;SiouxFalls;SiouxFalls;True;False;1e-05;6000;1;2;20;1000;500;-5;50;0.75;2;55;50;10;10;16;1283;1283
12429034;284;g_000;1;1;38;line_consecutive;0.5;1284;7;18;11-14;4,8,10;58421.765;61056.630000000056;69406.22;69406.22;2634.865000000056;8349.589999999946;8349.589999999946;eev,integrated,separated,ws;lintim;SiouxFalls;SiouxFalls;True;False;1e-05;6000;1;2;20;1000;500;-5;50;0.75;2;55;50;10;10;16;1284;1284
12429034;285;g_000;1;1;38;line_consecutive;0.5;1285;7;19;14-23;4,10;56512.48999999999;58996.175000094656;63980.03;63980.03;2483.685000094665;4983.854999905343;4983.854999905343;eev,integrated,separated,ws;lintim;SiouxFalls;SiouxFalls;True;False;1e-05;6000;1;2;20;1000;500;-5;50;0.75;2;55;50;10;10;16;1285;1285
12429034;286;g_000;1;1;38;line_consecutive;0.5;1286;7;20;23-24;4;54638.48999999999;57759.91;61966.295;61966.295;3121.420000000013;4206.384999999995;4206.384999999995;eev,integrated,separated,ws;lintim;SiouxFalls;SiouxFalls;True;False;1e-05;6000;1;2;20;1000;500;-5;50;0.75;2;55;50;10;10;16;1286;1286
12429034;287;g_000;1;1;38;line_consecutive;0.5;1287;7;21;10-15;5,9;52242.85999999999;53345.48000000001;59593.48499999999;59593.48499999999;1102.6200000000172;6248.004999999983;6248.004999999983;eev,integrated,separated,ws;lintim;SiouxFalls;SiouxFalls;True;False;1e-05;6000;1;2;20;1000;500;-5;50;0.75;2;55;50;10;10;16;1287;1287
12429034;288;g_000;1;1;38;line_consecutive;0.5;1288;7;22;15-22;5,13;54218.06999999999;55688.375000000015;57613.09499999946;57613.09499999948;1470.305000000022;1924.719999999448;1924.7199999994627;eev,integrated,separated,ws;lintim;SiouxFalls;SiouxFalls;True;False;1e-05;6000;1;2;20;1000;500;-5;50;0.75;2;55;50;10;10;16;1288;1288
12429034;289;g_000;1;1;38;line_consecutive;0.5;1289;7;23;22-23;5;51792.37999999999;52444.52000000001;54436.47499999982;54436.47499999982;652.1400000000212;1991.9549999998053;1991.9549999998053;eev,integrated,separated,ws;lintim;SiouxFalls;SiouxFalls;True;False;1e-05;6000;1;2;20;1000;500;-5;50;0.75;2;55;50;10;10;16;1289;1289
12429034;290;g_000;1;1;38;line_consecutive;0.5;1290;7;24;13-24;6;53792.55999999999;56444.88000001176;64824.905;64824.905;2652.320000011772;8380.024999988236;8380.024999988236;eev,integrated,separated,ws;lintim;SiouxFalls;SiouxFalls;True;False;1e-05;6000;1;2;20;1000;500;-5;50;0.75;2;55;50;10;10;16;1290;1290
12429034;291;g_000;1;1;38;line_consecutive;0.5;1291;7;25;21-24;6;53792.56;55167.14000000001;57926.86499999999;57926.865;1374.580000000009;2759.724999999984;2759.7249999999917;eev,integrated,separated,ws;lintim;SiouxFalls;SiouxFalls;True;False;1e-05;6000;1;2;20;1000;500;-5;50;0.75;2;55;50;10;10;16;1291;1291
12429034;292;g_000;1;1;38;line_consecutive;0.5;1292;7;26;20-21;6;53792.55999999999;54901.33999999924;57386.64;57386.64;1108.7799999992494;2485.30000000076;2485.30000000076;eev,integrated,separated,ws;lintim;SiouxFalls;SiouxFalls;True;False;1e-05;6000;1;2;20;1000;500;-5;50;0.75;2;55;50;10;10;16;1292;1292
12429034;293;g_000;1;1;38;line_consecutive;0.5;1293;7;27;9-10;7,9;51773.55;52406.86000000001;54646.59;54646.59;633.310000000005;2239.7299999999886;2239.7299999999886;eev,integrated,separated,ws;lintim;SiouxFalls;SiouxFalls;True;False;1e-05;6000;1;2;20;1000;500;-5;50;0.75;2;55;50;10;10;16;1293;1293
12429034;294;g_000;1;1;38;line_consecutive;0.5;1294;7;28;3-12;8,12;51140.24;51140.24000000001;51140.23999999999;51140.23999999999;1.4551915228366852e-11;-2.182787284255028e-11;-2.182787284255028e-11;eev,integrated,separated,ws;lintim;SiouxFalls;SiouxFalls;True;False;1e-05;6000;1;2;20;1000;500;-5;50;0.75;2;55;50;10;10;16;1294;1294
12429034;295;g_000;1;1;38;line_consecutive;0.5;1295;7;29;5-6;9;51271.23999999999;51402.24000000001;54340.23999999999;54340.24;131.00000000002183;2937.999999999978;2937.999999999985;eev,integrated,separated,ws;lintim;SiouxFalls;SiouxFalls;True;False;1e-05;6000;1;2;20;1000;500;-5;50;0.75;2;55;50;10;10;16;1295;1295
12429034;296;g_000;1;1;38;line_consecutive;0.5;1296;7;30;15-19;9,13,14;51730.34999999999;52320.45999999912;63968.35999999999;63968.35999999999;590.1099999991275;11647.900000000876;11647.900000000876;eev,integrated,separated,ws;lintim;SiouxFalls;SiouxFalls;True;False;1e-05;6000;1;2;20;1000;500;-5;50;0.75;2;55;50;10;10;16;1296;1296
12429034;297;g_000;1;1;38;line_consecutive;0.5;1297;7;31;20-22;11;51140.23999999999;51140.23999999863;51140.23999999999;51140.240000000005;-1.3606040738523004e-09;1.3606040738523004e-09;1.3751559890806675e-09;eev,integrated,separated,ws;lintim;SiouxFalls;SiouxFalls;True;False;1e-05;6000;1;2;20;1000;500;-5;50;0.75;2;55;50;10;10;16;1297;1297
12429034;298;g_000;1;1;38;line_consecutive;0.5;1298;7;32;18-20;11;51140.23999999999;51140.24000001509;51140.23999999999;51140.240000000005;1.5097612049430612e-08;-1.5097612049430612e-08;-1.5083060134202242e-08;eev,integrated,separated,ws;lintim;SiouxFalls;SiouxFalls;True;False;1e-05;6000;1;2;20;1000;500;-5;50;0.75;2;55;50;10;10;16;1298;1298
12429034;299;g_000;1;1;38;line_consecutive;0.5;1299;7;33;12-13;12;51140.23999999999;51140.23999999953;51140.23999999999;51140.24;-4.5838532969355583e-10;4.5838532969355583e-10;4.656612873077393e-10;eev,integrated,separated,ws;lintim;SiouxFalls;SiouxFalls;True;False;1e-05;6000;1;2;20;1000;500;-5;50;0.75;2;55;50;10;10;16;1299;1299
12429034;300;g_000;1;1;38;line_consecutive;0.5;1300;7;34;1-2;12;51140.23999999999;51140.240000000005;51140.23999999999;51140.24;1.4551915228366852e-11;-1.4551915228366852e-11;-7.275957614183426e-12;eev,integrated,separated,ws;lintim;SiouxFalls;SiouxFalls;True;False;1e-05;6000;1;2;20;1000;500;-5;50;0.75;2;55;50;10;10;16;1300;1300
12429034;301;g_000;1;1;38;line_consecutive;0.5;1301;7;35;21-22;13;51402.16;51664.08000000001;54369.53;54369.529999999984;261.9200000000056;2705.44999999999;2705.4499999999757;eev,integrated,separated,ws;lintim;SiouxFalls;SiouxFalls;True;False;1e-05;6000;1;2;20;1000;500;-5;50;0.75;2;55;50;10;10;16;1301;1301
12429034;302;g_000;1;1;38;line_consecutive;0.5;1302;7;36;14-15;14;51307.49999999999;51474.76;54141.315;54141.315;167.2600000000093;2666.5550000000003;2666.5550000000003;eev,integrated,separated,ws;lintim;SiouxFalls;SiouxFalls;True;False;1e-05;6000;1;2;20;1000;500;-5;50;0.75;2;55;50;10;10;16;1302;1302
12429034;303;g_000;1;1;38;line_consecutive;0.5;1303;7;37;10-17;14;51307.49999999999;51474.76;53955.369999998045;53955.369999998045;167.2600000000093;2480.609999998044;2480.609999998044;eev,integrated,separated,ws;lintim;SiouxFalls;SiouxFalls;True;False;1e-05;6000;1;2;20;1000;500;-5;50;0.75;2;55;50;10;10;16;1303;1303
12429034;304;g_000;1;1;38;line_consecutive;0.5;1304;8;0;11-12;1,7,8;56190.51;61240.77999999916;98270.79;98270.79;5050.26999999916;37030.01000000083;37030.01000000083;eev,integrated,separated,ws;lintim;SiouxFalls;SiouxFalls;True;False;1e-05;6000;1;2;20;1000;5000;-5;50;0.75;2;55;50;10;10;16;1304;1304
12429034;305;g_000;1;1;38;line_consecutive;0.5;1305;8;1;10-11;1,7,10;56637.63999999999;62135.04000000001;111215.1;111215.09999703243;5497.400000000016;49080.06;49080.059997032426;eev,integrated,separated,ws;lintim;SiouxFalls;SiouxFalls;True;False;1e-05;6000;1;2;20;1000;5000;-5;50;0.75;2;55;50;10;10;16;1305;1305
12429034;306;g_000;1;1;38;line_consecutive;0.5;1306;8;2;10-16;1,10;53758.099999999984;56375.95999999898;111130.14999999908;111130.14999999908;2617.8599999989965;54754.1900000001;54754.1900000001;eev,integrated,separated,ws;lintim;SiouxFalls;SiouxFalls;True;False;1e-05;6000;1;2;20;1000;5000;-5;50;0.75;2;55;50;10;10;16;1306;1306
12429034;307;g_000;1;1;38;line_consecutive;0.5;1307;8;3;16-18;1;52721.95999999999;54303.680000000015;98270.79;98270.79;1581.720000000023;43967.10999999998;43967.10999999998;eev,integrated,separated,ws;lintim;SiouxFalls;SiouxFalls;True;False;1e-05;6000;1;2;20;1000;5000;-5;50;0.75;2;55;50;10;10;16;1307;1307
12429034;308;g_000;1;1;38;line_consecutive;0.5;1308;8;4;2-6;2;60056.73;68973.21999999999;113713.9;113713.9;8916.489999999983;44740.68000000001;44740.68000000001;eev,integrated,separated,ws;lintim;SiouxFalls;SiouxFalls;True;False;1e-05;6000;1;2;20;1000;5000;-5;50;0.75;2;55;50;10;10;16;1308;1308
12429034;309;g_000;1;1;38;line_consecutive;0.5;1309;8;5;6-8;2;60056.73;68973.22000000441;113713.9;113713.9;8916.490000004407;44740.679999995584;44740.679999995584;eev,integrated,separated,ws;lintim;SiouxFalls;SiouxFalls;True;False;1e-05;6000;1;2;20;1000;5000;-5;50;0.75;2;55;50;10;10;16;1309;1309
12429034;310;g_000;1;1;38;line_consecutive;0.5;1310;8;6;8-16;2,10,13;61986.02;72831.79999999999;137839.37499999997;118577.71;10845.779999999992;65007.57499999998;45745.91000000002;eev,integrated,separated,ws;lintim;SiouxFalls;SiouxFalls;True;False;1e-05;6000;1;2;20;1000;5000;-5;50;0.75;2;55;50;10;10;16;1310;1310
12429034;311;g_000;1;1;38;line_consecutive;0.5;1311;8;7;16-17;2,13;61475.24999999999;71810.25999999978;126267.29499999998;118577.71000000002;10335.009999999784;54457.03500000021;46767.45000000024;eev,integrated,separated,ws;lintim;SiouxFalls;SiouxFalls;True;False;1e-05;6000;1;2;20;1000;5000;-5;50;0.75;2;55;50;10;10;16;1311;1311
12429034;312;g_000;1;1;38;line_consecutive;0.5;1312;8;8;17-19;2,13,14;73199.31;88656.87999999948;137909.605;122155.07;15457.569999999483;49252.72500000053;33498.190000000526;eev,integrated,separated,ws;lintim;SiouxFalls;SiouxFalls;True;False;1e-05;6000;1;2;20;1000;5000;-5;50;0.75;2;55;50;10;10;16;1312;1312
12429034;313;g_000;1;1;38;line_consecutive;0.5;1313;8;9;19-20;2;60056.73;68973.21999999997;113713.9;113713.9;8916.489999999969;44740.68000000002;44740.68000000002;eev,integrated,separated,ws;lintim;SiouxFalls;SiouxFalls;True;False;1e-05;6000;1;2;20;1000;5000;-5;50;0.75;2;55;50;10;10;16;1313;1313
12429034;314;g_000;1;1;38;line_consecutive;0.5;1314;8;10;3-4;3,4;59675.34;68210.44;108913.715;108913.715;8535.100000000006;40703.275;40703.275;eev,integrated,separated,ws;lintim;SiouxFalls;SiouxFalls;True;False;1e-05;6000;1;2;20;1000;5000;-5;50;0.75;2;55;50;10;10;16;1314;1314
12429034;315;g_000;1;1;38;line_consecutive;0.5;1315;8;11;4-5;3;51140.23999999999;51140.240000000005;51140.23999999999;51140.24;1.4551915228366852e-11;-1.4551915228366852e-11;-7.275957614183426e-12;eev,integrated,separated,ws;lintim;SiouxFalls;SiouxFalls;True;False;1e-05;6000;1;2;20;1000;5000;-5;50;0.75;2;55;50;10;10;16;1315;1315
12429034;316;g_000;1;1;38;line_consecutive;0.5;1316;8;12;5-9;3,9;51271.239999999976;51402.24000000001;62169.65999999999;62169.66;131.00000000003638;10767.419999999976;10767.419999999993;eev,integrated,separated,ws;lintim;SiouxFalls;SiouxFalls;True;False;1e-05;6000;1;2;20;1000;5000;-5;50;0.75;2;55;50;10;10;16;1316;1316
12429034;317;g_000;1;1;38;line_consecutive;0.5;1317;8;13;8-9;3,7;51140.23999999999;51140.240000000005;51140.23999999999;51140.23999999999;1.4551915228366852e-11;-1.4551915228366852e-11;-1.4551915228366852e-11;eev,integrated,separated,ws;lintim;SiouxFalls;SiouxFalls;True;False;1e-05;6000;1;2;20;1000;5000;-5;50;0.75;2;55;50;10;10;16;1317;1317
12429034;318;g_000;1;1;38;line_consecutive;0.5;1318;8;14;7-8;3,7,11;51140.23999999999;51140.2399999995;51140.23999999999;51140.240000000005;-4.874891601502894e-10;4.874891601502894e-10;5.020410753786564e-10;eev,integrated,separated,ws;lintim;SiouxFalls;SiouxFalls;True;False;1e-05;6000;1;2;20;1000;5000;-5;50;0.75;2;55;50;10;10;16;1318;1318
12429034;319;g_000;1;1;38;line_consecutive;0.5;1319;8;15;7-18;3,11;51140.23999999999;51140.24000000001;51140.23999999999;51140.23999999999;2.182787284255028e-11;-2.182787284255028e-11;-2.182787284255028e-11;eev,integrated,separated,ws;lintim;SiouxFalls;SiouxFalls;True;False;1e-05;6000;1;2;20;1000;5000;-5;50;0.75;2;55;50;10;10;16;1319;1319
12429034;320;g_000;1;1;38;line_consecutive;0.5;1320;8;16;1-3;4,8,12;80935.8;87774.29499999524;110310.64;110310.64;6838.494999995237;22536.34500000476;22536.34500000476;eev,integrated,separated,ws;lintim;SiouxFalls;SiouxFalls;True;False;1e-05;6000;1;2;20;1000;5000;-5;50;0.75;2;55;50;10;10;16;1320;1320
12429034;321;g_000;1;1;38;line_consecutive;0.5;1321;8;17;4-11;4;54638.48999999999;58136.740000000005;108913.715;108913.715;3498.2500000000146;50776.97499999999;50776.97499999999;eev,integrated,separated,ws;lintim;SiouxFalls;SiouxFalls;True;False;1e-05;6000;1;2;20;1000;5000;-5;50;0.75;2;55;50;10;10;16;1321;1321
12429034;322;g_000;1;1;38;line_consecutive;0.5;1322;8;18;11-14;4,8,10;58653.46;66166.68000000001;125493.69499999998;125493.69499999998;7513.220000000008;59327.01499999997;59327.01499999997;eev,integrated,separated,ws;lintim;SiouxFalls;SiouxFalls;True;False;1e-05;6000;1;2;20;1000;5000;-5;50;0.75;2;55;50;10;10;16;1322;1322
12429034;323;g_000;1;1;38;line_consecutive;0.5;1323;8;19;14-23;4,10;56512.490000000005;61884.7399998929;122351.805;122351.805;5372.249999892898;60467.06500010709;60467.06500010709;eev,integrated,separated,ws;lintim;SiouxFalls;SiouxFalls;True;False;1e-05;6000;1;2;20;1000;5000;-5;50;0.75;2;55;50;10;10;16;1323;1323
12429034;324;g_000;1;1;38;line_consecutive;0.5;1324;8;20;23-24;4;54638.48999999999;58136.74000000609;108913.715;108913.715;3498.2500000060973;50776.97499999391;50776.97499999391;eev,integrated,separated,ws;lintim;SiouxFalls;SiouxFalls;True;False;1e-05;6000;1;2;20;1000;5000;-5;50;0.75;2;55;50;10;10;16;1324;1324
12429034;325;g_000;1;1;38;line_consecutive;0.5;1325;8;21;10-15;5,9;52242.85999999999;53345.47999999996;68259.87;68259.87;1102.6199999999662;14914.390000000036;14914.390000000036;eev,integrated,separated,ws;lintim;SiouxFalls;SiouxFalls;True;False;1e-05;6000;1;2;20;1000;5000;-5;50;0.75;2;55;50;10;10;16;1325;1325
12429034;326;g_000;1;1;38;line_consecutive;0.5;1326;8;22;15-22;5,13;54218.06999999999;57295.90000000002;69819.4;69819.40000000001;3077.830000000031;12523.49999999997;12523.499999999984;eev,integrated,separated,ws;lintim;SiouxFalls;SiouxFalls;True;False;1e-05;6000;1;2;20;1000;5000;-5;50;0.75;2;55;50;10;10;16;1326;1326
12429034;327;g_000;1;1;38;line_consecutive;0.5;1327;8;23;22-23;5;51792.37999999997;52444.52000000001;57112.595;57112.595;652.1400000000431;4668.07499999999;4668.07499999999;eev,integrated,separated,ws;lintim;SiouxFalls;SiouxFalls;True;False;1e-05;6000;1;2;20;1000;5000;-5;50;0.75;2;55;50;10;10;16;1327;1327
12429034;328;g_000;1;1;38;line_consecutive;0.5;1328;8;24;13-24;6;53792.56;56444.880000000005;68522.08499999999;68522.08499999999;2652.320000000007;12077.204999999987;12077.204999999987;eev,integrated,separated,ws;lintim;SiouxFalls;SiouxFalls;True;False;1e-05;6000;1;2;20;1000;5000;-5;50;0.75;2;55;50;10;10;16;1328;1328
12429034;329;g_000;1;1;38;line_consecutive;0.5;1329;8;25;21-24;6;53792.55999999999;56444.87999999999;68522.08499999999;68522.08499999999;2652.32;12077.205000000002;12077.205000000002;eev,integrated,separated,ws;lintim;SiouxFalls;SiouxFalls;True;False;1e-05;6000;1;2;20;1000;5000;-5;50;0.75;2;55;50;10;10;16;1329;1329
12429034;330;g_000;1;1;38;line_consecutive;0.5;1330;8;26;20-21;6;53792.56;56444.87999999999;68522.08499999999;68522.08499999999;2652.3199999999924;12077.205000000002;12077.205000000002;eev,integrated,separated,ws;lintim;SiouxFalls;SiouxFalls;True;False;1e-05;6000;1;2;20;1000;5000;-5;50;0.75;2;55;50;10;10;16;1330;1330
12429034;331;g_000;1;1;38;line_consecutive;0.5;1331;8;27;9-10;7,9;51773.55;52406.86000000001;62169.65999999999;62169.66;633.310000000005;9762.79999999998;9762.799999999996;eev,integrated,separated,ws;lintim;SiouxFalls;SiouxFalls;True;False;1e-05;6000;1;2;20;1000;5000;-5;50;0.75;2;55;50;10;10;16;1331;1331
12429034;332;g_000;1;1;38;line_consecutive;0.5;1332;8;28;3-12;8,12;51140.23999999999;51140.24000000001;51140.23999999999;51140.23999999999;2.182787284255028e-11;-2.182787284255028e-11;-2.182787284255028e-11;eev,integrated,separated,ws;lintim;SiouxFalls;SiouxFalls;True;False;1e-05;6000;1;2;20;1000;5000;-5;50;0.75;2;55;50;10;10;16;1332;1332
12429034;333;g_000;1;1;38;line_consecutive;0.5;1333;8;29;5-6;9;51271.23999999999;51402.24000000001;62169.65999999999;62169.66;131.00000000002183;10767.419999999976;10767.419999999993;eev,integrated,separated,ws;lintim;SiouxFalls;SiouxFalls;True;False;1e-05;6000;1;2;20;1000;5000;-5;50;0.75;2;55;50;10;10;16;1333;1333
12429034;334;g_000;1;1;38;line_consecutive;0.5;1334;8;30;15-19;9,13,14;51730.350000000006;52320.46000000001;78694.375;78694.375;590.1100000000006;26373.914999999997;26373.914999999997;eev,integrated,separated,ws;lintim;SiouxFalls;SiouxFalls;True;False;1e-05;6000;1;2;20;1000;5000;-5;50;0.75;2;55;50;10;10;16;1334;1334
12429034;335;g_000;1;1;38;line_consecutive;0.5;1335;8;31;20-22;11;51140.23999999999;51140.240000000005;51140.23999999999;51140.240000000005;1.4551915228366852e-11;-1.4551915228366852e-11;0.0;eev,integrated,separated,ws;lintim;SiouxFalls;SiouxFalls;True;False;1e-05;6000;1;2;20;1000;5000;-5;50;0.75;2;55;50;10;10;16;1335;1335
12429034;336;g_000;1;1;38;line_consecutive;0.5;1336;8;32;18-20;11;51140.23999999999;51140.24000000001;51140.23999999999;51140.240000000005;2.182787284255028e-11;-2.182787284255028e-11;-7.275957614183426e-12;eev,integrated,separated,ws;lintim;SiouxFalls;SiouxFalls;True;False;1e-05;6000;1;2;20;1000;5000;-5;50;0.75;2;55;50;10;10;16;1336;1336
12429034;337;g_000;1;1;38;line_consecutive;0.5;1337;8;33;12-13;12;51140.23999999999;51140.240000000005;51140.23999999999;51140.24;1.4551915228366852e-11;-1.4551915228366852e-11;-7.275957614183426e-12;eev,integrated,separated,ws;lintim;SiouxFalls;SiouxFalls;True;False;1e-05;6000;1;2;20;1000;5000;-5;50;0.75;2;55;50;10;10;16;1337;1337
12429034;338;g_000;1;1;38;line_consecutive;0.5;1338;8;34;1-2;12;51140.23999999999;51140.24000000001;51140.23999999999;51140.24;2.182787284255028e-11;-2.182787284255028e-11;-1.4551915228366852e-11;eev,integrated,separated,ws;lintim;SiouxFalls;SiouxFalls;True;False;1e-05;6000;1;2;20;1000;5000;-5;50;0.75;2;55;50;10;10;16;1338;1338
12429034;339;g_000;1;1;38;line_consecutive;0.5;1339;8;35;21-22;13;51402.15999999999;51664.08000000001;59880.22499999999;59880.22499999999;261.9200000000201;8216.144999999982;8216.144999999982;eev,integrated,separated,ws;lintim;SiouxFalls;SiouxFalls;True;False;1e-05;6000;1;2;20;1000;5000;-5;50;0.75;2;55;50;10;10;16;1339;1339
12429034;340;g_000;1;1;38;line_consecutive;0.5;1340;8;36;14-15;14;51307.5;51474.76000001174;58753.87;58753.87;167.26000001173816;7279.109999988264;7279.109999988264;eev,integrated,separated,ws;lintim;SiouxFalls;SiouxFalls;True;False;1e-05;6000;1;2;20;1000;5000;-5;50;0.75;2;55;50;10;10;16;1340;1340
12429034;341;g_000;1;1;38;line_consecutive;0.5;1341;8;37;10-17;14;51307.49999999999;51474.75999999943;58753.87;58753.87;167.2599999994345;7279.110000000575;7279.110000000575;eev,integrated,separated,ws;lintim;SiouxFalls;SiouxFalls;True;False;1e-05;6000;1;2;20;1000;5000;-5;50;0.75;2;55;50;10;10;16;1341;1341
