source;network;scenario_line_data;procedure;routing_agg;waiting_time_frequency;gap;time_limit;travel_time_cost_mult;waiting_time_cost_mult;line_operation_cost_mult;cost_repl_freq;cost_repl_line;repl_budget;bypass_multiplier;overdemand_threshold;overdemand_multiplier;num_od;train_capacity;infrastructure_capacity;max_frequency;threads;scenario_infra_id;scenario_prob_id;case_k;case_per_run;case_variants;case_selection;case_p_fail;case_id;case_sweep_row;case_variant_idx;case_edges;case_lines;run_group_id;status_code;status;objective;runtime_s;opt_gap;cost_time;cost_time_base;cost_time_over;cost_bypass;cost_wait;cost_oper;obj_stage1;obj_stage2_exp;repl_cost_freq_exp;repl_cost_path_exp;repl_cost_exp;variant
lintim;SiouxFalls;SiouxFalls;ws;True;False;1e-05;6000;1;2;20;50;200;-5;50;0.75;2;150;50;10;10;16;1025;1025;1;1;5;line_consecutive;0.5;1025;5;0;14-15;14;g_000;2;OPTIMAL;109352.69999999998;173.23559498786926;0.0;73084.51999999993;71005.57999999993;2078.9399999999955;0.0;15401.779999999995;20866.4;54676.34999999997;54676.34999999999;0.0;0.0;0.0;flat (waiting_freq=False)
lintim;SiouxFalls;SiouxFalls;integrated;True;False;1e-05;6000;1;2;20;50;200;-5;50;0.75;2;150;50;10;10;16;1025;1025;1;1;5;line_consecutive;0.5;1025;5;0;14-15;14;g_000;2;OPTIMAL;109623.57;209.59325408935547;0.0;73237.41999999997;71039.41999999995;2197.9999999999995;0.0;15093.85;20915.8;54498.65000000002;55124.92000000001;376.5;0.0;376.5;flat (waiting_freq=False)
lintim;SiouxFalls;SiouxFalls;separated;True;False;1e-05;6000;1;2;20;50;200;-5;50;0.75;2;150;50;10;10;16;1025;1025;1;1;5;line_consecutive;0.5;1025;5;0;14-15;14;g_000;2;OPTIMAL;110088.84499999996;7.36332106590271;0.0;73401.15499999997;70704.52999999997;2696.624999999999;0.0;15415.09;20519.6;54425.06999999997;55663.775;752.9999999999999;0.0;752.9999999999999;flat (waiting_freq=False)
lintim;SiouxFalls;SiouxFalls;eev;True;False;1e-05;6000;1;2;20;50;200;-5;50;0.75;2;150;50;10;10;16;1025;1025;1;1;5;line_consecutive;0.5;1025;5;0;14-15;14;g_000;2;OPTIMAL;110088.845;9.853673934936523;0.0;73401.155;70704.53;2696.624999999998;0.0;15415.09;20519.6;54425.07;55663.775;752.9999999999999;0.0;752.9999999999999;flat (waiting_freq=False)
lintim;SiouxFalls;SiouxFalls;ws;True;False;1e-05;6000;1;2;20;50;200;-5;50;0.75;2;150;50;10;10;16;1029;1029;1;1;5;line_consecutive;0.5;1029;5;4;20-22;11;g_000;2;OPTIMAL;108850.13999999998;198.5617089271545;0.0;72676.01999999996;70403.47999999995;2272.5399999999954;0.0;15353.319999999994;20820.8;54425.07000000001;54425.06999999996;0.0;0.0;0.0;flat (waiting_freq=False)
lintim;SiouxFalls;SiouxFalls;integrated;True;False;1e-05;6000;1;2;20;50;200;-5;50;0.75;2;150;50;10;10;16;1029;1029;1;1;5;line_consecutive;0.5;1029;5;4;20-22;11;g_000;2;OPTIMAL;108850.13999999534;140.41152715682983;0.0;72676.02000000299;70403.48000000406;2272.5399999989118;0.0;15353.319999992334;20820.8;54425.0699999972;54425.06999999811;0.0;0.0;0.0;flat (waiting_freq=False)
lintim;SiouxFalls;SiouxFalls;separated;True;False;1e-05;6000;1;2;20;50;200;-5;50;0.75;2;150;50;10;10;16;1029;1029;1;1;5;line_consecutive;0.5;1029;5;4;20-22;11;g_000;2;OPTIMAL;108850.13999999996;8.134570360183716;0.0;72676.01999999996;70403.47999999995;2272.539999999998;0.0;15353.32;20820.8;54425.06999999997;54425.06999999999;0.0;0.0;0.0;flat (waiting_freq=False)
lintim;SiouxFalls;SiouxFalls;eev;True;False;1e-05;6000;1;2;20;50;200;-5;50;0.75;2;150;50;10;10;16;1029;1029;1;1;5;line_consecutive;0.5;1029;5;4;20-22;11;g_000;2;OPTIMAL;108850.13999999998;6.602636098861694;0.0;72676.01999999997;70403.47999999998;2272.539999999999;0.0;15353.32;20820.8;54425.06999999999;54425.06999999999;0.0;0.0;0.0;flat (waiting_freq=False)
lintim;SiouxFalls;SiouxFalls;ws;True;False;1e-05;6000;1;2;20;50;200;-5;50;0.75;2;500;50;10;10;16;1063;1063;1;1;5;line_consecutive;0.5;1063;12;3;16-17;2,13;g_000;2;OPTIMAL;175402.12;603.7677891254425;0.0;117907.07999999996;115275.82999999996;2631.2499999999995;0.0;23311.839999999997;28869.200000000004;83762.09500000003;91640.02500000002;890.0;4424.0;5314.0;flat (waiting_freq=False)
lintim;SiouxFalls;SiouxFalls;integrated;True;False;1e-05;6000;1;2;20;50;200;-5;50;0.75;2;500;50;10;10;16;1063;1063;1;1;5;line_consecutive;0.5;1063;12;3;16-17;2,13;g_000;2;OPTIMAL;175985.52499999932;1261.4717061519625;0.0;117204.805;114871.79499999998;2333.010000000004;0.0;23271.51999999927;29735.20000000001;83661.81999999925;92323.70499999996;1350.0;4424.0;5774.0;flat (waiting_freq=False)
lintim;SiouxFalls;SiouxFalls;separated;True;False;1e-05;6000;1;2;20;50;200;-5;50;0.75;2;500;50;10;10;16;1063;1063;1;1;5;line_consecutive;0.5;1063;12;3;16-17;2,13;g_000;2;OPTIMAL;177569.49499999994;156.941339969635;0.0;119059.555;115472.955;3586.6;260.09999999999815;23256.24;27733.6;83383.37999999998;94186.11499999998;2836.0;4424.0;7260.0;flat (waiting_freq=False)
lintim;SiouxFalls;SiouxFalls;eev;True;False;1e-05;6000;1;2;20;50;200;-5;50;0.75;2;500;50;10;10;16;1063;1063;1;1;5;line_consecutive;0.5;1063;12;3;16-17;2,13;g_000;2;OPTIMAL;177164.1;103.4166510105133;0.0;118469.88999999998;116049.4;2420.49;0.0;23677.009999999995;29703.200000000004;85145.36000000002;92018.74;890.0;4424.0;5314.0;flat (waiting_freq=False)
lintim;SiouxFalls;SiouxFalls;ws;True;False;1e-05;6000;1;2;20;50;200;-5;50;0.75;2;200;50;10;10;16;1030;1030;1;1;5;line_consecutive;0.5;1030;6;0;9-10;7,9;g_000;2;OPTIMAL;129432.90500000004;333.3853671550751;0.0;87006.055;84107.04999999999;2899.0050000000074;0.0;18165.25;23811.6;63867.32999999999;65565.57499999995;450.0;0.0;450.0;flat (waiting_freq=False)
lintim;SiouxFalls;SiouxFalls;integrated;True;False;1e-05;6000;1;2;20;50;200;-5;50;0.75;2;200;50;10;10;16;1030;1030;1;1;5;line_consecutive;0.5;1030;6;0;9-10;7,9;g_000;2;OPTIMAL;129991.295;337.0090410709381;0.0;86710.185;83518.485;3191.699999999996;0.0;18250.310000000005;23320.799999999992;63606.499999999935;66384.79500000009;430.00000000000006;1280.0;1710.0;flat (waiting_freq=False)
lintim;SiouxFalls;SiouxFalls;separated;True;False;1e-05;6000;1;2;20;50;200;-5;50;0.75;2;200;50;10;10;16;1030;1030;1;1;5;line_consecutive;0.5;1030;6;0;9-10;7,9;g_000;2;OPTIMAL;132413.85;98.43755078315736;0.0;86638.30000000002;83542.99500000002;3095.3049999999994;0.0;17934.749999999996;23140.8;63166.900000000016;69246.95;3420.0;1280.0;4700.0;flat (waiting_freq=False)
lintim;SiouxFalls;SiouxFalls;eev;True;False;1e-05;6000;1;2;20;50;200;-5;50;0.75;2;200;50;10;10;16;1030;1030;1;1;5;line_consecutive;0.5;1030;6;0;9-10;7,9;g_000;2;OPTIMAL;132413.85;96.2241668701172;0.0;86638.30000000002;83542.995;3095.305;0.0;17934.75;23140.8;63166.90000000001;69246.95;3420.0;1280.0;4700.0;flat (waiting_freq=False)
lintim;SiouxFalls;SiouxFalls;ws;True;False;1e-05;6000;1;2;20;50;200;-5;50;0.75;2;25;50;10;10;16;1008;1008;1;1;5;line_consecutive;0.5;1008;1;3;22-23;5;g_000;2;OPTIMAL;28305.200000000004;34.5670850276947;0.0;15549.380000000005;14976.400000000003;572.9800000000017;0.0;4142.619999999999;8613.2;14152.600000000006;14152.600000000006;0.0;0.0;0.0;flat (waiting_freq=False)
lintim;SiouxFalls;SiouxFalls;integrated;True;False;1e-05;6000;1;2;20;50;200;-5;50;0.75;2;25;50;10;10;16;1008;1008;1;1;5;line_consecutive;0.5;1008;1;3;22-23;5;g_000;2;OPTIMAL;28629.300000001684;35.031288146972656;0.0;15461.550000000008;14882.820000000009;578.7300000000005;0.0;4133.350000001679;9034.4;14314.650000000003;14314.650000001677;0.0;0.0;0.0;flat (waiting_freq=False)
lintim;SiouxFalls;SiouxFalls;separated;True;False;1e-05;6000;1;2;20;50;200;-5;50;0.75;2;25;50;10;10;16;1008;1008;1;1;5;line_consecutive;0.5;1008;1;3;22-23;5;g_000;2;OPTIMAL;29229.649973505177;1.1364569664001465;0.0;15596.169975850593;15011.6899773265;584.4799985240926;0.0;4144.379997654585;8402.6;13990.549973505174;15239.100000000002;1086.5;0.0;1086.5;flat (waiting_freq=False)
lintim;SiouxFalls;SiouxFalls;eev;True;False;1e-05;6000;1;2;20;50;200;-5;50;0.75;2;25;50;10;10;16;1008;1008;1;1;5;line_consecutive;0.5;1008;1;3;22-23;5;g_000;2;OPTIMAL;29229.649972970376;1.1375181674957275;0.0;15596.169975311424;15011.689976792011;584.4799985194106;0.0;4144.379997658954;8402.6;13990.549972970372;15239.100000000002;1086.5;0.0;1086.5;flat (waiting_freq=False)
lintim;SiouxFalls;SiouxFalls;ws;True;False;1e-05;6000;1;2;20;50;200;-5;50;0.75;2;150;50;10;10;16;1027;1027;1;1;5;line_consecutive;0.5;1027;5;2;5-6;9;g_000;2;OPTIMAL;109552.06999999998;185.64767789840695;0.0;72964.84999999995;70653.32999999994;2311.519999999995;0.0;15435.619999999992;21151.6;54776.03499999999;54776.035;0.0;0.0;0.0;flat (waiting_freq=False)
lintim;SiouxFalls;SiouxFalls;integrated;True;False;1e-05;6000;1;2;20;50;200;-5;50;0.75;2;150;50;10;10;16;1027;1027;1;1;5;line_consecutive;0.5;1027;5;2;5-6;9;g_000;2;OPTIMAL;110245.515;215.2547628879547;0.0;73237.14499999995;70919.54499999994;2317.6000000000004;0.0;15319.97;21238.4;54685.83999999997;55559.67499999999;450.0;0.0;450.0;flat (waiting_freq=False)
lintim;SiouxFalls;SiouxFalls;separated;True;False;1e-05;6000;1;2;20;50;200;-5;50;0.75;2;150;50;10;10;16;1027;1027;1;1;5;line_consecutive;0.5;1027;5;2;5-6;9;g_000;2;OPTIMAL;111508.38499999997;15.066457986831663;0.0;72768.28499999996;70365.84999999995;2402.4349999999995;1002.299999999999;15367.0;20640.8;54425.06999999997;57083.31499999999;450.0;1280.0;1730.0;flat (waiting_freq=False)
lintim;SiouxFalls;SiouxFalls;eev;True;False;1e-05;6000;1;2;20;50;200;-5;50;0.75;2;150;50;10;10;16;1027;1027;1;1;5;line_consecutive;0.5;1027;5;2;5-6;9;g_000;2;OPTIMAL;111508.38499999998;16.79180598258972;0.0;72768.28499999997;70365.84999999998;2402.4349999999995;1002.299999999999;15366.999999999998;20640.8;54425.06999999999;57083.31499999999;450.0;1280.0;1730.0;flat (waiting_freq=False)
lintim;SiouxFalls;SiouxFalls;ws;True;False;1e-05;6000;1;2;20;50;200;-5;50;0.75;2;550;50;10;10;16;1069;1069;1;1;5;line_consecutive;0.5;1069;13;4;5-9;3,9;g_000;2;OPTIMAL;174399.03499999997;566.7585780620575;0.0;119350.49499999992;116091.31999999992;3259.174999999999;0.0;23582.14;28456.4;85270.37999999993;89128.65500000001;450.0;2560.0;3010.0;flat (waiting_freq=False)
lintim;SiouxFalls;SiouxFalls;integrated;True;False;1e-05;6000;1;2;20;50;200;-5;50;0.75;2;550;50;10;10;16;1069;1069;1;1;5;line_consecutive;0.5;1069;13;4;5-9;3,9;g_000;2;OPTIMAL;174930.51999999964;1530.168081998825;0.0;119216.97999999965;116192.21999999964;3024.7599999999984;464.0999999999983;23616.64;28172.8;85161.69999999997;89768.81999999967;900.0;2560.0;3460.0;flat (waiting_freq=False)
lintim;SiouxFalls;SiouxFalls;separated;True;False;1e-05;6000;1;2;20;50;200;-5;50;0.75;2;550;50;10;10;16;1069;1069;1;1;5;line_consecutive;0.5;1069;13;4;5-9;3,9;g_000;2;OPTIMAL;175762.3149999999;106.05701637268066;0.0;118786.05499999988;115866.80999999988;2919.244999999999;464.0999999999958;23441.36;27880.800000000003;84778.22999999988;90984.085;1350.0;3840.0;5190.0;flat (waiting_freq=False)
lintim;SiouxFalls;SiouxFalls;eev;True;False;1e-05;6000;1;2;20;50;200;-5;50;0.75;2;550;50;10;10;16;1069;1069;1;1;5;line_consecutive;0.5;1069;13;4;5-9;3,9;g_000;2;OPTIMAL;175256.9899999999;60.6606810092926;0.0;118902.06999999988;115633.2649999999;3268.8049999999976;464.1000000000017;23242.42;28338.4;84779.15999999992;90477.83;1750.0;2560.0;4310.0;flat (waiting_freq=False)
lintim;SiouxFalls;SiouxFalls;ws;True;False;1e-05;6000;1;2;20;50;200;-5;50;0.75;2;75;50;10;10;16;1017;1017;1;1;5;line_consecutive;0.5;1017;3;2;5-6;9;g_000;2;OPTIMAL;63825.7;75.06760287284851;0.0;40228.360000000015;39066.31500000002;1162.0450000000003;211.8000000000137;9391.139999999998;13994.4;31912.85000000001;31912.85000000001;0.0;0.0;0.0;flat (waiting_freq=False)
lintim;SiouxFalls;SiouxFalls;integrated;True;False;1e-05;6000;1;2;20;50;200;-5;50;0.75;2;75;50;10;10;16;1017;1017;1;1;5;line_consecutive;0.5;1017;3;2;5-6;9;g_000;2;OPTIMAL;63905.6;78.32856702804565;0.0;40361.92;39049.990000000005;1311.9299999999996;423.6000000000018;9477.68;13642.4;31952.800000000007;31952.800000000017;0.0;0.0;0.0;flat (waiting_freq=False)
lintim;SiouxFalls;SiouxFalls;separated;True;False;1e-05;6000;1;2;20;50;200;-5;50;0.75;2;75;50;10;10;16;1017;1017;1;1;5;line_consecutive;0.5;1017;3;2;5-6;9;g_000;2;OPTIMAL;65145.74999998392;4.577819108963013;0.0;40161.57999998711;39073.37499999281;1088.2049999942903;105.89999999999404;9347.869999996834;14170.4;31872.900000000005;33272.84999998392;1360.0;0.0;1360.0;flat (waiting_freq=False)
lintim;SiouxFalls;SiouxFalls;eev;True;False;1e-05;6000;1;2;20;50;200;-5;50;0.75;2;75;50;10;10;16;1017;1017;1;1;5;line_consecutive;0.5;1017;3;2;5-6;9;g_000;2;OPTIMAL;65145.74999998393;4.1853320598602295;0.0;40161.57999998711;39073.37499999282;1088.20499999429;105.89999999999404;9347.869999996834;14170.4;31872.90000000001;33272.84999998392;1360.0;0.0;1360.0;flat (waiting_freq=False)
lintim;SiouxFalls;SiouxFalls;ws;True;False;1e-05;6000;1;2;20;50;200;-5;50;0.75;2;500;50;10;10;16;1061;1061;1;1;5;line_consecutive;0.5;1061;12;1;14-15;14;g_000;2;OPTIMAL;167687.61000000002;433.7339351177216;0.0;116415.7999999999;114072.86999999992;2342.9300000000003;0.0;23181.410000000007;28090.400000000005;83843.80500000002;83843.80499999992;0.0;0.0;0.0;flat (waiting_freq=False)
lintim;SiouxFalls;SiouxFalls;integrated;True;False;1e-05;6000;1;2;20;50;200;-5;50;0.75;2;500;50;10;10;16;1061;1061;1;1;5;line_consecutive;0.5;1061;12;1;14-15;14;g_000;2;OPTIMAL;167794.235;502.8267550468445;0.0;115964.71500000004;114003.33000000002;1961.3849999999984;0.0;23017.219999999998;28435.800000000003;83460.60999999997;84333.62499999997;376.5;0.0;376.5;flat (waiting_freq=False)
lintim;SiouxFalls;SiouxFalls;separated;True;False;1e-05;6000;1;2;20;50;200;-5;50;0.75;2;500;50;10;10;16;1061;1061;1;1;5;line_consecutive;0.5;1061;12;1;14-15;14;g_000;2;OPTIMAL;168227.28999999998;16.408146142959595;0.0;116834.25999999998;113785.17499999996;3049.084999999998;0.0;23144.43;27495.60000000001;83383.37999999998;84843.90999999999;752.9999999999999;0.0;752.9999999999999;flat (waiting_freq=False)
lintim;SiouxFalls;SiouxFalls;eev;True;False;1e-05;6000;1;2;20;50;200;-5;50;0.75;2;500;50;10;10;16;1061;1061;1;1;5;line_consecutive;0.5;1061;12;1;14-15;14;g_000;2;OPTIMAL;168227.28999999992;17.920413970947266;0.0;116840.49999999994;113789.27499999997;3051.2249999999985;0.0;23138.19;27495.60000000001;83383.37999999995;84843.90999999999;752.9999999999999;0.0;752.9999999999999;flat (waiting_freq=False)
lintim;SiouxFalls;SiouxFalls;ws;True;False;1e-05;6000;1;2;20;50;200;-5;50;0.75;2;300;50;10;10;16;1042;1042;1;1;5;line_consecutive;0.5;1042;8;2;14-23;4,10;g_000;2;OPTIMAL;153199.565;594.2706451416016;0.0;103265.03500000002;99573.17500000002;3691.859999999998;0.0;20710.13;26284.4;74182.52999999997;79017.03499999997;540.0;2400.0;2940.0;flat (waiting_freq=False)
lintim;SiouxFalls;SiouxFalls;integrated;True;False;1e-05;6000;1;2;20;50;200;-5;50;0.75;2;300;50;10;10;16;1042;1042;1;1;5;line_consecutive;0.5;1042;8;2;14-23;4,10;g_000;2;OPTIMAL;154098.05999999997;927.6356167793274;0.0;103573.16999999993;99761.41499999996;3811.7549999999983;0.0;20526.49;25418.399999999998;73662.50999999998;80435.54999999996;980.0;3600.0;4580.0;flat (waiting_freq=False)
lintim;SiouxFalls;SiouxFalls;separated;True;False;1e-05;6000;1;2;20;50;200;-5;50;0.75;2;300;50;10;10;16;1042;1042;1;1;5;line_consecutive;0.5;1042;8;2;14-23;4,10;g_000;2;OPTIMAL;156959.98999999993;215.54291796684265;0.0;102808.51999999992;99396.3949999999;3412.124999999998;0.0;20466.669999999995;25204.8;73169.63999999994;83790.35;3680.0;4800.0;8480.0;flat (waiting_freq=False)
lintim;SiouxFalls;SiouxFalls;eev;True;False;1e-05;6000;1;2;20;50;200;-5;50;0.75;2;300;50;10;10;16;1042;1042;1;1;5;line_consecutive;0.5;1042;8;2;14-23;4,10;g_000;2;OPTIMAL;154594.03999999998;166.62117528915405;0.0;103412.69999999998;99289.955;4122.744999999997;0.0;20700.54;24860.8;73590.53999999998;81003.5;820.0;4800.0;5620.0;flat (waiting_freq=False)
lintim;SiouxFalls;SiouxFalls;ws;True;False;1e-05;6000;1;2;20;50;200;-5;50;0.75;2;550;50;10;10;16;1065;1065;1;1;5;line_consecutive;0.5;1065;13;0;8-9;3,7;g_000;2;OPTIMAL;171507.565;912.8995831012726;0.0;118039.12499999988;115557.43999999989;2481.6850000000004;0.0;23434.84;28753.6;85070.91499999994;86436.65;0.0;1280.0;1280.0;flat (waiting_freq=False)
lintim;SiouxFalls;SiouxFalls;integrated;True;False;1e-05;6000;1;2;20;50;200;-5;50;0.75;2;550;50;10;10;16;1065;1065;1;1;5;line_consecutive;0.5;1065;13;0;8-9;3,7;g_000;2;OPTIMAL;172092.93500000008;786.1715931892395;0.0;118238.51499999994;115352.58999999994;2885.9249999999965;0.0;23488.02;29086.4;85363.60000000005;86729.33500000004;0.0;1280.0;1280.0;flat (waiting_freq=False)
lintim;SiouxFalls;SiouxFalls;separated;True;False;1e-05;6000;1;2;20;50;200;-5;50;0.75;2;550;50;10;10;16;1065;1065;1;1;5;line_consecutive;0.5;1065;13;0;8-9;3,7;g_000;2;OPTIMAL;173179.65999999648;110.5264937877655;0.0;119111.35999999798;115880.084999998;3231.274999999999;0.0;23557.499999998487;27880.800000000003;84778.22999999988;88401.42999999659;1350.0000000000002;1280.0;2630.0;flat (waiting_freq=False)
lintim;SiouxFalls;SiouxFalls;eev;True;False;1e-05;6000;1;2;20;50;200;-5;50;0.75;2;550;50;10;10;16;1065;1065;1;1;5;line_consecutive;0.5;1065;13;0;8-9;3,7;g_000;2;OPTIMAL;173179.65999999648;103.71272730827332;0.0;119115.119999998;115880.584999998;3234.5349999999994;0.0;23553.739999998485;27880.800000000003;84778.2299999999;88401.42999999659;1350.0000000000002;1280.0;2630.0;flat (waiting_freq=False)
lintim;SiouxFalls;SiouxFalls;ws;True;False;1e-05;6000;1;2;20;50;200;-5;50;0.75;2;250;50;10;10;16;1039;1039;1;1;5;line_consecutive;0.5;1039;7;4;17-19;2,13,14;g_000;2;OPTIMAL;155830.73499999644;586.0316689014435;9.31405909580592e-06;96105.54499999658;93330.5599999982;2774.984999998387;5245.750000000001;19339.639999999825;25538.3;69645.45499999865;86185.27999999782;836.4999999999999;8765.0;9601.5;flat (waiting_freq=False)
lintim;SiouxFalls;SiouxFalls;integrated;True;False;1e-05;6000;1;2;20;50;200;-5;50;0.75;2;250;50;10;10;16;1039;1039;1;1;5;line_consecutive;0.5;1039;7;4;17-19;2,13,14;g_000;2;OPTIMAL;157035.22499999998;928.4083781242372;0.0;95710.63499999997;93256.64499999996;2453.9900000000152;5245.7499999999945;19199.43999999998;26537.9;69723.13999999997;87312.08500000008;1576.5;8765.0;10341.5;flat (waiting_freq=False)
lintim;SiouxFalls;SiouxFalls;separated;True;False;1e-05;6000;1;2;20;50;200;-5;50;0.75;2;250;50;10;10;16;1039;1039;1;1;5;line_consecutive;0.5;1039;7;4;17-19;2,13,14;g_000;2;OPTIMAL;158721.685;207.6975948810577;0.0;96013.225;93086.18;2927.045;6420.849999999999;19357.11;24926.5;68949.52999999998;89772.155;3239.0;8765.0;12004.0;flat (waiting_freq=False)
lintim;SiouxFalls;SiouxFalls;eev;True;False;1e-05;6000;1;2;20;50;200;-5;50;0.75;2;250;50;10;10;16;1039;1039;1;1;5;line_consecutive;0.5;1039;7;4;17-19;2,13,14;g_000;2;OPTIMAL;160760.81;133.9179289340973;0.0;98162.74;95113.11;3049.629999999999;6795.850000000002;19805.42;26794.8;71611.72;89149.09;1470.0;7732.0;9202.0;flat (waiting_freq=False)
lintim;SiouxFalls;SiouxFalls;ws;True;False;1e-05;6000;1;2;20;50;200;-5;50;0.75;2;100;50;10;10;16;1020;1020;1;1;5;line_consecutive;0.5;1020;4;0;10-11;1,7,10;g_000;2;OPTIMAL;88799.16500000001;306.3160939216614;0.0;57550.36499999998;55466.20499999999;2084.1599999999994;0.0;12656.000000000002;17852.8;42685.39;46113.77499999999;740.0;0.0;740.0;flat (waiting_freq=False)
lintim;SiouxFalls;SiouxFalls;integrated;True;False;1e-05;6000;1;2;20;50;200;-5;50;0.75;2;100;50;10;10;16;1020;1020;1;1;5;line_consecutive;0.5;1020;4;0;10-11;1,7,10;g_000;2;OPTIMAL;90330.845;381.9072279930115;0.0;56960.145;55082.775;1877.3699999999997;0.0;12713.9;18236.800000000003;42599.93;47730.91499999998;740.0;1680.0;2420.0;flat (waiting_freq=False)
lintim;SiouxFalls;SiouxFalls;separated;True;False;1e-05;6000;1;2;20;50;200;-5;50;0.75;2;100;50;10;10;16;1020;1020;1;1;5;line_consecutive;0.5;1020;4;0;10-11;1,7,10;g_000;2;OPTIMAL;91209.83999998627;140.89616012573242;0.0;56801.88999998917;55013.68999999222;1788.1999999969516;0.0;12308.449999997116;17213.0;41557.76999999999;49652.0699999863;3206.5;1680.0;4886.5;flat (waiting_freq=False)
lintim;SiouxFalls;SiouxFalls;eev;True;False;1e-05;6000;1;2;20;50;200;-5;50;0.75;2;100;50;10;10;16;1020;1020;1;1;5;line_consecutive;0.5;1020;4;0;10-11;1,7,10;g_000;2;OPTIMAL;91209.83999998627;141.03253316879272;0.0;56801.88999998916;55013.6899999922;1788.1999999969516;0.0;12308.449999997118;17213.0;41557.76999999999;49652.0699999863;3206.5;1680.0;4886.5;flat (waiting_freq=False)
lintim;SiouxFalls;SiouxFalls;ws;True;False;1e-05;6000;1;2;20;50;200;-5;50;0.75;2;400;50;10;10;16;1054;1054;1;1;5;line_consecutive;0.5;1054;10;4;21-22;13;g_000;2;OPTIMAL;159271.01;344.0422742366791;0.0;109009.2999999999;107178.2699999999;1831.0299999999988;0.0;22254.91;27576.800000000003;79135.2299999999;80135.77999999988;430.0;0.0;430.0;flat (waiting_freq=False)
lintim;SiouxFalls;SiouxFalls;integrated;True;False;1e-05;6000;1;2;20;50;200;-5;50;0.75;2;400;50;10;10;16;1054;1054;1;1;5;line_consecutive;0.5;1054;10;4;21-22;13;g_000;2;OPTIMAL;159291.55999999994;628.4664978981018;0.0;109035.93999999994;107169.39999999994;1866.539999999986;0.0;22296.82;27528.800000000003;79122.78999999994;80168.77;430.0;0.0;430.0;flat (waiting_freq=False)
lintim;SiouxFalls;SiouxFalls;separated;True;False;1e-05;6000;1;2;20;50;200;-5;50;0.75;2;400;50;10;10;16;1054;1054;1;1;5;line_consecutive;0.5;1054;10;4;21-22;13;g_000;2;OPTIMAL;159291.55999999994;10.605478763580322;0.0;109024.83999999995;107164.28999999996;1860.5499999999995;0.0;22307.92;27528.800000000003;79122.78999999995;80168.76999999999;430.0;0.0;430.0;flat (waiting_freq=False)
lintim;SiouxFalls;SiouxFalls;eev;True;False;1e-05;6000;1;2;20;50;200;-5;50;0.75;2;400;50;10;10;16;1054;1054;1;1;5;line_consecutive;0.5;1054;10;4;21-22;13;g_000;2;OPTIMAL;159291.55999999994;9.695775032043455;0.0;109023.03999999996;107160.68999999996;1862.3499999999997;0.0;22309.72;27528.800000000003;79122.78999999996;80168.76999999999;430.0;0.0;430.0;flat (waiting_freq=False)
lintim;SiouxFalls;SiouxFalls;ws;True;False;1e-05;6000;1;2;20;50;200;-5;50;0.75;2;10;50;10;10;16;1000;1000;1;1;5;line_consecutive;0.5;1000;0;0;12-13;12;g_000;2;OPTIMAL;13563.72;4.251380920410156;0.0;6536.760000000002;6086.980000000001;449.78000000000014;0.0;2066.96;4960.0;6781.860000000001;6781.860000000001;0.0;0.0;0.0;flat (waiting_freq=False)
lintim;SiouxFalls;SiouxFalls;integrated;True;False;1e-05;6000;1;2;20;50;200;-5;50;0.75;2;10;50;10;10;16;1000;1000;1;1;5;line_consecutive;0.5;1000;0;0;12-13;12;g_000;2;OPTIMAL;13563.72;7.516175031661987;0.0;6536.76;6086.98;449.7800000000009;0.0;2066.96;4960.0;6781.860000000003;6781.859999999997;0.0;0.0;0.0;flat (waiting_freq=False)
lintim;SiouxFalls;SiouxFalls;separated;True;False;1e-05;6000;1;2;20;50;200;-5;50;0.75;2;10;50;10;10;16;1000;1000;1;1;5;line_consecutive;0.5;1000;0;0;12-13;12;g_000;2;OPTIMAL;13563.72;0.4300973415374756;0.0;6536.760000000001;6086.9800000000005;449.78;0.0;2066.96;4960.0;6781.860000000001;6781.860000000001;0.0;0.0;0.0;flat (waiting_freq=False)
lintim;SiouxFalls;SiouxFalls;eev;True;False;1e-05;6000;1;2;20;50;200;-5;50;0.75;2;10;50;10;10;16;1000;1000;1;1;5;line_consecutive;0.5;1000;0;0;12-13;12;g_000;2;OPTIMAL;13563.72;0.413654088973999;0.0;6536.760000000001;6086.9800000000005;449.78;0.0;2066.96;4960.0;6781.860000000001;6781.860000000001;0.0;0.0;0.0;flat (waiting_freq=False)
lintim;SiouxFalls;SiouxFalls;ws;True;False;1e-05;6000;1;2;20;50;200;-5;50;0.75;2;300;50;10;10;16;1040;1040;1;1;5;line_consecutive;0.5;1040;8;0;22-23;5;g_000;2;OPTIMAL;148415.90500000003;321.0746657848358;0.0;101810.655;98649.625;3161.029999999999;0.0;20733.65;25591.6;73718.37499999997;74697.53;280.0;0.0;280.0;flat (waiting_freq=False)
lintim;SiouxFalls;SiouxFalls;integrated;True;False;1e-05;6000;1;2;20;50;200;-5;50;0.75;2;300;50;10;10;16;1040;1040;1;1;5;line_consecutive;0.5;1040;8;0;22-23;5;g_000;2;OPTIMAL;148975.11500000005;358.93458104133606;0.0;102034.74499999998;98743.915;3290.829999999999;0.0;20599.569999999992;25780.8;73554.02999999994;75421.08500000005;560.0;0.0;560.0;flat (waiting_freq=False)
lintim;SiouxFalls;SiouxFalls;separated;True;False;1e-05;6000;1;2;20;50;200;-5;50;0.75;2;300;50;10;10;16;1040;1040;1;1;5;line_consecutive;0.5;1040;8;0;22-23;5;g_000;2;OPTIMAL;149597.97499999992;29.351908206939697;0.0;101745.32499999992;98798.40499999993;2946.9199999999983;0.0;20479.849999999995;25172.800000000003;73169.63999999994;76428.33499999999;840.0;1360.0;2200.0;flat (waiting_freq=False)
lintim;SiouxFalls;SiouxFalls;eev;True;False;1e-05;6000;1;2;20;50;200;-5;50;0.75;2;300;50;10;10;16;1040;1040;1;1;5;line_consecutive;0.5;1040;8;0;22-23;5;g_000;2;OPTIMAL;149597.97499999992;29.87267804145813;0.0;101745.3249999999;98798.40499999988;2946.9199999999983;0.0;20479.85;25172.800000000003;73169.63999999993;76428.33499999999;840.0;1360.0;2200.0;flat (waiting_freq=False)
lintim;SiouxFalls;SiouxFalls;ws;True;False;1e-05;6000;1;2;20;50;200;-5;50;0.75;2;10;50;10;10;16;1004;1004;1;1;5;line_consecutive;0.5;1004;0;4;11-14;4,8,10;g_000;2;OPTIMAL;15936.649999999998;30.40022110939026;0.0;6924.129999999997;6368.779999999999;555.3499999999985;0.0;2084.5199999999995;5168.0;6977.455000000001;8959.194999999996;0.0;1760.0000000000002;1760.0000000000002;flat (waiting_freq=False)
lintim;SiouxFalls;SiouxFalls;integrated;True;False;1e-05;6000;1;2;20;50;200;-5;50;0.75;2;10;50;10;10;16;1004;1004;1;1;5;line_consecutive;0.5;1004;0;4;11-14;4,8,10;g_000;2;OPTIMAL;16327.84000000071;38.640305042266846;0.0;7160.119999999995;6493.579999999996;666.5399999999983;0.0;2103.7200000007133;5304.0;7173.05;9154.79000000071;0.0;1760.0000000000002;1760.0000000000002;flat (waiting_freq=False)
lintim;SiouxFalls;SiouxFalls;separated;True;False;1e-05;6000;1;2;20;50;200;-5;50;0.75;2;10;50;10;10;16;1004;1004;1;1;5;line_consecutive;0.5;1004;0;4;11-14;4,8,10;g_000;2;OPTIMAL;16991.055;14.030529737472534;0.0;6806.135000000001;6306.380000000001;499.755;0.0;2074.92;5100.0;6781.860000000001;10209.195;1250.0;1760.0000000000002;3010.0;flat (waiting_freq=False)
lintim;SiouxFalls;SiouxFalls;eev;True;False;1e-05;6000;1;2;20;50;200;-5;50;0.75;2;10;50;10;10;16;1004;1004;1;1;5;line_consecutive;0.5;1004;0;4;11-14;4,8,10;g_000;2;OPTIMAL;16991.055;6.053925037384033;0.0;6806.135000000002;6306.380000000001;499.7550000000002;0.0;2074.92;5100.0;6781.860000000001;10209.195;1250.0;1760.0000000000002;3010.0;flat (waiting_freq=False)
lintim;SiouxFalls;SiouxFalls;ws;True;False;1e-05;6000;1;2;20;50;200;-5;50;0.75;2;10;50;10;10;16;1003;1003;1;1;5;line_consecutive;0.5;1003;0;3;22-23;5;g_000;2;OPTIMAL;13563.72;5.271417856216431;0.0;6536.760000000001;6086.9800000000005;449.78;0.0;2066.96;4960.0;6781.860000000001;6781.860000000001;0.0;0.0;0.0;flat (waiting_freq=False)
lintim;SiouxFalls;SiouxFalls;integrated;True;False;1e-05;6000;1;2;20;50;200;-5;50;0.75;2;10;50;10;10;16;1003;1003;1;1;5;line_consecutive;0.5;1003;0;3;22-23;5;g_000;2;OPTIMAL;13563.719999999355;3.864311933517456;0.0;6536.759999999233;6086.979999998694;449.7800000005378;0.0;2066.9600000001246;4960.0;6781.860000000694;6781.859999998662;0.0;0.0;0.0;flat (waiting_freq=False)
lintim;SiouxFalls;SiouxFalls;separated;True;False;1e-05;6000;1;2;20;50;200;-5;50;0.75;2;10;50;10;10;16;1003;1003;1;1;5;line_consecutive;0.5;1003;0;3;22-23;5;g_000;2;OPTIMAL;13563.72;0.3485431671142578;0.0;6536.760000000001;6086.9800000000005;449.78;0.0;2066.96;4960.0;6781.860000000001;6781.860000000001;0.0;0.0;0.0;flat (waiting_freq=False)
lintim;SiouxFalls;SiouxFalls;eev;True;False;1e-05;6000;1;2;20;50;200;-5;50;0.75;2;10;50;10;10;16;1003;1003;1;1;5;line_consecutive;0.5;1003;0;3;22-23;5;g_000;2;OPTIMAL;13563.72;0.3446540832519531;0.0;6536.760000000001;6086.9800000000005;449.78;0.0;2066.96;4960.0;6781.860000000001;6781.860000000001;0.0;0.0;0.0;flat (waiting_freq=False)
lintim;SiouxFalls;SiouxFalls;ws;True;False;1e-05;6000;1;2;20;50;200;-5;50;0.75;2;250;50;10;10;16;1036;1036;1;1;5;line_consecutive;0.5;1036;7;1;20-22;11;g_000;2;OPTIMAL;137899.05999999645;281.41454005241394;9.31405909580592e-06;93156.7399999966;91716.1599999982;1440.5799999983883;0.0;19377.519999999826;25364.800000000003;68949.52999999862;68949.52999999782;0.0;0.0;0.0;flat (waiting_freq=False)
lintim;SiouxFalls;SiouxFalls;integrated;True;False;1e-05;6000;1;2;20;50;200;-5;50;0.75;2;250;50;10;10;16;1036;1036;1;1;5;line_consecutive;0.5;1036;7;1;20-22;11;g_000;2;OPTIMAL;137899.06;294.0815908908844;0.0;93156.73999999996;91716.15999999996;1440.5799999999824;0.0;19377.52;25364.800000000003;68949.53000000003;68949.53000000001;0.0;0.0;0.0;flat (waiting_freq=False)
lintim;SiouxFalls;SiouxFalls;separated;True;False;1e-05;6000;1;2;20;50;200;-5;50;0.75;2;250;50;10;10;16;1036;1036;1;1;5;line_consecutive;0.5;1036;7;1;20-22;11;g_000;2;OPTIMAL;137899.06;9.085925102233888;0.0;93156.73999999996;91716.15999999996;1440.579999999999;0.0;19377.52;25364.800000000003;68949.52999999998;68949.53;0.0;0.0;0.0;flat (waiting_freq=False)
lintim;SiouxFalls;SiouxFalls;eev;True;False;1e-05;6000;1;2;20;50;200;-5;50;0.75;2;250;50;10;10;16;1036;1036;1;1;5;line_consecutive;0.5;1036;7;1;20-22;11;g_000;2;OPTIMAL;137899.05999999994;7.852757215499878;0.0;93156.73999999992;91716.15999999996;1440.579999999998;0.0;19377.52;25364.800000000003;68949.52999999994;68949.53;0.0;0.0;0.0;flat (waiting_freq=False)
lintim;SiouxFalls;SiouxFalls;ws;True;False;1e-05;6000;1;2;20;50;200;-5;50;0.75;2;400;50;10;10;16;1052;1052;1;1;5;line_consecutive;0.5;1052;10;2;10-11;1,7,10;g_000;9;TIME_LIMIT;167479.22999999998;6141.431031227112;0.021219362360672;113661.78999999996;109820.98499999994;3840.8049999999994;0.0;22908.64;28058.800000000007;80343.66499999992;87135.56499999994;1170.0;1680.0;2850.0;flat (waiting_freq=False)
lintim;SiouxFalls;SiouxFalls;integrated;True;False;1e-05;6000;1;2;20;50;200;-5;50;0.75;2;400;50;10;10;16;1052;1052;1;1;5;line_consecutive;0.5;1052;10;2;10-11;1,7,10;g_000;9;TIME_LIMIT;169621.16000000108;6001.71993803978;0.0339883268242324;114388.73000000004;109518.85500000004;4869.875;0.0;22953.63000000107;27668.80000000001;80522.66;89098.500000001;1170.0;3440.0;4610.0;flat (waiting_freq=False)
lintim;SiouxFalls;SiouxFalls;separated;True;False;1e-05;6000;1;2;20;50;200;-5;50;0.75;2;400;50;10;10;16;1052;1052;1;1;5;line_consecutive;0.5;1052;10;2;10-11;1,7,10;g_000;2;OPTIMAL;170780.22999999995;1257.3490571975708;0.0;112783.52999999996;109606.25499999996;3177.275;0.0;22415.899999999998;27300.800000000003;79122.78999999995;91657.44;3240.0;5040.0;8280.0;flat (waiting_freq=False)
lintim;SiouxFalls;SiouxFalls;eev;True;False;1e-05;6000;1;2;20;50;200;-5;50;0.75;2;400;50;10;10;16;1052;1052;1;1;5;line_consecutive;0.5;1052;10;2;10-11;1,7,10;g_000;2;OPTIMAL;169882.84000000003;892.0280132293701;5.566445218135665e-06;114135.97;109973.855;4162.114999999999;0.0;22772.069999999992;27384.800000000003;79943.30000000002;89939.54000000001;2230.0;3360.0;5590.0;flat (waiting_freq=False)
lintim;SiouxFalls;SiouxFalls;ws;True;False;1e-05;6000;1;2;20;50;200;-5;50;0.75;2;150;50;10;10;16;1026;1026;1;1;5;line_consecutive;0.5;1026;5;1;7-18;3,11;g_000;2;OPTIMAL;109182.56999999998;217.46037101745603;0.0;72488.16999999995;70355.05999999995;2133.109999999996;0.0;15361.599999999997;21332.8;54591.28499999997;54591.28499999999;0.0;0.0;0.0;flat (waiting_freq=False)
lintim;SiouxFalls;SiouxFalls;integrated;True;False;1e-05;6000;1;2;20;50;200;-5;50;0.75;2;150;50;10;10;16;1026;1026;1;1;5;line_consecutive;0.5;1026;5;1;7-18;3,11;g_000;2;OPTIMAL;109515.0;306.22292280197144;0.0;72300.31999999998;70306.63999999998;1993.6800000000007;0.0;15369.88;21844.8;54757.49999999997;54757.49999999999;0.0;0.0;0.0;flat (waiting_freq=False)
lintim;SiouxFalls;SiouxFalls;separated;True;False;1e-05;6000;1;2;20;50;200;-5;50;0.75;2;150;50;10;10;16;1026;1026;1;1;5;line_consecutive;0.5;1026;5;1;7-18;3,11;g_000;2;OPTIMAL;111003.28499999996;24.327857971191406;0.0;72869.81499999996;70358.25999999995;2511.5549999999985;404.4000000000001;15334.27;20624.8;54425.06999999997;56578.215;490.00000000000006;1280.0;1770.0;flat (waiting_freq=False)
lintim;SiouxFalls;SiouxFalls;eev;True;False;1e-05;6000;1;2;20;50;200;-5;50;0.75;2;150;50;10;10;16;1026;1026;1;1;5;line_consecutive;0.5;1026;5;1;7-18;3,11;g_000;2;OPTIMAL;111003.285;24.94699788093567;0.0;72869.815;70358.26;2511.5550000000003;404.4000000000001;15334.270000000004;20624.8;54425.07000000001;56578.215;490.00000000000006;1280.0;1770.0;flat (waiting_freq=False)
lintim;SiouxFalls;SiouxFalls;ws;True;False;1e-05;6000;1;2;20;50;200;-5;50;0.75;2;200;50;10;10;16;1034;1034;1;1;5;line_consecutive;0.5;1034;6;4;11-12;1,7,8;g_000;2;OPTIMAL;132803.4825;1182.5759329795835;0.0;87561.07250000005;84632.27250000004;2928.8000000000056;0.0;18161.61;24740.8;64141.39250000003;68662.09000000003;740.0;1600.0;2340.0;flat (waiting_freq=False)
lintim;SiouxFalls;SiouxFalls;integrated;True;False;1e-05;6000;1;2;20;50;200;-5;50;0.75;2;200;50;10;10;16;1034;1034;1;1;5;line_consecutive;0.5;1034;6;4;11-12;1,7,8;g_000;2;OPTIMAL;134141.595;1113.1641600131989;0.0;87727.155;84472.54500000001;3254.610000000001;200.79999999999927;17988.840000000004;24724.800000000003;63766.25000000002;70375.34500000002;1900.0;1600.0;3500.0;flat (waiting_freq=False)
lintim;SiouxFalls;SiouxFalls;separated;True;False;1e-05;6000;1;2;20;50;200;-5;50;0.75;2;200;50;10;10;16;1034;1034;1;1;5;line_consecutive;0.5;1034;6;4;11-12;1,7,8;g_000;2;OPTIMAL;135614.58000000002;254.2387969493866;0.0;87498.67000000004;84178.56500000003;3320.105;430.0;17873.109999999997;23572.8;63166.900000000016;72447.68000000001;3040.0;3200.0;6240.0;flat (waiting_freq=False)
lintim;SiouxFalls;SiouxFalls;eev;True;False;1e-05;6000;1;2;20;50;200;-5;50;0.75;2;200;50;10;10;16;1034;1034;1;1;5;line_consecutive;0.5;1034;6;4;11-12;1,7,8;g_000;2;OPTIMAL;135158.01499999996;278.0075650215149;0.0;88131.69499999992;84369.58999999991;3762.1049999999977;200.79999999999927;17944.72000000001;23500.8;63190.52999999994;71967.485;3780.0;1600.0;5380.0;flat (waiting_freq=False)
lintim;SiouxFalls;SiouxFalls;ws;True;False;1e-05;6000;1;2;20;50;200;-5;50;0.75;2;450;50;10;10;16;1055;1055;1;1;5;line_consecutive;0.5;1055;11;0;10-11;1,7,10;g_000;2;OPTIMAL;172455.32999999943;3617.792728900909;0.0;117878.83999999984;113645.20999999988;4233.629999999974;0.0;23403.68999999948;28322.800000000003;82797.15499999947;89658.17499999996;1170.0;1680.0;2850.0;flat (waiting_freq=False)
lintim;SiouxFalls;SiouxFalls;integrated;True;False;1e-05;6000;1;2;20;50;200;-5;50;0.75;2;450;50;10;10;16;1055;1055;1;1;5;line_consecutive;0.5;1055;11;0;10-11;1,7,10;g_000;9;TIME_LIMIT;175932.94499999998;6002.183207988739;0.0431977910977973;117389.06499999989;113197.95999999988;4191.105;0.0;23125.48;28318.399999999998;82502.52999999988;93430.41500000008;1180.0;5920.0;7100.0;flat (waiting_freq=False)
lintim;SiouxFalls;SiouxFalls;separated;True;False;1e-05;6000;1;2;20;50;200;-5;50;0.75;2;450;50;10;10;16;1055;1055;1;1;5;line_consecutive;0.5;1055;11;0;10-11;1,7,10;g_000;2;OPTIMAL;175926.6549999999;1294.2889218330383;0.0;116209.64499999992;113003.32499999992;3206.319999999999;0.0;22776.209999999992;27540.800000000003;81479.82999999993;94446.82499999998;2600.0;6800.0;9400.0;flat (waiting_freq=False)
lintim;SiouxFalls;SiouxFalls;eev;True;False;1e-05;6000;1;2;20;50;200;-5;50;0.75;2;450;50;10;10;16;1055;1055;1;1;5;line_consecutive;0.5;1055;11;0;10-11;1,7,10;g_000;2;OPTIMAL;175058.23999999993;1094.3939414024353;0.0;118711.61999999992;113769.07499999992;4942.544999999998;0.0;23371.82;27384.800000000003;82443.89999999994;92614.34;2230.0;3360.0;5590.0;flat (waiting_freq=False)
lintim;SiouxFalls;SiouxFalls;ws;True;False;1e-05;6000;1;2;20;50;200;-5;50;0.75;2;400;50;10;10;16;1050;1050;1;1;5;line_consecutive;0.5;1050;10;0;16-17;2,13;g_000;2;OPTIMAL;166838.875;647.7106919288635;2.3688591553722634e-06;110791.48499999996;108635.10499999997;2156.3799999999983;0.0;22344.19;28389.200000000004;79506.58499999993;87332.28999999992;890.0;4424.0;5314.0;flat (waiting_freq=False)
lintim;SiouxFalls;SiouxFalls;integrated;True;False;1e-05;6000;1;2;20;50;200;-5;50;0.75;2;400;50;10;10;16;1050;1050;1;1;5;line_consecutive;0.5;1050;10;0;16-17;2,13;g_000;2;OPTIMAL;167603.22;1120.4973049163818;3.820238477805746e-15;111092.59000000004;108540.97000000004;2551.6199999999994;0.0;22445.43;28751.200000000004;79885.82999999996;87717.39000000001;890.0;4424.0;5314.0;flat (waiting_freq=False)
lintim;SiouxFalls;SiouxFalls;separated;True;False;1e-05;6000;1;2;20;50;200;-5;50;0.75;2;400;50;10;10;16;1050;1050;1;1;5;line_consecutive;0.5;1050;10;0;16-17;2,13;g_000;2;OPTIMAL;169221.00999999995;143.37646317481995;0.0;111706.10999999996;108887.91499999996;2818.1949999999997;6.299999999999173;22389.0;27489.6;79122.78999999995;90098.22;3206.0;4424.0;7630.0;flat (waiting_freq=False)
lintim;SiouxFalls;SiouxFalls;eev;True;False;1e-05;6000;1;2;20;50;200;-5;50;0.75;2;400;50;10;10;16;1050;1050;1;1;5;line_consecutive;0.5;1050;10;0;16-17;2,13;g_000;2;OPTIMAL;168942.69000000003;84.83346605300903;0.0;112461.34000000004;110084.94500000004;2376.3949999999977;6.300000000005471;23048.45;29188.60000000001;80903.82000000004;88038.87;920.0;3318.0;4238.0;flat (waiting_freq=False)
lintim;SiouxFalls;SiouxFalls;ws;True;False;1e-05;6000;1;2;20;50;200;-5;50;0.75;2;450;50;10;10;16;1057;1057;1;1;5;line_consecutive;0.5;1057;11;2;8-9;3,7;g_000;2;OPTIMAL;164889.97000000003;462.3991141319275;0.0;112773.26999999992;110522.40999999992;2250.859999999999;0.0;22855.899999999987;27980.800000000003;81773.73999999999;83116.22999999994;0.0;1280.0;1280.0;flat (waiting_freq=False)
lintim;SiouxFalls;SiouxFalls;integrated;True;False;1e-05;6000;1;2;20;50;200;-5;50;0.75;2;450;50;10;10;16;1057;1057;1;1;5;line_consecutive;0.5;1057;11;2;8-9;3,7;g_000;2;OPTIMAL;165418.85499999995;784.1612598896027;0.0;113457.77499999997;110529.45499999996;2928.319999999998;0.0;22882.279999999988;27368.800000000007;81633.64999999988;83785.20499999987;430.00000000000006;1280.0;1710.0;flat (waiting_freq=False)
lintim;SiouxFalls;SiouxFalls;separated;True;False;1e-05;6000;1;2;20;50;200;-5;50;0.75;2;450;50;10;10;16;1057;1057;1;1;5;line_consecutive;0.5;1057;11;2;8-9;3,7;g_000;2;OPTIMAL;167377.0599999999;164.15798592567444;0.0;113505.29999999992;110551.96499999992;2953.334999999998;0.0;22656.959999999995;27304.800000000003;81479.82999999993;85897.22999999998;1350.0000000000002;2560.0;3910.0;flat (waiting_freq=False)
lintim;SiouxFalls;SiouxFalls;eev;True;False;1e-05;6000;1;2;20;50;200;-5;50;0.75;2;450;50;10;10;16;1057;1057;1;1;5;line_consecutive;0.5;1057;11;2;8-9;3,7;g_000;2;OPTIMAL;167377.05999999994;152.874418258667;0.0;113497.63999999996;110548.07499999995;2949.564999999998;0.0;22664.61999999999;27304.800000000003;81479.82999999996;85897.22999999998;1350.0000000000002;2560.0;3910.0;flat (waiting_freq=False)
lintim;SiouxFalls;SiouxFalls;ws;True;False;1e-05;6000;1;2;20;50;200;-5;50;0.75;2;350;50;10;10;16;1047;1047;1;1;5;line_consecutive;0.5;1047;9;2;3-4;3,4;g_000;2;OPTIMAL;162661.44;398.6765501499176;0.0;109303.91000000008;104761.94000000008;4541.9699999999975;0.0;21613.130000000005;26904.4;77501.80500000002;85159.63500000001;1080.0;3760.0;4840.0;flat (waiting_freq=False)
lintim;SiouxFalls;SiouxFalls;integrated;True;False;1e-05;6000;1;2;20;50;200;-5;50;0.75;2;350;50;10;10;16;1047;1047;1;1;5;line_consecutive;0.5;1047;9;2;3-4;3,4;g_000;2;OPTIMAL;163940.82500000007;997.33016705513;3.017949420252538e-15;108922.75500000006;103653.71000000004;5269.044999999998;125.60000000000016;21390.07;26502.4;77461.52999999998;86479.29500000013;1080.0;5920.0;7000.0;flat (waiting_freq=False)
lintim;SiouxFalls;SiouxFalls;separated;True;False;1e-05;6000;1;2;20;50;200;-5;50;0.75;2;350;50;10;10;16;1047;1047;1;1;5;line_consecutive;0.5;1047;9;2;3-4;3,4;g_000;2;OPTIMAL;166075.04500000004;271.320387840271;0.0;108502.67500000002;104510.02000000002;3992.654999999996;0.0;21551.97;25990.4;76526.03000000004;89549.01500000001;4110.0;5920.0;10030.0;flat (waiting_freq=False)
lintim;SiouxFalls;SiouxFalls;eev;True;False;1e-05;6000;1;2;20;50;200;-5;50;0.75;2;350;50;10;10;16;1047;1047;1;1;5;line_consecutive;0.5;1047;9;2;3-4;3,4;g_000;2;OPTIMAL;165665.46000000002;175.94137001037598;0.0;110035.85;104771.53500000002;5264.314999999996;125.59999999999462;21365.61;25738.4;77189.21;88476.25;1360.0;7040.0;8400.0;flat (waiting_freq=False)
lintim;SiouxFalls;SiouxFalls;ws;True;False;1e-05;6000;1;2;20;50;200;-5;50;0.75;2;50;50;10;10;16;1013;1013;1;1;5;line_consecutive;0.5;1013;2;3;7-8;3,7,11;g_000;2;OPTIMAL;46353.23999999991;115.69374990463255;0.0;28188.799999999923;27394.96;793.8399999999205;0.0;6874.039999999999;11290.399999999998;23176.61999999999;23176.61999999991;0.0;0.0;0.0;flat (waiting_freq=False)
lintim;SiouxFalls;SiouxFalls;integrated;True;False;1e-05;6000;1;2;20;50;200;-5;50;0.75;2;50;50;10;10;16;1013;1013;1;1;5;line_consecutive;0.5;1013;2;3;7-8;3,7,11;g_000;2;OPTIMAL;46353.240000000005;95.08161091804504;0.0;28188.800000000003;27394.960000000003;793.84;0.0;6874.039999999999;11290.399999999998;23176.61999999999;23176.61999999999;0.0;0.0;0.0;flat (waiting_freq=False)
lintim;SiouxFalls;SiouxFalls;separated;True;False;1e-05;6000;1;2;20;50;200;-5;50;0.75;2;50;50;10;10;16;1013;1013;1;1;5;line_consecutive;0.5;1013;2;3;7-8;3,7,11;g_000;2;OPTIMAL;46353.23999522782;3.2294862270355225;6.472039494879635e-06;28188.7999999801;27394.95999998918;793.8399999909211;0.0;6874.039995247732;11290.399999999998;23176.61999525044;23176.61999997738;0.0;0.0;0.0;flat (waiting_freq=False)
lintim;SiouxFalls;SiouxFalls;eev;True;False;1e-05;6000;1;2;20;50;200;-5;50;0.75;2;50;50;10;10;16;1013;1013;1;1;5;line_consecutive;0.5;1013;2;3;7-8;3,7,11;g_000;2;OPTIMAL;46353.23999997738;3.1172261238098145;6.472039494879635e-06;28188.7999999801;27394.95999998918;793.839999990921;0.0;6874.039999997295;11290.399999999998;23176.620000000003;23176.61999997738;0.0;0.0;0.0;flat (waiting_freq=False)
lintim;SiouxFalls;SiouxFalls;ws;True;False;1e-05;6000;1;2;20;50;200;-5;50;0.75;2;75;50;10;10;16;1018;1018;1;1;5;line_consecutive;0.5;1018;3;3;7-18;3,11;g_000;2;OPTIMAL;63745.800000001;46.70604634284973;0.0;40094.800000000905;39084.86000000102;1009.939999999885;0.0;9304.600000000108;14346.400000000003;31872.899999999998;31872.900000001016;0.0;0.0;0.0;flat (waiting_freq=False)
lintim;SiouxFalls;SiouxFalls;integrated;True;False;1e-05;6000;1;2;20;50;200;-5;50;0.75;2;75;50;10;10;16;1018;1018;1;1;5;line_consecutive;0.5;1018;3;3;7-18;3,11;g_000;2;OPTIMAL;63745.8;98.7619080543518;0.0;40094.8;39084.860000000015;1009.9399999999794;0.0;9304.600000000011;14346.400000000003;31872.90000000005;31872.899999999925;0.0;0.0;0.0;flat (waiting_freq=False)
lintim;SiouxFalls;SiouxFalls;separated;True;False;1e-05;6000;1;2;20;50;200;-5;50;0.75;2;75;50;10;10;16;1018;1018;1;1;5;line_consecutive;0.5;1018;3;3;7-18;3,11;g_000;2;OPTIMAL;63745.79999998392;3.30944299697876;0.0;40094.79999998711;39084.85999999281;1009.9399999942904;0.0;9304.599999996834;14346.400000000003;31872.900000000005;31872.89999998392;0.0;0.0;0.0;flat (waiting_freq=False)
lintim;SiouxFalls;SiouxFalls;eev;True;False;1e-05;6000;1;2;20;50;200;-5;50;0.75;2;75;50;10;10;16;1018;1018;1;1;5;line_consecutive;0.5;1018;3;3;7-18;3,11;g_000;2;OPTIMAL;63745.79999998394;3.3068082332611084;0.0;40094.79999998711;39084.85999999283;1009.93999999429;0.0;9304.599999996832;14346.400000000003;31872.90000000001;31872.89999998392;0.0;0.0;0.0;flat (waiting_freq=False)
lintim;SiouxFalls;SiouxFalls;ws;True;False;1e-05;6000;1;2;20;50;200;-5;50;0.75;2;500;50;10;10;16;1060;1060;1;1;5;line_consecutive;0.5;1060;12;0;1-2;12;g_000;2;OPTIMAL;167120.82;437.0675320625305;0.0;115809.55333333329;113396.69833333328;2412.855;0.0;22933.666666666668;28377.6;83560.41000000003;83560.40999999997;0.0;0.0;0.0;flat (waiting_freq=False)
lintim;SiouxFalls;SiouxFalls;integrated;True;False;1e-05;6000;1;2;20;50;200;-5;50;0.75;2;500;50;10;10;16;1060;1060;1;1;5;line_consecutive;0.5;1060;12;0;1-2;12;g_000;2;OPTIMAL;167474.88000000006;684.6034891605377;3.721155077987427e-06;115679.17999999992;113351.48999999996;2327.6899999999832;0.0;22837.3;28958.4;83737.44;83737.43999999974;0.0;0.0;0.0;flat (waiting_freq=False)
lintim;SiouxFalls;SiouxFalls;separated;True;False;1e-05;6000;1;2;20;50;200;-5;50;0.75;2;500;50;10;10;16;1060;1060;1;1;5;line_consecutive;0.5;1060;12;0;1-2;12;g_000;2;OPTIMAL;167809.64999999997;10.606513023376465;0.0;116477.92;113607.995;2869.9249999999997;0.0;23096.93;27504.800000000003;83383.37999999998;84426.26999999997;730.0000000000001;0.0;730.0000000000001;flat (waiting_freq=False)
lintim;SiouxFalls;SiouxFalls;eev;True;False;1e-05;6000;1;2;20;50;200;-5;50;0.75;2;500;50;10;10;16;1060;1060;1;1;5;line_consecutive;0.5;1060;12;0;1-2;12;g_000;2;OPTIMAL;167809.64999999997;13.915971755981444;0.0;116478.56;113606.23500000002;2872.324999999999;0.0;23096.289999999997;27504.800000000003;83383.37999999998;84426.26999999997;730.0000000000001;0.0;730.0000000000001;flat (waiting_freq=False)
lintim;SiouxFalls;SiouxFalls;ws;True;False;1e-05;6000;1;2;20;50;200;-5;50;0.75;2;25;50;10;10;16;1005;1005;1;1;5;line_consecutive;0.5;1005;1;0;5-6;9;g_000;2;OPTIMAL;27981.099999998427;21.2345290184021;0.0;15640.65999999876;15056.179999999174;584.479999999586;0.0;4148.439999999668;8192.0;13990.550000000008;13990.54999999843;0.0;0.0;0.0;flat (waiting_freq=False)
lintim;SiouxFalls;SiouxFalls;integrated;True;False;1e-05;6000;1;2;20;50;200;-5;50;0.75;2;25;50;10;10;16;1005;1005;1;1;5;line_consecutive;0.5;1005;1;0;5-6;9;g_000;2;OPTIMAL;27981.1;27.32771897315979;0.0;15640.660000000003;15056.180000000004;584.4800000000004;0.0;4148.4400000000005;8192.0;13990.550000000005;13990.55;0.0;0.0;0.0;flat (waiting_freq=False)
lintim;SiouxFalls;SiouxFalls;separated;True;False;1e-05;6000;1;2;20;50;200;-5;50;0.75;2;25;50;10;10;16;1005;1005;1;1;5;line_consecutive;0.5;1005;1;0;5-6;9;g_000;2;OPTIMAL;27981.099973505174;0.6629221439361572;0.0;15640.659975850593;15056.1799773265;584.4799985240926;0.0;4148.439997654585;8192.0;13990.549973505174;13990.55;0.0;0.0;0.0;flat (waiting_freq=False)
lintim;SiouxFalls;SiouxFalls;eev;True;False;1e-05;6000;1;2;20;50;200;-5;50;0.75;2;25;50;10;10;16;1005;1005;1;1;5;line_consecutive;0.5;1005;1;0;5-6;9;g_000;2;OPTIMAL;27981.099972973912;0.6737637519836426;5.478076249829499e-11;15640.65997531266;15056.179976787662;584.4799985249975;0.0;4148.439997661253;8192.0;13990.549972973911;13990.55;0.0;0.0;0.0;flat (waiting_freq=False)
lintim;SiouxFalls;SiouxFalls;ws;True;False;1e-05;6000;1;2;20;50;200;-5;50;0.75;2;50;50;10;10;16;1012;1012;1;1;5;line_consecutive;0.5;1012;2;2;19-20;2;g_000;2;OPTIMAL;52786.460000001534;80.06139922142029;0.0;29606.200000001107;28630.045;976.1550000011048;273.69999999999976;6976.560000000437;12046.0;23950.984999999997;28835.475000001534;460.0;3423.9999999999995;3884.0;flat (waiting_freq=False)
lintim;SiouxFalls;SiouxFalls;integrated;True;False;1e-05;6000;1;2;20;50;200;-5;50;0.75;2;50;50;10;10;16;1012;1012;1;1;5;line_consecutive;0.5;1012;2;2;19-20;2;g_000;2;OPTIMAL;53602.76000019696;96.44665622711182;0.0;29160.8100001258;28230.93000012792;929.8799999978748;508.8000000212534;6813.150000049893;11524.0;23469.88999999999;30132.870000196934;460.0;5135.999999999999;5595.999999999999;flat (waiting_freq=False)
lintim;SiouxFalls;SiouxFalls;separated;True;False;1e-05;6000;1;2;20;50;200;-5;50;0.75;2;50;50;10;10;16;1012;1012;1;1;5;line_consecutive;0.5;1012;2;2;19-20;2;g_000;2;OPTIMAL;54197.44999522782;12.527657747268677;0.0;28995.379999980098;27919.304999989174;1076.0749999909212;508.80000000000064;6907.269995247732;11279.999999999998;23176.61999525044;31020.82999997738;1370.0;5135.999999999999;6505.999999999999;flat (waiting_freq=False)
lintim;SiouxFalls;SiouxFalls;eev;True;False;1e-05;6000;1;2;20;50;200;-5;50;0.75;2;50;50;10;10;16;1012;1012;1;1;5;line_consecutive;0.5;1012;2;2;19-20;2;g_000;2;OPTIMAL;54197.44999997738;12.536171913146973;0.0;28995.379999980098;27919.304999989174;1076.0749999909212;508.80000000000064;6907.269999997295;11279.999999999998;23176.620000000003;31020.82999997738;1370.0;5135.999999999999;6505.999999999999;flat (waiting_freq=False)
lintim;SiouxFalls;SiouxFalls;ws;True;False;1e-05;6000;1;2;20;50;200;-5;50;0.75;2;550;50;10;10;16;1068;1068;1;1;5;line_consecutive;0.5;1068;13;3;1-3;4,8,12;g_000;2;OPTIMAL;184748.415;3089.8409938812256;0.0;121852.8949999999;117724.55999999992;4128.334999999999;115.5;23431.619999999995;28468.4;85823.02499999994;98925.38999999996;0.0;10880.0;10880.0;flat (waiting_freq=False)
lintim;SiouxFalls;SiouxFalls;integrated;True;False;1e-05;6000;1;2;20;50;200;-5;50;0.75;2;550;50;10;10;16;1068;1068;1;1;5;line_consecutive;0.5;1068;13;3;1-3;4,8,12;g_000;2;OPTIMAL;185463.76;4646.195245027542;0.0;121889.81;117665.0;4224.810000000002;57.75;23122.200000000004;28783.999999999996;85464.98999999999;99998.77000000003;730.0000000000001;10880.0;11610.0;flat (waiting_freq=False)
lintim;SiouxFalls;SiouxFalls;separated;True;False;1e-05;6000;1;2;20;50;200;-5;50;0.75;2;550;50;10;10;16;1068;1068;1;1;5;line_consecutive;0.5;1068;13;3;1-3;4,8,12;g_000;2;OPTIMAL;189038.6299999999;1566.3955121040344;0.0;120895.79999999989;117527.62499999984;3368.174999999999;521.8499999999981;23301.77999999999;28683.2;84778.22999999988;104260.4;4756.0;10880.0;15636.0;flat (waiting_freq=False)
lintim;SiouxFalls;SiouxFalls;eev;True;False;1e-05;6000;1;2;20;50;200;-5;50;0.75;2;550;50;10;10;16;1068;1068;1;1;5;line_consecutive;0.5;1068;13;3;1-3;4,8,12;g_000;2;OPTIMAL;185881.41999999995;548.1435370445251;0.0;121903.66999999995;117337.87999999998;4565.79;521.8499999999981;23067.5;28778.4;85323.00999999998;100558.40999999996;730.0000000000001;10880.0;11610.0;flat (waiting_freq=False)
lintim;SiouxFalls;SiouxFalls;ws;True;False;1e-05;6000;1;2;20;50;200;-5;50;0.75;2;200;50;10;10;16;1032;1032;1;1;5;line_consecutive;0.5;1032;6;2;5-9;3,9;g_000;2;OPTIMAL;129363.17;278.82126688957214;0.0;86216.19000000003;83292.255;2923.935000000009;45.89999999998868;17951.48;23419.6;63372.14000000002;65991.03;450.0;1280.0;1730.0;flat (waiting_freq=False)
lintim;SiouxFalls;SiouxFalls;integrated;True;False;1e-05;6000;1;2;20;50;200;-5;50;0.75;2;200;50;10;10;16;1032;1032;1;1;5;line_consecutive;0.5;1032;6;2;5-9;3,9;g_000;2;OPTIMAL;129773.65000000002;300.5965311527252;0.0;86331.02999999997;83401.34499999997;2929.685;45.89999999999876;18092.320000000003;23574.399999999998;63577.37999999998;66196.26999999999;450.0;1280.0;1730.0;flat (waiting_freq=False)
lintim;SiouxFalls;SiouxFalls;separated;True;False;1e-05;6000;1;2;20;50;200;-5;50;0.75;2;200;50;10;10;16;1032;1032;1;1;5;line_consecutive;0.5;1032;6;2;5-9;3,9;g_000;2;OPTIMAL;131829.855;59.523921966552734;0.0;85999.55500000002;82971.11000000002;3028.445;0.0;17895.5;23224.8;63166.900000000016;68662.955;2150.0;2560.0;4710.0;flat (waiting_freq=False)
lintim;SiouxFalls;SiouxFalls;eev;True;False;1e-05;6000;1;2;20;50;200;-5;50;0.75;2;200;50;10;10;16;1032;1032;1;1;5;line_consecutive;0.5;1032;6;2;5-9;3,9;g_000;2;OPTIMAL;131829.855;55.91877317428589;0.0;85999.55500000002;82971.11000000002;3028.445;0.0;17895.5;23224.8;63166.90000000001;68662.955;2150.0;2560.0;4710.0;flat (waiting_freq=False)
lintim;SiouxFalls;SiouxFalls;ws;True;False;1e-05;6000;1;2;20;50;200;-5;50;0.75;2;50;50;10;10;16;1011;1011;1;1;5;line_consecutive;0.5;1011;2;1;6-8;2;g_000;2;OPTIMAL;52528.66999999991;98.03624510765076;0.0;30145.21999999992;28955.145000000004;1190.07499999992;273.69999999999624;7002.149999999999;12087.6;23950.984999999997;28577.68499999991;460.0;2560.0;3020.0;flat (waiting_freq=False)
lintim;SiouxFalls;SiouxFalls;integrated;True;False;1e-05;6000;1;2;20;50;200;-5;50;0.75;2;50;50;10;10;16;1011;1011;1;1;5;line_consecutive;0.5;1011;2;1;6-8;2;g_000;2;OPTIMAL;53303.08000000001;81.67673802375793;0.0;30082.859999999997;28856.029999999995;1226.83;508.8000000000011;6825.02;11586.399999999998;23469.88999999999;29833.19000000001;460.0;3840.0;4300.0;flat (waiting_freq=False)
lintim;SiouxFalls;SiouxFalls;separated;True;False;1e-05;6000;1;2;20;50;200;-5;50;0.75;2;50;50;10;10;16;1011;1011;1;1;5;line_consecutive;0.5;1011;2;1;6-8;2;g_000;2;OPTIMAL;53854.289995227824;13.109554767608644;0.0;29885.8199999801;28544.40499998918;1341.4149999909207;508.8000000000056;6907.269995247732;11342.399999999998;23176.61999525044;30677.66999997739;1370.0;3840.0;5210.0;flat (waiting_freq=False)
lintim;SiouxFalls;SiouxFalls;eev;True;False;1e-05;6000;1;2;20;50;200;-5;50;0.75;2;50;50;10;10;16;1011;1011;1;1;5;line_consecutive;0.5;1011;2;1;6-8;2;g_000;2;OPTIMAL;53854.289999977394;13.236698865890505;0.0;29885.8199999801;28544.40499998918;1341.4149999909207;508.8000000000056;6907.269999997296;11342.399999999998;23176.620000000003;30677.66999997739;1370.0;3840.0;5210.0;flat (waiting_freq=False)
lintim;SiouxFalls;SiouxFalls;ws;True;False;1e-05;6000;1;2;20;50;200;-5;50;0.75;2;550;50;10;10;16;1066;1066;1;1;5;line_consecutive;0.5;1066;13;1;2-6;2;g_000;2;OPTIMAL;181316.43;565.90176820755;0.0;123045.9299999999;119243.11499999992;3802.8149999999982;171.84999999999988;23377.05;30161.599999999995;85534.17499999993;95782.25499999996;1840.0;2720.0000000000005;4560.0;flat (waiting_freq=False)
lintim;SiouxFalls;SiouxFalls;integrated;True;False;1e-05;6000;1;2;20;50;200;-5;50;0.75;2;550;50;10;10;16;1066;1066;1;1;5;line_consecutive;0.5;1066;13;1;2-6;2;g_000;2;OPTIMAL;182753.0649999993;432.9013941287994;0.0;122728.71500004898;119269.67500002704;3459.040000021931;171.84999994882395;23032.100000001454;31530.399999999998;85754.76999999996;96998.29499999924;2570.0;2720.0000000000005;5290.0;flat (waiting_freq=False)
lintim;SiouxFalls;SiouxFalls;separated;True;False;1e-05;6000;1;2;20;50;200;-5;50;0.75;2;550;50;10;10;16;1066;1066;1;1;5;line_consecutive;0.5;1066;13;1;2-6;2;g_000;2;OPTIMAL;185910.19499999983;163.17123293876648;0.0;122413.88499999986;118138.47999999984;4275.404999999999;4018.25;23404.859999999997;28407.2;84778.22999999988;101131.96499999995;4946.0;2720.0000000000005;7666.0;flat (waiting_freq=False)
lintim;SiouxFalls;SiouxFalls;eev;True;False;1e-05;6000;1;2;20;50;200;-5;50;0.75;2;550;50;10;10;16;1066;1066;1;1;5;line_consecutive;0.5;1066;13;1;2-6;2;g_000;2;OPTIMAL;184602.14;124.56559705734252;0.0;123775.82999999996;119389.52499999997;4386.304999999999;1186.4999999999982;23204.609999999982;29299.199999999997;85253.61999999997;99348.51999999996;4416.0;2720.0000000000005;7136.0;flat (waiting_freq=False)
lintim;SiouxFalls;SiouxFalls;ws;True;False;1e-05;6000;1;2;20;50;200;-5;50;0.75;2;300;50;10;10;16;1044;1044;1;1;5;line_consecutive;0.5;1044;8;4;10-11;1,7,10;g_000;2;OPTIMAL;154715.08000000002;2763.426140069961;0.0;103863.06;100622.95500000002;3240.1049999999977;0.0;21335.22;26666.800000000003;74163.08499999996;80551.99499999995;1170.0;1680.0;2850.0;flat (waiting_freq=False)
lintim;SiouxFalls;SiouxFalls;integrated;True;False;1e-05;6000;1;2;20;50;200;-5;50;0.75;2;300;50;10;10;16;1044;1044;1;1;5;line_consecutive;0.5;1044;8;4;10-11;1,7,10;g_000;2;OPTIMAL;156239.80499999988;4666.076982975006;0.0;102939.485;100424.63499999998;2514.85;0.0;20917.51999999985;27352.800000000003;73832.13999999996;82407.66499999978;1670.0;3360.0;5030.0;flat (waiting_freq=False)
lintim;SiouxFalls;SiouxFalls;separated;True;False;1e-05;6000;1;2;20;50;200;-5;50;0.75;2;300;50;10;10;16;1044;1044;1;1;5;line_consecutive;0.5;1044;8;4;10-11;1,7,10;g_000;2;OPTIMAL;158441.70499999996;649.9182629585266;0.0;104467.78499999992;100797.64999999994;3670.134999999997;0.0;20829.120000000003;25404.800000000003;73169.63999999994;85272.065;4380.0;3360.0;7740.0;flat (waiting_freq=False)
lintim;SiouxFalls;SiouxFalls;eev;True;False;1e-05;6000;1;2;20;50;200;-5;50;0.75;2;300;50;10;10;16;1044;1044;1;1;5;line_consecutive;0.5;1044;8;4;10-11;1,7,10;g_000;2;OPTIMAL;157286.5299999999;562.1369421482086;0.0;104771.81999999988;100898.0149999999;3873.804999999992;0.0;21245.91;25548.800000000003;73826.18999999992;83460.34;2360.0;3360.0;5720.0;flat (waiting_freq=False)
lintim;SiouxFalls;SiouxFalls;ws;True;False;1e-05;6000;1;2;20;50;200;-5;50;0.75;2;150;50;10;10;16;1028;1028;1;1;5;line_consecutive;0.5;1028;5;3;17-19;2,13,14;g_000;2;OPTIMAL;124010.74999999878;345.087213754654;0.0;74658.4299999997;72154.42499999971;2504.004999999996;2864.9999999999995;15311.519999999056;22034.300000000003;55237.609999998815;68773.13999999997;376.5;8765.0;9141.5;flat (waiting_freq=False)
lintim;SiouxFalls;SiouxFalls;integrated;True;False;1e-05;6000;1;2;20;50;200;-5;50;0.75;2;150;50;10;10;16;1028;1028;1;1;5;line_consecutive;0.5;1028;5;3;17-19;2,13,14;g_000;2;OPTIMAL;124793.32;433.3145761489868;0.0;75212.23999999996;72307.96999999996;2904.2699999999986;2865.0;15266.280000000002;21848.300000000003;55027.59;69765.73;836.4999999999999;8765.0;9601.5;flat (waiting_freq=False)
lintim;SiouxFalls;SiouxFalls;separated;True;False;1e-05;6000;1;2;20;50;200;-5;50;0.75;2;150;50;10;10;16;1028;1028;1;1;5;line_consecutive;0.5;1028;5;3;17-19;2,13,14;g_000;2;OPTIMAL;126341.82999999702;152.38198900222778;0.0;75550.85999999996;72072.50999999995;3478.3499999999985;2367.3000000000006;15439.26999999704;20543.4;54425.06999999997;71916.75999999704;1923.0;10518.0;12441.0;flat (waiting_freq=False)
lintim;SiouxFalls;SiouxFalls;eev;True;False;1e-05;6000;1;2;20;50;200;-5;50;0.75;2;150;50;10;10;16;1028;1028;1;1;5;line_consecutive;0.5;1028;5;3;17-19;2,13,14;g_000;2;OPTIMAL;128150.08999999995;109.19737410545348;0.0;75733.14999999992;72901.24499999992;2831.904999999999;2865.0;15734.04;22378.9;56277.23999999996;71872.85;730.0;10709.0;11439.0;flat (waiting_freq=False)
lintim;SiouxFalls;SiouxFalls;ws;True;False;1e-05;6000;1;2;20;50;200;-5;50;0.75;2;350;50;10;10;16;1049;1049;1;1;5;line_consecutive;0.5;1049;9;4;20-21;6;g_000;2;OPTIMAL;156424.56;370.3187863826752;0.0;105349.02999999996;103022.32999999996;2326.6999999999985;0.0;21269.53;27342.0;76916.13;79508.42999999993;0.0;2464.0;2464.0;flat (waiting_freq=False)
lintim;SiouxFalls;SiouxFalls;integrated;True;False;1e-05;6000;1;2;20;50;200;-5;50;0.75;2;350;50;10;10;16;1049;1049;1;1;5;line_consecutive;0.5;1049;9;4;20-21;6;g_000;2;OPTIMAL;157056.16499999998;675.3163449764252;0.0;104271.595;102751.715;1519.8800000000056;0.0;21235.37;28815.200000000004;77013.95000000001;80042.21500000003;270.0;2464.0;2734.0;flat (waiting_freq=False)
lintim;SiouxFalls;SiouxFalls;separated;True;False;1e-05;6000;1;2;20;50;200;-5;50;0.75;2;350;50;10;10;16;1049;1049;1;1;5;line_consecutive;0.5;1049;9;4;20-21;6;g_000;2;OPTIMAL;157248.08500000002;48.03462290763855;0.0;106064.65500000004;103174.475;2890.1799999999976;755.9999999999784;21334.63;26088.800000000003;76526.03000000004;80722.055;540.0;2464.0;3004.0;flat (waiting_freq=False)
lintim;SiouxFalls;SiouxFalls;eev;True;False;1e-05;6000;1;2;20;50;200;-5;50;0.75;2;350;50;10;10;16;1049;1049;1;1;5;line_consecutive;0.5;1049;9;4;20-21;6;g_000;2;OPTIMAL;157248.08500000002;51.52893400192261;0.0;106070.11500000002;103171.745;2898.3699999999985;755.9999999999784;21329.17000000001;26088.800000000003;76526.03000000004;80722.055;540.0;2464.0;3004.0;flat (waiting_freq=False)
lintim;SiouxFalls;SiouxFalls;ws;True;False;1e-05;6000;1;2;20;50;200;-5;50;0.75;2;550;50;10;10;16;1067;1067;1;1;5;line_consecutive;0.5;1067;13;2;14-15;14;g_000;2;OPTIMAL;170493.83499999996;350.53228306770325;0.0;118028.4049999999;116078.2999999999;1950.1049999999984;0.0;23439.93;28649.000000000004;84848.33999999995;85645.49499999997;376.5;0.0;376.5;flat (waiting_freq=False)
lintim;SiouxFalls;SiouxFalls;integrated;True;False;1e-05;6000;1;2;20;50;200;-5;50;0.75;2;550;50;10;10;16;1067;1067;1;1;5;line_consecutive;0.5;1067;13;2;14-15;14;g_000;2;OPTIMAL;170582.01999999996;341.1181609630585;0.0;118412.74999999996;116270.985;2141.7649999999976;0.0;23356.969999999998;28435.800000000003;84843.40999999999;85738.60999999988;376.5;0.0;376.5;flat (waiting_freq=False)
lintim;SiouxFalls;SiouxFalls;separated;True;False;1e-05;6000;1;2;20;50;200;-5;50;0.75;2;550;50;10;10;16;1067;1067;1;1;5;line_consecutive;0.5;1067;13;2;14-15;14;g_000;2;OPTIMAL;170964.78499999986;10.041661024093628;0.0;118621.21499999984;116001.53499999986;2619.6799999999976;0.0;23470.97;28119.6;84778.22999999988;86186.555;752.9999999999999;0.0;752.9999999999999;flat (waiting_freq=False)
lintim;SiouxFalls;SiouxFalls;eev;True;False;1e-05;6000;1;2;20;50;200;-5;50;0.75;2;550;50;10;10;16;1067;1067;1;1;5;line_consecutive;0.5;1067;13;2;14-15;14;g_000;2;OPTIMAL;170964.78499999992;12.333176136016846;0.0;118619.25499999986;116004.92499999989;2614.3299999999977;0.0;23472.929999999997;28119.6;84778.22999999991;86186.555;752.9999999999999;0.0;752.9999999999999;flat (waiting_freq=False)
lintim;SiouxFalls;SiouxFalls;ws;True;False;1e-05;6000;1;2;20;50;200;-5;50;0.75;2;250;50;10;10;16;1037;1037;1;1;5;line_consecutive;0.5;1037;7;2;11-12;1,7,8;g_000;2;OPTIMAL;144645.09999999648;1479.3933997154236;9.31405909580592e-06;96697.0799999966;93678.30999999822;3018.769999998389;0.0;19683.219999999827;25924.800000000003;69907.16499999858;74737.93499999781;740.0;1600.0;2340.0;flat (waiting_freq=False)
lintim;SiouxFalls;SiouxFalls;integrated;True;False;1e-05;6000;1;2;20;50;200;-5;50;0.75;2;250;50;10;10;16;1037;1037;1;1;5;line_consecutive;0.5;1037;7;2;11-12;1,7,8;g_000;2;OPTIMAL;145826.78500000003;1870.635938882828;0.0;96539.185;93486.38;3052.805;0.0;19516.8;26000.800000000003;69422.40999999996;76404.37499999994;2170.0;1600.0;3770.0;flat (waiting_freq=False)
lintim;SiouxFalls;SiouxFalls;separated;True;False;1e-05;6000;1;2;20;50;200;-5;50;0.75;2;250;50;10;10;16;1037;1037;1;1;5;line_consecutive;0.5;1037;7;2;11-12;1,7,8;g_000;2;OPTIMAL;146821.71999999997;426.8510773181915;0.0;96503.67;93451.86500000002;3051.8049999999994;0.0;19653.25;25364.800000000003;68949.52999999998;77872.19;3700.0;1600.0;5300.0;flat (waiting_freq=False)
lintim;SiouxFalls;SiouxFalls;eev;True;False;1e-05;6000;1;2;20;50;200;-5;50;0.75;2;250;50;10;10;16;1037;1037;1;1;5;line_consecutive;0.5;1037;7;2;11-12;1,7,8;g_000;2;OPTIMAL;146527.31999999995;253.16506695747373;0.0;97063.41;93513.875;3549.5349999999994;0.0;19613.110000000004;24920.8;68999.92999999998;77527.38999999998;3330.0;1600.0;4930.0;flat (waiting_freq=False)
lintim;SiouxFalls;SiouxFalls;ws;True;False;1e-05;6000;1;2;20;50;200;-5;50;0.75;2;100;50;10;10;16;1023;1023;1;1;5;line_consecutive;0.5;1023;4;3;14-15;14;g_000;2;OPTIMAL;83583.60000001846;83.7945671081543;0.0;54541.2;53185.39;1355.8100000000024;0.0;11925.20000001846;17117.200000000004;41791.8;41791.800000018455;0.0;0.0;0.0;flat (waiting_freq=False)
lintim;SiouxFalls;SiouxFalls;integrated;True;False;1e-05;6000;1;2;20;50;200;-5;50;0.75;2;100;50;10;10;16;1023;1023;1;1;5;line_consecutive;0.5;1023;4;3;14-15;14;g_000;2;OPTIMAL;83850.2499999999;85.23413705825806;0.0;54606.0499999999;53010.924999999945;1595.1249999999504;0.0;11951.899999999983;16915.800000000003;41557.76999999988;42292.47999999996;376.5;0.0;376.5;flat (waiting_freq=False)
lintim;SiouxFalls;SiouxFalls;separated;True;False;1e-05;6000;1;2;20;50;200;-5;50;0.75;2;100;50;10;10;16;1023;1023;1;1;5;line_consecutive;0.5;1023;4;3;14-15;14;g_000;2;OPTIMAL;83850.24999998629;3.057191610336304;0.0;54606.04999998917;53010.92499999222;1595.1249999969516;0.0;11951.899999997117;16915.800000000003;41557.76999999999;42292.4799999863;376.5;0.0;376.5;flat (waiting_freq=False)
lintim;SiouxFalls;SiouxFalls;eev;True;False;1e-05;6000;1;2;20;50;200;-5;50;0.75;2;100;50;10;10;16;1023;1023;1;1;5;line_consecutive;0.5;1023;4;3;14-15;14;g_000;2;OPTIMAL;83850.2499999863;3.1592729091644287;0.0;54606.049999989176;53010.92499999223;1595.1249999969518;0.0;11951.899999997118;16915.800000000003;41557.77;42292.4799999863;376.5;0.0;376.5;flat (waiting_freq=False)
lintim;SiouxFalls;SiouxFalls;ws;True;False;1e-05;6000;1;2;20;50;200;-5;50;0.75;2;450;50;10;10;16;1059;1059;1;1;5;line_consecutive;0.5;1059;11;4;3-12;8,12;g_000;2;OPTIMAL;163274.48000000004;486.97706270217896;0.0;113000.2099999999;110647.65499999988;2352.5549999999994;0.0;22565.469999999998;27708.800000000003;81637.23999999995;81637.23999999993;0.0;0.0;0.0;flat (waiting_freq=False)
lintim;SiouxFalls;SiouxFalls;integrated;True;False;1e-05;6000;1;2;20;50;200;-5;50;0.75;2;450;50;10;10;16;1059;1059;1;1;5;line_consecutive;0.5;1059;11;4;3-12;8,12;g_000;2;OPTIMAL;163589.30000000002;600.1584689617157;0.0;113395.85999999984;110827.77999999984;2568.079999999991;0.0;22572.640000000007;27620.8;81794.6499999999;81794.65;0.0;0.0;0.0;flat (waiting_freq=False)
lintim;SiouxFalls;SiouxFalls;separated;True;False;1e-05;6000;1;2;20;50;200;-5;50;0.75;2;450;50;10;10;16;1059;1059;1;1;5;line_consecutive;0.5;1059;11;4;3-12;8,12;g_000;2;OPTIMAL;163941.7149999999;17.507343769073486;0.0;113055.52499999988;110590.54999999989;2464.9749999999985;0.0;22651.39;27504.800000000003;81479.82999999993;82461.885;730.0000000000001;0.0;730.0000000000001;flat (waiting_freq=False)
lintim;SiouxFalls;SiouxFalls;eev;True;False;1e-05;6000;1;2;20;50;200;-5;50;0.75;2;450;50;10;10;16;1059;1059;1;1;5;line_consecutive;0.5;1059;11;4;3-12;8,12;g_000;2;OPTIMAL;163941.71499999997;12.922825574874878;0.0;113049.00499999996;110596.10999999994;2452.8949999999986;0.0;22657.91;27504.800000000003;81479.82999999999;82461.885;730.0000000000001;0.0;730.0000000000001;flat (waiting_freq=False)
lintim;SiouxFalls;SiouxFalls;ws;True;False;1e-05;6000;1;2;20;50;200;-5;50;0.75;2;25;50;10;10;16;1006;1006;1;1;5;line_consecutive;0.5;1006;1;1;23-24;4;g_000;2;OPTIMAL;30602.120000000003;35.83924984931946;0.0;16385.900000000005;15701.000000000004;684.9000000000002;0.0;4299.019999999999;9917.2;15301.060000000003;15301.060000000003;0.0;0.0;0.0;flat (waiting_freq=False)
lintim;SiouxFalls;SiouxFalls;integrated;True;False;1e-05;6000;1;2;20;50;200;-5;50;0.75;2;25;50;10;10;16;1006;1006;1;1;5;line_consecutive;0.5;1006;1;1;23-24;4;g_000;2;OPTIMAL;31432.29000000637;54.38332390785217;0.0;16351.06;15596.105000000003;754.9549999999994;0.0;4157.230000006372;9024.0;14464.700000000004;16967.590000006363;540.0;1360.0000000000002;1900.0;flat (waiting_freq=False)
lintim;SiouxFalls;SiouxFalls;separated;True;False;1e-05;6000;1;2;20;50;200;-5;50;0.75;2;25;50;10;10;16;1006;1006;1;1;5;line_consecutive;0.5;1006;1;1;23-24;4;g_000;2;OPTIMAL;31989.10497350517;1.8279781341552732;0.0;16501.874975850595;15705.3049773265;796.5699985240926;0.0;4107.229997654585;8120.0;13990.549973505174;17998.555;540.0;2720.0000000000005;3260.0000000000005;flat (waiting_freq=False)
lintim;SiouxFalls;SiouxFalls;eev;True;False;1e-05;6000;1;2;20;50;200;-5;50;0.75;2;25;50;10;10;16;1006;1006;1;1;5;line_consecutive;0.5;1006;1;1;23-24;4;g_000;2;OPTIMAL;31989.104937865;1.8257043361663816;4.054678743141543e-11;16501.874945363445;15705.304956110493;796.5699892529544;0.0;4107.229992501557;8120.0;13990.549937865;17998.555;540.0;2720.0000000000005;3260.0000000000005;flat (waiting_freq=False)
lintim;SiouxFalls;SiouxFalls;ws;True;False;1e-05;6000;1;2;20;50;200;-5;50;0.75;2;100;50;10;10;16;1021;1021;1;1;5;line_consecutive;0.5;1021;4;1;10-16;1,10;g_000;2;OPTIMAL;85813.45499999999;164.38491821289062;0.0;54814.08499999999;53341.83999999999;1472.2450000000003;181.99999999998795;11995.17;17346.200000000004;41745.81499999999;44067.63999999997;370.0;1106.0;1476.0;flat (waiting_freq=False)
lintim;SiouxFalls;SiouxFalls;integrated;True;False;1e-05;6000;1;2;20;50;200;-5;50;0.75;2;100;50;10;10;16;1021;1021;1;1;5;line_consecutive;0.5;1021;4;1;10-16;1,10;g_000;2;OPTIMAL;86189.54500000001;225.8318450450897;0.0;54758.155;53335.5;1422.655;182.0000000000007;12029.990000000002;17743.4;41933.85999999999;44255.685;370.0;1106.0;1476.0;flat (waiting_freq=False)
lintim;SiouxFalls;SiouxFalls;separated;True;False;1e-05;6000;1;2;20;50;200;-5;50;0.75;2;100;50;10;10;16;1021;1021;1;1;5;line_consecutive;0.5;1021;4;1;10-16;1,10;g_000;2;OPTIMAL;87190.6899999863;48.1114809513092;0.0;54913.11999998917;53310.48999999221;1602.6299999969508;0.0;11891.969999997116;17003.600000000002;41557.76999999999;45632.91999998631;1170.0;2212.0;3382.0;flat (waiting_freq=False)
lintim;SiouxFalls;SiouxFalls;eev;True;False;1e-05;6000;1;2;20;50;200;-5;50;0.75;2;100;50;10;10;16;1021;1021;1;1;5;line_consecutive;0.5;1021;4;1;10-16;1,10;g_000;2;OPTIMAL;87190.68999998631;51.36965298652649;0.0;54913.11999998917;53310.48999999222;1602.629999996951;0.0;11891.969999997118;17003.600000000002;41557.77;45632.91999998631;1170.0;2212.0;3382.0;flat (waiting_freq=False)
lintim;SiouxFalls;SiouxFalls;ws;True;False;1e-05;6000;1;2;20;50;200;-5;50;0.75;2;350;50;10;10;16;1045;1045;1;1;5;line_consecutive;0.5;1045;9;0;23-24;4;g_000;2;OPTIMAL;158736.095;362.0052850246429;0.0;107212.14500000003;103923.73000000004;3288.4149999999986;0.0;21343.55;27460.4;77640.29500000003;81095.79999999999;0.0;2720.0000000000005;2720.0000000000005;flat (waiting_freq=False)
lintim;SiouxFalls;SiouxFalls;integrated;True;False;1e-05;6000;1;2;20;50;200;-5;50;0.75;2;350;50;10;10;16;1045;1045;1;1;5;line_consecutive;0.5;1045;9;0;23-24;4;g_000;2;OPTIMAL;159779.14499999996;611.4161338806152;0.0;107389.01500000004;103862.90500000004;3526.109999999996;0.0;21183.73;26586.399999999998;77051.71000000004;82727.4350000001;540.0;4080.000000000001;4620.000000000001;flat (waiting_freq=False)
lintim;SiouxFalls;SiouxFalls;separated;True;False;1e-05;6000;1;2;20;50;200;-5;50;0.75;2;350;50;10;10;16;1045;1045;1;1;5;line_consecutive;0.5;1045;9;0;23-24;4;g_000;2;OPTIMAL;160665.13000000006;54.91257691383362;0.0;106788.12000000002;103754.93000000004;3033.1899999999973;60.0;21222.61;26074.4;76526.03000000004;84139.10000000002;1080.0;5440.000000000001;6520.000000000001;flat (waiting_freq=False)
lintim;SiouxFalls;SiouxFalls;eev;True;False;1e-05;6000;1;2;20;50;200;-5;50;0.75;2;350;50;10;10;16;1045;1045;1;1;5;line_consecutive;0.5;1045;9;0;23-24;4;g_000;2;OPTIMAL;160166.85000000003;46.952664852142334;0.0;107659.64999999997;104096.72999999998;3562.9199999999964;60.0;21268.8;26018.4;76684.99;83481.86000000002;1080.0;4080.000000000001;5160.000000000001;flat (waiting_freq=False)
lintim;SiouxFalls;SiouxFalls;ws;True;False;1e-05;6000;1;2;20;50;200;-5;50;0.75;2;10;50;10;10;16;1002;1002;1;1;5;line_consecutive;0.5;1002;0;2;14-23;4,10;g_000;2;OPTIMAL;15526.910000000003;17.678977966308594;0.0;7060.250000000003;6461.780000000001;598.4700000000015;0.0;2098.6600000000003;5168.0;6977.455000000002;8549.455;0.0;1200.0;1200.0;flat (waiting_freq=False)
lintim;SiouxFalls;SiouxFalls;integrated;True;False;1e-05;6000;1;2;20;50;200;-5;50;0.75;2;10;50;10;10;16;1002;1002;1;1;5;line_consecutive;0.5;1002;0;2;14-23;4,10;g_000;2;OPTIMAL;15918.1000000003;38.13463997840881;0.0;7296.23999999985;6586.579999999924;709.6599999999248;0.0;2117.8600000004526;5304.0;7173.049999999833;8745.050000000469;0.0;1200.0;1200.0;flat (waiting_freq=False)
lintim;SiouxFalls;SiouxFalls;separated;True;False;1e-05;6000;1;2;20;50;200;-5;50;0.75;2;10;50;10;10;16;1002;1002;1;1;5;line_consecutive;0.5;1002;0;2;14-23;4,10;g_000;2;OPTIMAL;16381.72;1.2410612106323242;0.0;6810.760000000001;6360.9800000000005;449.78;0.0;2066.96;5104.0;6781.860000000001;9599.86;0.0;2400.0;2400.0;flat (waiting_freq=False)
lintim;SiouxFalls;SiouxFalls;eev;True;False;1e-05;6000;1;2;20;50;200;-5;50;0.75;2;10;50;10;10;16;1002;1002;1;1;5;line_consecutive;0.5;1002;0;2;14-23;4,10;g_000;2;OPTIMAL;16381.72;1.234961748123169;0.0;6810.760000000002;6360.9800000000005;449.78000000000026;0.0;2066.96;5104.0;6781.860000000001;9599.86;0.0;2400.0;2400.0;flat (waiting_freq=False)
lintim;SiouxFalls;SiouxFalls;ws;True;False;1e-05;6000;1;2;20;50;200;-5;50;0.75;2;200;50;10;10;16;1031;1031;1;1;5;line_consecutive;0.5;1031;6;1;4-5;3;g_000;2;OPTIMAL;127082.63;282.6227271556854;0.0;85292.11000000002;83063.54000000001;2228.570000000008;0.0;17873.719999999998;23916.8;63541.31500000002;63541.31500000002;0.0;0.0;0.0;flat (waiting_freq=False)
lintim;SiouxFalls;SiouxFalls;integrated;True;False;1e-05;6000;1;2;20;50;200;-5;50;0.75;2;200;50;10;10;16;1031;1031;1;1;5;line_consecutive;0.5;1031;6;1;4-5;3;g_000;2;OPTIMAL;127499.75500000002;236.02951383590695;0.0;84271.43499999997;82812.44999999995;1458.985000000002;0.0;17857.520000000004;24880.800000000003;63365.45999999998;64134.29499999999;490.00000000000006;0.0;490.00000000000006;flat (waiting_freq=False)
lintim;SiouxFalls;SiouxFalls;separated;True;False;1e-05;6000;1;2;20;50;200;-5;50;0.75;2;200;50;10;10;16;1031;1031;1;1;5;line_consecutive;0.5;1031;6;1;4-5;3;g_000;2;OPTIMAL;128845.63;26.990785121917725;0.0;85829.03000000004;83140.59000000004;2688.439999999999;0.0;17793.799999999996;23392.8;63166.900000000016;65678.73;1830.0;0.0;1830.0;flat (waiting_freq=False)
lintim;SiouxFalls;SiouxFalls;eev;True;False;1e-05;6000;1;2;20;50;200;-5;50;0.75;2;200;50;10;10;16;1031;1031;1;1;5;line_consecutive;0.5;1031;6;1;4-5;3;g_000;2;OPTIMAL;128845.63;26.58721327781677;0.0;85829.03000000003;83140.59000000003;2688.439999999999;0.0;17793.799999999996;23392.8;63166.90000000001;65678.73;1830.0;0.0;1830.0;flat (waiting_freq=False)
lintim;SiouxFalls;SiouxFalls;ws;True;False;1e-05;6000;1;2;20;50;200;-5;50;0.75;2;350;50;10;10;16;1046;1046;1;1;5;line_consecutive;0.5;1046;9;1;2-6;2;g_000;2;OPTIMAL;164381.425;300.2495541572571;4.969045519071488e-16;110279.96500000004;106854.29000000004;3425.674999999999;0.0;21421.06;28580.39999999999;78008.62;86372.80499999996;1379.9999999999998;2720.0000000000005;4100.0;flat (waiting_freq=False)
lintim;SiouxFalls;SiouxFalls;integrated;True;False;1e-05;6000;1;2;20;50;200;-5;50;0.75;2;350;50;10;10;16;1046;1046;1;1;5;line_consecutive;0.5;1046;9;1;2-6;2;g_000;2;OPTIMAL;166114.07000000004;415.145299911499;0.0;108899.14000000009;105927.22500000006;2971.9149999999986;0.0;21472.13;30452.80000000001;77678.34000000001;88435.73;2570.0;2720.0000000000005;5290.0;flat (waiting_freq=False)
lintim;SiouxFalls;SiouxFalls;separated;True;False;1e-05;6000;1;2;20;50;200;-5;50;0.75;2;350;50;10;10;16;1046;1046;1;1;5;line_consecutive;0.5;1046;9;1;2-6;2;g_000;2;OPTIMAL;168844.88000000006;156.4330987930298;0.0;111100.69000000005;106580.85000000002;4519.8399999999965;60.0;21578.29;26843.4;76526.03000000004;92318.85;6542.5;2720.0000000000005;9262.5;flat (waiting_freq=False)
lintim;SiouxFalls;SiouxFalls;eev;True;False;1e-05;6000;1;2;20;50;200;-5;50;0.75;2;350;50;10;10;16;1046;1046;1;1;5;line_consecutive;0.5;1046;9;1;2-6;2;g_000;2;OPTIMAL;168057.91;105.0021870136261;0.0;109790.64999999997;105859.00499999998;3931.6449999999977;2234.95;21453.11;27443.19999999999;76922.56;91135.35;4416.0;2720.0000000000005;7136.0;flat (waiting_freq=False)
lintim;SiouxFalls;SiouxFalls;ws;True;False;1e-05;6000;1;2;20;50;200;-5;50;0.75;2;250;50;10;10;16;1035;1035;1;1;5;line_consecutive;0.5;1035;7;0;23-24;4;g_000;2;OPTIMAL;142985.49499999647;274.69556879997253;9.31405909580592e-06;94669.8149999966;92308.98999999822;2360.824999998388;0.0;19266.079999999827;26329.6;69780.66499999863;73204.82999999783;0.0;2720.0000000000005;2720.0000000000005;flat (waiting_freq=False)
lintim;SiouxFalls;SiouxFalls;integrated;True;False;1e-05;6000;1;2;20;50;200;-5;50;0.75;2;250;50;10;10;16;1035;1035;1;1;5;line_consecutive;0.5;1035;7;0;23-24;4;g_000;2;OPTIMAL;144259.12499999994;517.4073750972748;0.0;95538.09499999996;92671.85999999996;2866.2349999999988;0.0;19034.62999999999;25066.399999999987;69331.18000000002;74927.94500000004;540.0;4080.000000000001;4620.000000000001;flat (waiting_freq=False)
lintim;SiouxFalls;SiouxFalls;separated;True;False;1e-05;6000;1;2;20;50;200;-5;50;0.75;2;250;50;10;10;16;1035;1035;1;1;5;line_consecutive;0.5;1035;7;0;23-24;4;g_000;2;OPTIMAL;145842.41999999998;59.059250354766846;0.0;94671.91999999998;92376.615;2295.3049999999994;213.0;19302.7;25224.800000000003;68949.52999999998;76892.89;2350.0;4080.000000000001;6430.000000000001;flat (waiting_freq=False)
lintim;SiouxFalls;SiouxFalls;eev;True;False;1e-05;6000;1;2;20;50;200;-5;50;0.75;2;250;50;10;10;16;1035;1035;1;1;5;line_consecutive;0.5;1035;7;0;23-24;4;g_000;2;OPTIMAL;145550.99999999997;39.11600279808045;0.0;95543.81999999998;92377.03499999996;3166.784999999999;213.0;19327.38;24576.8;69115.24999999997;76435.75;1810.0;4080.000000000001;5890.000000000001;flat (waiting_freq=False)
lintim;SiouxFalls;SiouxFalls;ws;True;False;1e-05;6000;1;2;20;50;200;-5;50;0.75;2;300;50;10;10;16;1043;1043;1;1;5;line_consecutive;0.5;1043;8;3;4-11;4;g_000;2;OPTIMAL;152037.19000000003;435.8502819538117;0.0;101635.46999999996;98695.395;2940.074999999998;0.0;20464.119999999995;26657.6;74216.97999999994;77820.20999999995;0.0;3280.0;3280.0;flat (waiting_freq=False)
lintim;SiouxFalls;SiouxFalls;integrated;True;False;1e-05;6000;1;2;20;50;200;-5;50;0.75;2;300;50;10;10;16;1043;1043;1;1;5;line_consecutive;0.5;1043;8;3;4-11;4;g_000;2;OPTIMAL;153278.73999401505;577.5831081867218;0.0;102251.76999999996;99109.32999999996;3142.4400000000137;0.0;20440.569994015023;26226.399999999998;73753.98999999999;79524.74999401502;1080.0;3280.0;4360.0;flat (waiting_freq=False)
lintim;SiouxFalls;SiouxFalls;separated;True;False;1e-05;6000;1;2;20;50;200;-5;50;0.75;2;300;50;10;10;16;1043;1043;1;1;5;line_consecutive;0.5;1043;8;3;4-11;4;g_000;2;OPTIMAL;156253.71999999994;84.9300811290741;0.0;101989.72499999996;98683.80249999992;3305.9224999999983;0.0;20511.195;25212.800000000003;73169.63999999994;83084.08;3740.0;4800.0;8540.0;flat (waiting_freq=False)
lintim;SiouxFalls;SiouxFalls;eev;True;False;1e-05;6000;1;2;20;50;200;-5;50;0.75;2;300;50;10;10;16;1043;1043;1;1;5;line_consecutive;0.5;1043;8;3;4-11;4;g_000;2;OPTIMAL;154607.94749999995;112.87022590637208;0.0;102723.55249999996;98978.33249999996;3745.2199999999984;0.0;20451.995000000003;24782.399999999998;73360.37999999996;81247.5675;1850.0;4800.0;6650.0;flat (waiting_freq=False)
lintim;SiouxFalls;SiouxFalls;ws;True;False;1e-05;6000;1;2;20;50;200;-5;50;0.75;2;75;50;10;10;16;1015;1015;1;1;5;line_consecutive;0.5;1015;3;0;10-15;5,9;g_000;2;OPTIMAL;64892.72;74.47759866714478;0.0;40322.88000000002;39378.140000000014;944.7400000000002;211.80000000000177;9550.44;14527.600000000002;32081.22;32811.49999999999;280.0;0.0;280.0;flat (waiting_freq=False)
lintim;SiouxFalls;SiouxFalls;integrated;True;False;1e-05;6000;1;2;20;50;200;-5;50;0.75;2;75;50;10;10;16;1015;1015;1;1;5;line_consecutive;0.5;1015;3;0;10-15;5,9;g_000;2;OPTIMAL;65309.35999999999;68.71096611022949;0.0;40100.76000000002;39286.64000000002;814.1199999999998;423.5999999999985;9684.2;14820.800000000005;32289.54;33019.819999999985;280.0;0.0;280.0;flat (waiting_freq=False)
lintim;SiouxFalls;SiouxFalls;separated;True;False;1e-05;6000;1;2;20;50;200;-5;50;0.75;2;75;50;10;10;16;1015;1015;1;1;5;line_consecutive;0.5;1015;3;0;10-15;5,9;g_000;2;OPTIMAL;66621.64499998394;9.24520707130432;0.0;40782.50499998711;39470.299999992814;1312.2049999942903;105.90000000000089;9432.839999996831;14230.4;31872.900000000005;34748.74499998393;2070.0;0.0;2070.0;flat (waiting_freq=False)
lintim;SiouxFalls;SiouxFalls;eev;True;False;1e-05;6000;1;2;20;50;200;-5;50;0.75;2;75;50;10;10;16;1015;1015;1;1;5;line_consecutive;0.5;1015;3;0;10-15;5,9;g_000;2;OPTIMAL;66621.64499998392;9.61464786529541;0.0;40782.5049999871;39470.299999992814;1312.2049999942897;105.90000000000089;9432.839999996831;14230.4;31872.9;34748.74499998393;2070.0;0.0;2070.0;flat (waiting_freq=False)
lintim;SiouxFalls;SiouxFalls;ws;True;False;1e-05;6000;1;2;20;50;200;-5;50;0.75;2;300;50;10;10;16;1041;1041;1;1;5;line_consecutive;0.5;1041;8;1;4-5;3;g_000;2;OPTIMAL;147489.63000000003;282.2596390247345;0.0;100874.11;98591.6;2282.5099999999984;0.0;20682.72;25932.8;73744.81499999997;73744.81499999994;0.0;0.0;0.0;flat (waiting_freq=False)
lintim;SiouxFalls;SiouxFalls;integrated;True;False;1e-05;6000;1;2;20;50;200;-5;50;0.75;2;300;50;10;10;16;1041;1041;1;1;5;line_consecutive;0.5;1041;8;1;4-5;3;g_000;2;OPTIMAL;147694.15000000008;324.6671619415283;0.0;100550.19000000006;98337.61000000007;2212.579999999998;0.0;20557.160000000007;26096.800000000003;73289.58000000003;74404.57000000012;490.00000000000006;0.0;490.00000000000006;flat (waiting_freq=False)
lintim;SiouxFalls;SiouxFalls;separated;True;False;1e-05;6000;1;2;20;50;200;-5;50;0.75;2;300;50;10;10;16;1041;1041;1;1;5;line_consecutive;0.5;1041;8;1;4-5;3;g_000;2;OPTIMAL;148849.79499999993;32.37146306037903;0.0;101392.06499999994;98464.56999999992;2927.494999999997;237.0;20557.93;25232.800000000003;73169.63999999994;75680.155;1430.0;0.0;1430.0;flat (waiting_freq=False)
lintim;SiouxFalls;SiouxFalls;eev;True;False;1e-05;6000;1;2;20;50;200;-5;50;0.75;2;300;50;10;10;16;1041;1041;1;1;5;line_consecutive;0.5;1041;8;1;4-5;3;g_000;2;OPTIMAL;148849.79499999993;31.525208711624146;0.0;101392.06499999994;98464.56999999992;2927.4949999999976;237.0;20557.93;25232.800000000003;73169.63999999994;75680.155;1430.0;0.0;1430.0;flat (waiting_freq=False)
lintim;SiouxFalls;SiouxFalls;ws;True;False;1e-05;6000;1;2;20;50;200;-5;50;0.75;2;25;50;10;10;16;1007;1007;1;1;5;line_consecutive;0.5;1007;1;2;11-14;4,8,10;g_000;2;OPTIMAL;31166.14;68.46554112434387;0.0;16420.3;15700.700000000004;719.6;0.0;4148.639999999999;8837.2;14570.950000000004;16595.190000000002;0.0;1760.0000000000002;1760.0000000000002;flat (waiting_freq=False)
lintim;SiouxFalls;SiouxFalls;integrated;True;False;1e-05;6000;1;2;20;50;200;-5;50;0.75;2;25;50;10;10;16;1007;1007;1;1;5;line_consecutive;0.5;1007;1;2;11-14;4,8,10;g_000;2;OPTIMAL;31853.46999999868;120.4848370552063;0.0;16164.28;15472.345;691.9349999999995;0.0;4074.789999998683;9034.399999999998;14287.320000000003;17566.149999998674;820.0;1760.0000000000002;2580.0;flat (waiting_freq=False)
lintim;SiouxFalls;SiouxFalls;separated;True;False;1e-05;6000;1;2;20;50;200;-5;50;0.75;2;25;50;10;10;16;1007;1007;1;1;5;line_consecutive;0.5;1007;1;2;11-14;4,8,10;g_000;2;OPTIMAL;32682.364973505177;19.248263835906982;0.0;16326.624975850593;15618.6049773265;708.0199985240924;0.0;4175.739997654585;8120.0;13990.549973505174;18691.815;540.0;3520.0000000000005;4060.000000000001;flat (waiting_freq=False)
lintim;SiouxFalls;SiouxFalls;eev;True;False;1e-05;6000;1;2;20;50;200;-5;50;0.75;2;25;50;10;10;16;1007;1007;1;1;5;line_consecutive;0.5;1007;1;2;11-14;4,8,10;g_000;2;OPTIMAL;32682.364965014844;20.56270170211792;4.6576779723153394e-11;16326.624967169297;15618.604970904757;708.0199962645374;0.0;4175.739997845549;8120.0;13990.54996501484;18691.815;540.0;3520.0000000000005;4060.000000000001;flat (waiting_freq=False)
lintim;SiouxFalls;SiouxFalls;ws;True;False;1e-05;6000;1;2;20;50;200;-5;50;0.75;2;50;50;10;10;16;1014;1014;1;1;5;line_consecutive;0.5;1014;2;4;21-22;13;g_000;2;OPTIMAL;46353.23999999992;55.28452491760254;0.0;28188.799999999923;27394.960000000003;793.8399999999205;0.0;6874.039999999999;11290.399999999998;23176.619999999995;23176.619999999915;0.0;0.0;0.0;flat (waiting_freq=False)
lintim;SiouxFalls;SiouxFalls;integrated;True;False;1e-05;6000;1;2;20;50;200;-5;50;0.75;2;50;50;10;10;16;1014;1014;1;1;5;line_consecutive;0.5;1014;2;4;21-22;13;g_000;2;OPTIMAL;46353.240000000005;35.04088306427002;0.0;28188.8;27394.96;793.8399999999997;0.0;6874.04;11290.399999999998;23176.61999999999;23176.619999999988;0.0;0.0;0.0;flat (waiting_freq=False)
lintim;SiouxFalls;SiouxFalls;separated;True;False;1e-05;6000;1;2;20;50;200;-5;50;0.75;2;50;50;10;10;16;1014;1014;1;1;5;line_consecutive;0.5;1014;2;4;21-22;13;g_000;2;OPTIMAL;46353.23999522782;2.1063599586486816;0.0;28188.799999980096;27394.959999989176;793.8399999909213;0.0;6874.039995247732;11290.399999999998;23176.61999525044;23176.61999997738;0.0;0.0;0.0;flat (waiting_freq=False)
lintim;SiouxFalls;SiouxFalls;eev;True;False;1e-05;6000;1;2;20;50;200;-5;50;0.75;2;50;50;10;10;16;1014;1014;1;1;5;line_consecutive;0.5;1014;2;4;21-22;13;g_000;2;OPTIMAL;46353.239996371965;2.1222057342529297;0.0;28188.79998831203;27394.959999989173;793.8399883228553;0.0;6874.040008059947;11290.399999999998;23176.619996394584;23176.61999997738;0.0;0.0;0.0;flat (waiting_freq=False)
lintim;SiouxFalls;SiouxFalls;ws;True;False;1e-05;6000;1;2;20;50;200;-5;50;0.75;2;100;50;10;10;16;1024;1024;1;1;5;line_consecutive;0.5;1024;4;4;6-8;2;g_000;2;OPTIMAL;90202.44;128.7871870994568;0.0;55608.57999999998;54245.96499999998;1362.6149999999998;150.14999999999972;11904.11;18239.6;41990.57499999998;48211.865000000005;460.0;3840.0;4300.0;flat (waiting_freq=False)
lintim;SiouxFalls;SiouxFalls;integrated;True;False;1e-05;6000;1;2;20;50;200;-5;50;0.75;2;100;50;10;10;16;1024;1024;1;1;5;line_consecutive;0.5;1024;4;4;6-8;2;g_000;2;OPTIMAL;90840.035;172.96957802772522;0.0;56191.69499999998;54218.47499999998;1973.2200000000007;547.3499999999983;12108.19;17692.800000000003;42006.34999999999;48833.68499999997;460.0;3840.0;4300.0;flat (waiting_freq=False)
lintim;SiouxFalls;SiouxFalls;separated;True;False;1e-05;6000;1;2;20;50;200;-5;50;0.75;2;100;50;10;10;16;1024;1024;1;1;5;line_consecutive;0.5;1024;4;4;6-8;2;g_000;2;OPTIMAL;91998.9249999863;25.18760681152344;0.0;56016.98499998916;54134.41999999221;1882.5649999969517;397.1999999999994;11896.33999999712;17198.4;41557.76999999999;50441.15499998631;1370.0;5120.0;6490.0;flat (waiting_freq=False)
lintim;SiouxFalls;SiouxFalls;eev;True;False;1e-05;6000;1;2;20;50;200;-5;50;0.75;2;100;50;10;10;16;1024;1024;1;1;5;line_consecutive;0.5;1024;4;4;6-8;2;g_000;2;OPTIMAL;91053.445;19.970638036727905;0.0;55834.56499999999;54152.78499999999;1681.7799999999995;397.2000000000003;11799.28;17442.400000000005;41588.54;49464.90499999999;460.0;5120.0;5580.0;flat (waiting_freq=False)
lintim;SiouxFalls;SiouxFalls;ws;True;False;1e-05;6000;1;2;20;50;200;-5;50;0.75;2;50;50;10;10;16;1010;1010;1;1;5;line_consecutive;0.5;1010;2;0;16-17;2,13;g_000;2;OPTIMAL;51321.59999999992;80.42804908752441;0.0;29439.869999999923;28530.58;909.2899999999198;0.0;6973.529999999999;11590.199999999995;23769.45499999999;27552.14499999991;0.0;3318.0;3318.0;flat (waiting_freq=False)
lintim;SiouxFalls;SiouxFalls;integrated;True;False;1e-05;6000;1;2;20;50;200;-5;50;0.75;2;50;50;10;10;16;1010;1010;1;1;5;line_consecutive;0.5;1010;2;0;16-17;2,13;g_000;2;OPTIMAL;51983.2;81.15726780891418;0.0;29338.82;28383.259999999995;955.5600000000002;508.8000000000002;6823.379999999998;11534.2;23469.889999999992;28513.31;460.0;3318.0;3778.0;flat (waiting_freq=False)
lintim;SiouxFalls;SiouxFalls;separated;True;False;1e-05;6000;1;2;20;50;200;-5;50;0.75;2;50;50;10;10;16;1010;1010;1;1;5;line_consecutive;0.5;1010;2;0;16-17;2,13;g_000;2;OPTIMAL;52431.22999522783;13.63832402229309;0.0;29029.2799999801;28071.63499998917;957.6449999909212;508.80000000000064;6914.949995247732;11290.199999999995;23176.61999525044;29254.609999977383;1370.0;3318.0;4688.0;flat (waiting_freq=False)
lintim;SiouxFalls;SiouxFalls;eev;True;False;1e-05;6000;1;2;20;50;200;-5;50;0.75;2;50;50;10;10;16;1010;1010;1;1;5;line_consecutive;0.5;1010;2;0;16-17;2,13;g_000;2;OPTIMAL;52431.2299942619;12.54754400253296;0.0;29029.2799999801;28071.63499998917;957.6449999909212;508.80000000000064;6914.949994281818;11290.199999999995;23176.61999428452;29254.609999977383;1370.0;3318.0;4688.0;flat (waiting_freq=False)
lintim;SiouxFalls;SiouxFalls;ws;True;False;1e-05;6000;1;2;20;50;200;-5;50;0.75;2;400;50;10;10;16;1053;1053;1;1;5;line_consecutive;0.5;1053;10;3;19-20;2;g_000;2;OPTIMAL;167572.855;447.3949770927429;0.0;112090.48499999996;108997.83499999996;3092.6499999999987;6.299999999999386;22125.27;28546.800000000003;79738.77999999993;87834.07499999997;1379.9999999999998;3423.9999999999995;4803.999999999999;flat (waiting_freq=False)
lintim;SiouxFalls;SiouxFalls;integrated;True;False;1e-05;6000;1;2;20;50;200;-5;50;0.75;2;400;50;10;10;16;1053;1053;1;1;5;line_consecutive;0.5;1053;10;3;19-20;2;g_000;2;OPTIMAL;168552.65499999945;701.765946149826;1.897329948670467e-06;111344.57499999995;108106.21999999996;3238.354999999994;1506.2999999999995;21869.77999999949;27316.000000000007;79260.30999999994;89292.34499999955;1379.9999999999998;5135.999999999999;6515.999999999999;flat (waiting_freq=False)
lintim;SiouxFalls;SiouxFalls;separated;True;False;1e-05;6000;1;2;20;50;200;-5;50;0.75;2;400;50;10;10;16;1053;1053;1;1;5;line_consecutive;0.5;1053;10;3;19-20;2;g_000;2;OPTIMAL;169623.65499999994;95.63071990013124;0.0;111265.15499999994;108008.79499999995;3256.359999999999;1506.2999999999977;22103.8;27322.4;79122.78999999995;90500.865;2290.0;5135.999999999999;7425.999999999999;flat (waiting_freq=False)
lintim;SiouxFalls;SiouxFalls;eev;True;False;1e-05;6000;1;2;20;50;200;-5;50;0.75;2;400;50;10;10;16;1053;1053;1;1;5;line_consecutive;0.5;1053;10;3;19-20;2;g_000;2;OPTIMAL;170161.39500000002;107.81917810440063;0.0;111694.60500000004;108041.45500000002;3653.150000000001;1506.2999999999986;21674.19;27603.800000000003;79573.37000000001;90588.02500000002;2546.5;5135.999999999999;7682.499999999999;flat (waiting_freq=False)
lintim;SiouxFalls;SiouxFalls;ws;True;False;1e-05;6000;1;2;20;50;200;-5;50;0.75;2;100;50;10;10;16;1022;1022;1;1;5;line_consecutive;0.5;1022;4;2;9-10;7,9;g_000;2;OPTIMAL;84512.26000000001;121.9125039577484;0.0;54700.49999999999;53238.77;1461.73;0.0;12047.36;17334.4;41765.75;42746.50999999998;430.00000000000006;0.0;430.00000000000006;flat (waiting_freq=False)
lintim;SiouxFalls;SiouxFalls;integrated;True;False;1e-05;6000;1;2;20;50;200;-5;50;0.75;2;100;50;10;10;16;1022;1022;1;1;5;line_consecutive;0.5;1022;4;2;9-10;7,9;g_000;2;OPTIMAL;84831.74500000002;158.9349901676178;0.0;54808.005;53221.885;1586.119999999999;397.2000000000003;12114.14;17062.4;41748.08;43083.66499999998;450.0;0.0;450.0;flat (waiting_freq=False)
lintim;SiouxFalls;SiouxFalls;separated;True;False;1e-05;6000;1;2;20;50;200;-5;50;0.75;2;100;50;10;10;16;1022;1022;1;1;5;line_consecutive;0.5;1022;4;2;9-10;7,9;g_000;2;OPTIMAL;86367.1849999863;28.832284927368164;0.0;55044.084999989165;53220.58499999221;1823.499999996956;397.2000000000003;11971.499999997117;16794.4;41557.76999999999;44809.41499998632;880.0;1280.0;2160.0;flat (waiting_freq=False)
lintim;SiouxFalls;SiouxFalls;eev;True;False;1e-05;6000;1;2;20;50;200;-5;50;0.75;2;100;50;10;10;16;1022;1022;1;1;5;line_consecutive;0.5;1022;4;2;9-10;7,9;g_000;2;OPTIMAL;86367.1849999863;28.57237720489502;0.0;55044.084999989165;53220.58499999221;1823.499999996956;397.2000000000003;11971.499999997117;16794.4;41557.76999999999;44809.41499998632;880.0;1280.0;2160.0;flat (waiting_freq=False)
lintim;SiouxFalls;SiouxFalls;ws;True;False;1e-05;6000;1;2;20;50;200;-5;50;0.75;2;10;50;10;10;16;1001;1001;1;1;5;line_consecutive;0.5;1001;0;1;20-21;6;g_000;2;OPTIMAL;14838.920000000002;17.40344500541687;0.0;6536.760000000001;6086.9800000000005;449.78000000000014;0.0;2066.96;5003.2;6781.860000000001;8057.060000000001;0.0;1232.0;1232.0;flat (waiting_freq=False)
lintim;SiouxFalls;SiouxFalls;integrated;True;False;1e-05;6000;1;2;20;50;200;-5;50;0.75;2;10;50;10;10;16;1001;1001;1;1;5;line_consecutive;0.5;1001;0;1;20-21;6;g_000;2;OPTIMAL;14838.920000000006;2.192618131637573;0.0;6536.760000000002;6086.9800000000005;449.7800000000006;0.0;2066.9600000000005;5003.2;6781.86;8057.060000000003;0.0;1232.0;1232.0;flat (waiting_freq=False)
lintim;SiouxFalls;SiouxFalls;separated;True;False;1e-05;6000;1;2;20;50;200;-5;50;0.75;2;10;50;10;10;16;1001;1001;1;1;5;line_consecutive;0.5;1001;0;1;20-21;6;g_000;2;OPTIMAL;14838.920000000002;0.5205349922180176;0.0;6536.760000000001;6086.9800000000005;449.78;0.0;2066.96;5003.2;6781.860000000001;8057.06;0.0;1232.0;1232.0;flat (waiting_freq=False)
lintim;SiouxFalls;SiouxFalls;eev;True;False;1e-05;6000;1;2;20;50;200;-5;50;0.75;2;10;50;10;10;16;1001;1001;1;1;5;line_consecutive;0.5;1001;0;1;20-21;6;g_000;2;OPTIMAL;14838.920000000002;0.5129790306091309;0.0;6536.760000000001;6086.9800000000005;449.7800000000002;0.0;2066.96;5003.2;6781.860000000001;8057.06;0.0;1232.0;1232.0;flat (waiting_freq=False)
lintim;SiouxFalls;SiouxFalls;ws;True;False;1e-05;6000;1;2;20;50;200;-5;50;0.75;2;75;50;10;10;16;1019;1019;1;1;5;line_consecutive;0.5;1019;3;4;18-20;11;g_000;2;OPTIMAL;63745.79999999999;44.22435665130615;0.0;40094.80000000002;39084.860000000015;1009.9400000000006;0.0;9304.6;14346.400000000003;31872.9;31872.9;0.0;0.0;0.0;flat (waiting_freq=False)
lintim;SiouxFalls;SiouxFalls;integrated;True;False;1e-05;6000;1;2;20;50;200;-5;50;0.75;2;75;50;10;10;16;1019;1019;1;1;5;line_consecutive;0.5;1019;3;4;18-20;11;g_000;2;OPTIMAL;63745.8;94.0153501033783;0.0;40094.8;39084.860000000015;1009.939999999996;0.0;9304.6;14346.400000000003;31872.9;31872.899999999998;0.0;0.0;0.0;flat (waiting_freq=False)
lintim;SiouxFalls;SiouxFalls;separated;True;False;1e-05;6000;1;2;20;50;200;-5;50;0.75;2;75;50;10;10;16;1019;1019;1;1;5;line_consecutive;0.5;1019;3;4;18-20;11;g_000;2;OPTIMAL;63745.79999996504;2.524291038513184;0.0;40094.799999973286;39084.85999998399;1009.9399999892884;0.0;9304.59999999176;14346.400000000003;31872.900000000005;31872.899999965022;0.0;0.0;0.0;flat (waiting_freq=False)
lintim;SiouxFalls;SiouxFalls;eev;True;False;1e-05;6000;1;2;20;50;200;-5;50;0.75;2;75;50;10;10;16;1019;1019;1;1;5;line_consecutive;0.5;1019;3;4;18-20;11;g_000;2;OPTIMAL;63745.79999996504;2.3773021697998047;0.0;40094.799999973286;39084.85999998399;1009.939999989288;0.0;9304.59999999176;14346.400000000003;31872.900000000005;31872.899999965022;0.0;0.0;0.0;flat (waiting_freq=False)
lintim;SiouxFalls;SiouxFalls;ws;True;False;1e-05;6000;1;2;20;50;200;-5;50;0.75;2;450;50;10;10;16;1058;1058;1;1;5;line_consecutive;0.5;1058;11;3;1-2;12;g_000;2;OPTIMAL;163193.46000000002;371.9851031303406;0.0;112738.9199999999;110565.4199999999;2173.499999999999;0.0;22537.73999999999;27916.800000000003;81596.73;81596.72999999995;0.0;0.0;0.0;flat (waiting_freq=False)
lintim;SiouxFalls;SiouxFalls;integrated;True;False;1e-05;6000;1;2;20;50;200;-5;50;0.75;2;450;50;10;10;16;1058;1058;1;1;5;line_consecutive;0.5;1058;11;3;1-2;12;g_000;2;OPTIMAL;163427.25999999998;532.8391199111938;0.0;112895.89999999988;110651.99999999988;2243.899999999997;0.0;22494.559999999983;28036.800000000003;81713.63;81713.62999999999;0.0;0.0;0.0;flat (waiting_freq=False)
lintim;SiouxFalls;SiouxFalls;separated;True;False;1e-05;6000;1;2;20;50;200;-5;50;0.75;2;450;50;10;10;16;1058;1058;1;1;5;line_consecutive;0.5;1058;11;3;1-2;12;g_000;2;OPTIMAL;163941.7149999999;10.846256971359251;0.0;113055.52499999988;110583.05999999988;2472.4649999999974;0.0;22651.39;27504.800000000003;81479.82999999993;82461.88499999998;730.0000000000001;0.0;730.0000000000001;flat (waiting_freq=False)
lintim;SiouxFalls;SiouxFalls;eev;True;False;1e-05;6000;1;2;20;50;200;-5;50;0.75;2;450;50;10;10;16;1058;1058;1;1;5;line_consecutive;0.5;1058;11;3;1-2;12;g_000;2;OPTIMAL;163941.71499999997;10.80900812149048;0.0;113071.54499999994;110610.08999999994;2461.4549999999977;0.0;22635.369999999995;27504.800000000003;81479.82999999999;82461.88499999998;730.0000000000001;0.0;730.0000000000001;flat (waiting_freq=False)
lintim;SiouxFalls;SiouxFalls;ws;True;False;1e-05;6000;1;2;20;50;200;-5;50;0.75;2;75;50;10;10;16;1016;1016;1;1;5;line_consecutive;0.5;1016;3;1;23-24;4;g_000;2;OPTIMAL;67510.47499999989;135.67219519615173;0.0;41842.3149999999;39976.4549999999;1865.86;0.0;9393.75999999999;14914.4;32898.669999999875;34611.805;0.0;1360.0000000000002;1360.0000000000002;flat (waiting_freq=False)
lintim;SiouxFalls;SiouxFalls;integrated;True;False;1e-05;6000;1;2;20;50;200;-5;50;0.75;2;75;50;10;10;16;1016;1016;1;1;5;line_consecutive;0.5;1016;3;1;23-24;4;g_000;2;OPTIMAL;68879.22;158.5559599399567;0.0;41168.37000000001;39875.64500000002;1292.725000000001;395.6;9372.850000000002;16042.399999999998;32848.79000000001;36030.43000000001;540.0;1360.0000000000002;1900.0;flat (waiting_freq=False)
lintim;SiouxFalls;SiouxFalls;separated;True;False;1e-05;6000;1;2;20;50;200;-5;50;0.75;2;75;50;10;10;16;1016;1016;1;1;5;line_consecutive;0.5;1016;3;1;23-24;4;g_000;2;OPTIMAL;69559.20499998394;15.887654781341553;0.0;40918.0849999871;39567.43499999281;1350.6499999942905;395.5999999999991;9279.119999996834;14346.400000000003;31872.900000000005;37686.30499998393;540.0;4080.000000000001;4620.000000000001;flat (waiting_freq=False)
lintim;SiouxFalls;SiouxFalls;eev;True;False;1e-05;6000;1;2;20;50;200;-5;50;0.75;2;75;50;10;10;16;1016;1016;1;1;5;line_consecutive;0.5;1016;3;1;23-24;4;g_000;2;OPTIMAL;69559.20499998394;14.950886011123655;0.0;40918.0849999871;39567.43499999281;1350.6499999942905;395.5999999999991;9279.119999996834;14346.400000000003;31872.900000000005;37686.30499998393;540.0;4080.000000000001;4620.000000000001;flat (waiting_freq=False)
lintim;SiouxFalls;SiouxFalls;ws;True;False;1e-05;6000;1;2;20;50;200;-5;50;0.75;2;200;50;10;10;16;1033;1033;1;1;5;line_consecutive;0.5;1033;6;3;7-18;3,11;g_000;2;OPTIMAL;127082.63;287.5958561897278;0.0;85292.11000000002;83063.54000000001;2228.570000000007;0.0;17873.72;23916.8;63541.315;63541.31500000001;0.0;0.0;0.0;flat (waiting_freq=False)
lintim;SiouxFalls;SiouxFalls;integrated;True;False;1e-05;6000;1;2;20;50;200;-5;50;0.75;2;200;50;10;10;16;1033;1033;1;1;5;line_consecutive;0.5;1033;6;3;7-18;3,11;g_000;2;OPTIMAL;127499.75500000002;421.8561851978302;0.0;84268.56499999996;82810.34499999997;1458.220000000002;0.0;17860.390000000014;24880.800000000003;63365.459999999934;64134.29500000001;490.00000000000006;0.0;490.00000000000006;flat (waiting_freq=False)
lintim;SiouxFalls;SiouxFalls;separated;True;False;1e-05;6000;1;2;20;50;200;-5;50;0.75;2;200;50;10;10;16;1033;1033;1;1;5;line_consecutive;0.5;1033;6;3;7-18;3,11;g_000;2;OPTIMAL;128217.86500000002;29.257888317108154;0.0;85480.05500000005;82840.91000000003;2639.144999999999;0.0;17719.01;23248.8;63166.900000000016;65050.965;490.00000000000006;1280.0;1770.0;flat (waiting_freq=False)
lintim;SiouxFalls;SiouxFalls;eev;True;False;1e-05;6000;1;2;20;50;200;-5;50;0.75;2;200;50;10;10;16;1033;1033;1;1;5;line_consecutive;0.5;1033;6;3;7-18;3,11;g_000;2;OPTIMAL;128217.86500000002;30.49739718437195;0.0;85480.05500000005;82840.91000000003;2639.1449999999995;0.0;17719.010000000002;23248.8;63166.90000000002;65050.965;490.00000000000006;1280.0;1770.0;flat (waiting_freq=False)
lintim;SiouxFalls;SiouxFalls;ws;True;False;1e-05;6000;1;2;20;50;200;-5;50;0.75;2;350;50;10;10;16;1048;1048;1;1;5;line_consecutive;0.5;1048;9;3;15-22;5,13;g_000;2;OPTIMAL;158344.16999999742;445.59410524368286;0.0;107321.60999999674;104367.13000000003;2954.479999996713;0.0;21421.360000000728;26921.2;77165.40999999997;81178.75999999745;280.0;2400.0;2680.0;flat (waiting_freq=False)
lintim;SiouxFalls;SiouxFalls;integrated;True;False;1e-05;6000;1;2;20;50;200;-5;50;0.75;2;350;50;10;10;16;1048;1048;1;1;5;line_consecutive;0.5;1048;9;3;15-22;5,13;g_000;2;OPTIMAL;159179.33000000005;707.0836701393127;0.0;106819.85500000004;103529.09750000005;3290.757499999997;1321.8000000000002;21071.275;27006.4;76995.76999999996;82183.56000000001;560.0;2400.0;2960.0;flat (waiting_freq=False)
lintim;SiouxFalls;SiouxFalls;separated;True;False;1e-05;6000;1;2;20;50;200;-5;50;0.75;2;350;50;10;10;16;1048;1048;1;1;5;line_consecutive;0.5;1048;9;3;15-22;5,13;g_000;2;OPTIMAL;159807.65500000003;84.98204016685486;0.0;106732.09500000006;103928.87500000004;2803.219999999997;1321.8;21344.96;26032.8;76526.03000000004;83281.625;1976.0;2400.0;4376.0;flat (waiting_freq=False)
lintim;SiouxFalls;SiouxFalls;eev;True;False;1e-05;6000;1;2;20;50;200;-5;50;0.75;2;350;50;10;10;16;1048;1048;1;1;5;line_consecutive;0.5;1048;9;3;15-22;5,13;g_000;2;OPTIMAL;159841.49;90.67765498161316;0.0;105608.81;103476.30500000002;2132.5049999999987;1321.8000000000004;21240.48;27342.4;76620.23;83221.26;1416.0;2912.0;4328.0;flat (waiting_freq=False)
lintim;SiouxFalls;SiouxFalls;ws;True;False;1e-05;6000;1;2;20;50;200;-5;50;0.75;2;500;50;10;10;16;1064;1064;1;1;5;line_consecutive;0.5;1064;12;4;6-8;2;g_000;2;OPTIMAL;175597.26;512.0326669216156;0.0;118499.67999999992;115550.45999999992;2949.2200000000007;0.0;22970.78;29366.800000000007;83865.33499999999;91731.92499999994;920.0;3840.0;4760.0;flat (waiting_freq=False)
lintim;SiouxFalls;SiouxFalls;integrated;True;False;1e-05;6000;1;2;20;50;200;-5;50;0.75;2;500;50;10;10;16;1064;1064;1;1;5;line_consecutive;0.5;1064;12;4;6-8;2;g_000;2;OPTIMAL;176269.72500000003;507.5791828632355;0.0;118952.87500000004;115302.98000000004;3649.895;340.9499999999912;22815.09999999999;29400.80000000001;83966.72000000004;92303.00499999996;920.0;3840.0;4760.0;flat (waiting_freq=False)
lintim;SiouxFalls;SiouxFalls;separated;True;False;1e-05;6000;1;2;20;50;200;-5;50;0.75;2;500;50;10;10;16;1064;1064;1;1;5;line_consecutive;0.5;1064;12;4;6-8;2;g_000;2;OPTIMAL;177651.65124999994;94.50043511390686;0.0;119390.67624999996;115396.20124999995;3994.475;495.74999999999847;23070.425;27744.800000000003;83383.37999999998;94268.27124999998;1830.0;5120.0;6950.0;flat (waiting_freq=False)
lintim;SiouxFalls;SiouxFalls;eev;True;False;1e-05;6000;1;2;20;50;200;-5;50;0.75;2;500;50;10;10;16;1064;1064;1;1;5;line_consecutive;0.5;1064;12;4;6-8;2;g_000;2;OPTIMAL;176741.7799999999;141.29156970977783;0.0;119454.21999999991;115863.11999999992;3591.1000000000004;340.9499999999964;22639.81;29056.8;83871.20999999993;92870.56999999998;1410.0;3840.0;5250.0;flat (waiting_freq=False)
lintim;SiouxFalls;SiouxFalls;ws;True;False;1e-05;6000;1;2;20;50;200;-5;50;0.75;2;450;50;10;10;16;1056;1056;1;1;5;line_consecutive;0.5;1056;11;1;21-24;6;g_000;2;OPTIMAL;166829.68000000017;360.9258530139923;0.0;113158.67;110726.29999999992;2432.370000000073;0.0;22506.20999999999;28444.800000000003;81910.99500000008;84918.68499999994;0.0;2720.0;2720.0;flat (waiting_freq=False)
lintim;SiouxFalls;SiouxFalls;integrated;True;False;1e-05;6000;1;2;20;50;200;-5;50;0.75;2;450;50;10;10;16;1056;1056;1;1;5;line_consecutive;0.5;1056;11;1;21-24;6;g_000;2;OPTIMAL;167376.34999999948;612.8846189975739;0.0;113768.95999999988;111047.12999999987;2721.8300000000017;0.0;22330.989999999576;28286.4;81899.36999999988;85476.97999999956;270.0;2720.0;2990.0;flat (waiting_freq=False)
lintim;SiouxFalls;SiouxFalls;separated;True;False;1e-05;6000;1;2;20;50;200;-5;50;0.75;2;450;50;10;10;16;1056;1056;1;1;5;line_consecutive;0.5;1056;11;1;21-24;6;g_000;2;OPTIMAL;167706.29499999993;46.3026020526886;0.0;113036.89999999988;110730.06999999988;2306.829999999998;0.0;22438.594999999998;27880.800000000003;81479.82999999993;86226.46499999998;270.0;4080.0;4350.0;flat (waiting_freq=False)
lintim;SiouxFalls;SiouxFalls;eev;True;False;1e-05;6000;1;2;20;50;200;-5;50;0.75;2;450;50;10;10;16;1056;1056;1;1;5;line_consecutive;0.5;1056;11;1;21-24;6;g_000;2;OPTIMAL;167706.29499999993;58.2526330947876;0.0;113052.9199999999;110744.81999999988;2308.0999999999985;0.0;22422.574999999997;27880.800000000003;81479.82999999993;86226.46499999998;270.0;4080.0;4350.0;flat (waiting_freq=False)
lintim;SiouxFalls;SiouxFalls;ws;True;False;1e-05;6000;1;2;20;50;200;-5;50;0.75;2;25;50;10;10;16;1009;1009;1;1;5;line_consecutive;0.5;1009;1;4;10-17;14;g_000;2;OPTIMAL;27981.09999999837;14.129258155822754;0.0;15640.66;15056.18;584.4800000000006;0.0;4148.439999998371;8192.0;13990.550000000008;13990.549999998371;0.0;0.0;0.0;flat (waiting_freq=False)
lintim;SiouxFalls;SiouxFalls;integrated;True;False;1e-05;6000;1;2;20;50;200;-5;50;0.75;2;25;50;10;10;16;1009;1009;1;1;5;line_consecutive;0.5;1009;1;4;10-17;14;g_000;2;OPTIMAL;27981.1;25.11807107925415;0.0;15640.660000000002;15056.180000000002;584.48;0.0;4148.4400000000005;8192.0;13990.550000000005;13990.55;0.0;0.0;0.0;flat (waiting_freq=False)
lintim;SiouxFalls;SiouxFalls;separated;True;False;1e-05;6000;1;2;20;50;200;-5;50;0.75;2;25;50;10;10;16;1009;1009;1;1;5;line_consecutive;0.5;1009;1;4;10-17;14;g_000;2;OPTIMAL;27981.099973505174;0.6124551296234131;0.0;15640.659975850593;15056.1799773265;584.4799985240926;0.0;4148.439997654585;8192.0;13990.549973505174;13990.55;0.0;0.0;0.0;flat (waiting_freq=False)
lintim;SiouxFalls;SiouxFalls;eev;True;False;1e-05;6000;1;2;20;50;200;-5;50;0.75;2;25;50;10;10;16;1009;1009;1;1;5;line_consecutive;0.5;1009;1;4;10-17;14;g_000;2;OPTIMAL;27981.099972868597;0.6182918548583984;5.412301370324299e-11;15640.65997521107;15056.179976686975;584.4799985240936;0.0;4148.439997657524;8192.0;13990.549972868594;13990.55;0.0;0.0;0.0;flat (waiting_freq=False)
lintim;SiouxFalls;SiouxFalls;ws;True;False;1e-05;6000;1;2;20;50;200;-5;50;0.75;2;500;50;10;10;16;1062;1062;1;1;5;line_consecutive;0.5;1062;12;2;21-24;6;g_000;2;OPTIMAL;170646.7850000001;525.0901019573212;0.0;116542.275;113672.14499999992;2870.130000000049;0.0;22939.71;28444.800000000003;83834.41000000006;86812.37499999994;0.0;2720.0;2720.0;flat (waiting_freq=False)
lintim;SiouxFalls;SiouxFalls;integrated;True;False;1e-05;6000;1;2;20;50;200;-5;50;0.75;2;500;50;10;10;16;1062;1062;1;1;5;line_consecutive;0.5;1062;12;2;21-24;6;g_000;2;OPTIMAL;171100.925;765.4545478820801;0.0;115544.455;113215.775;2328.6799999999985;0.0;22740.06999999999;29826.4;83775.53000000007;87325.39500000003;270.0;2720.0;2990.0;flat (waiting_freq=False)
lintim;SiouxFalls;SiouxFalls;separated;True;False;1e-05;6000;1;2;20;50;200;-5;50;0.75;2;500;50;10;10;16;1062;1062;1;1;5;line_consecutive;0.5;1062;12;2;21-24;6;g_000;2;OPTIMAL;171534.87999999995;47.63935995101929;0.0;116406.08;113690.90999999996;2715.169999999999;0.0;22898.0;27880.800000000003;83383.37999999998;88151.49999999999;270.0;4080.0;4350.0;flat (waiting_freq=False)
lintim;SiouxFalls;SiouxFalls;eev;True;False;1e-05;6000;1;2;20;50;200;-5;50;0.75;2;500;50;10;10;16;1062;1062;1;1;5;line_consecutive;0.5;1062;12;2;21-24;6;g_000;2;OPTIMAL;171534.87999999995;53.975918769836426;0.0;116412.31999999996;113698.98999999996;2713.329999999999;0.0;22891.759999999995;27880.800000000003;83383.37999999995;88151.49999999999;270.0;4080.0;4350.0;flat (waiting_freq=False)
lintim;SiouxFalls;SiouxFalls;ws;True;False;1e-05;6000;1;2;20;50;200;-5;50;0.75;2;250;50;10;10;16;1038;1038;1;1;5;line_consecutive;0.5;1038;7;3;15-19;9,13,14;g_000;2;OPTIMAL;141911.94999999646;357.8236417770386;9.31405909580592e-06;95205.6599999966;93243.36999999822;1962.2899999983897;0.0;19909.989999999827;25969.800000000003;69865.15999999862;72046.7899999978;826.5;0.0;826.5;flat (waiting_freq=False)
lintim;SiouxFalls;SiouxFalls;integrated;True;False;1e-05;6000;1;2;20;50;200;-5;50;0.75;2;250;50;10;10;16;1038;1038;1;1;5;line_consecutive;0.5;1038;7;3;15-19;9,13,14;g_000;2;OPTIMAL;142573.02000000002;425.9904718399048;0.0;95395.05999999995;92680.65499999996;2714.405000000001;0.0;19885.759999999995;24796.7;69325.26000000001;73247.76000000001;806.5;1689.0;2495.5;flat (waiting_freq=False)
lintim;SiouxFalls;SiouxFalls;separated;True;False;1e-05;6000;1;2;20;50;200;-5;50;0.75;2;250;50;10;10;16;1038;1038;1;1;5;line_consecutive;0.5;1038;7;3;15-19;9,13,14;g_000;2;OPTIMAL;144716.78999999975;75.52528500556946;0.0;95476.08499999976;92504.7474999998;2971.3375;319.20000000000255;19679.00499999995;24580.5;68949.52999999998;75767.25999999978;2973.0;1689.0;4662.0;flat (waiting_freq=False)
lintim;SiouxFalls;SiouxFalls;eev;True;False;1e-05;6000;1;2;20;50;200;-5;50;0.75;2;250;50;10;10;16;1038;1038;1;1;5;line_consecutive;0.5;1038;7;3;15-19;9,13,14;g_000;2;OPTIMAL;143112.255;52.1702778339386;0.0;95633.88499999997;92520.41999999995;3113.464999999997;0.0;19535.870000000003;24620.5;69001.59;74110.66500000001;1633.0;1689.0;3322.0;flat (waiting_freq=False)
lintim;SiouxFalls;SiouxFalls;ws;True;False;1e-05;6000;1;2;20;50;200;-5;50;0.75;2;400;50;10;10;16;1051;1051;1;1;5;line_consecutive;0.5;1051;10;1;3-12;8,12;g_000;2;OPTIMAL;158516.49000000002;390.0884599685669;0.0;108856.99999999994;106958.84499999991;1898.1550000000004;0.0;21998.689999999995;27660.800000000003;79258.24499999991;79258.24499999992;0.0;0.0;0.0;flat (waiting_freq=False)
lintim;SiouxFalls;SiouxFalls;integrated;True;False;1e-05;6000;1;2;20;50;200;-5;50;0.75;2;400;50;10;10;16;1051;1051;1;1;5;line_consecutive;0.5;1051;10;1;3-12;8,12;g_000;2;OPTIMAL;158787.39999204967;828.9381439685822;0.0;109244.95999999992;107152.87999999992;2092.079999999998;0.0;21921.63999204961;27620.8;79393.69999204956;79393.69999999997;0.0;0.0;0.0;flat (waiting_freq=False)
lintim;SiouxFalls;SiouxFalls;separated;True;False;1e-05;6000;1;2;20;50;200;-5;50;0.75;2;400;50;10;10;16;1051;1051;1;1;5;line_consecutive;0.5;1051;10;1;3-12;8,12;g_000;2;OPTIMAL;159188.32499999995;12.52396297454834;0.0;108915.03499999996;106867.36499999996;2047.6699999999987;0.0;22134.49;27408.800000000003;79122.78999999995;80065.535;730.0000000000001;0.0;730.0000000000001;flat (waiting_freq=False)
lintim;SiouxFalls;SiouxFalls;eev;True;False;1e-05;6000;1;2;20;50;200;-5;50;0.75;2;400;50;10;10;16;1051;1051;1;1;5;line_consecutive;0.5;1051;10;1;3-12;8,12;g_000;2;OPTIMAL;159188.32499999995;11.123628854751589;0.0;108911.43499999995;106864.62499999996;2046.8099999999984;0.0;22138.09;27408.800000000003;79122.78999999996;80065.535;730.0000000000001;0.0;730.0000000000001;flat (waiting_freq=False)
lintim;SiouxFalls;SiouxFalls;ws;True;True;1e-05;6000;1;2;20;50;200;-5;50;0.75;2;100;50;10;10;16;1021;1021;1;1;5;line_consecutive;0.5;1021;4;1;10-16;1,10;g_000;9;TIME_LIMIT;78174.74737365262;12002.464201927183;0.0954373159188026;56016.614978184574;54516.08498860974;1500.52998957483;363.9999670799936;1728.5324283880475;19695.6;38895.22419034936;39279.52318330325;370.0;0.0;370.0;freqdep (waiting_freq=True)
lintim;SiouxFalls;SiouxFalls;integrated;True;True;1e-05;6000;1;2;20;50;200;-5;50;0.75;2;100;50;10;10;16;1021;1021;1;1;5;line_consecutive;0.5;1021;4;1;10-16;1,10;g_000;9;TIME_LIMIT;87081.8952154837;6001.362656831741;0.1585352970163942;55435.959996852325;54368.60999685233;1067.35;0.0;1751.735218631388;21968.2;38970.09232840773;48111.80288707597;6820.0;1106.0;7926.0;freqdep (waiting_freq=True)
lintim;SiouxFalls;SiouxFalls;separated;True;True;1e-05;6000;1;2;20;50;200;-5;50;0.75;2;100;50;10;10;16;1021;1021;1;1;5;line_consecutive;0.5;1021;4;1;10-16;1,10;g_000;2;OPTIMAL;81041.43052208945;6208.215496301651;0.1878492278721674;54854.87998838557;53501.31999533497;1353.559993050598;181.99999815261097;2075.850535551256;17645.7;36611.16632698556;44430.26419510388;4490.0;1792.9999999999998;6283.0;freqdep (waiting_freq=True)
lintim;SiouxFalls;SiouxFalls;eev;True;True;1e-05;6000;1;2;20;50;200;-5;50;0.75;2;100;50;10;10;16;1021;1021;1;1;5;line_consecutive;0.5;1021;4;1;10-16;1,10;g_000;2;OPTIMAL;81041.43048328857;6245.7858119010925;0.1878492278721674;54854.87994072552;53501.31997795634;1353.5599627691722;181.99999815261097;2075.850544410434;17645.7;36611.16628818468;44430.26419510388;4490.0;1792.9999999999998;6283.0;freqdep (waiting_freq=True)
lintim;SiouxFalls;SiouxFalls;ws;True;True;1e-05;6000;1;2;20;50;200;-5;50;0.75;2;400;50;10;10;16;1051;1051;1;1;5;line_consecutive;0.5;1051;10;1;3-12;8,12;g_000;9;TIME_LIMIT;141284.56062973605;12003.276902914047;0.043599709911064;110066.8399187904;108554.32995334876;1512.5099654416117;0.0;2572.520710945634;28645.200000000004;70642.28030674081;70642.28032299518;0.0;0.0;0.0;freqdep (waiting_freq=True)
lintim;SiouxFalls;SiouxFalls;integrated;True;True;1e-05;6000;1;2;20;50;200;-5;50;0.75;2;400;50;10;10;16;1051;1051;1;1;5;line_consecutive;0.5;1051;10;1;3-12;8,12;g_000;9;TIME_LIMIT;158081.6094517955;6005.679694890976;0.1345204709938628;119416.784360145;115785.00459414252;3631.7797660024826;-0.0003709884981617;2068.025462639018;33300.8;76482.11948876592;81599.48996302954;3296.0;0.0;3296.0;freqdep (waiting_freq=True)
lintim;SiouxFalls;SiouxFalls;separated;True;True;1e-05;6000;1;2;20;50;200;-5;50;0.75;2;400;50;10;10;16;1051;1051;1;1;5;line_consecutive;0.5;1051;10;1;3-12;8,12;g_000;2;OPTIMAL;140070.06491199875;2503.781289100647;8.594829934692049e-06;108820.80498098666;106839.75498533071;1981.0499956559415;0.0;3110.4599310120416;27408.800000000003;69618.19830362739;70451.86660837138;730.0000000000001;0.0;730.0000000000001;freqdep (waiting_freq=True)
lintim;SiouxFalls;SiouxFalls;eev;True;True;1e-05;6000;1;2;20;50;200;-5;50;0.75;2;400;50;10;10;16;1051;1051;1;1;5;line_consecutive;0.5;1051;10;1;3-12;8,12;g_000;2;OPTIMAL;140070.06491505282;2351.5186479091644;8.594829934692049e-06;108820.80498102584;106839.7549886104;1981.0499924154287;0.0;3110.4599340269333;27408.800000000003;69618.19830668144;70451.86660837138;730.0000000000001;0.0;730.0000000000001;freqdep (waiting_freq=True)
lintim;SiouxFalls;SiouxFalls;ws;True;True;1e-05;6000;1;2;20;50;200;-5;50;0.75;2;400;50;10;10;16;1052;1052;1;1;5;line_consecutive;0.5;1052;10;2;10-11;1,7,10;g_000;9;TIME_LIMIT;198106.83799357584;12002.586791992188;0.4353452666721047;120228.30499466287;115521.49499466288;4706.81;36279.17749999999;2642.955498912896;31136.4;103854.537618754;94252.3003748216;1820.0;6000.0;7820.0;freqdep (waiting_freq=True)
lintim;SiouxFalls;SiouxFalls;integrated;True;True;1e-05;6000;1;2;20;50;200;-5;50;0.75;2;400;50;10;10;16;1052;1052;1;1;5;line_consecutive;0.5;1052;10;2;10-11;1,7,10;g_000;9;TIME_LIMIT;841407.5749142033;6001.382966041565;0.8327109158610392;82917.09040204844;76394.71546888698;6522.374933161461;712678.358822811;1518.1256893434074;19324.0;513479.93859348;327927.6363207217;14970.0;10000.0;24970.0;freqdep (waiting_freq=True)
lintim;SiouxFalls;SiouxFalls;separated;True;True;1e-05;6000;1;2;20;50;200;-5;50;0.75;2;400;50;10;10;16;1052;1052;1;1;5;line_consecutive;0.5;1052;10;2;10-11;1,7,10;g_000;2;OPTIMAL;154997.24124149274;6497.880505800247;0.2084231062261638;112578.30999913512;109224.4199966355;3353.890002499632;1730.0;3348.131242357608;27300.800000000003;69618.19830362739;85379.04293786536;1480.0;8560.0;10040.0;freqdep (waiting_freq=True)
lintim;SiouxFalls;SiouxFalls;eev;True;True;1e-05;6000;1;2;20;50;200;-5;50;0.75;2;400;50;10;10;16;1052;1052;1;1;5;line_consecutive;0.5;1052;10;2;10-11;1,7,10;g_000;2;OPTIMAL;151629.55537490657;6233.48645401001;0.1602420403186396;113981.76987140116;109313.46993892596;4668.299932475221;1553.949991516404;2935.035511988969;26888.800000000003;70186.96892217023;81442.58645273633;1230.0;5040.0;6270.0;freqdep (waiting_freq=True)
lintim;SiouxFalls;SiouxFalls;ws;True;True;1e-05;6000;1;2;20;50;200;-5;50;0.75;2;10;50;10;10;16;1004;1004;1;1;5;line_consecutive;0.5;1004;0;4;11-14;4,8,10;g_000;2;OPTIMAL;14633.116644900674;627.5659070014954;0.0;6924.12998211468;6368.77998745476;555.3499946599209;0.0;780.9866627859933;5168.0;6325.278311991275;8307.8383329094;0.0;1760.0000000000002;1760.0000000000002;freqdep (waiting_freq=True)
lintim;SiouxFalls;SiouxFalls;integrated;True;True;1e-05;6000;1;2;20;50;200;-5;50;0.75;2;10;50;10;10;16;1004;1004;1;1;5;line_consecutive;0.5;1004;0;4;11-14;4,8,10;g_000;2;OPTIMAL;15102.6866400012;1335.979994058609;0.0;7160.1199885854985;6493.580000051697;666.5399885338013;0.0;878.5666514157018;5304.0;6560.063319920997;8542.623320080202;0.0;1760.0000000000002;1760.0000000000002;freqdep (waiting_freq=True)
lintim;SiouxFalls;SiouxFalls;separated;True;True;1e-05;6000;1;2;20;50;200;-5;50;0.75;2;10;50;10;10;16;1004;1004;1;1;5;line_consecutive;0.5;1004;0;4;11-14;4,8,10;g_000;2;OPTIMAL;15630.66833234462;113.52470779418944;8.286491360717695e-11;7369.085000013069;6867.780000002382;501.30500001068697;0.0;753.5833323315524;4928.0;6090.493332344937;9540.174999999685;820.0;1760.0000000000002;2580.0;freqdep (waiting_freq=True)
lintim;SiouxFalls;SiouxFalls;eev;True;True;1e-05;6000;1;2;20;50;200;-5;50;0.75;2;10;50;10;10;16;1004;1004;1;1;5;line_consecutive;0.5;1004;0;4;11-14;4,8,10;g_000;2;OPTIMAL;15630.6683175511;115.32974553108215;8.286491360717695e-11;7369.08499263256;6867.779979152628;501.3050134799323;0.0;753.5833249185405;4928.0;6090.493317551416;9540.174999999685;820.0;1760.0000000000002;2580.0;freqdep (waiting_freq=True)
lintim;SiouxFalls;SiouxFalls;ws;True;True;1e-05;6000;1;2;20;50;200;-5;50;0.75;2;100;50;10;10;16;1024;1024;1;1;5;line_consecutive;0.5;1024;4;4;6-8;2;g_000;9;TIME_LIMIT;85525.22457208752;12001.606889009476;0.1328726531797862;55313.80999536152;54046.009995134285;1267.8000002272338;0.0;2094.6145767259973;19356.800000000007;37502.88049252408;48022.34407956344;1720.0;7040.000000000001;8760.0;freqdep (waiting_freq=True)
lintim;SiouxFalls;SiouxFalls;integrated;True;True;1e-05;6000;1;2;20;50;200;-5;50;0.75;2;100;50;10;10;16;1024;1024;1;1;5;line_consecutive;0.5;1024;4;4;6-8;2;g_000;9;TIME_LIMIT;89573.87648482287;6000.881412982941;0.1548374205844642;55299.66998870861;53842.25498870861;1457.415;547.3499999999979;1884.9564961142455;21955.4;38317.11865210449;51256.75783271834;3166.5;6720.0;9886.5;freqdep (waiting_freq=True)
lintim;SiouxFalls;SiouxFalls;separated;True;True;1e-05;6000;1;2;20;50;200;-5;50;0.75;2;100;50;10;10;16;1024;1024;1;1;5;line_consecutive;0.5;1024;4;4;6-8;2;g_000;2;OPTIMAL;82175.96032083995;6103.710157871246;0.0;56162.51499977608;54144.87499521913;2017.6400045569328;397.2000000000005;2023.8453210638804;17102.4;36611.16632698556;45564.7939938544;1370.0;5120.0;6490.0;freqdep (waiting_freq=True)
lintim;SiouxFalls;SiouxFalls;eev;True;True;1e-05;6000;1;2;20;50;200;-5;50;0.75;2;100;50;10;10;16;1024;1024;1;1;5;line_consecutive;0.5;1024;4;4;6-8;2;g_000;2;OPTIMAL;81197.0093578597;2682.4992051124573;0.0;55564.03495167617;53880.74995986611;1683.2849918100608;397.2000000000031;1962.9744061835156;17692.800000000003;36622.21261428831;44574.796743571394;460.0;5120.0;5580.0;freqdep (waiting_freq=True)
lintim;SiouxFalls;SiouxFalls;ws;True;True;1e-05;6000;1;2;20;50;200;-5;50;0.75;2;450;50;10;10;16;1056;1056;1;1;5;line_consecutive;0.5;1056;11;1;21-24;6;g_000;9;TIME_LIMIT;148931.77006244147;12002.75856924057;0.0747919703953036;112513.51997572136;111031.22497959786;1482.2949961235229;0.0;2923.050086719936;30295.200000000004;72742.77845782359;76188.99160461774;0.0;3200.0;3200.0;freqdep (waiting_freq=True)
lintim;SiouxFalls;SiouxFalls;integrated;True;True;1e-05;6000;1;2;20;50;200;-5;50;0.75;2;450;50;10;10;16;1056;1056;1;1;5;line_consecutive;0.5;1056;11;1;21-24;6;g_000;9;TIME_LIMIT;155710.09455998836;6001.650427103043;0.0811945385206629;115103.84499585944;112864.975008528;2238.869987331429;1256.3499322788944;2555.69963185;29381.200000000004;72887.73805117136;82822.35650881699;4213.0;3200.0;7413.0;freqdep (waiting_freq=True)
lintim;SiouxFalls;SiouxFalls;separated;True;True;1e-05;6000;1;2;20;50;200;-5;50;0.75;2;450;50;10;10;16;1056;1056;1;1;5;line_consecutive;0.5;1056;11;1;21-24;6;g_000;2;OPTIMAL;148333.9977880539;4662.748989105225;6.61965054436962e-06;112271.31999539051;110660.22499693828;1611.0949984522183;0.0;3143.8777926633497;28568.800000000003;71719.97977632488;76614.01801172903;270.0;4080.0;4350.0;freqdep (waiting_freq=True)
lintim;SiouxFalls;SiouxFalls;eev;True;True;1e-05;6000;1;2;20;50;200;-5;50;0.75;2;450;50;10;10;16;1056;1056;1;1;5;line_consecutive;0.5;1056;11;1;21-24;6;g_000;2;OPTIMAL;148333.99779204346;4477.620599269867;6.61965054436962e-06;112271.31999901138;110660.22499894368;1611.0950000676994;0.0;3143.8777930320484;28568.800000000003;71719.97978031443;76614.01801172903;270.0;4080.0;4350.0;freqdep (waiting_freq=True)
lintim;SiouxFalls;SiouxFalls;ws;True;True;1e-05;6000;1;2;20;50;200;-5;50;0.75;2;500;50;10;10;16;1064;1064;1;1;5;line_consecutive;0.5;1064;12;4;6-8;2;g_000;9;TIME_LIMIT;160723.19159663477;12003.919293880464;0.0757513790021194;120512.1900002206;115576.0750002206;4936.115;340.9499999999932;3480.1515964141336;28093.4;74131.85608141386;86591.3355152209;4456.5;3840.0;8296.5;freqdep (waiting_freq=True)
lintim;SiouxFalls;SiouxFalls;integrated;True;True;1e-05;6000;1;2;20;50;200;-5;50;0.75;2;500;50;10;10;16;1064;1064;1;1;5;line_consecutive;0.5;1064;12;4;6-8;2;g_000;9;TIME_LIMIT;171136.0236802847;6002.722977876663;0.1232703743151914;117527.24499588812;114349.9249970918;3177.3199987963167;11235.649999999996;3008.3286843965507;31178.8;74899.74107810679;96236.28260217776;6906.0;1280.0;8186.0;freqdep (waiting_freq=True)
lintim;SiouxFalls;SiouxFalls;separated;True;True;1e-05;6000;1;2;20;50;200;-5;50;0.75;2;500;50;10;10;16;1064;1064;1;1;5;line_consecutive;0.5;1064;12;4;6-8;2;g_000;2;OPTIMAL;157932.95902629488;3458.5855758190155;0.0;117708.51495184556;115044.729951684;2663.785000161547;1760.0999999999997;3263.5440744493208;28700.80000000001;73388.11154119212;84544.84748510274;1379.9999999999998;5120.0;6500.0;freqdep (waiting_freq=True)
lintim;SiouxFalls;SiouxFalls;eev;True;True;1e-05;6000;1;2;20;50;200;-5;50;0.75;2;500;50;10;10;16;1064;1064;1;1;5;line_consecutive;0.5;1064;12;4;6-8;2;g_000;2;OPTIMAL;156834.22768584377;4460.941435098648;5.1397025369144246e-06;119612.70491358428;115672.93491866572;3939.7699949185335;340.94999999998794;2941.7727722595228;28688.8;73858.86623638273;82975.36144946102;1410.0;3840.0;5250.0;freqdep (waiting_freq=True)
lintim;SiouxFalls;SiouxFalls;ws;True;True;1e-05;6000;1;2;20;50;200;-5;50;0.75;2;300;50;10;10;16;1040;1040;1;1;5;line_consecutive;0.5;1040;8;0;22-23;5;g_000;9;TIME_LIMIT;130428.30814981907;12003.458547115326;0.0118360220118516;100521.1149314376;98420.84494442715;2100.26998701044;0.0;2574.393218381464;27052.800000000003;64868.08090574296;65560.22724407612;280.0;0.0;280.0;freqdep (waiting_freq=True)
lintim;SiouxFalls;SiouxFalls;integrated;True;True;1e-05;6000;1;2;20;50;200;-5;50;0.75;2;300;50;10;10;16;1040;1040;1;1;5;line_consecutive;0.5;1040;8;0;22-23;5;g_000;9;TIME_LIMIT;140411.46709333843;6001.27964091301;0.079029556022245;102585.17499425456;100127.90999425456;2457.264999999999;0.0;2388.292099083752;27108.000000000007;65518.48293327045;74892.98416006788;4490.0;3840.0;8330.0;freqdep (waiting_freq=True)
lintim;SiouxFalls;SiouxFalls;separated;True;True;1e-05;6000;1;2;20;50;200;-5;50;0.75;2;300;50;10;10;16;1040;1040;1;1;5;line_consecutive;0.5;1040;8;0;22-23;5;g_000;2;OPTIMAL;132076.9826327424;768.739884853363;1.4696055153003096e-11;100848.5299969956;98653.2499971056;2195.2799998899955;0.0;2631.652635746802;26116.8;64227.30389845934;67849.67873428308;1120.0;1360.0;2480.0;freqdep (waiting_freq=True)
lintim;SiouxFalls;SiouxFalls;eev;True;True;1e-05;6000;1;2;20;50;200;-5;50;0.75;2;300;50;10;10;16;1040;1040;1;1;5;line_consecutive;0.5;1040;8;0;22-23;5;g_000;2;OPTIMAL;132076.98263004472;710.1716740131378;1.4696055153003096e-11;100848.5299932688;98653.24999485145;2195.279998417348;0.0;2631.6526367759;26116.8;64227.30389576164;67849.67873428308;1120.0;1360.0;2480.0;freqdep (waiting_freq=True)
lintim;SiouxFalls;SiouxFalls;ws;True;True;1e-05;6000;1;2;20;50;200;-5;50;0.75;2;450;50;10;10;16;1057;1057;1;1;5;line_consecutive;0.5;1057;11;2;8-9;3,7;g_000;9;TIME_LIMIT;152932.30002888542;12005.148138046265;0.1362464260930635;116021.52465954878;112595.86979389549;3425.6548656533;0.0;3148.375369336497;29072.4;72947.26995649077;79985.03007239448;3410.0000000000005;1280.0;4690.0;freqdep (waiting_freq=True)
lintim;SiouxFalls;SiouxFalls;integrated;True;True;1e-05;6000;1;2;20;50;200;-5;50;0.75;2;450;50;10;10;16;1057;1057;1;1;5;line_consecutive;0.5;1057;11;2;8-9;3,7;g_000;9;TIME_LIMIT;165715.82140475724;6002.2834649086;0.1483767748401418;118893.31998381414;116807.600012732;2085.7199710821324;0.0;2619.3014209430485;41023.2;81294.07381836827;84421.74758638887;3180.0;0.0;3180.0;freqdep (waiting_freq=True)
lintim;SiouxFalls;SiouxFalls;separated;True;True;1e-05;6000;1;2;20;50;200;-5;50;0.75;2;450;50;10;10;16;1057;1057;1;1;5;line_consecutive;0.5;1057;11;2;8-9;3,7;g_000;2;OPTIMAL;148292.78698998826;6633.039108037949;0.067868390401383;112081.0199948175;110518.0249963747;1562.9949984427851;0.0;3202.966995170702;28188.800000000003;71719.97977632488;76572.80721366339;980.0;3840.0;4820.0;freqdep (waiting_freq=True)
lintim;SiouxFalls;SiouxFalls;eev;True;True;1e-05;6000;1;2;20;50;200;-5;50;0.75;2;450;50;10;10;16;1057;1057;1;1;5;line_consecutive;0.5;1057;11;2;8-9;3,7;g_000;2;OPTIMAL;148292.78693699522;6437.355556964874;0.067868390401383;112081.01993994604;110518.02494359868;1562.994996347329;0.0;3202.9669970491086;28188.800000000003;71719.97972333182;76572.80721366339;980.0;3840.0;4820.0;freqdep (waiting_freq=True)
lintim;SiouxFalls;SiouxFalls;ws;True;True;1e-05;6000;1;2;20;50;200;-5;50;0.75;2;50;50;10;10;16;1010;1010;1;1;5;line_consecutive;0.5;1010;2;0;16-17;2,13;g_000;9;TIME_LIMIT;52263.89315925381;7310.233468055725;0.2919082633809111;30706.01995546628;29145.42001415353;1560.5999413127518;4212.699972270379;1420.37323151714;12692.8;23024.68617183616;29239.206987417623;540.0;2692.0;3232.0;freqdep (waiting_freq=True)
lintim;SiouxFalls;SiouxFalls;integrated;True;True;1e-05;6000;1;2;20;50;200;-5;50;0.75;2;50;50;10;10;16;1010;1010;1;1;5;line_consecutive;0.5;1010;2;0;16-17;2,13;g_000;9;TIME_LIMIT;52420.229951858906;6001.306035995483;0.1969634062816091;29938.124999982138;29217.129999986515;720.9949999956249;0.0;1172.304951876764;13091.800000000005;20867.103999487343;31553.125952371556;2740.0;5478.0;8218.0;freqdep (waiting_freq=True)
lintim;SiouxFalls;SiouxFalls;separated;True;True;1e-05;6000;1;2;20;50;200;-5;50;0.75;2;50;50;10;10;16;1010;1010;1;1;5;line_consecutive;0.5;1010;2;0;16-17;2,13;g_000;2;OPTIMAL;46829.05297676002;2152.1366786956787;5.846810322013177e-06;29029.279980926603;28071.634981654093;957.6449992725118;508.8000000000002;1312.7729958334237;11290.199999999995;20381.58781419136;26447.46516256866;1370.0;3318.0;4688.0;freqdep (waiting_freq=True)
lintim;SiouxFalls;SiouxFalls;eev;True;True;1e-05;6000;1;2;20;50;200;-5;50;0.75;2;50;50;10;10;16;1010;1010;1;1;5;line_consecutive;0.5;1010;2;0;16-17;2,13;g_000;2;OPTIMAL;46829.052965103794;2133.484182834625;5.846810322013177e-06;29029.279967341296;28071.63498337097;957.6449839703308;508.8000000000002;1312.7729977625038;11290.199999999995;20381.58780253513;26447.46516256866;1370.0;3318.0;4688.0;freqdep (waiting_freq=True)
lintim;SiouxFalls;SiouxFalls;ws;True;True;1e-05;6000;1;2;20;50;200;-5;50;0.75;2;200;50;10;10;16;1033;1033;1;1;5;line_consecutive;0.5;1033;6;3;7-18;3,11;g_000;9;TIME_LIMIT;117689.6938201376;12004.151679039;0.1244012480089053;86450.77993903865;84664.50994988206;1786.269989156595;-8.210437044908758e-05;2120.513963203348;27498.4;58031.54068721387;59658.15313292376;1620.0;0.0;1620.0;freqdep (waiting_freq=True)
lintim;SiouxFalls;SiouxFalls;integrated;True;True;1e-05;6000;1;2;20;50;200;-5;50;0.75;2;200;50;10;10;16;1033;1033;1;1;5;line_consecutive;0.5;1033;6;3;7-18;3,11;g_000;9;TIME_LIMIT;131122.423642847;6001.480062961578;0.1676754531296858;87906.98497411831;85066.71998659373;2840.2649875245816;0.0;2489.438668728677;25660.0;56546.00870140293;74576.41494144409;10786.0;4280.0;15066.0;freqdep (waiting_freq=True)
lintim;SiouxFalls;SiouxFalls;separated;True;True;1e-05;6000;1;2;20;50;200;-5;50;0.75;2;200;50;10;10;16;1033;1033;1;1;5;line_consecutive;0.5;1033;6;3;7-18;3,11;g_000;2;OPTIMAL;113566.8949762327;3966.58571267128;6.70054244410436e-06;84494.50998104375;82793.2399827638;1701.2699982799622;0.0;2543.58499518894;24268.8;55592.4933097911;57974.4016664416;980.0;1280.0;2260.0;freqdep (waiting_freq=True)
lintim;SiouxFalls;SiouxFalls;eev;True;True;1e-05;6000;1;2;20;50;200;-5;50;0.75;2;200;50;10;10;16;1033;1033;1;1;5;line_consecutive;0.5;1033;6;3;7-18;3,11;g_000;2;OPTIMAL;113566.89497053227;3758.062718153;6.70054244410436e-06;84494.50997654708;82793.23997788661;1701.2699986604762;0.0;2543.584993985194;24268.8;55592.49330409068;57974.4016664416;980.0;1280.0;2260.0;freqdep (waiting_freq=True)
lintim;SiouxFalls;SiouxFalls;ws;True;True;1e-05;6000;1;2;20;50;200;-5;50;0.75;2;350;50;10;10;16;1048;1048;1;1;5;line_consecutive;0.5;1048;9;3;15-22;5,13;g_000;9;TIME_LIMIT;143484.95988435863;12004.275868177414;0.1178582936090389;108940.82484307616;106308.03988363438;2632.7849594417803;-3.379292654503985e-05;2475.735075075434;30308.400000000005;69625.96656615344;73858.99331820518;560.0;1200.0;1760.0;freqdep (waiting_freq=True)
lintim;SiouxFalls;SiouxFalls;integrated;True;True;1e-05;6000;1;2;20;50;200;-5;50;0.75;2;350;50;10;10;16;1048;1048;1;1;5;line_consecutive;0.5;1048;9;3;15-22;5,13;g_000;9;TIME_LIMIT;148774.6652341775;6002.529250144959;0.0943877786555745;107393.69999356531;106016.66499365556;1377.0349999097843;1321.8;2458.4652406121872;30854.200000000004;69205.95609337527;79568.70914080225;5034.5;1711.9999999999998;6746.5;freqdep (waiting_freq=True)
lintim;SiouxFalls;SiouxFalls;separated;True;True;1e-05;6000;1;2;20;50;200;-5;50;0.75;2;350;50;10;10;16;1048;1048;1;1;5;line_consecutive;0.5;1048;9;3;15-22;5,13;g_000;2;OPTIMAL;145949.55536964245;6430.339132785797;0.1735572871877439;106951.49495148426;104121.45996976367;2830.034981720585;0.0;2915.3604181582223;27010.200000000004;67228.77304459752;78720.78232504494;1816.5;7255.999999999999;9072.5;freqdep (waiting_freq=True)
lintim;SiouxFalls;SiouxFalls;eev;True;True;1e-05;6000;1;2;20;50;200;-5;50;0.75;2;350;50;10;10;16;1048;1048;1;1;5;line_consecutive;0.5;1048;9;3;15-22;5,13;g_000;2;OPTIMAL;142346.6807411474;6305.821047782898;0.1153600730323889;106679.19996197798;103882.77996732836;2796.4199946496065;0.0;2888.68077916942;26932.80000000001;67329.63782794832;75017.04291319908;710.0;5135.999999999999;5845.999999999999;freqdep (waiting_freq=True)
lintim;SiouxFalls;SiouxFalls;ws;True;True;1e-05;6000;1;2;20;50;200;-5;50;0.75;2;10;50;10;10;16;1002;1002;1;1;5;line_consecutive;0.5;1002;0;2;14-23;4,10;g_000;2;OPTIMAL;14216.306660424978;391.2897779941559;0.0;7060.249995812128;6461.780010100156;598.4699857119705;0.0;788.0566646128519;5168.0;6325.278327710439;7891.028332714543;0.0;1200.0;1200.0;freqdep (waiting_freq=True)
lintim;SiouxFalls;SiouxFalls;integrated;True;True;1e-05;6000;1;2;20;50;200;-5;50;0.75;2;10;50;10;10;16;1002;1002;1;1;5;line_consecutive;0.5;1002;0;2;14-23;4,10;g_000;2;OPTIMAL;14685.876655578948;1119.8130960464478;0.0;7296.23998975145;6586.57999382682;709.659995924629;0.0;885.6366658275006;5304.0;6560.063322245474;8125.813333333475;0.0;1200.0;1200.0;freqdep (waiting_freq=True)
lintim;SiouxFalls;SiouxFalls;separated;True;True;1e-05;6000;1;2;20;50;200;-5;50;0.75;2;10;50;10;10;16;1002;1002;1;1;5;line_consecutive;0.5;1002;0;2;14-23;4,10;g_000;2;OPTIMAL;14998.986664127588;30.71564602851868;0.0;6810.759999942224;6360.979999966959;449.7799999752645;0.0;684.2266641853637;5104.0;6090.493332344937;8908.49333178265;0.0;2400.0;2400.0;freqdep (waiting_freq=True)
lintim;SiouxFalls;SiouxFalls;eev;True;True;1e-05;6000;1;2;20;50;200;-5;50;0.75;2;10;50;10;10;16;1002;1002;1;1;5;line_consecutive;0.5;1002;0;2;14-23;4,10;g_000;2;OPTIMAL;14998.986627547456;32.53583788871765;2.9498034541219577e-10;6810.759960294314;6360.979989820135;449.7799704741774;0.0;684.2266672531417;5104.0;6090.493295764804;8908.49333178265;0.0;2400.0;2400.0;freqdep (waiting_freq=True)
lintim;SiouxFalls;SiouxFalls;ws;True;True;1e-05;6000;1;2;20;50;200;-5;50;0.75;2;200;50;10;10;16;1034;1034;1;1;5;line_consecutive;0.5;1034;6;4;11-12;1,7,8;g_000;9;TIME_LIMIT;193156.7221219892;12006.924154043198;0.589411337863341;107120.90999259795;102718.5799959158;4402.329996682176;53813.11958321415;1978.6925461771;29092.0;96213.45831632262;96943.2638056666;1152.0;0.0;1152.0;freqdep (waiting_freq=True)
lintim;SiouxFalls;SiouxFalls;integrated;True;True;1e-05;6000;1;2;20;50;200;-5;50;0.75;2;200;50;10;10;16;1034;1034;1;1;5;line_consecutive;0.5;1034;6;4;11-12;1,7,8;g_000;9;TIME_LIMIT;739811.474961455;6002.121273994446;0.8493133282686574;54137.82513753249;48875.53513287568;5262.290004656825;628535.4829478594;1810.4668760628588;14382.2;564416.6544808913;175394.82048056397;23025.5;17920.0;40945.5;freqdep (waiting_freq=True)
lintim;SiouxFalls;SiouxFalls;separated;True;True;1e-05;6000;1;2;20;50;200;-5;50;0.75;2;200;50;10;10;16;1034;1034;1;1;5;line_consecutive;0.5;1034;6;4;11-12;1,7,8;g_000;2;OPTIMAL;127168.48555956602;6691.446103096008;0.285360264600055;86240.26998104379;83887.80498276382;2352.4649982799624;3145.05;2658.365578522273;24624.8;55592.4933097911;71575.99224977492;1900.0;8600.0;10500.0;freqdep (waiting_freq=True)
lintim;SiouxFalls;SiouxFalls;eev;True;True;1e-05;6000;1;2;20;50;200;-5;50;0.75;2;200;50;10;10;16;1034;1034;1;1;5;line_consecutive;0.5;1034;6;4;11-12;1,7,8;g_000;2;OPTIMAL;130592.97993344816;6256.941294193268;0.3375213123981401;84369.72481186679;82633.99494478226;1735.7298670845323;15638.15972499112;2628.295396590218;24216.800000000003;55647.52498718017;74945.45494626799;1540.0;2200.0;3740.0;freqdep (waiting_freq=True)
lintim;SiouxFalls;SiouxFalls;ws;True;True;1e-05;6000;1;2;20;50;200;-5;50;0.75;2;25;50;10;10;16;1005;1005;1;1;5;line_consecutive;0.5;1005;1;0;5-6;9;g_000;2;OPTIMAL;24650.139997118487;268.4169178009033;0.0;15640.659997197086;15056.17999719715;584.4799999999341;0.0;817.479999921402;8192.0;12325.069997857632;12325.069999260852;0.0;0.0;0.0;freqdep (waiting_freq=True)
lintim;SiouxFalls;SiouxFalls;integrated;True;True;1e-05;6000;1;2;20;50;200;-5;50;0.75;2;25;50;10;10;16;1005;1005;1;1;5;line_consecutive;0.5;1005;1;0;5-6;9;g_000;2;OPTIMAL;24650.139998865096;372.65275287628174;0.0;15640.659999822585;15056.17999986901;584.479999953573;0.0;817.4799990425108;8192.0;12325.06999875306;12325.070000112031;0.0;0.0;0.0;freqdep (waiting_freq=True)
lintim;SiouxFalls;SiouxFalls;separated;True;True;1e-05;6000;1;2;20;50;200;-5;50;0.75;2;25;50;10;10;16;1005;1005;1;1;5;line_consecutive;0.5;1005;1;0;5-6;9;g_000;2;OPTIMAL;24650.13999367772;9.629058837890623;3.211050710776594e-06;15640.659998334144;15056.17999875925;584.4799995748953;0.0;817.4800022050005;8191.999993138574;12325.06999410096;12325.069999576755;0.0;0.0;0.0;freqdep (waiting_freq=True)
lintim;SiouxFalls;SiouxFalls;eev;True;True;1e-05;6000;1;2;20;50;200;-5;50;0.75;2;25;50;10;10;16;1005;1005;1;1;5;line_consecutive;0.5;1005;1;0;5-6;9;g_000;2;OPTIMAL;24650.139999570863;11.20507001876831;3.211050710776594e-06;15640.659999594563;15056.179999607786;584.4799999867796;0.0;817.4799999762984;8192.0;12325.069999994106;12325.069999576755;0.0;0.0;0.0;freqdep (waiting_freq=True)
lintim;SiouxFalls;SiouxFalls;ws;True;True;1e-05;6000;1;2;20;50;200;-5;50;0.75;2;500;50;10;10;16;1062;1062;1;1;5;line_consecutive;0.5;1062;12;2;21-24;6;g_000;9;TIME_LIMIT;152183.76056127707;12004.429739952087;0.0590448051257123;117112.62498484323;113809.63498484324;3302.99;0.0;3133.535576433787;28467.6;74150.63102581176;78033.12953546527;270.0;3200.0;3470.0;freqdep (waiting_freq=True)
lintim;SiouxFalls;SiouxFalls;integrated;True;True;1e-05;6000;1;2;20;50;200;-5;50;0.75;2;500;50;10;10;16;1062;1062;1;1;5;line_consecutive;0.5;1062;12;2;21-24;6;g_000;9;TIME_LIMIT;154502.4305619441;6003.732446193695;0.0505338188699355;116952.3299605366;115413.78999899028;1538.5399615463264;78.75;2512.950601407526;31218.400000000005;75060.43332416349;79441.9972377808;540.0;3200.0;3740.0;freqdep (waiting_freq=True)
lintim;SiouxFalls;SiouxFalls;separated;True;True;1e-05;6000;1;2;20;50;200;-5;50;0.75;2;500;50;10;10;16;1062;1062;1;1;5;line_consecutive;0.5;1062;12;2;21-24;6;g_000;2;OPTIMAL;151639.49871920724;2647.897262096405;0.0;115086.46995316847;113585.28495317588;1501.1849999926262;0.0;3186.2287660387337;29016.800000000007;73388.11154119212;78251.38717801511;270.0;4080.0;4350.0;freqdep (waiting_freq=True)
lintim;SiouxFalls;SiouxFalls;eev;True;True;1e-05;6000;1;2;20;50;200;-5;50;0.75;2;500;50;10;10;16;1062;1062;1;1;5;line_consecutive;0.5;1062;12;2;21-24;6;g_000;2;OPTIMAL;151639.49876583484;2716.661292076111;0.0;115086.46999920905;113585.2849992164;1501.184999992627;0.0;3186.2287666257944;29016.800000000007;73388.11158781973;78251.38717801511;270.0;4080.0;4350.0;freqdep (waiting_freq=True)
lintim;SiouxFalls;SiouxFalls;ws;True;True;1e-05;6000;1;2;20;50;200;-5;50;0.75;2;450;50;10;10;16;1059;1059;1;1;5;line_consecutive;0.5;1059;11;4;3-12;8,12;g_000;9;TIME_LIMIT;145430.41900683977;12002.157567977903;0.0481784821728149;113632.96993265588;112063.79996122242;1569.1699714334566;0.0;2619.049074183764;29178.40000000001;72715.2094724444;72715.20953439525;0.0;0.0;0.0;freqdep (waiting_freq=True)
lintim;SiouxFalls;SiouxFalls;integrated;True;True;1e-05;6000;1;2;20;50;200;-5;50;0.75;2;450;50;10;10;16;1059;1059;1;1;5;line_consecutive;0.5;1059;11;4;3-12;8,12;g_000;9;TIME_LIMIT;172150.03571934113;6001.331800937653;0.1806678414365033;126515.04484734705;123179.0898943949;3335.954952952129;-0.0002481167758716;1874.6911201108005;41843.8;83712.26304838559;88437.7726709554;1916.5;0.0;1916.5;freqdep (waiting_freq=True)
lintim;SiouxFalls;SiouxFalls;separated;True;True;1e-05;6000;1;2;20;50;200;-5;50;0.75;2;450;50;10;10;16;1059;1059;1;1;5;line_consecutive;0.5;1059;11;4;3-12;8,12;g_000;2;OPTIMAL;144298.40229949343;3380.8021337985992;6.61965054436962e-06;112278.65498512826;110506.65497566706;1772.0000094612128;0.0;3096.9473143650966;28192.800000000003;71719.97977632488;72578.42252316854;730.0000000000001;0.0;730.0000000000001;freqdep (waiting_freq=True)
lintim;SiouxFalls;SiouxFalls;eev;True;True;1e-05;6000;1;2;20;50;200;-5;50;0.75;2;450;50;10;10;16;1059;1059;1;1;5;line_consecutive;0.5;1059;11;4;3-12;8,12;g_000;2;OPTIMAL;144298.40230370645;3156.5210933685303;6.61965054436962e-06;112278.65499044229;110506.6549876701;1772.0000027721717;0.0;3096.9473132641324;28192.800000000003;71719.97978053792;72578.42252316854;730.0000000000001;0.0;730.0000000000001;freqdep (waiting_freq=True)
lintim;SiouxFalls;SiouxFalls;ws;True;True;1e-05;6000;1;2;20;50;200;-5;50;0.75;2;75;50;10;10;16;1017;1017;1;1;5;line_consecutive;0.5;1017;3;2;5-6;9;g_000;9;TIME_LIMIT;56388.19463885671;12002.018122911451;0.025912793922701;39891.26997913129;38886.47999668379;1004.78998244751;211.8000000000005;1712.324659725424;14572.800000000005;28194.097302694918;28194.097336161794;0.0;0.0;0.0;freqdep (waiting_freq=True)
lintim;SiouxFalls;SiouxFalls;integrated;True;True;1e-05;6000;1;2;20;50;200;-5;50;0.75;2;75;50;10;10;16;1017;1017;1;1;5;line_consecutive;0.5;1017;3;2;5-6;9;g_000;9;TIME_LIMIT;63283.114823379045;6002.801028966904;0.1329060413462492;39974.279983831264;39294.07999391407;680.1999899171897;0.0;1596.834839547818;17451.999999999996;28952.756891788267;34330.35793159086;4260.0;0.0;4260.0;freqdep (waiting_freq=True)
lintim;SiouxFalls;SiouxFalls;separated;True;True;1e-05;6000;1;2;20;50;200;-5;50;0.75;2;75;50;10;10;16;1017;1017;1;1;5;line_consecutive;0.5;1017;3;2;5-6;9;g_000;2;OPTIMAL;57840.12797903722;414.9555160999298;7.199880096733387e-11;40294.25998158116;38893.539984970346;1400.719996610817;105.90000000000089;1741.167997456058;13968.8;28049.738980294995;29790.38899874223;450.0;1280.0;1730.0;freqdep (waiting_freq=True)
lintim;SiouxFalls;SiouxFalls;eev;True;True;1e-05;6000;1;2;20;50;200;-5;50;0.75;2;75;50;10;10;16;1017;1017;1;1;5;line_consecutive;0.5;1017;3;2;5-6;9;g_000;2;OPTIMAL;57840.127872087774;398.0110957622528;7.199880096733387e-11;40294.25987068363;38893.539873106594;1400.7199975770404;105.90000000000089;1741.1680014041458;13968.8;28049.73887334555;29790.38899874223;450.0;1280.0;1730.0;freqdep (waiting_freq=True)
lintim;SiouxFalls;SiouxFalls;ws;True;True;1e-05;6000;1;2;20;50;200;-5;50;0.75;2;100;50;10;10;16;1022;1022;1;1;5;line_consecutive;0.5;1022;4;2;9-10;7,9;g_000;9;TIME_LIMIT;76489.2152843686;12003.23848104477;0.0912777326955499;56102.59491525434;54432.97493728071;1669.6199779736344;0.0;1747.4203691142538;18189.2;37965.30184145879;38523.9134429098;450.0;0.0;450.0;freqdep (waiting_freq=True)
lintim;SiouxFalls;SiouxFalls;integrated;True;True;1e-05;6000;1;2;20;50;200;-5;50;0.75;2;100;50;10;10;16;1022;1022;1;1;5;line_consecutive;0.5;1022;4;2;9-10;7,9;g_000;9;TIME_LIMIT;84297.33390982627;6001.954555034637;0.1451291829192745;55517.95999607238;52930.33499607238;2587.625;7959.049999999998;1491.523913753888;18428.800000000003;38088.62382649293;46208.71008333333;900.0;0.0;900.0;freqdep (waiting_freq=True)
lintim;SiouxFalls;SiouxFalls;separated;True;True;1e-05;6000;1;2;20;50;200;-5;50;0.75;2;100;50;10;10;16;1022;1022;1;1;5;line_consecutive;0.5;1022;4;2;9-10;7,9;g_000;2;OPTIMAL;75560.49567866264;3323.067996740341;0.0;54992.554984632974;53186.36499380162;1806.1899908313528;397.1999999999992;2016.3406940296625;16794.4;36611.16632698556;38949.32935167708;1360.0;0.0;1360.0;freqdep (waiting_freq=True)
lintim;SiouxFalls;SiouxFalls;eev;True;True;1e-05;6000;1;2;20;50;200;-5;50;0.75;2;100;50;10;10;16;1022;1022;1;1;5;line_consecutive;0.5;1022;4;2;9-10;7,9;g_000;2;OPTIMAL;75560.49567737893;3360.394307136536;0.0;54992.55498445354;53186.36499831294;1806.1899861405927;397.1999999999992;2016.340692925396;16794.4;36611.16632570185;38949.32935167708;1360.0;0.0;1360.0;freqdep (waiting_freq=True)
lintim;SiouxFalls;SiouxFalls;ws;True;True;1e-05;6000;1;2;20;50;200;-5;50;0.75;2;50;50;10;10;16;1012;1012;1;1;5;line_consecutive;0.5;1012;2;2;19-20;2;g_000;9;TIME_LIMIT;48818.39323156448;7318.965023756027;0.0715570043983787;28839.819987515963;28177.610030828604;662.2099566873599;0.0;1266.5732440485194;13115.999999999996;21327.99531368608;27490.397917878407;460.0;5135.999999999999;5595.999999999999;freqdep (waiting_freq=True)
lintim;SiouxFalls;SiouxFalls;integrated;True;True;1e-05;6000;1;2;20;50;200;-5;50;0.75;2;50;50;10;10;16;1012;1012;1;1;5;line_consecutive;0.5;1012;2;2;19-20;2;g_000;9;TIME_LIMIT;53012.133537579095;6002.015321969986;0.1807385858160541;28116.600000732116;27571.155000732117;545.445;508.80000000000064;1499.53353684698;12959.199999999995;21065.159995697708;31946.973541881383;3080.0;6847.999999999999;9928.0;freqdep (waiting_freq=True)
lintim;SiouxFalls;SiouxFalls;separated;True;True;1e-05;6000;1;2;20;50;200;-5;50;0.75;2;50;50;10;10;16;1012;1012;1;1;5;line_consecutive;0.5;1012;2;2;19-20;2;g_000;2;OPTIMAL;48602.62923104907;676.8906371593475;5.846810322013177e-06;28994.804985498675;27924.479986239174;1070.3249992595022;508.8000000000002;1313.0242455504003;11279.999999999998;20381.58781419136;28221.041416857708;1370.0;5135.999999999999;6505.999999999999;freqdep (waiting_freq=True)
lintim;SiouxFalls;SiouxFalls;eev;True;True;1e-05;6000;1;2;20;50;200;-5;50;0.75;2;50;50;10;10;16;1012;1012;1;1;5;line_consecutive;0.5;1012;2;2;19-20;2;g_000;2;OPTIMAL;48602.62920661492;685.5046548843384;5.846810322013177e-06;28994.80496788673;27924.480014102577;1070.3249537841564;508.8000000000002;1313.0242387281896;11279.999999999998;20381.587789757206;28221.041416857708;1370.0;5135.999999999999;6505.999999999999;freqdep (waiting_freq=True)
lintim;SiouxFalls;SiouxFalls;ws;True;True;1e-05;6000;1;2;20;50;200;-5;50;0.75;2;300;50;10;10;16;1044;1044;1;1;5;line_consecutive;0.5;1044;8;4;10-11;1,7,10;g_000;9;TIME_LIMIT;412973.0649590031;12002.009561777117;0.8110440893805658;86147.55055038267;84019.41056063393;2128.1399897487463;295555.3939824402;1626.5204261802044;24863.60000000001;150141.07365204298;262831.9913069598;4780.0;0.0;4780.0;freqdep (waiting_freq=True)
lintim;SiouxFalls;SiouxFalls;integrated;True;True;1e-05;6000;1;2;20;50;200;-5;50;0.75;2;300;50;10;10;16;1044;1044;1;1;5;line_consecutive;0.5;1044;8;4;10-11;1,7,10;g_000;9;TIME_LIMIT;585872.4383067397;6000.5339279174805;0.777269036279091;80356.03557989522;76297.27057003131;4058.7650098639087;474413.6496805215;862.7530463229723;23840.0;235900.34154924317;349972.0967574966;6400.0;0.0;6400.0;freqdep (waiting_freq=True)
lintim;SiouxFalls;SiouxFalls;separated;True;True;1e-05;6000;1;2;20;50;200;-5;50;0.75;2;300;50;10;10;16;1044;1044;1;1;5;line_consecutive;0.5;1044;8;4;10-11;1,7,10;g_000;2;OPTIMAL;142097.75634940073;6313.037579059601;0.1988067926657782;102133.15996421783;99784.3599983714;2348.799965846453;4644.849812552529;2560.9465726303506;26168.800000000003;64227.30389845934;77870.4524509414;1550.0;5040.0;6590.0;freqdep (waiting_freq=True)
lintim;SiouxFalls;SiouxFalls;eev;True;True;1e-05;6000;1;2;20;50;200;-5;50;0.75;2;300;50;10;10;16;1044;1044;1;1;5;line_consecutive;0.5;1044;8;4;10-11;1,7,10;g_000;2;OPTIMAL;143143.96775308816;6174.370591163635;0.230543625390493;104205.18998508868;100581.27499590152;3623.914989187164;1079.599999999989;2744.3777679994537;25544.800000000003;64645.01252092066;78498.95523216751;370.0;9200.0;9570.0;freqdep (waiting_freq=True)
lintim;SiouxFalls;SiouxFalls;ws;True;True;1e-05;6000;1;2;20;50;200;-5;50;0.75;2;400;50;10;10;16;1054;1054;1;1;5;line_consecutive;0.5;1054;10;4;21-22;13;g_000;9;TIME_LIMIT;140842.64107149403;12002.349524021149;0.0310384265384331;109935.95498377588;107958.0649934036;1977.889990372254;0.0;2816.286087718059;28090.4;70373.63398264245;70469.00708885146;0.0;0.0;0.0;freqdep (waiting_freq=True)
lintim;SiouxFalls;SiouxFalls;integrated;True;True;1e-05;6000;1;2;20;50;200;-5;50;0.75;2;400;50;10;10;16;1054;1054;1;1;5;line_consecutive;0.5;1054;10;4;21-22;13;g_000;9;TIME_LIMIT;148098.6790359233;6001.035858154297;0.0723880580693109;108920.38999820632;107660.5049981922;1259.885000014111;0.0;3001.6890377169566;29143.6;69947.481727288;78151.19730863537;7033.0;0.0;7033.0;freqdep (waiting_freq=True)
lintim;SiouxFalls;SiouxFalls;separated;True;True;1e-05;6000;1;2;20;50;200;-5;50;0.75;2;400;50;10;10;16;1054;1054;1;1;5;line_consecutive;0.5;1054;10;4;21-22;13;g_000;2;OPTIMAL;140031.1872432004;1020.0978379249572;8.739272734136748e-06;108944.5349994918;107118.11499625714;1826.4200032346523;0.0;3127.8522437085694;27528.800000000003;69618.19830362739;70412.98893957301;430.0;0.0;430.0;freqdep (waiting_freq=True)
lintim;SiouxFalls;SiouxFalls;eev;True;True;1e-05;6000;1;2;20;50;200;-5;50;0.75;2;400;50;10;10;16;1054;1054;1;1;5;line_consecutive;0.5;1054;10;4;21-22;13;g_000;2;OPTIMAL;140031.18724365617;1048.7763073444366;8.739272734136748e-06;108944.53499956624;107118.1150028518;1826.419996714468;0.0;3127.8522440898705;27528.800000000003;69618.19830408315;70412.98893957301;430.0;0.0;430.0;freqdep (waiting_freq=True)
lintim;SiouxFalls;SiouxFalls;ws;True;True;1e-05;6000;1;2;20;50;200;-5;50;0.75;2;75;50;10;10;16;1016;1016;1;1;5;line_consecutive;0.5;1016;3;1;23-24;4;g_000;9;TIME_LIMIT;63881.62788415672;12001.738741874697;0.1903652629394176;40558.86997158236;39459.02998386596;1099.8399877164084;0.0;1564.75791257436;15134.0;28204.42113654258;35677.20674761413;0.0;6624.0;6624.0;freqdep (waiting_freq=True)
lintim;SiouxFalls;SiouxFalls;integrated;True;True;1e-05;6000;1;2;20;50;200;-5;50;0.75;2;75;50;10;10;16;1016;1016;1;1;5;line_consecutive;0.5;1016;3;1;23-24;4;g_000;9;TIME_LIMIT;67164.97908725684;6001.926239013672;0.1494074408300395;40516.51000515212;39689.80000515212;826.7100000000002;0.0;1792.469082104728;16876.0;28928.528337689604;38236.45074956721;2540.0;5440.000000000001;7980.000000000001;freqdep (waiting_freq=True)
lintim;SiouxFalls;SiouxFalls;separated;True;True;1e-05;6000;1;2;20;50;200;-5;50;0.75;2;75;50;10;10;16;1016;1016;1;1;5;line_consecutive;0.5;1016;3;1;23-24;4;g_000;2;OPTIMAL;62024.5596407992;1101.7432081699371;1.0663462556941747e-11;41165.79498204263;39383.17498586426;1782.6199961783736;395.59999459803606;1694.364664158537;14148.8;28049.738980294995;33974.8206605042;540.0;4080.000000000001;4620.000000000001;freqdep (waiting_freq=True)
lintim;SiouxFalls;SiouxFalls;eev;True;True;1e-05;6000;1;2;20;50;200;-5;50;0.75;2;75;50;10;10;16;1016;1016;1;1;5;line_consecutive;0.5;1016;3;1;23-24;4;g_000;2;OPTIMAL;62024.559658967686;1105.656877040863;1.0663462556941747e-11;41165.7949992983;39383.17499911184;1782.6200001864663;395.59999459803606;1694.3646650713536;14148.8;28049.738998463483;33974.8206605042;540.0;4080.000000000001;4620.000000000001;freqdep (waiting_freq=True)
lintim;SiouxFalls;SiouxFalls;ws;True;True;1e-05;6000;1;2;20;50;200;-5;50;0.75;2;450;50;10;10;16;1055;1055;1;1;5;line_consecutive;0.5;1055;11;0;10-11;1,7,10;g_000;9;TIME_LIMIT;562117.5022270004;12003.510574102402;0.848986534246911;89066.8302388443;86426.5002807412;2640.3299581030915;442152.9182854934;2227.353702662596;23690.4;414638.05420711695;147479.44801988263;4980.0;0.0;4980.0;freqdep (waiting_freq=True)
lintim;SiouxFalls;SiouxFalls;integrated;True;True;1e-05;6000;1;2;20;50;200;-5;50;0.75;2;450;50;10;10;16;1055;1055;1;1;5;line_consecutive;0.5;1055;11;0;10-11;1,7,10;g_000;9;TIME_LIMIT;818585.7189330861;6001.164052963257;0.8233912504779788;89343.28256224052;78688.4223294259;10654.860232814628;683917.8246431589;2281.5117276865712;15046.6;551405.751590476;267179.96734260954;21756.5;6240.0;27996.5;freqdep (waiting_freq=True)
lintim;SiouxFalls;SiouxFalls;separated;True;True;1e-05;6000;1;2;20;50;200;-5;50;0.75;2;450;50;10;10;16;1055;1055;1;1;5;line_consecutive;0.5;1055;11;0;10-11;1,7,10;g_000;2;OPTIMAL;155892.56756615965;6700.654266119003;0.1461195078520544;116918.42497103108;113345.30501848875;3573.119952542315;467.5998744307804;3205.7427206977463;27780.800000000003;71719.97977632488;84172.58778983478;2480.0;5040.0;7520.0;freqdep (waiting_freq=True)
lintim;SiouxFalls;SiouxFalls;eev;True;True;1e-05;6000;1;2;20;50;200;-5;50;0.75;2;450;50;10;10;16;1055;1055;1;1;5;line_consecutive;0.5;1055;11;0;10-11;1,7,10;g_000;2;OPTIMAL;158435.61986176606;6176.845388650894;0.2004149424682934;120071.80999747344;113952.75499883172;6119.054998641697;470.5000000000008;3040.509864292644;27092.800000000003;72405.58663887472;86030.03322289133;2720.0;5040.0;7760.0;freqdep (waiting_freq=True)
lintim;SiouxFalls;SiouxFalls;ws;True;True;1e-05;6000;1;2;20;50;200;-5;50;0.75;2;50;50;10;10;16;1011;1011;1;1;5;line_consecutive;0.5;1011;2;1;6-8;2;g_000;9;TIME_LIMIT;48234.978482030114;7313.685254812241;0.0726784188188456;30720.85995264985;29185.905032998933;1534.9549196509215;566.9998678190302;1379.5186615612365;11727.6;21233.72252417944;27001.255957850684;0.0;3840.0;3840.0;freqdep (waiting_freq=True)
lintim;SiouxFalls;SiouxFalls;integrated;True;True;1e-05;6000;1;2;20;50;200;-5;50;0.75;2;50;50;10;10;16;1011;1011;1;1;5;line_consecutive;0.5;1011;2;1;6-8;2;g_000;9;TIME_LIMIT;49737.53066536435;6001.604729890823;0.1186105711148509;29426.80000012346;28547.3300001235;879.4699999999643;508.8;1637.5306652408854;12054.4;20691.16066556482;29046.36999979952;2269.9999999999995;3840.0;6110.0;freqdep (waiting_freq=True)
lintim;SiouxFalls;SiouxFalls;separated;True;True;1e-05;6000;1;2;20;50;200;-5;50;0.75;2;50;50;10;10;16;1011;1011;1;1;5;line_consecutive;0.5;1011;2;1;6-8;2;g_000;2;OPTIMAL;48261.78756074678;1348.8280022144318;5.846810322013177e-06;29885.819982675497;28544.40498344784;1341.414999227658;508.80000000000064;1314.767578071289;11342.399999999998;20381.58781419136;27880.19974655542;1370.0;3840.0;5210.0;freqdep (waiting_freq=True)
lintim;SiouxFalls;SiouxFalls;eev;True;True;1e-05;6000;1;2;20;50;200;-5;50;0.75;2;50;50;10;10;16;1011;1011;1;1;5;line_consecutive;0.5;1011;2;1;6-8;2;g_000;2;OPTIMAL;48261.78753631262;1355.1208882331848;5.846810322013177e-06;29885.819965063554;28544.40501131124;1341.4149537523122;508.80000000000064;1314.7675712490786;11342.399999999998;20381.587789757206;27880.19974655542;1370.0;3840.0;5210.0;freqdep (waiting_freq=True)
lintim;SiouxFalls;SiouxFalls;ws;True;True;1e-05;6000;1;2;20;50;200;-5;50;0.75;2;25;50;10;10;16;1009;1009;1;1;5;line_consecutive;0.5;1009;1;4;10-17;14;g_000;2;OPTIMAL;24650.139997726463;240.3522841930389;6.042847719447809e-12;15640.65999775022;15056.179997752675;584.4799999975423;0.0;817.479999976242;8192.0;12325.069999531366;12325.069998195097;0.0;0.0;0.0;freqdep (waiting_freq=True)
lintim;SiouxFalls;SiouxFalls;integrated;True;True;1e-05;6000;1;2;20;50;200;-5;50;0.75;2;25;50;10;10;16;1009;1009;1;1;5;line_consecutive;0.5;1009;1;4;10-17;14;g_000;2;OPTIMAL;24650.139999703588;705.1334969997406;0.0;15640.65999972316;15056.179999757576;584.4799999655829;0.0;817.4799999804309;8192.0;12325.069999972373;12325.069999731217;0.0;0.0;0.0;freqdep (waiting_freq=True)
lintim;SiouxFalls;SiouxFalls;separated;True;True;1e-05;6000;1;2;20;50;200;-5;50;0.75;2;25;50;10;10;16;1009;1009;1;1;5;line_consecutive;0.5;1009;1;4;10-17;14;g_000;2;OPTIMAL;24650.139993522345;9.180290699005129;8.632896820511306e-11;15640.659998180796;15056.179998597185;584.4799995836117;0.0;817.4800022029783;8191.999993138574;12325.06999410096;12325.069999421386;0.0;0.0;0.0;freqdep (waiting_freq=True)
lintim;SiouxFalls;SiouxFalls;eev;True;True;1e-05;6000;1;2;20;50;200;-5;50;0.75;2;25;50;10;10;16;1009;1009;1;1;5;line_consecutive;0.5;1009;1;4;10-17;14;g_000;2;OPTIMAL;24650.1399993564;9.371334075927734;2.778130796286412e-12;15640.659999441215;15056.17999944572;584.479999995496;0.0;817.4799999151799;8192.0;12325.06999993501;12325.069999421386;0.0;0.0;0.0;freqdep (waiting_freq=True)
lintim;SiouxFalls;SiouxFalls;ws;True;True;1e-05;6000;1;2;20;50;200;-5;50;0.75;2;550;50;10;10;16;1066;1066;1;1;5;line_consecutive;0.5;1066;13;1;2-6;2;g_000;9;TIME_LIMIT;169695.9533415411;12003.006800174711;0.1445642033790065;125212.90994202669;121246.76993780182;3966.1400042248624;0.0;3049.0433995144544;33034.0;78493.53204067165;91202.42130086946;5680.0;2720.0000000000005;8400.0;freqdep (waiting_freq=True)
lintim;SiouxFalls;SiouxFalls;integrated;True;True;1e-05;6000;1;2;20;50;200;-5;50;0.75;2;550;50;10;10;16;1066;1066;1;1;5;line_consecutive;0.5;1066;13;1;2-6;2;g_000;9;TIME_LIMIT;183335.31032248389;6001.713217020035;0.1613432680416981;126091.8749072324;121411.47994359308;4680.394963639334;5770.900000000001;2833.835415251364;30812.200000000004;77334.34597532213;106000.96434716153;14146.5;3680.0;17826.5;freqdep (waiting_freq=True)
lintim;SiouxFalls;SiouxFalls;separated;True;True;1e-05;6000;1;2;20;50;200;-5;50;0.75;2;550;50;10;10;16;1066;1066;1;1;5;line_consecutive;0.5;1066;13;1;2-6;2;g_000;2;OPTIMAL;180306.48603307988;6801.460356712341;0.3221730843874225;120722.58496523078;116841.08996661298;3881.4949986178;21811.949994697385;3443.1510731517155;27828.800000000003;74625.97728959206;105680.50874348782;3299.9999999999995;3200.0;6500.0;freqdep (waiting_freq=True)
lintim;SiouxFalls;SiouxFalls;eev;True;True;1e-05;6000;1;2;20;50;200;-5;50;0.75;2;550;50;10;10;16;1066;1066;1;1;5;line_consecutive;0.5;1066;13;1;2-6;2;g_000;2;OPTIMAL;170569.93547792686;6369.527917385101;0.1961337954004785;120671.46498657764;116938.80998716368;3732.6549994139696;12570.399999999998;3282.870491349277;28995.200000000004;75138.40572859788;95431.529749329;2330.0;2720.0000000000005;5050.0;freqdep (waiting_freq=True)
lintim;SiouxFalls;SiouxFalls;ws;True;True;1e-05;6000;1;2;20;50;200;-5;50;0.75;2;350;50;10;10;16;1045;1045;1;1;5;line_consecutive;0.5;1045;9;0;23-24;4;g_000;9;TIME_LIMIT;146459.70449934207;12002.230077028276;0.1126066657698773;108696.064966469;105430.35998643772;3265.7049800312925;1887.3;2992.339532873084;30168.0;70481.75796115026;75977.94653819187;1116.0;1600.0;2716.0;freqdep (waiting_freq=True)
lintim;SiouxFalls;SiouxFalls;integrated;True;True;1e-05;6000;1;2;20;50;200;-5;50;0.75;2;350;50;10;10;16;1045;1045;1;1;5;line_consecutive;0.5;1045;9;0;23-24;4;g_000;9;TIME_LIMIT;163065.43228613457;6001.719681978226;0.166905161720813;107668.9949717538;105277.97997041744;2391.0150013363345;7694.900009951532;2802.8373044292425;28022.2;68544.00361701859;94521.42866911608;6636.5;10240.0;16876.5;freqdep (waiting_freq=True)
lintim;SiouxFalls;SiouxFalls;separated;True;True;1e-05;6000;1;2;20;50;200;-5;50;0.75;2;350;50;10;10;16;1045;1045;1;1;5;line_consecutive;0.5;1045;9;0;23-24;4;g_000;2;OPTIMAL;145564.19739318517;6455.775937080383;0.1470236798206392;105826.74495329255;103164.79496877496;2661.949984517624;1422.3999768847646;2887.852463007844;27007.200000000004;67228.77304459752;78335.42434858764;1620.0;6800.000000000001;8420.0;freqdep (waiting_freq=True)
lintim;SiouxFalls;SiouxFalls;eev;True;True;1e-05;6000;1;2;20;50;200;-5;50;0.75;2;350;50;10;10;16;1045;1045;1;1;5;line_consecutive;0.5;1045;9;0;23-24;4;g_000;2;OPTIMAL;142188.9843780446;4423.321788787842;6.933186944097959e-06;107312.3149792501;103590.0699769547;3722.245002295386;60.0;3147.869398794509;26508.8;67576.32346975947;74612.66090828514;1080.0;4080.000000000001;5160.000000000001;freqdep (waiting_freq=True)
lintim;SiouxFalls;SiouxFalls;ws;True;True;1e-05;6000;1;2;20;50;200;-5;50;0.75;2;25;50;10;10;16;1006;1006;1;1;5;line_consecutive;0.5;1006;1;1;23-24;4;g_000;2;OPTIMAL;27121.469992041817;1182.1058928966522;0.0;16683.209993955366;15876.679996159131;806.5299977962313;0.0;822.2599980864555;9616.0;13560.734999831751;13560.734992210066;0.0;0.0;0.0;freqdep (waiting_freq=True)
lintim;SiouxFalls;SiouxFalls;integrated;True;True;1e-05;6000;1;2;20;50;200;-5;50;0.75;2;25;50;10;10;16;1006;1006;1;1;5;line_consecutive;0.5;1006;1;1;23-24;4;g_000;9;TIME_LIMIT;28624.734559044016;6002.125113010407;0.0830611694533656;16444.064974120705;15679.094983843652;764.9699902770517;0.0;966.2695849233148;9034.399999999998;12729.879975756296;15894.854583287724;820.0;1360.0000000000002;2180.0;freqdep (waiting_freq=True)
lintim;SiouxFalls;SiouxFalls;separated;True;True;1e-05;6000;1;2;20;50;200;-5;50;0.75;2;25;50;10;10;16;1006;1006;1;1;5;line_consecutive;0.5;1006;1;1;23-24;4;g_000;2;OPTIMAL;28699.24207717073;53.28748679161072;8.632896820511306e-11;16501.874998492473;15705.304998906988;796.5699995854814;0.0;817.3670855396783;8119.999993138574;12325.06999410096;16374.172083069763;540.0;2720.0000000000005;3260.0000000000005;freqdep (waiting_freq=True)
lintim;SiouxFalls;SiouxFalls;eev;True;True;1e-05;6000;1;2;20;50;200;-5;50;0.75;2;25;50;10;10;16;1006;1006;1;1;5;line_consecutive;0.5;1006;1;1;23-24;4;g_000;2;OPTIMAL;28699.24208304345;53.003028869628906;2.778130796286412e-12;16501.87499975289;15705.304999755524;796.5699999973654;0.0;817.3670832905576;8120.0;12325.069999973686;16374.172083069763;540.0;2720.0000000000005;3260.0000000000005;freqdep (waiting_freq=True)
lintim;SiouxFalls;SiouxFalls;ws;True;True;1e-05;6000;1;2;20;50;200;-5;50;0.75;2;75;50;10;10;16;1015;1015;1;1;5;line_consecutive;0.5;1015;3;0;10-15;5,9;g_000;9;TIME_LIMIT;60111.90406295947;12002.143275022509;0.1302956581500016;41077.79991714661;39897.2599153655;1180.540001781102;211.80000000000132;1636.7041458128656;17185.600000000002;30055.952022012178;30055.952040947297;0.0;0.0;0.0;freqdep (waiting_freq=True)
lintim;SiouxFalls;SiouxFalls;integrated;True;True;1e-05;6000;1;2;20;50;200;-5;50;0.75;2;75;50;10;10;16;1015;1015;1;1;5;line_consecutive;0.5;1015;3;0;10-15;5,9;g_000;9;TIME_LIMIT;67375.49289636461;6000.9537699222565;0.1852258628153031;41228.24495658014;40099.1249611121;1129.119995468042;0.0;1538.2479397844772;16897.0;29712.352480516016;37663.14041584858;4286.0;3426.0;7712.0;freqdep (waiting_freq=True)
lintim;SiouxFalls;SiouxFalls;separated;True;True;1e-05;6000;1;2;20;50;200;-5;50;0.75;2;75;50;10;10;16;1015;1015;1;1;5;line_consecutive;0.5;1015;3;0;10-15;5,9;g_000;2;OPTIMAL;59125.151368960855;1172.6683731079102;1.0663462556941747e-11;40631.5599826226;39281.57998652599;1349.9799960966106;105.89997822025744;1682.8914134790118;14204.800000000005;28049.738980294995;31075.412388665864;2500.0;-5.361003993395267e-06;2499.999994638996;freqdep (waiting_freq=True)
lintim;SiouxFalls;SiouxFalls;eev;True;True;1e-05;6000;1;2;20;50;200;-5;50;0.75;2;75;50;10;10;16;1015;1015;1;1;5;line_consecutive;0.5;1015;3;0;10-15;5,9;g_000;2;OPTIMAL;59125.1513879289;1150.649657011032;1.0663462556941747e-11;40631.5599998457;39281.57999977576;1349.9800000699445;105.89997822025744;1682.891415223949;14204.800000000005;28049.73899926303;31075.412388665864;2500.0;-5.361003993395267e-06;2499.999994638996;freqdep (waiting_freq=True)
lintim;SiouxFalls;SiouxFalls;ws;True;True;1e-05;6000;1;2;20;50;200;-5;50;0.75;2;400;50;10;10;16;1053;1053;1;1;5;line_consecutive;0.5;1053;10;3;19-20;2;g_000;9;TIME_LIMIT;149142.12788522802;12005.488041877748;0.0398560442455313;110958.01498586142;108532.60998577448;2425.40500008694;0.0;3111.3128993665377;29016.800000000007;70390.38568093076;78751.74220429719;920.0;5135.999999999999;6055.999999999999;freqdep (waiting_freq=True)
lintim;SiouxFalls;SiouxFalls;integrated;True;True;1e-05;6000;1;2;20;50;200;-5;50;0.75;2;400;50;10;10;16;1053;1053;1;1;5;line_consecutive;0.5;1053;10;3;19-20;2;g_000;9;TIME_LIMIT;164084.12375895868;6003.567354917526;0.1524667266268089;113284.62499539372;110147.50499363906;3137.120001754656;0.0;2914.898763564842;28667.6;70892.92870693027;93191.1950520284;7233.0;11983.999999999998;19217.0;freqdep (waiting_freq=True)
lintim;SiouxFalls;SiouxFalls;separated;True;True;1e-05;6000;1;2;20;50;200;-5;50;0.75;2;400;50;10;10;16;1053;1053;1;1;5;line_consecutive;0.5;1053;10;3;19-20;2;g_000;2;OPTIMAL;150600.18076711707;6508.145323038101;0.1392331532793779;111105.26499958424;107870.9299963412;3234.335003243027;1506.3000000000018;3240.215767532811;27322.4;69618.19830362739;80981.9824634897;2290.0;5135.999999999999;7425.999999999999;freqdep (waiting_freq=True)
lintim;SiouxFalls;SiouxFalls;eev;True;True;1e-05;6000;1;2;20;50;200;-5;50;0.75;2;400;50;10;10;16;1053;1053;1;1;5;line_consecutive;0.5;1053;10;3;19-20;2;g_000;2;OPTIMAL;150856.2403689021;4421.229028701782;8.609010848951767e-06;111437.72998284202;107800.07998281896;3637.6500000230526;1506.2999999999986;2989.610386060077;27663.60000000001;69899.14085844542;80957.09951045667;2123.0;5135.999999999999;7258.999999999999;freqdep (waiting_freq=True)
lintim;SiouxFalls;SiouxFalls;ws;True;True;1e-05;6000;1;2;20;50;200;-5;50;0.75;2;250;50;10;10;16;1035;1035;1;1;5;line_consecutive;0.5;1035;7;0;23-24;4;g_000;9;TIME_LIMIT;133205.69599216507;12002.291783809662;0.1131684682964298;93720.11497984244;92414.70498764983;1305.4099921926113;-1.3039175821994078e-05;2537.781025361732;28334.800000000007;61866.4679648296;71339.2280273354;2213.0;6400.0;8613.0;freqdep (waiting_freq=True)
lintim;SiouxFalls;SiouxFalls;integrated;True;True;1e-05;6000;1;2;20;50;200;-5;50;0.75;2;250;50;10;10;16;1035;1035;1;1;5;line_consecutive;0.5;1035;7;0;23-24;4;g_000;9;TIME_LIMIT;140917.94571610985;6001.851868152618;0.1105110748402361;97468.38997454992;94719.72999315803;2748.6599813918783;0.0;2235.555741559886;26884.000000000007;62181.928986653744;78736.01672945611;7930.0;6400.0;14330.0;freqdep (waiting_freq=True)
lintim;SiouxFalls;SiouxFalls;separated;True;True;1e-05;6000;1;2;20;50;200;-5;50;0.75;2;250;50;10;10;16;1035;1035;1;1;5;line_consecutive;0.5;1035;7;0;23-24;4;g_000;2;OPTIMAL;129324.784121157;3668.317737817764;0.0;94747.1699635421;92430.8299647985;2316.3399987436105;213.0;2719.814157614865;25124.800000000003;60580.75079311062;68744.03332804637;1080.0;5440.000000000001;6520.000000000001;freqdep (waiting_freq=True)
lintim;SiouxFalls;SiouxFalls;eev;True;True;1e-05;6000;1;2;20;50;200;-5;50;0.75;2;250;50;10;10;16;1035;1035;1;1;5;line_consecutive;0.5;1035;7;0;23-24;4;g_000;2;OPTIMAL;129087.33306930152;4145.715153932571;2.4139093249139637e-11;95647.16996420702;92430.8299778484;3216.3399863586264;212.99994687980188;2770.363158214709;24476.800000000003;60782.45014727363;68304.8829220279;540.0;5440.000000000001;5980.000000000001;freqdep (waiting_freq=True)
lintim;SiouxFalls;SiouxFalls;ws;True;True;1e-05;6000;1;2;20;50;200;-5;50;0.75;2;10;50;10;10;16;1003;1003;1;1;5;line_consecutive;0.5;1003;0;3;22-23;5;g_000;2;OPTIMAL;12180.986661799783;41.49078989028931;0.0;6536.759996543382;6086.97999868397;449.779997859411;0.0;684.2266652564028;4960.0;6090.493328468639;6090.493333331146;0.0;0.0;0.0;freqdep (waiting_freq=True)
lintim;SiouxFalls;SiouxFalls;integrated;True;True;1e-05;6000;1;2;20;50;200;-5;50;0.75;2;10;50;10;10;16;1003;1003;1;1;5;line_consecutive;0.5;1003;0;3;22-23;5;g_000;2;OPTIMAL;12180.986651266589;29.462559938430783;0.0;6536.759996492863;6086.979996586117;449.7799999067461;0.0;684.2266547737239;4960.0;6090.4933180063135;6090.493333260276;0.0;0.0;0.0;freqdep (waiting_freq=True)
lintim;SiouxFalls;SiouxFalls;separated;True;True;1e-05;6000;1;2;20;50;200;-5;50;0.75;2;10;50;10;10;16;1003;1003;1;1;5;line_consecutive;0.5;1003;0;3;22-23;5;g_000;2;OPTIMAL;12180.98666567827;2.419030904769897;0.0;6536.76000001307;6086.9800000023815;449.780000010687;0.0;684.2266656652016;4960.0;6090.493332344937;6090.493333333334;0.0;0.0;0.0;freqdep (waiting_freq=True)
lintim;SiouxFalls;SiouxFalls;eev;True;True;1e-05;6000;1;2;20;50;200;-5;50;0.75;2;10;50;10;10;16;1003;1003;1;1;5;line_consecutive;0.5;1003;0;3;22-23;5;g_000;2;OPTIMAL;12180.986666892515;2.588624954223633;0.0;6536.760000012535;6086.980000002381;449.7800000101527;0.0;684.2266668799834;4960.0;6090.493333559183;6090.493333333334;0.0;0.0;0.0;freqdep (waiting_freq=True)
lintim;SiouxFalls;SiouxFalls;ws;True;True;1e-05;6000;1;2;20;50;200;-5;50;0.75;2;300;50;10;10;16;1043;1043;1;1;5;line_consecutive;0.5;1043;8;3;4-11;4;g_000;9;TIME_LIMIT;149733.90911300175;12002.326584100723;0.2290156460442007;102485.4598301013;99636.0749116449;2849.3849184564133;12348.699985243398;2646.149297657039;26963.60000000001;65734.99199463452;83998.9171183673;3610.0;1680.0;5290.0;freqdep (waiting_freq=True)
lintim;SiouxFalls;SiouxFalls;integrated;True;True;1e-05;6000;1;2;20;50;200;-5;50;0.75;2;300;50;10;10;16;1043;1043;1;1;5;line_consecutive;0.5;1043;8;3;4-11;4;g_000;9;TIME_LIMIT;151216.1859459983;6002.132613897324;0.1377537743840242;104512.43506333978;101294.35003344936;3218.0850298904115;2043.29979649608;2688.2510861623787;28073.2;66178.30218721366;85037.88375878458;9099.0;4800.0;13899.0;freqdep (waiting_freq=True)
lintim;SiouxFalls;SiouxFalls;separated;True;True;1e-05;6000;1;2;20;50;200;-5;50;0.75;2;300;50;10;10;16;1043;1043;1;1;5;line_consecutive;0.5;1043;8;3;4-11;4;g_000;2;OPTIMAL;137968.417721672;6305.251126050949;0.1265156735374357;101486.77995442032;98553.7899920069;2932.989962413407;0.0;2608.837767251674;25852.8;64227.30389845934;73741.11382321267;1620.0;6400.0;8020.0;freqdep (waiting_freq=True)
lintim;SiouxFalls;SiouxFalls;eev;True;True;1e-05;6000;1;2;20;50;200;-5;50;0.75;2;300;50;10;10;16;1043;1043;1;1;5;line_consecutive;0.5;1043;8;3;4-11;4;g_000;2;OPTIMAL;137540.69856300973;6450.193788051605;0.0544943803547995;101886.85499062612;98441.12499112768;3445.72999949846;0.0;2959.04357238364;25024.800000000003;64537.84849325525;73002.85006975448;1270.0;6400.0;7670.0;freqdep (waiting_freq=True)
lintim;SiouxFalls;SiouxFalls;ws;True;True;1e-05;6000;1;2;20;50;200;-5;50;0.75;2;450;50;10;10;16;1058;1058;1;1;5;line_consecutive;0.5;1058;11;3;1-2;12;g_000;9;TIME_LIMIT;143637.3427643269;12005.696223974228;0.0172468172893205;112101.33999462666;110607.2499946235;1494.090000003151;0.0;2987.2027697000285;28548.800000000003;71818.67137731661;71818.67138701011;0.0;0.0;0.0;freqdep (waiting_freq=True)
lintim;SiouxFalls;SiouxFalls;integrated;True;True;1e-05;6000;1;2;20;50;200;-5;50;0.75;2;450;50;10;10;16;1058;1058;1;1;5;line_consecutive;0.5;1058;11;3;1-2;12;g_000;9;TIME_LIMIT;145784.25688922947;6003.610697984695;0.0334585825130155;114652.41998906198;112118.01998906198;2534.3999999999983;0.0;2395.8369001674537;28736.000000000007;72892.12844982315;72892.1284394064;0.0;0.0;0.0;freqdep (waiting_freq=True)
lintim;SiouxFalls;SiouxFalls;separated;True;True;1e-05;6000;1;2;20;50;200;-5;50;0.75;2;450;50;10;10;16;1058;1058;1;1;5;line_consecutive;0.5;1058;11;3;1-2;12;g_000;2;OPTIMAL;144298.40223250585;1097.1567680835724;6.61965054436962e-06;112278.65491961475;110506.65494158072;1771.9999780340063;0.0;3096.9473128910176;28192.800000000003;71719.97977632488;72578.42245618097;730.0000000000001;0.0;730.0000000000001;freqdep (waiting_freq=True)
lintim;SiouxFalls;SiouxFalls;eev;True;True;1e-05;6000;1;2;20;50;200;-5;50;0.75;2;450;50;10;10;16;1058;1058;1;1;5;line_consecutive;0.5;1058;11;3;1-2;12;g_000;2;OPTIMAL;144298.40223996138;819.3701601028442;6.61965054436962e-06;112278.65492415114;110506.65494450169;1771.9999796494578;0.0;3096.947315810159;28192.800000000003;71719.9797837804;72578.42245618097;730.0000000000001;0.0;730.0000000000001;freqdep (waiting_freq=True)
lintim;SiouxFalls;SiouxFalls;ws;True;True;1e-05;6000;1;2;20;50;200;-5;50;0.75;2;250;50;10;10;16;1037;1037;1;1;5;line_consecutive;0.5;1037;7;2;11-12;1,7,8;g_000;9;TIME_LIMIT;478117.5333906441;12002.393429040909;0.8527499948699319;75330.24528194382;71579.68037112411;3750.564910819729;374426.8178553752;2139.670253325102;20780.800000000003;338237.166959865;139880.3664307788;5440.0;0.0;5440.0;freqdep (waiting_freq=True)
lintim;SiouxFalls;SiouxFalls;integrated;True;True;1e-05;6000;1;2;20;50;200;-5;50;0.75;2;250;50;10;10;16;1037;1037;1;1;5;line_consecutive;0.5;1037;7;2;11-12;1,7,8;g_000;9;TIME_LIMIT;818871.7595086541;6001.905428171158;0.8515217005983473;58835.705550737286;53329.4204387699;5506.285111967378;720123.3052237884;1623.2487341285175;14273.0;648443.9498909399;170427.80961771373;24016.5;0.0;24016.5;freqdep (waiting_freq=True)
lintim;SiouxFalls;SiouxFalls;separated;True;True;1e-05;6000;1;2;20;50;200;-5;50;0.75;2;250;50;10;10;16;1037;1037;1;1;5;line_consecutive;0.5;1037;7;2;11-12;1,7,8;g_000;2;OPTIMAL;139134.71569851617;6367.210377931595;0.2982981356697706;94657.4849471956;92321.2549598678;2336.2299873278034;9509.249930295966;2743.1808210245786;25084.800000000003;60580.75079311062;78553.96490540553;1540.0;5600.0;7140.0;freqdep (waiting_freq=True)
lintim;SiouxFalls;SiouxFalls;eev;True;True;1e-05;6000;1;2;20;50;200;-5;50;0.75;2;250;50;10;10;16;1037;1037;1;1;5;line_consecutive;0.5;1037;7;2;11-12;1,7,8;g_000;2;OPTIMAL;142335.57779586618;6250.764570713043;0.3428189518430421;93716.71493333144;91568.03494796727;2148.6799853641523;16441.409541531622;2776.653321003133;25060.800000000003;60670.96998606889;81664.60780979728;1540.0;2800.0;4340.0;freqdep (waiting_freq=True)
lintim;SiouxFalls;SiouxFalls;ws;True;True;1e-05;6000;1;2;20;50;200;-5;50;0.75;2;550;50;10;10;16;1068;1068;1;1;5;line_consecutive;0.5;1068;13;3;1-3;4,8,12;g_000;9;TIME_LIMIT;611412.8010517211;12007.462615013124;0.8559181963494411;96798.2125193836;90915.80749005864;5882.405029324959;486478.88169244153;3175.406839895497;21387.800000000003;364443.00566650624;246969.79538521392;3572.5000000000005;0.0;3572.5000000000005;freqdep (waiting_freq=True)
lintim;SiouxFalls;SiouxFalls;integrated;True;True;1e-05;6000;1;2;20;50;200;-5;50;0.75;2;550;50;10;10;16;1068;1068;1;1;5;line_consecutive;0.5;1068;13;3;1-3;4,8,12;g_000;9;TIME_LIMIT;968319.6883895412;6003.836280822754;0.8429567543400426;74853.41468717068;69894.67397529737;4958.74071187333;859410.7381302018;1545.3355721678988;17117.199999999997;516440.2348154904;451879.4535740487;15393.0;0.0;15393.0;freqdep (waiting_freq=True)
lintim;SiouxFalls;SiouxFalls;separated;True;True;1e-05;6000;1;2;20;50;200;-5;50;0.75;2;550;50;10;10;16;1068;1068;1;1;5;line_consecutive;0.5;1068;13;3;1-3;4,8,12;g_000;2;OPTIMAL;180955.42939413348;6671.728447914124;0.3727974290035027;119518.00969837632;116314.82479948756;3203.184898888751;19978.34886200977;3292.270833747312;27936.800000000003;74625.97728959206;106329.4521045414;3430.0;6800.0;10230.0;freqdep (waiting_freq=True)
lintim;SiouxFalls;SiouxFalls;eev;True;True;1e-05;6000;1;2;20;50;200;-5;50;0.75;2;550;50;10;10;16;1068;1068;1;1;5;line_consecutive;0.5;1068;13;3;1-3;4,8,12;g_000;2;OPTIMAL;185103.1524699416;6370.751355171204;0.3928554249861276;119718.08970931094;115391.15479289222;4326.934916418709;27916.847568321933;3479.815207909649;28238.4;75460.59182784785;109642.56064209374;2350.0;3399.999984398867;5749.999984398867;freqdep (waiting_freq=True)
lintim;SiouxFalls;SiouxFalls;ws;True;True;1e-05;6000;1;2;20;50;200;-5;50;0.75;2;500;50;10;10;16;1063;1063;1;1;5;line_consecutive;0.5;1063;12;3;16-17;2,13;g_000;9;TIME_LIMIT;159425.50619055063;12005.668932914734;0.0807853811947161;119424.17999631;115507.57499631;3916.605;0.0;3295.0261942405305;28395.8;74496.36068922436;84929.1455013262;3886.5;4424.0;8310.5;freqdep (waiting_freq=True)
lintim;SiouxFalls;SiouxFalls;integrated;True;True;1e-05;6000;1;2;20;50;200;-5;50;0.75;2;500;50;10;10;16;1063;1063;1;1;5;line_consecutive;0.5;1063;12;3;16-17;2,13;g_000;9;TIME_LIMIT;241473.99133549217;6004.003207921982;0.3919922277424384;128704.62531367416;120819.11026234788;7885.515051326273;56765.942487052365;2489.6235347657084;30601.8;122762.44211111013;118711.5492243822;6478.0;16434.0;22912.0;freqdep (waiting_freq=True)
lintim;SiouxFalls;SiouxFalls;separated;True;True;1e-05;6000;1;2;20;50;200;-5;50;0.75;2;500;50;10;10;16;1063;1063;1;1;5;line_consecutive;0.5;1063;12;3;16-17;2,13;g_000;2;OPTIMAL;167754.2343030969;6527.063027143478;0.2894606297290812;116916.34995394206;114467.72495394206;2448.624999999995;9011.149999999998;3284.934349154851;28521.800000000003;73388.11154119212;94366.12276190476;3529.9999999999995;6490.0;10020.0;freqdep (waiting_freq=True)
lintim;SiouxFalls;SiouxFalls;eev;True;True;1e-05;6000;1;2;20;50;200;-5;50;0.75;2;500;50;10;10;16;1063;1063;1;1;5;line_consecutive;0.5;1063;12;3;16-17;2,13;g_000;2;OPTIMAL;157621.43205914454;6340.892824888229;0.0882156096558014;118137.79994875006;115874.45998366048;2263.339965089573;0.0;3141.4321103944662;29932.200000000004;74675.57270680166;82945.85935234287;879.9999999999999;5530.0;6410.0;freqdep (waiting_freq=True)
lintim;SiouxFalls;SiouxFalls;ws;True;True;1e-05;6000;1;2;20;50;200;-5;50;0.75;2;150;50;10;10;16;1027;1027;1;1;5;line_consecutive;0.5;1027;5;2;5-6;9;g_000;9;TIME_LIMIT;98993.5521004084;12001.820255041122;0.079551980717447;72607.74499930695;71061.4950001116;1546.2499991953405;0.0;2370.2071011014013;22495.6;48691.57857632109;50301.97352408728;0.0;1520.0;1520.0;freqdep (waiting_freq=True)
lintim;SiouxFalls;SiouxFalls;integrated;True;True;1e-05;6000;1;2;20;50;200;-5;50;0.75;2;150;50;10;10;16;1027;1027;1;1;5;line_consecutive;0.5;1027;5;2;5-6;9;g_000;9;TIME_LIMIT;104332.37238336269;6001.040517807007;0.088086619969396;72151.66997220903;71773.16497220904;378.50500000000034;0.0;1846.3024111536065;25714.4;49312.131547616;55020.24083574668;3340.0;1280.0;4620.0;freqdep (waiting_freq=True)
lintim;SiouxFalls;SiouxFalls;separated;True;True;1e-05;6000;1;2;20;50;200;-5;50;0.75;2;150;50;10;10;16;1027;1027;1;1;5;line_consecutive;0.5;1027;5;2;5-6;9;g_000;2;OPTIMAL;97219.18517761349;607.3846089839935;0.0;72141.31495218906;70318.13496409098;1823.179988098076;1002.2999983792804;2360.770227045111;21264.8;47881.60507898238;49337.58009863109;450.0;0.0;450.0;freqdep (waiting_freq=True)
lintim;SiouxFalls;SiouxFalls;eev;True;True;1e-05;6000;1;2;20;50;200;-5;50;0.75;2;150;50;10;10;16;1027;1027;1;1;5;line_consecutive;0.5;1027;5;2;5-6;9;g_000;2;OPTIMAL;97219.18520457936;427.8282217979431;0.0;72141.31497767259;70318.13498541122;1823.179992261374;1002.2999983792804;2360.770228527445;21264.8;47881.605105948256;49337.58009863109;450.0;0.0;450.0;freqdep (waiting_freq=True)
lintim;SiouxFalls;SiouxFalls;ws;True;True;1e-05;6000;1;2;20;50;200;-5;50;0.75;2;200;50;10;10;16;1030;1030;1;1;5;line_consecutive;0.5;1030;6;0;9-10;7,9;g_000;9;TIME_LIMIT;123730.96346184544;12002.507301092148;0.1830901798959179;86808.35500132544;83759.81500132545;3048.5400000000022;430.0;2533.508460520011;24412.6;56658.96992983895;67071.99353200651;4426.5;5120.0;9546.5;freqdep (waiting_freq=True)
lintim;SiouxFalls;SiouxFalls;integrated;True;True;1e-05;6000;1;2;20;50;200;-5;50;0.75;2;200;50;10;10;16;1030;1030;1;1;5;line_consecutive;0.5;1030;6;0;9-10;7,9;g_000;9;TIME_LIMIT;128916.8109388092;6001.561635017395;0.1453724094713321;87361.60499975731;84730.07499975731;2631.5300000000007;0.0;2661.3059390519534;26677.4;57037.58716371365;71879.22377509566;6776.5;5440.0;12216.5;freqdep (waiting_freq=True)
lintim;SiouxFalls;SiouxFalls;separated;True;True;1e-05;6000;1;2;20;50;200;-5;50;0.75;2;200;50;10;10;16;1030;1030;1;1;5;line_consecutive;0.5;1030;6;0;9-10;7,9;g_000;2;OPTIMAL;119529.3858544058;6645.8356964588165;0.1016091584370937;85642.32501613414;83234.54000022824;2407.7850159059167;5364.09959680519;2536.1612414664605;23776.8;55592.4933097911;63936.89254461468;2210.0;0.0;2210.0;freqdep (waiting_freq=True)
lintim;SiouxFalls;SiouxFalls;eev;True;True;1e-05;6000;1;2;20;50;200;-5;50;0.75;2;200;50;10;10;16;1030;1030;1;1;5;line_consecutive;0.5;1030;6;0;9-10;7,9;g_000;2;OPTIMAL;119529.38587357991;6467.868841171265;0.1016091584370937;85642.32503376537;83234.54001615447;2407.785017610916;5364.09959680519;2536.1612430093605;23776.8;55592.493328965225;63936.89254461468;2210.0;0.0;2210.0;freqdep (waiting_freq=True)
lintim;SiouxFalls;SiouxFalls;ws;True;True;1e-05;6000;1;2;20;50;200;-5;50;0.75;2;350;50;10;10;16;1049;1049;1;1;5;line_consecutive;0.5;1049;9;4;20-21;6;g_000;9;TIME_LIMIT;139519.37353910998;12001.97462105751;0.0410034946879255;106077.4249648766;103177.68998114998;2899.7349837266383;0.0;2833.148574233381;28418.800000000003;68134.61962710318;71384.75391200678;270.0;1920.0;2190.0;freqdep (waiting_freq=True)
lintim;SiouxFalls;SiouxFalls;integrated;True;True;1e-05;6000;1;2;20;50;200;-5;50;0.75;2;350;50;10;10;16;1049;1049;1;1;5;line_consecutive;0.5;1049;9;4;20-21;6;g_000;9;TIME_LIMIT;148082.97089841717;6003.023782014847;0.0987387034170676;106922.1249774006;104607.63497757884;2314.4899998217425;0.0;2455.645921016608;30439.200000000004;69233.78406044078;78849.18683797642;4570.0;3696.0;8266.0;freqdep (waiting_freq=True)
lintim;SiouxFalls;SiouxFalls;separated;True;True;1e-05;6000;1;2;20;50;200;-5;50;0.75;2;350;50;10;10;16;1049;1049;1;1;5;line_consecutive;0.5;1049;9;4;20-21;6;g_000;2;OPTIMAL;139341.60716641188;2011.5830698013303;0.0;104440.55995282084;102607.4499697609;1833.109983059947;755.9999999999875;2862.2472135910084;27316.80000000001;67228.77304459752;72112.83412181435;270.0;3696.0;3966.0;freqdep (waiting_freq=True)
lintim;SiouxFalls;SiouxFalls;eev;True;True;1e-05;6000;1;2;20;50;200;-5;50;0.75;2;350;50;10;10;16;1049;1049;1;1;5;line_consecutive;0.5;1049;9;4;20-21;6;g_000;2;OPTIMAL;139341.60704435105;1875.539973974228;0.0;104440.55984945533;102607.44986972178;1833.1099797335503;755.9999999999875;2862.247194895691;27316.80000000001;67228.7729225367;72112.83412181435;270.0;3696.0;3966.0;freqdep (waiting_freq=True)
lintim;SiouxFalls;SiouxFalls;ws;True;True;1e-05;6000;1;2;20;50;200;-5;50;0.75;2;300;50;10;10;16;1042;1042;1;1;5;line_consecutive;0.5;1042;8;2;14-23;4,10;g_000;9;TIME_LIMIT;142093.18487808446;12002.617827177048;0.1501261684032256;101820.14495432164;99930.62496734771;1889.5199869739388;0.0;2684.2399237627724;27628.800000000003;65266.098688935366;76827.0861891491;3320.0;6640.0;9960.0;freqdep (waiting_freq=True)
lintim;SiouxFalls;SiouxFalls;integrated;True;True;1e-05;6000;1;2;20;50;200;-5;50;0.75;2;300;50;10;10;16;1042;1042;1;1;5;line_consecutive;0.5;1042;8;2;14-23;4,10;g_000;9;TIME_LIMIT;249500.9901052733;6001.198194980621;0.4772630266606026;101183.80021823665;98203.72525607416;2980.074962162471;94579.39422312895;1893.7956639075971;32056.0;155774.9229206951;93726.06718457822;7788.0;12000.0;19788.0;freqdep (waiting_freq=True)
lintim;SiouxFalls;SiouxFalls;separated;True;True;1e-05;6000;1;2;20;50;200;-5;50;0.75;2;300;50;10;10;16;1042;1042;1;1;5;line_consecutive;0.5;1042;8;2;14-23;4,10;g_000;2;OPTIMAL;152245.1684062148;6309.099331140518;0.3804347949515966;102043.62991420104;98656.6549809055;3386.974933295546;12417.299564398923;2559.438927614862;25664.800000000003;64227.30389845934;88017.86450775545;2600.0;6960.0;9560.0;freqdep (waiting_freq=True)
lintim;SiouxFalls;SiouxFalls;eev;True;True;1e-05;6000;1;2;20;50;200;-5;50;0.75;2;300;50;10;10;16;1042;1042;1;1;5;line_consecutive;0.5;1042;8;2;14-23;4,10;g_000;2;OPTIMAL;136633.21881540396;6393.8294069767;0.0988309636859246;103419.6900826662;99410.34504046036;4009.345042205848;25.499825495593733;3039.228907242194;25468.8;64651.488653017404;71981.73016238655;1080.0;3600.0;4680.0;freqdep (waiting_freq=True)
lintim;SiouxFalls;SiouxFalls;ws;True;True;1e-05;6000;1;2;20;50;200;-5;50;0.75;2;500;50;10;10;16;1060;1060;1;1;5;line_consecutive;0.5;1060;12;0;1-2;12;g_000;9;TIME_LIMIT;147966.5390679473;12004.066759109495;0.0293290543433354;116953.54998352542;113425.16998484812;3528.379998677316;0.0;2992.1890844217783;28020.8;73983.26954083996;73983.2695271073;0.0;0.0;0.0;freqdep (waiting_freq=True)
lintim;SiouxFalls;SiouxFalls;integrated;True;True;1e-05;6000;1;2;20;50;200;-5;50;0.75;2;500;50;10;10;16;1060;1060;1;1;5;line_consecutive;0.5;1060;12;0;1-2;12;g_000;9;TIME_LIMIT;157752.11059880847;6001.306608915329;0.0863293633405059;121684.80455618008;117728.00474146832;3956.7998147117614;980.9996579157224;2245.1063847126343;31275.2;78580.80161997568;79171.30897883276;1566.0;0.0;1566.0;freqdep (waiting_freq=True)
lintim;SiouxFalls;SiouxFalls;separated;True;True;1e-05;6000;1;2;20;50;200;-5;50;0.75;2;500;50;10;10;16;1060;1060;1;1;5;line_consecutive;0.5;1060;12;0;1-2;12;g_000;2;OPTIMAL;147647.22874357307;1228.5550878047943;1.2517311079146652e-06;115136.83495394205;113434.89995394203;1701.934999999996;0.0;3139.593789631041;28640.800000000003;73388.11154119212;74259.11720238093;730.0000000000001;0.0;730.0000000000001;freqdep (waiting_freq=True)
lintim;SiouxFalls;SiouxFalls;eev;True;True;1e-05;6000;1;2;20;50;200;-5;50;0.75;2;500;50;10;10;16;1060;1060;1;1;5;line_consecutive;0.5;1060;12;0;1-2;12;g_000;2;OPTIMAL;147647.22876821822;1236.981271982193;1.2517311079146652e-06;115136.83497503956;113434.89997503956;1701.9349999999818;0.0;3139.5937931787057;28640.800000000003;73388.11156583729;74259.11720238093;730.0000000000001;0.0;730.0000000000001;freqdep (waiting_freq=True)
lintim;SiouxFalls;SiouxFalls;ws;True;True;1e-05;6000;1;2;20;50;200;-5;50;0.75;2;50;50;10;10;16;1014;1014;1;1;5;line_consecutive;0.5;1014;2;4;21-22;13;g_000;2;OPTIMAL;40763.17563931235;4154.492218017578;7.503380398743091e-11;28188.79998351316;27394.96003673591;793.8399467772463;0.0;1283.9756557991864;11290.399999999998;20381.58781380476;20381.587825507573;0.0;0.0;0.0;freqdep (waiting_freq=True)
lintim;SiouxFalls;SiouxFalls;integrated;True;True;1e-05;6000;1;2;20;50;200;-5;50;0.75;2;50;50;10;10;16;1014;1014;1;1;5;line_consecutive;0.5;1014;2;4;21-22;13;g_000;9;TIME_LIMIT;44849.30054210518;6000.907538890839;0.105513911542287;29283.88989991731;28430.09996005365;853.7899398636612;314.39980601023115;1309.0108361776352;12972.0;21699.04907172233;23150.251470382835;970.0;0.0;970.0;freqdep (waiting_freq=True)
lintim;SiouxFalls;SiouxFalls;separated;True;True;1e-05;6000;1;2;20;50;200;-5;50;0.75;2;50;50;10;10;16;1014;1014;1;1;5;line_consecutive;0.5;1014;2;4;21-22;13;g_000;2;OPTIMAL;40763.17564417017;82.39974117279053;5.846810322013177e-06;28188.799982240467;27394.95998568508;793.8399965553879;0.0;1283.9756619297104;11290.399999999998;20381.58781419136;20381.587829978813;0.0;0.0;0.0;freqdep (waiting_freq=True)
lintim;SiouxFalls;SiouxFalls;eev;True;True;1e-05;6000;1;2;20;50;200;-5;50;0.75;2;50;50;10;10;16;1014;1014;1;1;5;line_consecutive;0.5;1014;2;4;21-22;13;g_000;2;OPTIMAL;40763.17563774322;90.49343204498292;5.846810322013177e-06;28188.799977958624;27394.95999945423;793.8399785043962;0.0;1283.9756597845994;11290.399999999998;20381.58780776441;20381.587829978813;0.0;0.0;0.0;freqdep (waiting_freq=True)
lintim;SiouxFalls;SiouxFalls;ws;True;True;1e-05;6000;1;2;20;50;200;-5;50;0.75;2;25;50;10;10;16;1008;1008;1;1;5;line_consecutive;0.5;1008;1;3;22-23;5;g_000;2;OPTIMAL;25020.92832577853;379.5837821960449;0.0;15549.379994766909;14976.400002765473;572.9799920014362;0.0;858.3483310116194;8613.2;12510.464160422463;12510.464165356065;0.0;0.0;0.0;freqdep (waiting_freq=True)
lintim;SiouxFalls;SiouxFalls;integrated;True;True;1e-05;6000;1;2;20;50;200;-5;50;0.75;2;25;50;10;10;16;1008;1008;1;1;5;line_consecutive;0.5;1008;1;3;22-23;5;g_000;2;OPTIMAL;25391.71664675662;947.6468992233276;0.0;15458.099985543491;14896.619982804714;561.480002738779;0.0;899.2166612131344;9034.4;12695.858313247272;12695.858333509352;0.0;0.0;0.0;freqdep (waiting_freq=True)
lintim;SiouxFalls;SiouxFalls;separated;True;True;1e-05;6000;1;2;20;50;200;-5;50;0.75;2;25;50;10;10;16;1008;1008;1;1;5;line_consecutive;0.5;1008;1;3;22-23;5;g_000;2;OPTIMAL;25922.034160553885;14.305386066436768;8.632896820511306e-11;15595.01999856003;15016.28999897455;578.7299995854814;0.0;837.9141688552825;8402.599993138574;12325.06999410096;13596.964166452926;1086.5;0.0;1086.5;freqdep (waiting_freq=True)
lintim;SiouxFalls;SiouxFalls;eev;True;True;1e-05;6000;1;2;20;50;200;-5;50;0.75;2;25;50;10;10;16;1008;1008;1;1;5;line_consecutive;0.5;1008;1;3;22-23;5;g_000;2;OPTIMAL;25922.034166871585;13.839064121246338;2.778130796286412e-12;15595.02000023911;15016.290000241745;578.7299999973658;0.0;837.9141666324751;8402.6;12325.07000041866;13596.964166452926;1086.5;0.0;1086.5;freqdep (waiting_freq=True)
lintim;SiouxFalls;SiouxFalls;ws;True;True;1e-05;6000;1;2;20;50;200;-5;50;0.75;2;150;50;10;10;16;1028;1028;1;1;5;line_consecutive;0.5;1028;5;3;17-19;2,13,14;g_000;9;TIME_LIMIT;156853.610946678;12002.347572803495;0.4732695286076119;77774.7949890682;75839.3050131725;1935.4899758957024;29429.94733395261;1792.2686236571446;26774.6;75083.66611214311;81769.94483453494;1152.0;19930.0;21082.0;freqdep (waiting_freq=True)
lintim;SiouxFalls;SiouxFalls;integrated;True;True;1e-05;6000;1;2;20;50;200;-5;50;0.75;2;150;50;10;10;16;1028;1028;1;1;5;line_consecutive;0.5;1028;5;3;17-19;2,13,14;g_000;9;TIME_LIMIT;212119.18026077905;6001.943759918213;0.5122182578797252;75509.73515390328;72684.28005831575;2825.455095587522;89529.34597330123;1255.0991335745396;23005.000000000007;97680.41051735576;114438.76974342334;2890.0;19930.0;22820.0;freqdep (waiting_freq=True)
lintim;SiouxFalls;SiouxFalls;separated;True;True;1e-05;6000;1;2;20;50;200;-5;50;0.75;2;150;50;10;10;16;1028;1028;1;1;5;line_consecutive;0.5;1028;5;3;17-19;2,13,14;g_000;2;OPTIMAL;116925.52561967114;6411.428948879242;0.1871347703665675;77096.28449265994;73476.5546516094;3619.7298410505136;1986.1998974811077;2312.3412295301205;21346.7;47881.60507898238;69043.92054068876;1913.0;12271.0;14184.0;freqdep (waiting_freq=True)
lintim;SiouxFalls;SiouxFalls;eev;True;True;1e-05;6000;1;2;20;50;200;-5;50;0.75;2;150;50;10;10;16;1028;1028;1;1;5;line_consecutive;0.5;1028;5;3;17-19;2,13,14;g_000;2;OPTIMAL;129990.08722362232;6184.593292951584;0.3619532313581386;74522.74983232352;71652.02491261506;2870.7249197084748;28340.40207813505;2126.63531316371;21407.3;49246.22794429836;80743.85927932395;1840.0;1753.0;3593.0;freqdep (waiting_freq=True)
lintim;SiouxFalls;SiouxFalls;ws;True;True;1e-05;6000;1;2;20;50;200;-5;50;0.75;2;250;50;10;10;16;1036;1036;1;1;5;line_consecutive;0.5;1036;7;1;20-22;11;g_000;9;TIME_LIMIT;122042.97217487326;12001.693615913391;0.0213091341432247;92717.31998650986;91314.69999408198;1402.6199924278817;0.0;2502.45218836335;26823.200000000008;61021.48607693585;61021.48609793736;0.0;0.0;0.0;freqdep (waiting_freq=True)
lintim;SiouxFalls;SiouxFalls;integrated;True;True;1e-05;6000;1;2;20;50;200;-5;50;0.75;2;250;50;10;10;16;1036;1036;1;1;5;line_consecutive;0.5;1036;7;1;20-22;11;g_000;9;TIME_LIMIT;125393.62023221071;6001.827409029007;0.045566867052977;93627.3499127733;92453.16990615314;1174.1800066201613;149.5998211520964;2033.4704982852784;29583.2;62592.49175283781;62801.12847937296;0.0;0.0;0.0;freqdep (waiting_freq=True)
lintim;SiouxFalls;SiouxFalls;separated;True;True;1e-05;6000;1;2;20;50;200;-5;50;0.75;2;250;50;10;10;16;1036;1036;1;1;5;line_consecutive;0.5;1036;7;1;20-22;11;g_000;2;OPTIMAL;121161.50161325396;494.9903419017792;0.0;93194.03995716138;91655.29995784478;1538.7399993166166;0.0;2698.661656092561;25268.800000000003;60580.75079311062;60580.75082014332;0.0;0.0;0.0;freqdep (waiting_freq=True)
lintim;SiouxFalls;SiouxFalls;eev;True;True;1e-05;6000;1;2;20;50;200;-5;50;0.75;2;250;50;10;10;16;1036;1036;1;1;5;line_consecutive;0.5;1036;7;1;20-22;11;g_000;2;OPTIMAL;121161.50164232968;466.2957108020783;0.0;93194.03998462584;91655.29997556588;1538.7400090599967;0.0;2698.661657703825;25268.800000000003;60580.75082218635;60580.75082014332;0.0;0.0;0.0;freqdep (waiting_freq=True)
lintim;SiouxFalls;SiouxFalls;ws;True;True;1e-05;6000;1;2;20;50;200;-5;50;0.75;2;500;50;10;10;16;1061;1061;1;1;5;line_consecutive;0.5;1061;12;1;14-15;14;g_000;9;TIME_LIMIT;148001.44551450896;12008.892528057098;0.0183807856506317;116902.339999568;113944.82999991906;2957.5099996489275;0.0;3008.70551494089;28090.4;74000.7227557971;74000.72275871183;0.0;0.0;0.0;freqdep (waiting_freq=True)
lintim;SiouxFalls;SiouxFalls;integrated;True;True;1e-05;6000;1;2;20;50;200;-5;50;0.75;2;500;50;10;10;16;1061;1061;1;1;5;line_consecutive;0.5;1061;12;1;14-15;14;g_000;9;TIME_LIMIT;149356.4349753534;6005.992572069168;0.0242411311952823;116981.43000473948;114116.18500939666;2865.244995342822;0.0;3002.704970613824;28995.800000000003;74234.45848093956;75121.97649441386;376.5;0.0;376.5;freqdep (waiting_freq=True)
lintim;SiouxFalls;SiouxFalls;separated;True;True;1e-05;6000;1;2;20;50;200;-5;50;0.75;2;500;50;10;10;16;1061;1061;1;1;5;line_consecutive;0.5;1061;12;1;14-15;14;g_000;2;OPTIMAL;147925.01536569552;584.2874557971954;0.0;115350.12993788913;113654.6249389812;1695.5049989079223;0.0;3190.2854278064046;28631.60000000001;73388.11154119212;74536.90382450342;752.9999999999999;0.0;752.9999999999999;freqdep (waiting_freq=True)
lintim;SiouxFalls;SiouxFalls;eev;True;True;1e-05;6000;1;2;20;50;200;-5;50;0.75;2;500;50;10;10;16;1061;1061;1;1;5;line_consecutive;0.5;1061;12;1;14-15;14;g_000;2;OPTIMAL;147925.01540413313;882.021398305893;0.0;115350.1299765745;113654.6249776666;1695.5049989079246;0.0;3190.2854275585964;28631.60000000001;73388.11157962971;74536.90382450342;752.9999999999999;0.0;752.9999999999999;freqdep (waiting_freq=True)
lintim;SiouxFalls;SiouxFalls;ws;True;True;1e-05;6000;1;2;20;50;200;-5;50;0.75;2;250;50;10;10;16;1039;1039;1;1;5;line_consecutive;0.5;1039;7;4;17-19;2,13,14;g_000;9;TIME_LIMIT;275450.5450644554;12000.87290596962;0.6734752930338613;88629.62998373032;85033.97999130245;3595.649992427881;138056.04499999995;2075.170080724982;23658.700000000004;110396.3542315502;165054.19083290506;9080.0;13951.0;23031.0;freqdep (waiting_freq=True)
lintim;SiouxFalls;SiouxFalls;integrated;True;True;1e-05;6000;1;2;20;50;200;-5;50;0.75;2;250;50;10;10;16;1039;1039;1;1;5;line_consecutive;0.5;1039;7;4;17-19;2,13,14;g_000;9;TIME_LIMIT;370874.8680844316;6002.882343053818;0.647150626300482;101171.86021396852;93131.63017453192;8040.230039436584;218753.11284572768;1756.4950247352951;26047.4;228271.3887821627;142603.47930226923;5616.0;17530.0;23146.0;freqdep (waiting_freq=True)
lintim;SiouxFalls;SiouxFalls;separated;True;True;1e-05;6000;1;2;20;50;200;-5;50;0.75;2;250;50;10;10;16;1039;1039;1;1;5;line_consecutive;0.5;1039;7;4;17-19;2,13,14;g_000;2;OPTIMAL;168079.65558990027;6403.649098873138;0.4620029304239765;94441.17995417962;90612.85495754312;3828.324996636524;41159.71481316795;2773.860822552655;23798.9;60580.75079311062;107498.90479678963;3913.0;1993.0;5906.0;freqdep (waiting_freq=True)
lintim;SiouxFalls;SiouxFalls;eev;True;True;1e-05;6000;1;2;20;50;200;-5;50;0.75;2;250;50;10;10;16;1039;1039;1;1;5;line_consecutive;0.5;1039;7;4;17-19;2,13,14;g_000;2;OPTIMAL;150228.71490652912;6173.523877859116;0.1965854745755042;98281.35494117413;95042.95991279311;3238.395028380997;12223.937324507471;2330.6226408475213;26370.8;62889.6650963414;87339.04981018772;2090.0;8932.0;11022.0;freqdep (waiting_freq=True)
lintim;SiouxFalls;SiouxFalls;ws;True;True;1e-05;6000;1;2;20;50;200;-5;50;0.75;2;350;50;10;10;16;1046;1046;1;1;5;line_consecutive;0.5;1046;9;1;2-6;2;g_000;9;TIME_LIMIT;162055.09405925102;12003.707059144974;0.2052615177210952;109924.9349754177;105703.19998300944;4221.734992408281;15694.49992450003;2886.9591593332843;27269.7;68906.7246756811;93148.36938356992;2446.0;3833.0;6279.0;freqdep (waiting_freq=True)
lintim;SiouxFalls;SiouxFalls;integrated;True;True;1e-05;6000;1;2;20;50;200;-5;50;0.75;2;350;50;10;10;16;1046;1046;1;1;5;line_consecutive;0.5;1046;9;1;2-6;2;g_000;9;TIME_LIMIT;169566.54284591827;6001.057294130325;0.1706088478710867;110603.56498120422;106813.9849841795;3789.579997024736;7656.349901604559;2634.727963109482;31033.400000000005;69358.56221423917;100207.9806316791;13958.5;3680.0;17638.5;freqdep (waiting_freq=True)
lintim;SiouxFalls;SiouxFalls;separated;True;True;1e-05;6000;1;2;20;50;200;-5;50;0.75;2;350;50;10;10;16;1046;1046;1;1;5;line_consecutive;0.5;1046;9;1;2-6;2;g_000;2;OPTIMAL;156150.27508117282;6379.189403057098;0.2412237820764081;109953.04995229308;105889.56496908072;4063.484983212345;3915.299999657339;3067.5251292224075;27202.40000000001;67228.77304459752;88921.50203657532;4380.0;7632.0;12012.0;freqdep (waiting_freq=True)
lintim;SiouxFalls;SiouxFalls;eev;True;True;1e-05;6000;1;2;20;50;200;-5;50;0.75;2;350;50;10;10;16;1046;1046;1;1;5;line_consecutive;0.5;1046;9;1;2-6;2;g_000;2;OPTIMAL;153606.16231946155;6308.610177993774;0.2041817529350764;107860.8199924889;103757.39499238842;4103.425000100475;8489.749999295413;2720.3923276772084;26735.20000000001;67427.41715697064;86178.74516249092;2360.0;5440.000000000001;7800.000000000001;freqdep (waiting_freq=True)
lintim;SiouxFalls;SiouxFalls;ws;True;True;1e-05;6000;1;2;20;50;200;-5;50;0.75;2;250;50;10;10;16;1038;1038;1;1;5;line_consecutive;0.5;1038;7;3;15-19;9,13,14;g_000;9;TIME_LIMIT;125592.30722558082;12001.48671722412;0.0592340913339148;95856.7800333236;93188.0750183528;2668.705014970808;-0.0003158947548342;2477.12750815188;26808.40000000001;62079.655432077954;63512.65179350274;450.0;0.0;450.0;freqdep (waiting_freq=True)
lintim;SiouxFalls;SiouxFalls;integrated;True;True;1e-05;6000;1;2;20;50;200;-5;50;0.75;2;250;50;10;10;16;1038;1038;1;1;5;line_consecutive;0.5;1038;7;3;15-19;9,13,14;g_000;9;TIME_LIMIT;131987.8735042486;6001.686558961868;0.0756076141675468;96898.3150032941;94607.29000389764;2291.0249993964576;0.0;2472.958500954472;27750.60000000001;63315.8834081238;68671.99009612485;3200.0;1666.0;4866.0;freqdep (waiting_freq=True)
lintim;SiouxFalls;SiouxFalls;separated;True;True;1e-05;6000;1;2;20;50;200;-5;50;0.75;2;250;50;10;10;16;1038;1038;1;1;5;line_consecutive;0.5;1038;7;3;15-19;9,13,14;g_000;2;OPTIMAL;127788.38398750304;4291.590388059616;0.0;95570.37496803029;92455.04996842385;3115.324999606461;319.19999999999936;2752.309019472756;24484.500000000004;60580.75079311062;67207.63319439243;2973.0;1689.0;4662.0;freqdep (waiting_freq=True)
lintim;SiouxFalls;SiouxFalls;eev;True;True;1e-05;6000;1;2;20;50;200;-5;50;0.75;2;250;50;10;10;16;1038;1038;1;1;5;line_consecutive;0.5;1038;7;3;15-19;9,13,14;g_000;2;OPTIMAL;126413.05362867824;2696.2518310546875;5.974186542249266e-11;94738.90000842686;92478.13501031094;2260.7649981159198;319.2000000000002;2740.453620251374;25292.500000000004;60683.65952406583;65729.3941046124;1633.0;1689.0;3322.0;freqdep (waiting_freq=True)
lintim;SiouxFalls;SiouxFalls;ws;True;True;1e-05;6000;1;2;20;50;200;-5;50;0.75;2;50;50;10;10;16;1013;1013;1;1;5;line_consecutive;0.5;1013;2;3;7-8;3,7,11;g_000;9;TIME_LIMIT;45507.03074453029;7309.081821203232;0.2041659558357271;28345.76991817363;27653.9299686536;691.8399495200345;1221.0;1077.0608263566542;12473.199999999995;21223.884038266275;24283.14670626401;2390.0;0.0;2390.0;freqdep (waiting_freq=True)
lintim;SiouxFalls;SiouxFalls;integrated;True;True;1e-05;6000;1;2;20;50;200;-5;50;0.75;2;50;50;10;10;16;1013;1013;1;1;5;line_consecutive;0.5;1013;2;3;7-8;3,7,11;g_000;9;TIME_LIMIT;45212.703216150345;6003.015663862228;0.1125723799828454;28577.519958740093;28047.339926784647;530.1800319554474;2441.999931982717;1121.1833254275302;13071.999999999998;22606.351566702764;22606.351649447577;0.0;0.0;0.0;freqdep (waiting_freq=True)
lintim;SiouxFalls;SiouxFalls;separated;True;True;1e-05;6000;1;2;20;50;200;-5;50;0.75;2;50;50;10;10;16;1013;1013;1;1;5;line_consecutive;0.5;1013;2;3;7-8;3,7,11;g_000;2;OPTIMAL;40763.17562984669;174.29980516433716;5.846810322013177e-06;28188.79997096553;27394.959992116947;793.8399788485856;0.0;1283.975658881166;11290.399999999998;20381.58781419136;20381.587815655334;0.0;0.0;0.0;freqdep (waiting_freq=True)
lintim;SiouxFalls;SiouxFalls;eev;True;True;1e-05;6000;1;2;20;50;200;-5;50;0.75;2;50;50;10;10;16;1013;1013;1;1;5;line_consecutive;0.5;1013;2;3;7-8;3,7,11;g_000;2;OPTIMAL;40763.17561175821;173.36951518058777;5.846810322013177e-06;28188.799957344563;27394.960044480275;793.8399128642907;0.0;1283.9756544136535;11290.399999999998;20381.58779610288;20381.587815655334;0.0;0.0;0.0;freqdep (waiting_freq=True)
lintim;SiouxFalls;SiouxFalls;ws;True;True;1e-05;6000;1;2;20;50;200;-5;50;0.75;2;200;50;10;10;16;1031;1031;1;1;5;line_consecutive;0.5;1031;6;1;4-5;3;g_000;9;TIME_LIMIT;113304.70352451126;12005.156529664991;0.0468549931955029;85760.29991251192;83739.32996004145;2020.969952470483;-9.172059890261155e-05;2347.6037037199417;25196.8;56632.32028711512;56672.38323739613;0.0;0.0;0.0;freqdep (waiting_freq=True)
lintim;SiouxFalls;SiouxFalls;integrated;True;True;1e-05;6000;1;2;20;50;200;-5;50;0.75;2;200;50;10;10;16;1031;1031;1;1;5;line_consecutive;0.5;1031;6;1;4-5;3;g_000;9;TIME_LIMIT;120977.21593193788;6001.312834978104;0.0922978291098253;88301.43991664438;85203.45492387528;3097.9849927691075;0.0;2241.476015293513;25527.8;57728.98287387661;63248.23305806126;4906.5;0.0;4906.5;freqdep (waiting_freq=True)
lintim;SiouxFalls;SiouxFalls;separated;True;True;1e-05;6000;1;2;20;50;200;-5;50;0.75;2;200;50;10;10;16;1031;1031;1;1;5;line_consecutive;0.5;1031;6;1;4-5;3;g_000;2;OPTIMAL;114107.42913371995;2281.3358159065247;6.70054244410436e-06;84846.15497292414;83106.04497583938;1740.1099970847645;0.0;2528.4741607958517;24412.8;55592.4933097911;58514.93582392887;2320.0;0.0;2320.0;freqdep (waiting_freq=True)
lintim;SiouxFalls;SiouxFalls;eev;True;True;1e-05;6000;1;2;20;50;200;-5;50;0.75;2;200;50;10;10;16;1031;1031;1;1;5;line_consecutive;0.5;1031;6;1;4-5;3;g_000;2;OPTIMAL;114107.42915849225;2106.4126448631287;6.70054244410436e-06;84846.1549916774;83106.04499288765;1740.1099987897542;0.0;2528.4741668148595;24412.8;55592.49333456336;58514.93582392887;2320.0;0.0;2320.0;freqdep (waiting_freq=True)
lintim;SiouxFalls;SiouxFalls;ws;True;True;1e-05;6000;1;2;20;50;200;-5;50;0.75;2;150;50;10;10;16;1029;1029;1;1;5;line_consecutive;0.5;1029;5;4;20-22;11;g_000;9;TIME_LIMIT;97017.94126218934;12001.883970022202;0.0345718911086851;72480.43000791984;70986.489997636;1493.9400102838458;0.0;2271.111267849743;22266.39998641967;48508.970634444864;48508.97062774444;0.0;0.0;0.0;freqdep (waiting_freq=True)
lintim;SiouxFalls;SiouxFalls;integrated;True;True;1e-05;6000;1;2;20;50;200;-5;50;0.75;2;150;50;10;10;16;1029;1029;1;1;5;line_consecutive;0.5;1029;5;4;20-22;11;g_000;9;TIME_LIMIT;100931.280545905;6000.893563985825;0.0635798535879195;71737.03998055786;70655.35498840522;1081.684992152635;1738.1499999999735;2105.6905653471454;24530.4;49144.06833212175;51787.21221378325;820.0;0.0;820.0;freqdep (waiting_freq=True)
lintim;SiouxFalls;SiouxFalls;separated;True;True;1e-05;6000;1;2;20;50;200;-5;50;0.75;2;150;50;10;10;16;1029;1029;1;1;5;line_consecutive;0.5;1029;5;4;20-22;11;g_000;2;OPTIMAL;95763.21019803;472.3294107913971;0.0;71941.07996669936;70380.43997281717;1560.6399938821753;0.0;2377.3302313306435;21444.8;47881.60507898238;47881.605119047614;0.0;0.0;0.0;freqdep (waiting_freq=True)
lintim;SiouxFalls;SiouxFalls;eev;True;True;1e-05;6000;1;2;20;50;200;-5;50;0.75;2;150;50;10;10;16;1029;1029;1;1;5;line_consecutive;0.5;1029;5;4;20-22;11;g_000;2;OPTIMAL;95763.21020850404;373.1477160453797;0.0;71941.07997752707;70380.43997752707;1560.6399999999978;0.0;2377.3302309769742;21444.8;47881.60508945644;47881.605119047614;0.0;0.0;0.0;freqdep (waiting_freq=True)
lintim;SiouxFalls;SiouxFalls;ws;True;True;1e-05;6000;1;2;20;50;200;-5;50;0.75;2;75;50;10;10;16;1018;1018;1;1;5;line_consecutive;0.5;1018;3;3;7-18;3,11;g_000;9;TIME_LIMIT;57461.6147416476;12003.234011888504;0.0654787808015827;40070.03997536337;39357.9499632176;712.090012145769;0.0;1543.9747662842292;15847.600000000002;28730.8073505826;28730.807391064995;0.0;0.0;0.0;freqdep (waiting_freq=True)
lintim;SiouxFalls;SiouxFalls;integrated;True;True;1e-05;6000;1;2;20;50;200;-5;50;0.75;2;75;50;10;10;16;1018;1018;1;1;5;line_consecutive;0.5;1018;3;3;7-18;3,11;g_000;9;TIME_LIMIT;62853.28406305596;6002.236829996109;0.1242502405723181;39857.70998065869;39486.42998594017;371.2799947185279;0.0;1199.6740823972432;18179.4;29243.60681332517;33609.67724973077;3616.5;0.0;3616.5;freqdep (waiting_freq=True)
lintim;SiouxFalls;SiouxFalls;separated;True;True;1e-05;6000;1;2;20;50;200;-5;50;0.75;2;75;50;10;10;16;1018;1018;1;1;5;line_consecutive;0.5;1018;3;3;7-18;3,11;g_000;2;OPTIMAL;56099.47797919996;302.1182267665863;6.766568977266827e-06;40265.47993040875;38900.59998402344;1364.879946385307;0.0;1685.1979919191836;14148.8;28049.738980294995;28049.73899890497;5.687204040963438e-05;0.0;5.687204040963438e-05;freqdep (waiting_freq=True)
lintim;SiouxFalls;SiouxFalls;eev;True;True;1e-05;6000;1;2;20;50;200;-5;50;0.75;2;75;50;10;10;16;1018;1018;1;1;5;line_consecutive;0.5;1018;3;3;7-18;3,11;g_000;2;OPTIMAL;56099.47798897848;303.0817606449127;6.766568977266827e-06;40265.47993839053;38900.599989259645;1364.8799491308823;0.0;1685.1979937159294;14148.8;28049.73899007352;28049.73899890497;5.687204040963438e-05;0.0;5.687204040963438e-05;freqdep (waiting_freq=True)
lintim;SiouxFalls;SiouxFalls;ws;True;True;1e-05;6000;1;2;20;50;200;-5;50;0.75;2;550;50;10;10;16;1069;1069;1;1;5;line_consecutive;0.5;1069;13;4;5-9;3,9;g_000;9;TIME_LIMIT;158672.04837539536;12005.1527030468;0.1034257637505029;119266.38500096466;116434.02000096736;2832.3649999972868;0.0;3180.4633744306943;29255.200000000004;75365.95870904936;83306.08966634607;3570.0;3400.0;6970.0;freqdep (waiting_freq=True)
lintim;SiouxFalls;SiouxFalls;integrated;True;True;1e-05;6000;1;2;20;50;200;-5;50;0.75;2;550;50;10;10;16;1069;1069;1;1;5;line_consecutive;0.5;1069;13;4;5-9;3,9;g_000;9;TIME_LIMIT;174388.48078325795;6003.654998064041;0.1452460028736244;122239.49490489448;118080.02490686534;4159.469998029121;5973.999979187929;2839.685899175485;30155.8;77113.6711348824;97274.8096483754;10219.5;2960.0;13179.5;freqdep (waiting_freq=True)
lintim;SiouxFalls;SiouxFalls;separated;True;True;1e-05;6000;1;2;20;50;200;-5;50;0.75;2;550;50;10;10;16;1069;1069;1;1;5;line_consecutive;0.5;1069;13;4;5-9;3,9;g_000;2;OPTIMAL;155395.00741302123;5967.925899982452;0.0;118452.16495491267;115925.55995569506;2526.604999217627;464.1000000000008;3321.942458108577;28356.800000000007;74625.97728959206;80769.03012342917;2240.0;2560.0;4800.0;freqdep (waiting_freq=True)
lintim;SiouxFalls;SiouxFalls;eev;True;True;1e-05;6000;1;2;20;50;200;-5;50;0.75;2;550;50;10;10;16;1069;1069;1;1;5;line_consecutive;0.5;1069;13;4;5-9;3,9;g_000;2;OPTIMAL;155055.2491043945;6269.186781167984;0.0488159168782813;118179.07000473684;115871.47500354022;2307.5950011966256;464.0999999999814;3291.2790996576537;28380.80000000001;74687.74832898357;80367.50077541092;900.0;3840.0;4740.0;freqdep (waiting_freq=True)
lintim;SiouxFalls;SiouxFalls;ws;True;True;1e-05;6000;1;2;20;50;200;-5;50;0.75;2;10;50;10;10;16;1000;1000;1;1;5;line_consecutive;0.5;1000;0;0;12-13;12;g_000;2;OPTIMAL;12180.986660428804;89.57512378692627;2.7302939893371507e-11;6536.759994744284;6086.979994744283;449.7800000000002;0.0;684.2266656845208;4960.0;6090.493327095472;6090.493333333335;0.0;0.0;0.0;freqdep (waiting_freq=True)
lintim;SiouxFalls;SiouxFalls;integrated;True;True;1e-05;6000;1;2;20;50;200;-5;50;0.75;2;10;50;10;10;16;1000;1000;1;1;5;line_consecutive;0.5;1000;0;0;12-13;12;g_000;2;OPTIMAL;12180.986662663356;48.533689975738525;0.0;6536.759995804294;6086.980000000001;449.779995804293;0.0;684.2266668590603;4960.0;6090.493329047982;6090.493333615375;0.0;0.0;0.0;freqdep (waiting_freq=True)
lintim;SiouxFalls;SiouxFalls;separated;True;True;1e-05;6000;1;2;20;50;200;-5;50;0.75;2;10;50;10;10;16;1000;1000;1;1;5;line_consecutive;0.5;1000;0;0;12-13;12;g_000;2;OPTIMAL;12180.986665567578;4.348939657211304;0.0;6536.759999922335;6086.979999953119;449.7799999692154;0.0;684.2266656452439;4960.0;6090.493332344937;6090.493333222641;0.0;0.0;0.0;freqdep (waiting_freq=True)
lintim;SiouxFalls;SiouxFalls;eev;True;True;1e-05;6000;1;2;20;50;200;-5;50;0.75;2;10;50;10;10;16;1000;1000;1;1;5;line_consecutive;0.5;1000;0;0;12-13;12;g_000;2;OPTIMAL;12180.986665989223;4.30570912361145;0.0;6536.759999909267;6086.979999950738;449.7799999585286;0.0;684.2266660799605;4960.0;6090.493332766585;6090.493333222641;0.0;0.0;0.0;freqdep (waiting_freq=True)
lintim;SiouxFalls;SiouxFalls;ws;True;True;1e-05;6000;1;2;20;50;200;-5;50;0.75;2;400;50;10;10;16;1050;1050;1;1;5;line_consecutive;0.5;1050;10;0;16-17;2,13;g_000;9;TIME_LIMIT;153657.07771291037;12003.191591978071;0.1417206639030284;111210.38499803266;109215.01999803269;1995.364999999964;0.0;2934.0927148776573;28818.60000000001;70619.4409573052;83037.63675560511;740.0;9954.0;10694.0;freqdep (waiting_freq=True)
lintim;SiouxFalls;SiouxFalls;integrated;True;True;1e-05;6000;1;2;20;50;200;-5;50;0.75;2;400;50;10;10;16;1050;1050;1;1;5;line_consecutive;0.5;1050;10;0;16-17;2,13;g_000;9;TIME_LIMIT;300430.149005935;6002.506237983704;0.5342212616388571;115831.34558787332;107416.6406862648;8414.70490160853;133813.62742284613;2721.175995215556;26974.000000000004;160175.63860891707;140254.51039701767;10030.0;11060.0;21090.0;freqdep (waiting_freq=True)
lintim;SiouxFalls;SiouxFalls;separated;True;True;1e-05;6000;1;2;20;50;200;-5;50;0.75;2;400;50;10;10;16;1050;1050;1;1;5;line_consecutive;0.5;1050;10;0;16-17;2,13;g_000;2;OPTIMAL;153266.490650117;6533.094375133514;0.2202953044701766;112695.75982804646;109473.579878573;3222.1799494734505;279.99994922807446;3263.730872842474;27375.0;69618.19830362739;83648.29234648962;1910.0;7742.0;9652.0;freqdep (waiting_freq=True)
lintim;SiouxFalls;SiouxFalls;eev;True;True;1e-05;6000;1;2;20;50;200;-5;50;0.75;2;400;50;10;10;16;1050;1050;1;1;5;line_consecutive;0.5;1050;10;0;16-17;2,13;g_000;2;OPTIMAL;152486.38053384307;6286.3446316719055;0.144165692634369;112464.25993224056;110253.40495344442;2210.854978796144;6.300000000001305;3096.920601602513;29671.900000000005;70828.42737821722;81657.95315562584;920.0;6327.0;7247.0;freqdep (waiting_freq=True)
lintim;SiouxFalls;SiouxFalls;ws;True;True;1e-05;6000;1;2;20;50;200;-5;50;0.75;2;150;50;10;10;16;1025;1025;1;1;5;line_consecutive;0.5;1025;5;0;14-15;14;g_000;9;TIME_LIMIT;96770.1002444064;12001.243247032166;0.0194583689854982;72446.21000178691;70964.80000199808;1481.4099997888436;0.0;2201.4902426194167;22122.4;48385.05012643548;48385.05011797087;0.0;0.0;0.0;freqdep (waiting_freq=True)
lintim;SiouxFalls;SiouxFalls;integrated;True;True;1e-05;6000;1;2;20;50;200;-5;50;0.75;2;150;50;10;10;16;1025;1025;1;1;5;line_consecutive;0.5;1025;5;0;14-15;14;g_000;9;TIME_LIMIT;99161.14852651904;6001.337004899979;0.0398861016852962;73076.36496598742;72348.93495446828;727.4300115191327;0.0;1730.7835605315645;23904.000000000007;49354.95993718594;49806.18858933315;450.0;0.0;450.0;freqdep (waiting_freq=True)
lintim;SiouxFalls;SiouxFalls;separated;True;True;1e-05;6000;1;2;20;50;200;-5;50;0.75;2;150;50;10;10;16;1025;1025;1;1;5;line_consecutive;0.5;1025;5;0;14-15;14;g_000;2;OPTIMAL;97239.17763509438;499.3343651294708;0.0;72911.73496582531;70878.02497273692;2033.7099930883744;0.0;2430.842669269078;21143.6;47881.60507898238;49357.57255611201;752.9999999999999;0.0;752.9999999999999;freqdep (waiting_freq=True)
lintim;SiouxFalls;SiouxFalls;eev;True;True;1e-05;6000;1;2;20;50;200;-5;50;0.75;2;150;50;10;10;16;1025;1025;1;1;5;line_consecutive;0.5;1025;5;0;14-15;14;g_000;2;OPTIMAL;97239.17767132306;842.2995600700378;0.0;72911.73499891264;70878.0249996963;2033.709999216344;0.0;2430.842672410409;21143.6;47881.605115211045;49357.57255611201;752.9999999999999;0.0;752.9999999999999;freqdep (waiting_freq=True)
lintim;SiouxFalls;SiouxFalls;ws;True;True;1e-05;6000;1;2;20;50;200;-5;50;0.75;2;75;50;10;10;16;1019;1019;1;1;5;line_consecutive;0.5;1019;3;4;18-20;11;g_000;9;TIME_LIMIT;56206.97344896365;12002.001398086548;0.0195549410109098;40471.65995546935;38955.22997971681;1516.4299757525455;0.0;1663.7134934943049;14071.6;28103.48672074613;28103.48672821752;0.0;0.0;0.0;freqdep (waiting_freq=True)
lintim;SiouxFalls;SiouxFalls;integrated;True;True;1e-05;6000;1;2;20;50;200;-5;50;0.75;2;75;50;10;10;16;1019;1019;1;1;5;line_consecutive;0.5;1019;3;4;18-20;11;g_000;9;TIME_LIMIT;58796.1916435118;6001.900887012482;0.0624511708639241;40079.9599836425;39084.85998508088;995.0999985616296;0.0;1601.8316598692963;17114.4;29398.095828923437;29398.09581458835;0.0;0.0;0.0;freqdep (waiting_freq=True)
lintim;SiouxFalls;SiouxFalls;separated;True;True;1e-05;6000;1;2;20;50;200;-5;50;0.75;2;75;50;10;10;16;1019;1019;1;1;5;line_consecutive;0.5;1019;3;4;18-20;11;g_000;2;OPTIMAL;56099.47798043832;186.8146698474884;1.0663462556941747e-11;40265.47998289384;38900.59998627438;1364.879996619468;0.0;1685.1979975444742;14148.8;28049.738980294995;28049.73900014332;0.0;0.0;0.0;freqdep (waiting_freq=True)
lintim;SiouxFalls;SiouxFalls;eev;True;True;1e-05;6000;1;2;20;50;200;-5;50;0.75;2;75;50;10;10;16;1019;1019;1;1;5;line_consecutive;0.5;1019;3;4;18-20;11;g_000;2;OPTIMAL;56099.47798937091;179.6705141067505;1.0663462556941747e-11;40265.479995983165;38900.59999524437;1364.8800007388004;0.0;1685.197993387749;14148.8;28049.738989227597;28049.73900014332;0.0;0.0;0.0;freqdep (waiting_freq=True)
lintim;SiouxFalls;SiouxFalls;ws;True;True;1e-05;6000;1;2;20;50;200;-5;50;0.75;2;10;50;10;10;16;1001;1001;1;1;5;line_consecutive;0.5;1001;0;1;20-21;6;g_000;2;OPTIMAL;13456.186659242663;104.30859804153442;5.0524373672521865e-12;6536.759995329042;6086.979995329041;449.7800000000002;0.0;684.2266639136242;5003.2;6090.493325909332;7365.693333333336;0.0;1232.0;1232.0;freqdep (waiting_freq=True)
lintim;SiouxFalls;SiouxFalls;integrated;True;True;1e-05;6000;1;2;20;50;200;-5;50;0.75;2;10;50;10;10;16;1001;1001;1;1;5;line_consecutive;0.5;1001;0;1;20-21;6;g_000;2;OPTIMAL;13456.186650642892;223.458881855011;0.0;6536.759994281321;6086.979997164818;449.7799971165034;0.0;684.2266563615706;5003.2;6090.493317631601;7365.6933330112915;0.0;1232.0;1232.0;freqdep (waiting_freq=True)
lintim;SiouxFalls;SiouxFalls;separated;True;True;1e-05;6000;1;2;20;50;200;-5;50;0.75;2;10;50;10;10;16;1001;1001;1;1;5;line_consecutive;0.5;1001;0;1;20-21;6;g_000;2;OPTIMAL;13456.18666567827;5.121622562408447;0.0;6536.76000001307;6086.9800000023815;449.780000010687;0.0;684.2266656652016;5003.2;6090.493332344937;7365.693333333334;0.0;1232.0;1232.0;freqdep (waiting_freq=True)
lintim;SiouxFalls;SiouxFalls;eev;True;True;1e-05;6000;1;2;20;50;200;-5;50;0.75;2;10;50;10;10;16;1001;1001;1;1;5;line_consecutive;0.5;1001;0;1;20-21;6;g_000;2;OPTIMAL;13456.186654438863;5.445007801055908;0.0;6536.759988745531;6086.979994372765;449.7799943727647;0.0;684.2266656933348;5003.2;6090.49332110553;7365.693333333334;0.0;1232.0;1232.0;freqdep (waiting_freq=True)
lintim;SiouxFalls;SiouxFalls;ws;True;True;1e-05;6000;1;2;20;50;200;-5;50;0.75;2;550;50;10;10;16;1067;1067;1;1;5;line_consecutive;0.5;1067;13;2;14-15;14;g_000;9;TIME_LIMIT;149974.8113063337;11146.139616012571;0.0129210203513806;118046.48000778604;116476.93000810628;1569.5499996797607;0.0;2987.1312985476334;28941.200000000008;74987.40564844664;74987.40565788708;0.0;0.0;0.0;freqdep (waiting_freq=True)
lintim;SiouxFalls;SiouxFalls;integrated;True;True;1e-05;6000;1;2;20;50;200;-5;50;0.75;2;550;50;10;10;16;1067;1067;1;1;5;line_consecutive;0.5;1067;13;2;14-15;14;g_000;9;TIME_LIMIT;154473.96905515133;6001.6204698085785;0.0413468569052133;120478.38992276124;116168.65495377194;4309.73496898928;0.0;2878.1791323901207;28534.4;75593.36035740124;78880.60869775015;2583.0;0.0;2583.0;freqdep (waiting_freq=True)
lintim;SiouxFalls;SiouxFalls;separated;True;True;1e-05;6000;1;2;20;50;200;-5;50;0.75;2;550;50;10;10;16;1067;1067;1;1;5;line_consecutive;0.5;1067;13;2;14-15;14;g_000;2;OPTIMAL;150445.61360979665;835.0311191082001;7.163675719900214e-06;117834.2099654364;115922.20996722108;1911.9999982153345;0.0;3226.803644360248;28631.60000000001;74625.97728959206;75819.63632020459;752.9999999999999;0.0;752.9999999999999;freqdep (waiting_freq=True)
lintim;SiouxFalls;SiouxFalls;eev;True;True;1e-05;6000;1;2;20;50;200;-5;50;0.75;2;550;50;10;10;16;1067;1067;1;1;5;line_consecutive;0.5;1067;13;2;14-15;14;g_000;2;OPTIMAL;150445.61362276622;619.0931580066681;7.163675719900214e-06;117834.20997331812;115922.20999681558;1911.9999765025568;0.0;3226.8036494480743;28631.60000000001;74625.97730256162;75819.63632020459;752.9999999999999;0.0;752.9999999999999;freqdep (waiting_freq=True)
lintim;SiouxFalls;SiouxFalls;ws;True;True;1e-05;6000;1;2;20;50;200;-5;50;0.75;2;25;50;10;10;16;1007;1007;1;1;5;line_consecutive;0.5;1007;1;2;11-14;4,8,10;g_000;9;TIME_LIMIT;31336.86549960852;6104.465241909027;0.2978354520427959;16562.255000128796;15920.70000012886;641.5549999999334;480.0;871.9104994797287;10169.7;13678.210333327206;17658.655166281314;940.0;2313.0;3253.0;freqdep (waiting_freq=True)
lintim;SiouxFalls;SiouxFalls;integrated;True;True;1e-05;6000;1;2;20;50;200;-5;50;0.75;2;25;50;10;10;16;1007;1007;1;1;5;line_consecutive;0.5;1007;1;2;11-14;4,8,10;g_000;9;TIME_LIMIT;35177.666662233474;6001.295918941498;0.299405690838899;15804.72499607447;15201.76999682384;602.9549992506293;0.0;958.5416661590071;9174.4;12633.338333331036;22544.328328902437;0.0;9240.0;9240.0;freqdep (waiting_freq=True)
lintim;SiouxFalls;SiouxFalls;separated;True;True;1e-05;6000;1;2;20;50;200;-5;50;0.75;2;25;50;10;10;16;1007;1007;1;1;5;line_consecutive;0.5;1007;1;2;11-14;4,8,10;g_000;2;OPTIMAL;29351.18707596475;2575.540778875351;8.632896820511306e-11;16326.624997885636;15618.60499744019;708.0200004454454;0.0;844.5620849405425;8119.999993138574;12325.06999410096;17026.11708186379;540.0;3520.0000000000005;4060.000000000001;freqdep (waiting_freq=True)
lintim;SiouxFalls;SiouxFalls;eev;True;True;1e-05;6000;1;2;20;50;200;-5;50;0.75;2;25;50;10;10;16;1007;1007;1;1;5;line_consecutive;0.5;1007;1;2;11-14;4,8,10;g_000;2;OPTIMAL;29351.18708186379;2650.1028990745544;1.666465241096269e-11;16326.624999146055;15618.604998288729;708.0200008573297;0.0;844.5620827177352;8120.0;12325.070000000002;17026.11708186379;540.0;3520.0000000000005;4060.000000000001;freqdep (waiting_freq=True)
lintim;SiouxFalls;SiouxFalls;ws;True;True;1e-05;6000;1;2;20;50;200;-5;50;0.75;2;350;50;10;10;16;1047;1047;1;1;5;line_consecutive;0.5;1047;9;2;3-4;3,4;g_000;9;TIME_LIMIT;171911.34279590886;12002.251739025116;0.3162150454746303;107156.13996751454;102813.08998239473;4343.049985119823;26715.24999999999;2920.752828394295;25419.200000000004;67590.10787794885;104321.23491795996;3220.0;6480.0;9700.0;freqdep (waiting_freq=True)
lintim;SiouxFalls;SiouxFalls;integrated;True;True;1e-05;6000;1;2;20;50;200;-5;50;0.75;2;350;50;10;10;16;1047;1047;1;1;5;line_consecutive;0.5;1047;9;2;3-4;3,4;g_000;9;TIME_LIMIT;429884.2329531999;6000.519017219544;0.6834040998975354;127130.17501489117;122372.80501703008;4757.369997861079;123590.18193884738;1220.8759994613588;42418.0;83813.1829744454;346071.0499787545;69125.0;66400.0;135525.0;freqdep (waiting_freq=True)
lintim;SiouxFalls;SiouxFalls;separated;True;True;1e-05;6000;1;2;20;50;200;-5;50;0.75;2;350;50;10;10;16;1047;1047;1;1;5;line_consecutive;0.5;1047;9;2;3-4;3,4;g_000;2;OPTIMAL;155742.95912299212;6422.419074058533;0.2900387278429856;106706.03502591084;103351.17502151534;3354.860004395508;6675.599556695388;3060.1245403859093;26671.20000000001;67228.77304459752;88514.18607839462;6150.0;6480.0;12630.0;freqdep (waiting_freq=True)
lintim;SiouxFalls;SiouxFalls;eev;True;True;1e-05;6000;1;2;20;50;200;-5;50;0.75;2;350;50;10;10;16;1047;1047;1;1;5;line_consecutive;0.5;1047;9;2;3-4;3,4;g_000;2;OPTIMAL;170812.09362834966;6379.925087928772;0.4595823859935894;106747.9453429036;101841.44030358973;4906.505039313897;32875.008116667595;3322.3401687785085;25216.800000000003;68107.15080003477;102704.94282831487;2650.0;0.0;2650.0;freqdep (waiting_freq=True)
lintim;SiouxFalls;SiouxFalls;ws;True;True;1e-05;6000;1;2;20;50;200;-5;50;0.75;2;550;50;10;10;16;1065;1065;1;1;5;line_consecutive;0.5;1065;13;0;8-9;3,7;g_000;9;TIME_LIMIT;152810.2903339744;12003.525696992874;0.0638237089042144;120295.549979272;117526.77998814432;2768.7699911276804;0.0;2826.7403547023832;29198.000000000007;75752.6265699862;77057.66376398818;490.00000000000006;0.0;490.00000000000006;freqdep (waiting_freq=True)
lintim;SiouxFalls;SiouxFalls;integrated;True;True;1e-05;6000;1;2;20;50;200;-5;50;0.75;2;550;50;10;10;16;1065;1065;1;1;5;line_consecutive;0.5;1065;13;0;8-9;3,7;g_000;9;TIME_LIMIT;275460.6798901055;6003.001692056656;0.4670027407769279;126348.47568510188;116371.83068413397;9976.645000967925;114815.92722320126;2500.2769818023626;26416.0;127144.4927842794;148316.1871058261;5380.0;0.0;5380.0;freqdep (waiting_freq=True)
lintim;SiouxFalls;SiouxFalls;separated;True;True;1e-05;6000;1;2;20;50;200;-5;50;0.75;2;550;50;10;10;16;1065;1065;1;1;5;line_consecutive;0.5;1065;13;0;8-9;3,7;g_000;2;OPTIMAL;156005.1450438585;6786.290479898453;0.105338337317583;119348.0799342244;116336.3049502043;3011.774984020112;1305.7998745674277;3346.465235066701;28044.800000000003;74625.97728959206;81379.16775426645;2280.0;1680.0;3960.0;freqdep (waiting_freq=True)
lintim;SiouxFalls;SiouxFalls;eev;True;True;1e-05;6000;1;2;20;50;200;-5;50;0.75;2;550;50;10;10;16;1065;1065;1;1;5;line_consecutive;0.5;1065;13;0;8-9;3,7;g_000;2;OPTIMAL;156005.14505488717;6472.251453876495;0.105338337317583;119348.07994377296;116336.30495882587;3011.7749849470783;1305.7998745674277;3346.4652365468046;28044.800000000003;74625.97730062071;81379.16775426645;2280.0;1680.0;3960.0;freqdep (waiting_freq=True)
lintim;SiouxFalls;SiouxFalls;ws;True;True;1e-05;6000;1;2;20;50;200;-5;50;0.75;2;100;50;10;10;16;1023;1023;1;1;5;line_consecutive;0.5;1023;4;3;14-15;14;g_000;9;TIME_LIMIT;73558.311158664;9737.942312002182;0.0108258086629816;54419.66997433559;53181.6899734836;1237.9800008519833;0.0;1877.4411843283988;17261.200000000004;36779.15557574143;36779.15558292256;0.0;0.0;0.0;freqdep (waiting_freq=True)
lintim;SiouxFalls;SiouxFalls;integrated;True;True;1e-05;6000;1;2;20;50;200;-5;50;0.75;2;100;50;10;10;16;1023;1023;1;1;5;line_consecutive;0.5;1023;4;3;14-15;14;g_000;9;TIME_LIMIT;79564.07699995347;6001.092041015625;0.085018666607667;55483.14998078476;54574.62998231874;908.5199984660088;1191.5999999999983;1629.0270191687164;19683.800000000003;38985.84653731836;40578.230462635096;1576.5;0.0;1576.5;freqdep (waiting_freq=True)
lintim;SiouxFalls;SiouxFalls;separated;True;True;1e-05;6000;1;2;20;50;200;-5;50;0.75;2;100;50;10;10;16;1023;1023;1;1;5;line_consecutive;0.5;1023;4;3;14-15;14;g_000;2;OPTIMAL;73858.38799101225;237.2927088737488;0.0;54680.32500051407;53008.1499959706;1672.1750045434678;0.0;1981.762990498164;16819.800000000003;36611.16632698556;37247.221664026685;376.5;0.0;376.5;freqdep (waiting_freq=True)
lintim;SiouxFalls;SiouxFalls;eev;True;True;1e-05;6000;1;2;20;50;200;-5;50;0.75;2;100;50;10;10;16;1023;1023;1;1;5;line_consecutive;0.5;1023;4;3;14-15;14;g_000;2;OPTIMAL;73858.38799325279;276.49420285224915;0.0;54680.32500048555;53008.15000061231;1672.1749998732344;0.0;1981.7629927672333;16819.800000000003;36611.16632922611;37247.221664026685;376.5;0.0;376.5;freqdep (waiting_freq=True)
lintim;SiouxFalls;SiouxFalls;ws;True;True;1e-05;6000;1;2;20;50;200;-5;50;0.75;2;150;50;10;10;16;1026;1026;1;1;5;line_consecutive;0.5;1026;5;1;7-18;3,11;g_000;9;TIME_LIMIT;98777.1649360112;12002.668462753296;0.0783313170517818;72413.10999478729;71375.06999439346;1038.040000393825;0.0;1993.6549412238376;24370.4;49388.58246417689;49388.58247183423;0.0;0.0;0.0;freqdep (waiting_freq=True)
lintim;SiouxFalls;SiouxFalls;integrated;True;True;1e-05;6000;1;2;20;50;200;-5;50;0.75;2;150;50;10;10;16;1026;1026;1;1;5;line_consecutive;0.5;1026;5;1;7-18;3,11;g_000;9;TIME_LIMIT;105070.91977346322;6001.623378992081;0.1050893328796679;73926.76500399005;72348.70500399004;1578.0600000000009;0.0;1834.1547694731207;23780.0;49333.12510692933;55737.794666533846;5530.0;0.0;5530.0;freqdep (waiting_freq=True)
lintim;SiouxFalls;SiouxFalls;separated;True;True;1e-05;6000;1;2;20;50;200;-5;50;0.75;2;150;50;10;10;16;1026;1026;1;1;5;line_consecutive;0.5;1026;5;1;7-18;3,11;g_000;2;OPTIMAL;97553.61793371152;2303.875261068344;0.0;72542.24996476933;70483.13497072687;2059.11499404246;0.0;2348.567968942175;21232.8;47881.60507898238;49672.012854729146;1430.0;0.0;1430.0;freqdep (waiting_freq=True)
lintim;SiouxFalls;SiouxFalls;eev;True;True;1e-05;6000;1;2;20;50;200;-5;50;0.75;2;150;50;10;10;16;1026;1026;1;1;5;line_consecutive;0.5;1026;5;1;7-18;3,11;g_000;2;OPTIMAL;97553.61796688387;2442.987901687622;6.230247743006285e-15;72542.24999418762;70483.13499404927;2059.115000138334;0.0;2348.56797269625;21232.8;47881.605112154735;49672.012854729146;1430.0;0.0;1430.0;freqdep (waiting_freq=True)
lintim;SiouxFalls;SiouxFalls;ws;True;True;1e-05;6000;1;2;20;50;200;-5;50;0.75;2;300;50;10;10;16;1041;1041;1;1;5;line_consecutive;0.5;1041;8;1;4-5;3;g_000;9;TIME_LIMIT;130607.861782467;12002.745963811874;0.0397304208266741;100925.71989495952;99331.74990570598;1593.969989253558;-6.397138349711895e-05;2445.3419514788025;27236.800000000003;65303.93086889792;65303.93091356904;0.0;0.0;0.0;freqdep (waiting_freq=True)
lintim;SiouxFalls;SiouxFalls;integrated;True;True;1e-05;6000;1;2;20;50;200;-5;50;0.75;2;300;50;10;10;16;1041;1041;1;1;5;line_consecutive;0.5;1041;8;1;4-5;3;g_000;9;TIME_LIMIT;132164.74329150087;6001.853996038437;0.0388909194888364;100241.79496089752;98562.03999192314;1679.754968974386;0.0;2616.9483306033057;28816.0;65617.748651444;66546.99464005689;490.00000000000006;0.0;490.00000000000006;freqdep (waiting_freq=True)
lintim;SiouxFalls;SiouxFalls;separated;True;True;1e-05;6000;1;2;20;50;200;-5;50;0.75;2;300;50;10;10;16;1041;1041;1;1;5;line_consecutive;0.5;1041;8;1;4-5;3;g_000;2;OPTIMAL;131590.90811993615;3106.99412059784;0.0;100596.854998623;98349.59999324357;2247.2550053794384;421.4999290614262;2587.753192251728;26084.800000000003;64227.30389845934;67363.60422147681;1900.0;0.0;1900.0;freqdep (waiting_freq=True)
lintim;SiouxFalls;SiouxFalls;eev;True;True;1e-05;6000;1;2;20;50;200;-5;50;0.75;2;300;50;10;10;16;1041;1041;1;1;5;line_consecutive;0.5;1041;8;1;4-5;3;g_000;2;OPTIMAL;131590.90811827223;3063.2623760700226;0.0;100596.85499617772;98349.5999924694;2247.255003708344;421.4999290614262;2587.7531930330697;26084.800000000003;64227.30389679541;67363.60422147681;1900.0;0.0;1900.0;freqdep (waiting_freq=True)
lintim;SiouxFalls;SiouxFalls;ws;True;True;1e-05;6000;1;2;20;50;200;-5;50;0.75;2;200;50;10;10;16;1032;1032;1;1;5;line_consecutive;0.5;1032;6;2;5-9;3,9;g_000;9;TIME_LIMIT;121405.2335306824;12003.98294711113;0.1715679902155059;86729.01495521373;84375.56998037561;2353.4449748381203;0.0;2574.618575468721;24651.6;56158.54475333572;65246.68877734679;2410.0;5040.0;7450.0;freqdep (waiting_freq=True)
lintim;SiouxFalls;SiouxFalls;integrated;True;True;1e-05;6000;1;2;20;50;200;-5;50;0.75;2;200;50;10;10;16;1032;1032;1;1;5;line_consecutive;0.5;1032;6;2;5-9;3,9;g_000;9;TIME_LIMIT;121630.8750639702;6002.976402044296;0.0998926820386366;84383.66499470538;82875.91499645193;1507.749998253451;869.100000000001;2203.3100692648177;26744.8;56383.16397895062;65247.711085019546;4230.0;3200.0;7430.0;freqdep (waiting_freq=True)
lintim;SiouxFalls;SiouxFalls;separated;True;True;1e-05;6000;1;2;20;50;200;-5;50;0.75;2;200;50;10;10;16;1032;1032;1;1;5;line_consecutive;0.5;1032;6;2;5-9;3,9;g_000;2;OPTIMAL;117942.4383078472;6735.778861999512;0.0736614705798792;84558.38997979966;82932.14498104791;1626.244998751758;0.0;2567.2483280475285;24356.8;55592.4933097911;62349.94499805609;940.0;5520.0;6460.0;freqdep (waiting_freq=True)
lintim;SiouxFalls;SiouxFalls;eev;True;True;1e-05;6000;1;2;20;50;200;-5;50;0.75;2;200;50;10;10;16;1032;1032;1;1;5;line_consecutive;0.5;1032;6;2;5-9;3,9;g_000;2;OPTIMAL;119898.19873234224;6375.99166893959;0.1635890327108812;85012.02998564814;82867.01498675521;2145.0149988929265;462.7999990895499;2484.568747604551;24208.8;55598.30666424657;64299.89206809567;2610.0;5120.0;7730.0;freqdep (waiting_freq=True)
lintim;SiouxFalls;SiouxFalls;ws;True;True;1e-05;6000;1;2;20;50;200;-5;50;0.75;2;100;50;10;10;16;1020;1020;1;1;5;line_consecutive;0.5;1020;4;0;10-11;1,7,10;g_000;9;TIME_LIMIT;124481.1288328021;12003.158465862274;0.5675416173106201;57428.49503920239;55019.280066669126;2409.2149725332656;36570.72095776087;2177.512835838809;17014.4;71295.88607492727;53185.242757874825;6650.0;4640.0;11290.0;freqdep (waiting_freq=True)
lintim;SiouxFalls;SiouxFalls;integrated;True;True;1e-05;6000;1;2;20;50;200;-5;50;0.75;2;100;50;10;10;16;1020;1020;1;1;5;line_consecutive;0.5;1020;4;0;10-11;1,7,10;g_000;9;TIME_LIMIT;435869.578822902;6001.362869977951;0.8297025377531472;36696.01049848503;33369.88535565449;3326.125142830532;373029.4735964746;1464.0947279424297;9040.0;315695.458663207;120174.12015969526;13640.0;2000.0;15640.0;freqdep (waiting_freq=True)
lintim;SiouxFalls;SiouxFalls;separated;True;True;1e-05;6000;1;2;20;50;200;-5;50;0.75;2;100;50;10;10;16;1020;1020;1;1;5;line_consecutive;0.5;1020;4;0;10-11;1,7,10;g_000;2;OPTIMAL;82684.57799149898;6206.768760919571;0.1878886929712394;56351.69000062501;54704.984995811465;1646.705004813528;0.0;2036.4879908739797;17206.4;36611.16632698556;46073.41166451344;370.0;6720.0;7090.0;freqdep (waiting_freq=True)
lintim;SiouxFalls;SiouxFalls;eev;True;True;1e-05;6000;1;2;20;50;200;-5;50;0.75;2;100;50;10;10;16;1020;1020;1;1;5;line_consecutive;0.5;1020;4;0;10-11;1,7,10;g_000;2;OPTIMAL;82684.57796801836;6118.096141338348;0.1878886929712394;56351.68998193809;54704.98498369139;1646.704998246692;0.0;2036.487986080266;17206.4;36611.16630350493;46073.41166451344;370.0;6720.0;7090.0;freqdep (waiting_freq=True)
