array_job_id;task_id;run_group_id;case_k;case_per_run;case_variants;case_selection;case_p_fail;case_id;case_sweep_row;case_variant_idx;case_edges;case_lines;WS;RP;EEV_nom;EEV_mean;EVPI;VSS_nom;VSS_mean;procedures_present;source;network;scenario_line_data;routing_agg;waiting_time_frequency;gap;time_limit;travel_time_cost_mult;waiting_time_cost_mult;line_operation_cost_mult;cost_repl_freq;cost_repl_line;repl_budget;bypass_multiplier;overdemand_threshold;overdemand_multiplier;num_od;train_capacity;infrastructure_capacity;max_frequency;threads;scenario_infra_id;scenario_prob_id
12436270;0;g_000;1;1;30;line_consecutive;0.5;1000;0;0;19-23;11;5367193.75;5368643.75;5369753.75;5368783.75;1450.0;1110.0;140.0;eev,integrated,separated,ws;lintim;Mumford0;Mumford0;True;False;1e-05;6000;1;2;20;50;200;-5;100;0.75;2;50;250;30;20;16;1000;1000
12436270;1;g_000;1;1;30;line_consecutive;0.5;1001;0;1;15-21;7;6442525.0;6443157.5;6443302.5;6445937.5;632.5;145.0;2780.0;eev,integrated,separated,ws;lintim;Mumford0;Mumford0;True;False;1e-05;6000;1;2;20;50;200;-5;100;0.75;2;50;250;30;20;16;1001;1001
12436270;2;g_000;1;1;30;line_consecutive;0.5;1002;0;2;19-20;4;5332588.75;5335326.25;5337187.5;5336217.498777449;2737.5;1861.25;891.248777449131;eev,integrated,separated,ws;lintim;Mumford0;Mumford0;True;False;1e-05;6000;1;2;20;50;200;-5;100;0.75;2;50;250;30;20;16;1002;1002
12436270;3;g_000;1;1;30;line_consecutive;0.5;1003;0;3;3-8;6,12;5341295.0;5344161.25;5345340.0;5345340.0;2866.25;1178.75;1178.75;eev,integrated,separated,ws;lintim;Mumford0;Mumford0;True;False;1e-05;6000;1;2;20;50;200;-5;100;0.75;2;50;250;30;20;16;1003;1003
12436270;4;g_000;1;1;30;line_consecutive;0.5;1004;0;4;14-19;4;5341305.0;5344042.5;5345482.5;5344512.498777449;2737.5;1440.0;469.998777449131;eev,integrated,separated,ws;lintim;Mumford0;Mumford0;True;False;1e-05;6000;1;2;20;50;200;-5;100;0.75;2;50;250;30;20;16;1004;1004
12436270;5;g_000;1;1;30;line_consecutive;0.5;1005;0;5;1-13;3;5367537.5;5370733.75;5372352.5;5389682.5;3196.25;1618.75;18948.75;eev,integrated,separated,ws;lintim;Mumford0;Mumford0;True;False;1e-05;6000;1;2;20;50;200;-5;100;0.75;2;50;250;30;20;16;1005;1005
12436270;6;g_000;1;1;30;line_consecutive;0.5;1006;0;6;8-21;12;5345195.0;5349500.0;5350678.75;5350678.75;4305.0;1178.75;1178.75;eev,integrated,separated,ws;lintim;Mumford0;Mumford0;True;False;1e-05;6000;1;2;20;50;200;-5;100;0.75;2;50;250;30;20;16;1006;1006
12436270;7;g_000;1;1;30;line_consecutive;0.5;1007;0;7;7-14;4;5332116.25;5334846.25;5335956.25;5334986.248777449;2730.0;1110.0;139.998777449131;eev,integrated,separated,ws;lintim;Mumford0;Mumford0;True;False;1e-05;6000;1;2;20;50;200;-5;100;0.75;2;50;250;30;20;16;1007;1007
12436270;8;g_000;1;1;30;line_consecutive;0.5;1008;0;8;18-23;2,11;5403202.5;5404706.25;5405816.25;12719245.0;1503.75;1110.0;7314538.75;eev,integrated,separated,ws;lintim;Mumford0;Mumford0;True;False;1e-05;6000;1;2;20;50;200;-5;100;0.75;2;50;250;30;20;16;1008;1008
12436270;9;g_000;1;1;30;line_consecutive;0.5;1009;0;9;8-25;1;5343237.5;5346537.5;5348566.25;5348566.25;3300.0;2028.75;2028.75;eev,integrated,separated,ws;lintim;Mumford0;Mumford0;True;False;1e-05;6000;1;2;20;50;200;-5;100;0.75;2;50;250;30;20;16;1009;1009
12436270;10;g_000;1;1;30;line_consecutive;0.5;1010;0;10;28-30;3;5334963.75;5337023.749258158;5338761.25;5356091.25;2059.999258157797;1737.5007418422028;19067.500741842203;eev,integrated,separated,ws;lintim;Mumford0;Mumford0;True;False;1e-05;6000;1;2;20;50;200;-5;100;0.75;2;50;250;30;20;16;1010;1010
12436270;11;g_000;1;1;30;line_consecutive;0.5;1011;0;11;5-8;6;5338701.25;5341731.25;5342910.0;5342910.0;3030.0;1178.75;1178.75;eev,integrated,separated,ws;lintim;Mumford0;Mumford0;True;False;1e-05;6000;1;2;20;50;200;-5;100;0.75;2;50;250;30;20;16;1011;1011
12436270;12;g_000;1;1;30;line_consecutive;0.5;1012;0;12;6-7;4,10;5374077.5;5377292.5;5378471.25;8600597.499538876;3215.0;1178.75;3223304.999538876;eev,integrated,separated,ws;lintim;Mumford0;Mumford0;True;False;1e-05;6000;1;2;20;50;200;-5;100;0.75;2;50;250;30;20;16;1012;1012
12436270;13;g_000;1;1;30;line_consecutive;0.5;1013;0;13;7-17;10;5370847.5;5376002.5;5379583.75;7589637.5;5155.0;3581.25;2213635.0;eev,integrated,separated,ws;lintim;Mumford0;Mumford0;True;False;1e-05;6000;1;2;20;50;200;-5;100;0.75;2;50;250;30;20;16;1013;1013
12436270;14;g_000;1;1;30;line_consecutive;0.5;1014;0;14;15-24;5;6442361.25;6443676.25;6443676.25;6443676.25;1315.0;0.0;0.0;eev,integrated,separated,ws;lintim;Mumford0;Mumford0;True;False;1e-05;6000;1;2;20;50;200;-5;100;0.75;2;50;250;30;20;16;1014;1014
12436270;15;g_000;1;1;30;line_consecutive;0.5;1015;0;15;10-15;7;6447392.5;6447392.5;6447392.5;6450027.5;0.0;0.0;2635.0;eev,integrated,separated,ws;lintim;Mumford0;Mumford0;True;False;1e-05;6000;1;2;20;50;200;-5;100;0.75;2;50;250;30;20;16;1015;1015
12436270;16;g_000;1;1;30;line_consecutive;0.5;1016;0;16;1-23;2;5379672.5;5382665.0;5385243.75;5386478.739014569;2992.5;2578.75;3813.739014568738;eev,integrated,separated,ws;lintim;Mumford0;Mumford0;True;False;1e-05;6000;1;2;20;50;200;-5;100;0.75;2;50;250;30;20;16;1016;1016
12436270;17;g_000;1;1;30;line_consecutive;0.5;1017;0;17;21-24;12;5342620.0;5346925.0;5348103.75;5348103.75;4305.0;1178.75;1178.75;eev,integrated,separated,ws;lintim;Mumford0;Mumford0;True;False;1e-05;6000;1;2;20;50;200;-5;100;0.75;2;50;250;30;20;16;1017;1017
12436270;18;g_000;1;1;30;line_consecutive;0.5;1018;0;18;11-22;1;5333837.5;5338210.0;5340238.75;5340238.75;4372.5;2028.75;2028.75;eev,integrated,separated,ws;lintim;Mumford0;Mumford0;True;False;1e-05;6000;1;2;20;50;200;-5;100;0.75;2;50;250;30;20;16;1018;1018
12436270;19;g_000;1;1;30;line_consecutive;0.5;1019;0;19;1-29;3;5330773.75;5332453.75;5334006.25;5351363.75;1680.0;1552.5;18910.0;eev,integrated,separated,ws;lintim;Mumford0;Mumford0;True;False;1e-05;6000;1;2;20;50;200;-5;100;0.75;2;50;250;30;20;16;1019;1019
12436270;20;g_000;1;1;30;line_consecutive;0.5;1020;0;20;1-14;2;5404582.5;5407575.0;5410153.75;5411388.739014569;2992.5;2578.75;3813.739014568738;eev,integrated,separated,ws;lintim;Mumford0;Mumford0;True;False;1e-05;6000;1;2;20;50;200;-5;100;0.75;2;50;250;30;20;16;1020;1020
12436270;21;g_000;1;1;30;line_consecutive;0.5;1021;0;21;17-29;3;5341555.0;5343623.75;5345203.75;5362533.75;2068.75;1580.0;18910.0;eev,integrated,separated,ws;lintim;Mumford0;Mumford0;True;False;1e-05;6000;1;2;20;50;200;-5;100;0.75;2;50;250;30;20;16;1021;1021
12436270;22;g_000;1;1;30;line_consecutive;0.5;1022;0;22;12-15;5,11;6510446.25;6515295.0;6516811.25;7200932.5;4848.75;1516.25;685637.5;eev,integrated,separated,ws;lintim;Mumford0;Mumford0;True;False;1e-05;6000;1;2;20;50;200;-5;100;0.75;2;50;250;30;20;16;1022;1022
12436270;23;g_000;1;1;30;line_consecutive;0.5;1023;0;23;2-4;2;6438476.25;6438510.0;6438510.0;6446444.989014569;33.75;0.0;7934.989014568739;eev,integrated,separated,ws;lintim;Mumford0;Mumford0;True;False;1e-05;6000;1;2;20;50;200;-5;100;0.75;2;50;250;30;20;16;1023;1023
12436270;24;g_000;1;1;30;line_consecutive;0.5;1024;0;24;4-12;2;6939713.75;6950067.5;6952506.25;6951441.239014569;10353.75;2438.75;1373.7390145687386;eev,integrated,separated,ws;lintim;Mumford0;Mumford0;True;False;1e-05;6000;1;2;20;50;200;-5;100;0.75;2;50;250;30;20;16;1024;1024
12436270;25;g_000;1;1;30;line_consecutive;0.5;1025;0;25;8-15;10;5383306.25;5386682.5;5387880.0;7597455.0;3376.25;1197.5;2210772.5;eev,integrated,separated,ws;lintim;Mumford0;Mumford0;True;False;1e-05;6000;1;2;20;50;200;-5;100;0.75;2;50;250;30;20;16;1025;1025
12436270;26;g_000;1;1;30;line_consecutive;0.5;1026;0;26;6-16;8;5334967.5;5338701.25;5339850.0;5339850.0;3733.75;1148.75;1148.75;eev,integrated,separated,ws;lintim;Mumford0;Mumford0;True;False;1e-05;6000;1;2;20;50;200;-5;100;0.75;2;50;250;30;20;16;1026;1026
12436270;27;g_000;1;1;30;line_consecutive;0.5;1027;0;27;12-26;5;5348031.25;5351731.25;5356688.75;5356688.75;3700.0;4957.5;4957.5;eev,integrated,separated,ws;lintim;Mumford0;Mumford0;True;False;1e-05;6000;1;2;20;50;200;-5;100;0.75;2;50;250;30;20;16;1027;1027
12436270;28;g_000;1;1;30;line_consecutive;0.5;1028;0;28;2-25;1;5343842.5;5347142.5;5349141.25;5349141.25;3300.0;1998.75;1998.75;eev,integrated,separated,ws;lintim;Mumford0;Mumford0;True;False;1e-05;6000;1;2;20;50;200;-5;100;0.75;2;50;250;30;20;16;1028;1028
12436270;29;g_000;1;1;30;line_consecutive;0.5;1029;0;29;9-13;3;5370232.5;5374868.75;5376487.5;5391217.5;4636.25;1618.75;16348.75;eev,integrated,separated,ws;lintim;Mumford0;Mumford0;True;False;1e-05;6000;1;2;20;50;200;-5;100;0.75;2;50;250;30;20;16;1029;1029
12436270;30;g_000;1;1;30;line_all;0.5;1030;1;0;2-15;10;5378800.0;5381022.5;5382201.25;7594750.0;2222.5;1178.75;2213727.5;eev,integrated,separated,ws;lintim;Mumford0;Mumford0;True;False;1e-05;6000;1;2;20;50;200;-5;100;0.75;2;50;250;30;20;16;1030;1030
12436270;31;g_000;1;1;30;line_all;0.5;1031;1;1;15-24;5;6442361.25;6443676.25;6443676.25;6443676.25;1315.0;0.0;0.0;eev,integrated,separated,ws;lintim;Mumford0;Mumford0;True;False;1e-05;6000;1;2;20;50;200;-5;100;0.75;2;50;250;30;20;16;1031;1031
12436270;32;g_000;1;1;30;line_all;0.5;1032;1;2;14-19;4;5341305.0;5344042.5;5345482.5;5344512.498777449;2737.5;1440.0;469.998777449131;eev,integrated,separated,ws;lintim;Mumford0;Mumford0;True;False;1e-05;6000;1;2;20;50;200;-5;100;0.75;2;50;250;30;20;16;1032;1032
12436270;33;g_000;1;1;30;line_all;0.5;1033;1;3;3-8;6,12;5341295.0;5344161.25;5345340.0;5345340.0;2866.25;1178.75;1178.75;eev,integrated,separated,ws;lintim;Mumford0;Mumford0;True;False;1e-05;6000;1;2;20;50;200;-5;100;0.75;2;50;250;30;20;16;1033;1033
12436270;34;g_000;1;1;30;line_all;0.5;1034;1;4;18-23;2,11;5403202.5;5404706.25;5405816.25;12719245.0;1503.75;1110.0;7314538.75;eev,integrated,separated,ws;lintim;Mumford0;Mumford0;True;False;1e-05;6000;1;2;20;50;200;-5;100;0.75;2;50;250;30;20;16;1034;1034
12436270;35;g_000;1;1;30;line_all;0.5;1035;1;5;11-22;1;5333837.5;5338210.0;5340238.75;5340238.75;4372.5;2028.75;2028.75;eev,integrated,separated,ws;lintim;Mumford0;Mumford0;True;False;1e-05;6000;1;2;20;50;200;-5;100;0.75;2;50;250;30;20;16;1035;1035
12436270;36;g_000;1;1;30;line_all;0.5;1036;1;6;8-17;10;5389446.25;5393843.75;5394882.5;7603111.25;4397.5;1038.75;2209267.5;eev,integrated,separated,ws;lintim;Mumford0;Mumford0;True;False;1e-05;6000;1;2;20;50;200;-5;100;0.75;2;50;250;30;20;16;1036;1036
12436270;37;g_000;1;1;30;line_all;0.5;1037;1;7;9-13;3;5370232.5;5374868.75;5376487.5;5391217.5;4636.25;1618.75;16348.75;eev,integrated,separated,ws;lintim;Mumford0;Mumford0;True;False;1e-05;6000;1;2;20;50;200;-5;100;0.75;2;50;250;30;20;16;1037;1037
12436270;38;g_000;1;1;30;line_all;0.5;1038;1;8;4-12;2;6939713.75;6950067.5;6952506.25;6951441.239014569;10353.75;2438.75;1373.7390145687386;eev,integrated,separated,ws;lintim;Mumford0;Mumford0;True;False;1e-05;6000;1;2;20;50;200;-5;100;0.75;2;50;250;30;20;16;1038;1038
12436270;39;g_000;1;1;30;line_all;0.5;1039;1;9;19-20;4;5332588.75;5335326.25;5337187.5;5336217.498777449;2737.5;1861.25;891.248777449131;eev,integrated,separated,ws;lintim;Mumford0;Mumford0;True;False;1e-05;6000;1;2;20;50;200;-5;100;0.75;2;50;250;30;20;16;1039;1039
12436270;40;g_000;1;1;30;line_all;0.5;1040;1;10;12-26;5;5348031.25;5351731.25;5356688.75;5356688.75;3700.0;4957.5;4957.5;eev,integrated,separated,ws;lintim;Mumford0;Mumford0;True;False;1e-05;6000;1;2;20;50;200;-5;100;0.75;2;50;250;30;20;16;1040;1040
12436270;41;g_000;1;1;30;line_all;0.5;1041;1;11;8-25;1;5343237.5;5346537.5;5348566.25;5348566.25;3300.0;2028.75;2028.75;eev,integrated,separated,ws;lintim;Mumford0;Mumford0;True;False;1e-05;6000;1;2;20;50;200;-5;100;0.75;2;50;250;30;20;16;1041;1041
12436270;42;g_000;1;1;30;line_all;0.5;1042;1;12;8-11;1;5331442.5;5335337.5;5337366.25;5337366.25;3895.0;2028.75;2028.75;eev,integrated,separated,ws;lintim;Mumford0;Mumford0;True;False;1e-05;6000;1;2;20;50;200;-5;100;0.75;2;50;250;30;20;16;1042;1042
12436270;43;g_000;1;1;30;line_all;0.5;1043;1;13;17-29;3;5341555.0;5343623.75;5345203.75;5362533.75;2068.75;1580.0;18910.0;eev,integrated,separated,ws;lintim;Mumford0;Mumford0;True;False;1e-05;6000;1;2;20;50;200;-5;100;0.75;2;50;250;30;20;16;1043;1043
12436270;44;g_000;1;1;30;line_all;0.5;1044;1;14;12-18;2,11;7775067.5;7778895.0;7780988.75;15090442.5;3827.5;2093.75;7311547.5;eev,integrated,separated,ws;lintim;Mumford0;Mumford0;True;False;1e-05;6000;1;2;20;50;200;-5;100;0.75;2;50;250;30;20;16;1044;1044
12436270;45;g_000;1;1;30;line_all;0.5;1045;1;15;8-15;10;5383306.25;5386682.5;5387880.0;7597455.0;3376.25;1197.5;2210772.5;eev,integrated,separated,ws;lintim;Mumford0;Mumford0;True;False;1e-05;6000;1;2;20;50;200;-5;100;0.75;2;50;250;30;20;16;1045;1045
12436270;46;g_000;1;1;30;line_all;0.5;1046;1;16;6-16;8;5334967.5;5338701.25;5339850.0;5339850.0;3733.75;1148.75;1148.75;eev,integrated,separated,ws;lintim;Mumford0;Mumford0;True;False;1e-05;6000;1;2;20;50;200;-5;100;0.75;2;50;250;30;20;16;1046;1046
12436270;47;g_000;1;1;30;line_all;0.5;1047;1;17;7-14;4;5332116.25;5334846.25;5335956.25;5334986.248777449;2730.0;1110.0;139.998777449131;eev,integrated,separated,ws;lintim;Mumford0;Mumford0;True;False;1e-05;6000;1;2;20;50;200;-5;100;0.75;2;50;250;30;20;16;1047;1047
12436270;48;g_000;1;1;30;line_all;0.5;1048;1;18;19-23;11;5367193.75;5368643.75;5369753.75;5368783.75;1450.0;1110.0;140.0;eev,integrated,separated,ws;lintim;Mumford0;Mumford0;True;False;1e-05;6000;1;2;20;50;200;-5;100;0.75;2;50;250;30;20;16;1048;1048
12436270;49;g_000;1;1;30;line_all;0.5;1049;1;19;1-14;2;5404582.5;5407575.0;5410153.75;5411388.739014569;2992.5;2578.75;3813.739014568738;eev,integrated,separated,ws;lintim;Mumford0;Mumford0;True;False;1e-05;6000;1;2;20;50;200;-5;100;0.75;2;50;250;30;20;16;1049;1049
12436270;50;g_000;1;1;30;line_all;0.5;1050;1;20;2-25;1;5343842.5;5347142.5;5349141.25;5349141.25;3300.0;1998.75;1998.75;eev,integrated,separated,ws;lintim;Mumford0;Mumford0;True;False;1e-05;6000;1;2;20;50;200;-5;100;0.75;2;50;250;30;20;16;1050;1050
12436270;51;g_000;1;1;30;line_all;0.5;1051;1;21;12-15;5,11;6510446.25;6515295.0;6516811.25;7200932.5;4848.75;1516.25;685637.5;eev,integrated,separated,ws;lintim;Mumford0;Mumford0;True;False;1e-05;6000;1;2;20;50;200;-5;100;0.75;2;50;250;30;20;16;1051;1051
12436270;52;g_000;1;1;30;line_all;0.5;1052;1;22;1-13;3;5367537.5;5370733.75;5372352.5;5389682.5;3196.25;1618.75;18948.75;eev,integrated,separated,ws;lintim;Mumford0;Mumford0;True;False;1e-05;6000;1;2;20;50;200;-5;100;0.75;2;50;250;30;20;16;1052;1052
12436270;53;g_000;1;1;30;line_all;0.5;1053;1;23;1-23;2;5379672.5;5382665.0;5385243.75;5386478.739014569;2992.5;2578.75;3813.739014568738;eev,integrated,separated,ws;lintim;Mumford0;Mumford0;True;False;1e-05;6000;1;2;20;50;200;-5;100;0.75;2;50;250;30;20;16;1053;1053
12436270;54;g_000;1;1;30;line_all;0.5;1054;1;24;17-28;3;5349571.25;5352645.0;5354266.25;5371596.25;3073.75;1621.25;18951.25;eev,integrated,separated,ws;lintim;Mumford0;Mumford0;True;False;1e-05;6000;1;2;20;50;200;-5;100;0.75;2;50;250;30;20;16;1054;1054
12436270;55;g_000;1;1;30;line_all;0.5;1055;1;25;15-21;7;6442525.0;6443157.5;6443302.5;6445937.5;632.5;145.0;2780.0;eev,integrated,separated,ws;lintim;Mumford0;Mumford0;True;False;1e-05;6000;1;2;20;50;200;-5;100;0.75;2;50;250;30;20;16;1055;1055
12436270;56;g_000;1;1;30;line_all;0.5;1056;1;26;21-24;12;5342620.0;5346925.0;5348103.75;5348103.75;4305.0;1178.75;1178.75;eev,integrated,separated,ws;lintim;Mumford0;Mumford0;True;False;1e-05;6000;1;2;20;50;200;-5;100;0.75;2;50;250;30;20;16;1056;1056
12436270;57;g_000;1;1;30;line_all;0.5;1057;1;27;9-27;9;6412325.0;6412325.0;6412325.0;6412325.0;0.0;0.0;0.0;eev,integrated,separated,ws;lintim;Mumford0;Mumford0;True;False;1e-05;6000;1;2;20;50;200;-5;100;0.75;2;50;250;30;20;16;1057;1057
12436270;58;g_000;1;1;30;line_all;0.5;1058;1;28;28-30;3;5334963.75;5337023.749258158;5338761.25;5356091.25;2059.999258157797;1737.5007418422028;19067.500741842203;eev,integrated,separated,ws;lintim;Mumford0;Mumford0;True;False;1e-05;6000;1;2;20;50;200;-5;100;0.75;2;50;250;30;20;16;1058;1058
12436270;59;g_000;1;1;30;line_all;0.5;1059;1;29;8-21;12;5345195.0;5349500.0;5350678.75;5350678.75;4305.0;1178.75;1178.75;eev,integrated,separated,ws;lintim;Mumford0;Mumford0;True;False;1e-05;6000;1;2;20;50;200;-5;100;0.75;2;50;250;30;20;16;1059;1059
12436270;60;g_000;1;1;30;share_stop;0.5;1060;2;0;2-25;;5343842.5;5347142.5;5349141.25;5349141.25;3300.0;1998.75;1998.75;eev,integrated,separated,ws;lintim;Mumford0;Mumford0;True;False;1e-05;6000;1;2;20;50;200;-5;100;0.75;2;50;250;30;20;16;1060;1060
12436270;61;g_000;1;1;30;share_stop;0.5;1061;2;1;2-5;;6412325.0;6412325.0;6412325.0;6412325.0;0.0;0.0;0.0;eev,integrated,separated,ws;lintim;Mumford0;Mumford0;True;False;1e-05;6000;1;2;20;50;200;-5;100;0.75;2;50;250;30;20;16;1061;1061
12436270;62;g_000;1;1;30;share_stop;0.5;1062;2;2;20-23;;6412325.0;6412325.0;6412325.0;6412325.0;0.0;0.0;0.0;eev,integrated,separated,ws;lintim;Mumford0;Mumford0;True;False;1e-05;6000;1;2;20;50;200;-5;100;0.75;2;50;250;30;20;16;1062;1062
12436270;63;g_000;1;1;30;share_stop;0.5;1063;2;3;3-16;;6412325.0;6412325.0;6412325.0;6412325.0;0.0;0.0;0.0;eev,integrated,separated,ws;lintim;Mumford0;Mumford0;True;False;1e-05;6000;1;2;20;50;200;-5;100;0.75;2;50;250;30;20;16;1063;1063
12436270;64;g_000;1;1;30;share_stop;0.5;1064;2;4;4-25;;6412325.0;6412325.0;6412325.0;6412325.0;0.0;0.0;0.0;eev,integrated,separated,ws;lintim;Mumford0;Mumford0;True;False;1e-05;6000;1;2;20;50;200;-5;100;0.75;2;50;250;30;20;16;1064;1064
12436270;65;g_000;1;1;30;share_stop;0.5;1065;2;5;26-29;;6412325.0;6412325.0;6412325.0;6412325.0;0.0;0.0;0.0;eev,integrated,separated,ws;lintim;Mumford0;Mumford0;True;False;1e-05;6000;1;2;20;50;200;-5;100;0.75;2;50;250;30;20;16;1065;1065
12436270;66;g_000;1;1;30;share_stop;0.5;1066;2;6;15-25;;6412325.0;6412325.0;6412325.0;6412325.0;0.0;0.0;0.0;eev,integrated,separated,ws;lintim;Mumford0;Mumford0;True;False;1e-05;6000;1;2;20;50;200;-5;100;0.75;2;50;250;30;20;16;1066;1066
12436270;67;g_000;1;1;30;share_stop;0.5;1067;2;7;5-21;;6412325.0;6412325.0;6412325.0;6412325.0;0.0;0.0;0.0;eev,integrated,separated,ws;lintim;Mumford0;Mumford0;True;False;1e-05;6000;1;2;20;50;200;-5;100;0.75;2;50;250;30;20;16;1067;1067
12436270;68;g_000;1;1;30;share_stop;0.5;1068;2;8;18-29;;6412325.0;6412325.0;6412325.0;6412325.0;0.0;0.0;0.0;eev,integrated,separated,ws;lintim;Mumford0;Mumford0;True;False;1e-05;6000;1;2;20;50;200;-5;100;0.75;2;50;250;30;20;16;1068;1068
12436270;69;g_000;1;1;30;share_stop;0.5;1069;2;9;7-11;;6412325.0;6412325.0;6412325.0;6412325.0;0.0;0.0;0.0;eev,integrated,separated,ws;lintim;Mumford0;Mumford0;True;False;1e-05;6000;1;2;20;50;200;-5;100;0.75;2;50;250;30;20;16;1069;1069
12436270;70;g_000;1;1;30;share_stop;0.5;1070;2;10;4-10;;6412325.0;6412325.0;6412325.0;6412325.0;0.0;0.0;0.0;eev,integrated,separated,ws;lintim;Mumford0;Mumford0;True;False;1e-05;6000;1;2;20;50;200;-5;100;0.75;2;50;250;30;20;16;1070;1070
12436270;71;g_000;1;1;30;share_stop;0.5;1071;2;11;1-20;;6412325.0;6412325.0;6412325.0;6412325.0;0.0;0.0;0.0;eev,integrated,separated,ws;lintim;Mumford0;Mumford0;True;False;1e-05;6000;1;2;20;50;200;-5;100;0.75;2;50;250;30;20;16;1071;1071
12436270;72;g_000;1;1;30;share_stop;0.5;1072;2;12;3-30;;6412325.0;6412325.0;6412325.0;6412325.0;0.0;0.0;0.0;eev,integrated,separated,ws;lintim;Mumford0;Mumford0;True;False;1e-05;6000;1;2;20;50;200;-5;100;0.75;2;50;250;30;20;16;1072;1072
12436270;73;g_000;1;1;30;share_stop;0.5;1073;2;13;5-8;;5338701.25;5341731.25;5342910.0;5342910.0;3030.0;1178.75;1178.75;eev,integrated,separated,ws;lintim;Mumford0;Mumford0;True;False;1e-05;6000;1;2;20;50;200;-5;100;0.75;2;50;250;30;20;16;1073;1073
12436270;74;g_000;1;1;30;share_stop;0.5;1074;2;14;18-19;;6412325.0;6412325.0;6412325.0;6412325.0;0.0;0.0;0.0;eev,integrated,separated,ws;lintim;Mumford0;Mumford0;True;False;1e-05;6000;1;2;20;50;200;-5;100;0.75;2;50;250;30;20;16;1074;1074
12436270;75;g_000;1;1;30;share_stop;0.5;1075;2;15;1-19;;6412325.0;6412325.0;6412325.0;6412325.0;0.0;0.0;0.0;eev,integrated,separated,ws;lintim;Mumford0;Mumford0;True;False;1e-05;6000;1;2;20;50;200;-5;100;0.75;2;50;250;30;20;16;1075;1075
12436270;76;g_000;1;1;30;share_stop;0.5;1076;2;16;21-24;;5342620.0;5346925.0;5348103.75;5348103.75;4305.0;1178.75;1178.75;eev,integrated,separated,ws;lintim;Mumford0;Mumford0;True;False;1e-05;6000;1;2;20;50;200;-5;100;0.75;2;50;250;30;20;16;1076;1076
12436270;77;g_000;1;1;30;share_stop;0.5;1077;2;17;5-25;;6412325.0;6412325.0;6412325.0;6412325.0;0.0;0.0;0.0;eev,integrated,separated,ws;lintim;Mumford0;Mumford0;True;False;1e-05;6000;1;2;20;50;200;-5;100;0.75;2;50;250;30;20;16;1077;1077
12436270;78;g_000;1;1;30;share_stop;0.5;1078;2;18;19-23;;5367193.75;5368643.75;5369753.75;5368783.75;1450.0;1110.0;140.0;eev,integrated,separated,ws;lintim;Mumford0;Mumford0;True;False;1e-05;6000;1;2;20;50;200;-5;100;0.75;2;50;250;30;20;16;1078;1078
12436270;79;g_000;1;1;30;share_stop;0.5;1079;2;19;1-29;;5330773.75;5332453.75;5334006.25;5351363.75;1680.0;1552.5;18910.0;eev,integrated,separated,ws;lintim;Mumford0;Mumford0;True;False;1e-05;6000;1;2;20;50;200;-5;100;0.75;2;50;250;30;20;16;1079;1079
12436270;80;g_000;1;1;30;share_stop;0.5;1080;2;20;5-15;;6412325.0;6412325.0;6412325.0;6412325.0;0.0;0.0;0.0;eev,integrated,separated,ws;lintim;Mumford0;Mumford0;True;False;1e-05;6000;1;2;20;50;200;-5;100;0.75;2;50;250;30;20;16;1080;1080
12436270;81;g_000;1;1;30;share_stop;0.5;1081;2;21;1-14;;5404582.5;5407575.0;5410153.75;5411388.739014569;2992.5;2578.75;3813.739014568738;eev,integrated,separated,ws;lintim;Mumford0;Mumford0;True;False;1e-05;6000;1;2;20;50;200;-5;100;0.75;2;50;250;30;20;16;1081;1081
12436270;82;g_000;1;1;30;share_stop;0.5;1082;2;22;11-16;;6412325.0;6412325.0;6412325.0;6412325.0;0.0;0.0;0.0;eev,integrated,separated,ws;lintim;Mumford0;Mumford0;True;False;1e-05;6000;1;2;20;50;200;-5;100;0.75;2;50;250;30;20;16;1082;1082
12436270;83;g_000;1;1;30;share_stop;0.5;1083;2;23;3-28;;6412325.0;6412325.0;6412325.0;6412325.0;0.0;0.0;0.0;eev,integrated,separated,ws;lintim;Mumford0;Mumford0;True;False;1e-05;6000;1;2;20;50;200;-5;100;0.75;2;50;250;30;20;16;1083;1083
12436270;84;g_000;1;1;30;share_stop;0.5;1084;2;24;8-11;;5331442.5;5335337.5;5337366.25;5337366.25;3895.0;2028.75;2028.75;eev,integrated,separated,ws;lintim;Mumford0;Mumford0;True;False;1e-05;6000;1;2;20;50;200;-5;100;0.75;2;50;250;30;20;16;1084;1084
12436270;85;g_000;1;1;30;share_stop;0.5;1085;2;25;1-27;;6412325.0;6412325.0;6412325.0;6412325.0;0.0;0.0;0.0;eev,integrated,separated,ws;lintim;Mumford0;Mumford0;True;False;1e-05;6000;1;2;20;50;200;-5;100;0.75;2;50;250;30;20;16;1085;1085
12436270;86;g_000;1;1;30;share_stop;0.5;1086;2;26;4-15;;6412325.0;6412325.0;6412325.0;6412325.0;0.0;0.0;0.0;eev,integrated,separated,ws;lintim;Mumford0;Mumford0;True;False;1e-05;6000;1;2;20;50;200;-5;100;0.75;2;50;250;30;20;16;1086;1086
12436270;87;g_000;1;1;30;share_stop;0.5;1087;2;27;2-24;;6412325.0;6412325.0;6412325.0;6412325.0;0.0;0.0;0.0;eev,integrated,separated,ws;lintim;Mumford0;Mumford0;True;False;1e-05;6000;1;2;20;50;200;-5;100;0.75;2;50;250;30;20;16;1087;1087
12436270;88;g_000;1;1;30;share_stop;0.5;1088;2;28;3-17;;6412325.0;6412325.0;6412325.0;6412325.0;0.0;0.0;0.0;eev,integrated,separated,ws;lintim;Mumford0;Mumford0;True;False;1e-05;6000;1;2;20;50;200;-5;100;0.75;2;50;250;30;20;16;1088;1088
12436270;89;g_000;1;1;30;share_stop;0.5;1089;2;29;4-5;;6412325.0;6412325.0;6412325.0;6412325.0;0.0;0.0;0.0;eev,integrated,separated,ws;lintim;Mumford0;Mumford0;True;False;1e-05;6000;1;2;20;50;200;-5;100;0.75;2;50;250;30;20;16;1089;1089
12436270;90;g_000;1;1;30;random;0.5;1090;3;0;11-30;;6412325.0;6412325.0;6412325.0;6412325.0;0.0;0.0;0.0;eev,integrated,separated,ws;lintim;Mumford0;Mumford0;True;False;1e-05;6000;1;2;20;50;200;-5;100;0.75;2;50;250;30;20;16;1090;1090
12436270;91;g_000;1;1;30;random;0.5;1091;3;1;8-11;;5331442.5;5335337.5;5337366.25;5337366.25;3895.0;2028.75;2028.75;eev,integrated,separated,ws;lintim;Mumford0;Mumford0;True;False;1e-05;6000;1;2;20;50;200;-5;100;0.75;2;50;250;30;20;16;1091;1091
12436270;92;g_000;1;1;30;random;0.5;1092;3;2;12-15;;6510446.25;6515295.0;6516811.25;7200932.5;4848.75;1516.25;685637.5;eev,integrated,separated,ws;lintim;Mumford0;Mumford0;True;False;1e-05;6000;1;2;20;50;200;-5;100;0.75;2;50;250;30;20;16;1092;1092
12436270;93;g_000;1;1;30;random;0.5;1093;3;3;4-25;;6412325.0;6412325.0;6412325.0;6412325.0;0.0;0.0;0.0;eev,integrated,separated,ws;lintim;Mumford0;Mumford0;True;False;1e-05;6000;1;2;20;50;200;-5;100;0.75;2;50;250;30;20;16;1093;1093
12436270;94;g_000;1;1;30;random;0.5;1094;3;4;19-23;;5367193.75;5368643.75;5369753.75;5368783.75;1450.0;1110.0;140.0;eev,integrated,separated,ws;lintim;Mumford0;Mumford0;True;False;1e-05;6000;1;2;20;50;200;-5;100;0.75;2;50;250;30;20;16;1094;1094
12436270;95;g_000;1;1;30;random;0.5;1095;3;5;5-24;;6412325.0;6412325.0;6412325.0;6412325.0;0.0;0.0;0.0;eev,integrated,separated,ws;lintim;Mumford0;Mumford0;True;False;1e-05;6000;1;2;20;50;200;-5;100;0.75;2;50;250;30;20;16;1095;1095
12436270;96;g_000;1;1;30;random;0.5;1096;3;6;8-29;;6412325.0;6412325.0;6412325.0;6412325.0;0.0;0.0;0.0;eev,integrated,separated,ws;lintim;Mumford0;Mumford0;True;False;1e-05;6000;1;2;20;50;200;-5;100;0.75;2;50;250;30;20;16;1096;1096
12436270;97;g_000;1;1;30;random;0.5;1097;3;7;1-13;;5367537.5;5370733.75;5372352.5;5389682.5;3196.25;1618.75;18948.75;eev,integrated,separated,ws;lintim;Mumford0;Mumford0;True;False;1e-05;6000;1;2;20;50;200;-5;100;0.75;2;50;250;30;20;16;1097;1097
12436270;98;g_000;1;1;30;random;0.5;1098;3;8;3-11;;6412325.0;6412325.0;6412325.0;6412325.0;0.0;0.0;0.0;eev,integrated,separated,ws;lintim;Mumford0;Mumford0;True;False;1e-05;6000;1;2;20;50;200;-5;100;0.75;2;50;250;30;20;16;1098;1098
12436270;99;g_000;1;1;30;random;0.5;1099;3;9;2-5;;6412325.0;6412325.0;6412325.0;6412325.0;0.0;0.0;0.0;eev,integrated,separated,ws;lintim;Mumford0;Mumford0;True;False;1e-05;6000;1;2;20;50;200;-5;100;0.75;2;50;250;30;20;16;1099;1099
12436270;100;g_000;1;1;30;random;0.5;1100;3;10;10-15;;6447392.5;6447392.5;6447392.5;6450027.5;0.0;0.0;2635.0;eev,integrated,separated,ws;lintim;Mumford0;Mumford0;True;False;1e-05;6000;1;2;20;50;200;-5;100;0.75;2;50;250;30;20;16;1100;1100
12436270;101;g_000;1;1;30;random;0.5;1101;3;11;3-7;;6412325.0;6412325.0;6412325.0;6412325.0;0.0;0.0;0.0;eev,integrated,separated,ws;lintim;Mumford0;Mumford0;True;False;1e-05;6000;1;2;20;50;200;-5;100;0.75;2;50;250;30;20;16;1101;1101
12436270;102;g_000;1;1;30;random;0.5;1102;3;12;2-24;;6412325.0;6412325.0;6412325.0;6412325.0;0.0;0.0;0.0;eev,integrated,separated,ws;lintim;Mumford0;Mumford0;True;False;1e-05;6000;1;2;20;50;200;-5;100;0.75;2;50;250;30;20;16;1102;1102
12436270;103;g_000;1;1;30;random;0.5;1103;3;13;17-29;;5341555.0;5343623.75;5345203.75;5362533.75;2068.75;1580.0;18910.0;eev,integrated,separated,ws;lintim;Mumford0;Mumford0;True;False;1e-05;6000;1;2;20;50;200;-5;100;0.75;2;50;250;30;20;16;1103;1103
12436270;104;g_000;1;1;30;random;0.5;1104;3;14;7-16;;6412325.0;6412325.0;6412325.0;6412325.0;0.0;0.0;0.0;eev,integrated,separated,ws;lintim;Mumford0;Mumford0;True;False;1e-05;6000;1;2;20;50;200;-5;100;0.75;2;50;250;30;20;16;1104;1104
12436270;105;g_000;1;1;30;random;0.5;1105;3;15;1-27;;6412325.0;6412325.0;6412325.0;6412325.0;0.0;0.0;0.0;eev,integrated,separated,ws;lintim;Mumford0;Mumford0;True;False;1e-05;6000;1;2;20;50;200;-5;100;0.75;2;50;250;30;20;16;1105;1105
12436270;106;g_000;1;1;30;random;0.5;1106;3;16;1-23;;5379672.5;5382665.0;5385243.75;5386478.739014569;2992.5;2578.75;3813.739014568738;eev,integrated,separated,ws;lintim;Mumford0;Mumford0;True;False;1e-05;6000;1;2;20;50;200;-5;100;0.75;2;50;250;30;20;16;1106;1106
12436270;107;g_000;1;1;30;random;0.5;1107;3;17;16-30;;6412325.0;6412325.0;6412325.0;6412325.0;0.0;0.0;0.0;eev,integrated,separated,ws;lintim;Mumford0;Mumford0;True;False;1e-05;6000;1;2;20;50;200;-5;100;0.75;2;50;250;30;20;16;1107;1107
12436270;108;g_000;1;1;30;random;0.5;1108;3;18;5-15;;6412325.0;6412325.0;6412325.0;6412325.0;0.0;0.0;0.0;eev,integrated,separated,ws;lintim;Mumford0;Mumford0;True;False;1e-05;6000;1;2;20;50;200;-5;100;0.75;2;50;250;30;20;16;1108;1108
12436270;109;g_000;1;1;30;random;0.5;1109;3;19;4-12;;6939713.75;6950067.5;6952506.25;6951441.239014569;10353.75;2438.75;1373.7390145687386;eev,integrated,separated,ws;lintim;Mumford0;Mumford0;True;False;1e-05;6000;1;2;20;50;200;-5;100;0.75;2;50;250;30;20;16;1109;1109
12436270;110;g_000;1;1;30;random;0.5;1110;3;20;2-10;;6412325.0;6412325.0;6412325.0;6412325.0;0.0;0.0;0.0;eev,integrated,separated,ws;lintim;Mumford0;Mumford0;True;False;1e-05;6000;1;2;20;50;200;-5;100;0.75;2;50;250;30;20;16;1110;1110
12436270;111;g_000;1;1;30;random;0.5;1111;3;21;8-28;;6412325.0;6412325.0;6412325.0;6412325.0;0.0;0.0;0.0;eev,integrated,separated,ws;lintim;Mumford0;Mumford0;True;False;1e-05;6000;1;2;20;50;200;-5;100;0.75;2;50;250;30;20;16;1111;1111
12436270;112;g_000;1;1;30;random;0.5;1112;3;22;21-25;;6412325.0;6412325.0;6412325.0;6412325.0;0.0;0.0;0.0;eev,integrated,separated,ws;lintim;Mumford0;Mumford0;True;False;1e-05;6000;1;2;20;50;200;-5;100;0.75;2;50;250;30;20;16;1112;1112
12436270;113;g_000;1;1;30;random;0.5;1113;3;23;13-19;;6412325.0;6412325.0;6412325.0;6412325.0;0.0;0.0;0.0;eev,integrated,separated,ws;lintim;Mumford0;Mumford0;True;False;1e-05;6000;1;2;20;50;200;-5;100;0.75;2;50;250;30;20;16;1113;1113
12436270;114;g_000;1;1;30;random;0.5;1114;3;24;24-25;;6412325.0;6412325.0;6412325.0;6412325.0;0.0;0.0;0.0;eev,integrated,separated,ws;lintim;Mumford0;Mumford0;True;False;1e-05;6000;1;2;20;50;200;-5;100;0.75;2;50;250;30;20;16;1114;1114
12436270;115;g_000;1;1;30;random;0.5;1115;3;25;7-17;;5370847.5;5376002.5;5379583.75;7589637.5;5155.0;3581.25;2213635.0;eev,integrated,separated,ws;lintim;Mumford0;Mumford0;True;False;1e-05;6000;1;2;20;50;200;-5;100;0.75;2;50;250;30;20;16;1115;1115
12436270;116;g_000;1;1;30;random;0.5;1116;3;26;7-11;;6412325.0;6412325.0;6412325.0;6412325.0;0.0;0.0;0.0;eev,integrated,separated,ws;lintim;Mumford0;Mumford0;True;False;1e-05;6000;1;2;20;50;200;-5;100;0.75;2;50;250;30;20;16;1116;1116
12436270;117;g_000;1;1;30;random;0.5;1117;3;27;11-16;;6412325.0;6412325.0;6412325.0;6412325.0;0.0;0.0;0.0;eev,integrated,separated,ws;lintim;Mumford0;Mumford0;True;False;1e-05;6000;1;2;20;50;200;-5;100;0.75;2;50;250;30;20;16;1117;1117
12436270;118;g_000;1;1;30;random;0.5;1118;3;28;4-5;;6412325.0;6412325.0;6412325.0;6412325.0;0.0;0.0;0.0;eev,integrated,separated,ws;lintim;Mumford0;Mumford0;True;False;1e-05;6000;1;2;20;50;200;-5;100;0.75;2;50;250;30;20;16;1118;1118
12436270;119;g_000;1;1;30;random;0.5;1119;3;29;23-26;;6412325.0;6412325.0;6412325.0;6412325.0;0.0;0.0;0.0;eev,integrated,separated,ws;lintim;Mumford0;Mumford0;True;False;1e-05;6000;1;2;20;50;200;-5;100;0.75;2;50;250;30;20;16;1119;1119
12436270;120;g_000;2;1;30;line_consecutive;0.5;1120;4;0;2-25,8-25;1;7056687.5;7059757.5;7061616.250020567;7061616.250020567;3070.0;1858.750020567328;1858.750020567328;eev,integrated,separated,ws;lintim;Mumford0;Mumford0;True;False;1e-05;6000;1;2;20;50;200;-5;100;0.75;2;50;250;30;20;16;1120;1120
12436270;121;g_000;2;1;30;line_consecutive;0.5;1121;4;1;8-11,8-25;1;5341370.0;5344670.0;5346698.75;5346698.75;3300.0;2028.75;2028.75;eev,integrated,separated,ws;lintim;Mumford0;Mumford0;True;False;1e-05;6000;1;2;20;50;200;-5;100;0.75;2;50;250;30;20;16;1121;1121
12436270;122;g_000;2;1;30;line_consecutive;0.5;1122;4;2;8-11,11-22;1;6638746.25;6642292.5;6644181.25;6644181.25;3546.25;1888.75;1888.75;eev,integrated,separated,ws;lintim;Mumford0;Mumford0;True;False;1e-05;6000;1;2;20;50;200;-5;100;0.75;2;50;250;30;20;16;1122;1122
12436270;123;g_000;2;1;30;line_consecutive;0.5;1123;4;3;2-4,4-12;2;7721506.25;7728410.0;7730848.75;7729783.739014569;6903.75;2438.75;1373.7390145687386;eev,integrated,separated,ws;lintim;Mumford0;Mumford0;True;False;1e-05;6000;1;2;20;50;200;-5;100;0.75;2;50;250;30;20;16;1123;1123
12436270;124;g_000;2;1;30;line_consecutive;0.5;1124;4;4;4-12,12-18;2;8601151.25;8606750.0;8609188.75;15902197.5;5598.75;2438.75;7295447.5;eev,integrated,separated,ws;lintim;Mumford0;Mumford0;True;False;1e-05;6000;1;2;20;50;200;-5;100;0.75;2;50;250;30;20;16;1124;1124
12436270;125;g_000;2;1;30;line_consecutive;0.5;1125;4;5;12-18,18-23;2,11;7775067.5;7778895.0;7780988.75;15090442.5;3827.5;2093.75;7311547.5;eev,integrated,separated,ws;lintim;Mumford0;Mumford0;True;False;1e-05;6000;1;2;20;50;200;-5;100;0.75;2;50;250;30;20;16;1125;1125
12436270;126;g_000;2;1;30;line_consecutive;0.5;1126;4;6;1-23,18-23;2;5403202.5;5404706.25;5405816.25;12719245.0;1503.75;1110.0;7314538.75;eev,integrated,separated,ws;lintim;Mumford0;Mumford0;True;False;1e-05;6000;1;2;20;50;200;-5;100;0.75;2;50;250;30;20;16;1126;1126
12436270;127;g_000;2;1;30;line_consecutive;0.5;1127;4;7;1-14,1-23;2;5404582.5;5407575.0;5410153.75;5411388.739014569;2992.5;2578.75;3813.739014568738;eev,integrated,separated,ws;lintim;Mumford0;Mumford0;True;False;1e-05;6000;1;2;20;50;200;-5;100;0.75;2;50;250;30;20;16;1127;1127
12436270;128;g_000;2;1;30;line_consecutive;0.5;1128;4;8;1-13,9-13;3;8011642.5;8014287.5;8016027.5;8030757.5;2645.0;1740.0;16470.0;eev,integrated,separated,ws;lintim;Mumford0;Mumford0;True;False;1e-05;6000;1;2;20;50;200;-5;100;0.75;2;50;250;30;20;16;1128;1128
12436270;129;g_000;2;1;30;line_consecutive;0.5;1129;4;9;1-13,1-29;3;5347825.0;5349504.999258158;5351085.0;5368415.0;1679.9992581577972;1580.0007418422028;18910.000741842203;eev,integrated,separated,ws;lintim;Mumford0;Mumford0;True;False;1e-05;6000;1;2;20;50;200;-5;100;0.75;2;50;250;30;20;16;1129;1129
12436270;130;g_000;2;1;30;line_consecutive;0.5;1130;4;10;1-29,17-29;3;5358731.25;5361104.99941287;5362685.0;5380015.0;2373.7494128700346;1580.0005871299654;18910.000587129965;eev,integrated,separated,ws;lintim;Mumford0;Mumford0;True;False;1e-05;6000;1;2;20;50;200;-5;100;0.75;2;50;250;30;20;16;1130;1130
12436270;131;g_000;2;1;30;line_consecutive;0.5;1131;4;11;17-28,17-29;3;5341555.0;5343623.749258158;5345203.75;5362533.749998269;2068.749258157797;1580.0007418422028;18910.000740110878;eev,integrated,separated,ws;lintim;Mumford0;Mumford0;True;False;1e-05;6000;1;2;20;50;200;-5;100;0.75;2;50;250;30;20;16;1131;1131
12436270;132;g_000;2;1;30;line_consecutive;0.5;1132;4;12;17-28,28-30;3;6227461.25;6229341.25;6230941.25;6248271.25;1880.0;1600.0;18930.0;eev,integrated,separated,ws;lintim;Mumford0;Mumford0;True;False;1e-05;6000;1;2;20;50;200;-5;100;0.75;2;50;250;30;20;16;1132;1132
12436270;133;g_000;2;1;30;line_consecutive;0.5;1133;4;13;6-7,7-14;4;5378435.0;5380706.25;5382191.25;8606839.999538876;2271.25;1485.0;3226133.749538876;eev,integrated,separated,ws;lintim;Mumford0;Mumford0;True;False;1e-05;6000;1;2;20;50;200;-5;100;0.75;2;50;250;30;20;16;1133;1133
12436270;134;g_000;2;1;30;line_consecutive;0.5;1134;4;14;7-14,14-19;4;5332116.25;5334846.25;5335956.25;5334986.248777449;2730.0;1110.0;139.998777449131;eev,integrated,separated,ws;lintim;Mumford0;Mumford0;True;False;1e-05;6000;1;2;20;50;200;-5;100;0.75;2;50;250;30;20;16;1134;1134
12436270;135;g_000;2;1;30;line_consecutive;0.5;1135;4;15;14-19,19-20;4;5348941.25;5351678.75;5353656.25;5352686.248777449;2737.5;1977.5;1007.498777449131;eev,integrated,separated,ws;lintim;Mumford0;Mumford0;True;False;1e-05;6000;1;2;20;50;200;-5;100;0.75;2;50;250;30;20;16;1135;1135
12436270;136;g_000;2;1;30;line_consecutive;0.5;1136;4;16;12-15,15-24;5;6509073.75;6512995.0;6514511.25;7198632.5;3921.25;1516.25;685637.5;eev,integrated,separated,ws;lintim;Mumford0;Mumford0;True;False;1e-05;6000;1;2;20;50;200;-5;100;0.75;2;50;250;30;20;16;1136;1136
12436270;137;g_000;2;1;30;line_consecutive;0.5;1137;4;17;12-15,12-26;5;5403165.0;5407837.5;5412536.25;6103127.5;4672.5;4698.75;695290.0;eev,integrated,separated,ws;lintim;Mumford0;Mumford0;True;False;1e-05;6000;1;2;20;50;200;-5;100;0.75;2;50;250;30;20;16;1137;1137
12436270;138;g_000;2;1;30;line_consecutive;0.5;1138;4;18;3-8,5-8;6;5342542.5;5345407.5;5346586.25;5346586.25;2865.0;1178.75;1178.75;eev,integrated,separated,ws;lintim;Mumford0;Mumford0;True;False;1e-05;6000;1;2;20;50;200;-5;100;0.75;2;50;250;30;20;16;1138;1138
12436270;139;g_000;2;1;30;line_consecutive;0.5;1139;4;19;10-15,15-21;7;6471890.0;6472722.5;6472867.5;6475502.5;832.5;145.0;2780.0;eev,integrated,separated,ws;lintim;Mumford0;Mumford0;True;False;1e-05;6000;1;2;20;50;200;-5;100;0.75;2;50;250;30;20;16;1139;1139
12436270;140;g_000;2;1;30;line_consecutive;0.5;1140;4;20;2-15,8-15;10;5404765.0;5411303.75;5412691.25;7622675.0;6538.75;1387.5;2211371.25;eev,integrated,separated,ws;lintim;Mumford0;Mumford0;True;False;1e-05;6000;1;2;20;50;200;-5;100;0.75;2;50;250;30;20;16;1140;1140
12436270;141;g_000;2;1;30;line_consecutive;0.5;1141;4;21;8-15,8-17;10;5420915.0;5424512.5;5425551.25;7635032.5;3597.5;1038.75;2210520.0;eev,integrated,separated,ws;lintim;Mumford0;Mumford0;True;False;1e-05;6000;1;2;20;50;200;-5;100;0.75;2;50;250;30;20;16;1141;1141
12436270;142;g_000;2;1;30;line_consecutive;0.5;1142;4;22;7-17,8-17;10;5390097.5;5395362.5;5399341.25;7609527.5;5265.0;3978.75;2214165.0;eev,integrated,separated,ws;lintim;Mumford0;Mumford0;True;False;1e-05;6000;1;2;20;50;200;-5;100;0.75;2;50;250;30;20;16;1142;1142
12436270;143;g_000;2;1;30;line_consecutive;0.5;1143;4;23;6-7,7-17;10;5400698.75;5406535.0;5408593.75;8630404.999538876;5836.25;2058.75;3223869.999538876;eev,integrated,separated,ws;lintim;Mumford0;Mumford0;True;False;1e-05;6000;1;2;20;50;200;-5;100;0.75;2;50;250;30;20;16;1143;1143
12436270;144;g_000;2;1;30;line_consecutive;0.5;1144;4;24;12-15,12-18;11;6577433.75;6582479.999628655;6584076.25;13916867.5;5046.249628654681;1596.2503713453189;7334387.500371345;eev,integrated,separated,ws;lintim;Mumford0;Mumford0;True;False;1e-05;6000;1;2;20;50;200;-5;100;0.75;2;50;250;30;20;16;1144;1144
12436270;145;g_000;2;1;30;line_consecutive;0.5;1145;4;25;18-23,19-23;11;6290042.5;6291486.25;6292596.25;13604855.0;1443.75;1110.0;7313368.75;eev,integrated,separated,ws;lintim;Mumford0;Mumford0;True;False;1e-05;6000;1;2;20;50;200;-5;100;0.75;2;50;250;30;20;16;1145;1145
12436270;146;g_000;2;1;30;line_consecutive;0.5;1146;4;26;3-8,8-21;12;5341295.0;5344161.25;5345340.0;5345340.0;2866.25;1178.75;1178.75;eev,integrated,separated,ws;lintim;Mumford0;Mumford0;True;False;1e-05;6000;1;2;20;50;200;-5;100;0.75;2;50;250;30;20;16;1146;1146
12436270;147;g_000;2;1;30;line_consecutive;0.5;1147;4;27;8-21,21-24;12;5345195.0;5349500.0;5350678.75;5350678.75;4305.0;1178.75;1178.75;eev,integrated,separated,ws;lintim;Mumford0;Mumford0;True;False;1e-05;6000;1;2;20;50;200;-5;100;0.75;2;50;250;30;20;16;1147;1147
12436270;148;g_000;2;1;30;line_all;0.5;1148;5;0;1-29,17-29;3;5358731.25;5361104.99941287;5362685.0;5380015.0;2373.7494128700346;1580.0005871299654;18910.000587129965;eev,integrated,separated,ws;lintim;Mumford0;Mumford0;True;False;1e-05;6000;1;2;20;50;200;-5;100;0.75;2;50;250;30;20;16;1148;1148
12436270;149;g_000;2;1;30;line_all;0.5;1149;5;1;12-15,18-23;11;5470858.75;5474228.75;5475338.75;12808370.0;3370.0;1110.0;7334141.25;eev,integrated,separated,ws;lintim;Mumford0;Mumford0;True;False;1e-05;6000;1;2;20;50;200;-5;100;0.75;2;50;250;30;20;16;1149;1149
12436270;150;g_000;2;1;30;line_all;0.5;1150;5;2;1-14,12-18;2;7817918.75;7823455.0;7825893.75;15122132.5;5536.25;2438.75;7298677.5;eev,integrated,separated,ws;lintim;Mumford0;Mumford0;True;False;1e-05;6000;1;2;20;50;200;-5;100;0.75;2;50;250;30;20;16;1150;1150
12436270;151;g_000;2;1;30;line_all;0.5;1151;5;3;1-23,12-18;2;7775067.5;7778895.0;7780988.75;15090442.5;3827.5;2093.75;7311547.5;eev,integrated,separated,ws;lintim;Mumford0;Mumford0;True;False;1e-05;6000;1;2;20;50;200;-5;100;0.75;2;50;250;30;20;16;1151;1151
12436270;152;g_000;2;1;30;line_all;0.5;1152;5;4;3-8,21-24;12;5341295.0;5344161.25;5345340.0;5345340.0;2866.25;1178.75;1178.75;eev,integrated,separated,ws;lintim;Mumford0;Mumford0;True;False;1e-05;6000;1;2;20;50;200;-5;100;0.75;2;50;250;30;20;16;1152;1152
12436270;153;g_000;2;1;30;line_all;0.5;1153;5;5;2-25,11-22;1;5346450.0;5350577.5;5352576.25;5352576.25;4127.5;1998.75;1998.75;eev,integrated,separated,ws;lintim;Mumford0;Mumford0;True;False;1e-05;6000;1;2;20;50;200;-5;100;0.75;2;50;250;30;20;16;1153;1153
12436270;154;g_000;2;1;30;line_all;0.5;1154;5;6;17-28,28-30;3;6227461.25;6229341.25;6230941.25;6248271.25;1880.0;1600.0;18930.0;eev,integrated,separated,ws;lintim;Mumford0;Mumford0;True;False;1e-05;6000;1;2;20;50;200;-5;100;0.75;2;50;250;30;20;16;1154;1154
12436270;155;g_000;2;1;30;line_all;0.5;1155;5;7;8-21,21-24;12;5345195.0;5349500.0;5350678.75;5350678.75;4305.0;1178.75;1178.75;eev,integrated,separated,ws;lintim;Mumford0;Mumford0;True;False;1e-05;6000;1;2;20;50;200;-5;100;0.75;2;50;250;30;20;16;1155;1155
12436270;156;g_000;2;1;30;line_all;0.5;1156;5;8;2-25,8-11;1;5349327.5;5352627.5;5354626.25;5354626.25;3300.0;1998.75;1998.75;eev,integrated,separated,ws;lintim;Mumford0;Mumford0;True;False;1e-05;6000;1;2;20;50;200;-5;100;0.75;2;50;250;30;20;16;1156;1156
12436270;157;g_000;2;1;30;line_all;0.5;1157;5;9;1-14,18-23;2;5446987.5;5449470.0;5450681.25;12761777.5;2482.5;1211.25;7312307.5;eev,integrated,separated,ws;lintim;Mumford0;Mumford0;True;False;1e-05;6000;1;2;20;50;200;-5;100;0.75;2;50;250;30;20;16;1157;1157
12436270;158;g_000;2;1;30;line_all;0.5;1158;5;10;17-28,17-29;3;5341555.0;5343623.749258158;5345203.75;5362533.749998269;2068.749258157797;1580.0007418422028;18910.000740110878;eev,integrated,separated,ws;lintim;Mumford0;Mumford0;True;False;1e-05;6000;1;2;20;50;200;-5;100;0.75;2;50;250;30;20;16;1158;1158
12436270;159;g_000;2;1;30;line_all;0.5;1159;5;11;10-15,15-21;7;6471890.0;6472722.5;6472867.5;6475502.5;832.5;145.0;2780.0;eev,integrated,separated,ws;lintim;Mumford0;Mumford0;True;False;1e-05;6000;1;2;20;50;200;-5;100;0.75;2;50;250;30;20;16;1159;1159
12436270;160;g_000;2;1;30;line_all;0.5;1160;5;12;1-23,2-4;2;5403627.5;5406620.0;5409198.75;5410433.739014569;2992.5;2578.75;3813.739014568738;eev,integrated,separated,ws;lintim;Mumford0;Mumford0;True;False;1e-05;6000;1;2;20;50;200;-5;100;0.75;2;50;250;30;20;16;1160;1160
12436270;161;g_000;2;1;30;line_all;0.5;1161;5;13;12-15,15-24;5;6509073.75;6512995.0;6514511.25;7198632.5;3921.25;1516.25;685637.5;eev,integrated,separated,ws;lintim;Mumford0;Mumford0;True;False;1e-05;6000;1;2;20;50;200;-5;100;0.75;2;50;250;30;20;16;1161;1161
12436270;162;g_000;2;1;30;line_all;0.5;1162;5;14;4-12,12-18;2;8601151.25;8606750.0;8609188.75;15902197.5;5598.75;2438.75;7295447.5;eev,integrated,separated,ws;lintim;Mumford0;Mumford0;True;False;1e-05;6000;1;2;20;50;200;-5;100;0.75;2;50;250;30;20;16;1162;1162
12436270;163;g_000;2;1;30;line_all;0.5;1163;5;15;1-29,17-28;3;5367377.5;5369428.75;5371008.75;5388338.75;2051.25;1580.0;18910.0;eev,integrated,separated,ws;lintim;Mumford0;Mumford0;True;False;1e-05;6000;1;2;20;50;200;-5;100;0.75;2;50;250;30;20;16;1163;1163
12436270;164;g_000;2;1;30;line_all;0.5;1164;5;16;12-15,12-18;11;6577433.75;6582479.999628655;6584076.25;13916867.5;5046.249628654681;1596.2503713453189;7334387.500371345;eev,integrated,separated,ws;lintim;Mumford0;Mumford0;True;False;1e-05;6000;1;2;20;50;200;-5;100;0.75;2;50;250;30;20;16;1164;1164
12436270;165;g_000;2;1;30;line_all;0.5;1165;5;17;1-14,2-4;2;6478858.75;6479936.248898629;6481361.25;6484086.239014569;1077.4988986290991;1425.0011013709009;4149.99011593964;eev,integrated,separated,ws;lintim;Mumford0;Mumford0;True;False;1e-05;6000;1;2;20;50;200;-5;100;0.75;2;50;250;30;20;16;1165;1165
12436270;166;g_000;2;1;30;line_all;0.5;1166;5;18;2-15,8-17;10;5417072.5;5421041.249395278;5423481.25;7633786.25;3968.7493952782825;2440.000604721717;2212745.0006047217;eev,integrated,separated,ws;lintim;Mumford0;Mumford0;True;False;1e-05;6000;1;2;20;50;200;-5;100;0.75;2;50;250;30;20;16;1166;1166
12436270;167;g_000;2;1;30;line_all;0.5;1167;5;19;6-7,8-17;10;5403327.5;5409807.5;5410956.25;8631817.499538876;6480.0;1148.75;3222009.999538876;eev,integrated,separated,ws;lintim;Mumford0;Mumford0;True;False;1e-05;6000;1;2;20;50;200;-5;100;0.75;2;50;250;30;20;16;1167;1167
12436270;168;g_000;2;1;30;line_all;0.5;1168;5;20;7-17,8-17;10;5390097.5;5395362.5;5399341.25;7609527.5;5265.0;3978.75;2214165.0;eev,integrated,separated,ws;lintim;Mumford0;Mumford0;True;False;1e-05;6000;1;2;20;50;200;-5;100;0.75;2;50;250;30;20;16;1168;1168
12436270;169;g_000;2;1;30;line_all;0.5;1169;5;21;2-15,6-7;10;5396441.25;5402036.25;5403185.0;8624457.499538876;5595.0;1148.75;3222421.249538876;eev,integrated,separated,ws;lintim;Mumford0;Mumford0;True;False;1e-05;6000;1;2;20;50;200;-5;100;0.75;2;50;250;30;20;16;1169;1169
12436270;170;g_000;2;1;30;line_all;0.5;1170;5;22;9-13,17-28;3;5378080.0;5383017.5;5385728.75;5400458.75;4937.5;2711.25;17441.25;eev,integrated,separated,ws;lintim;Mumford0;Mumford0;True;False;1e-05;6000;1;2;20;50;200;-5;100;0.75;2;50;250;30;20;16;1170;1170
12436270;171;g_000;2;1;30;line_all;0.5;1171;5;23;2-4,18-23;2;5429740.0;5431877.5;5433388.75;12745480.0;2137.5;1511.25;7313602.5;eev,integrated,separated,ws;lintim;Mumford0;Mumford0;True;False;1e-05;6000;1;2;20;50;200;-5;100;0.75;2;50;250;30;20;16;1171;1171
12436270;172;g_000;2;1;30;line_all;0.5;1172;5;24;1-29,28-30;3;5352071.25;5354216.25;5355956.25;5373286.25;2145.0;1740.0;19070.0;eev,integrated,separated,ws;lintim;Mumford0;Mumford0;True;False;1e-05;6000;1;2;20;50;200;-5;100;0.75;2;50;250;30;20;16;1172;1172
12436270;173;g_000;2;1;30;line_all;0.5;1173;5;25;7-14,19-20;4;5341365.0;5343111.25;5344381.25;5343411.248777449;1746.25;1270.0;299.998777449131;eev,integrated,separated,ws;lintim;Mumford0;Mumford0;True;False;1e-05;6000;1;2;20;50;200;-5;100;0.75;2;50;250;30;20;16;1173;1173
12436270;174;g_000;2;1;30;line_all;0.5;1174;5;26;2-15,7-17;10;5391065.0;5396370.0;5399921.25;7610482.5;5305.0;3551.25;2214112.5;eev,integrated,separated,ws;lintim;Mumford0;Mumford0;True;False;1e-05;6000;1;2;20;50;200;-5;100;0.75;2;50;250;30;20;16;1174;1174
12436270;175;g_000;2;1;30;line_all;0.5;1175;5;27;1-14,4-12;2;7394113.75;7398015.0;7399622.5;7401288.739014569;3901.25;1607.5;3273.739014568738;eev,integrated,separated,ws;lintim;Mumford0;Mumford0;True;False;1e-05;6000;1;2;20;50;200;-5;100;0.75;2;50;250;30;20;16;1175;1175
12436270;176;g_000;2;1;30;line_all;0.5;1176;5;28;6-7,8-15;10;5398575.0;5404457.5;5405636.25;8626649.999538876;5882.5;1178.75;3222192.499538876;eev,integrated,separated,ws;lintim;Mumford0;Mumford0;True;False;1e-05;6000;1;2;20;50;200;-5;100;0.75;2;50;250;30;20;16;1176;1176
12436270;177;g_000;2;1;30;line_all;0.5;1177;5;29;12-18,19-23;11;6756423.75;6756941.25;6756941.25;14072775.0;517.5;0.0;7315833.75;eev,integrated,separated,ws;lintim;Mumford0;Mumford0;True;False;1e-05;6000;1;2;20;50;200;-5;100;0.75;2;50;250;30;20;16;1177;1177
12436270;178;g_000;2;1;30;share_stop;0.5;1178;6;0;10-24,24-25;;6412325.0;6412325.0;6412325.0;6412325.0;0.0;0.0;0.0;eev,integrated,separated,ws;lintim;Mumford0;Mumford0;True;False;1e-05;6000;1;2;20;50;200;-5;100;0.75;2;50;250;30;20;16;1178;1178
12436270;179;g_000;2;1;30;share_stop;0.5;1179;6;1;5-21,8-21;;5345195.0;5349500.0;5350678.75;5350678.75;4305.0;1178.75;1178.75;eev,integrated,separated,ws;lintim;Mumford0;Mumford0;True;False;1e-05;6000;1;2;20;50;200;-5;100;0.75;2;50;250;30;20;16;1179;1179
12436270;180;g_000;2;1;30;share_stop;0.5;1180;6;2;1-13,1-19;;5368792.5;5374176.25;5377240.0;5394570.0;5383.75;3063.75;20393.75;eev,integrated,separated,ws;lintim;Mumford0;Mumford0;True;False;1e-05;6000;1;2;20;50;200;-5;100;0.75;2;50;250;30;20;16;1180;1180
12436270;181;g_000;2;1;30;share_stop;0.5;1181;6;3;2-4,4-25;;6438476.25;6438510.0;6438510.0;6446444.989014569;33.75;0.0;7934.989014568739;eev,integrated,separated,ws;lintim;Mumford0;Mumford0;True;False;1e-05;6000;1;2;20;50;200;-5;100;0.75;2;50;250;30;20;16;1181;1181
12436270;182;g_000;2;1;30;share_stop;0.5;1182;6;4;8-15,8-21;;5393050.0;5395672.5;5396897.5;7609336.25;2622.5;1225.0;2213663.75;eev,integrated,separated,ws;lintim;Mumford0;Mumford0;True;False;1e-05;6000;1;2;20;50;200;-5;100;0.75;2;50;250;30;20;16;1182;1182
12436270;183;g_000;2;1;30;share_stop;0.5;1183;6;5;8-15,8-29;;5383306.25;5386682.5;5387880.0;7597455.0;3376.25;1197.5;2210772.5;eev,integrated,separated,ws;lintim;Mumford0;Mumford0;True;False;1e-05;6000;1;2;20;50;200;-5;100;0.75;2;50;250;30;20;16;1183;1183
12436270;184;g_000;2;1;30;share_stop;0.5;1184;6;6;2-25,21-25;;5343842.5;5347142.5;5349141.25;5349141.25;3300.0;1998.75;1998.75;eev,integrated,separated,ws;lintim;Mumford0;Mumford0;True;False;1e-05;6000;1;2;20;50;200;-5;100;0.75;2;50;250;30;20;16;1184;1184
12436270;185;g_000;2;1;30;share_stop;0.5;1185;6;7;8-17,8-21;;5390997.5;5393948.75;5395038.75;7606383.75;2951.25;1090.0;2212435.0;eev,integrated,separated,ws;lintim;Mumford0;Mumford0;True;False;1e-05;6000;1;2;20;50;200;-5;100;0.75;2;50;250;30;20;16;1185;1185
12436270;186;g_000;2;1;30;share_stop;0.5;1186;6;8;8-21,8-28;;5348490.0;5352795.0;5353973.75;5353973.75;4305.0;1178.75;1178.75;eev,integrated,separated,ws;lintim;Mumford0;Mumford0;True;False;1e-05;6000;1;2;20;50;200;-5;100;0.75;2;50;250;30;20;16;1186;1186
12436270;187;g_000;2;1;30;share_stop;0.5;1187;6;9;6-7,7-22;;5396353.75;5401200.625;5402379.375;8623559.999538876;4846.875;1178.75;3222359.374538876;eev,integrated,separated,ws;lintim;Mumford0;Mumford0;True;False;1e-05;6000;1;2;20;50;200;-5;100;0.75;2;50;250;30;20;16;1187;1187
12436270;188;g_000;2;1;30;share_stop;0.5;1188;6;10;7-22,11-22;;5342856.25;5346460.0;5348488.75;5348488.75;3603.75;2028.75;2028.75;eev,integrated,separated,ws;lintim;Mumford0;Mumford0;True;False;1e-05;6000;1;2;20;50;200;-5;100;0.75;2;50;250;30;20;16;1188;1188
12436270;189;g_000;2;1;30;share_stop;0.5;1189;6;11;2-15,8-15;;5404765.0;5411303.75;5412691.25;7622675.0;6538.75;1387.5;2211371.25;eev,integrated,separated,ws;lintim;Mumford0;Mumford0;True;False;1e-05;6000;1;2;20;50;200;-5;100;0.75;2;50;250;30;20;16;1189;1189
12436270;190;g_000;2;1;30;share_stop;0.5;1190;6;12;13-20,20-23;;6412325.0;6412325.0;6412325.0;6412325.0;0.0;0.0;0.0;eev,integrated,separated,ws;lintim;Mumford0;Mumford0;True;False;1e-05;6000;1;2;20;50;200;-5;100;0.75;2;50;250;30;20;16;1190;1190
12436270;191;g_000;2;1;30;share_stop;0.5;1191;6;13;4-24,21-24;;5342620.0;5346925.0;5348103.75;5348103.75;4305.0;1178.75;1178.75;eev,integrated,separated,ws;lintim;Mumford0;Mumford0;True;False;1e-05;6000;1;2;20;50;200;-5;100;0.75;2;50;250;30;20;16;1191;1191
12436270;192;g_000;2;1;30;share_stop;0.5;1192;6;14;3-8,3-30;;5341295.0;5344161.25;5345340.0;5345340.0;2866.25;1178.75;1178.75;eev,integrated,separated,ws;lintim;Mumford0;Mumford0;True;False;1e-05;6000;1;2;20;50;200;-5;100;0.75;2;50;250;30;20;16;1192;1192
12436270;193;g_000;2;1;30;share_stop;0.5;1193;6;15;2-4,4-12;;7721506.25;7728410.0;7730848.75;7729783.739014569;6903.75;2438.75;1373.7390145687386;eev,integrated,separated,ws;lintim;Mumford0;Mumford0;True;False;1e-05;6000;1;2;20;50;200;-5;100;0.75;2;50;250;30;20;16;1193;1193
12436270;194;g_000;2;1;30;share_stop;0.5;1194;6;16;18-29,26-29;;6412325.0;6412325.0;6412325.0;6412325.0;0.0;0.0;0.0;eev,integrated,separated,ws;lintim;Mumford0;Mumford0;True;False;1e-05;6000;1;2;20;50;200;-5;100;0.75;2;50;250;30;20;16;1194;1194
12436270;195;g_000;2;1;30;share_stop;0.5;1195;6;17;13-20,18-20;;6412325.0;6412325.0;6412325.0;6412325.0;0.0;0.0;0.0;eev,integrated,separated,ws;lintim;Mumford0;Mumford0;True;False;1e-05;6000;1;2;20;50;200;-5;100;0.75;2;50;250;30;20;16;1195;1195
12436270;196;g_000;2;1;30;share_stop;0.5;1196;6;18;11-17,17-28;;5349571.25;5352645.0;5354266.25;5371596.25;3073.75;1621.25;18951.25;eev,integrated,separated,ws;lintim;Mumford0;Mumford0;True;False;1e-05;6000;1;2;20;50;200;-5;100;0.75;2;50;250;30;20;16;1196;1196
12436270;197;g_000;2;1;30;share_stop;0.5;1197;6;19;7-14,7-22;;5332116.25;5334846.25;5335956.25;5334986.248777449;2730.0;1110.0;139.998777449131;eev,integrated,separated,ws;lintim;Mumford0;Mumford0;True;False;1e-05;6000;1;2;20;50;200;-5;100;0.75;2;50;250;30;20;16;1197;1197
12436270;198;g_000;2;1;30;share_stop;0.5;1198;6;20;18-19,18-23;;5400127.5;5400586.249396989;5400873.75;12716107.5;458.749396989122;287.500603010878;7315521.250603011;eev,integrated,separated,ws;lintim;Mumford0;Mumford0;True;False;1e-05;6000;1;2;20;50;200;-5;100;0.75;2;50;250;30;20;16;1198;1198
12436270;199;g_000;2;1;30;share_stop;0.5;1199;6;21;4-10,4-15;;6412325.0;6412325.0;6412325.0;6412325.0;0.0;0.0;0.0;eev,integrated,separated,ws;lintim;Mumford0;Mumford0;True;False;1e-05;6000;1;2;20;50;200;-5;100;0.75;2;50;250;30;20;16;1199;1199
12436270;200;g_000;2;1;30;share_stop;0.5;1200;6;22;17-28,17-29;;5341555.0;5343623.749258158;5345203.75;5362533.749998269;2068.749258157797;1580.0007418422028;18910.000740110878;eev,integrated,separated,ws;lintim;Mumford0;Mumford0;True;False;1e-05;6000;1;2;20;50;200;-5;100;0.75;2;50;250;30;20;16;1200;1200
12436270;201;g_000;2;1;30;share_stop;0.5;1201;6;23;8-29,26-29;;6412325.0;6412325.0;6412325.0;6412325.0;0.0;0.0;0.0;eev,integrated,separated,ws;lintim;Mumford0;Mumford0;True;False;1e-05;6000;1;2;20;50;200;-5;100;0.75;2;50;250;30;20;16;1201;1201
12436270;202;g_000;2;1;30;share_stop;0.5;1202;6;24;7-11,7-22;;6412325.0;6412325.0;6412325.0;6412325.0;0.0;0.0;0.0;eev,integrated,separated,ws;lintim;Mumford0;Mumford0;True;False;1e-05;6000;1;2;20;50;200;-5;100;0.75;2;50;250;30;20;16;1202;1202
12436270;203;g_000;2;1;30;share_stop;0.5;1203;6;25;1-20,18-20;;6412325.0;6412325.0;6412325.0;6412325.0;0.0;0.0;0.0;eev,integrated,separated,ws;lintim;Mumford0;Mumford0;True;False;1e-05;6000;1;2;20;50;200;-5;100;0.75;2;50;250;30;20;16;1203;1203
12436270;204;g_000;2;1;30;share_stop;0.5;1204;6;26;3-17,7-17;;5370847.5;5376002.5;5379583.75;7589637.5;5155.0;3581.25;2213635.0;eev,integrated,separated,ws;lintim;Mumford0;Mumford0;True;False;1e-05;6000;1;2;20;50;200;-5;100;0.75;2;50;250;30;20;16;1204;1204
12436270;205;g_000;2;1;30;share_stop;0.5;1205;6;27;11-16,11-30;;6412325.0;6412325.0;6412325.0;6412325.0;0.0;0.0;0.0;eev,integrated,separated,ws;lintim;Mumford0;Mumford0;True;False;1e-05;6000;1;2;20;50;200;-5;100;0.75;2;50;250;30;20;16;1205;1205
12436270;206;g_000;2;1;30;share_stop;0.5;1206;6;28;2-15,15-21;;5409837.5;5412060.0;5413238.75;7628610.0;2222.5;1178.75;2216550.0;eev,integrated,separated,ws;lintim;Mumford0;Mumford0;True;False;1e-05;6000;1;2;20;50;200;-5;100;0.75;2;50;250;30;20;16;1206;1206
12436270;207;g_000;2;1;30;share_stop;0.5;1207;6;29;2-4,2-10;;6456102.5;6456755.0;6458051.25;6461467.489014569;652.5;1296.25;4712.489014568739;eev,integrated,separated,ws;lintim;Mumford0;Mumford0;True;False;1e-05;6000;1;2;20;50;200;-5;100;0.75;2;50;250;30;20;16;1207;1207
12436270;208;g_000;2;1;30;random;0.5;1208;7;0;3-28,18-20;;6412325.0;6412325.0;6412325.0;6412325.0;0.0;0.0;0.0;eev,integrated,separated,ws;lintim;Mumford0;Mumford0;True;False;1e-05;6000;1;2;20;50;200;-5;100;0.75;2;50;250;30;20;16;1208;1208
12436270;209;g_000;2;1;30;random;0.5;1209;7;1;2-24,4-5;;6412325.0;6412325.0;6412325.0;6412325.0;0.0;0.0;0.0;eev,integrated,separated,ws;lintim;Mumford0;Mumford0;True;False;1e-05;6000;1;2;20;50;200;-5;100;0.75;2;50;250;30;20;16;1209;1209
12436270;210;g_000;2;1;30;random;0.5;1210;7;2;1-27,28-30;;5334963.75;5337023.749258158;5338761.25;5356091.25;2059.999258157797;1737.5007418422028;19067.500741842203;eev,integrated,separated,ws;lintim;Mumford0;Mumford0;True;False;1e-05;6000;1;2;20;50;200;-5;100;0.75;2;50;250;30;20;16;1210;1210
12436270;211;g_000;2;1;30;random;0.5;1211;7;3;1-23,21-25;;5379672.5;5382665.0;5385243.75;5386478.739014569;2992.5;2578.75;3813.739014568738;eev,integrated,separated,ws;lintim;Mumford0;Mumford0;True;False;1e-05;6000;1;2;20;50;200;-5;100;0.75;2;50;250;30;20;16;1211;1211
12436270;212;g_000;2;1;30;random;0.5;1212;7;4;3-11,11-16;;6412325.0;6412325.0;6412325.0;6412325.0;0.0;0.0;0.0;eev,integrated,separated,ws;lintim;Mumford0;Mumford0;True;False;1e-05;6000;1;2;20;50;200;-5;100;0.75;2;50;250;30;20;16;1212;1212
12436270;213;g_000;2;1;30;random;0.5;1213;7;5;4-10,19-20;;5332588.75;5335326.25;5337187.5;5336217.498777449;2737.5;1861.25;891.248777449131;eev,integrated,separated,ws;lintim;Mumford0;Mumford0;True;False;1e-05;6000;1;2;20;50;200;-5;100;0.75;2;50;250;30;20;16;1213;1213
12436270;214;g_000;2;1;30;random;0.5;1214;7;6;16-28,16-30;;6412325.0;6412325.0;6412325.0;6412325.0;0.0;0.0;0.0;eev,integrated,separated,ws;lintim;Mumford0;Mumford0;True;False;1e-05;6000;1;2;20;50;200;-5;100;0.75;2;50;250;30;20;16;1214;1214
12436270;215;g_000;2;1;30;random;0.5;1215;7;7;1-29,10-15;;5365841.25;5367521.249605194;5369073.75;5389066.25;1679.9996051937342;1552.5003948062658;21545.000394806262;eev,integrated,separated,ws;lintim;Mumford0;Mumford0;True;False;1e-05;6000;1;2;20;50;200;-5;100;0.75;2;50;250;30;20;16;1215;1215
12436270;216;g_000;2;1;30;random;0.5;1216;7;8;6-16,15-25;;5334967.5;5338701.25;5339850.0;5339850.0;3733.75;1148.75;1148.75;eev,integrated,separated,ws;lintim;Mumford0;Mumford0;True;False;1e-05;6000;1;2;20;50;200;-5;100;0.75;2;50;250;30;20;16;1216;1216
12436270;217;g_000;2;1;30;random;0.5;1217;7;9;7-17,16-28;;5370847.5;5376002.5;5379583.75;7589637.5;5155.0;3581.25;2213635.0;eev,integrated,separated,ws;lintim;Mumford0;Mumford0;True;False;1e-05;6000;1;2;20;50;200;-5;100;0.75;2;50;250;30;20;16;1217;1217
12436270;218;g_000;2;1;30;random;0.5;1218;7;10;8-21,11-30;;5345195.0;5349500.0;5350678.75;5350678.75;4305.0;1178.75;1178.75;eev,integrated,separated,ws;lintim;Mumford0;Mumford0;True;False;1e-05;6000;1;2;20;50;200;-5;100;0.75;2;50;250;30;20;16;1218;1218
12436270;219;g_000;2;1;30;random;0.5;1219;7;11;8-17,17-29;;5390136.25;5391891.25;5393471.25;7605561.25;1755.0;1580.0;2213670.0;eev,integrated,separated,ws;lintim;Mumford0;Mumford0;True;False;1e-05;6000;1;2;20;50;200;-5;100;0.75;2;50;250;30;20;16;1219;1219
12436270;220;g_000;2;1;30;random;0.5;1220;7;12;5-21,28-30;;5334963.75;5337023.749258158;5338761.25;5356091.25;2059.999258157797;1737.5007418422028;19067.500741842203;eev,integrated,separated,ws;lintim;Mumford0;Mumford0;True;False;1e-05;6000;1;2;20;50;200;-5;100;0.75;2;50;250;30;20;16;1220;1220
12436270;221;g_000;2;1;30;random;0.5;1221;7;13;9-13,13-18;;5370232.5;5374868.75;5376487.5;5391217.5;4636.25;1618.75;16348.75;eev,integrated,separated,ws;lintim;Mumford0;Mumford0;True;False;1e-05;6000;1;2;20;50;200;-5;100;0.75;2;50;250;30;20;16;1221;1221
12436270;222;g_000;2;1;30;random;0.5;1222;7;14;2-4,18-19;;6438476.25;6438510.0;6438510.0;6446444.989014569;33.75;0.0;7934.989014568739;eev,integrated,separated,ws;lintim;Mumford0;Mumford0;True;False;1e-05;6000;1;2;20;50;200;-5;100;0.75;2;50;250;30;20;16;1222;1222
12436270;223;g_000;2;1;30;random;0.5;1223;7;15;1-13,3-16;;5367537.5;5370733.75;5372352.5;5389682.5;3196.25;1618.75;18948.75;eev,integrated,separated,ws;lintim;Mumford0;Mumford0;True;False;1e-05;6000;1;2;20;50;200;-5;100;0.75;2;50;250;30;20;16;1223;1223
12436270;224;g_000;2;1;30;random;0.5;1224;7;16;4-15,18-23;;5403202.5;5404706.25;5405816.25;12719245.0;1503.75;1110.0;7314538.75;eev,integrated,separated,ws;lintim;Mumford0;Mumford0;True;False;1e-05;6000;1;2;20;50;200;-5;100;0.75;2;50;250;30;20;16;1224;1224
12436270;225;g_000;2;1;30;random;0.5;1225;7;17;5-8,21-24;;5338866.25;5341731.25;5342910.0;5342910.0;2865.0;1178.75;1178.75;eev,integrated,separated,ws;lintim;Mumford0;Mumford0;True;False;1e-05;6000;1;2;20;50;200;-5;100;0.75;2;50;250;30;20;16;1225;1225
12436270;226;g_000;2;1;30;random;0.5;1226;7;18;10-24,15-25;;6412325.0;6412325.0;6412325.0;6412325.0;0.0;0.0;0.0;eev,integrated,separated,ws;lintim;Mumford0;Mumford0;True;False;1e-05;6000;1;2;20;50;200;-5;100;0.75;2;50;250;30;20;16;1226;1226
12436270;227;g_000;2;1;30;random;0.5;1227;7;19;3-17,8-15;;5383306.25;5386682.5;5387880.0;7597455.0;3376.25;1197.5;2210772.5;eev,integrated,separated,ws;lintim;Mumford0;Mumford0;True;False;1e-05;6000;1;2;20;50;200;-5;100;0.75;2;50;250;30;20;16;1227;1227
12436270;228;g_000;2;1;30;random;0.5;1228;7;20;4-5,5-21;;6412325.0;6412325.0;6412325.0;6412325.0;0.0;0.0;0.0;eev,integrated,separated,ws;lintim;Mumford0;Mumford0;True;False;1e-05;6000;1;2;20;50;200;-5;100;0.75;2;50;250;30;20;16;1228;1228
12436270;229;g_000;2;1;30;random;0.5;1229;7;21;1-23,16-17;;5379672.5;5382665.0;5385243.75;5386478.739014569;2992.5;2578.75;3813.739014568738;eev,integrated,separated,ws;lintim;Mumford0;Mumford0;True;False;1e-05;6000;1;2;20;50;200;-5;100;0.75;2;50;250;30;20;16;1229;1229
12436270;230;g_000;2;1;30;random;0.5;1230;7;22;8-15,13-18;;5383306.25;5386682.5;5387880.0;7597455.0;3376.25;1197.5;2210772.5;eev,integrated,separated,ws;lintim;Mumford0;Mumford0;True;False;1e-05;6000;1;2;20;50;200;-5;100;0.75;2;50;250;30;20;16;1230;1230
12436270;231;g_000;2;1;30;random;0.5;1231;7;23;5-25,6-22;;6412325.0;6412325.0;6412325.0;6412325.0;0.0;0.0;0.0;eev,integrated,separated,ws;lintim;Mumford0;Mumford0;True;False;1e-05;6000;1;2;20;50;200;-5;100;0.75;2;50;250;30;20;16;1231;1231
12436270;232;g_000;2;1;30;random;0.5;1232;7;24;9-13,20-23;;5370232.5;5374868.75;5376487.5;5391217.5;4636.25;1618.75;16348.75;eev,integrated,separated,ws;lintim;Mumford0;Mumford0;True;False;1e-05;6000;1;2;20;50;200;-5;100;0.75;2;50;250;30;20;16;1232;1232
12436270;233;g_000;2;1;30;random;0.5;1233;7;25;1-26,2-4;;6438476.25;6438509.998416655;6438510.0;6446444.989014569;33.748416654765606;0.001583345234394;7934.990597913973;eev,integrated,separated,ws;lintim;Mumford0;Mumford0;True;False;1e-05;6000;1;2;20;50;200;-5;100;0.75;2;50;250;30;20;16;1233;1233
12436270;234;g_000;2;1;30;random;0.5;1234;7;26;11-28,16-30;;6412325.0;6412325.0;6412325.0;6412325.0;0.0;0.0;0.0;eev,integrated,separated,ws;lintim;Mumford0;Mumford0;True;False;1e-05;6000;1;2;20;50;200;-5;100;0.75;2;50;250;30;20;16;1234;1234
12436270;235;g_000;2;1;30;random;0.5;1235;7;27;8-29,21-25;;6412325.0;6412325.0;6412325.0;6412325.0;0.0;0.0;0.0;eev,integrated,separated,ws;lintim;Mumford0;Mumford0;True;False;1e-05;6000;1;2;20;50;200;-5;100;0.75;2;50;250;30;20;16;1235;1235
12436270;236;g_000;2;1;30;random;0.5;1236;7;28;1-14,12-26;;5383288.75;5389578.749224261;5394536.25;5393471.235911028;6289.999224261381;4957.500775738619;3892.486686767079;eev,integrated,separated,ws;lintim;Mumford0;Mumford0;True;False;1e-05;6000;1;2;20;50;200;-5;100;0.75;2;50;250;30;20;16;1236;1236
12436270;237;g_000;2;1;30;random;0.5;1237;7;29;3-16,10-15;;6447392.5;6447392.5;6447392.5;6450027.5;0.0;0.0;2635.0;eev,integrated,separated,ws;lintim;Mumford0;Mumford0;True;False;1e-05;6000;1;2;20;50;200;-5;100;0.75;2;50;250;30;20;16;1237;1237
12436270;238;g_000;3;1;30;line_consecutive;0.5;1238;8;0;2-25,8-11,8-25;1;7060745.0;7063853.75;7065673.75;7065673.75;3108.75;1820.0;1820.0;eev,integrated,separated,ws;lintim;Mumford0;Mumford0;True;False;1e-05;6000;1;2;20;50;200;-5;100;0.75;2;50;250;30;20;16;1238;1238
12436270;239;g_000;3;1;30;line_consecutive;0.5;1239;8;1;8-11,8-25,11-22;1;6646386.25;6649590.0;6651478.75;6651478.75;3203.75;1888.75;1888.75;eev,integrated,separated,ws;lintim;Mumford0;Mumford0;True;False;1e-05;6000;1;2;20;50;200;-5;100;0.75;2;50;250;30;20;16;1239;1239
12436270;240;g_000;3;1;30;line_consecutive;0.5;1240;8;2;2-4,4-12,12-18;2;8601151.25;8606750.0;8609188.75;15902197.5;5598.75;2438.75;7295447.5;eev,integrated,separated,ws;lintim;Mumford0;Mumford0;True;False;1e-05;6000;1;2;20;50;200;-5;100;0.75;2;50;250;30;20;16;1240;1240
12436270;241;g_000;3;1;30;line_consecutive;0.5;1241;8;3;4-12,12-18,18-23;2;8601151.25;8606750.0;8609188.75;15902197.5;5598.75;2438.75;7295447.5;eev,integrated,separated,ws;lintim;Mumford0;Mumford0;True;False;1e-05;6000;1;2;20;50;200;-5;100;0.75;2;50;250;30;20;16;1241;1241
12436270;242;g_000;3;1;30;line_consecutive;0.5;1242;8;4;1-23,12-18,18-23;2;7775067.5;7778895.0;7780988.75;15090442.5;3827.5;2093.75;7311547.5;eev,integrated,separated,ws;lintim;Mumford0;Mumford0;True;False;1e-05;6000;1;2;20;50;200;-5;100;0.75;2;50;250;30;20;16;1242;1242
12436270;243;g_000;3;1;30;line_consecutive;0.5;1243;8;5;1-14,1-23,18-23;2;5446987.5;5449470.0;5450681.25;12761777.5;2482.5;1211.25;7312307.5;eev,integrated,separated,ws;lintim;Mumford0;Mumford0;True;False;1e-05;6000;1;2;20;50;200;-5;100;0.75;2;50;250;30;20;16;1243;1243
12436270;244;g_000;3;1;30;line_consecutive;0.5;1244;8;6;1-13,1-29,9-13;3;8002530.0;8004410.0;8006150.0;8020880.0;1880.0;1740.0;16470.0;eev,integrated,separated,ws;lintim;Mumford0;Mumford0;True;False;1e-05;6000;1;2;20;50;200;-5;100;0.75;2;50;250;30;20;16;1244;1244
12436270;245;g_000;3;1;30;line_consecutive;0.5;1245;8;7;1-13,1-29,17-29;3;5386362.5;5389667.5;5391286.25;5408616.25;3305.0;1618.75;18948.75;eev,integrated,separated,ws;lintim;Mumford0;Mumford0;True;False;1e-05;6000;1;2;20;50;200;-5;100;0.75;2;50;250;30;20;16;1245;1245
12436270;246;g_000;3;1;30;line_consecutive;0.5;1246;8;8;1-29,17-28,17-29;3;5358731.25;5361105.0;5362685.0;5380015.0;2373.75;1580.0;18910.0;eev,integrated,separated,ws;lintim;Mumford0;Mumford0;True;False;1e-05;6000;1;2;20;50;200;-5;100;0.75;2;50;250;30;20;16;1246;1246
12436270;247;g_000;3;1;30;line_consecutive;0.5;1247;8;9;17-28,17-29,28-30;3;5384240.0;5386308.749285711;5387888.75;5405218.749451049;2068.7492857109755;1580.0007142890245;18910.000165337697;eev,integrated,separated,ws;lintim;Mumford0;Mumford0;True;False;1e-05;6000;1;2;20;50;200;-5;100;0.75;2;50;250;30;20;16;1247;1247
12436270;248;g_000;3;1;30;line_consecutive;0.5;1248;8;10;6-7,7-14,14-19;4;5378435.0;5380706.25;5382191.25;8606839.999538876;2271.25;1485.0;3226133.749538876;eev,integrated,separated,ws;lintim;Mumford0;Mumford0;True;False;1e-05;6000;1;2;20;50;200;-5;100;0.75;2;50;250;30;20;16;1248;1248
12436270;249;g_000;3;1;30;line_consecutive;0.5;1249;8;11;7-14,14-19,19-20;4;5341365.0;5343111.25;5344381.25;5343411.248777449;1746.25;1270.0;299.998777449131;eev,integrated,separated,ws;lintim;Mumford0;Mumford0;True;False;1e-05;6000;1;2;20;50;200;-5;100;0.75;2;50;250;30;20;16;1249;1249
12436270;250;g_000;3;1;30;line_consecutive;0.5;1250;8;12;12-15,12-26,15-24;5;5397635.0;5401815.0;5405131.25;6087907.5;4180.0;3316.25;686092.5;eev,integrated,separated,ws;lintim;Mumford0;Mumford0;True;False;1e-05;6000;1;2;20;50;200;-5;100;0.75;2;50;250;30;20;16;1250;1250
12436270;251;g_000;3;1;30;line_consecutive;0.5;1251;8;13;2-15,8-15,8-17;10;5431855.0;5438372.5;5439596.25;7649255.0;6517.5;1223.75;2210882.5;eev,integrated,separated,ws;lintim;Mumford0;Mumford0;True;False;1e-05;6000;1;2;20;50;200;-5;100;0.75;2;50;250;30;20;16;1251;1251
12436270;252;g_000;3;1;30;line_consecutive;0.5;1252;8;14;7-17,8-15,8-17;10;5413847.5;5418827.5;5422806.25;7632992.5;4980.0;3978.75;2214165.0;eev,integrated,separated,ws;lintim;Mumford0;Mumford0;True;False;1e-05;6000;1;2;20;50;200;-5;100;0.75;2;50;250;30;20;16;1252;1252
12436270;253;g_000;3;1;30;line_consecutive;0.5;1253;8;15;6-7,7-17,8-17;10;5427215.0;5436807.5;5437986.25;8658779.999538876;9592.5;1178.75;3221972.499538876;eev,integrated,separated,ws;lintim;Mumford0;Mumford0;True;False;1e-05;6000;1;2;20;50;200;-5;100;0.75;2;50;250;30;20;16;1253;1253
12436270;254;g_000;3;1;30;line_consecutive;0.5;1254;8;16;12-15,12-18,18-23;11;7799958.75;7803341.25;7804311.25;15134640.0;3382.5;970.0;7331298.75;eev,integrated,separated,ws;lintim;Mumford0;Mumford0;True;False;1e-05;6000;1;2;20;50;200;-5;100;0.75;2;50;250;30;20;16;1254;1254
12436270;255;g_000;3;1;30;line_consecutive;0.5;1255;8;17;12-18,18-23,19-23;11;6685246.25;6685763.75;6685763.75;14003452.5;517.5;0.0;7317688.75;eev,integrated,separated,ws;lintim;Mumford0;Mumford0;True;False;1e-05;6000;1;2;20;50;200;-5;100;0.75;2;50;250;30;20;16;1255;1255
12436270;256;g_000;3;1;30;line_consecutive;0.5;1256;8;18;3-8,8-21,21-24;12;5341295.0;5344161.25;5345340.0;5345340.0;2866.25;1178.75;1178.75;eev,integrated,separated,ws;lintim;Mumford0;Mumford0;True;False;1e-05;6000;1;2;20;50;200;-5;100;0.75;2;50;250;30;20;16;1256;1256
12436270;257;g_000;3;1;30;line_all;0.5;1257;9;0;1-29,17-28,17-29;3;5358731.25;5361105.0;5362685.0;5380015.0;2373.75;1580.0;18910.0;eev,integrated,separated,ws;lintim;Mumford0;Mumford0;True;False;1e-05;6000;1;2;20;50;200;-5;100;0.75;2;50;250;30;20;16;1257;1257
12436270;258;g_000;3;1;30;line_all;0.5;1258;9;1;1-23,2-4,12-18;2;7800195.0;7804046.25;7806178.75;15114567.5;3851.25;2132.5;7310521.25;eev,integrated,separated,ws;lintim;Mumford0;Mumford0;True;False;1e-05;6000;1;2;20;50;200;-5;100;0.75;2;50;250;30;20;16;1258;1258
12436270;259;g_000;3;1;30;line_all;0.5;1259;9;2;1-23,12-18,18-23;2;7775067.5;7778895.0;7780988.75;15090442.5;3827.5;2093.75;7311547.5;eev,integrated,separated,ws;lintim;Mumford0;Mumford0;True;False;1e-05;6000;1;2;20;50;200;-5;100;0.75;2;50;250;30;20;16;1259;1259
12436270;260;g_000;3;1;30;line_all;0.5;1260;9;3;6-7,7-14,19-20;4;5385703.75;5387800.0;5389040.0;8613631.249538876;2096.25;1240.0;3225831.249538876;eev,integrated,separated,ws;lintim;Mumford0;Mumford0;True;False;1e-05;6000;1;2;20;50;200;-5;100;0.75;2;50;250;30;20;16;1260;1260
12436270;261;g_000;3;1;30;line_all;0.5;1261;9;4;2-15,7-17,8-17;10;5411157.5;5416253.75;5420202.5;7630763.75;5096.25;3948.75;2214510.0;eev,integrated,separated,ws;lintim;Mumford0;Mumford0;True;False;1e-05;6000;1;2;20;50;200;-5;100;0.75;2;50;250;30;20;16;1261;1261
12436270;262;g_000;3;1;30;line_all;0.5;1262;9;5;1-29,9-13,17-29;3;5396421.25;5400756.25;5402536.25;5417266.25;4335.0;1780.0;16510.0;eev,integrated,separated,ws;lintim;Mumford0;Mumford0;True;False;1e-05;6000;1;2;20;50;200;-5;100;0.75;2;50;250;30;20;16;1262;1262
12436270;263;g_000;3;1;30;line_all;0.5;1263;9;6;6-7,8-15,8-17;10;5420675.0;5427467.5;5428646.25;8649387.499538876;6792.5;1178.75;3221919.999538876;eev,integrated,separated,ws;lintim;Mumford0;Mumford0;True;False;1e-05;6000;1;2;20;50;200;-5;100;0.75;2;50;250;30;20;16;1263;1263
12436270;264;g_000;3;1;30;line_all;0.5;1264;9;7;9-13,17-28,28-30;3;6270226.25;6275076.25;6276695.0;6291425.0;4850.0;1618.75;16348.75;eev,integrated,separated,ws;lintim;Mumford0;Mumford0;True;False;1e-05;6000;1;2;20;50;200;-5;100;0.75;2;50;250;30;20;16;1264;1264
12436270;265;g_000;3;1;30;line_all;0.5;1265;9;8;1-23,4-12,12-18;2;8601151.25;8606750.0;8609188.75;15902197.5;5598.75;2438.75;7295447.5;eev,integrated,separated,ws;lintim;Mumford0;Mumford0;True;False;1e-05;6000;1;2;20;50;200;-5;100;0.75;2;50;250;30;20;16;1265;1265
12436270;266;g_000;3;1;30;line_all;0.5;1266;9;9;9-13,17-28,17-29;3;5374466.25;5378216.249258157;5380268.75;5394998.75;3749.999258156866;2052.500741843134;16782.500741843134;eev,integrated,separated,ws;lintim;Mumford0;Mumford0;True;False;1e-05;6000;1;2;20;50;200;-5;100;0.75;2;50;250;30;20;16;1266;1266
12436270;267;g_000;3;1;30;line_all;0.5;1267;9;10;12-15,12-18,19-23;11;6611157.5;6617717.5;6619741.25;13949583.75;6560.0;2023.75;7331866.25;eev,integrated,separated,ws;lintim;Mumford0;Mumford0;True;False;1e-05;6000;1;2;20;50;200;-5;100;0.75;2;50;250;30;20;16;1267;1267
12436270;268;g_000;3;1;30;line_all;0.5;1268;9;11;8-11,8-25,11-22;1;6646386.25;6649590.0;6651478.75;6651478.75;3203.75;1888.75;1888.75;eev,integrated,separated,ws;lintim;Mumford0;Mumford0;True;False;1e-05;6000;1;2;20;50;200;-5;100;0.75;2;50;250;30;20;16;1268;1268
12436270;269;g_000;3;1;30;line_all;0.5;1269;9;12;1-29,17-28,28-30;3;6234288.75;6236168.75;6237908.75;6255238.75;1880.0;1740.0;19070.0;eev,integrated,separated,ws;lintim;Mumford0;Mumford0;True;False;1e-05;6000;1;2;20;50;200;-5;100;0.75;2;50;250;30;20;16;1269;1269
12436270;270;g_000;3;1;30;line_all;0.5;1270;9;13;7-17,8-15,8-17;10;5413847.5;5418827.5;5422806.25;7632992.5;4980.0;3978.75;2214165.0;eev,integrated,separated,ws;lintim;Mumford0;Mumford0;True;False;1e-05;6000;1;2;20;50;200;-5;100;0.75;2;50;250;30;20;16;1270;1270
12436270;271;g_000;3;1;30;line_all;0.5;1271;9;14;1-13,9-13,28-30;3;8014978.75;8018333.749984399;8020046.25;8034776.25;3354.999984399416;1712.5000156005844;16442.500015600584;eev,integrated,separated,ws;lintim;Mumford0;Mumford0;True;False;1e-05;6000;1;2;20;50;200;-5;100;0.75;2;50;250;30;20;16;1271;1271
12436270;272;g_000;3;1;30;line_all;0.5;1272;9;15;2-4,4-12,18-23;2;7348392.5;7349977.49981877;7351896.25;14650083.75;1584.999818770215;1918.750181229785;7300106.25018123;eev,integrated,separated,ws;lintim;Mumford0;Mumford0;True;False;1e-05;6000;1;2;20;50;200;-5;100;0.75;2;50;250;30;20;16;1272;1272
12436270;273;g_000;3;1;30;line_all;0.5;1273;9;16;2-4,12-18,18-23;2;7800195.0;7804022.5;7806178.75;15114430.0;3827.5;2156.25;7310407.5;eev,integrated,separated,ws;lintim;Mumford0;Mumford0;True;False;1e-05;6000;1;2;20;50;200;-5;100;0.75;2;50;250;30;20;16;1273;1273
12436270;274;g_000;3;1;30;line_all;0.5;1274;9;17;1-23,4-12,18-23;2;6566765.0;6572190.0;6574111.25;13872296.25;5425.0;1921.25;7300106.25;eev,integrated,separated,ws;lintim;Mumford0;Mumford0;True;False;1e-05;6000;1;2;20;50;200;-5;100;0.75;2;50;250;30;20;16;1274;1274
12436270;275;g_000;3;1;30;line_all;0.5;1275;9;18;1-23,2-4,18-23;2;5429740.0;5431877.5;5433388.75;12745480.0;2137.5;1511.25;7313602.5;eev,integrated,separated,ws;lintim;Mumford0;Mumford0;True;False;1e-05;6000;1;2;20;50;200;-5;100;0.75;2;50;250;30;20;16;1275;1275
12436270;276;g_000;3;1;30;line_all;0.5;1276;9;19;4-12,12-18,18-23;2;8601151.25;8606750.0;8609188.75;15902197.5;5598.75;2438.75;7295447.5;eev,integrated,separated,ws;lintim;Mumford0;Mumford0;True;False;1e-05;6000;1;2;20;50;200;-5;100;0.75;2;50;250;30;20;16;1276;1276
12436270;277;g_000;3;1;30;line_all;0.5;1277;9;20;1-13,9-13,17-28;3;8020350.0;8023072.5;8024652.5;8039382.5;2722.5;1580.0;16310.0;eev,integrated,separated,ws;lintim;Mumford0;Mumford0;True;False;1e-05;6000;1;2;20;50;200;-5;100;0.75;2;50;250;30;20;16;1277;1277
12436270;278;g_000;3;1;30;line_all;0.5;1278;9;21;1-14,4-12,18-23;2;6622348.75;6631002.5;6633441.25;13928860.0;8653.75;2438.75;7297857.5;eev,integrated,separated,ws;lintim;Mumford0;Mumford0;True;False;1e-05;6000;1;2;20;50;200;-5;100;0.75;2;50;250;30;20;16;1278;1278
12436270;279;g_000;3;1;30;line_all;0.5;1279;9;22;1-29,9-13,17-28;3;5400570.0;5404858.75;5406655.0;5421385.0;4288.75;1796.25;16526.25;eev,integrated,separated,ws;lintim;Mumford0;Mumford0;True;False;1e-05;6000;1;2;20;50;200;-5;100;0.75;2;50;250;30;20;16;1279;1279
12436270;280;g_000;3;1;30;line_all;0.5;1280;9;23;1-13,1-29,9-13;3;8002530.0;8004410.0;8006150.0;8020880.0;1880.0;1740.0;16470.0;eev,integrated,separated,ws;lintim;Mumford0;Mumford0;True;False;1e-05;6000;1;2;20;50;200;-5;100;0.75;2;50;250;30;20;16;1280;1280
12436270;281;g_000;3;1;30;line_all;0.5;1281;9;24;12-18,18-23,19-23;11;6685246.25;6685763.75;6685763.75;14003452.5;517.5;0.0;7317688.75;eev,integrated,separated,ws;lintim;Mumford0;Mumford0;True;False;1e-05;6000;1;2;20;50;200;-5;100;0.75;2;50;250;30;20;16;1281;1281
12436270;282;g_000;3;1;30;line_all;0.5;1282;9;25;1-23,2-4,4-12;2;7301528.75;7309400.0;7311838.75;7310773.739014569;7871.25;2438.75;1373.7390145687386;eev,integrated,separated,ws;lintim;Mumford0;Mumford0;True;False;1e-05;6000;1;2;20;50;200;-5;100;0.75;2;50;250;30;20;16;1282;1282
12436270;283;g_000;3;1;30;line_all;0.5;1283;9;26;1-13,17-28,28-30;3;6275773.75;6279008.75;6280627.5;6297957.5;3235.0;1618.75;18948.75;eev,integrated,separated,ws;lintim;Mumford0;Mumford0;True;False;1e-05;6000;1;2;20;50;200;-5;100;0.75;2;50;250;30;20;16;1283;1283
12436270;284;g_000;3;1;30;line_all;0.5;1284;9;27;7-14,14-19,19-20;4;5341365.0;5343111.25;5344381.25;5343411.248777449;1746.25;1270.0;299.998777449131;eev,integrated,separated,ws;lintim;Mumford0;Mumford0;True;False;1e-05;6000;1;2;20;50;200;-5;100;0.75;2;50;250;30;20;16;1284;1284
12436270;285;g_000;3;1;30;line_all;0.5;1285;9;28;1-14,12-18,18-23;2;7817918.75;7823455.0;7825893.75;15122132.5;5536.25;2438.75;7298677.5;eev,integrated,separated,ws;lintim;Mumford0;Mumford0;True;False;1e-05;6000;1;2;20;50;200;-5;100;0.75;2;50;250;30;20;16;1285;1285
12436270;286;g_000;3;1;30;line_all;0.5;1286;9;29;3-8,8-21,21-24;12;5341295.0;5344161.25;5345340.0;5345340.0;2866.25;1178.75;1178.75;eev,integrated,separated,ws;lintim;Mumford0;Mumford0;True;False;1e-05;6000;1;2;20;50;200;-5;100;0.75;2;50;250;30;20;16;1286;1286
12436270;287;g_000;3;1;30;share_stop;0.5;1287;10;0;3-11,11-16,11-17;;6412325.0;6412325.0;6412325.0;6412325.0;0.0;0.0;0.0;eev,integrated,separated,ws;lintim;Mumford0;Mumford0;True;False;1e-05;6000;1;2;20;50;200;-5;100;0.75;2;50;250;30;20;16;1287;1287
12436270;288;g_000;3;1;30;share_stop;0.5;1288;10;1;6-16,7-16,16-22;;5337607.5;5341311.25;5342490.0;5342490.0;3703.75;1178.75;1178.75;eev,integrated,separated,ws;lintim;Mumford0;Mumford0;True;False;1e-05;6000;1;2;20;50;200;-5;100;0.75;2;50;250;30;20;16;1288;1288
12436270;289;g_000;3;1;30;share_stop;0.5;1289;10;2;2-4,2-5,2-15;;5403462.5;5406597.499640001;5408026.25;7628443.75;3134.999640000984;1428.750359999016;2221846.250359999;eev,integrated,separated,ws;lintim;Mumford0;Mumford0;True;False;1e-05;6000;1;2;20;50;200;-5;100;0.75;2;50;250;30;20;16;1289;1289
12436270;290;g_000;3;1;30;share_stop;0.5;1290;10;3;5-8,5-21,5-25;;5358578.75;5361443.75;5362622.5;5362622.5;2865.0;1178.75;1178.75;eev,integrated,separated,ws;lintim;Mumford0;Mumford0;True;False;1e-05;6000;1;2;20;50;200;-5;100;0.75;2;50;250;30;20;16;1290;1290
12436270;291;g_000;3;1;30;share_stop;0.5;1291;10;4;3-11,7-11,11-30;;6412325.0;6412325.0;6412325.0;6412325.0;0.0;0.0;0.0;eev,integrated,separated,ws;lintim;Mumford0;Mumford0;True;False;1e-05;6000;1;2;20;50;200;-5;100;0.75;2;50;250;30;20;16;1291;1291
12436270;292;g_000;3;1;30;share_stop;0.5;1292;10;5;3-11,11-28,11-30;;6412325.0;6412325.0;6412325.0;6412325.0;0.0;0.0;0.0;eev,integrated,separated,ws;lintim;Mumford0;Mumford0;True;False;1e-05;6000;1;2;20;50;200;-5;100;0.75;2;50;250;30;20;16;1292;1292
12436270;293;g_000;3;1;30;share_stop;0.5;1293;10;6;10-15,15-24,15-25;;6477811.25;6479366.25;6479366.25;6482001.248453715;1555.0;0.0;2634.998453714885;eev,integrated,separated,ws;lintim;Mumford0;Mumford0;True;False;1e-05;6000;1;2;20;50;200;-5;100;0.75;2;50;250;30;20;16;1293;1293
12436270;294;g_000;3;1;30;share_stop;0.5;1294;10;7;3-7,7-14,7-16;;5332116.25;5334846.25;5335956.25;5334986.248777449;2730.0;1110.0;139.998777449131;eev,integrated,separated,ws;lintim;Mumford0;Mumford0;True;False;1e-05;6000;1;2;20;50;200;-5;100;0.75;2;50;250;30;20;16;1294;1294
12436270;295;g_000;3;1;30;share_stop;0.5;1295;10;8;7-11,11-16,11-28;;6412325.0;6412325.0;6412325.0;6412325.0;0.0;0.0;0.0;eev,integrated,separated,ws;lintim;Mumford0;Mumford0;True;False;1e-05;6000;1;2;20;50;200;-5;100;0.75;2;50;250;30;20;16;1295;1295
12436270;296;g_000;3;1;30;share_stop;0.5;1296;10;9;3-11,11-16,11-22;;5333837.5;5338210.0;5340238.75;5340238.75;4372.5;2028.75;2028.75;eev,integrated,separated,ws;lintim;Mumford0;Mumford0;True;False;1e-05;6000;1;2;20;50;200;-5;100;0.75;2;50;250;30;20;16;1296;1296
12436270;297;g_000;3;1;30;share_stop;0.5;1297;10;10;8-28,11-28,16-28;;6412325.0;6412325.0;6412325.0;6412325.0;0.0;0.0;0.0;eev,integrated,separated,ws;lintim;Mumford0;Mumford0;True;False;1e-05;6000;1;2;20;50;200;-5;100;0.75;2;50;250;30;20;16;1297;1297
12436270;298;g_000;3;1;30;share_stop;0.5;1298;10;11;5-15,5-24,5-25;;6412325.0;6412325.0;6412325.0;6412325.0;0.0;0.0;0.0;eev,integrated,separated,ws;lintim;Mumford0;Mumford0;True;False;1e-05;6000;1;2;20;50;200;-5;100;0.75;2;50;250;30;20;16;1298;1298
12436270;299;g_000;3;1;30;share_stop;0.5;1299;10;12;7-16,11-16,16-22;;6412325.0;6412325.0;6412325.0;6412325.0;0.0;0.0;0.0;eev,integrated,separated,ws;lintim;Mumford0;Mumford0;True;False;1e-05;6000;1;2;20;50;200;-5;100;0.75;2;50;250;30;20;16;1299;1299
12436270;300;g_000;3;1;30;share_stop;0.5;1300;10;13;8-11,11-17,11-30;;5331442.5;5335337.5;5337366.25;5337366.25;3895.0;2028.75;2028.75;eev,integrated,separated,ws;lintim;Mumford0;Mumford0;True;False;1e-05;6000;1;2;20;50;200;-5;100;0.75;2;50;250;30;20;16;1300;1300
12436270;301;g_000;3;1;30;share_stop;0.5;1301;10;14;8-25,8-26,8-28;;5344107.5;5347407.496989474;5349436.25;5349436.25;3299.9969894737005;2028.7530105262997;2028.7530105262997;eev,integrated,separated,ws;lintim;Mumford0;Mumford0;True;False;1e-05;6000;1;2;20;50;200;-5;100;0.75;2;50;250;30;20;16;1301;1301
12436270;302;g_000;3;1;30;share_stop;0.5;1302;10;15;2-15,10-15,12-15;;5459777.5;5464125.0;5466558.75;8485697.5;4347.5;2433.75;3021572.5;eev,integrated,separated,ws;lintim;Mumford0;Mumford0;True;False;1e-05;6000;1;2;20;50;200;-5;100;0.75;2;50;250;30;20;16;1302;1302
12436270;303;g_000;3;1;30;share_stop;0.5;1303;10;16;1-18,18-19,18-29;;6412325.0;6412325.0;6412325.0;6412325.0;0.0;0.0;0.0;eev,integrated,separated,ws;lintim;Mumford0;Mumford0;True;False;1e-05;6000;1;2;20;50;200;-5;100;0.75;2;50;250;30;20;16;1303;1303
12436270;304;g_000;3;1;30;share_stop;0.5;1304;10;17;11-16,11-22,11-30;;5333837.5;5338210.0;5340238.75;5340238.75;4372.5;2028.75;2028.75;eev,integrated,separated,ws;lintim;Mumford0;Mumford0;True;False;1e-05;6000;1;2;20;50;200;-5;100;0.75;2;50;250;30;20;16;1304;1304
12436270;305;g_000;3;1;30;share_stop;0.5;1305;10;18;1-18,12-18,18-29;;7775067.5;7778895.0;7780988.75;15090442.5;3827.5;2093.75;7311547.5;eev,integrated,separated,ws;lintim;Mumford0;Mumford0;True;False;1e-05;6000;1;2;20;50;200;-5;100;0.75;2;50;250;30;20;16;1305;1305
12436270;306;g_000;3;1;30;share_stop;0.5;1306;10;19;8-17,8-28,8-29;;6599435.0;6603705.0;6605525.0;8831200.0;4270.0;1820.0;2227495.0;eev,integrated,separated,ws;lintim;Mumford0;Mumford0;True;False;1e-05;6000;1;2;20;50;200;-5;100;0.75;2;50;250;30;20;16;1306;1306
12436270;307;g_000;3;1;30;share_stop;0.5;1307;10;20;3-16,7-16,16-30;;6412325.0;6412325.0;6412325.0;6412325.0;0.0;0.0;0.0;eev,integrated,separated,ws;lintim;Mumford0;Mumford0;True;False;1e-05;6000;1;2;20;50;200;-5;100;0.75;2;50;250;30;20;16;1307;1307
12436270;308;g_000;3;1;30;share_stop;0.5;1308;10;21;3-28,8-28,11-28;;6412325.0;6412325.0;6412325.0;6412325.0;0.0;0.0;0.0;eev,integrated,separated,ws;lintim;Mumford0;Mumford0;True;False;1e-05;6000;1;2;20;50;200;-5;100;0.75;2;50;250;30;20;16;1308;1308
12436270;309;g_000;3;1;30;share_stop;0.5;1309;10;22;7-16,16-17,16-28;;6412325.0;6412325.0;6412325.0;6412325.0;0.0;0.0;0.0;eev,integrated,separated,ws;lintim;Mumford0;Mumford0;True;False;1e-05;6000;1;2;20;50;200;-5;100;0.75;2;50;250;30;20;16;1309;1309
12436270;310;g_000;3;1;30;share_stop;0.5;1310;10;23;2-24,5-24,15-24;;6440866.25;6442218.75;6442218.75;6442218.75;1352.5;0.0;0.0;eev,integrated,separated,ws;lintim;Mumford0;Mumford0;True;False;1e-05;6000;1;2;20;50;200;-5;100;0.75;2;50;250;30;20;16;1310;1310
12436270;311;g_000;3;1;30;share_stop;0.5;1311;10;24;1-20,9-20,19-20;;5329062.5;5331827.5;5333707.5;5332737.498777449;2765.0;1880.0;909.998777449131;eev,integrated,separated,ws;lintim;Mumford0;Mumford0;True;False;1e-05;6000;1;2;20;50;200;-5;100;0.75;2;50;250;30;20;16;1311;1311
12436270;312;g_000;3;1;30;share_stop;0.5;1312;10;25;5-15,10-15,12-15;;6536546.25;6538957.5;6540473.75001705;7227345.0;2411.25;1516.2500170497224;688387.5;eev,integrated,separated,ws;lintim;Mumford0;Mumford0;True;False;1e-05;6000;1;2;20;50;200;-5;100;0.75;2;50;250;30;20;16;1312;1312
12436270;313;g_000;3;1;30;share_stop;0.5;1313;10;26;6-16,16-22,16-30;;5337607.5;5341311.25;5342490.0;5342490.0;3703.75;1178.75;1178.75;eev,integrated,separated,ws;lintim;Mumford0;Mumford0;True;False;1e-05;6000;1;2;20;50;200;-5;100;0.75;2;50;250;30;20;16;1313;1313
12436270;314;g_000;3;1;30;share_stop;0.5;1314;10;27;5-21,21-24,21-25;;5342620.0;5346925.0;5348103.75;5348103.75;4305.0;1178.75;1178.75;eev,integrated,separated,ws;lintim;Mumford0;Mumford0;True;False;1e-05;6000;1;2;20;50;200;-5;100;0.75;2;50;250;30;20;16;1314;1314
12436270;315;g_000;3;1;30;share_stop;0.5;1315;10;28;5-15,12-15,15-21;;6539098.75;6544070.0;6545586.25;7232342.5;4971.25;1516.25;688272.5;eev,integrated,separated,ws;lintim;Mumford0;Mumford0;True;False;1e-05;6000;1;2;20;50;200;-5;100;0.75;2;50;250;30;20;16;1315;1315
12436270;316;g_000;3;1;30;share_stop;0.5;1316;10;29;3-22,6-22,7-22;;6412325.0;6412325.0;6412325.0;6412325.0;0.0;0.0;0.0;eev,integrated,separated,ws;lintim;Mumford0;Mumford0;True;False;1e-05;6000;1;2;20;50;200;-5;100;0.75;2;50;250;30;20;16;1316;1316
12436270;317;g_000;3;1;30;random;0.5;1317;11;0;1-18,1-29,8-29;;5330773.75;5332453.75;5334006.25;5351363.75;1680.0;1552.5;18910.0;eev,integrated,separated,ws;lintim;Mumford0;Mumford0;True;False;1e-05;6000;1;2;20;50;200;-5;100;0.75;2;50;250;30;20;16;1317;1317
12436270;318;g_000;3;1;30;random;0.5;1318;11;1;5-8,6-22,13-20;;5338701.25;5341731.25;5342910.0;5342910.0;3030.0;1178.75;1178.75;eev,integrated,separated,ws;lintim;Mumford0;Mumford0;True;False;1e-05;6000;1;2;20;50;200;-5;100;0.75;2;50;250;30;20;16;1318;1318
12436270;319;g_000;3;1;30;random;0.5;1319;11;2;9-13,18-19,19-23;;5379993.75;5382062.5;5383793.75;5398523.75;2068.75;1731.25;16461.25;eev,integrated,separated,ws;lintim;Mumford0;Mumford0;True;False;1e-05;6000;1;2;20;50;200;-5;100;0.75;2;50;250;30;20;16;1319;1319
12436270;320;g_000;3;1;30;random;0.5;1320;11;3;1-14,1-29,14-19;;5435788.75;5439033.75;5442191.25;5460226.2424070425;3245.0;3157.5;21192.492407042533;eev,integrated,separated,ws;lintim;Mumford0;Mumford0;True;False;1e-05;6000;1;2;20;50;200;-5;100;0.75;2;50;250;30;20;16;1320;1320
12436270;321;g_000;3;1;30;random;0.5;1321;11;4;4-5,4-10,13-20;;6412325.0;6412325.0;6412325.0;6412325.0;0.0;0.0;0.0;eev,integrated,separated,ws;lintim;Mumford0;Mumford0;True;False;1e-05;6000;1;2;20;50;200;-5;100;0.75;2;50;250;30;20;16;1321;1321
12436270;322;g_000;3;1;30;random;0.5;1322;11;5;3-16,4-24,11-17;;6412325.0;6412325.0;6412325.0;6412325.0;0.0;0.0;0.0;eev,integrated,separated,ws;lintim;Mumford0;Mumford0;True;False;1e-05;6000;1;2;20;50;200;-5;100;0.75;2;50;250;30;20;16;1322;1322
12436270;323;g_000;3;1;30;random;0.5;1323;11;6;8-28,9-13,10-15;;5401705.0;5407236.25;5410161.25;5427526.25;5531.25;2925.0;20290.0;eev,integrated,separated,ws;lintim;Mumford0;Mumford0;True;False;1e-05;6000;1;2;20;50;200;-5;100;0.75;2;50;250;30;20;16;1323;1323
12436270;324;g_000;3;1;30;random;0.5;1324;11;7;3-11,16-30,17-28;;5349571.25;5352645.0;5354266.25;5371596.25;3073.75;1621.25;18951.25;eev,integrated,separated,ws;lintim;Mumford0;Mumford0;True;False;1e-05;6000;1;2;20;50;200;-5;100;0.75;2;50;250;30;20;16;1324;1324
12436270;325;g_000;3;1;30;random;0.5;1325;11;8;3-8,12-18,17-28;;7797577.5;7800315.00000117;7801963.75;15089091.25;2737.500001169741;1648.7499988302588;7288776.24999883;eev,integrated,separated,ws;lintim;Mumford0;Mumford0;True;False;1e-05;6000;1;2;20;50;200;-5;100;0.75;2;50;250;30;20;16;1325;1325
12436270;326;g_000;3;1;30;random;0.5;1326;11;9;3-17,4-5,18-29;;6412325.0;6412325.0;6412325.0;6412325.0;0.0;0.0;0.0;eev,integrated,separated,ws;lintim;Mumford0;Mumford0;True;False;1e-05;6000;1;2;20;50;200;-5;100;0.75;2;50;250;30;20;16;1326;1326
12436270;327;g_000;3;1;30;random;0.5;1327;11;10;11-22,18-20,20-23;;5333837.5;5338210.0;5340238.75;5340238.75;4372.5;2028.75;2028.75;eev,integrated,separated,ws;lintim;Mumford0;Mumford0;True;False;1e-05;6000;1;2;20;50;200;-5;100;0.75;2;50;250;30;20;16;1327;1327
12436270;328;g_000;3;1;30;random;0.5;1328;11;11;5-21,16-30,19-20;;5332588.75;5335326.25;5337187.5;5336217.498777449;2737.5;1861.25;891.248777449131;eev,integrated,separated,ws;lintim;Mumford0;Mumford0;True;False;1e-05;6000;1;2;20;50;200;-5;100;0.75;2;50;250;30;20;16;1328;1328
12436270;329;g_000;3;1;30;random;0.5;1329;11;12;3-7,3-11,5-21;;6412325.0;6412325.0;6412325.0;6412325.0;0.0;0.0;0.0;eev,integrated,separated,ws;lintim;Mumford0;Mumford0;True;False;1e-05;6000;1;2;20;50;200;-5;100;0.75;2;50;250;30;20;16;1329;1329
12436270;330;g_000;3;1;30;random;0.5;1330;11;13;2-15,4-5,11-22;;5382726.25;5385556.25;5387516.25;7601982.5;2830.0;1960.0;2216426.25;eev,integrated,separated,ws;lintim;Mumford0;Mumford0;True;False;1e-05;6000;1;2;20;50;200;-5;100;0.75;2;50;250;30;20;16;1330;1330
12436270;331;g_000;3;1;30;random;0.5;1331;11;14;1-14,8-11,9-27;;5373732.5;5380005.0;5383448.75;5382383.739014569;6272.5;3443.75;2378.739014568738;eev,integrated,separated,ws;lintim;Mumford0;Mumford0;True;False;1e-05;6000;1;2;20;50;200;-5;100;0.75;2;50;250;30;20;16;1331;1331
12436270;332;g_000;3;1;30;random;0.5;1332;11;15;15-21,19-20,26-29;;5363626.25;5366363.75;5368225.0;5369890.0;2737.5;1861.25;3526.25;eev,integrated,separated,ws;lintim;Mumford0;Mumford0;True;False;1e-05;6000;1;2;20;50;200;-5;100;0.75;2;50;250;30;20;16;1332;1332
12436270;333;g_000;3;1;30;random;0.5;1333;11;16;8-29,12-18,24-25;;7775067.5;7778895.0;7780988.75;15090442.5;3827.5;2093.75;7311547.5;eev,integrated,separated,ws;lintim;Mumford0;Mumford0;True;False;1e-05;6000;1;2;20;50;200;-5;100;0.75;2;50;250;30;20;16;1333;1333
12436270;334;g_000;3;1;30;random;0.5;1334;11;17;3-30,11-30,12-26;;5348031.25;5351731.25;5356688.75;5356688.75;3700.0;4957.5;4957.5;eev,integrated,separated,ws;lintim;Mumford0;Mumford0;True;False;1e-05;6000;1;2;20;50;200;-5;100;0.75;2;50;250;30;20;16;1334;1334
12436270;335;g_000;3;1;30;random;0.5;1335;11;18;7-16,8-21,28-30;;5334963.75;5337023.75;5338761.25;5356091.25;2060.0;1737.5;19067.5;eev,integrated,separated,ws;lintim;Mumford0;Mumford0;True;False;1e-05;6000;1;2;20;50;200;-5;100;0.75;2;50;250;30;20;16;1335;1335
12436270;336;g_000;3;1;30;random;0.5;1336;11;19;3-11,8-29,16-28;;6412325.0;6412325.0;6412325.0;6412325.0;0.0;0.0;0.0;eev,integrated,separated,ws;lintim;Mumford0;Mumford0;True;False;1e-05;6000;1;2;20;50;200;-5;100;0.75;2;50;250;30;20;16;1336;1336
12436270;337;g_000;3;1;30;random;0.5;1337;11;20;4-12,6-7,23-26;;5445463.75;5452075.0;5456915.0;9180315.0;6611.25;4840.0;3728240.0;eev,integrated,separated,ws;lintim;Mumford0;Mumford0;True;False;1e-05;6000;1;2;20;50;200;-5;100;0.75;2;50;250;30;20;16;1337;1337
12436270;338;g_000;3;1;30;random;0.5;1338;11;21;1-14,8-26,17-29;;5382701.25;5387963.75;5390988.75;5407941.2424070425;5262.5;3025.0;19977.492407042533;eev,integrated,separated,ws;lintim;Mumford0;Mumford0;True;False;1e-05;6000;1;2;20;50;200;-5;100;0.75;2;50;250;30;20;16;1338;1338
12436270;339;g_000;3;1;30;random;0.5;1339;11;22;3-22,4-10,5-21;;6412325.0;6412325.0;6412325.0;6412325.0;0.0;0.0;0.0;eev,integrated,separated,ws;lintim;Mumford0;Mumford0;True;False;1e-05;6000;1;2;20;50;200;-5;100;0.75;2;50;250;30;20;16;1339;1339
12436270;340;g_000;3;1;30;random;0.5;1340;11;23;1-14,1-27,2-15;;5420353.75;5425293.75;5427998.75;7644851.25;4940.0;2705.0;2219557.5;eev,integrated,separated,ws;lintim;Mumford0;Mumford0;True;False;1e-05;6000;1;2;20;50;200;-5;100;0.75;2;50;250;30;20;16;1340;1340
12436270;341;g_000;3;1;30;random;0.5;1341;11;24;2-4,12-18,19-20;;5665645.0;5671535.0;5673183.75;12971816.25;5890.0;1648.75;7300281.25;eev,integrated,separated,ws;lintim;Mumford0;Mumford0;True;False;1e-05;6000;1;2;20;50;200;-5;100;0.75;2;50;250;30;20;16;1341;1341
12436270;342;g_000;3;1;30;random;0.5;1342;11;25;1-23,9-13,17-29;;5390585.0;5394335.0;5396133.75;5414353.7424070425;3750.0;1798.75;20018.742407042533;eev,integrated,separated,ws;lintim;Mumford0;Mumford0;True;False;1e-05;6000;1;2;20;50;200;-5;100;0.75;2;50;250;30;20;16;1342;1342
12436270;343;g_000;3;1;30;random;0.5;1343;11;26;1-18,1-20,12-15;;6510446.25;6515295.0;6516811.25;7200932.5;4848.75;1516.25;685637.5;eev,integrated,separated,ws;lintim;Mumford0;Mumford0;True;False;1e-05;6000;1;2;20;50;200;-5;100;0.75;2;50;250;30;20;16;1343;1343
12436270;344;g_000;3;1;30;random;0.5;1344;11;27;1-18,1-20,17-29;;5341555.0;5343623.75;5345203.75;5362533.75;2068.75;1580.0;18910.0;eev,integrated,separated,ws;lintim;Mumford0;Mumford0;True;False;1e-05;6000;1;2;20;50;200;-5;100;0.75;2;50;250;30;20;16;1344;1344
12436270;345;g_000;3;1;30;random;0.5;1345;11;28;4-12,15-25,18-29;;6939713.75;6950067.5;6952506.25;6951441.239014569;10353.75;2438.75;1373.7390145687386;eev,integrated,separated,ws;lintim;Mumford0;Mumford0;True;False;1e-05;6000;1;2;20;50;200;-5;100;0.75;2;50;250;30;20;16;1345;1345
12436270;346;g_000;3;1;30;random;0.5;1346;11;29;4-10,11-22,13-20;;5333837.5;5338210.0;5340238.75;5340238.75;4372.5;2028.75;2028.75;eev,integrated,separated,ws;lintim;Mumford0;Mumford0;True;False;1e-05;6000;1;2;20;50;200;-5;100;0.75;2;50;250;30;20;16;1346;1346
12436270;347;g_000;1;3;20;line_consecutive;0.5;1347;12;0;8-21|10-15|18-23;12|7|2,11;5731929.999999998;5733942.5;5734629.166666666;7931804.166180322;2012.5000000018624;686.6666666660458;2197861.666180322;eev,integrated,separated,ws;lintim;Mumford0;Mumford0;True;False;1e-05;6000;1;2;20;50;200;-5;100;0.75;2;50;250;30;20;16;1347;1347
12436270;348;g_000;1;3;20;line_consecutive;0.5;1348;12;1;4-12|15-24|21-24;2|5|12;6241564.999999999;6247462.083333331;6248095.416666666;6248095.416666666;5897.083333332092;633.3333333348855;633.3333333348855;eev,integrated,separated,ws;lintim;Mumford0;Mumford0;True;False;1e-05;6000;1;2;20;50;200;-5;100;0.75;2;50;250;30;20;16;1348;1348
12436270;349;g_000;1;3;20;line_consecutive;0.5;1349;12;2;15-24|17-29|8-21;5|3|12;5709703.749999999;5712552.915925735;5713186.249999999;5713186.249999999;2849.165925735608;633.3340742643923;633.3340742643923;eev,integrated,separated,ws;lintim;Mumford0;Mumford0;True;False;1e-05;6000;1;2;20;50;200;-5;100;0.75;2;50;250;30;20;16;1349;1349
12436270;350;g_000;1;3;20;line_consecutive;0.5;1350;12;3;15-24|6-16|17-28;5|8|3;5708966.666666665;5711983.333333333;5712597.5;5712597.5;3016.6666666679084;614.1666666669771;614.1666666669771;eev,integrated,separated,ws;lintim;Mumford0;Mumford0;True;False;1e-05;6000;1;2;20;50;200;-5;100;0.75;2;50;250;30;20;16;1350;1350
12436270;351;g_000;1;3;20;line_consecutive;0.5;1351;12;4;6-16|8-11|1-23;8|1|2;5348694.166666666;5352897.916666666;5354153.333333333;5354153.333333333;4203.75;1255.416666666977;1255.416666666977;eev,integrated,separated,ws;lintim;Mumford0;Mumford0;True;False;1e-05;6000;1;2;20;50;200;-5;100;0.75;2;50;250;30;20;16;1351;1351
12436270;352;g_000;1;3;20;line_consecutive;0.5;1352;12;5;19-23|14-19|8-17;11|4|10;5365981.666666666;5369069.583333331;5370039.583333333;5370039.583333333;3087.9166666651145;970.0000000018626;970.0000000018626;eev,integrated,separated,ws;lintim;Mumford0;Mumford0;True;False;1e-05;6000;1;2;20;50;200;-5;100;0.75;2;50;250;30;20;16;1352;1352
12436270;353;g_000;1;3;20;line_consecutive;0.5;1353;12;6;17-28|2-4|17-29;3|2|3;5709867.499999999;5711926.666477576;5712659.999999999;5712659.999999999;2059.166477576829;733.3335224231705;733.3335224231705;eev,integrated,separated,ws;lintim;Mumford0;Mumford0;True;False;1e-05;6000;1;2;20;50;200;-5;100;0.75;2;50;250;30;20;16;1353;1353
12436270;354;g_000;1;3;20;line_consecutive;0.5;1354;12;7;6-7|28-30|17-28;4,10|3|3;5352870.833333332;5356112.916666669;5357166.25;5357166.25;3242.083333336748;1053.3333333311602;1053.3333333311602;eev,integrated,separated,ws;lintim;Mumford0;Mumford0;True;False;1e-05;6000;1;2;20;50;200;-5;100;0.75;2;50;250;30;20;16;1354;1354
12436270;355;g_000;1;3;20;line_consecutive;0.5;1355;12;8;7-14|3-8|28-30;4|6,12|3;5336124.999999999;5339049.166666666;5340019.166666666;5339049.166666666;2924.166666666977;970.0;0.0;eev,integrated,separated,ws;lintim;Mumford0;Mumford0;True;False;1e-05;6000;1;2;20;50;200;-5;100;0.75;2;50;250;30;20;16;1355;1355
12436270;356;g_000;1;3;20;line_consecutive;0.5;1356;12;9;17-28|1-14|28-30;3|2|3;5363039.166666665;5366579.999999998;5367727.083333333;5367727.083333333;3540.833333333023;1147.0833333348855;1147.0833333348855;eev,integrated,separated,ws;lintim;Mumford0;Mumford0;True;False;1e-05;6000;1;2;20;50;200;-5;100;0.75;2;50;250;30;20;16;1356;1356
12436270;357;g_000;1;3;20;line_consecutive;0.5;1357;12;10;28-30|2-15|2-25;3|10|1;5352535.416666666;5355654.583070019;5356701.25;5356701.25;3119.1664033532143;1046.66692998074;1046.66692998074;eev,integrated,separated,ws;lintim;Mumford0;Mumford0;True;False;1e-05;6000;1;2;20;50;200;-5;100;0.75;2;50;250;30;20;16;1357;1357
12436270;358;g_000;1;3;20;line_consecutive;0.5;1358;12;11;1-13|12-18|1-14;3|2,11|2;6182395.833333332;6186025.832841578;6187831.666666666;8382353.749513654;3629.999508245848;1805.833825088106;2196327.916672076;eev,integrated,separated,ws;lintim;Mumford0;Mumford0;True;False;1e-05;6000;1;2;20;50;200;-5;100;0.75;2;50;250;30;20;16;1358;1358
12436270;359;g_000;1;3;20;line_consecutive;0.5;1359;12;12;12-18|1-29|12-15;2,11|3|5,11;6538762.499999999;6543134.583144242;6543935.416666666;8739551.666666666;4372.083144242875;800.8335224241018;2196417.083522424;eev,integrated,separated,ws;lintim;Mumford0;Mumford0;True;False;1e-05;6000;1;2;20;50;200;-5;100;0.75;2;50;250;30;20;16;1359;1359
12436270;360;g_000;1;3;20;line_consecutive;0.5;1360;12;13;6-16|2-4|10-15;8|2|7;6073612.083333332;6074954.166666666;6075250.833333333;6075250.833333333;1342.0833333339542;296.6666666669771;296.6666666669771;eev,integrated,separated,ws;lintim;Mumford0;Mumford0;True;False;1e-05;6000;1;2;20;50;200;-5;100;0.75;2;50;250;30;20;16;1360;1360
12436270;361;g_000;1;3;20;line_consecutive;0.5;1361;12;14;6-16|1-23|28-30;8|2|3;5349867.916666666;5353571.250000001;5354618.333333333;5354618.333333333;3703.3333333348855;1047.0833333320916;1047.0833333320916;eev,integrated,separated,ws;lintim;Mumford0;Mumford0;True;False;1e-05;6000;1;2;20;50;200;-5;100;0.75;2;50;250;30;20;16;1361;1361
12436270;362;g_000;1;3;20;line_consecutive;0.5;1362;12;15;6-7|2-25|6-16;4,10|1|8;5350962.499999999;5354672.083333334;5355820.833333333;5355820.833333333;3709.5833333348855;1148.749999999069;1148.749999999069;eev,integrated,separated,ws;lintim;Mumford0;Mumford0;True;False;1e-05;6000;1;2;20;50;200;-5;100;0.75;2;50;250;30;20;16;1362;1362
12436270;363;g_000;1;3;20;line_consecutive;0.5;1363;12;16;8-11|8-21|8-15;1|12|10;5353314.583333333;5357456.665904072;5358641.666666666;5358641.666666666;4142.08257073909;1185.0007625939324;1185.0007625939324;eev,integrated,separated,ws;lintim;Mumford0;Mumford0;True;False;1e-05;6000;1;2;20;50;200;-5;100;0.75;2;50;250;30;20;16;1363;1363
12436270;364;g_000;1;3;20;line_consecutive;0.5;1364;12;17;8-11|19-20|1-29;1|4|3;5331601.666666666;5335147.916666665;5336186.666666666;5336186.666666666;3546.2499999990687;1038.750000000931;1038.750000000931;eev,integrated,separated,ws;lintim;Mumford0;Mumford0;True;False;1e-05;6000;1;2;20;50;200;-5;100;0.75;2;50;250;30;20;16;1364;1364
12436270;365;g_000;1;3;20;line_consecutive;0.5;1365;12;18;17-29|6-7|8-11;3|4,10|1;5349024.999999999;5352710.41650772;5353680.416666666;5353680.416666666;3685.4165077209473;970.0001589460298;970.0001589460298;eev,integrated,separated,ws;lintim;Mumford0;Mumford0;True;False;1e-05;6000;1;2;20;50;200;-5;100;0.75;2;50;250;30;20;16;1365;1365
12436270;366;g_000;1;3;20;line_consecutive;0.5;1366;12;19;7-17|1-29|12-15;10|3|5,11;5737355.833333332;5742707.083333335;5743467.083333333;5743467.083333333;5351.250000002794;759.9999999981374;759.9999999981374;eev,integrated,separated,ws;lintim;Mumford0;Mumford0;True;False;1e-05;6000;1;2;20;50;200;-5;100;0.75;2;50;250;30;20;16;1366;1366
12436270;367;g_000;1;5;20;line_consecutive;0.5;1367;13;0;17-29|2-4|6-7|1-29|6-16;3|2|4,10|3|8;5563970.0;5566440.25;5567208.25;5567208.25;2470.25;768.0;768.0;eev,integrated,separated,ws;lintim;Mumford0;Mumford0;True;False;1e-05;6000;1;2;20;50;200;-5;100;0.75;2;50;250;30;20;16;1367;1367
12436270;368;g_000;1;5;20;line_consecutive;0.5;1368;13;1;8-11|19-20|4-12|1-14|21-24;1|4|2|2|12;5670189.5;5675805.75;5677063.5;5677063.5;5616.25;1257.75;1257.75;eev,integrated,separated,ws;lintim;Mumford0;Mumford0;True;False;1e-05;6000;1;2;20;50;200;-5;100;0.75;2;50;250;30;20;16;1368;1368
12436270;369;g_000;1;5;20;line_consecutive;0.5;1369;13;2;28-30|1-23|8-17|12-18|2-15;3|2|10|2,11|10;5851590.0;5855243.0;5856415.5;7162544.25;3653.0;1172.5;1307301.25;eev,integrated,separated,ws;lintim;Mumford0;Mumford0;True;False;1e-05;6000;1;2;20;50;200;-5;100;0.75;2;50;250;30;20;16;1369;1369
12436270;370;g_000;1;5;20;line_consecutive;0.5;1370;13;3;28-30|17-28|12-26|9-27|1-29;3|3|5|9|3;5555133.0;5558441.5;5559209.5;5559209.5;3308.5;768.0;768.0;eev,integrated,separated,ws;lintim;Mumford0;Mumford0;True;False;1e-05;6000;1;2;20;50;200;-5;100;0.75;2;50;250;30;20;16;1370;1370
12436270;371;g_000;1;5;20;line_consecutive;0.5;1371;13;4;28-30|2-25|4-12|19-23|8-11;3|1|2|11|1;5663431.25;5668268.25;5669505.75;5669505.75;4837.0;1237.5;1237.5;eev,integrated,separated,ws;lintim;Mumford0;Mumford0;True;False;1e-05;6000;1;2;20;50;200;-5;100;0.75;2;50;250;30;20;16;1371;1371
12436270;372;g_000;1;5;20;line_consecutive;0.5;1372;13;5;17-29|28-30|17-28|10-15|11-22;3|3|3|7|1;5561464.0;5564404.5;5565172.5;5565172.5;2940.5;768.0;768.0;eev,integrated,separated,ws;lintim;Mumford0;Mumford0;True;False;1e-05;6000;1;2;20;50;200;-5;100;0.75;2;50;250;30;20;16;1372;1372
12436270;373;g_000;1;5;20;line_consecutive;0.5;1373;13;6;6-7|1-29|1-14|17-28|8-25;4,10|3|2|3|1;5360448.5;5364122.749869849;5365092.75;5365092.75;3674.2498698486015;970.0001301513984;970.0001301513984;eev,integrated,separated,ws;lintim;Mumford0;Mumford0;True;False;1e-05;6000;1;2;20;50;200;-5;100;0.75;2;50;250;30;20;16;1373;1373
12436270;374;g_000;1;5;20;line_consecutive;0.5;1374;13;7;15-21|19-20|1-13|8-11|8-17;7|4|3|1|10;5572708.0;5576232.25;5577018.25;5577018.25;3524.25;786.0;786.0;eev,integrated,separated,ws;lintim;Mumford0;Mumford0;True;False;1e-05;6000;1;2;20;50;200;-5;100;0.75;2;50;250;30;20;16;1374;1374
12436270;375;g_000;1;5;20;line_consecutive;0.5;1375;13;8;7-14|15-21|1-14|12-26|6-7;4|7|2|5|4,10;5580266.5;5583496.0;5584914.5;5584914.5;3229.5;1418.5;1418.5;eev,integrated,separated,ws;lintim;Mumford0;Mumford0;True;False;1e-05;6000;1;2;20;50;200;-5;100;0.75;2;50;250;30;20;16;1375;1375
12436270;376;g_000;1;5;20;line_consecutive;0.5;1376;13;9;11-22|8-17|8-21|2-4|17-28;1|10|12|2|3;5571305.25;5574947.25;5575715.25;5575715.25;3642.0;768.0;768.0;eev,integrated,separated,ws;lintim;Mumford0;Mumford0;True;False;1e-05;6000;1;2;20;50;200;-5;100;0.75;2;50;250;30;20;16;1376;1376
12436270;377;g_000;1;5;20;line_consecutive;0.5;1377;13;10;4-12|1-23|1-13|9-27|1-14;2|2|3|9|2;5900766.25;5904996.749999868;5906516.25;5906516.25;4230.499999867752;1519.5000001322478;1519.5000001322478;eev,integrated,separated,ws;lintim;Mumford0;Mumford0;True;False;1e-05;6000;1;2;20;50;200;-5;100;0.75;2;50;250;30;20;16;1377;1377
12436270;378;g_000;1;5;20;line_consecutive;0.5;1378;13;11;17-28|21-24|19-23|3-8|8-21;3|12|11|6,12|12;5349175.0;5352658.499747494;5353628.5;5353628.5;3483.499747494236;970.0002525057644;970.0002525057644;eev,integrated,separated,ws;lintim;Mumford0;Mumford0;True;False;1e-05;6000;1;2;20;50;200;-5;100;0.75;2;50;250;30;20;16;1378;1378
12436270;379;g_000;1;5;20;line_consecutive;0.5;1379;13;12;2-25|14-19|2-4|8-21|12-18;1|4|2|12|2,11;6048777.25;6052192.25;6052960.25;7359504.25;3415.0;768.0;1307312.0;eev,integrated,separated,ws;lintim;Mumford0;Mumford0;True;False;1e-05;6000;1;2;20;50;200;-5;100;0.75;2;50;250;30;20;16;1379;1379
12436270;380;g_000;1;5;20;line_consecutive;0.5;1380;13;13;12-18|9-13|15-21|3-8|8-21;2,11|3|7|6,12|12;6054863.0;6058591.5;6059359.5;7364220.75;3728.5;768.0;1305629.25;eev,integrated,separated,ws;lintim;Mumford0;Mumford0;True;False;1e-05;6000;1;2;20;50;200;-5;100;0.75;2;50;250;30;20;16;1380;1380
12436270;381;g_000;1;5;20;line_consecutive;0.5;1381;13;14;9-13|2-4|1-13|3-8|15-24;3|2|3|6,12|5;5791980.5;5794707.25;5795273.25;5795273.25;2726.75;566.0;566.0;eev,integrated,separated,ws;lintim;Mumford0;Mumford0;True;False;1e-05;6000;1;2;20;50;200;-5;100;0.75;2;50;250;30;20;16;1381;1381
12436270;382;g_000;1;5;20;line_consecutive;0.5;1382;13;15;2-4|21-24|8-15|18-23|6-7;2|12|10|2,11|4,10;5588336.5;5590896.5;5591756.25;6899054.25;2560.0;859.75;1308157.75;eev,integrated,separated,ws;lintim;Mumford0;Mumford0;True;False;1e-05;6000;1;2;20;50;200;-5;100;0.75;2;50;250;30;20;16;1382;1382
12436270;383;g_000;1;5;20;line_consecutive;0.5;1383;13;16;18-23|8-25|1-13|2-25|3-8;2,11|1|3|1|6,12;5359823.0;5363223.5;5364243.25;6670819.0;3400.5;1019.75;1307595.5;eev,integrated,separated,ws;lintim;Mumford0;Mumford0;True;False;1e-05;6000;1;2;20;50;200;-5;100;0.75;2;50;250;30;20;16;1383;1383
12436270;384;g_000;1;5;20;line_consecutive;0.5;1384;13;17;7-14|9-27|12-18|19-20|19-23;4|9|2,11|4|11;6043858.25;6046474.25;6047242.25;7354826.0;2616.0;768.0;1308351.75;eev,integrated,separated,ws;lintim;Mumford0;Mumford0;True;False;1e-05;6000;1;2;20;50;200;-5;100;0.75;2;50;250;30;20;16;1384;1384
12436270;385;g_000;1;5;20;line_consecutive;0.5;1385;13;18;12-15|28-30|2-25|17-28|14-19;5,11|3|1|3|4;5576025.75;5580024.0;5580892.5;5580024.0;3998.25;868.5;0.0;eev,integrated,separated,ws;lintim;Mumford0;Mumford0;True;False;1e-05;6000;1;2;20;50;200;-5;100;0.75;2;50;250;30;20;16;1385;1385
12436270;386;g_000;1;5;20;line_consecutive;0.5;1386;13;19;2-4|9-13|8-11|1-23|6-16;2|3|1|2|8;5570958.25;5574723.4999790015;5575491.5;5575491.5;3765.24997900147;768.0000209985301;768.0000209985301;eev,integrated,separated,ws;lintim;Mumford0;Mumford0;True;False;1e-05;6000;1;2;20;50;200;-5;100;0.75;2;50;250;30;20;16;1386;1386
12436270;387;g_000;1;10;20;line_consecutive;0.5;1387;14;0;4-12|3-8|6-7|14-19|10-15|8-11|5-8|19-23|15-21|12-26;2|6,12|4,10|4|7|1|6|11|7|5;5727167.75;5731015.625;5731921.375;5731921.373426478;3847.875;905.75;905.748426478356;eev,integrated,separated,ws;lintim;Mumford0;Mumford0;True;False;1e-05;6000;1;2;20;50;200;-5;100;0.75;2;50;250;30;20;16;1387;1387
12436270;388;g_000;1;10;20;line_consecutive;0.5;1388;14;1;17-29|5-8|15-21|9-27|8-25|19-23|12-26|19-20|15-24|7-17;3|6|7|9|1|11|5|4|5|10;5673936.625;5677953.125;5677919.75;5677919.75;4016.5;-33.375;-33.375;eev,integrated,separated,ws;lintim;Mumford0;Mumford0;True;False;1e-05;6000;1;2;20;50;200;-5;100;0.75;2;50;250;30;20;16;1388;1388
12436270;390;g_000;1;10;20;line_consecutive;0.5;1390;14;3;1-13|2-25|21-24|12-18|3-8|1-14|6-7|7-14|17-28|8-21;3|1|12|2,11|6,12|2|4,10|4|3|12;5597590.5;5607471.5;5602545.25;6467669.25;9881.0;-4926.25;860197.75;eev,integrated,separated,ws;lintim;Mumford0;Mumford0;True;False;1e-05;6000;1;2;20;50;200;-5;100;0.75;2;50;250;30;20;16;1390;1390
12436270;392;g_000;1;10;20;line_consecutive;0.5;1392;14;5;1-14|8-15|28-30|9-13|17-29|3-8|6-16|8-25|12-18|14-19;2|10|3|3|3|6,12|8|1|2,11|4;5597051.25;5601790.7500008745;5601871.375;6466623.625;4739.500000874512;80.6249991254881;864832.8749991255;eev,integrated,separated,ws;lintim;Mumford0;Mumford0;True;False;1e-05;6000;1;2;20;50;200;-5;100;0.75;2;50;250;30;20;16;1392;1392
12436270;394;g_000;1;10;20;line_consecutive;0.5;1394;14;7;19-20|1-13|8-17|8-11|9-13|8-21|6-16|21-24|8-25|6-7;4|3|10|1|3|12|8|12|1|4,10;5353134.5;5358073.25;5358394.625;5358394.623426478;4938.75;321.375;321.3734264783561;eev,integrated,separated,ws;lintim;Mumford0;Mumford0;True;False;1e-05;6000;1;2;20;50;200;-5;100;0.75;2;50;250;30;20;16;1394;1394
12436270;397;g_000;1;10;20;line_consecutive;0.5;1397;14;10;21-24|15-21|7-14|8-15|17-28|1-23|19-20|1-14|2-15|8-21;12|7|4|10|3|2|4|2|10|12;5469097.75;5472628.375;5473497.375;5473497.375;3530.625;869.0;869.0;eev,integrated,separated,ws;lintim;Mumford0;Mumford0;True;False;1e-05;6000;1;2;20;50;200;-5;100;0.75;2;50;250;30;20;16;1397;1397
12436270;399;g_000;1;10;20;line_consecutive;0.5;1399;14;12;15-21|9-13|8-15|8-25|17-29|17-28|12-15|8-21|8-11|1-29;7|3|10|1|3|3|5,11|12|1|3;5574828.5;5579296.374994544;5579456.875;5579456.875;4467.874994544312;160.50000545568764;160.50000545568764;eev,integrated,separated,ws;lintim;Mumford0;Mumford0;True;False;1e-05;6000;1;2;20;50;200;-5;100;0.75;2;50;250;30;20;16;1399;1399
12436270;400;g_000;1;10;20;line_consecutive;0.5;1400;14;13;2-4|8-25|15-24|7-14|21-24|15-21|3-8|9-13|17-28|1-13;2|1|5|4|12|7|6,12|3|3|3;5676997.25;5680570.625;5680656.125;5679989.125;3573.375;85.5;-581.5;eev,integrated,separated,ws;lintim;Mumford0;Mumford0;True;False;1e-05;6000;1;2;20;50;200;-5;100;0.75;2;50;250;30;20;16;1400;1400
12436270;401;g_000;1;10;20;line_consecutive;0.5;1401;14;14;12-18|12-15|19-23|4-12|17-28|12-26|8-25|6-16|21-24|8-17;2,11|5,11|11|2|3|5|1|8|12|10;5870029.5;5875679.8749690885;5876241.75;6741499.5;5650.374969088472;561.8750309115276;865819.6250309115;eev,integrated,separated,ws;lintim;Mumford0;Mumford0;True;False;1e-05;6000;1;2;20;50;200;-5;100;0.75;2;50;250;30;20;16;1401;1401
12436270;402;g_000;1;10;20;line_consecutive;0.5;1402;14;15;8-11|1-13|28-30|2-15|12-26|1-14|4-12|8-15|18-23|14-19;1|3|3|10|5|2|2|10|2,11|4;5523288.5;5529636.875;5528920.875;6394181.75;6348.375;-716.0;864544.875;eev,integrated,separated,ws;lintim;Mumford0;Mumford0;True;False;1e-05;6000;1;2;20;50;200;-5;100;0.75;2;50;250;30;20;16;1402;1402
12436270;403;g_000;1;10;20;line_consecutive;0.5;1403;14;16;2-4|10-15|12-26|2-25|2-15|7-14|19-23|15-21|6-7|12-15;2|7|5|1|10|4|11|7|4,10|5,11;5798290.125;5804028.125;5801822.875;5801822.873426572;5738.0;-2205.25;-2205.2515734275803;eev,integrated,separated,ws;lintim;Mumford0;Mumford0;True;False;1e-05;6000;1;2;20;50;200;-5;100;0.75;2;50;250;30;20;16;1403;1403
12436270;406;g_000;1;10;20;line_consecutive;0.5;1406;14;19;7-17|9-13|17-28|4-12|19-20|12-15|8-21|6-16|3-8|17-29;10|3|3|2|4|5,11|12|8|6,12|3;5623641.25;5631201.249505528;5629791.5;5629791.5;7559.999505528249;-1409.7495055282488;-1409.7495055282488;eev,integrated,separated,ws;lintim;Mumford0;Mumford0;True;False;1e-05;6000;1;2;20;50;200;-5;100;0.75;2;50;250;30;20;16;1406;1406
12436270;407;g_000;5;1;60;line_consecutive;0.5;1407;15;0;1-23,2-4,4-12,12-18,18-23;2;8601151.25;8606750.0;8609188.75;15902197.5;5598.75;2438.75;7295447.5;eev,integrated,separated,ws;lintim;Mumford0;Mumford0;True;False;1e-05;6000;1;2;20;50;200;-5;100;0.75;2;50;250;30;20;16;1407;1407
12436270;408;g_000;5;1;60;line_consecutive;0.5;1408;15;1;1-14,1-23,4-12,12-18,18-23;2;8626573.75;8631115.0;8633553.75;15926895.0;4541.25;2438.75;7295780.0;eev,integrated,separated,ws;lintim;Mumford0;Mumford0;True;False;1e-05;6000;1;2;20;50;200;-5;100;0.75;2;50;250;30;20;16;1408;1408
12436270;409;g_000;5;1;60;line_consecutive;0.5;1409;15;2;1-13,1-29,9-13,17-28,17-29;3;8023500.0;8026585.0;8028325.0;8043055.0;3085.0;1740.0;16470.0;eev,integrated,separated,ws;lintim;Mumford0;Mumford0;True;False;1e-05;6000;1;2;20;50;200;-5;100;0.75;2;50;250;30;20;16;1409;1409
12436270;410;g_000;5;1;60;line_consecutive;0.5;1410;15;3;1-13,1-29,17-28,17-29,28-30;3;5426962.5;5430295.0;5431886.25;5449216.25;3332.5;1591.25;18921.25;eev,integrated,separated,ws;lintim;Mumford0;Mumford0;True;False;1e-05;6000;1;2;20;50;200;-5;100;0.75;2;50;250;30;20;16;1410;1410
12436270;411;g_000;5;1;60;line_consecutive;0.5;1411;15;4;2-15,6-7,7-17,8-15,8-17;10;5442362.5;5455400.0;5456578.75;8677319.999538876;13037.5;1178.75;3221919.999538876;eev,integrated,separated,ws;lintim;Mumford0;Mumford0;True;False;1e-05;6000;1;2;20;50;200;-5;100;0.75;2;50;250;30;20;16;1411;1411
12436270;412;g_000;6;1;60;line_consecutive;0.5;1412;16;0;1-14,1-23,2-4,4-12,12-18,18-23;2;8626573.75;8631115.0;8633553.75;15926895.0;4541.25;2438.75;7295780.0;eev,integrated,separated,ws;lintim;Mumford0;Mumford0;True;False;1e-05;6000;1;2;20;50;200;-5;100;0.75;2;50;250;30;20;16;1412;1412
12436270;413;g_000;6;1;60;line_consecutive;0.5;1413;16;1;1-13,1-29,9-13,17-28,17-29,28-30;3;8041427.5;8044512.5;8046252.5;8060982.5;3085.0;1740.0;16470.0;eev,integrated,separated,ws;lintim;Mumford0;Mumford0;True;False;1e-05;6000;1;2;20;50;200;-5;100;0.75;2;50;250;30;20;16;1413;1413
