array_job_id;task_id;run_group_id;case_k;case_per_run;case_variants;case_selection;case_p_fail;case_id;case_sweep_row;case_variant_idx;case_edges;case_lines;WS;RP;EEV_nom;EEV_mean;EVPI;VSS_nom;VSS_mean;procedures_present;source;network;scenario_line_data;routing_agg;waiting_time_frequency;gap;time_limit;travel_time_cost_mult;waiting_time_cost_mult;line_operation_cost_mult;cost_repl_freq;cost_repl_line;repl_budget;bypass_multiplier;overdemand_threshold;overdemand_multiplier;num_od;train_capacity;infrastructure_capacity;max_frequency;threads;scenario_infra_id;scenario_prob_id
12306541;0;g_000;1;1;38;line_consecutive;0.5;1000;0;0;11-12;1,7,8;53789.169999999984;54914.785;54914.785;54914.78499999999;1125.6150000000198;0.0;-1.4551915228366852e-11;eev,integrated,separated,ws;lintim;SiouxFalls;SiouxFalls;True;False;1e-05;6000;1;2;20;50;200;-5;50;0.5;1;55;50;10;10;16;1000;1000
12306541;1;g_000;1;1;38;line_consecutive;0.5;1001;0;1;10-11;1,7,10;53697.18999614622;54829.38500000001;55611.894999999975;55611.894999999975;1132.1950038537907;782.5099999999657;782.5099999999657;eev,integrated,separated,ws;lintim;SiouxFalls;SiouxFalls;True;False;1e-05;6000;1;2;20;50;200;-5;50;0.5;1;55;50;10;10;16;1001;1001
12306541;2;g_000;1;1;38;line_consecutive;0.5;1002;0;2;10-16;1,10;51479.55499999988;52251.46500000001;53509.78999999998;53509.78999999998;771.9100000001345;1258.324999999968;1258.324999999968;eev,integrated,separated,ws;lintim;SiouxFalls;SiouxFalls;True;False;1e-05;6000;1;2;20;50;200;-5;50;0.5;1;55;50;10;10;16;1002;1002
12306541;3;g_000;1;1;38;line_consecutive;0.5;1003;0;3;16-18;1;50767.24000001095;51432.01999999861;52796.93999999999;52796.93999999999;664.7799999876588;1364.920000001381;1364.920000001381;eev,integrated,separated,ws;lintim;SiouxFalls;SiouxFalls;True;False;1e-05;6000;1;2;20;50;200;-5;50;0.5;1;55;50;10;10;16;1003;1003
12306541;4;g_000;1;1;38;line_consecutive;0.5;1004;0;4;2-6;2;56155.795;58078.34;58992.13499999999;58992.13499999998;1922.5449999999985;913.794999999991;913.7949999999836;eev,integrated,separated,ws;lintim;SiouxFalls;SiouxFalls;True;False;1e-05;6000;1;2;20;50;200;-5;50;0.5;1;55;50;10;10;16;1004;1004
12306541;5;g_000;1;1;38;line_consecutive;0.5;1005;0;5;6-8;2;54838.60499999471;56105.235;56762.94;56762.93999999999;1266.630000005287;657.7050000000017;657.7049999999872;eev,integrated,separated,ws;lintim;SiouxFalls;SiouxFalls;True;False;1e-05;6000;1;2;20;50;200;-5;50;0.5;1;55;50;10;10;16;1005;1005
12306541;6;g_000;1;1;38;line_consecutive;0.5;1006;0;6;8-16;2,10,13;54941.34999999999;56207.81;57667.24499999997;56844.69999999998;1266.4600000000064;1459.4349999999758;636.8899999999849;eev,integrated,separated,ws;lintim;SiouxFalls;SiouxFalls;True;False;1e-05;6000;1;2;20;50;200;-5;50;0.5;1;55;50;10;10;16;1006;1006
12306541;7;g_000;1;1;38;line_consecutive;0.5;1007;0;7;16-17;2,13;54347.08;55136.76999999999;56088.66;55698.62;789.6899999999878;951.890000000014;561.8500000000131;eev,integrated,separated,ws;lintim;SiouxFalls;SiouxFalls;True;False;1e-05;6000;1;2;20;50;200;-5;50;0.5;1;55;50;10;10;16;1007;1007
12306541;8;g_000;1;1;38;line_consecutive;0.5;1008;0;8;17-19;2,13,14;58397.535;59018.17499999944;60001.43499999999;59374.22499999932;620.6399999994392;983.2600000005476;356.0499999998792;eev,integrated,separated,ws;lintim;SiouxFalls;SiouxFalls;True;False;1e-05;6000;1;2;20;50;200;-5;50;0.5;1;55;50;10;10;16;1008;1008
12306541;9;g_000;1;1;38;line_consecutive;0.5;1009;0;9;19-20;2;55199.80499999999;56602.535;57263.2;57263.2;1402.7300000000105;660.6649999999936;660.6649999999936;eev,integrated,separated,ws;lintim;SiouxFalls;SiouxFalls;True;False;1e-05;6000;1;2;20;50;200;-5;50;0.5;1;55;50;10;10;16;1009;1009
12306541;10;g_000;1;1;38;line_consecutive;0.5;1010;0;10;3-4;3,4;53076.415;54220.25999999964;55210.955;55210.955;1143.8449999996374;990.6950000003636;990.6950000003636;eev,integrated,separated,ws;lintim;SiouxFalls;SiouxFalls;True;False;1e-05;6000;1;2;20;50;200;-5;50;0.5;1;55;50;10;10;16;1010;1010
12306541;11;g_000;1;1;38;line_consecutive;0.5;1011;0;11;4-5;3;49467.83999999998;49467.84;49467.84;49467.84;1.4551915228366852e-11;0.0;0.0;eev,integrated,separated,ws;lintim;SiouxFalls;SiouxFalls;True;False;1e-05;6000;1;2;20;50;200;-5;50;0.5;1;55;50;10;10;16;1011;1011
12306541;12;g_000;1;1;38;line_consecutive;0.5;1012;0;12;5-9;3,9;49613.79999999999;49759.76000000016;50747.84;50747.83999639118;145.96000000017375;988.0799999998344;988.0799963910176;eev,integrated,separated,ws;lintim;SiouxFalls;SiouxFalls;True;False;1e-05;6000;1;2;20;50;200;-5;50;0.5;1;55;50;10;10;16;1012;1012
12306541;13;g_000;1;1;38;line_consecutive;0.5;1013;0;13;8-9;3,7;49467.84;49467.8400000169;49467.84;49467.83999999848;1.69020495377481e-08;-1.69020495377481e-08;-1.841544872149825e-08;eev,integrated,separated,ws;lintim;SiouxFalls;SiouxFalls;True;False;1e-05;6000;1;2;20;50;200;-5;50;0.5;1;55;50;10;10;16;1013;1013
12306541;14;g_000;1;1;38;line_consecutive;0.5;1014;0;14;7-8;3,7,11;49467.84;49467.84;49467.84;49467.84;0.0;0.0;0.0;eev,integrated,separated,ws;lintim;SiouxFalls;SiouxFalls;True;False;1e-05;6000;1;2;20;50;200;-5;50;0.5;1;55;50;10;10;16;1014;1014
12306541;15;g_000;1;1;38;line_consecutive;0.5;1015;0;15;7-18;3,11;49467.84000000675;49467.83999999845;49467.84;49467.84;-8.301867637783289e-09;1.5497789718210695e-09;1.5497789718210695e-09;eev,integrated,separated,ws;lintim;SiouxFalls;SiouxFalls;True;False;1e-05;6000;1;2;20;50;200;-5;50;0.5;1;55;50;10;10;16;1015;1015
12306541;16;g_000;1;1;38;line_consecutive;0.5;1016;0;16;1-3;4,8,12;56143.589999999975;56320.88999999996;57085.91499999999;57085.91499999999;177.29999999998836;765.0250000000306;765.0250000000306;eev,integrated,separated,ws;lintim;SiouxFalls;SiouxFalls;True;False;1e-05;6000;1;2;20;50;200;-5;50;0.5;1;55;50;10;10;16;1016;1016
12306541;17;g_000;1;1;38;line_consecutive;0.5;1017;0;17;4-11;4;52377.645;53102.08000000042;53889.655;53889.6550000031;724.4350000004197;787.5749999995824;787.5750000026819;eev,integrated,separated,ws;lintim;SiouxFalls;SiouxFalls;True;False;1e-05;6000;1;2;20;50;200;-5;50;0.5;1;55;50;10;10;16;1017;1017
12306541;18;g_000;1;1;38;line_consecutive;0.5;1018;0;18;11-14;4,8,10;53684.70999999992;53907.5;55393.16499999999;55393.16499999999;222.7900000000809;1485.6649999999936;1485.6649999999936;eev,integrated,separated,ws;lintim;SiouxFalls;SiouxFalls;True;False;1e-05;6000;1;2;20;50;200;-5;50;0.5;1;55;50;10;10;16;1018;1018
12306541;19;g_000;1;1;38;line_consecutive;0.5;1019;0;19;14-23;4,10;52686.86;52883.64999999997;54299.995;54299.995;196.78999999997177;1416.3450000000305;1416.3450000000305;eev,integrated,separated,ws;lintim;SiouxFalls;SiouxFalls;True;False;1e-05;6000;1;2;20;50;200;-5;50;0.5;1;55;50;10;10;16;1019;1019
12306541;20;g_000;1;1;38;line_consecutive;0.5;1020;0;20;23-24;4;52294.62999999999;52854.05000000001;53694.315;53694.3150000031;559.4200000000201;840.2649999999921;840.2650000030917;eev,integrated,separated,ws;lintim;SiouxFalls;SiouxFalls;True;False;1e-05;6000;1;2;20;50;200;-5;50;0.5;1;55;50;10;10;16;1020;1020
12306541;21;g_000;1;1;38;line_consecutive;0.5;1021;0;21;10-15;5,9;50254.79999996997;50400.75999999997;51639.535;51639.53499999999;145.96000003000518;1238.7750000000306;1238.775000000016;eev,integrated,separated,ws;lintim;SiouxFalls;SiouxFalls;True;False;1e-05;6000;1;2;20;50;200;-5;50;0.5;1;55;50;10;10;16;1021;1021
12306541;22;g_000;1;1;38;line_consecutive;0.5;1022;0;22;15-22;5,13;51242.53999999999;51284.73999999845;51293.45;51293.45;42.19999999845459;8.710000001548906;8.710000001548906;eev,integrated,separated,ws;lintim;SiouxFalls;SiouxFalls;True;False;1e-05;6000;1;2;20;50;200;-5;50;0.5;1;55;50;10;10;16;1022;1022
12306541;23;g_000;1;1;38;line_consecutive;0.5;1023;0;23;22-23;5;49926.020000000295;49976.93000000001;49976.92999999999;49976.92999999999;50.90999999971245;-1.4551915228366852e-11;-1.4551915228366852e-11;eev,integrated,separated,ws;lintim;SiouxFalls;SiouxFalls;True;False;1e-05;6000;1;2;20;50;200;-5;50;0.5;1;55;50;10;10;16;1023;1023
12306541;24;g_000;1;1;38;line_consecutive;0.5;1024;0;24;13-24;6;51809.92999999999;52298.33000000001;52997.03;52997.02999999999;488.400000000016;698.6999999999898;698.6999999999825;eev,integrated,separated,ws;lintim;SiouxFalls;SiouxFalls;True;False;1e-05;6000;1;2;20;50;200;-5;50;0.5;1;55;50;10;10;16;1024;1024
12306541;25;g_000;1;1;38;line_consecutive;0.5;1025;0;25;21-24;6;50974.55;51152.58000000001;51836.81999999999;51836.81999999999;178.0300000000061;684.2399999999834;684.2399999999834;eev,integrated,separated,ws;lintim;SiouxFalls;SiouxFalls;True;False;1e-05;6000;1;2;20;50;200;-5;50;0.5;1;55;50;10;10;16;1025;1025
12306541;26;g_000;1;1;38;line_consecutive;0.5;1026;0;26;20-21;6;50921.06999999999;51099.10000000088;51758.41;51758.40999999999;178.0300000008865;659.3099999991246;659.30999999911;eev,integrated,separated,ws;lintim;SiouxFalls;SiouxFalls;True;False;1e-05;6000;1;2;20;50;200;-5;50;0.5;1;55;50;10;10;16;1026;1026
12306541;27;g_000;1;1;38;line_consecutive;0.5;1027;0;27;9-10;7,9;50061.53;50655.21999999698;51060.01;51060.01;593.6899999969828;404.7900000030204;404.7900000030204;eev,integrated,separated,ws;lintim;SiouxFalls;SiouxFalls;True;False;1e-05;6000;1;2;20;50;200;-5;50;0.5;1;55;50;10;10;16;1027;1027
12306541;28;g_000;1;1;38;line_consecutive;0.5;1028;0;28;3-12;8,12;49467.83999999998;49467.84;49467.84;49467.84;1.4551915228366852e-11;0.0;0.0;eev,integrated,separated,ws;lintim;SiouxFalls;SiouxFalls;True;False;1e-05;6000;1;2;20;50;200;-5;50;0.5;1;55;50;10;10;16;1028;1028
12306541;29;g_000;1;1;38;line_consecutive;0.5;1029;0;29;5-6;9;49613.8;49759.76;50747.83999999999;50747.840000000055;145.95999999999913;988.0799999999872;988.0800000000528;eev,integrated,separated,ws;lintim;SiouxFalls;SiouxFalls;True;False;1e-05;6000;1;2;20;50;200;-5;50;0.5;1;55;50;10;10;16;1029;1029
12306541;30;g_000;1;1;38;line_consecutive;0.5;1030;0;30;15-19;9,13,14;49999.28;50530.71999999986;51961.38;51961.37999999999;531.4399999998641;1430.6600000001345;1430.6600000001272;eev,integrated,separated,ws;lintim;SiouxFalls;SiouxFalls;True;False;1e-05;6000;1;2;20;50;200;-5;50;0.5;1;55;50;10;10;16;1030;1030
12306541;31;g_000;1;1;38;line_consecutive;0.5;1031;0;31;20-22;11;49467.84;49467.84;49467.83999999999;49467.83999999999;0.0;-7.275957614183426e-12;-7.275957614183426e-12;eev,integrated,separated,ws;lintim;SiouxFalls;SiouxFalls;True;False;1e-05;6000;1;2;20;50;200;-5;50;0.5;1;55;50;10;10;16;1031;1031
12306541;32;g_000;1;1;38;line_consecutive;0.5;1032;0;32;18-20;11;49467.83999999998;49467.83999999849;49467.84;49467.84;-1.4915713109076023e-09;1.5061232261359692e-09;1.5061232261359692e-09;eev,integrated,separated,ws;lintim;SiouxFalls;SiouxFalls;True;False;1e-05;6000;1;2;20;50;200;-5;50;0.5;1;55;50;10;10;16;1032;1032
12306541;33;g_000;1;1;38;line_consecutive;0.5;1033;0;33;12-13;12;49467.83999999965;49467.84;49467.84;49467.84;3.4924596548080444e-10;0.0;0.0;eev,integrated,separated,ws;lintim;SiouxFalls;SiouxFalls;True;False;1e-05;6000;1;2;20;50;200;-5;50;0.5;1;55;50;10;10;16;1033;1033
12306541;34;g_000;1;1;38;line_consecutive;0.5;1034;0;34;1-2;12;49467.84;49467.84000000002;49467.84;49467.84;2.182787284255028e-11;-2.182787284255028e-11;-2.182787284255028e-11;eev,integrated,separated,ws;lintim;SiouxFalls;SiouxFalls;True;False;1e-05;6000;1;2;20;50;200;-5;50;0.5;1;55;50;10;10;16;1034;1034
12306541;35;g_000;1;1;38;line_consecutive;0.5;1035;0;35;21-22;13;49494.47999999906;49521.11999999933;49911.16;49911.16;26.640000000275904;390.0400000006703;390.0400000006703;eev,integrated,separated,ws;lintim;SiouxFalls;SiouxFalls;True;False;1e-05;6000;1;2;20;50;200;-5;50;0.5;1;55;50;10;10;16;1035;1035
12306541;36;g_000;1;1;38;line_consecutive;0.5;1036;0;36;14-15;14;49492.65999999922;49517.48;49856.74999999999;49856.74999999997;24.820000000785512;339.2699999999895;339.2699999999677;eev,integrated,separated,ws;lintim;SiouxFalls;SiouxFalls;True;False;1e-05;6000;1;2;20;50;200;-5;50;0.5;1;55;50;10;10;16;1036;1036
12306541;37;g_000;1;1;38;line_consecutive;0.5;1037;0;37;10-17;14;49492.65999999961;49517.47999999997;49856.75;49856.74999999998;24.82000000035623;339.2700000000332;339.2700000000113;eev,integrated,separated,ws;lintim;SiouxFalls;SiouxFalls;True;False;1e-05;6000;1;2;20;50;200;-5;50;0.5;1;55;50;10;10;16;1037;1037
12306541;38;g_000;1;1;38;line_consecutive;0.5;1038;1;0;11-12;1,7,8;59867.495;60971.530000000006;62449.53000000077;62080.73;1104.0350000000035;1478.000000000764;1109.199999999997;eev,integrated,separated,ws;lintim;SiouxFalls;SiouxFalls;True;False;1e-05;6000;1;2;20;50;200;-5;50;0.5;2;55;50;10;10;16;1038;1038
12306541;39;g_000;1;1;38;line_consecutive;0.5;1039;1;1;10-11;1,7,10;59793.70999999999;61017.42999999997;62988.71500000077;61850.7;1223.719999999979;1971.2850000007968;833.2700000000259;eev,integrated,separated,ws;lintim;SiouxFalls;SiouxFalls;True;False;1e-05;6000;1;2;20;50;200;-5;50;0.5;2;55;50;10;10;16;1039;1039
12306541;40;g_000;1;1;38;line_consecutive;0.5;1040;1;2;10-16;1,10;57529.53499999999;58074.185;60707.21000000076;59558.98999999318;544.6500000000087;2633.025000000765;1484.8049999931827;eev,integrated,separated,ws;lintim;SiouxFalls;SiouxFalls;True;False;1e-05;6000;1;2;20;50;200;-5;50;0.5;2;55;50;10;10;16;1040;1040
12306541;41;g_000;1;1;38;line_consecutive;0.5;1041;1;3;16-18;1;56403.33000000009;56973.12000000199;59870.12000000077;59501.31999999999;569.7900000018999;2896.9999999987776;2528.1999999980035;eev,integrated,separated,ws;lintim;SiouxFalls;SiouxFalls;True;False;1e-05;6000;1;2;20;50;200;-5;50;0.5;2;55;50;10;10;16;1041;1041
12306541;42;g_000;1;1;38;line_consecutive;0.5;1042;1;4;2-6;2;63686.345;65141.01499999999;65880.70500000077;65880.705;1454.669999999991;739.6900000007809;739.6900000000096;eev,integrated,separated,ws;lintim;SiouxFalls;SiouxFalls;True;False;1e-05;6000;1;2;20;50;200;-5;50;0.5;2;55;50;10;10;16;1042;1042
12306541;43;g_000;1;1;38;line_consecutive;0.5;1043;1;5;6-8;2;61879.65;62686.24;63263.78000000077;63263.78;806.5899999999965;577.5400000007721;577.5400000000009;eev,integrated,separated,ws;lintim;SiouxFalls;SiouxFalls;True;False;1e-05;6000;1;2;20;50;200;-5;50;0.5;2;55;50;10;10;16;1043;1043
12306541;44;g_000;1;1;38;line_consecutive;0.5;1044;1;6;8-16;2,10,13;61680.28999999999;62746.44;63794.48000000077;63319.23;1066.1500000000087;1048.0400000007648;572.7900000000009;eev,integrated,separated,ws;lintim;SiouxFalls;SiouxFalls;True;False;1e-05;6000;1;2;20;50;200;-5;50;0.5;2;55;50;10;10;16;1044;1044
12306541;45;g_000;1;1;38;line_consecutive;0.5;1045;1;7;16-17;2,13;60890.315;61695.14000000002;62331.25000000077;62149.985;804.8250000000189;636.11000000075;454.84499999997934;eev,integrated,separated,ws;lintim;SiouxFalls;SiouxFalls;True;False;1e-05;6000;1;2;20;50;200;-5;50;0.5;2;55;50;10;10;16;1045;1045
12306541;46;g_000;1;1;38;line_consecutive;0.5;1046;1;8;17-19;2,13,14;64894.845;65763.38;66635.41000000077;66699.81499999238;868.5350000000035;872.0300000007701;936.4349999923724;eev,integrated,separated,ws;lintim;SiouxFalls;SiouxFalls;True;False;1e-05;6000;1;2;20;50;200;-5;50;0.5;2;55;50;10;10;16;1046;1046
12306541;47;g_000;1;1;38;line_consecutive;0.5;1047;1;9;19-20;2;62039.045;62842.98500000001;63420.525000000765;63420.525;803.9400000000096;577.5400000007576;577.5399999999936;eev,integrated,separated,ws;lintim;SiouxFalls;SiouxFalls;True;False;1e-05;6000;1;2;20;50;200;-5;50;0.5;2;55;50;10;10;16;1047;1047
12306541;48;g_000;1;1;38;line_consecutive;0.5;1048;1;10;3-4;3,4;59081.155;59893.11999999993;62475.69000000077;62475.69;811.964999999931;2582.570000000844;2582.5700000000725;eev,integrated,separated,ws;lintim;SiouxFalls;SiouxFalls;True;False;1e-05;6000;1;2;20;50;200;-5;50;0.5;2;55;50;10;10;16;1048;1048
12306541;49;g_000;1;1;38;line_consecutive;0.5;1049;1;11;4-5;3;55207.880000000005;55207.88;55207.88000000077;55207.87998668876;-7.275957614183426e-12;7.71251507103443e-10;-1.3311240763869137e-05;eev,integrated,separated,ws;lintim;SiouxFalls;SiouxFalls;True;False;1e-05;6000;1;2;20;50;200;-5;50;0.5;2;55;50;10;10;16;1049;1049
12306541;50;g_000;1;1;38;line_consecutive;0.5;1050;1;12;5-9;3,9;55237.84;55267.80000000001;56476.21000000077;56476.20999999999;29.96000000001368;1208.4100000007602;1208.4099999999817;eev,integrated,separated,ws;lintim;SiouxFalls;SiouxFalls;True;False;1e-05;6000;1;2;20;50;200;-5;50;0.5;2;55;50;10;10;16;1050;1050
12306541;51;g_000;1;1;38;line_consecutive;0.5;1051;1;13;8-9;3,7;55207.880000000005;55207.88000004368;55207.88000000077;55207.87999999999;4.367757355794311e-08;-4.2913598008453846e-08;-4.369212547317147e-08;eev,integrated,separated,ws;lintim;SiouxFalls;SiouxFalls;True;False;1e-05;6000;1;2;20;50;200;-5;50;0.5;2;55;50;10;10;16;1051;1051
12306541;52;g_000;1;1;38;line_consecutive;0.5;1052;1;14;7-8;3,7,11;55207.87999999897;55207.879999878096;55207.88000000077;55207.88;-1.2087548384442925e-07;1.2267264537513256e-07;1.2190139386802912e-07;eev,integrated,separated,ws;lintim;SiouxFalls;SiouxFalls;True;False;1e-05;6000;1;2;20;50;200;-5;50;0.5;2;55;50;10;10;16;1052;1052
12306541;53;g_000;1;1;38;line_consecutive;0.5;1053;1;15;7-18;3,11;55207.88;55207.880000000005;55207.88000000077;55207.88;7.275957614183426e-12;7.639755494892596e-10;-7.275957614183426e-12;eev,integrated,separated,ws;lintim;SiouxFalls;SiouxFalls;True;False;1e-05;6000;1;2;20;50;200;-5;50;0.5;2;55;50;10;10;16;1053;1053
12306541;54;g_000;1;1;38;line_consecutive;0.5;1054;1;16;1-3;4,8,12;62723.755000000005;63288.2;64700.23500000077;64700.235;564.4449999999924;1412.0350000007747;1412.0350000000035;eev,integrated,separated,ws;lintim;SiouxFalls;SiouxFalls;True;False;1e-05;6000;1;2;20;50;200;-5;50;0.5;2;55;50;10;10;16;1054;1054
12306541;55;g_000;1;1;38;line_consecutive;0.5;1055;1;17;4-11;4;58357.44500000001;59176.49999999988;61064.915000000765;61064.91499999999;819.0549999998766;1888.4150000008813;1888.41500000011;eev,integrated,separated,ws;lintim;SiouxFalls;SiouxFalls;True;False;1e-05;6000;1;2;20;50;200;-5;50;0.5;2;55;50;10;10;16;1055;1055
12306541;56;g_000;1;1;38;line_consecutive;0.5;1056;1;18;11-14;4,8,10;59746.42499999999;60746.740000000005;62687.20500000077;62260.225000000006;1000.3150000000168;1940.465000000768;1513.4850000000006;eev,integrated,separated,ws;lintim;SiouxFalls;SiouxFalls;True;False;1e-05;6000;1;2;20;50;200;-5;50;0.5;2;55;50;10;10;16;1056;1056
12306541;57;g_000;1;1;38;line_consecutive;0.5;1057;1;19;14-23;4,10;59223.18499999988;59949.62;61608.68000000077;61187.670000000006;726.4350000001214;1659.060000000769;1238.050000000003;eev,integrated,separated,ws;lintim;SiouxFalls;SiouxFalls;True;False;1e-05;6000;1;2;20;50;200;-5;50;0.5;2;55;50;10;10;16;1057;1057
12306541;58;g_000;1;1;38;line_consecutive;0.5;1058;1;20;23-24;4;58367.42999999999;59162.02000000001;60945.010000000766;60945.01;794.5900000000183;1782.990000000755;1782.9899999999907;eev,integrated,separated,ws;lintim;SiouxFalls;SiouxFalls;True;False;1e-05;6000;1;2;20;50;200;-5;50;0.5;2;55;50;10;10;16;1058;1058
12306541;59;g_000;1;1;38;line_consecutive;0.5;1059;1;21;10-15;5,9;56098.19;56128.150000026486;57482.91000000077;57482.91;29.960000026483613;1354.7599999742815;1354.7599999735176;eev,integrated,separated,ws;lintim;SiouxFalls;SiouxFalls;True;False;1e-05;6000;1;2;20;50;200;-5;50;0.5;2;55;50;10;10;16;1059;1059
12306541;60;g_000;1;1;38;line_consecutive;0.5;1060;1;22;15-22;5,13;57114.965;57115.76500000001;57129.02000000077;57129.02;0.8000000000101863;13.255000000761356;13.254999999990105;eev,integrated,separated,ws;lintim;SiouxFalls;SiouxFalls;True;False;1e-05;6000;1;2;20;50;200;-5;50;0.5;2;55;50;10;10;16;1060;1060
12306541;61;g_000;1;1;38;line_consecutive;0.5;1061;1;23;22-23;5;55891.20999999999;55891.210000000014;55891.21000000077;55891.20999999999;2.182787284255028e-11;7.566995918750762e-10;-2.182787284255028e-11;eev,integrated,separated,ws;lintim;SiouxFalls;SiouxFalls;True;False;1e-05;6000;1;2;20;50;200;-5;50;0.5;2;55;50;10;10;16;1061;1061
12306541;62;g_000;1;1;38;line_consecutive;0.5;1062;1;24;13-24;6;57344.67;57984.48500000001;58748.130000001576;58748.13000000081;639.8150000000096;763.6450000015684;763.6450000008044;eev,integrated,separated,ws;lintim;SiouxFalls;SiouxFalls;True;False;1e-05;6000;1;2;20;50;200;-5;50;0.5;2;55;50;10;10;16;1062;1062
12306541;63;g_000;1;1;38;line_consecutive;0.5;1063;1;25;21-24;6;56775.84999999999;57039.00999999994;57662.36000000077;57662.36;263.1599999999453;623.3500000008353;623.350000000064;eev,integrated,separated,ws;lintim;SiouxFalls;SiouxFalls;True;False;1e-05;6000;1;2;20;50;200;-5;50;0.5;2;55;50;10;10;16;1063;1063
12306541;64;g_000;1;1;38;line_consecutive;0.5;1064;1;26;20-21;6;56720.515;56983.675;57548.57500000077;57548.575;263.1600000000035;564.9000000007654;564.8999999999942;eev,integrated,separated,ws;lintim;SiouxFalls;SiouxFalls;True;False;1e-05;6000;1;2;20;50;200;-5;50;0.5;2;55;50;10;10;16;1064;1064
12306541;65;g_000;1;1;38;line_consecutive;0.5;1065;1;27;9-10;7,9;55685.73999999999;56019.74000000001;56791.09000000077;56791.09;334.0000000000218;771.3500000007552;771.349999999984;eev,integrated,separated,ws;lintim;SiouxFalls;SiouxFalls;True;False;1e-05;6000;1;2;20;50;200;-5;50;0.5;2;55;50;10;10;16;1065;1065
12306541;66;g_000;1;1;38;line_consecutive;0.5;1066;1;28;3-12;8,12;55207.880000000005;55207.88;55207.88000000077;55207.88;-7.275957614183426e-12;7.71251507103443e-10;0.0;eev,integrated,separated,ws;lintim;SiouxFalls;SiouxFalls;True;False;1e-05;6000;1;2;20;50;200;-5;50;0.5;2;55;50;10;10;16;1066;1066
12306541;67;g_000;1;1;38;line_consecutive;0.5;1067;1;29;5-6;9;55237.84;55267.8;56476.21000000076;56476.20999999999;29.960000000006403;1208.4100000007602;1208.409999999989;eev,integrated,separated,ws;lintim;SiouxFalls;SiouxFalls;True;False;1e-05;6000;1;2;20;50;200;-5;50;0.5;2;55;50;10;10;16;1067;1067
12306541;68;g_000;1;1;38;line_consecutive;0.5;1068;1;30;15-19;9,13,14;55662.69000000352;56117.50000000098;57848.660000000775;57848.66;454.8099999974656;1731.1599999997925;1731.1599999990212;eev,integrated,separated,ws;lintim;SiouxFalls;SiouxFalls;True;False;1e-05;6000;1;2;20;50;200;-5;50;0.5;2;55;50;10;10;16;1068;1068
12306541;69;g_000;1;1;38;line_consecutive;0.5;1069;1;31;20-22;11;55207.88;55207.88000000001;55207.88000000077;55207.87999999999;1.4551915228366852e-11;7.566995918750762e-10;-2.182787284255028e-11;eev,integrated,separated,ws;lintim;SiouxFalls;SiouxFalls;True;False;1e-05;6000;1;2;20;50;200;-5;50;0.5;2;55;50;10;10;16;1069;1069
12306541;70;g_000;1;1;38;line_consecutive;0.5;1070;1;32;18-20;11;55207.880000000005;55207.88000000001;55207.88000000077;55207.87999999999;7.275957614183426e-12;7.566995918750762e-10;-2.182787284255028e-11;eev,integrated,separated,ws;lintim;SiouxFalls;SiouxFalls;True;False;1e-05;6000;1;2;20;50;200;-5;50;0.5;2;55;50;10;10;16;1070;1070
12306541;71;g_000;1;1;38;line_consecutive;0.5;1071;1;33;12-13;12;55207.87999999999;55207.88000000001;55207.87999812375;55207.87999812298;2.182787284255028e-11;-1.8762584659270944e-06;-1.8770297174341977e-06;eev,integrated,separated,ws;lintim;SiouxFalls;SiouxFalls;True;False;1e-05;6000;1;2;20;50;200;-5;50;0.5;2;55;50;10;10;16;1071;1071
12306541;72;g_000;1;1;38;line_consecutive;0.5;1072;1;34;1-2;12;55207.87999999995;55207.88000000001;55207.88000000077;55207.880000000005;6.548361852765083e-11;7.566995918750762e-10;-7.275957614183426e-12;eev,integrated,separated,ws;lintim;SiouxFalls;SiouxFalls;True;False;1e-05;6000;1;2;20;50;200;-5;50;0.5;2;55;50;10;10;16;1072;1072
12306541;73;g_000;1;1;38;line_consecutive;0.5;1073;1;35;21-22;13;55464.73999999999;55721.600000000006;55808.17000000077;55808.17;256.86000000001513;86.57000000076368;86.56999999999243;eev,integrated,separated,ws;lintim;SiouxFalls;SiouxFalls;True;False;1e-05;6000;1;2;20;50;200;-5;50;0.5;2;55;50;10;10;16;1073;1073
12306541;74;g_000;1;1;38;line_consecutive;0.5;1074;1;36;14-15;14;55383.37;55558.86000000001;55705.56000000077;55705.56;175.49000000000524;146.7000000007611;146.6999999999898;eev,integrated,separated,ws;lintim;SiouxFalls;SiouxFalls;True;False;1e-05;6000;1;2;20;50;200;-5;50;0.5;2;55;50;10;10;16;1074;1074
12306541;75;g_000;1;1;38;line_consecutive;0.5;1075;1;37;10-17;14;55383.37000000036;55558.86;55705.56000000077;55705.56;175.48999999964144;146.70000000076834;146.6999999999971;eev,integrated,separated,ws;lintim;SiouxFalls;SiouxFalls;True;False;1e-05;6000;1;2;20;50;200;-5;50;0.5;2;55;50;10;10;16;1075;1075
12306541;76;g_000;1;1;38;line_consecutive;0.5;1076;2;0;11-12;1,7,8;64795.50000000001;67441.02499999978;67532.34;67592.38;2645.5249999997686;91.3150000002206;151.35500000022876;eev,integrated,separated,ws;lintim;SiouxFalls;SiouxFalls;True;False;1e-05;6000;1;2;20;50;200;-5;50;0.5;5;55;50;10;10;16;1076;1076
12306541;77;g_000;1;1;38;line_consecutive;0.5;1077;2;1;10-11;1,7,10;64866.16499999999;66614.1449999999;68968.2;67110.22;1747.9799999999086;2354.055000000095;496.07500000009895;eev,integrated,separated,ws;lintim;SiouxFalls;SiouxFalls;True;False;1e-05;6000;1;2;20;50;200;-5;50;0.5;5;55;50;10;10;16;1077;1077
12306541;78;g_000;1;1;38;line_consecutive;0.5;1078;2;2;10-16;1,10;61944.04000000016;63198.28999999999;66439.87999999999;64228.98;1254.2499999998329;3241.5899999999965;1030.6900000000096;eev,integrated,separated,ws;lintim;SiouxFalls;SiouxFalls;True;False;1e-05;6000;1;2;20;50;200;-5;50;0.5;5;55;50;10;10;16;1078;1078
12306541;79;g_000;1;1;38;line_consecutive;0.5;1079;2;3;16-18;1;60858.32999999999;62203.19499999999;64717.50499999999;63989.50499999999;1344.8650000000052;2514.3099999999977;1786.3099999999977;eev,integrated,separated,ws;lintim;SiouxFalls;SiouxFalls;True;False;1e-05;6000;1;2;20;50;200;-5;50;0.5;5;55;50;10;10;16;1079;1079
12306541;80;g_000;1;1;38;line_consecutive;0.5;1080;2;4;2-6;2;68248.08499999999;70645.31;72087.12;71316.51999999999;2397.225000000006;1441.8099999999977;671.2099999999919;eev,integrated,separated,ws;lintim;SiouxFalls;SiouxFalls;True;False;1e-05;6000;1;2;20;50;200;-5;50;0.5;5;55;50;10;10;16;1080;1080
12306541;81;g_000;1;1;38;line_consecutive;0.5;1081;2;5;6-8;2;66442.56;67693.45;69140.65;68370.04999999999;1250.8899999999994;1447.199999999997;676.5999999999913;eev,integrated,separated,ws;lintim;SiouxFalls;SiouxFalls;True;False;1e-05;6000;1;2;20;50;200;-5;50;0.5;5;55;50;10;10;16;1081;1081
12306541;82;g_000;1;1;38;line_consecutive;0.5;1082;2;6;8-16;2,10,13;66122.75;67570.40000000001;70118.25499999999;67854.32;1447.6500000000087;2547.8549999999814;283.91999999999825;eev,integrated,separated,ws;lintim;SiouxFalls;SiouxFalls;True;False;1e-05;6000;1;2;20;50;200;-5;50;0.5;5;55;50;10;10;16;1082;1082
12306541;83;g_000;1;1;38;line_consecutive;0.5;1083;2;7;16-17;2,13;65060.925;66130.9799999998;68609.33499999999;66702.0749939082;1070.0549999998038;2478.355000000185;571.0949939083948;eev,integrated,separated,ws;lintim;SiouxFalls;SiouxFalls;True;False;1e-05;6000;1;2;20;50;200;-5;50;0.5;5;55;50;10;10;16;1083;1083
12306541;84;g_000;1;1;38;line_consecutive;0.5;1084;2;8;17-19;2,13,14;70150.655;70806.76;73006.92499999999;71961.91;656.1049999999959;2200.1649999999936;1155.1500000000087;eev,integrated,separated,ws;lintim;SiouxFalls;SiouxFalls;True;False;1e-05;6000;1;2;20;50;200;-5;50;0.5;5;55;50;10;10;16;1084;1084
12306541;85;g_000;1;1;38;line_consecutive;0.5;1085;2;9;19-20;2;66242.23000000001;67032.77500000001;68226.93;67456.33;790.5449999999983;1194.1549999999845;423.554999999993;eev,integrated,separated,ws;lintim;SiouxFalls;SiouxFalls;True;False;1e-05;6000;1;2;20;50;200;-5;50;0.5;5;55;50;10;10;16;1085;1085
12306541;86;g_000;1;1;38;line_consecutive;0.5;1086;2;10;3-4;3,4;64734.925;66400.19;67706.12999999999;67706.12999999999;1665.2649999999994;1305.9399999999878;1305.9399999999878;eev,integrated,separated,ws;lintim;SiouxFalls;SiouxFalls;True;False;1e-05;6000;1;2;20;50;200;-5;50;0.5;5;55;50;10;10;16;1086;1086
12306541;87;g_000;1;1;38;line_consecutive;0.5;1087;2;11;4-5;3;58830.46000000001;58830.46000000001;58830.45999593852;58830.45999593852;0.0;-4.0614831959828734e-06;-4.0614831959828734e-06;eev,integrated,separated,ws;lintim;SiouxFalls;SiouxFalls;True;False;1e-05;6000;1;2;20;50;200;-5;50;0.5;5;55;50;10;10;16;1087;1087
12306541;88;g_000;1;1;38;line_consecutive;0.5;1088;2;12;5-9;3,9;59048.41999999999;59266.38;60400.66999547178;60400.66999547178;217.9600000000064;1134.2899954717795;1134.2899954717795;eev,integrated,separated,ws;lintim;SiouxFalls;SiouxFalls;True;False;1e-05;6000;1;2;20;50;200;-5;50;0.5;5;55;50;10;10;16;1088;1088
12306541;89;g_000;1;1;38;line_consecutive;0.5;1089;2;13;8-9;3,7;58830.45999999999;58830.460000000014;58830.46;58830.46;2.182787284255028e-11;-1.4551915228366852e-11;-1.4551915228366852e-11;eev,integrated,separated,ws;lintim;SiouxFalls;SiouxFalls;True;False;1e-05;6000;1;2;20;50;200;-5;50;0.5;5;55;50;10;10;16;1089;1089
12306541;90;g_000;1;1;38;line_consecutive;0.5;1090;2;14;7-8;3,7,11;58830.45999999999;58830.46;58830.45999999999;58830.45999999999;7.275957614183426e-12;-7.275957614183426e-12;-7.275957614183426e-12;eev,integrated,separated,ws;lintim;SiouxFalls;SiouxFalls;True;False;1e-05;6000;1;2;20;50;200;-5;50;0.5;5;55;50;10;10;16;1090;1090
12306541;91;g_000;1;1;38;line_consecutive;0.5;1091;2;15;7-18;3,11;58830.45999999999;58830.45999999532;58830.45999999999;58830.45999999999;-4.6711647883057594e-09;4.6711647883057594e-09;4.6711647883057594e-09;eev,integrated,separated,ws;lintim;SiouxFalls;SiouxFalls;True;False;1e-05;6000;1;2;20;50;200;-5;50;0.5;5;55;50;10;10;16;1091;1091
12306541;92;g_000;1;1;38;line_consecutive;0.5;1092;2;16;1-3;4,8,12;69448.95;69903.38000000003;70561.815;70561.815;454.4300000000367;658.4349999999686;658.4349999999686;eev,integrated,separated,ws;lintim;SiouxFalls;SiouxFalls;True;False;1e-05;6000;1;2;20;50;200;-5;50;0.5;5;55;50;10;10;16;1092;1092
12306541;93;g_000;1;1;38;line_consecutive;0.5;1093;2;17;4-11;4;63752.05;65475.45;66360.12;66360.12;1723.3999999999942;884.6699999999983;884.6699999999983;eev,integrated,separated,ws;lintim;SiouxFalls;SiouxFalls;True;False;1e-05;6000;1;2;20;50;200;-5;50;0.5;5;55;50;10;10;16;1093;1093
12306541;94;g_000;1;1;38;line_consecutive;0.5;1094;2;18;11-14;4,8,10;65621.15999999999;66782.15000000001;68537.955;67689.845;1160.9900000000198;1755.804999999993;907.6949999999924;eev,integrated,separated,ws;lintim;SiouxFalls;SiouxFalls;True;False;1e-05;6000;1;2;20;50;200;-5;50;0.5;5;55;50;10;10;16;1094;1094
12306541;95;g_000;1;1;38;line_consecutive;0.5;1095;2;19;14-23;4,10;64406.79499999999;65759.315;67323.59;66263.39000000001;1352.5200000000114;1564.2749999999942;504.0750000000117;eev,integrated,separated,ws;lintim;SiouxFalls;SiouxFalls;True;False;1e-05;6000;1;2;20;50;200;-5;50;0.5;5;55;50;10;10;16;1095;1095
12306541;96;g_000;1;1;38;line_consecutive;0.5;1096;2;20;23-24;4;63804.77999999999;65583.91500000001;66273.51999999999;66273.51999999999;1779.1350000000166;689.6049999999814;689.6049999999814;eev,integrated,separated,ws;lintim;SiouxFalls;SiouxFalls;True;False;1e-05;6000;1;2;20;50;200;-5;50;0.5;5;55;50;10;10;16;1096;1096
12306541;97;g_000;1;1;38;line_consecutive;0.5;1097;2;21;10-15;5,9;60236.38499999999;60627.85000000001;61676.375;61676.37499999999;391.4650000000256;1048.524999999987;1048.5249999999796;eev,integrated,separated,ws;lintim;SiouxFalls;SiouxFalls;True;False;1e-05;6000;1;2;20;50;200;-5;50;0.5;5;55;50;10;10;16;1097;1097
12306541;98;g_000;1;1;38;line_consecutive;0.5;1098;2;22;15-22;5,13;61162.23;61162.23;61162.23;61162.23;0.0;0.0;0.0;eev,integrated,separated,ws;lintim;SiouxFalls;SiouxFalls;True;False;1e-05;6000;1;2;20;50;200;-5;50;0.5;5;55;50;10;10;16;1098;1098
12306541;99;g_000;1;1;38;line_consecutive;0.5;1099;2;23;22-23;5;59880.63;59993.58500000479;59993.58499999999;59993.58499999999;112.95500000478933;-4.794856067746878e-09;-4.794856067746878e-09;eev,integrated,separated,ws;lintim;SiouxFalls;SiouxFalls;True;False;1e-05;6000;1;2;20;50;200;-5;50;0.5;5;55;50;10;10;16;1099;1099
12306541;100;g_000;1;1;38;line_consecutive;0.5;1100;2;24;13-24;6;62106.37499999999;63146.505000000005;64057.37;64057.37;1040.130000000012;910.864999999998;910.864999999998;eev,integrated,separated,ws;lintim;SiouxFalls;SiouxFalls;True;False;1e-05;6000;1;2;20;50;200;-5;50;0.5;5;55;50;10;10;16;1100;1100
12306541;101;g_000;1;1;38;line_consecutive;0.5;1101;2;25;21-24;6;60892.12999999999;61284.015;61803.20999999999;61803.20999999999;391.8850000000093;519.1949999999924;519.1949999999924;eev,integrated,separated,ws;lintim;SiouxFalls;SiouxFalls;True;False;1e-05;6000;1;2;20;50;200;-5;50;0.5;5;55;50;10;10;16;1101;1101
12306541;102;g_000;1;1;38;line_consecutive;0.5;1102;2;26;20-21;6;60690.42999999999;61082.315;61613.53999999999;61613.53999999999;391.8850000000093;531.2249999999913;531.2249999999913;eev,integrated,separated,ws;lintim;SiouxFalls;SiouxFalls;True;False;1e-05;6000;1;2;20;50;200;-5;50;0.5;5;55;50;10;10;16;1102;1102
12306541;103;g_000;1;1;38;line_consecutive;0.5;1103;2;27;9-10;7,9;59674.05999999999;60064.96;60676.4;60676.4;390.90000000000873;611.4400000000023;611.4400000000023;eev,integrated,separated,ws;lintim;SiouxFalls;SiouxFalls;True;False;1e-05;6000;1;2;20;50;200;-5;50;0.5;5;55;50;10;10;16;1103;1103
12306541;104;g_000;1;1;38;line_consecutive;0.5;1104;2;28;3-12;8,12;58830.46;58830.46;58830.45999999999;58830.46;0.0;-7.275957614183426e-12;0.0;eev,integrated,separated,ws;lintim;SiouxFalls;SiouxFalls;True;False;1e-05;6000;1;2;20;50;200;-5;50;0.5;5;55;50;10;10;16;1104;1104
12306541;105;g_000;1;1;38;line_consecutive;0.5;1105;2;29;5-6;9;59048.42;59266.38000001129;60400.67;60400.67;217.9600000112914;1134.2899999887086;1134.2899999887086;eev,integrated,separated,ws;lintim;SiouxFalls;SiouxFalls;True;False;1e-05;6000;1;2;20;50;200;-5;50;0.5;5;55;50;10;10;16;1105;1105
12306541;106;g_000;1;1;38;line_consecutive;0.5;1106;2;30;15-19;9,13,14;59833.78;60643.81;61883.22;61883.22;810.0299999999988;1239.4100000000035;1239.4100000000035;eev,integrated,separated,ws;lintim;SiouxFalls;SiouxFalls;True;False;1e-05;6000;1;2;20;50;200;-5;50;0.5;5;55;50;10;10;16;1106;1106
12306541;107;g_000;1;1;38;line_consecutive;0.5;1107;2;31;20-22;11;58830.45999999999;58830.45999999997;58830.45999999999;58830.45999999999;-2.182787284255028e-11;2.182787284255028e-11;2.182787284255028e-11;eev,integrated,separated,ws;lintim;SiouxFalls;SiouxFalls;True;False;1e-05;6000;1;2;20;50;200;-5;50;0.5;5;55;50;10;10;16;1107;1107
12306541;108;g_000;1;1;38;line_consecutive;0.5;1108;2;32;18-20;11;58830.46000000191;58830.46;58830.45999999999;58830.45999999999;-1.913576852530241e-09;-7.275957614183426e-12;-7.275957614183426e-12;eev,integrated,separated,ws;lintim;SiouxFalls;SiouxFalls;True;False;1e-05;6000;1;2;20;50;200;-5;50;0.5;5;55;50;10;10;16;1108;1108
12306541;109;g_000;1;1;38;line_consecutive;0.5;1109;2;33;12-13;12;58830.45999999999;58830.46;58830.45999999999;58830.46;7.275957614183426e-12;-7.275957614183426e-12;0.0;eev,integrated,separated,ws;lintim;SiouxFalls;SiouxFalls;True;False;1e-05;6000;1;2;20;50;200;-5;50;0.5;5;55;50;10;10;16;1109;1109
12306541;110;g_000;1;1;38;line_consecutive;0.5;1110;2;34;1-2;12;58830.46000000002;58830.459999999606;58830.45999999999;58830.46;-4.147295840084553e-10;3.8562575355172157e-10;3.92901711165905e-10;eev,integrated,separated,ws;lintim;SiouxFalls;SiouxFalls;True;False;1e-05;6000;1;2;20;50;200;-5;50;0.5;5;55;50;10;10;16;1110;1110
12306541;111;g_000;1;1;38;line_consecutive;0.5;1111;2;35;21-22;13;59192.4;59554.34000000001;59833.400000000605;59833.400000000605;361.9400000000096;279.0600000005943;279.0600000005943;eev,integrated,separated,ws;lintim;SiouxFalls;SiouxFalls;True;False;1e-05;6000;1;2;20;50;200;-5;50;0.5;5;55;50;10;10;16;1111;1111
12306541;112;g_000;1;1;38;line_consecutive;0.5;1112;2;36;14-15;14;58908.63999999999;58986.81999999999;59502.07;59502.06999999999;78.18000000000029;515.2500000000073;515.25;eev,integrated,separated,ws;lintim;SiouxFalls;SiouxFalls;True;False;1e-05;6000;1;2;20;50;200;-5;50;0.5;5;55;50;10;10;16;1112;1112
12306541;113;g_000;1;1;38;line_consecutive;0.5;1113;2;37;10-17;14;58908.63999999999;58986.82000000001;59502.06999999999;59502.06999999999;78.18000000001484;515.2499999999854;515.2499999999854;eev,integrated,separated,ws;lintim;SiouxFalls;SiouxFalls;True;False;1e-05;6000;1;2;20;50;200;-5;50;0.5;5;55;50;10;10;16;1113;1113
12306541;114;g_000;1;1;38;line_consecutive;0.5;1114;3;0;11-12;1,7,8;53789.169999999984;54914.785;54914.785;54914.78499999999;1125.6150000000198;0.0;-1.4551915228366852e-11;eev,integrated,separated,ws;lintim;SiouxFalls;SiouxFalls;True;False;1e-05;6000;1;2;20;50;200;-5;50;0.75;1;55;50;10;10;16;1114;1114
12306541;115;g_000;1;1;38;line_consecutive;0.5;1115;3;1;10-11;1,7,10;53697.18999614622;54829.38500000001;55611.894999999975;55611.894999999975;1132.1950038537907;782.5099999999657;782.5099999999657;eev,integrated,separated,ws;lintim;SiouxFalls;SiouxFalls;True;False;1e-05;6000;1;2;20;50;200;-5;50;0.75;1;55;50;10;10;16;1115;1115
12306541;116;g_000;1;1;38;line_consecutive;0.5;1116;3;2;10-16;1,10;51479.55499999988;52251.46500000001;53509.78999999998;53509.78999999998;771.9100000001345;1258.324999999968;1258.324999999968;eev,integrated,separated,ws;lintim;SiouxFalls;SiouxFalls;True;False;1e-05;6000;1;2;20;50;200;-5;50;0.75;1;55;50;10;10;16;1116;1116
12306541;117;g_000;1;1;38;line_consecutive;0.5;1117;3;3;16-18;1;50767.24000001095;51432.01999999861;52796.93999999999;52796.93999999999;664.7799999876588;1364.920000001381;1364.920000001381;eev,integrated,separated,ws;lintim;SiouxFalls;SiouxFalls;True;False;1e-05;6000;1;2;20;50;200;-5;50;0.75;1;55;50;10;10;16;1117;1117
12306541;118;g_000;1;1;38;line_consecutive;0.5;1118;3;4;2-6;2;56155.795;58078.34;58992.13499999999;58992.13499999998;1922.5449999999985;913.794999999991;913.7949999999836;eev,integrated,separated,ws;lintim;SiouxFalls;SiouxFalls;True;False;1e-05;6000;1;2;20;50;200;-5;50;0.75;1;55;50;10;10;16;1118;1118
12306541;119;g_000;1;1;38;line_consecutive;0.5;1119;3;5;6-8;2;54838.60499999471;56105.235;56762.94;56762.93999999999;1266.630000005287;657.7050000000017;657.7049999999872;eev,integrated,separated,ws;lintim;SiouxFalls;SiouxFalls;True;False;1e-05;6000;1;2;20;50;200;-5;50;0.75;1;55;50;10;10;16;1119;1119
12306541;120;g_000;1;1;38;line_consecutive;0.5;1120;3;6;8-16;2,10,13;54941.34999999999;56207.81;57667.24499999997;56844.69999999998;1266.4600000000064;1459.4349999999758;636.8899999999849;eev,integrated,separated,ws;lintim;SiouxFalls;SiouxFalls;True;False;1e-05;6000;1;2;20;50;200;-5;50;0.75;1;55;50;10;10;16;1120;1120
12306541;121;g_000;1;1;38;line_consecutive;0.5;1121;3;7;16-17;2,13;54347.08;55136.76999999999;56088.66;55698.62;789.6899999999878;951.890000000014;561.8500000000131;eev,integrated,separated,ws;lintim;SiouxFalls;SiouxFalls;True;False;1e-05;6000;1;2;20;50;200;-5;50;0.75;1;55;50;10;10;16;1121;1121
12306541;122;g_000;1;1;38;line_consecutive;0.5;1122;3;8;17-19;2,13,14;58397.535;59018.17499999944;60001.43499999999;59374.22499999932;620.6399999994392;983.2600000005476;356.0499999998792;eev,integrated,separated,ws;lintim;SiouxFalls;SiouxFalls;True;False;1e-05;6000;1;2;20;50;200;-5;50;0.75;1;55;50;10;10;16;1122;1122
12306541;123;g_000;1;1;38;line_consecutive;0.5;1123;3;9;19-20;2;55199.80499999999;56602.535;57263.2;57263.2;1402.7300000000105;660.6649999999936;660.6649999999936;eev,integrated,separated,ws;lintim;SiouxFalls;SiouxFalls;True;False;1e-05;6000;1;2;20;50;200;-5;50;0.75;1;55;50;10;10;16;1123;1123
12306541;124;g_000;1;1;38;line_consecutive;0.5;1124;3;10;3-4;3,4;53076.415;54220.25999999964;55210.955;55210.955;1143.8449999996374;990.6950000003636;990.6950000003636;eev,integrated,separated,ws;lintim;SiouxFalls;SiouxFalls;True;False;1e-05;6000;1;2;20;50;200;-5;50;0.75;1;55;50;10;10;16;1124;1124
12306541;125;g_000;1;1;38;line_consecutive;0.5;1125;3;11;4-5;3;49467.83999999998;49467.84;49467.84;49467.84;1.4551915228366852e-11;0.0;0.0;eev,integrated,separated,ws;lintim;SiouxFalls;SiouxFalls;True;False;1e-05;6000;1;2;20;50;200;-5;50;0.75;1;55;50;10;10;16;1125;1125
12306541;126;g_000;1;1;38;line_consecutive;0.5;1126;3;12;5-9;3,9;49613.79999999999;49759.76000000016;50747.84;50747.83999639118;145.96000000017375;988.0799999998344;988.0799963910176;eev,integrated,separated,ws;lintim;SiouxFalls;SiouxFalls;True;False;1e-05;6000;1;2;20;50;200;-5;50;0.75;1;55;50;10;10;16;1126;1126
12306541;127;g_000;1;1;38;line_consecutive;0.5;1127;3;13;8-9;3,7;49467.84;49467.8400000169;49467.84;49467.83999999848;1.69020495377481e-08;-1.69020495377481e-08;-1.841544872149825e-08;eev,integrated,separated,ws;lintim;SiouxFalls;SiouxFalls;True;False;1e-05;6000;1;2;20;50;200;-5;50;0.75;1;55;50;10;10;16;1127;1127
12306541;128;g_000;1;1;38;line_consecutive;0.5;1128;3;14;7-8;3,7,11;49467.84;49467.84;49467.84;49467.84;0.0;0.0;0.0;eev,integrated,separated,ws;lintim;SiouxFalls;SiouxFalls;True;False;1e-05;6000;1;2;20;50;200;-5;50;0.75;1;55;50;10;10;16;1128;1128
12306541;129;g_000;1;1;38;line_consecutive;0.5;1129;3;15;7-18;3,11;49467.84000000675;49467.83999999845;49467.84;49467.84;-8.301867637783289e-09;1.5497789718210695e-09;1.5497789718210695e-09;eev,integrated,separated,ws;lintim;SiouxFalls;SiouxFalls;True;False;1e-05;6000;1;2;20;50;200;-5;50;0.75;1;55;50;10;10;16;1129;1129
12306541;130;g_000;1;1;38;line_consecutive;0.5;1130;3;16;1-3;4,8,12;56143.589999999975;56320.88999999996;57085.91499999999;57085.91499999999;177.29999999998836;765.0250000000306;765.0250000000306;eev,integrated,separated,ws;lintim;SiouxFalls;SiouxFalls;True;False;1e-05;6000;1;2;20;50;200;-5;50;0.75;1;55;50;10;10;16;1130;1130
12306541;131;g_000;1;1;38;line_consecutive;0.5;1131;3;17;4-11;4;52377.645;53102.08000000042;53889.655;53889.6550000031;724.4350000004197;787.5749999995824;787.5750000026819;eev,integrated,separated,ws;lintim;SiouxFalls;SiouxFalls;True;False;1e-05;6000;1;2;20;50;200;-5;50;0.75;1;55;50;10;10;16;1131;1131
12306541;132;g_000;1;1;38;line_consecutive;0.5;1132;3;18;11-14;4,8,10;53684.70999999992;53907.5;55393.16499999999;55393.16499999999;222.7900000000809;1485.6649999999936;1485.6649999999936;eev,integrated,separated,ws;lintim;SiouxFalls;SiouxFalls;True;False;1e-05;6000;1;2;20;50;200;-5;50;0.75;1;55;50;10;10;16;1132;1132
12306541;133;g_000;1;1;38;line_consecutive;0.5;1133;3;19;14-23;4,10;52686.86;52883.64999999997;54299.995;54299.995;196.78999999997177;1416.3450000000305;1416.3450000000305;eev,integrated,separated,ws;lintim;SiouxFalls;SiouxFalls;True;False;1e-05;6000;1;2;20;50;200;-5;50;0.75;1;55;50;10;10;16;1133;1133
12306541;134;g_000;1;1;38;line_consecutive;0.5;1134;3;20;23-24;4;52294.62999999999;52854.05000000001;53694.315;53694.3150000031;559.4200000000201;840.2649999999921;840.2650000030917;eev,integrated,separated,ws;lintim;SiouxFalls;SiouxFalls;True;False;1e-05;6000;1;2;20;50;200;-5;50;0.75;1;55;50;10;10;16;1134;1134
12306541;135;g_000;1;1;38;line_consecutive;0.5;1135;3;21;10-15;5,9;50254.79999996997;50400.75999999997;51639.535;51639.53499999999;145.96000003000518;1238.7750000000306;1238.775000000016;eev,integrated,separated,ws;lintim;SiouxFalls;SiouxFalls;True;False;1e-05;6000;1;2;20;50;200;-5;50;0.75;1;55;50;10;10;16;1135;1135
12306541;136;g_000;1;1;38;line_consecutive;0.5;1136;3;22;15-22;5,13;51242.53999999999;51284.73999999845;51293.45;51293.45;42.19999999845459;8.710000001548906;8.710000001548906;eev,integrated,separated,ws;lintim;SiouxFalls;SiouxFalls;True;False;1e-05;6000;1;2;20;50;200;-5;50;0.75;1;55;50;10;10;16;1136;1136
12306541;137;g_000;1;1;38;line_consecutive;0.5;1137;3;23;22-23;5;49926.020000000295;49976.93000000001;49976.92999999999;49976.92999999999;50.90999999971245;-1.4551915228366852e-11;-1.4551915228366852e-11;eev,integrated,separated,ws;lintim;SiouxFalls;SiouxFalls;True;False;1e-05;6000;1;2;20;50;200;-5;50;0.75;1;55;50;10;10;16;1137;1137
12306541;138;g_000;1;1;38;line_consecutive;0.5;1138;3;24;13-24;6;51809.92999999999;52298.33000000001;52997.03;52997.02999999999;488.400000000016;698.6999999999898;698.6999999999825;eev,integrated,separated,ws;lintim;SiouxFalls;SiouxFalls;True;False;1e-05;6000;1;2;20;50;200;-5;50;0.75;1;55;50;10;10;16;1138;1138
12306541;139;g_000;1;1;38;line_consecutive;0.5;1139;3;25;21-24;6;50974.55;51152.58000000001;51836.81999999999;51836.81999999999;178.0300000000061;684.2399999999834;684.2399999999834;eev,integrated,separated,ws;lintim;SiouxFalls;SiouxFalls;True;False;1e-05;6000;1;2;20;50;200;-5;50;0.75;1;55;50;10;10;16;1139;1139
12306541;140;g_000;1;1;38;line_consecutive;0.5;1140;3;26;20-21;6;50921.06999999999;51099.10000000088;51758.41;51758.40999999999;178.0300000008865;659.3099999991246;659.30999999911;eev,integrated,separated,ws;lintim;SiouxFalls;SiouxFalls;True;False;1e-05;6000;1;2;20;50;200;-5;50;0.75;1;55;50;10;10;16;1140;1140
12306541;141;g_000;1;1;38;line_consecutive;0.5;1141;3;27;9-10;7,9;50061.53;50655.21999999698;51060.01;51060.01;593.6899999969828;404.7900000030204;404.7900000030204;eev,integrated,separated,ws;lintim;SiouxFalls;SiouxFalls;True;False;1e-05;6000;1;2;20;50;200;-5;50;0.75;1;55;50;10;10;16;1141;1141
12306541;142;g_000;1;1;38;line_consecutive;0.5;1142;3;28;3-12;8,12;49467.83999999998;49467.84;49467.84;49467.84;1.4551915228366852e-11;0.0;0.0;eev,integrated,separated,ws;lintim;SiouxFalls;SiouxFalls;True;False;1e-05;6000;1;2;20;50;200;-5;50;0.75;1;55;50;10;10;16;1142;1142
12306541;143;g_000;1;1;38;line_consecutive;0.5;1143;3;29;5-6;9;49613.8;49759.76;50747.83999999999;50747.840000000055;145.95999999999913;988.0799999999872;988.0800000000528;eev,integrated,separated,ws;lintim;SiouxFalls;SiouxFalls;True;False;1e-05;6000;1;2;20;50;200;-5;50;0.75;1;55;50;10;10;16;1143;1143
12306541;144;g_000;1;1;38;line_consecutive;0.5;1144;3;30;15-19;9,13,14;49999.28;50530.71999999986;51961.38;51961.37999999999;531.4399999998641;1430.6600000001345;1430.6600000001272;eev,integrated,separated,ws;lintim;SiouxFalls;SiouxFalls;True;False;1e-05;6000;1;2;20;50;200;-5;50;0.75;1;55;50;10;10;16;1144;1144
12306541;145;g_000;1;1;38;line_consecutive;0.5;1145;3;31;20-22;11;49467.84;49467.84;49467.83999999999;49467.83999999999;0.0;-7.275957614183426e-12;-7.275957614183426e-12;eev,integrated,separated,ws;lintim;SiouxFalls;SiouxFalls;True;False;1e-05;6000;1;2;20;50;200;-5;50;0.75;1;55;50;10;10;16;1145;1145
12306541;146;g_000;1;1;38;line_consecutive;0.5;1146;3;32;18-20;11;49467.83999999998;49467.83999999849;49467.84;49467.84;-1.4915713109076023e-09;1.5061232261359692e-09;1.5061232261359692e-09;eev,integrated,separated,ws;lintim;SiouxFalls;SiouxFalls;True;False;1e-05;6000;1;2;20;50;200;-5;50;0.75;1;55;50;10;10;16;1146;1146
12306541;147;g_000;1;1;38;line_consecutive;0.5;1147;3;33;12-13;12;49467.83999999965;49467.84;49467.84;49467.84;3.4924596548080444e-10;0.0;0.0;eev,integrated,separated,ws;lintim;SiouxFalls;SiouxFalls;True;False;1e-05;6000;1;2;20;50;200;-5;50;0.75;1;55;50;10;10;16;1147;1147
12306541;148;g_000;1;1;38;line_consecutive;0.5;1148;3;34;1-2;12;49467.84;49467.84000000002;49467.84;49467.84;2.182787284255028e-11;-2.182787284255028e-11;-2.182787284255028e-11;eev,integrated,separated,ws;lintim;SiouxFalls;SiouxFalls;True;False;1e-05;6000;1;2;20;50;200;-5;50;0.75;1;55;50;10;10;16;1148;1148
12306541;149;g_000;1;1;38;line_consecutive;0.5;1149;3;35;21-22;13;49494.47999999906;49521.11999999933;49911.16;49911.16;26.640000000275904;390.0400000006703;390.0400000006703;eev,integrated,separated,ws;lintim;SiouxFalls;SiouxFalls;True;False;1e-05;6000;1;2;20;50;200;-5;50;0.75;1;55;50;10;10;16;1149;1149
12306541;150;g_000;1;1;38;line_consecutive;0.5;1150;3;36;14-15;14;49492.65999999922;49517.48;49856.74999999999;49856.74999999997;24.820000000785512;339.2699999999895;339.2699999999677;eev,integrated,separated,ws;lintim;SiouxFalls;SiouxFalls;True;False;1e-05;6000;1;2;20;50;200;-5;50;0.75;1;55;50;10;10;16;1150;1150
12306541;151;g_000;1;1;38;line_consecutive;0.5;1151;3;37;10-17;14;49492.65999999961;49517.47999999997;49856.75;49856.74999999998;24.82000000035623;339.2700000000332;339.2700000000113;eev,integrated,separated,ws;lintim;SiouxFalls;SiouxFalls;True;False;1e-05;6000;1;2;20;50;200;-5;50;0.75;1;55;50;10;10;16;1151;1151
12306541;152;g_000;1;1;38;line_consecutive;0.5;1152;4;0;11-12;1,7,8;54872.3279999964;55829.996;56065.11599999808;56065.11599999808;957.6680000035994;235.11999999808177;235.11999999808177;eev,integrated,separated,ws;lintim;SiouxFalls;SiouxFalls;True;False;1e-05;6000;1;2;20;50;200;-5;50;0.75;2;55;50;10;10;16;1152;1152
12306541;153;g_000;1;1;38;line_consecutive;0.5;1153;4;1;10-11;1,7,10;54606.784;55841.34799999998;56647.17199999807;56647.17199999807;1234.563999999984;805.823999998087;805.823999998087;eev,integrated,separated,ws;lintim;SiouxFalls;SiouxFalls;True;False;1e-05;6000;1;2;20;50;200;-5;50;0.75;2;55;50;10;10;16;1153;1153
12306541;154;g_000;1;1;38;line_consecutive;0.5;1154;4;2;10-16;1,10;52930.132;53752.43999999999;54948.311999998055;54948.31199999806;822.30799999999;1195.8719999980676;1195.871999998075;eev,integrated,separated,ws;lintim;SiouxFalls;SiouxFalls;True;False;1e-05;6000;1;2;20;50;200;-5;50;0.75;2;55;50;10;10;16;1154;1154
12306541;155;g_000;1;1;38;line_consecutive;0.5;1155;4;3;16-18;1;52355.928;53135.60399999999;54245.51199999807;54245.51199999808;779.6759999999922;1109.907999998075;1109.9079999980895;eev,integrated,separated,ws;lintim;SiouxFalls;SiouxFalls;True;False;1e-05;6000;1;2;20;50;200;-5;50;0.75;2;55;50;10;10;16;1155;1155
12306541;156;g_000;1;1;38;line_consecutive;0.5;1156;4;4;2-6;2;57147.42400000003;58824.34399999999;59216.29599999807;59216.29599999808;1676.919999999962;391.95199999807664;391.9519999980912;eev,integrated,separated,ws;lintim;SiouxFalls;SiouxFalls;True;False;1e-05;6000;1;2;20;50;200;-5;50;0.75;2;55;50;10;10;16;1156;1156
12306541;157;g_000;1;1;38;line_consecutive;0.5;1157;4;5;6-8;2;55967.81599999999;56983.216;57251.75999999808;57251.75999999808;1015.4000000000088;268.54399999808084;268.54399999808084;eev,integrated,separated,ws;lintim;SiouxFalls;SiouxFalls;True;False;1e-05;6000;1;2;20;50;200;-5;50;0.75;2;55;50;10;10;16;1157;1157
12306541;158;g_000;1;1;38;line_consecutive;0.5;1158;4;6;8-16;2,10,13;55891.0;57238.96799999999;57886.73199999807;57487.196;1347.9679999999937;647.7639999980747;248.22800000001007;eev,integrated,separated,ws;lintim;SiouxFalls;SiouxFalls;True;False;1e-05;6000;1;2;20;50;200;-5;50;0.75;2;55;50;10;10;16;1158;1158
12306541;159;g_000;1;1;38;line_consecutive;0.5;1159;4;7;16-17;2,13;55377.04;56315.67599999999;56584.21999999807;56584.21999999807;938.6359999999912;268.54399999808084;268.54399999808084;eev,integrated,separated,ws;lintim;SiouxFalls;SiouxFalls;True;False;1e-05;6000;1;2;20;50;200;-5;50;0.75;2;55;50;10;10;16;1159;1159
12306541;160;g_000;1;1;38;line_consecutive;0.5;1160;4;8;17-19;2,13,14;58474.988;59296.94000000001;59730.26399999808;59696.67999993247;821.952000000012;433.3239999980724;399.7399999324625;eev,integrated,separated,ws;lintim;SiouxFalls;SiouxFalls;True;False;1e-05;6000;1;2;20;50;200;-5;50;0.75;2;55;50;10;10;16;1160;1160
12306541;161;g_000;1;1;38;line_consecutive;0.5;1161;4;9;19-20;2;56244.74799999999;57289.67599999991;57558.21999999807;57558.21999999807;1044.9279999999198;268.54399999816087;268.54399999816087;eev,integrated,separated,ws;lintim;SiouxFalls;SiouxFalls;True;False;1e-05;6000;1;2;20;50;200;-5;50;0.75;2;55;50;10;10;16;1161;1161
12306541;162;g_000;1;1;38;line_consecutive;0.5;1162;4;10;3-4;3,4;54280.416;55239.97199999971;55888.71599999807;55888.71599999807;959.5559999997132;648.7439999983617;648.7439999983617;eev,integrated,separated,ws;lintim;SiouxFalls;SiouxFalls;True;False;1e-05;6000;1;2;20;50;200;-5;50;0.75;2;55;50;10;10;16;1162;1162
12306541;163;g_000;1;1;38;line_consecutive;0.5;1163;4;11;4-5;3;51140.23999999999;51140.24;51140.23999999807;51140.23999999807;7.275957614183426e-12;-1.928128767758608e-09;-1.928128767758608e-09;eev,integrated,separated,ws;lintim;SiouxFalls;SiouxFalls;True;False;1e-05;6000;1;2;20;50;200;-5;50;0.75;2;55;50;10;10;16;1163;1163
12306541;164;g_000;1;1;38;line_consecutive;0.5;1164;4;12;5-9;3,9;51245.03999999956;51402.24;52164.23999999807;52164.23999999808;157.20000000044092;761.9999999980719;761.9999999980791;eev,integrated,separated,ws;lintim;SiouxFalls;SiouxFalls;True;False;1e-05;6000;1;2;20;50;200;-5;50;0.75;2;55;50;10;10;16;1164;1164
12306541;165;g_000;1;1;38;line_consecutive;0.5;1165;4;13;8-9;3,7;51140.23999999999;51140.240000001286;51140.23999999807;51140.23999999807;1.2951204553246496e-09;-3.2159732654690742e-09;-3.2159732654690742e-09;eev,integrated,separated,ws;lintim;SiouxFalls;SiouxFalls;True;False;1e-05;6000;1;2;20;50;200;-5;50;0.75;2;55;50;10;10;16;1165;1165
12306541;166;g_000;1;1;38;line_consecutive;0.5;1166;4;14;7-8;3,7,11;51140.23999999899;51140.24;51140.23999999807;51140.23999999807;1.0113581083714962e-09;-1.928128767758608e-09;-1.928128767758608e-09;eev,integrated,separated,ws;lintim;SiouxFalls;SiouxFalls;True;False;1e-05;6000;1;2;20;50;200;-5;50;0.75;2;55;50;10;10;16;1166;1166
12306541;167;g_000;1;1;38;line_consecutive;0.5;1167;4;15;7-18;3,11;51140.23999999999;51140.24000008032;51140.23999999807;51140.23999999807;8.032657206058502e-08;-8.224742487072946e-08;-8.224742487072946e-08;eev,integrated,separated,ws;lintim;SiouxFalls;SiouxFalls;True;False;1e-05;6000;1;2;20;50;200;-5;50;0.75;2;55;50;10;10;16;1167;1167
12306541;168;g_000;1;1;38;line_consecutive;0.5;1168;4;16;1-3;4,8,12;56941.575999999724;57533.508;57582.22799999807;57582.22799999808;591.9320000002772;48.71999999806576;48.71999999808031;eev,integrated,separated,ws;lintim;SiouxFalls;SiouxFalls;True;False;1e-05;6000;1;2;20;50;200;-5;50;0.75;2;55;50;10;10;16;1168;1168
12306541;169;g_000;1;1;38;line_consecutive;0.5;1169;4;17;4-11;4;53705.4;54653.168000000005;54851.67599999807;54851.67599999808;947.7680000000036;198.50799999806625;198.5079999980735;eev,integrated,separated,ws;lintim;SiouxFalls;SiouxFalls;True;False;1e-05;6000;1;2;20;50;200;-5;50;0.75;2;55;50;10;10;16;1169;1169
12306541;170;g_000;1;1;38;line_consecutive;0.5;1170;4;18;11-14;4,8,10;54800.552;55485.18;56062.47199999807;56062.47199999807;684.627999999997;577.2919999980732;577.2919999980732;eev,integrated,separated,ws;lintim;SiouxFalls;SiouxFalls;True;False;1e-05;6000;1;2;20;50;200;-5;50;0.75;2;55;50;10;10;16;1170;1170
12306541;171;g_000;1;1;38;line_consecutive;0.5;1171;4;19;14-23;4,10;54101.572;54766.696;55090.64399999807;55090.64399999807;665.1240000000034;323.9479999980685;323.9479999980685;eev,integrated,separated,ws;lintim;SiouxFalls;SiouxFalls;True;False;1e-05;6000;1;2;20;50;200;-5;50;0.75;2;55;50;10;10;16;1171;1171
12306541;172;g_000;1;1;38;line_consecutive;0.5;1172;4;20;23-24;4;53657.408;54530.292;54698.68399999807;54698.68399999807;872.8839999999982;168.3919999980717;168.3919999980717;eev,integrated,separated,ws;lintim;SiouxFalls;SiouxFalls;True;False;1e-05;6000;1;2;20;50;200;-5;50;0.75;2;55;50;10;10;16;1172;1172
12306541;173;g_000;1;1;38;line_consecutive;0.5;1173;4;21;10-15;5,9;51867.916;52025.116;52970.41199999808;52970.41199999808;157.20000000000437;945.2959999980812;945.2959999980812;eev,integrated,separated,ws;lintim;SiouxFalls;SiouxFalls;True;False;1e-05;6000;1;2;20;50;200;-5;50;0.75;2;55;50;10;10;16;1173;1173
12306541;174;g_000;1;1;38;line_consecutive;0.5;1174;4;22;15-22;5,13;52669.096;52669.09599999999;52669.09599999807;52669.09599999807;-7.275957614183426e-12;-1.920852810144424e-09;-1.920852810144424e-09;eev,integrated,separated,ws;lintim;SiouxFalls;SiouxFalls;True;False;1e-05;6000;1;2;20;50;200;-5;50;0.75;2;55;50;10;10;16;1174;1174
12306541;175;g_000;1;1;38;line_consecutive;0.5;1175;4;23;22-23;5;51662.124;51662.124;51662.12399999808;51662.12399999808;0.0;-1.920852810144424e-09;-1.920852810144424e-09;eev,integrated,separated,ws;lintim;SiouxFalls;SiouxFalls;True;False;1e-05;6000;1;2;20;50;200;-5;50;0.75;2;55;50;10;10;16;1175;1175
12306541;176;g_000;1;1;38;line_consecutive;0.5;1176;4;24;13-24;6;52978.184;53529.004;53818.68399999807;53818.68399999807;550.8199999999997;289.67999999807216;289.67999999807216;eev,integrated,separated,ws;lintim;SiouxFalls;SiouxFalls;True;False;1e-05;6000;1;2;20;50;200;-5;50;0.75;2;55;50;10;10;16;1176;1176
12306541;177;g_000;1;1;38;line_consecutive;0.5;1177;4;25;21-24;6;52474.6;52857.34;53026.11999999808;53026.11999999808;382.739999999998;168.77999999808526;168.77999999808526;eev,integrated,separated,ws;lintim;SiouxFalls;SiouxFalls;True;False;1e-05;6000;1;2;20;50;200;-5;50;0.75;2;55;50;10;10;16;1177;1177
12306541;178;g_000;1;1;38;line_consecutive;0.5;1178;4;26;20-21;6;52415.56;52798.3;52974.31599999807;52974.31599999808;382.7400000000053;176.01599999806783;176.01599999807513;eev,integrated,separated,ws;lintim;SiouxFalls;SiouxFalls;True;False;1e-05;6000;1;2;20;50;200;-5;50;0.75;2;55;50;10;10;16;1178;1178
12306541;179;g_000;1;1;38;line_consecutive;0.5;1179;4;27;9-10;7,9;51646.888;52319.347999975806;52409.31999999807;52409.31999999807;672.4599999758066;89.972000022266;89.972000022266;eev,integrated,separated,ws;lintim;SiouxFalls;SiouxFalls;True;False;1e-05;6000;1;2;20;50;200;-5;50;0.75;2;55;50;10;10;16;1179;1179
12306541;180;g_000;1;1;38;line_consecutive;0.5;1180;4;28;3-12;8,12;51140.24;51140.23999999999;51140.23999999807;51140.23999999807;-7.275957614183426e-12;-1.920852810144424e-09;-1.920852810144424e-09;eev,integrated,separated,ws;lintim;SiouxFalls;SiouxFalls;True;False;1e-05;6000;1;2;20;50;200;-5;50;0.75;2;55;50;10;10;16;1180;1180
12306541;181;g_000;1;1;38;line_consecutive;0.5;1181;4;29;5-6;9;51245.03999999633;51402.23999999999;52164.23999999807;52164.23999999807;157.20000000366417;761.9999999980791;761.9999999980791;eev,integrated,separated,ws;lintim;SiouxFalls;SiouxFalls;True;False;1e-05;6000;1;2;20;50;200;-5;50;0.75;2;55;50;10;10;16;1181;1181
12306541;182;g_000;1;1;38;line_consecutive;0.5;1182;4;30;15-19;9,13,14;51612.328;52320.46000000001;53221.41999999796;53221.41999999797;708.1320000000051;900.9599999979546;900.959999997962;eev,integrated,separated,ws;lintim;SiouxFalls;SiouxFalls;True;False;1e-05;6000;1;2;20;50;200;-5;50;0.75;2;55;50;10;10;16;1182;1182
12306541;183;g_000;1;1;38;line_consecutive;0.5;1183;4;31;20-22;11;51140.2400000001;51140.24;51140.2399999846;51140.2399999846;-1.0186340659856795e-10;-1.5395926311612133e-08;-1.5395926311612133e-08;eev,integrated,separated,ws;lintim;SiouxFalls;SiouxFalls;True;False;1e-05;6000;1;2;20;50;200;-5;50;0.75;2;55;50;10;10;16;1183;1183
12306541;184;g_000;1;1;38;line_consecutive;0.5;1184;4;32;18-20;11;51140.24;51140.24;51140.23999998742;51140.23999998742;0.0;-1.2580130714923143e-08;-1.2580130714923143e-08;eev,integrated,separated,ws;lintim;SiouxFalls;SiouxFalls;True;False;1e-05;6000;1;2;20;50;200;-5;50;0.75;2;55;50;10;10;16;1184;1184
12306541;185;g_000;1;1;38;line_consecutive;0.5;1185;4;33;12-13;12;51140.23999996751;51140.23999999999;51140.23999999807;51140.23999999807;3.247987478971481e-08;-1.920852810144424e-09;-1.920852810144424e-09;eev,integrated,separated,ws;lintim;SiouxFalls;SiouxFalls;True;False;1e-05;6000;1;2;20;50;200;-5;50;0.75;2;55;50;10;10;16;1185;1185
12306541;186;g_000;1;1;38;line_consecutive;0.5;1186;4;34;1-2;12;51140.240000000005;51140.23999999999;51140.23999999807;51140.23999999807;-1.4551915228366852e-11;-1.920852810144424e-09;-1.920852810144424e-09;eev,integrated,separated,ws;lintim;SiouxFalls;SiouxFalls;True;False;1e-05;6000;1;2;20;50;200;-5;50;0.75;2;55;50;10;10;16;1186;1186
12306541;187;g_000;1;1;38;line_consecutive;0.5;1187;4;35;21-22;13;51349.776;51596.228;51596.22799999807;51596.22799999808;246.4520000000048;-1.9354047253727913e-09;-1.920852810144424e-09;eev,integrated,separated,ws;lintim;SiouxFalls;SiouxFalls;True;False;1e-05;6000;1;2;20;50;200;-5;50;0.75;2;55;50;10;10;16;1187;1187
12306541;188;g_000;1;1;38;line_consecutive;0.5;1188;4;36;14-15;14;51274.048;51474.76000000001;51508.34399999808;51508.34399999808;200.7120000000068;33.58399999806716;33.58399999806716;eev,integrated,separated,ws;lintim;SiouxFalls;SiouxFalls;True;False;1e-05;6000;1;2;20;50;200;-5;50;0.75;2;55;50;10;10;16;1188;1188
12306541;189;g_000;1;1;38;line_consecutive;0.5;1189;4;37;10-17;14;51274.048;51474.76;51508.34399999808;51508.34399999808;200.71199999999956;33.58399999807443;33.58399999807443;eev,integrated,separated,ws;lintim;SiouxFalls;SiouxFalls;True;False;1e-05;6000;1;2;20;50;200;-5;50;0.75;2;55;50;10;10;16;1189;1189
12306541;190;g_000;1;1;38;line_consecutive;0.5;1190;5;0;11-12;1,7,8;57292.035;59069.29499987343;59069.29499999939;59069.29499999939;1777.2599998734297;1.2595410225912929e-07;1.2595410225912929e-07;eev,integrated,separated,ws;lintim;SiouxFalls;SiouxFalls;True;False;1e-05;6000;1;2;20;50;200;-5;50;0.75;5;55;50;10;10;16;1190;1190
12306541;191;g_000;1;1;38;line_consecutive;0.5;1191;5;1;10-11;1,7,10;57184.10499999982;58722.65;59799.57999999939;59799.57999999939;1538.5450000001802;1076.929999999389;1076.929999999389;eev,integrated,separated,ws;lintim;SiouxFalls;SiouxFalls;True;False;1e-05;6000;1;2;20;50;200;-5;50;0.75;5;55;50;10;10;16;1191;1191
12306541;192;g_000;1;1;38;line_consecutive;0.5;1192;5;2;10-16;1,10;54837.56;55836.35;57582.31999999939;57582.31999999938;998.7900000000008;1745.96999999939;1745.9699999993827;eev,integrated,separated,ws;lintim;SiouxFalls;SiouxFalls;True;False;1e-05;6000;1;2;20;50;200;-5;50;0.75;5;55;50;10;10;16;1192;1192
12306541;193;g_000;1;1;38;line_consecutive;0.5;1193;5;3;16-18;1;54149.89499999999;54735.96500000001;56923.134999999376;56923.134999999376;586.0700000000215;2187.169999999365;2187.169999999365;eev,integrated,separated,ws;lintim;SiouxFalls;SiouxFalls;True;False;1e-05;6000;1;2;20;50;200;-5;50;0.75;5;55;50;10;10;16;1193;1193
12306541;194;g_000;1;1;38;line_consecutive;0.5;1194;5;4;2-6;2;60465.79500000926;62909.05999999997;63543.64999999938;63226.81;2443.264999990708;634.5899999994144;317.7500000000291;eev,integrated,separated,ws;lintim;SiouxFalls;SiouxFalls;True;False;1e-05;6000;1;2;20;50;200;-5;50;0.75;5;55;50;10;10;16;1194;1194
12306541;195;g_000;1;1;38;line_consecutive;0.5;1195;5;5;6-8;2;58695.255;60286.84000000484;60719.78999999938;60402.95;1591.585000004845;432.9499999945401;116.1099999951548;eev,integrated,separated,ws;lintim;SiouxFalls;SiouxFalls;True;False;1e-05;6000;1;2;20;50;200;-5;50;0.75;5;55;50;10;10;16;1195;1195
12306541;196;g_000;1;1;38;line_consecutive;0.5;1196;5;6;8-16;2,10,13;58625.01999999999;60083.34;61427.26999999939;60274.48999999933;1458.320000000007;1343.9299999993964;191.14999999933207;eev,integrated,separated,ws;lintim;SiouxFalls;SiouxFalls;True;False;1e-05;6000;1;2;20;50;200;-5;50;0.75;5;55;50;10;10;16;1196;1196
12306541;197;g_000;1;1;38;line_consecutive;0.5;1197;5;7;16-17;2,13;57863.36;59009.38000000001;59691.42000000646;59123.90000000001;1146.0200000000114;682.0400000064474;114.5199999999968;eev,integrated,separated,ws;lintim;SiouxFalls;SiouxFalls;True;False;1e-05;6000;1;2;20;50;200;-5;50;0.75;5;55;50;10;10;16;1197;1197
12306541;198;g_000;1;1;38;line_consecutive;0.5;1198;5;8;17-19;2,13,14;62218.76499999999;62851.175;63856.95499999938;62851.175;632.4100000000108;1005.7799999993804;0.0;eev,integrated,separated,ws;lintim;SiouxFalls;SiouxFalls;True;False;1e-05;6000;1;2;20;50;200;-5;50;0.75;5;55;50;10;10;16;1198;1198
12306541;199;g_000;1;1;38;line_consecutive;0.5;1199;5;9;19-20;2;59043.42;60390.65999999556;60823.60999999938;60506.77;1347.2399999955596;432.9500000038242;116.11000000443892;eev,integrated,separated,ws;lintim;SiouxFalls;SiouxFalls;True;False;1e-05;6000;1;2;20;50;200;-5;50;0.75;5;55;50;10;10;16;1199;1199
12306541;200;g_000;1;1;38;line_consecutive;0.5;1200;5;10;3-4;3,4;56947.380000000005;58278.95499989113;59736.70499999928;59736.70499999928;1331.574999891127;1457.7500001081498;1457.7500001081498;eev,integrated,separated,ws;lintim;SiouxFalls;SiouxFalls;True;False;1e-05;6000;1;2;20;50;200;-5;50;0.75;5;55;50;10;10;16;1200;1200
12306541;201;g_000;1;1;38;line_consecutive;0.5;1201;5;11;4-5;3;52499.14;52499.140000000014;52499.13999999939;52499.13999999939;1.4551915228366852e-11;-6.257323548197745e-10;-6.257323548197745e-10;eev,integrated,separated,ws;lintim;SiouxFalls;SiouxFalls;True;False;1e-05;6000;1;2;20;50;200;-5;50;0.75;5;55;50;10;10;16;1201;1201
12306541;202;g_000;1;1;38;line_consecutive;0.5;1202;5;12;5-9;3,9;52653.09999999999;52807.060000000005;54158.10999999939;54158.10999999938;153.96000000001368;1351.0499999993845;1351.0499999993772;eev,integrated,separated,ws;lintim;SiouxFalls;SiouxFalls;True;False;1e-05;6000;1;2;20;50;200;-5;50;0.75;5;55;50;10;10;16;1202;1202
12306541;203;g_000;1;1;38;line_consecutive;0.5;1203;5;13;8-9;3,7;52499.13999999999;52499.13999999999;52499.13999999939;52499.13999999939;0.0;-6.039044819772242e-10;-6.039044819772242e-10;eev,integrated,separated,ws;lintim;SiouxFalls;SiouxFalls;True;False;1e-05;6000;1;2;20;50;200;-5;50;0.75;5;55;50;10;10;16;1203;1203
12306541;204;g_000;1;1;38;line_consecutive;0.5;1204;5;14;7-8;3,7,11;52499.13999999818;52499.14000000001;52499.13999999939;52499.13999999939;1.8262653611600401e-09;-6.184563972055911e-10;-6.184563972055911e-10;eev,integrated,separated,ws;lintim;SiouxFalls;SiouxFalls;True;False;1e-05;6000;1;2;20;50;200;-5;50;0.75;5;55;50;10;10;16;1204;1204
12306541;205;g_000;1;1;38;line_consecutive;0.5;1205;5;15;7-18;3,11;52499.14;52499.14000004071;52499.13999999939;52499.13999999939;4.0708982851356275e-08;-4.132016329094768e-08;-4.132016329094768e-08;eev,integrated,separated,ws;lintim;SiouxFalls;SiouxFalls;True;False;1e-05;6000;1;2;20;50;200;-5;50;0.75;5;55;50;10;10;16;1205;1205
12306541;206;g_000;1;1;38;line_consecutive;0.5;1206;5;16;1-3;4,8,12;60909.855;61113.715;62075.83499999938;62075.83499999938;203.8599999999933;962.1199999993842;962.1199999993842;eev,integrated,separated,ws;lintim;SiouxFalls;SiouxFalls;True;False;1e-05;6000;1;2;20;50;200;-5;50;0.75;5;55;50;10;10;16;1206;1206
12306541;207;g_000;1;1;38;line_consecutive;0.5;1207;5;17;4-11;4;56202.875;57302.030000000006;58253.70999999939;58253.70999999939;1099.155000000006;951.6799999993818;951.6799999993818;eev,integrated,separated,ws;lintim;SiouxFalls;SiouxFalls;True;False;1e-05;6000;1;2;20;50;200;-5;50;0.75;5;55;50;10;10;16;1207;1207
12306541;208;g_000;1;1;38;line_consecutive;0.5;1208;5;18;11-14;4,8,10;57584.67999999999;58282.185;59675.65999999939;59675.659999999385;697.5050000000047;1393.4749999993946;1393.4749999993874;eev,integrated,separated,ws;lintim;SiouxFalls;SiouxFalls;True;False;1e-05;6000;1;2;20;50;200;-5;50;0.75;5;55;50;10;10;16;1208;1208
12306541;209;g_000;1;1;38;line_consecutive;0.5;1209;5;19;14-23;4,10;56597.87;57347.7;58616.64999999938;58616.64999999938;749.8299999999945;1268.949999999386;1268.949999999386;eev,integrated,separated,ws;lintim;SiouxFalls;SiouxFalls;True;False;1e-05;6000;1;2;20;50;200;-5;50;0.75;5;55;50;10;10;16;1209;1209
12306541;210;g_000;1;1;38;line_consecutive;0.5;1210;5;20;23-24;4;56113.28999999999;57299.33;57841.93999999939;57841.93999999939;1186.040000000008;542.6099999993894;542.6099999993894;eev,integrated,separated,ws;lintim;SiouxFalls;SiouxFalls;True;False;1e-05;6000;1;2;20;50;200;-5;50;0.75;5;55;50;10;10;16;1210;1210
12306541;211;g_000;1;1;38;line_consecutive;0.5;1211;5;21;10-15;5,9;53468.78;53622.740000000005;54971.514913775696;54971.514913775696;153.9600000000064;1348.774913775691;1348.774913775691;eev,integrated,separated,ws;lintim;SiouxFalls;SiouxFalls;True;False;1e-05;6000;1;2;20;50;200;-5;50;0.75;5;55;50;10;10;16;1211;1211
12306541;212;g_000;1;1;38;line_consecutive;0.5;1212;5;22;15-22;5,13;54524.62499999999;54524.62500000001;54524.62499999935;54524.62499999935;1.4551915228366852e-11;-6.548361852765082e-10;-6.548361852765082e-10;eev,integrated,separated,ws;lintim;SiouxFalls;SiouxFalls;True;False;1e-05;6000;1;2;20;50;200;-5;50;0.75;5;55;50;10;10;16;1212;1212
12306541;213;g_000;1;1;38;line_consecutive;0.5;1213;5;23;22-23;5;53180.84;53180.84000000001;53180.839999999385;53180.839999999385;1.4551915228366852e-11;-6.257323548197745e-10;-6.257323548197745e-10;eev,integrated,separated,ws;lintim;SiouxFalls;SiouxFalls;True;False;1e-05;6000;1;2;20;50;200;-5;50;0.75;5;55;50;10;10;16;1213;1213
12306541;214;g_000;1;1;38;line_consecutive;0.5;1214;5;24;13-24;6;55016.41;55964.965;56670.86999999938;56670.86999999938;948.554999999993;705.9049999993804;705.9049999993804;eev,integrated,separated,ws;lintim;SiouxFalls;SiouxFalls;True;False;1e-05;6000;1;2;20;50;200;-5;50;0.75;5;55;50;10;10;16;1214;1214
12306541;215;g_000;1;1;38;line_consecutive;0.5;1215;5;25;21-24;6;54112.11;54376.08000001933;54998.659999999385;54998.65999999938;263.9700000193261;622.5799999800583;622.5799999800511;eev,integrated,separated,ws;lintim;SiouxFalls;SiouxFalls;True;False;1e-05;6000;1;2;20;50;200;-5;50;0.75;5;55;50;10;10;16;1215;1215
12306541;216;g_000;1;1;38;line_consecutive;0.5;1216;5;26;20-21;6;54038.31;54302.27999999346;54917.479999999385;54917.479999999385;263.9699999934601;615.200000005927;615.200000005927;eev,integrated,separated,ws;lintim;SiouxFalls;SiouxFalls;True;False;1e-05;6000;1;2;20;50;200;-5;50;0.75;5;55;50;10;10;16;1216;1216
12306541;217;g_000;1;1;38;line_consecutive;0.5;1217;5;27;9-10;7,9;53068.89;53469.86000000099;54396.89999999953;54396.89999999953;400.9700000009907;927.0399999985384;927.0399999985384;eev,integrated,separated,ws;lintim;SiouxFalls;SiouxFalls;True;False;1e-05;6000;1;2;20;50;200;-5;50;0.75;5;55;50;10;10;16;1217;1217
12306541;218;g_000;1;1;38;line_consecutive;0.5;1218;5;28;3-12;8,12;52499.14;52499.14000000001;52499.13999999939;52499.13999999939;7.275957614183426e-12;-6.184563972055911e-10;-6.184563972055911e-10;eev,integrated,separated,ws;lintim;SiouxFalls;SiouxFalls;True;False;1e-05;6000;1;2;20;50;200;-5;50;0.75;5;55;50;10;10;16;1218;1218
12306541;219;g_000;1;1;38;line_consecutive;0.5;1219;5;29;5-6;9;52653.09999999999;52807.06000000001;54158.10994244072;54158.10994244072;153.96000000002095;1351.04994244071;1351.04994244071;eev,integrated,separated,ws;lintim;SiouxFalls;SiouxFalls;True;False;1e-05;6000;1;2;20;50;200;-5;50;0.75;5;55;50;10;10;16;1219;1219
12306541;220;g_000;1;1;38;line_consecutive;0.5;1220;5;30;15-19;9,13,14;53103.15;53707.15999999989;55343.004999999386;55343.004999999386;604.0099999998856;1635.8449999994991;1635.8449999994991;eev,integrated,separated,ws;lintim;SiouxFalls;SiouxFalls;True;False;1e-05;6000;1;2;20;50;200;-5;50;0.75;5;55;50;10;10;16;1220;1220
12306541;221;g_000;1;1;38;line_consecutive;0.5;1221;5;31;20-22;11;52499.14;52499.140000000014;52499.13999999939;52499.13999999939;1.4551915228366852e-11;-6.257323548197745e-10;-6.257323548197745e-10;eev,integrated,separated,ws;lintim;SiouxFalls;SiouxFalls;True;False;1e-05;6000;1;2;20;50;200;-5;50;0.75;5;55;50;10;10;16;1221;1221
12306541;222;g_000;1;1;38;line_consecutive;0.5;1222;5;32;18-20;11;52499.14;52499.14000000002;52499.13999999939;52499.13999999939;2.182787284255028e-11;-6.330083124339581e-10;-6.330083124339581e-10;eev,integrated,separated,ws;lintim;SiouxFalls;SiouxFalls;True;False;1e-05;6000;1;2;20;50;200;-5;50;0.75;5;55;50;10;10;16;1222;1222
12306541;223;g_000;1;1;38;line_consecutive;0.5;1223;5;33;12-13;12;52499.14;52499.140000004125;52499.13999999939;52499.13999999939;4.125467967242002e-09;-4.73664840683341e-09;-4.73664840683341e-09;eev,integrated,separated,ws;lintim;SiouxFalls;SiouxFalls;True;False;1e-05;6000;1;2;20;50;200;-5;50;0.75;5;55;50;10;10;16;1223;1223
12306541;224;g_000;1;1;38;line_consecutive;0.5;1224;5;34;1-2;12;52499.14;52499.13999999985;52499.13999999939;52499.13999999939;-1.5279510989785194e-10;-4.5838532969355583e-10;-4.5838532969355583e-10;eev,integrated,separated,ws;lintim;SiouxFalls;SiouxFalls;True;False;1e-05;6000;1;2;20;50;200;-5;50;0.75;5;55;50;10;10;16;1224;1224
12306541;225;g_000;1;1;38;line_consecutive;0.5;1225;5;35;21-22;13;52675.51;52851.88;53102.55999999939;53102.5599999994;176.36999999999534;250.6799999993891;250.6799999994037;eev,integrated,separated,ws;lintim;SiouxFalls;SiouxFalls;True;False;1e-05;6000;1;2;20;50;200;-5;50;0.75;5;55;50;10;10;16;1225;1225
12306541;226;g_000;1;1;38;line_consecutive;0.5;1226;5;36;14-15;14;52605.77;52712.39999999765;53073.38499999938;53073.38499999938;106.62999999765452;360.98500000173226;360.98500000173226;eev,integrated,separated,ws;lintim;SiouxFalls;SiouxFalls;True;False;1e-05;6000;1;2;20;50;200;-5;50;0.75;5;55;50;10;10;16;1226;1226
12306541;227;g_000;1;1;38;line_consecutive;0.5;1227;5;37;10-17;14;52605.77;52712.4;53073.38499999939;53073.38499999938;106.63000000000466;360.9849999993894;360.9849999993821;eev,integrated,separated,ws;lintim;SiouxFalls;SiouxFalls;True;False;1e-05;6000;1;2;20;50;200;-5;50;0.75;5;55;50;10;10;16;1227;1227
12306541;228;g_000;1;1;38;line_consecutive;0.5;1228;6;0;11-12;1,7,8;54653.43599999999;55789.40799999799;56004.174;56004.174;1135.971999998001;214.76600000201145;214.76600000201145;eev,integrated,separated,ws;lintim;SiouxFalls;SiouxFalls;True;False;1e-05;6000;1;2;20;50;200;-5;50;1.0;1;55;50;10;10;16;1228;1228
12306541;229;g_000;1;1;38;line_consecutive;0.5;1229;6;1;10-11;1,7,10;54543.05999537546;55556.62999999999;56840.70599999998;56840.70599999998;1013.5700046245328;1284.0759999999864;1284.0759999999864;eev,integrated,separated,ws;lintim;SiouxFalls;SiouxFalls;True;False;1e-05;6000;1;2;20;50;200;-5;50;1.0;1;55;50;10;10;16;1229;1229
12306541;230;g_000;1;1;38;line_consecutive;0.5;1230;6;2;10-16;1,10;51881.897999999856;52548.18791931629;54318.17999999998;54318.17999999998;666.289919316434;1769.992080683689;1769.992080683689;eev,integrated,separated,ws;lintim;SiouxFalls;SiouxFalls;True;False;1e-05;6000;1;2;20;50;200;-5;50;1.0;1;55;50;10;10;16;1230;1230
12306541;231;g_000;1;1;38;line_consecutive;0.5;1231;6;3;16-18;1;51027.12000001314;51603.91199993647;53462.75999999998;53462.75999999998;576.7919999233272;1858.84800006351;1858.84800006351;eev,integrated,separated,ws;lintim;SiouxFalls;SiouxFalls;True;False;1e-05;6000;1;2;20;50;200;-5;50;1.0;1;55;50;10;10;16;1231;1231
12306541;232;g_000;1;1;38;line_consecutive;0.5;1232;6;4;2-6;2;57493.386;59508.62799999998;60896.99399999999;60129.9339999994;2015.241999999984;1388.366000000009;621.3059999994148;eev,integrated,separated,ws;lintim;SiouxFalls;SiouxFalls;True;False;1e-05;6000;1;2;20;50;200;-5;50;1.0;1;55;50;10;10;16;1232;1232
12306541;233;g_000;1;1;38;line_consecutive;0.5;1233;6;5;6-8;2;55912.75799999365;57145.46200000001;58221.96;57454.8999999994;1232.704000006357;1076.4979999999923;309.43799999939074;eev,integrated,separated,ws;lintim;SiouxFalls;SiouxFalls;True;False;1e-05;6000;1;2;20;50;200;-5;50;1.0;1;55;50;10;10;16;1233;1233
12306541;234;g_000;1;1;38;line_consecutive;0.5;1234;6;6;8-16;2,10,13;56036.05199999998;57274.49999999999;59307.12599999997;57460.63199999934;1238.4480000000112;2032.6259999999747;186.13199999935023;eev,integrated,separated,ws;lintim;SiouxFalls;SiouxFalls;True;False;1e-05;6000;1;2;20;50;200;-5;50;1.0;1;55;50;10;10;16;1234;1234
12306541;235;g_000;1;1;38;line_consecutive;0.5;1235;6;7;16-17;2,13;55322.92800000001;56131.059999999976;57412.824;56167.05999999998;808.1319999999687;1281.764000000025;36.00000000000728;eev,integrated,separated,ws;lintim;SiouxFalls;SiouxFalls;True;False;1e-05;6000;1;2;20;50;200;-5;50;1.0;1;55;50;10;10;16;1235;1235
12306541;236;g_000;1;1;38;line_consecutive;0.5;1236;6;8;17-19;2,13,14;60183.474;60681.525999999314;62108.154;60708.23400000001;498.0519999993121;1426.6280000006882;26.70800000069721;eev,integrated,separated,ws;lintim;SiouxFalls;SiouxFalls;True;False;1e-05;6000;1;2;20;50;200;-5;50;1.0;1;55;50;10;10;16;1236;1236
12306541;237;g_000;1;1;38;line_consecutive;0.5;1237;6;9;19-20;2;56346.19799999999;57742.222;58822.272;58055.21199999937;1396.0240000000122;1080.0499999999956;312.9899999993649;eev,integrated,separated,ws;lintim;SiouxFalls;SiouxFalls;True;False;1e-05;6000;1;2;20;50;200;-5;50;1.0;1;55;50;10;10;16;1237;1237
12306541;238;g_000;1;1;38;line_consecutive;0.5;1238;6;10;3-4;3,4;53798.13;54713.962;56359.578;56359.578;915.8320000000022;1645.6160000000018;1645.6160000000018;eev,integrated,separated,ws;lintim;SiouxFalls;SiouxFalls;True;False;1e-05;6000;1;2;20;50;200;-5;50;1.0;1;55;50;10;10;16;1238;1238
12306541;239;g_000;1;1;38;line_consecutive;0.5;1239;6;11;4-5;3;49467.839999999975;49467.83999999999;49467.84;49467.84;1.4551915228366852e-11;7.275957614183426e-12;7.275957614183426e-12;eev,integrated,separated,ws;lintim;SiouxFalls;SiouxFalls;True;False;1e-05;6000;1;2;20;50;200;-5;50;1.0;1;55;50;10;10;16;1239;1239
12306541;240;g_000;1;1;38;line_consecutive;0.5;1240;6;12;5-9;3,9;49642.991999999984;49759.75999999998;51003.84;51003.84;116.7679999999964;1244.0800000000163;1244.0800000000163;eev,integrated,separated,ws;lintim;SiouxFalls;SiouxFalls;True;False;1e-05;6000;1;2;20;50;200;-5;50;1.0;1;55;50;10;10;16;1240;1240
12306541;241;g_000;1;1;38;line_consecutive;0.5;1241;6;13;8-9;3,7;49467.84;49467.84000000004;49467.84;49467.83999999848;4.365574568510056e-11;-4.365574568510056e-11;-1.5570549294352531e-09;eev,integrated,separated,ws;lintim;SiouxFalls;SiouxFalls;True;False;1e-05;6000;1;2;20;50;200;-5;50;1.0;1;55;50;10;10;16;1241;1241
12306541;242;g_000;1;1;38;line_consecutive;0.5;1242;6;14;7-8;3,7,11;49467.84;49467.83999999931;49467.84;49467.83999999848;-6.83940015733242e-10;6.83940015733242e-10;-8.294591680169106e-10;eev,integrated,separated,ws;lintim;SiouxFalls;SiouxFalls;True;False;1e-05;6000;1;2;20;50;200;-5;50;1.0;1;55;50;10;10;16;1242;1242
12306541;243;g_000;1;1;38;line_consecutive;0.5;1243;6;15;7-18;3,11;49467.8400000081;49467.84;49467.84;49467.84;-8.105416782200336e-09;0.0;0.0;eev,integrated,separated,ws;lintim;SiouxFalls;SiouxFalls;True;False;1e-05;6000;1;2;20;50;200;-5;50;1.0;1;55;50;10;10;16;1243;1243
12306541;244;g_000;1;1;38;line_consecutive;0.5;1244;6;16;1-3;4,8,12;57478.73999999997;57620.57999999989;58609.53;58609.52999999866;141.83999999992375;988.9500000001062;988.9499999987676;eev,integrated,separated,ws;lintim;SiouxFalls;SiouxFalls;True;False;1e-05;6000;1;2;20;50;200;-5;50;1.0;1;55;50;10;10;16;1244;1244
12306541;245;g_000;1;1;38;line_consecutive;0.5;1245;6;17;4-11;4;52959.60599999999;53785.06799999846;54774.018;54774.018;825.4619999984643;988.9500000015396;988.9500000015396;eev,integrated,separated,ws;lintim;SiouxFalls;SiouxFalls;True;False;1e-05;6000;1;2;20;50;200;-5;50;1.0;1;55;50;10;10;16;1245;1245
12306541;246;g_000;1;1;38;line_consecutive;0.5;1246;6;18;11-14;4,8,10;54528.0839999999;54716.71599999999;56578.23;56578.23;188.6320000000924;1861.51400000001;1861.51400000001;eev,integrated,separated,ws;lintim;SiouxFalls;SiouxFalls;True;False;1e-05;6000;1;2;20;50;200;-5;50;1.0;1;55;50;10;10;16;1246;1246
12306541;247;g_000;1;1;38;line_consecutive;0.5;1247;6;19;14-23;4,10;53330.664;53488.0960000006;55266.426;55266.42599999953;157.4320000006046;1778.3299999993978;1778.329999998925;eev,integrated,separated,ws;lintim;SiouxFalls;SiouxFalls;True;False;1e-05;6000;1;2;20;50;200;-5;50;1.0;1;55;50;10;10;16;1247;1247
12306541;248;g_000;1;1;38;line_consecutive;0.5;1248;6;20;23-24;4;52859.98799999999;53504.696;54539.60999999999;54539.60999999999;644.7080000000133;1034.9139999999898;1034.9139999999898;eev,integrated,separated,ws;lintim;SiouxFalls;SiouxFalls;True;False;1e-05;6000;1;2;20;50;200;-5;50;1.0;1;55;50;10;10;16;1248;1248
12306541;249;g_000;1;1;38;line_consecutive;0.5;1249;6;21;10-15;5,9;50412.191999963965;50528.96000000049;52073.874;52073.874;116.7680000365217;1544.9139999995168;1544.9139999995168;eev,integrated,separated,ws;lintim;SiouxFalls;SiouxFalls;True;False;1e-05;6000;1;2;20;50;200;-5;50;1.0;1;55;50;10;10;16;1249;1249
12306541;250;g_000;1;1;38;line_consecutive;0.5;1250;6;22;15-22;5,13;51597.48;51638.191999998606;51658.57199999999;51658.57199999999;40.71199999860255;20.38000000138709;20.38000000138709;eev,integrated,separated,ws;lintim;SiouxFalls;SiouxFalls;True;False;1e-05;6000;1;2;20;50;200;-5;50;1.0;1;55;50;10;10;16;1250;1250
12306541;251;g_000;1;1;38;line_consecutive;0.5;1251;6;23;22-23;5;50017.65600000036;50078.74799999999;50078.74799999999;50078.74799999999;61.09199999963312;0.0;0.0;eev,integrated,separated,ws;lintim;SiouxFalls;SiouxFalls;True;False;1e-05;6000;1;2;20;50;200;-5;50;1.0;1;55;50;10;10;16;1251;1251
12306541;252;g_000;1;1;38;line_consecutive;0.5;1252;6;24;13-24;6;52278.34799999999;52733.74399999999;53702.868;53702.86799999999;455.39600000000064;969.1240000000108;969.1239999999962;eev,integrated,separated,ws;lintim;SiouxFalls;SiouxFalls;True;False;1e-05;6000;1;2;20;50;200;-5;50;1.0;1;55;50;10;10;16;1252;1252
12306541;253;g_000;1;1;38;line_consecutive;0.5;1253;6;25;21-24;6;51275.89199999999;51418.315999999984;52310.616;52310.61599999998;142.4239999999918;892.3000000000175;892.2999999999956;eev,integrated,separated,ws;lintim;SiouxFalls;SiouxFalls;True;False;1e-05;6000;1;2;20;50;200;-5;50;1.0;1;55;50;10;10;16;1253;1253
12306541;254;g_000;1;1;38;line_consecutive;0.5;1254;6;26;20-21;6;51211.71599999999;51354.14;52216.524;52216.52399999999;142.42400000000634;862.3839999999982;862.3839999999909;eev,integrated,separated,ws;lintim;SiouxFalls;SiouxFalls;True;False;1e-05;6000;1;2;20;50;200;-5;50;1.0;1;55;50;10;10;16;1254;1254
12306541;255;g_000;1;1;38;line_consecutive;0.5;1255;6;27;9-10;7,9;50180.268;50655.21999999931;51378.444;51378.44399999999;474.9519999993136;723.2240000006932;723.2240000006786;eev,integrated,separated,ws;lintim;SiouxFalls;SiouxFalls;True;False;1e-05;6000;1;2;20;50;200;-5;50;1.0;1;55;50;10;10;16;1255;1255
12306541;256;g_000;1;1;38;line_consecutive;0.5;1256;6;28;3-12;8,12;49467.839999999975;49467.8399999999;49467.84;49467.84;-7.275957614183426e-11;9.458744898438454e-11;9.458744898438454e-11;eev,integrated,separated,ws;lintim;SiouxFalls;SiouxFalls;True;False;1e-05;6000;1;2;20;50;200;-5;50;1.0;1;55;50;10;10;16;1256;1256
12306541;257;g_000;1;1;38;line_consecutive;0.5;1257;6;29;5-6;9;49642.992;49759.76000000001;51003.83999999999;51003.83999999998;116.76800000001094;1244.07999999998;1244.0799999999726;eev,integrated,separated,ws;lintim;SiouxFalls;SiouxFalls;True;False;1e-05;6000;1;2;20;50;200;-5;50;1.0;1;55;50;10;10;16;1257;1257
12306541;258;g_000;1;1;38;line_consecutive;0.5;1258;6;30;15-19;9,13,14;50105.568;50530.72;52460.088;52460.088;425.15200000000186;1929.3680000000024;1929.3680000000024;eev,integrated,separated,ws;lintim;SiouxFalls;SiouxFalls;True;False;1e-05;6000;1;2;20;50;200;-5;50;1.0;1;55;50;10;10;16;1258;1258
12306541;259;g_000;1;1;38;line_consecutive;0.5;1259;6;31;20-22;11;49467.84;49467.83999999999;49467.83999999999;49467.83999999998;-7.275957614183426e-12;0.0;-7.275957614183426e-12;eev,integrated,separated,ws;lintim;SiouxFalls;SiouxFalls;True;False;1e-05;6000;1;2;20;50;200;-5;50;1.0;1;55;50;10;10;16;1259;1259
12306541;260;g_000;1;1;38;line_consecutive;0.5;1260;6;32;18-20;11;49467.83999999998;49467.84;49467.84;49467.83999999999;1.4551915228366852e-11;0.0;-7.275957614183426e-12;eev,integrated,separated,ws;lintim;SiouxFalls;SiouxFalls;True;False;1e-05;6000;1;2;20;50;200;-5;50;1.0;1;55;50;10;10;16;1260;1260
12306541;261;g_000;1;1;38;line_consecutive;0.5;1261;6;33;12-13;12;49467.839999999575;49467.83999999998;49467.84;49467.84;4.074536263942719e-10;1.4551915228366852e-11;1.4551915228366852e-11;eev,integrated,separated,ws;lintim;SiouxFalls;SiouxFalls;True;False;1e-05;6000;1;2;20;50;200;-5;50;1.0;1;55;50;10;10;16;1261;1261
12306541;262;g_000;1;1;38;line_consecutive;0.5;1262;6;34;1-2;12;49467.84;49467.84;49467.84;49467.84;0.0;0.0;0.0;eev,integrated,separated,ws;lintim;SiouxFalls;SiouxFalls;True;False;1e-05;6000;1;2;20;50;200;-5;50;1.0;1;55;50;10;10;16;1262;1262
12306541;263;g_000;1;1;38;line_consecutive;0.5;1263;6;35;21-22;13;49499.80799999887;49521.11999999998;49999.82399999999;49999.82399999999;21.3120000011113;478.70400000001246;478.70400000001246;eev,integrated,separated,ws;lintim;SiouxFalls;SiouxFalls;True;False;1e-05;6000;1;2;20;50;200;-5;50;1.0;1;55;50;10;10;16;1263;1263
12306541;264;g_000;1;1;38;line_consecutive;0.5;1264;6;36;14-15;14;49497.623999999065;49517.48;49934.53199999999;49934.53199999999;19.85600000093837;417.0519999999888;417.0519999999888;eev,integrated,separated,ws;lintim;SiouxFalls;SiouxFalls;True;False;1e-05;6000;1;2;20;50;200;-5;50;1.0;1;55;50;10;10;16;1264;1264
12306541;265;g_000;1;1;38;line_consecutive;0.5;1265;6;37;10-17;14;49497.62399999953;49517.48;49934.532;49934.532;19.856000000472704;417.051999999996;417.051999999996;eev,integrated,separated,ws;lintim;SiouxFalls;SiouxFalls;True;False;1e-05;6000;1;2;20;50;200;-5;50;1.0;1;55;50;10;10;16;1265;1265
12306541;266;g_000;1;1;38;line_consecutive;0.5;1266;7;0;11-12;1,7,8;55517.70199999998;56545.56599999999;57093.563;57093.563;1027.864000000009;547.9970000000103;547.9970000000103;eev,integrated,separated,ws;lintim;SiouxFalls;SiouxFalls;True;False;1e-05;6000;1;2;20;50;200;-5;50;1.0;2;55;50;10;10;16;1266;1266
12306541;267;g_000;1;1;38;line_consecutive;0.5;1267;7;1;10-11;1,7,10;55388.9299946047;56283.87499999999;58069.51699999997;57034.94;894.9450053952896;1785.641999999978;751.0650000000096;eev,integrated,separated,ws;lintim;SiouxFalls;SiouxFalls;True;False;1e-05;6000;1;2;20;50;200;-5;50;1.0;2;55;50;10;10;16;1267;1267
12306541;268;g_000;1;1;38;line_consecutive;0.5;1268;7;2;10-16;1,10;52284.24099999984;52822.32599999805;55126.56999999998;54068.96999999997;538.0849999982092;2304.244000001927;1246.644000001921;eev,integrated,separated,ws;lintim;SiouxFalls;SiouxFalls;True;False;1e-05;6000;1;2;20;50;200;-5;50;1.0;2;55;50;10;10;16;1268;1268
12306541;269;g_000;1;1;38;line_consecutive;0.5;1269;7;3;16-18;1;51287.00000001533;51763.84399999949;54128.57999999998;54128.57999999997;476.8439999841576;2364.736000000492;2364.7360000004846;eev,integrated,separated,ws;lintim;SiouxFalls;SiouxFalls;True;False;1e-05;6000;1;2;20;50;200;-5;50;1.0;2;55;50;10;10;16;1269;1269
12306541;270;g_000;1;1;38;line_consecutive;0.5;1270;7;4;2-6;2;58830.977;60757.35199999999;62801.85299999999;62262.2879999986;1926.3749999999927;2044.5009999999968;1504.9359999986118;eev,integrated,separated,ws;lintim;SiouxFalls;SiouxFalls;True;False;1e-05;6000;1;2;20;50;200;-5;50;1.0;2;55;50;10;10;16;1270;1270
12306541;271;g_000;1;1;38;line_consecutive;0.5;1271;7;5;6-8;2;56986.910999992586;58057.68899999958;59680.98;58420.23999999861;1070.7780000069906;1623.2910000004267;362.5509999990318;eev,integrated,separated,ws;lintim;SiouxFalls;SiouxFalls;True;False;1e-05;6000;1;2;20;50;200;-5;50;1.0;2;55;50;10;10;16;1271;1271
12306541;272;g_000;1;1;38;line_consecutive;0.5;1272;7;6;8-16;2,10,13;57130.75399999998;58059.58999999999;60947.00699999996;58329.97399999999;928.8360000000102;2887.416999999972;270.3839999999982;eev,integrated,separated,ws;lintim;SiouxFalls;SiouxFalls;True;False;1e-05;6000;1;2;20;50;200;-5;50;1.0;2;55;50;10;10;16;1272;1272
12306541;273;g_000;1;1;38;line_consecutive;0.5;1273;7;7;16-17;2,13;56298.776000000005;56908.87999999999;58736.988000000005;56908.87999999999;610.1039999999848;1828.1080000000147;0.0;eev,integrated,separated,ws;lintim;SiouxFalls;SiouxFalls;True;False;1e-05;6000;1;2;20;50;200;-5;50;1.0;2;55;50;10;10;16;1273;1273
12306541;274;g_000;1;1;38;line_consecutive;0.5;1274;7;8;17-19;2,13,14;61969.41299999999;62344.87699999849;64214.87299999999;62935.417;375.4639999984938;1869.9960000015053;590.5400000015143;eev,integrated,separated,ws;lintim;SiouxFalls;SiouxFalls;True;False;1e-05;6000;1;2;20;50;200;-5;50;1.0;2;55;50;10;10;16;1274;1274
12306541;275;g_000;1;1;38;line_consecutive;0.5;1275;7;9;19-20;2;57492.59099999999;58753.90900000001;60381.344;59120.6039999986;1261.318000000014;1627.4349999999904;366.69499999859545;eev,integrated,separated,ws;lintim;SiouxFalls;SiouxFalls;True;False;1e-05;6000;1;2;20;50;200;-5;50;1.0;2;55;50;10;10;16;1275;1275
12306541;276;g_000;1;1;38;line_consecutive;0.5;1276;7;10;3-4;3,4;54519.845;55206.719;57508.201;57508.201;686.8739999999962;2301.482000000004;2301.482000000004;eev,integrated,separated,ws;lintim;SiouxFalls;SiouxFalls;True;False;1e-05;6000;1;2;20;50;200;-5;50;1.0;2;55;50;10;10;16;1276;1276
12306541;277;g_000;1;1;38;line_consecutive;0.5;1277;7;11;4-5;3;49467.83999999997;49467.83999999919;49467.84;49467.84;-7.785274647176266e-10;8.076312951743603e-10;8.076312951743603e-10;eev,integrated,separated,ws;lintim;SiouxFalls;SiouxFalls;True;False;1e-05;6000;1;2;20;50;200;-5;50;1.0;2;55;50;10;10;16;1277;1277
12306541;278;g_000;1;1;38;line_consecutive;0.5;1278;7;12;5-9;3,9;49672.18399999998;49759.76;51259.84;51259.84;87.57600000002276;1500.0799999999945;1500.0799999999945;eev,integrated,separated,ws;lintim;SiouxFalls;SiouxFalls;True;False;1e-05;6000;1;2;20;50;200;-5;50;1.0;2;55;50;10;10;16;1278;1278
12306541;279;g_000;1;1;38;line_consecutive;0.5;1279;7;13;8-9;3,7;49467.84;49467.83999999832;49467.84;49467.83999999896;-1.673470251262188e-09;1.673470251262188e-09;6.402842700481415e-10;eev,integrated,separated,ws;lintim;SiouxFalls;SiouxFalls;True;False;1e-05;6000;1;2;20;50;200;-5;50;1.0;2;55;50;10;10;16;1279;1279
12306541;280;g_000;1;1;38;line_consecutive;0.5;1280;7;14;7-8;3,7,11;49467.84;49467.84;49467.84;49467.84;0.0;0.0;0.0;eev,integrated,separated,ws;lintim;SiouxFalls;SiouxFalls;True;False;1e-05;6000;1;2;20;50;200;-5;50;1.0;2;55;50;10;10;16;1280;1280
12306541;281;g_000;1;1;38;line_consecutive;0.5;1281;7;15;7-18;3,11;49467.840000009455;49467.84;49467.84;49467.84;-9.458744898438454e-09;0.0;0.0;eev,integrated,separated,ws;lintim;SiouxFalls;SiouxFalls;True;False;1e-05;6000;1;2;20;50;200;-5;50;1.0;2;55;50;10;10;16;1281;1281
12306541;282;g_000;1;1;38;line_consecutive;0.5;1282;7;16;1-3;4,8,12;58813.88999999996;58920.27;60133.145;60133.14499999999;106.38000000003376;1212.875;1212.8749999999927;eev,integrated,separated,ws;lintim;SiouxFalls;SiouxFalls;True;False;1e-05;6000;1;2;20;50;200;-5;50;1.0;2;55;50;10;10;16;1282;1282
12306541;283;g_000;1;1;38;line_consecutive;0.5;1283;7;17;4-11;4;53541.567;54228.44099999999;55658.381;55658.3809999993;686.8739999999889;1429.9400000000096;1429.939999999311;eev,integrated,separated,ws;lintim;SiouxFalls;SiouxFalls;True;False;1e-05;6000;1;2;20;50;200;-5;50;1.0;2;55;50;10;10;16;1283;1283
12306541;284;g_000;1;1;38;line_consecutive;0.5;1284;7;18;11-14;4,8,10;55371.45799999988;55525.93199999999;57763.295;57410.94499702507;154.47400000011112;2237.363000000005;1885.0129970250784;eev,integrated,separated,ws;lintim;SiouxFalls;SiouxFalls;True;False;1e-05;6000;1;2;20;50;200;-5;50;1.0;2;55;50;10;10;16;1284;1284
12306541;285;g_000;1;1;38;line_consecutive;0.5;1285;7;19;14-23;4,10;53974.46799999999;54092.542;56232.857;55736.10399702507;118.0740000000078;2140.3150000000023;1643.56199702507;eev,integrated,separated,ws;lintim;SiouxFalls;SiouxFalls;True;False;1e-05;6000;1;2;20;50;200;-5;50;1.0;2;55;50;10;10;16;1285;1285
12306541;286;g_000;1;1;38;line_consecutive;0.5;1286;7;20;23-24;4;53425.34599999999;54112.219999992136;55384.905;55384.9049999993;686.8739999921454;1272.685000007863;1272.6850000071645;eev,integrated,separated,ws;lintim;SiouxFalls;SiouxFalls;True;False;1e-05;6000;1;2;20;50;200;-5;50;1.0;2;55;50;10;10;16;1286;1286
12306541;287;g_000;1;1;38;line_consecutive;0.5;1287;7;21;10-15;5,9;50569.58399995796;50657.15999999997;52508.213;52508.213;87.57600004200503;1851.0530000000365;1851.0530000000365;eev,integrated,separated,ws;lintim;SiouxFalls;SiouxFalls;True;False;1e-05;6000;1;2;20;50;200;-5;50;1.0;2;55;50;10;10;16;1287;1287
12306541;288;g_000;1;1;38;line_consecutive;0.5;1288;7;22;15-22;5,13;51952.41999999999;51991.64399999849;52023.694;52023.694;39.223999998495856;32.05000000151631;32.05000000151631;eev,integrated,separated,ws;lintim;SiouxFalls;SiouxFalls;True;False;1e-05;6000;1;2;20;50;200;-5;50;1.0;2;55;50;10;10;16;1288;1288
12306541;289;g_000;1;1;38;line_consecutive;0.5;1289;7;23;22-23;5;50109.292000000416;50180.56599999999;50180.56599999999;50180.56599999847;71.27399999957561;0.0;-1.520675141364336e-09;eev,integrated,separated,ws;lintim;SiouxFalls;SiouxFalls;True;False;1e-05;6000;1;2;20;50;200;-5;50;1.0;2;55;50;10;10;16;1289;1289
12306541;290;g_000;1;1;38;line_consecutive;0.5;1290;7;24;13-24;6;52746.76599999999;53145.099;54408.706;54408.706;398.33300000001327;1263.6069999999963;1263.6069999999963;eev,integrated,separated,ws;lintim;SiouxFalls;SiouxFalls;True;False;1e-05;6000;1;2;20;50;200;-5;50;1.0;2;55;50;10;10;16;1290;1290
12306541;291;g_000;1;1;38;line_consecutive;0.5;1291;7;25;21-24;6;51577.23399999999;51684.05200009115;52784.412;52784.412;106.81800009115976;1100.3599999088474;1100.3599999088474;eev,integrated,separated,ws;lintim;SiouxFalls;SiouxFalls;True;False;1e-05;6000;1;2;20;50;200;-5;50;1.0;2;55;50;10;10;16;1291;1291
12306541;292;g_000;1;1;38;line_consecutive;0.5;1292;7;26;20-21;6;51502.362;51609.17999999999;52674.63799999999;52674.63799999999;106.81799999999204;1065.4579999999987;1065.4579999999987;eev,integrated,separated,ws;lintim;SiouxFalls;SiouxFalls;True;False;1e-05;6000;1;2;20;50;200;-5;50;1.0;2;55;50;10;10;16;1292;1292
12306541;293;g_000;1;1;38;line_consecutive;0.5;1293;7;27;9-10;7,9;50299.006;50655.22;51696.878;51696.878;356.21399999999994;1041.6579999999958;1041.6579999999958;eev,integrated,separated,ws;lintim;SiouxFalls;SiouxFalls;True;False;1e-05;6000;1;2;20;50;200;-5;50;1.0;2;55;50;10;10;16;1293;1293
12306541;294;g_000;1;1;38;line_consecutive;0.5;1294;7;28;3-12;8,12;49467.83999999997;49467.84;49467.84;49467.83999999998;2.9103830456733704e-11;0.0;-1.4551915228366852e-11;eev,integrated,separated,ws;lintim;SiouxFalls;SiouxFalls;True;False;1e-05;6000;1;2;20;50;200;-5;50;1.0;2;55;50;10;10;16;1294;1294
12306541;295;g_000;1;1;38;line_consecutive;0.5;1295;7;29;5-6;9;49672.184;49759.76;51259.83999999998;51259.84000000043;87.57600000000093;1500.07999999998;1500.080000000431;eev,integrated,separated,ws;lintim;SiouxFalls;SiouxFalls;True;False;1e-05;6000;1;2;20;50;200;-5;50;1.0;2;55;50;10;10;16;1295;1295
12306541;296;g_000;1;1;38;line_consecutive;0.5;1296;7;30;15-19;9,13,14;50211.856;50530.72;52958.796;52958.796;318.8640000000014;2428.076000000001;2428.076000000001;eev,integrated,separated,ws;lintim;SiouxFalls;SiouxFalls;True;False;1e-05;6000;1;2;20;50;200;-5;50;1.0;2;55;50;10;10;16;1296;1296
12306541;297;g_000;1;1;38;line_consecutive;0.5;1297;7;31;20-22;11;49467.84;49467.83999999831;49467.83999999999;49467.83999999998;-1.6880221664905546e-09;1.6807462088763712e-09;1.673470251262188e-09;eev,integrated,separated,ws;lintim;SiouxFalls;SiouxFalls;True;False;1e-05;6000;1;2;20;50;200;-5;50;1.0;2;55;50;10;10;16;1297;1297
12306541;298;g_000;1;1;38;line_consecutive;0.5;1298;7;32;18-20;11;49467.839999999975;49467.84;49467.84;49467.83999999999;2.182787284255028e-11;0.0;-7.275957614183426e-12;eev,integrated,separated,ws;lintim;SiouxFalls;SiouxFalls;True;False;1e-05;6000;1;2;20;50;200;-5;50;1.0;2;55;50;10;10;16;1298;1298
12306541;299;g_000;1;1;38;line_consecutive;0.5;1299;7;33;12-13;12;49467.8399999995;49467.83999999998;49467.84;49467.84;4.80213202536106e-10;1.4551915228366852e-11;1.4551915228366852e-11;eev,integrated,separated,ws;lintim;SiouxFalls;SiouxFalls;True;False;1e-05;6000;1;2;20;50;200;-5;50;1.0;2;55;50;10;10;16;1299;1299
12306541;300;g_000;1;1;38;line_consecutive;0.5;1300;7;34;1-2;12;49467.84;49467.84;49467.84;49467.84;0.0;0.0;0.0;eev,integrated,separated,ws;lintim;SiouxFalls;SiouxFalls;True;False;1e-05;6000;1;2;20;50;200;-5;50;1.0;2;55;50;10;10;16;1300;1300
12306541;301;g_000;1;1;38;line_consecutive;0.5;1301;7;35;21-22;13;49505.13599999868;49521.11999999835;50088.488;50088.488;15.983999999669322;567.3680000016466;567.3680000016466;eev,integrated,separated,ws;lintim;SiouxFalls;SiouxFalls;True;False;1e-05;6000;1;2;20;50;200;-5;50;1.0;2;55;50;10;10;16;1301;1301
12306541;302;g_000;1;1;38;line_consecutive;0.5;1302;7;36;14-15;14;49502.58799999891;49517.48;50012.31399999999;50012.313999999984;14.89200000109122;494.833999999988;494.83399999998073;eev,integrated,separated,ws;lintim;SiouxFalls;SiouxFalls;True;False;1e-05;6000;1;2;20;50;200;-5;50;1.0;2;55;50;10;10;16;1302;1302
12306541;303;g_000;1;1;38;line_consecutive;0.5;1303;7;37;10-17;14;49502.58799999945;49517.47999999999;50012.314;50012.314;14.892000000538246;494.8340000000098;494.8340000000098;eev,integrated,separated,ws;lintim;SiouxFalls;SiouxFalls;True;False;1e-05;6000;1;2;20;50;200;-5;50;1.0;2;55;50;10;10;16;1303;1303
12306541;304;g_000;1;1;38;line_consecutive;0.5;1304;8;0;11-12;1,7,8;56381.96799999998;57301.72400000004;58182.952;57690.37999999999;919.7560000000594;881.2279999999591;388.65599999995175;eev,integrated,separated,ws;lintim;SiouxFalls;SiouxFalls;True;False;1e-05;6000;1;2;20;50;200;-5;50;1.0;5;55;50;10;10;16;1304;1304
12306541;305;g_000;1;1;38;line_consecutive;0.5;1305;8;1;10-11;1,7,10;56234.79999383394;56864.66399999999;59298.32799999997;57734.792;629.8640061660481;2433.6639999999825;870.1280000000115;eev,integrated,separated,ws;lintim;SiouxFalls;SiouxFalls;True;False;1e-05;6000;1;2;20;50;200;-5;50;1.0;5;55;50;10;10;16;1305;1305
12306541;306;g_000;1;1;38;line_consecutive;0.5;1306;8;2;10-16;1,10;52686.583999999806;53096.39598502052;55934.95999999997;53766.99599999999;409.8119850207149;2838.564014979449;670.6000149794709;eev,integrated,separated,ws;lintim;SiouxFalls;SiouxFalls;True;False;1e-05;6000;1;2;20;50;200;-5;50;1.0;5;55;50;10;10;16;1306;1306
12306541;307;g_000;1;1;38;line_consecutive;0.5;1307;8;3;16-18;1;51546.88000001752;51923.77599999983;54794.39999999998;53571.99999999999;376.8959999823128;2870.624000000149;1648.224000000162;eev,integrated,separated,ws;lintim;SiouxFalls;SiouxFalls;True;False;1e-05;6000;1;2;20;50;200;-5;50;1.0;5;55;50;10;10;16;1307;1307
12306541;308;g_000;1;1;38;line_consecutive;0.5;1308;8;4;2-6;2;60168.56799999999;61711.93200000021;64706.71199999999;62538.45599999999;1543.3640000002197;2994.779999999781;826.5239999997793;eev,integrated,separated,ws;lintim;SiouxFalls;SiouxFalls;True;False;1e-05;6000;1;2;20;50;200;-5;50;1.0;5;55;50;10;10;16;1308;1308
12306541;309;g_000;1;1;38;line_consecutive;0.5;1309;8;5;6-8;2;58061.06399999153;58951.83999999976;61140.0;58951.84;890.7760000082271;2188.160000000244;2.40106601268053e-10;eev,integrated,separated,ws;lintim;SiouxFalls;SiouxFalls;True;False;1e-05;6000;1;2;20;50;200;-5;50;1.0;5;55;50;10;10;16;1309;1309
12306541;310;g_000;1;1;38;line_consecutive;0.5;1310;8;6;8-16;2,10,13;58225.45599999998;58844.67999999999;62586.88799999996;59393.904;619.2240000000165;3742.2079999999696;549.2240000000093;eev,integrated,separated,ws;lintim;SiouxFalls;SiouxFalls;True;False;1e-05;6000;1;2;20;50;200;-5;50;1.0;5;55;50;10;10;16;1310;1310
12306541;311;g_000;1;1;38;line_consecutive;0.5;1311;8;7;16-17;2,13;57274.624;57681.35999999978;60061.152;58703.211999998486;406.73599999977887;2379.79200000022;1021.8519999987038;eev,integrated,separated,ws;lintim;SiouxFalls;SiouxFalls;True;False;1e-05;6000;1;2;20;50;200;-5;50;1.0;5;55;50;10;10;16;1311;1311
12306541;312;g_000;1;1;38;line_consecutive;0.5;1312;8;8;17-19;2,13,14;63755.35199999999;64008.22800000703;66321.592;67329.98999999999;252.8760000070397;2313.363999992973;3321.7619999929598;eev,integrated,separated,ws;lintim;SiouxFalls;SiouxFalls;True;False;1e-05;6000;1;2;20;50;200;-5;50;1.0;5;55;50;10;10;16;1312;1312
12306541;313;g_000;1;1;38;line_consecutive;0.5;1313;8;9;19-20;2;58638.98399999998;59557.48799999998;61940.416;59747.51999999999;918.5040000000008;2382.9280000000144;190.0320000000065;eev,integrated,separated,ws;lintim;SiouxFalls;SiouxFalls;True;False;1e-05;6000;1;2;20;50;200;-5;50;1.0;5;55;50;10;10;16;1313;1313
12306541;314;g_000;1;1;38;line_consecutive;0.5;1314;8;10;3-4;3,4;55241.56;55699.476;58656.824;57232.612;457.9160000000047;2957.347999999998;1533.1359999999986;eev,integrated,separated,ws;lintim;SiouxFalls;SiouxFalls;True;False;1e-05;6000;1;2;20;50;200;-5;50;1.0;5;55;50;10;10;16;1314;1314
12306541;315;g_000;1;1;38;line_consecutive;0.5;1315;8;11;4-5;3;49467.83999999996;49467.83999999849;49467.84;49467.8399999987;-1.469743438065052e-09;1.5061232261359692e-09;2.110027708113193e-10;eev,integrated,separated,ws;lintim;SiouxFalls;SiouxFalls;True;False;1e-05;6000;1;2;20;50;200;-5;50;1.0;5;55;50;10;10;16;1315;1315
12306541;316;g_000;1;1;38;line_consecutive;0.5;1316;8;12;5-9;3,9;49701.37599999998;49759.75999999997;51515.84;51515.83999999848;58.38399999999092;1756.0800000000236;1756.0799999985102;eev,integrated,separated,ws;lintim;SiouxFalls;SiouxFalls;True;False;1e-05;6000;1;2;20;50;200;-5;50;1.0;5;55;50;10;10;16;1316;1316
12306541;317;g_000;1;1;38;line_consecutive;0.5;1317;8;13;8-9;3,7;49467.83999999999;49467.839999999815;49467.84;49467.83999999931;-1.7462298274040222e-10;1.8189894035458562e-10;-5.020410753786564e-10;eev,integrated,separated,ws;lintim;SiouxFalls;SiouxFalls;True;False;1e-05;6000;1;2;20;50;200;-5;50;1.0;5;55;50;10;10;16;1317;1317
12306541;318;g_000;1;1;38;line_consecutive;0.5;1318;8;14;7-8;3,7,11;49467.83999999999;49467.83999999932;49467.84;49467.84;-6.693881005048752e-10;6.766640581190585e-10;6.766640581190585e-10;eev,integrated,separated,ws;lintim;SiouxFalls;SiouxFalls;True;False;1e-05;6000;1;2;20;50;200;-5;50;1.0;5;55;50;10;10;16;1318;1318
12306541;319;g_000;1;1;38;line_consecutive;0.5;1319;8;15;7-18;3,11;49467.8400000108;49467.84000000002;49467.84;49467.84;-1.0782969184219836e-08;-2.182787284255028e-11;-2.182787284255028e-11;eev,integrated,separated,ws;lintim;SiouxFalls;SiouxFalls;True;False;1e-05;6000;1;2;20;50;200;-5;50;1.0;5;55;50;10;10;16;1319;1319
12306541;320;g_000;1;1;38;line_consecutive;0.5;1320;8;16;1-3;4,8,12;60149.03999999996;60219.95999999972;61656.76;60219.96;70.91999999976542;1436.8000000002794;2.764863893389702e-10;eev,integrated,separated,ws;lintim;SiouxFalls;SiouxFalls;True;False;1e-05;6000;1;2;20;50;200;-5;50;1.0;5;55;50;10;10;16;1320;1320
12306541;321;g_000;1;1;38;line_consecutive;0.5;1321;8;17;4-11;4;54123.52799999999;54581.444;56542.744;55202.83599999999;457.916000000012;1961.299999999996;621.3919999999853;eev,integrated,separated,ws;lintim;SiouxFalls;SiouxFalls;True;False;1e-05;6000;1;2;20;50;200;-5;50;1.0;5;55;50;10;10;16;1321;1321
12306541;322;g_000;1;1;38;line_consecutive;0.5;1322;8;18;11-14;4,8,10;56214.83199999987;56335.14800001074;58948.36;56335.14799999996;120.31600001086916;2613.21199998926;-1.0782969184219836e-08;eev,integrated,separated,ws;lintim;SiouxFalls;SiouxFalls;True;False;1e-05;6000;1;2;20;50;200;-5;50;1.0;5;55;50;10;10;16;1322;1322
12306541;323;g_000;1;1;38;line_consecutive;0.5;1323;8;19;14-23;4,10;54618.27199999999;54696.988000000005;57199.288;54696.988;78.7160000000149;2502.299999999996;-7.275957614183426e-12;eev,integrated,separated,ws;lintim;SiouxFalls;SiouxFalls;True;False;1e-05;6000;1;2;20;50;200;-5;50;1.0;5;55;50;10;10;16;1323;1323
12306541;324;g_000;1;1;38;line_consecutive;0.5;1324;8;20;23-24;4;53990.70399999999;54448.62000000237;56230.2;54805.98799999999;457.9160000023767;1781.5799999976298;357.367999997623;eev,integrated,separated,ws;lintim;SiouxFalls;SiouxFalls;True;False;1e-05;6000;1;2;20;50;200;-5;50;1.0;5;55;50;10;10;16;1324;1324
12306541;325;g_000;1;1;38;line_consecutive;0.5;1325;8;21;10-15;5,9;50726.97599995195;50785.35999999996;52942.552;52942.55199999995;58.38400004800496;2157.1920000000464;2157.1919999999955;eev,integrated,separated,ws;lintim;SiouxFalls;SiouxFalls;True;False;1e-05;6000;1;2;20;50;200;-5;50;1.0;5;55;50;10;10;16;1325;1325
12306541;326;g_000;1;1;38;line_consecutive;0.5;1326;8;22;15-22;5,13;52307.35999999999;52345.09599999986;52388.816;52388.81599999999;37.73599999986618;43.72000000013941;43.72000000013213;eev,integrated,separated,ws;lintim;SiouxFalls;SiouxFalls;True;False;1e-05;6000;1;2;20;50;200;-5;50;1.0;5;55;50;10;10;16;1326;1326
12306541;327;g_000;1;1;38;line_consecutive;0.5;1327;8;23;22-23;5;50200.92800000047;50282.384000000005;50282.38399999999;50282.38399999931;81.45599999953265;-1.4551915228366852e-11;-6.984919309616089e-10;eev,integrated,separated,ws;lintim;SiouxFalls;SiouxFalls;True;False;1e-05;6000;1;2;20;50;200;-5;50;1.0;5;55;50;10;10;16;1327;1327
12306541;328;g_000;1;1;38;line_consecutive;0.5;1328;8;24;13-24;6;53215.18399999999;53501.796;55114.544;55114.544;286.61200000001554;1612.7479999999996;1612.7479999999996;eev,integrated,separated,ws;lintim;SiouxFalls;SiouxFalls;True;False;1e-05;6000;1;2;20;50;200;-5;50;1.0;5;55;50;10;10;16;1328;1328
12306541;329;g_000;1;1;38;line_consecutive;0.5;1329;8;25;21-24;6;51878.576;51949.78800000001;53258.20799999999;53258.20799999999;71.21200000000681;1308.4199999999837;1308.4199999999837;eev,integrated,separated,ws;lintim;SiouxFalls;SiouxFalls;True;False;1e-05;6000;1;2;20;50;200;-5;50;1.0;5;55;50;10;10;16;1329;1329
12306541;330;g_000;1;1;38;line_consecutive;0.5;1330;8;26;20-21;6;51793.008;51864.22;53132.75199999999;53132.75199999999;71.21199999999953;1268.531999999992;1268.531999999992;eev,integrated,separated,ws;lintim;SiouxFalls;SiouxFalls;True;False;1e-05;6000;1;2;20;50;200;-5;50;1.0;5;55;50;10;10;16;1330;1330
12306541;331;g_000;1;1;38;line_consecutive;0.5;1331;8;27;9-10;7,9;50417.74399999999;50655.22000000001;52015.312;52015.31199999999;237.4760000000169;1360.0919999999896;1360.0919999999824;eev,integrated,separated,ws;lintim;SiouxFalls;SiouxFalls;True;False;1e-05;6000;1;2;20;50;200;-5;50;1.0;5;55;50;10;10;16;1331;1331
12306541;332;g_000;1;1;38;line_consecutive;0.5;1332;8;28;3-12;8,12;49467.83999999996;49467.84000000003;49467.84;49467.84;7.275957614183426e-11;-3.637978807091713e-11;-3.637978807091713e-11;eev,integrated,separated,ws;lintim;SiouxFalls;SiouxFalls;True;False;1e-05;6000;1;2;20;50;200;-5;50;1.0;5;55;50;10;10;16;1332;1332
12306541;333;g_000;1;1;38;line_consecutive;0.5;1333;8;29;5-6;9;49701.37599999999;49759.76000000136;51515.83999999998;51515.83999999998;58.38400000137335;1756.079999998619;1756.079999998619;eev,integrated,separated,ws;lintim;SiouxFalls;SiouxFalls;True;False;1e-05;6000;1;2;20;50;200;-5;50;1.0;5;55;50;10;10;16;1333;1333
12306541;334;g_000;1;1;38;line_consecutive;0.5;1334;8;30;15-19;9,13,14;50318.14399999999;50530.72;53457.504;52884.88799999979;212.5760000000082;2926.784;2354.167999999787;eev,integrated,separated,ws;lintim;SiouxFalls;SiouxFalls;True;False;1e-05;6000;1;2;20;50;200;-5;50;1.0;5;55;50;10;10;16;1334;1334
12306541;335;g_000;1;1;38;line_consecutive;0.5;1335;8;31;20-22;11;49467.83999999999;49467.84;49467.83999999999;49467.83999999999;7.275957614183426e-12;-7.275957614183426e-12;-7.275957614183426e-12;eev,integrated,separated,ws;lintim;SiouxFalls;SiouxFalls;True;False;1e-05;6000;1;2;20;50;200;-5;50;1.0;5;55;50;10;10;16;1335;1335
12306541;336;g_000;1;1;38;line_consecutive;0.5;1336;8;32;18-20;11;49467.83999999997;49467.84;49467.84;49467.84;2.9103830456733704e-11;0.0;0.0;eev,integrated,separated,ws;lintim;SiouxFalls;SiouxFalls;True;False;1e-05;6000;1;2;20;50;200;-5;50;1.0;5;55;50;10;10;16;1336;1336
12306541;337;g_000;1;1;38;line_consecutive;0.5;1337;8;33;12-13;12;49467.83999999943;49467.84;49467.84;49467.83999999999;5.675246939063071e-10;0.0;-7.275957614183426e-12;eev,integrated,separated,ws;lintim;SiouxFalls;SiouxFalls;True;False;1e-05;6000;1;2;20;50;200;-5;50;1.0;5;55;50;10;10;16;1337;1337
12306541;338;g_000;1;1;38;line_consecutive;0.5;1338;8;34;1-2;12;49467.83999999999;49467.84;49467.84;49467.83999999999;7.275957614183426e-12;0.0;-7.275957614183426e-12;eev,integrated,separated,ws;lintim;SiouxFalls;SiouxFalls;True;False;1e-05;6000;1;2;20;50;200;-5;50;1.0;5;55;50;10;10;16;1338;1338
12306541;339;g_000;1;1;38;line_consecutive;0.5;1339;8;35;21-22;13;49510.46399999849;49521.12;50177.152;50177.152;10.656000001516077;656.0319999999992;656.0319999999992;eev,integrated,separated,ws;lintim;SiouxFalls;SiouxFalls;True;False;1e-05;6000;1;2;20;50;200;-5;50;1.0;5;55;50;10;10;16;1339;1339
12306541;340;g_000;1;1;38;line_consecutive;0.5;1340;8;36;14-15;14;49507.55199999875;49517.479999998686;50090.09599999999;50090.09599999999;9.9279999999344;572.6160000013042;572.6160000013042;eev,integrated,separated,ws;lintim;SiouxFalls;SiouxFalls;True;False;1e-05;6000;1;2;20;50;200;-5;50;1.0;5;55;50;10;10;16;1340;1340
12306541;341;g_000;1;1;38;line_consecutive;0.5;1341;8;37;10-17;14;49507.55199999937;49517.47999999999;50090.096;50090.09599999999;9.92800000061834;572.6160000000091;572.6160000000018;eev,integrated,separated,ws;lintim;SiouxFalls;SiouxFalls;True;False;1e-05;6000;1;2;20;50;200;-5;50;1.0;5;55;50;10;10;16;1341;1341
